Customer_ID,Gender,Age,Married,State,Number_of_Referrals,Tenure_in_Months,Value_Deal,Phone_Service,Multiple_Lines,Internet_Service,Internet_Type,Online_Security,Online_Backup,Device_Protection_Plan,Premium_Support,Streaming_TV,Streaming_Movies,Streaming_Music,Unlimited_Data,Contract,Paperless_Billing,Payment_Method,Monthly_Charge,Total_Charges,Total_Refunds,Total_Extra_Data_Charges,Total_Long_Distance_Charges,Total_Revenue,Customer_Status,Churn_Category,Churn_Reason,churn_flag,Age_Group,Tenure_Group,Customer_Lifecycle,Revenue_Per_Month,Total_Extra_Charges,Net_Revenue,Charge_Revenue_Ratio,Revenue_to_Charge_Ratio,Referral_Group,Has_Referral,Service_Count,Streaming_Service_Count,Protection_Service_Count,Has_Phone_Service,Has_Multiple_Lines,Is_Long_Term_Contract,Has_Internet,Has_Online_Security,Is_Automatic_Payment,Is_Paperless,Has_Value_Deal,Average_Charge_Per_Month,Charge_Difference,Refund_Rate,Extra_Charge_Ratio,Revenue_Segment,Age_MonthlyCharge_Interaction,Churn_Status_Predicted,Churn_Prediction
25063-WES,Male,51,No,West Bengal,4,35,Deal 5,Yes,No,Yes,Fiber Optic,No,No,Yes,No,No,No,No,Yes,Month-to-Month,Yes,Bank Withdrawal,73.9,280.85,0.0,0,134.6,415.45,Churned,Competitor,Competitor had better devices,1,Senior,25-48 Months,Established,11.87,134.6,415.45,0.1778794078709833,5.621786197564275,Medium,1,3,0,1,1,0,0,1,0,0,1,0,8.024285714285716,65.8757142857143,0.0,0.3239860392345649,Low Value,3768.9,1,Churned
59787-KAR,Male,79,No,Karnataka,3,21,Deal 4,Yes,No,Yes,Fiber Optic,No,Yes,Yes,No,Yes,Yes,No,Yes,Month-to-Month,Yes,Bank Withdrawal,98.0,1237.85,0.0,0,361.66,1599.51,Churned,Dissatisfaction,Product dissatisfaction,1,Elder,13-24 Months,Growing,76.16714285714286,361.66,1599.51,0.0612687635588398,16.3215306122449,Medium,1,6,2,2,1,0,0,1,0,0,1,0,58.94523809523809,39.05476190476191,0.0,0.2261067451907146,Medium Value,7742.0,1,Churned
28544-TAM,Female,80,No,Tamil Nadu,3,8,NO DEAL,Yes,No,Yes,Fiber Optic,No,No,No,Yes,Yes,No,No,Yes,Month-to-Month,Yes,Credit Card,83.9,267.4,0.0,0,22.14,289.54,Churned,Dissatisfaction,Network reliability,1,Elder,7-12 Months,Growing,36.1925,22.14,289.54,0.2897699799682254,3.4510131108462456,Medium,1,4,1,1,1,0,0,1,0,0,1,0,33.425,50.47500000000001,0.0,0.0764661186709953,Low Value,6712.0,1,Churned
13717-UTT,Male,56,Yes,Uttar Pradesh,15,26,NO DEAL,Yes,No,Yes,Fiber Optic,No,No,No,No,No,No,No,Yes,Month-to-Month,Yes,Bank Withdrawal,68.95,351.5,0.0,0,93.25,444.75,Stayed,Others,Others,0,Senior,25-48 Months,Established,17.10576923076923,93.25,444.75,0.1550309162450815,6.45032632342277,High,1,2,0,0,1,0,0,1,0,0,1,0,13.51923076923077,55.43076923076923,0.0,0.2096683530073075,Low Value,3861.2,1,Churned
93520-GUJ,Female,67,No,Gujarat,13,19,Deal 5,Yes,Yes,Yes,Fiber Optic,No,No,No,No,No,No,No,Yes,One Year,Yes,Bank Withdrawal,72.1,72.1,0.0,0,7.77,79.87,Joined,Others,Others,0,Elder,13-24 Months,Growing,4.203684210526316,7.77,79.87,0.9027169149868536,1.1077669902912624,High,1,3,0,0,1,1,1,1,0,0,1,0,3.794736842105263,68.30526315789473,0.0,0.0972830850131463,Low Value,4830.7,1,Churned
73360-AND,Female,74,No,Andhra Pradesh,0,30,NO DEAL,Yes,No,Yes,DSL,Yes,No,Yes,No,No,Yes,No,Yes,One Year,No,Credit Card,62.7,2791.5,0.0,0,480.15,3271.65,Churned,Dissatisfaction,Limited range of services,1,Elder,25-48 Months,Established,109.055,480.15,3271.65,0.0191646416945577,52.17942583732057,No Referral,0,5,1,2,1,0,1,1,1,0,0,0,93.05,-30.349999999999994,0.0,0.1467608087662188,High Value,4639.8,1,Churned
36756-MAD,Male,64,Yes,Madhya Pradesh,15,33,NO DEAL,No,No,Yes,Cable,No,No,No,No,No,No,No,Yes,Month-to-Month,Yes,Bank Withdrawal,25.1,25.1,0.0,0,0.0,25.1,Churned,Competitor,Competitor made better offer,1,Elder,25-48 Months,Established,0.7606060606060606,0.0,25.1,1.0,1.0,High,1,1,0,0,0,0,0,1,0,0,1,0,0.7606060606060606,24.33939393939394,0.0,0.0,Low Value,1606.4,1,Churned
87346-MAD,Female,29,Yes,Madhya Pradesh,12,20,NO DEAL,Yes,Yes,Yes,Fiber Optic,No,Yes,Yes,No,Yes,No,No,Yes,Month-to-Month,No,Bank Withdrawal,94.1,1215.6,0.0,0,566.28,1781.88,Churned,Other,Don't know,1,Young Adult,13-24 Months,Growing,89.09400000000001,566.28,1781.88,0.0528093923272049,18.936025504782148,High,1,6,1,2,1,1,0,1,0,0,0,0,60.78,33.32,0.0,0.3177991783958515,Medium Value,2728.9,1,Churned
57256-BIH,Female,18,No,Bihar,9,7,NO DEAL,Yes,No,No,No Type,No,No,No,No,No,No,No,No,Month-to-Month,No,Credit Card,19.85,57.2,0.0,0,9.36,66.56,Joined,Others,Others,0,Teen,7-12 Months,Growing,9.508571428571427,9.36,66.56,0.2982271634615385,3.353148614609572,High,1,1,0,0,1,0,0,0,0,0,0,0,8.171428571428573,11.678571428571429,0.0,0.140625,Low Value,357.3,1,Churned
65431-CHH,Female,31,No,Chhattisgarh,12,24,Deal 5,Yes,No,No,No Type,No,No,No,No,No,No,No,No,Month-to-Month,No,Credit Card,20.35,76.35,0.0,0,49.72,126.07,Churned,Price,Long distance charges,1,Middle Age,13-24 Months,Growing,5.252916666666667,49.72,126.07,0.1614182596969937,6.195085995085995,High,1,1,0,0,1,0,0,0,0,0,0,0,3.18125,17.168750000000003,0.0,0.394384072340763,Low Value,630.85,1,Churned
13829-PUN,Female,34,Yes,Punjab,12,26,NO DEAL,No,No,Yes,DSL,Yes,No,No,No,No,No,No,Yes,Month-to-Month,No,Bank Withdrawal,30.5,30.5,0.0,0,0.0,30.5,Churned,Attitude,Attitude of service provider,1,Middle Age,25-48 Months,Established,1.1730769230769231,0.0,30.5,1.0,1.0,High,1,2,0,1,0,0,0,1,1,0,0,0,1.1730769230769231,29.32692307692308,0.0,0.0,Low Value,1037.0,1,Churned
73036-JAM,Female,66,Yes,Jammu & Kashmir,10,21,NO DEAL,Yes,No,Yes,DSL,Yes,No,No,No,No,No,No,Yes,Month-to-Month,Yes,Bank Withdrawal,49.25,91.1,0.0,0,87.98,179.08,Churned,Competitor,Competitor made better offer,1,Elder,13-24 Months,Growing,8.527619047619048,87.98,179.08,0.2750167522894795,3.636142131979696,High,1,3,0,1,1,0,0,1,1,0,1,0,4.338095238095238,44.911904761904765,0.0,0.4912888094706276,Low Value,3250.5,1,Churned
72357-MAD,Female,53,No,Madhya Pradesh,14,12,Deal 5,Yes,No,Yes,DSL,No,No,No,No,No,No,No,Yes,Month-to-Month,Yes,Credit Card,44.3,44.3,0.0,0,42.95,87.25,Joined,Others,Others,0,Senior,7-12 Months,Growing,7.270833333333333,42.95,87.25,0.5077363896848137,1.969525959367946,High,1,2,0,0,1,0,0,1,0,0,1,0,3.6916666666666655,40.60833333333333,0.0,0.4922636103151863,Low Value,2347.9,1,Churned
36405-CHH,Male,47,No,Chhattisgarh,9,26,NO DEAL,Yes,Yes,Yes,Fiber Optic,No,Yes,Yes,No,Yes,Yes,Yes,Yes,Month-to-Month,Yes,Credit Card,104.5,4036.85,0.0,0,1507.6,5544.45,Churned,Competitor,Competitor had better devices,1,Senior,25-48 Months,Established,213.24807692307687,1507.6,5544.45,0.0188476765053341,53.05693779904306,High,1,8,3,2,1,1,0,1,0,0,1,0,155.26346153846154,-50.76346153846154,0.0,0.2719115511908304,Very High Value,4911.5,1,Churned
22439-RAJ,Female,73,Yes,Rajasthan,4,1,Deal 4,Yes,No,Yes,Fiber Optic,No,Yes,No,No,Yes,Yes,No,No,Month-to-Month,Yes,Bank Withdrawal,95.0,1120.3,0.0,120,127.49,1367.79,Churned,Dissatisfaction,Product dissatisfaction,1,Elder,0-6 Months,New,1367.79,247.49,1367.79,0.069455106412534,14.39778947368421,Medium,1,4,2,1,1,0,0,1,0,0,1,0,1120.3,-1025.3,0.0,0.1809415188004006,Medium Value,6935.0,1,Churned
69173-TAM,Male,27,No,Tamil Nadu,9,27,Deal 5,Yes,No,No,No Type,No,No,No,No,No,No,No,No,Month-to-Month,Yes,Bank Withdrawal,19.85,19.85,0.0,0,31.77,51.62,Churned,Attitude,Attitude of support person,1,Young Adult,25-48 Months,Established,1.911851851851852,31.77,51.62,0.384540875629601,2.600503778337531,High,1,1,0,0,1,0,0,0,0,0,1,0,0.7351851851851853,19.114814814814817,0.0,0.6154591243703991,Low Value,535.95,1,Churned
22286-HAR,Female,54,Yes,Haryana,6,36,NO DEAL,Yes,Yes,Yes,Fiber Optic,No,No,Yes,No,Yes,Yes,Yes,Yes,Month-to-Month,Yes,Bank Withdrawal,99.75,99.75,0.0,0,40.71,140.46,Churned,Competitor,Competitor had better devices,1,Senior,25-48 Months,Established,3.901666666666667,40.71,140.46,0.7101665954720204,1.40812030075188,High,1,7,3,1,1,1,0,1,0,0,1,0,2.770833333333333,96.97916666666669,0.0,0.2898334045279795,Low Value,5386.5,1,Churned
25964-HAR,Male,66,Yes,Haryana,10,1,Deal 2,Yes,Yes,Yes,Cable,Yes,No,Yes,Yes,Yes,Yes,Yes,Yes,One Year,No,Bank Withdrawal,84.35,4059.35,0.0,0,1937.95,5997.3,Churned,Competitor,Competitor offered higher download speeds,1,Elder,0-6 Months,New,5997.3,1937.95,5997.3,0.0140646624314274,71.1001778304683,High,1,9,3,3,1,1,1,1,1,0,0,0,4059.35,-3975.0,0.0,0.323137078351925,Very High Value,5567.099999999999,1,Churned
31698-PUN,Female,20,Yes,Punjab,15,1,NO DEAL,Yes,Yes,Yes,Fiber Optic,No,Yes,Yes,Yes,Yes,Yes,Yes,No,Month-to-Month,Yes,Bank Withdrawal,111.2,2317.1,0.0,120,761.46,3198.56,Churned,Attitude,Attitude of service provider,1,Young Adult,0-6 Months,New,3198.56,881.46,3198.56,0.034765644540043,28.764028776978417,High,1,8,3,3,1,1,0,1,0,0,1,0,2317.1,-2205.9,0.0,0.2755802611175029,High Value,2224.0,1,Churned
76182-UTT,Male,47,No,Uttar Pradesh,7,10,NO DEAL,No,No,Yes,DSL,Yes,Yes,Yes,No,No,No,No,Yes,Month-to-Month,No,Bank Withdrawal,40.2,1448.8,0.0,0,0.0,1448.8,Churned,Competitor,Competitor offered more data,1,Senior,7-12 Months,Growing,144.88,0.0,1448.8,0.0277471010491441,36.03980099502487,High,1,4,0,3,0,0,0,1,1,0,0,0,144.88,-104.68,0.0,0.0,Medium Value,1889.4,1,Churned
69444-JAM,Female,31,Yes,Jammu & Kashmir,5,10,NO DEAL,Yes,Yes,Yes,Fiber Optic,No,No,No,No,No,No,Yes,Yes,Month-to-Month,Yes,Bank Withdrawal,73.85,511.25,13.03,0,200.34,698.56,Churned,Competitor,Competitor made better offer,1,Middle Age,7-12 Months,Growing,69.856,200.34,685.53,0.1057174759505268,9.459174001354096,Medium,1,4,1,0,1,1,0,1,0,0,1,0,51.125,22.724999999999994,0.0254865525672371,0.2867899679340357,Medium Value,2289.35,1,Churned
66612-TEL,Female,38,Yes,Telangana,8,27,Deal 4,Yes,No,Yes,Fiber Optic,No,No,Yes,Yes,Yes,Yes,Yes,Yes,Month-to-Month,Yes,Bank Withdrawal,101.35,1553.95,0.0,0,688.8,2242.75,Churned,Attitude,Attitude of service provider,1,Middle Age,25-48 Months,Established,83.06481481481481,688.8,2242.75,0.0451900568498495,22.128761716822893,High,1,7,3,2,1,0,0,1,0,0,1,0,57.5537037037037,43.79629629629629,0.0,0.307122951733363,High Value,3851.3,1,Churned
93739-UTT,Female,44,No,Uttar Pradesh,14,6,NO DEAL,Yes,No,Yes,Fiber Optic,Yes,Yes,No,Yes,No,No,No,Yes,Month-to-Month,Yes,Bank Withdrawal,86.25,181.65,0.0,0,73.62,255.27,Churned,Competitor,Competitor offered higher download speeds,1,Middle Age,0-6 Months,New,42.545,73.62,255.27,0.3378775414267246,2.959652173913044,High,1,5,0,3,1,0,0,1,1,0,1,0,30.275,55.975,0.0,0.2884005170995417,Low Value,3795.0,1,Churned
19096-WES,Female,58,Yes,West Bengal,14,28,Deal 4,Yes,Yes,Yes,Fiber Optic,No,Yes,No,No,Yes,No,No,Yes,Month-to-Month,Yes,Bank Withdrawal,89.75,1052.4,0.0,0,172.56,1224.96,Churned,Attitude,Attitude of support person,1,Senior,25-48 Months,Established,43.74857142857143,172.56,1224.96,0.073267698537095,13.64857938718663,High,1,5,1,1,1,1,0,1,0,0,1,0,37.58571428571429,52.16428571428571,0.0,0.1408699059561128,Medium Value,5205.5,1,Churned
46624-WES,Female,26,Yes,West Bengal,13,27,Deal 5,Yes,Yes,Yes,Fiber Optic,No,Yes,No,No,No,No,No,Yes,Month-to-Month,Yes,Mailed Check,80.2,80.2,0.0,0,1.23,81.43,Churned,Price,Lack of affordable download/upload speed,1,Young Adult,25-48 Months,Established,3.0159259259259263,1.23,81.43,0.9848950018420728,1.0153366583541148,High,1,4,0,1,1,1,0,1,0,0,1,0,2.9703703703703703,77.22962962962963,0.0,0.015104998157927,Low Value,2085.2000000000003,1,Churned
14078-MAH,Female,28,Yes,Maharashtra,6,18,Deal 5,Yes,No,No,No Type,No,No,No,No,No,No,No,No,Month-to-Month,No,Credit Card,19.85,63.75,0.0,0,77.25,141.0,Churned,Price,Long distance charges,1,Young Adult,13-24 Months,Growing,7.833333333333333,77.25,141.0,0.1407801418439716,7.103274559193954,High,1,1,0,0,1,0,0,0,0,0,0,0,3.5416666666666665,16.308333333333334,0.0,0.5478723404255319,Low Value,555.8000000000001,1,Churned
68369-UTT,Female,76,No,Uttar Pradesh,6,12,NO DEAL,Yes,Yes,Yes,Fiber Optic,No,No,No,Yes,Yes,Yes,Yes,Yes,Month-to-Month,Yes,Bank Withdrawal,101.25,3949.15,0.0,0,785.85,4735.0,Stayed,Others,Others,0,Elder,7-12 Months,Growing,394.5833333333333,785.85,4735.0,0.0213833157338965,46.76543209876543,High,1,7,3,1,1,1,0,1,0,0,1,0,329.09583333333336,-227.84583333333336,0.0,0.1659662090813094,High Value,7695.0,1,Churned
91027-CHH,Male,42,No,Chhattisgarh,4,20,NO DEAL,Yes,Yes,Yes,Fiber Optic,No,No,No,No,Yes,Yes,Yes,Yes,Month-to-Month,Yes,Bank Withdrawal,94.7,2362.1,0.0,0,872.0,3234.1,Churned,Competitor,Competitor had better devices,1,Middle Age,13-24 Months,Growing,161.70499999999998,872.0,3234.1,0.0292817167063479,34.15100316789862,Medium,1,6,3,0,1,1,0,1,0,0,1,0,118.105,-23.404999999999987,0.0,0.2696267895241334,High Value,3977.4,1,Churned
85993-KAR,Female,42,Yes,Karnataka,11,1,Deal 5,Yes,No,Yes,Fiber Optic,No,No,No,No,No,No,No,Yes,Month-to-Month,No,Mailed Check,70.9,70.9,0.0,0,39.81,110.71,Churned,Competitor,Competitor had better devices,1,Middle Age,0-6 Months,New,110.71,39.81,110.71,0.6404118869117515,1.5614950634696754,High,1,2,0,0,1,0,0,1,0,0,0,0,70.9,0.0,0.0,0.3595881130882486,Low Value,2977.8,1,Churned
66612-KAR,Female,58,Yes,Karnataka,11,18,NO DEAL,Yes,No,No,No Type,No,No,No,No,No,No,No,No,Month-to-Month,No,Credit Card,19.95,58.0,0.0,0,8.07,66.07,Joined,Others,Others,0,Senior,13-24 Months,Growing,3.670555555555555,8.07,66.07,0.3019524746481005,3.3117794486215537,High,1,1,0,0,1,0,0,0,0,0,0,0,3.2222222222222223,16.727777777777778,0.0,0.122143181474194,Low Value,1157.1,1,Churned
22119-WES,Male,31,Yes,West Bengal,5,5,NO DEAL,Yes,No,No,No Type,No,No,No,No,No,No,No,No,Month-to-Month,No,Credit Card,20.05,33.7,0.0,0,3.62,37.32,Joined,Others,Others,0,Middle Age,0-6 Months,New,7.464,3.62,37.32,0.5372454448017149,1.8613466334164588,Medium,1,1,0,0,1,0,0,0,0,0,0,0,6.74,13.31,0.0,0.0969989281886388,Low Value,621.5500000000001,1,Churned
53287-MAH,Female,69,Yes,Maharashtra,3,7,NO DEAL,Yes,No,Yes,Fiber Optic,Yes,Yes,No,Yes,Yes,Yes,Yes,Yes,One Year,Yes,Credit Card,105.5,6205.5,0.0,0,982.52,7188.02,Churned,Attitude,Attitude of support person,1,Elder,7-12 Months,Growing,1026.86,982.52,7188.02,0.014677199006124,68.13289099526067,Medium,1,8,3,3,1,0,1,1,1,0,1,0,886.5,-781.0,0.0,0.1366885456634789,Very High Value,7279.5,1,Churned
21811-CHH,Male,29,No,Chhattisgarh,13,7,Deal 4,Yes,Yes,Yes,Fiber Optic,No,No,No,No,No,Yes,Yes,No,Month-to-Month,Yes,Bank Withdrawal,85.25,855.3,0.0,100,20.2,975.5,Churned,Competitor,Competitor offered more data,1,Young Adult,7-12 Months,Growing,139.35714285714286,120.2,975.5,0.0873910814966683,11.442815249266864,High,1,4,2,0,1,1,0,1,0,0,1,0,122.18571428571428,-36.93571428571428,0.0,0.1232188621219887,Medium Value,2472.25,1,Churned
32681-MAH,Female,83,Yes,Maharashtra,3,1,NO DEAL,Yes,Yes,Yes,Fiber Optic,No,No,No,No,No,Yes,No,Yes,Month-to-Month,Yes,Bank Withdrawal,84.35,474.9,0.0,0,172.26,647.16,Churned,Other,Deceased,1,Elder,0-6 Months,New,647.16,172.26,647.16,0.1303387106743309,7.672317723770006,Medium,1,4,1,0,1,1,0,1,0,0,1,0,474.9,-390.55,0.0,0.2661783793806787,Medium Value,7001.049999999999,1,Churned
53535-ASS,Female,28,No,Assam,11,10,Deal 1,Yes,Yes,Yes,Fiber Optic,Yes,Yes,Yes,Yes,Yes,Yes,Yes,Yes,One Year,No,Credit Card,115.55,8127.6,0.0,0,714.7,8842.3,Churned,Dissatisfaction,Network reliability,1,Young Adult,7-12 Months,Growing,884.2299999999999,714.7,8842.3,0.013067866957692,76.5235828645608,High,1,10,3,4,1,1,1,1,1,0,0,0,812.76,-697.21,0.0,0.0808273865397012,Very High Value,3235.4,1,Churned
39219-KAR,Female,58,Yes,Karnataka,6,35,Deal 3,Yes,Yes,No,No Type,No,No,No,No,No,No,No,No,One Year,No,Bank Withdrawal,25.3,676.35,0.0,0,139.25,815.6,Churned,Price,Long distance charges,1,Senior,25-48 Months,Established,23.302857142857142,139.25,815.6,0.0310201078960274,32.237154150197625,High,1,2,0,0,1,1,1,0,0,0,0,0,19.324285714285715,5.975714285714286,0.0,0.1707332025502697,Medium Value,1467.4,1,Churned
47612-AND,Female,58,Yes,Andhra Pradesh,10,35,NO DEAL,Yes,No,Yes,Fiber Optic,Yes,No,Yes,Yes,Yes,Yes,Yes,Yes,Month-to-Month,No,Bank Withdrawal,105.1,1582.75,0.0,0,335.85,1918.6,Churned,Competitor,Competitor made better offer,1,Senior,25-48 Months,Established,54.817142857142855,335.85,1918.6,0.0547795267382466,18.25499524262607,High,1,8,3,3,1,0,0,1,1,0,0,0,45.22142857142857,59.87857142857143,0.0,0.1750495152715522,Medium Value,6095.799999999999,1,Churned
62148-JAM,Male,21,Yes,Jammu & Kashmir,1,1,Deal 5,Yes,Yes,Yes,Fiber Optic,No,Yes,Yes,No,No,No,Yes,Yes,Month-to-Month,Yes,Bank Withdrawal,84.8,371.9,0.0,0,115.08,486.98,Churned,Competitor,Competitor made better offer,1,Young Adult,0-6 Months,New,486.98,115.08,486.98,0.1741344613741837,5.742688679245283,Low,1,6,1,2,1,1,0,1,0,0,1,0,371.9,-287.1,0.0,0.2363136063082672,Low Value,1780.8,1,Churned
31049-TAM,Female,61,No,Tamil Nadu,7,8,Deal 5,Yes,No,Yes,Fiber Optic,No,No,Yes,No,No,Yes,Yes,Yes,Month-to-Month,Yes,Bank Withdrawal,85.85,167.3,0.0,0,28.28,195.58,Churned,Competitor,Competitor made better offer,1,Elder,7-12 Months,Growing,24.4475,28.28,195.58,0.4389508129665609,2.278159580663949,High,1,5,2,1,1,0,0,1,0,0,1,0,20.9125,64.9375,0.0,0.1445955619183965,Low Value,5236.849999999999,1,Churned
74023-JAM,Female,20,Yes,Jammu & Kashmir,6,11,NO DEAL,Yes,Yes,Yes,Cable,No,No,No,No,No,No,Yes,Yes,Month-to-Month,No,Bank Withdrawal,47.15,223.15,0.0,0,110.05,333.2,Churned,Competitor,Competitor made better offer,1,Young Adult,7-12 Months,Growing,30.29090909090909,110.05,333.2,0.1415066026410564,7.066808059384941,High,1,4,1,0,1,1,0,1,0,0,0,0,20.286363636363635,26.863636363636363,0.0,0.330282112845138,Low Value,943.0,1,Churned
66712-GUJ,Female,47,Yes,Gujarat,6,33,Deal 5,Yes,No,Yes,Fiber Optic,No,Yes,No,No,No,Yes,Yes,Yes,Month-to-Month,No,Bank Withdrawal,84.3,235.05,0.0,0,41.16,276.21,Joined,Others,Others,0,Senior,25-48 Months,Established,8.37,41.16,276.21,0.3052025632670794,3.276512455516014,High,1,5,2,1,1,0,0,1,0,0,0,0,7.122727272727273,77.17727272727272,0.0,0.1490170522428587,Low Value,3962.1,1,Churned
32554-DEL,Male,28,No,Delhi,0,21,NO DEAL,Yes,No,Yes,Fiber Optic,No,No,No,Yes,No,No,No,Yes,Month-to-Month,Yes,Bank Withdrawal,75.9,75.9,0.0,0,44.56,120.46,Churned,Competitor,Competitor made better offer,1,Young Adult,13-24 Months,Growing,5.736190476190476,44.56,120.46,0.6300846754109248,1.5870882740447956,No Referral,0,3,0,1,1,0,0,1,0,0,1,0,3.6142857142857143,72.28571428571429,0.0,0.3699153245890752,Low Value,2125.2000000000003,1,Churned
65631-RAJ,Female,50,No,Rajasthan,15,7,Deal 5,Yes,No,Yes,Fiber Optic,No,No,Yes,No,Yes,No,No,Yes,Month-to-Month,Yes,Credit Card,85.55,85.55,0.0,0,33.34,118.89,Churned,Other,Moved,1,Senior,7-12 Months,Growing,16.984285714285715,33.34,118.89,0.7195727142736984,1.3897136177673874,High,1,4,1,1,1,0,0,1,0,0,1,0,12.221428571428572,73.32857142857142,0.0,0.2804272857263016,Low Value,4277.5,1,Churned
86508-UTT,Male,50,No,Uttar Pradesh,8,7,NO DEAL,Yes,Yes,Yes,Fiber Optic,No,No,No,No,Yes,Yes,Yes,Yes,Month-to-Month,Yes,Bank Withdrawal,93.35,1444.65,0.0,0,733.95,2178.6,Churned,Competitor,Competitor had better devices,1,Senior,7-12 Months,Growing,311.2285714285714,733.95,2178.6,0.0428486183787753,23.337975361542583,High,1,6,3,0,1,1,0,1,0,0,1,0,206.37857142857143,-113.02857142857144,0.0,0.3368906637290003,High Value,4667.5,1,Churned
53815-BIH,Female,36,No,Bihar,2,4,NO DEAL,Yes,No,No,No Type,No,No,No,No,No,No,No,No,Month-to-Month,No,Credit Card,19.7,19.7,0.0,0,34.28,53.98,Joined,Others,Others,0,Middle Age,0-6 Months,New,13.495,34.28,53.98,0.3649499814746202,2.7401015228426395,Low,1,1,0,0,1,0,0,0,0,0,0,0,4.925,14.775,0.0,0.6350500185253798,Low Value,709.1999999999999,1,Churned
34110-MAH,Female,20,Yes,Maharashtra,6,3,NO DEAL,Yes,Yes,Yes,Cable,No,No,No,No,No,No,No,Yes,Month-to-Month,Yes,Bank Withdrawal,50.1,50.1,0.0,0,29.13,79.23,Joined,Others,Others,0,Young Adult,0-6 Months,New,26.41,29.13,79.23,0.6323362362741386,1.581437125748503,High,1,3,0,0,1,1,0,1,0,0,1,0,16.7,33.400000000000006,0.0,0.3676637637258614,Low Value,1002.0,1,Churned
81184-BIH,Male,60,No,Bihar,9,36,Deal 3,Yes,No,Yes,Fiber Optic,No,No,No,No,No,Yes,Yes,Yes,Month-to-Month,Yes,Bank Withdrawal,81.05,2227.1,0.0,0,471.8,2698.9,Churned,Competitor,Competitor had better devices,1,Senior,25-48 Months,Established,74.96944444444445,471.8,2698.9,0.0300307532698506,33.29919802590994,High,1,4,2,0,1,0,0,1,0,0,1,0,61.86388888888889,19.18611111111111,0.0,0.1748119604283226,High Value,4863.0,1,Churned
73571-DEL,Male,77,No,Delhi,14,20,NO DEAL,Yes,No,Yes,Cable,Yes,No,No,No,No,No,No,Yes,Month-to-Month,Yes,Bank Withdrawal,75.2,1929.35,0.0,0,189.54,2118.89,Churned,Attitude,Attitude of support person,1,Elder,13-24 Months,Growing,105.9445,189.54,2118.89,0.0354902802882641,28.176728723404253,High,1,3,0,1,1,0,0,1,1,0,1,0,96.4675,-21.2675,0.0,0.0894524963542232,High Value,5790.400000000001,1,Churned
12056-WES,Male,27,No,West Bengal,2,20,NO DEAL,Yes,No,Yes,Fiber Optic,No,Yes,Yes,No,No,Yes,Yes,Yes,Month-to-Month,No,Bank Withdrawal,90.4,268.45,0.0,0,94.44,362.89,Joined,Others,Others,0,Young Adult,13-24 Months,Growing,18.1445,94.44,362.89,0.24911130094519,4.0142699115044245,Low,1,6,2,2,1,0,0,1,0,0,0,0,13.4225,76.9775,0.0,0.2602441511201742,Low Value,2440.8,1,Churned
73101-JAM,Male,21,Yes,Jammu & Kashmir,4,3,Deal 5,Yes,Yes,Yes,Cable,No,No,No,No,Yes,No,Yes,Yes,Month-to-Month,Yes,Bank Withdrawal,85.65,181.5,0.0,0,80.86,262.36,Churned,Competitor,Competitor made better offer,1,Young Adult,0-6 Months,New,87.45333333333333,80.86,262.36,0.3264598261930172,3.063164039696439,Medium,1,5,2,0,1,1,0,1,0,0,1,0,60.5,25.15000000000001,0.0,0.3082024698887025,Low Value,1798.65,1,Churned
84766-UTT,Female,53,No,Uttar Pradesh,9,2,NO DEAL,Yes,No,Yes,Cable,No,No,Yes,Yes,Yes,Yes,Yes,Yes,Month-to-Month,Yes,Credit Card,72.9,651.4,0.0,0,319.41,970.81,Churned,Competitor,Competitor made better offer,1,Senior,0-6 Months,New,485.405,319.41,970.81,0.0750919335400335,13.317009602194783,High,1,7,3,2,1,0,0,1,0,0,1,0,325.7,-252.8,0.0,0.3290139162142953,Medium Value,3863.7,1,Churned
57610-JAM,Female,79,No,Jammu & Kashmir,2,24,Deal 3,Yes,Yes,Yes,Fiber Optic,No,No,No,No,No,No,No,Yes,Month-to-Month,Yes,Bank Withdrawal,74.9,2303.35,0.0,0,1514.88,3818.23,Churned,Attitude,Attitude of support person,1,Elder,13-24 Months,Growing,159.09291666666667,1514.88,3818.23,0.0196164191261396,50.97770360480641,Low,1,3,0,0,1,1,0,1,0,0,1,0,95.97291666666666,-21.072916666666657,0.0,0.3967492791162397,High Value,5917.1,1,Churned
57568-KER,Female,39,No,Kerala,14,15,Deal 5,Yes,No,No,No Type,No,No,No,No,No,No,No,No,Month-to-Month,No,Bank Withdrawal,19.75,58.85,0.0,0,73.89,132.74,Churned,Attitude,Attitude of support person,1,Middle Age,13-24 Months,Growing,8.849333333333334,73.89,132.74,0.1487871026065993,6.721012658227848,High,1,1,0,0,1,0,0,0,0,0,0,0,3.923333333333333,15.826666666666666,0.0,0.5566521018532469,Low Value,770.25,1,Churned
78121-MAH,Male,33,Yes,Maharashtra,0,17,Deal 5,Yes,No,No,No Type,No,No,No,No,No,No,No,No,Month-to-Month,No,Credit Card,21.05,113.85,0.0,0,171.3,285.15,Churned,Attitude,Attitude of support person,1,Middle Age,13-24 Months,Growing,16.773529411764706,171.3,285.15,0.0738207960722426,13.54631828978622,No Referral,0,1,0,0,1,0,0,0,0,0,0,0,6.697058823529411,14.35294117647059,0.0,0.6007364544976329,Low Value,694.65,1,Churned
99322-HAR,Female,34,Yes,Haryana,11,10,NO DEAL,Yes,Yes,Yes,Fiber Optic,No,Yes,Yes,No,Yes,Yes,Yes,Yes,Month-to-Month,Yes,Bank Withdrawal,103.7,5036.3,0.0,0,2172.17,7208.47,Churned,Competitor,Competitor had better devices,1,Middle Age,7-12 Months,Growing,720.847,2172.17,7208.47,0.0143858544184827,69.51272902603664,High,1,8,3,2,1,1,0,1,0,0,1,0,503.63,-399.93,0.0,0.3013357897029466,Very High Value,3525.8,1,Churned
84842-KER,Female,61,Yes,Kerala,9,20,NO DEAL,Yes,Yes,Yes,Fiber Optic,No,No,No,No,Yes,Yes,Yes,Yes,Month-to-Month,Yes,Bank Withdrawal,95.45,95.45,0.0,0,5.59,101.04,Churned,Competitor,Competitor had better devices,1,Elder,13-24 Months,Growing,5.0520000000000005,5.59,101.04,0.9446753760886776,1.058564693556836,High,1,6,3,0,1,1,0,1,0,0,1,0,4.7725,90.6775,0.0,0.0553246239113222,Low Value,5822.45,1,Churned
67882-JAM,Female,43,Yes,Jammu & Kashmir,2,8,NO DEAL,Yes,No,Yes,Fiber Optic,No,Yes,Yes,No,Yes,Yes,Yes,Yes,Month-to-Month,No,Bank Withdrawal,101.15,842.9,0.0,0,135.04,977.94,Churned,Competitor,Competitor made better offer,1,Middle Age,7-12 Months,Growing,122.2425,135.04,977.94,0.1034317033764852,9.668215521502718,Low,1,7,3,2,1,0,0,1,0,0,0,0,105.3625,-4.212499999999992,0.0,0.1380861811563081,Medium Value,4349.45,1,Churned
46172-ASS,Male,60,Yes,Assam,1,20,NO DEAL,Yes,No,Yes,Fiber Optic,No,No,No,Yes,Yes,Yes,Yes,Yes,Month-to-Month,Yes,Bank Withdrawal,96.1,453.4,0.0,0,155.45,608.85,Churned,Competitor,Competitor made better offer,1,Senior,13-24 Months,Growing,30.442500000000003,155.45,608.85,0.1578385480824505,6.335587929240376,Low,1,6,3,1,1,0,0,1,0,0,1,0,22.67,73.42999999999999,0.0,0.2553174016588651,Medium Value,5766.0,1,Churned
43887-MAH,Female,62,Yes,Maharashtra,4,27,NO DEAL,Yes,Yes,Yes,Fiber Optic,No,Yes,No,No,Yes,Yes,Yes,Yes,Month-to-Month,Yes,Bank Withdrawal,99.15,6010.05,0.0,0,3009.13,9019.18,Churned,Dissatisfaction,Service dissatisfaction,1,Elder,25-48 Months,Established,334.0437037037037,3009.13,9019.18,0.0109932388531995,90.96500252143215,Medium,1,7,3,1,1,1,0,1,0,0,1,0,222.5944444444445,-123.44444444444446,0.0,0.333636760769826,Very High Value,6147.3,1,Churned
87436-TAM,Female,60,Yes,Tamil Nadu,4,26,NO DEAL,Yes,No,Yes,Fiber Optic,No,No,No,No,Yes,Yes,Yes,No,Month-to-Month,Yes,Bank Withdrawal,88.8,2274.35,0.0,50,990.34,3314.69,Churned,Dissatisfaction,Service dissatisfaction,1,Senior,25-48 Months,Established,127.48807692307692,1040.34,3314.69,0.0267898355502324,37.32759009009009,Medium,1,4,3,0,1,0,0,1,0,0,1,0,87.475,1.3250000000000028,0.0,0.3138574044631625,High Value,5328.0,1,Churned
44755-JHA,Female,28,Yes,Jharkhand,9,19,NO DEAL,Yes,No,Yes,Fiber Optic,No,No,No,No,Yes,No,Yes,No,Month-to-Month,Yes,Bank Withdrawal,80.55,80.55,0.0,0,43.67,124.22,Churned,Competitor,Competitor had better devices,1,Young Adult,13-24 Months,Growing,6.537894736842105,43.67,124.22,0.6484463049428433,1.542147734326505,High,1,3,2,0,1,0,0,1,0,0,1,0,4.239473684210526,76.31052631578947,0.0,0.3515536950571566,Low Value,2255.4,1,Churned
82129-JHA,Female,26,No,Jharkhand,9,8,Deal 5,Yes,No,Yes,DSL,No,Yes,No,No,Yes,No,No,Yes,Month-to-Month,Yes,Credit Card,58.7,168.6,0.0,0,34.41,203.01,Joined,Others,Others,0,Young Adult,7-12 Months,Growing,25.37625,34.41,203.01,0.2891483178168563,3.458432708688245,High,1,4,1,1,1,0,0,1,0,0,1,0,21.075,37.625,0.0,0.1694990394561844,Low Value,1526.2,1,Churned
68194-UTT,Female,60,No,Uttar Pradesh,0,23,NO DEAL,Yes,No,Yes,DSL,No,No,No,No,No,No,No,Yes,Month-to-Month,No,Bank Withdrawal,45.35,89.5,0.0,0,50.98,140.48,Churned,Competitor,Competitor had better devices,1,Senior,13-24 Months,Growing,6.107826086956521,50.98,140.48,0.3228217539863326,3.097684674751929,No Referral,0,2,0,0,1,0,0,1,0,0,0,0,3.891304347826087,41.45869565217392,0.0,0.3628986332574032,Low Value,2721.0,1,Churned
18228-AND,Female,32,Yes,Andhra Pradesh,6,21,NO DEAL,Yes,No,Yes,DSL,Yes,No,No,No,No,No,No,Yes,Month-to-Month,Yes,Credit Card,48.55,48.55,0.0,0,11.35,59.9,Churned,Attitude,Attitude of support person,1,Middle Age,13-24 Months,Growing,2.8523809523809525,11.35,59.9,0.8105175292153589,1.2337796086508754,High,1,3,0,1,1,0,0,1,1,0,1,0,2.3119047619047617,46.238095238095234,0.0,0.189482470784641,Low Value,1553.6,1,Churned
13542-UTT,Male,71,Yes,Uttar Pradesh,11,20,NO DEAL,Yes,Yes,Yes,Cable,No,Yes,No,No,Yes,Yes,Yes,Yes,Month-to-Month,Yes,Bank Withdrawal,100.2,6851.65,0.0,0,1450.44,8302.09,Churned,Competitor,Competitor offered more data,1,Elder,13-24 Months,Growing,415.1045,1450.44,8302.09,0.0120692500322208,82.85518962075848,High,1,7,3,1,1,1,0,1,0,0,1,0,342.5825,-242.3825,0.0,0.1747078145382668,Very High Value,7114.2,1,Churned
37338-RAJ,Male,48,Yes,Rajasthan,7,9,NO DEAL,Yes,No,Yes,Fiber Optic,No,No,Yes,No,Yes,Yes,Yes,No,Month-to-Month,Yes,Bank Withdrawal,94.7,740.3,0.0,80,155.92,976.22,Churned,Competitor,Competitor offered more data,1,Senior,7-12 Months,Growing,108.4688888888889,235.92,976.22,0.0970068222326934,10.30855332629356,High,1,5,3,1,1,0,0,1,0,0,1,0,82.25555555555555,12.444444444444455,0.0,0.2416668373932105,Medium Value,4545.6,1,Churned
29172-BIH,Female,39,Yes,Bihar,15,34,NO DEAL,Yes,No,Yes,Fiber Optic,No,No,No,No,No,No,No,Yes,Month-to-Month,Yes,Bank Withdrawal,70.1,70.1,0.0,0,17.37,87.47,Churned,Competitor,Competitor had better devices,1,Middle Age,25-48 Months,Established,2.572647058823529,17.37,87.47,0.8014176289013375,1.2477888730385165,High,1,2,0,0,1,0,0,1,0,0,1,0,2.0617647058823527,68.03823529411764,0.0,0.1985823710986624,Low Value,2733.9,1,Churned
52951-RAJ,Female,39,No,Rajasthan,13,25,NO DEAL,Yes,No,Yes,Fiber Optic,No,Yes,No,Yes,Yes,Yes,Yes,Yes,Month-to-Month,Yes,Bank Withdrawal,97.9,315.3,0.0,0,90.54,405.84,Churned,Price,Price too high,1,Middle Age,25-48 Months,Established,16.2336,90.54,405.84,0.2412280701754386,4.145454545454545,High,1,7,3,2,1,0,0,1,0,0,1,0,12.612,85.28800000000001,0.0,0.2230928444707274,Low Value,3818.1,1,Churned
34205-UTT,Male,50,No,Uttar Pradesh,5,29,Deal 5,Yes,No,Yes,Fiber Optic,No,No,No,No,No,No,No,Yes,Month-to-Month,No,Bank Withdrawal,69.95,330.15,0.0,0,85.4,415.55,Churned,Attitude,Attitude of service provider,1,Senior,25-48 Months,Established,14.329310344827586,85.4,415.55,0.1683311274214896,5.940671908506076,Medium,1,2,0,0,1,0,0,1,0,0,0,0,11.384482758620688,58.56551724137931,0.0,0.2055107688605462,Low Value,3497.5,1,Churned
93684-JAM,Male,82,Yes,Jammu & Kashmir,1,1,Deal 5,Yes,Yes,Yes,Fiber Optic,No,Yes,No,No,No,No,No,Yes,Month-to-Month,Yes,Bank Withdrawal,81.35,233.7,0.0,0,27.66,261.36,Churned,Competitor,Competitor made better offer,1,Elder,0-6 Months,New,261.36,27.66,261.36,0.3112565044383226,3.212784265519361,Low,1,4,0,1,1,1,0,1,0,0,1,0,233.7,-152.35,0.0,0.1058310376492194,Low Value,6670.7,1,Churned
36829-HAR,Female,66,Yes,Haryana,10,28,NO DEAL,Yes,Yes,Yes,Fiber Optic,No,Yes,Yes,No,Yes,Yes,Yes,No,Month-to-Month,Yes,Bank Withdrawal,106.3,4443.45,0.0,130,427.63,5001.08,Churned,Price,Price too high,1,Elder,25-48 Months,Established,178.61,557.63,5001.08,0.0212554088316923,47.04684854186265,High,1,7,3,2,1,1,0,1,0,0,1,0,158.69464285714284,-52.39464285714284,0.0,0.1115019155862333,Very High Value,7015.8,1,Churned
69510-JAM,Female,44,No,Jammu & Kashmir,2,31,NO DEAL,Yes,No,Yes,Fiber Optic,No,No,No,No,Yes,Yes,Yes,Yes,Month-to-Month,No,Bank Withdrawal,89.3,577.6,0.0,0,15.6,593.2,Churned,Other,Don't know,1,Middle Age,25-48 Months,Established,19.135483870967743,15.6,593.2,0.1505394470667565,6.642777155655096,Low,1,5,3,0,1,0,0,1,0,0,0,0,18.63225806451613,70.66774193548386,0.0,0.026298044504383,Low Value,3929.2,1,Churned
41514-UTT,Female,65,No,Uttar Pradesh,1,35,Deal 3,Yes,No,Yes,Fiber Optic,No,No,Yes,Yes,Yes,Yes,No,Yes,Month-to-Month,Yes,Bank Withdrawal,98.9,2911.3,0.0,0,1486.45,4397.75,Churned,Other,Don't know,1,Elder,25-48 Months,Established,125.65,1486.45,4397.75,0.0224887726678415,44.46663296258847,Low,1,6,2,2,1,0,0,1,0,0,1,0,83.18,15.72,0.0,0.3380023875845603,High Value,6428.5,1,Churned
51415-WES,Male,45,Yes,West Bengal,2,21,NO DEAL,Yes,Yes,Yes,Fiber Optic,No,No,No,No,No,Yes,Yes,Yes,Month-to-Month,Yes,Bank Withdrawal,84.9,3067.2,0.0,0,887.76,3954.96,Churned,Attitude,Attitude of service provider,1,Middle Age,13-24 Months,Growing,188.33142857142855,887.76,3954.96,0.0214667152133017,46.58374558303887,Low,1,5,2,0,1,1,0,1,0,0,1,0,146.05714285714285,-61.15714285714285,0.0,0.2244675040961223,High Value,3820.500000000001,1,Churned
39764-UTT,Female,39,Yes,Uttar Pradesh,5,14,NO DEAL,Yes,No,No,No Type,No,No,No,No,No,No,No,No,Month-to-Month,No,Credit Card,19.35,46.35,0.0,0,88.68,135.03,Joined,Others,Others,0,Middle Age,13-24 Months,Growing,9.645,88.68,135.03,0.1433014885580982,6.97829457364341,Medium,1,1,0,0,1,0,0,0,0,0,0,0,3.310714285714286,16.039285714285715,0.0,0.6567429460119973,Low Value,754.6500000000001,1,Churned
29626-WES,Male,67,No,West Bengal,10,22,Deal 5,Yes,No,Yes,DSL,Yes,No,No,No,No,No,No,No,Month-to-Month,No,Bank Withdrawal,50.15,50.15,0.0,50,38.33,138.48,Joined,Others,Others,0,Elder,13-24 Months,Growing,6.294545454545454,88.33,138.48,0.3621461582900058,2.7613160518444664,High,1,2,0,1,1,0,0,1,1,0,0,0,2.2795454545454543,47.87045454545454,0.0,0.6378538417099943,Low Value,3360.05,1,Churned
47133-ODI,Female,60,Yes,Odisha,15,8,NO DEAL,Yes,No,Yes,Cable,No,No,No,No,No,No,No,Yes,Month-to-Month,No,Bank Withdrawal,44.6,122.7,0.0,0,46.77,169.47,Joined,Others,Others,0,Senior,7-12 Months,Growing,21.18375,46.77,169.47,0.2631734230247241,3.799775784753363,High,1,2,0,0,1,0,0,1,0,0,0,0,15.3375,29.262500000000003,0.0,0.27597804921225,Low Value,2676.0,1,Churned
32214-HAR,Female,30,Yes,Haryana,12,19,Deal 5,No,No,Yes,DSL,No,No,No,No,Yes,No,No,Yes,Month-to-Month,Yes,Bank Withdrawal,34.7,34.7,0.0,0,0.0,34.7,Churned,Other,Don't know,1,Young Adult,13-24 Months,Growing,1.8263157894736843,0.0,34.7,1.0,1.0,High,1,2,1,0,0,0,0,1,0,0,1,0,1.8263157894736843,32.87368421052632,0.0,0.0,Low Value,1041.0,1,Churned
69406-HAR,Male,30,Yes,Haryana,2,20,NO DEAL,Yes,Yes,Yes,Fiber Optic,No,No,Yes,No,Yes,No,No,Yes,Month-to-Month,No,Bank Withdrawal,88.25,1460.65,0.0,0,304.47,1765.12,Churned,Other,Deceased,1,Young Adult,13-24 Months,Growing,88.256,304.47,1765.12,0.0499966007976794,20.001359773371103,Low,1,5,1,1,1,1,0,1,0,0,0,0,73.0325,15.2175,0.0,0.1724925217548948,Medium Value,2647.5,1,Churned
61318-ASS,Female,24,Yes,Assam,2,6,NO DEAL,Yes,No,Yes,Fiber Optic,No,No,No,Yes,No,Yes,Yes,Yes,Month-to-Month,No,Bank Withdrawal,85.8,272.2,0.0,0,31.8,304.0,Churned,Competitor,Competitor had better devices,1,Young Adult,0-6 Months,New,50.66666666666666,31.8,304.0,0.2822368421052632,3.543123543123543,Low,1,5,2,1,1,0,0,1,0,0,0,0,45.36666666666667,40.43333333333333,0.0,0.1046052631578947,Low Value,2059.2,1,Churned
54055-TEL,Female,33,Yes,Telangana,4,5,NO DEAL,Yes,No,Yes,Fiber Optic,Yes,No,No,No,No,No,No,Yes,Month-to-Month,Yes,Bank Withdrawal,74.4,139.4,0.0,0,19.58,158.98,Churned,Attitude,Attitude of support person,1,Middle Age,0-6 Months,New,31.796,19.58,158.98,0.4679833941376274,2.136827956989247,Medium,1,3,0,1,1,0,0,1,1,0,1,0,27.880000000000003,46.52,0.0,0.1231601459303056,Low Value,2455.2000000000003,1,Churned
88912-MAD,Female,74,Yes,Madhya Pradesh,8,5,Deal 5,Yes,No,Yes,Fiber Optic,No,No,No,No,No,No,No,Yes,Month-to-Month,Yes,Mailed Check,70.45,70.45,0.0,0,15.28,85.73,Churned,Other,Don't know,1,Elder,0-6 Months,New,17.146,15.28,85.73,0.8217660095649131,1.216891412349184,High,1,2,0,0,1,0,0,1,0,0,1,0,14.09,56.36,0.0,0.1782339904350869,Low Value,5213.3,1,Churned
62842-HAR,Male,33,Yes,Haryana,11,25,NO DEAL,Yes,No,No,No Type,No,No,No,No,No,No,No,No,Month-to-Month,No,Credit Card,19.3,44.4,0.0,0,99.82,144.22,Joined,Others,Others,0,Middle Age,25-48 Months,Established,5.7688,99.82,144.22,0.1338233254749688,7.472538860103627,High,1,1,0,0,1,0,0,0,0,0,0,0,1.776,17.524,0.0,0.6921370128969629,Low Value,636.9,1,Churned
45744-WES,Female,68,Yes,West Bengal,1,35,NO DEAL,Yes,Yes,Yes,Fiber Optic,No,No,No,No,Yes,Yes,No,Yes,Month-to-Month,Yes,Bank Withdrawal,93.85,5574.75,8.13,0,636.02,6202.64,Churned,Price,Price too high,1,Elder,25-48 Months,Established,177.2182857142857,636.02,6194.51,0.0151306540440844,66.09099627064465,Low,1,5,2,0,1,1,0,1,0,0,1,0,159.27857142857144,-65.42857142857144,0.001458361361496,0.1025402086853339,Very High Value,6381.799999999999,1,Churned
36853-MAH,Female,27,No,Maharashtra,8,2,NO DEAL,Yes,Yes,Yes,Fiber Optic,No,Yes,Yes,No,Yes,Yes,Yes,Yes,Month-to-Month,Yes,Bank Withdrawal,101.9,3545.35,0.0,0,889.48,4434.83,Churned,Dissatisfaction,Lack of self-service on Website,1,Young Adult,0-6 Months,New,2217.415,889.48,4434.83,0.0229772054396673,43.52139352306183,High,1,8,3,2,1,1,0,1,0,0,1,0,1772.675,-1670.775,0.0,0.2005668762951454,High Value,2751.3,1,Churned
45654-PUN,Female,26,Yes,Punjab,7,19,Deal 5,Yes,Yes,Yes,Fiber Optic,No,No,No,No,No,No,Yes,Yes,Month-to-Month,Yes,Bank Withdrawal,74.4,229.55,8.74,0,43.8,264.61,Churned,Dissatisfaction,Product dissatisfaction,1,Young Adult,13-24 Months,Growing,13.92684210526316,43.8,255.87,0.2811685121499565,3.5565860215053764,High,1,4,1,0,1,1,0,1,0,0,1,0,12.081578947368422,62.31842105263159,0.0380744935743846,0.1655266240882808,Low Value,1934.4,1,Churned
44434-ASS,Female,73,No,Assam,15,12,Deal 2,Yes,Yes,Yes,Fiber Optic,No,Yes,No,No,Yes,Yes,Yes,Yes,One Year,Yes,Credit Card,101.5,5373.1,0.0,0,1808.46,7181.56,Churned,Price,Lack of affordable download/upload speed,1,Elder,7-12 Months,Growing,598.4633333333334,1808.46,7181.56,0.0141334194798901,70.75428571428571,High,1,7,3,1,1,1,1,1,0,0,1,0,447.7583333333334,-346.2583333333334,0.0,0.251819938843371,Very High Value,7409.5,1,Churned
21288-MAH,Female,63,No,Maharashtra,12,34,NO DEAL,Yes,Yes,Yes,DSL,No,No,No,No,Yes,No,No,No,Month-to-Month,Yes,Bank Withdrawal,60.25,170.5,0.0,70,60.3,300.8,Joined,Others,Others,0,Elder,25-48 Months,Established,8.847058823529412,130.3,300.8,0.2002992021276595,4.99253112033195,High,1,3,1,0,1,1,0,1,0,0,1,0,5.014705882352941,55.23529411764706,0.0,0.4331781914893617,Low Value,3795.75,1,Churned
48712-GUJ,Female,56,Yes,Gujarat,1,2,Deal 5,Yes,No,Yes,DSL,No,No,No,No,No,No,No,Yes,Month-to-Month,No,Credit Card,44.4,44.4,0.0,0,26.53,70.93,Churned,Attitude,Attitude of support person,1,Senior,0-6 Months,New,35.465,26.53,70.93,0.6259692654730015,1.5975225225225227,Low,1,2,0,0,1,0,0,1,0,0,0,0,22.2,22.2,0.0,0.3740307345269984,Low Value,2486.4,1,Churned
77868-JAM,Male,35,No,Jammu & Kashmir,1,15,NO DEAL,No,No,Yes,DSL,No,No,No,No,No,No,No,Yes,Month-to-Month,No,Mailed Check,25.5,215.2,0.0,0,0.0,215.2,Churned,Attitude,Attitude of support person,1,Middle Age,13-24 Months,Growing,14.346666666666666,0.0,215.2,0.1184944237918215,8.43921568627451,Low,1,1,0,0,0,0,0,1,0,0,0,0,14.346666666666666,11.153333333333334,0.0,0.0,Low Value,892.5,1,Churned
36589-UTT,Female,56,No,Uttar Pradesh,13,29,Deal 5,Yes,No,No,No Type,No,No,No,No,No,No,No,No,Month-to-Month,No,Credit Card,20.9,20.9,0.0,0,15.51,36.41,Churned,Dissatisfaction,Limited range of services,1,Senior,25-48 Months,Established,1.2555172413793103,15.51,36.41,0.5740181268882175,1.7421052631578946,High,1,1,0,0,1,0,0,0,0,0,0,0,0.7206896551724138,20.179310344827584,0.0,0.4259818731117825,Low Value,1170.4,1,Churned
42084-BIH,Female,36,Yes,Bihar,2,21,NO DEAL,Yes,No,Yes,Fiber Optic,No,No,No,No,Yes,Yes,Yes,Yes,One Year,Yes,Bank Withdrawal,90.1,2598.95,0.0,0,512.68,3111.63,Churned,Dissatisfaction,Poor expertise of online support,1,Middle Age,13-24 Months,Growing,148.17285714285714,512.68,3111.63,0.0289558848577755,34.53529411764706,Low,1,5,3,0,1,0,1,1,0,0,1,0,123.7595238095238,-33.659523809523805,0.0,0.16476251996542,High Value,3243.6,1,Churned
83994-DEL,Male,48,Yes,Delhi,8,24,NO DEAL,Yes,No,Yes,Fiber Optic,No,No,No,No,Yes,Yes,Yes,Yes,Month-to-Month,No,Credit Card,90.7,237.65,0.0,0,16.17,253.82,Joined,Others,Others,0,Senior,13-24 Months,Growing,10.575833333333334,16.17,253.82,0.3573398471357655,2.79845644983462,High,1,5,3,0,1,0,0,1,0,0,0,0,9.902083333333334,80.79791666666667,0.0,0.0637065637065637,Low Value,4353.6,1,Churned
31688-CHH,Female,25,Yes,Chhattisgarh,0,8,NO DEAL,No,No,Yes,Cable,Yes,No,Yes,No,No,Yes,Yes,No,Month-to-Month,Yes,Bank Withdrawal,45.3,2145.0,0.0,140,0.0,2285.0,Churned,Price,Price too high,1,Young Adult,7-12 Months,Growing,285.625,140.0,2285.0,0.0198249452954048,50.44150110375276,No Referral,0,4,2,2,0,0,0,1,1,0,1,0,268.125,-222.825,0.0,0.061269146608315,High Value,1132.5,1,Churned
96903-BIH,Female,37,No,Bihar,14,27,Deal 3,Yes,Yes,Yes,Fiber Optic,No,Yes,No,No,Yes,Yes,Yes,Yes,Month-to-Month,Yes,Bank Withdrawal,99.65,2404.85,0.0,0,616.32,3021.17,Stayed,Others,Others,0,Middle Age,25-48 Months,Established,111.89518518518518,616.32,3021.17,0.0329839102069728,30.317812343201204,High,1,7,3,1,1,1,0,1,0,0,1,0,89.06851851851852,10.58148148148149,0.0,0.2040004369168236,High Value,3687.05,1,Churned
24754-AND,Female,63,Yes,Andhra Pradesh,0,28,NO DEAL,Yes,No,Yes,Fiber Optic,No,No,No,No,No,No,No,Yes,Month-to-Month,Yes,Bank Withdrawal,69.55,200.2,33.8,0,5.01,171.41,Joined,Others,Others,0,Elder,25-48 Months,Established,6.121785714285714,5.01,137.61,0.4057522898313984,2.4645578720345074,No Referral,0,2,0,0,1,0,0,1,0,0,1,0,7.15,62.4,0.1688311688311688,0.0292281663846916,Low Value,4381.65,1,Churned
25214-BIH,Female,50,No,Bihar,9,16,NO DEAL,Yes,No,Yes,Fiber Optic,No,Yes,Yes,Yes,No,No,No,Yes,Month-to-Month,No,Bank Withdrawal,83.8,1900.25,0.0,0,892.63,2792.88,Churned,Attitude,Attitude of support person,1,Senior,13-24 Months,Growing,174.555,892.63,2792.88,0.0300048695253644,33.32792362768497,High,1,5,0,3,1,0,0,1,0,0,0,0,118.765625,-34.965625,0.0,0.3196091489788318,High Value,4190.0,1,Churned
49309-UTT,Female,49,No,Uttarakhand,2,30,Deal 2,Yes,Yes,Yes,Fiber Optic,No,Yes,No,No,No,No,No,Yes,Month-to-Month,Yes,Bank Withdrawal,77.85,3365.85,0.0,0,2112.59,5478.44,Churned,Price,Lack of affordable download/upload speed,1,Senior,25-48 Months,Established,182.61466666666664,2112.59,5478.44,0.0142102496331072,70.37174052665382,Low,1,4,0,1,1,1,0,1,0,0,1,0,112.195,-34.345,0.0,0.3856188988106104,Very High Value,3814.65,1,Churned
78274-PUD,Female,36,Yes,Puducherry,8,16,NO DEAL,Yes,Yes,Yes,Fiber Optic,Yes,Yes,No,No,Yes,No,No,Yes,Month-to-Month,Yes,Bank Withdrawal,96.75,5238.9,0.0,0,2698.3,7937.2,Churned,Price,Long distance charges,1,Middle Age,13-24 Months,Growing,496.075,2698.3,7937.2,0.0121894370810865,82.03824289405685,High,1,6,1,2,1,1,0,1,1,0,1,0,327.43125,-230.68125,0.0,0.3399561558232122,Very High Value,3483.0,1,Churned
33490-BIH,Female,43,Yes,Bihar,13,9,NO DEAL,Yes,No,Yes,Fiber Optic,No,No,No,No,No,No,No,Yes,Month-to-Month,Yes,Bank Withdrawal,69.5,69.5,0.0,0,8.31,77.81,Churned,Dissatisfaction,Product dissatisfaction,1,Middle Age,7-12 Months,Growing,8.645555555555555,8.31,77.81,0.8932013879964015,1.119568345323741,High,1,2,0,0,1,0,0,1,0,0,1,0,7.722222222222222,61.77777777777778,0.0,0.1067986120035985,Low Value,2988.5,1,Churned
41417-JHA,Female,41,Yes,Jharkhand,10,2,NO DEAL,Yes,No,Yes,Fiber Optic,No,No,No,No,No,Yes,Yes,Yes,Month-to-Month,Yes,Bank Withdrawal,79.7,79.7,0.0,0,33.88,113.58,Churned,Dissatisfaction,Poor expertise of online support,1,Middle Age,0-6 Months,New,56.79,33.88,113.58,0.701708047191407,1.4250941028858215,High,1,4,2,0,1,0,0,1,0,0,1,0,39.85,39.85,0.0,0.2982919528085931,Low Value,3267.7000000000003,1,Churned
65868-RAJ,Female,80,Yes,Rajasthan,4,8,NO DEAL,Yes,Yes,Yes,Fiber Optic,No,No,Yes,No,No,No,No,No,Month-to-Month,Yes,Bank Withdrawal,-1.0,343.95,0.0,20,33.3,397.25,Churned,Competitor,Competitor offered more data,1,Elder,7-12 Months,Growing,49.65625,53.3,397.25,-0.0025173064820641,-397.25,Medium,1,3,0,1,1,1,0,1,0,0,1,0,42.99375,-43.99375,0.0,0.1341724354940213,Low Value,-80.0,1,Churned
72588-RAJ,Female,77,No,Rajasthan,4,18,NO DEAL,Yes,Yes,Yes,Fiber Optic,No,No,Yes,No,No,Yes,No,Yes,Month-to-Month,No,Credit Card,88.3,2467.75,0.0,0,457.38,2925.13,Churned,Other,Don't know,1,Elder,13-24 Months,Growing,162.50722222222225,457.38,2925.13,0.0301866925572538,33.12718006795017,Medium,1,5,1,1,1,1,0,1,0,0,0,0,137.09722222222223,-48.79722222222223,0.0,0.1563622813345047,High Value,6799.099999999999,1,Churned
86778-ASS,Female,74,Yes,Assam,8,8,NO DEAL,Yes,No,Yes,Fiber Optic,No,No,Yes,No,No,No,No,Yes,Month-to-Month,Yes,Credit Card,75.55,349.65,0.0,0,211.65,561.3,Churned,Competitor,Competitor had better devices,1,Elder,7-12 Months,Growing,70.1625,211.65,561.3,0.134598254053091,7.4295168762409,High,1,3,0,1,1,0,0,1,0,0,1,0,43.70625,31.84375,0.0,0.3770710849812935,Low Value,5590.7,1,Churned
24990-WES,Female,36,No,West Bengal,8,24,NO DEAL,Yes,No,Yes,Fiber Optic,No,No,No,No,No,No,No,Yes,Month-to-Month,Yes,Bank Withdrawal,71.65,135.75,0.0,0,58.06,193.81,Joined,Others,Others,0,Middle Age,13-24 Months,Growing,8.075416666666667,58.06,193.81,0.369691966358805,2.7049546406140963,High,1,2,0,0,1,0,0,1,0,0,1,0,5.65625,65.99375,0.0,0.2995717455239667,Low Value,2579.4,1,Churned
49350-UTT,Female,36,No,Uttar Pradesh,1,1,Deal 5,Yes,No,Yes,Fiber Optic,No,No,No,No,No,No,No,Yes,Month-to-Month,No,Mailed Check,71.1,71.1,0.0,0,10.19,81.29,Churned,Competitor,Competitor made better offer,1,Middle Age,0-6 Months,New,81.29,10.19,81.29,0.8746463279616188,1.1433192686357243,Low,1,2,0,0,1,0,0,1,0,0,0,0,71.1,0.0,0.0,0.125353672038381,Low Value,2559.6,1,Churned
59029-PUN,Female,45,No,Punjab,8,31,NO DEAL,Yes,No,Yes,Fiber Optic,No,No,No,No,No,No,No,No,Month-to-Month,Yes,Credit Card,70.45,70.45,0.0,10,42.87,123.32,Churned,Competitor,Competitor had better devices,1,Middle Age,25-48 Months,Established,3.978064516129032,52.87,123.32,0.5712779759974052,1.7504613200851666,High,1,1,0,0,1,0,0,1,0,0,1,0,2.27258064516129,68.17741935483872,0.0,0.4287220240025949,Low Value,3170.25,1,Churned
44134-KAR,Female,38,No,Karnataka,1,8,Deal 4,Yes,No,No,No Type,No,No,No,No,No,No,No,No,One Year,No,Bank Withdrawal,20.15,390.85,0.0,0,161.1,551.95,Churned,Attitude,Attitude of support person,1,Middle Age,7-12 Months,Growing,68.99375,161.1,551.95,0.0365069299755412,27.39205955334988,Low,1,1,0,0,1,0,1,0,0,0,0,0,48.85625,-28.706250000000004,0.0,0.2918742639731859,Low Value,765.6999999999999,1,Churned
27332-KAR,Female,20,No,Karnataka,3,9,NO DEAL,Yes,No,Yes,DSL,Yes,No,No,Yes,No,No,No,Yes,Month-to-Month,No,Bank Withdrawal,54.2,308.25,0.0,0,18.05,326.3,Churned,Dissatisfaction,Network reliability,1,Young Adult,7-12 Months,Growing,36.25555555555556,18.05,326.3,0.1661048115231382,6.020295202952029,Medium,1,4,0,2,1,0,0,1,1,0,0,0,34.25,19.950000000000003,0.0,0.0553171927673919,Low Value,1084.0,1,Churned
29609-AND,Male,55,No,Andhra Pradesh,13,16,NO DEAL,Yes,No,Yes,Fiber Optic,No,No,No,No,No,No,No,Yes,Month-to-Month,No,Mailed Check,70.75,70.75,0.0,0,26.0,96.75,Churned,Dissatisfaction,Service dissatisfaction,1,Senior,13-24 Months,Growing,6.046875,26.0,96.75,0.7312661498708011,1.3674911660777385,High,1,2,0,0,1,0,0,1,0,0,0,0,4.421875,66.328125,0.0,0.268733850129199,Low Value,3891.25,1,Churned
32720-RAJ,Female,30,Yes,Rajasthan,13,4,NO DEAL,Yes,No,Yes,Fiber Optic,No,Yes,Yes,No,Yes,Yes,Yes,Yes,One Year,Yes,Bank Withdrawal,102.35,3626.1,0.0,0,1394.4,5020.5,Churned,Price,Price too high,1,Young Adult,0-6 Months,New,1255.125,1394.4,5020.5,0.0203864156956478,49.05227161700049,High,1,7,3,2,1,0,1,1,0,0,1,0,906.525,-804.175,0.0,0.2777412608305946,Very High Value,3070.5,1,Churned
28145-TEL,Female,23,No,Telangana,11,2,Deal 3,Yes,Yes,Yes,Fiber Optic,No,No,No,No,No,Yes,Yes,Yes,Month-to-Month,Yes,Bank Withdrawal,85.0,2624.25,0.0,0,144.6,2768.85,Churned,Other,Don't know,1,Young Adult,0-6 Months,New,1384.425,144.6,2768.85,0.0306986655109522,32.57470588235294,High,1,5,2,0,1,1,0,1,0,0,1,0,1312.125,-1227.125,0.0,0.0522238474456904,High Value,1955.0,1,Churned
36981-UTT,Male,68,No,Uttarakhand,0,9,Deal 4,Yes,Yes,Yes,Fiber Optic,No,No,No,No,No,No,No,Yes,Month-to-Month,No,Bank Withdrawal,75.65,1146.65,0.0,0,695.7,1842.35,Churned,Attitude,Attitude of support person,1,Elder,7-12 Months,Growing,204.70555555555555,695.7,1842.35,0.0410616875186582,24.3536021150033,No Referral,0,3,0,0,1,1,0,1,0,0,0,0,127.40555555555557,-51.75555555555556,0.0,0.3776155453632589,Medium Value,5144.200000000001,1,Churned
67513-JAM,Female,62,Yes,Jammu & Kashmir,14,17,Deal 2,Yes,Yes,Yes,Fiber Optic,No,Yes,Yes,No,No,No,No,No,Month-to-Month,Yes,Bank Withdrawal,85.45,4874.7,0.0,90,2355.1,7319.8,Churned,Competitor,Competitor made better offer,1,Elder,13-24 Months,Growing,430.5764705882353,2445.1,7319.8,0.011673816224487,85.66179052077239,High,1,4,0,2,1,1,0,1,0,0,1,0,286.7470588235294,-201.29705882352943,0.0,0.3340391813983988,Very High Value,5297.900000000001,1,Churned
26500-GUJ,Female,62,Yes,Gujarat,3,19,Deal 5,Yes,No,Yes,Cable,Yes,No,No,No,No,Yes,Yes,Yes,Month-to-Month,Yes,Mailed Check,62.15,113.1,0.0,0,96.78,209.88,Joined,Others,Others,0,Elder,13-24 Months,Growing,11.046315789473685,96.78,209.88,0.2961215932914046,3.376991150442478,Medium,1,5,2,1,1,0,0,1,1,0,1,0,5.9526315789473685,56.19736842105263,0.0,0.4611206403659234,Low Value,3853.3,1,Churned
26761-GUJ,Male,46,No,Gujarat,3,13,NO DEAL,Yes,Yes,Yes,Fiber Optic,No,No,No,No,Yes,Yes,Yes,Yes,Month-to-Month,Yes,Bank Withdrawal,95.5,829.1,0.0,0,172.98,1002.08,Churned,Dissatisfaction,Limited range of services,1,Senior,13-24 Months,Growing,77.08307692307693,172.98,1002.08,0.0953017723135877,10.492984293193718,Medium,1,6,3,0,1,1,0,1,0,0,1,0,63.77692307692308,31.723076923076924,0.0,0.1726209484272712,Medium Value,4393.0,1,Churned
88674-JAM,Female,56,No,Jammu & Kashmir,3,6,Deal 1,Yes,Yes,Yes,DSL,Yes,Yes,Yes,Yes,No,Yes,Yes,Yes,One Year,Yes,Credit Card,78.6,5356.45,0.0,0,2027.22,7383.67,Churned,Competitor,Competitor made better offer,1,Senior,0-6 Months,New,1230.611666666667,2027.22,7383.67,0.010645112796211,93.93982188295166,Medium,1,9,2,4,1,1,1,1,1,0,1,0,892.7416666666667,-814.1416666666667,0.0,0.2745545236989193,Very High Value,4401.599999999999,1,Churned
79206-UTT,Female,35,No,Uttar Pradesh,13,2,Deal 5,Yes,Yes,No,No Type,No,No,No,No,No,No,No,No,Month-to-Month,Yes,Bank Withdrawal,25.9,135.0,0.0,0,200.25,335.25,Churned,Other,Moved,1,Middle Age,0-6 Months,New,167.625,200.25,335.25,0.077255779269202,12.944015444015443,High,1,2,0,0,1,1,0,0,0,0,1,0,67.5,-41.6,0.0,0.5973154362416108,Low Value,906.5,1,Churned
23361-UTT,Female,35,Yes,Uttar Pradesh,13,28,NO DEAL,Yes,No,Yes,Fiber Optic,No,Yes,Yes,No,No,No,No,Yes,Month-to-Month,No,Bank Withdrawal,80.55,653.9,2.28,0,293.13,944.75,Stayed,Others,Others,0,Middle Age,25-48 Months,Established,33.74107142857143,293.13,942.47,0.0852606509658639,11.728739913097456,High,1,4,0,2,1,0,0,1,0,0,0,0,23.353571428571428,57.19642857142857,0.0034867716776265,0.31027255887801,Medium Value,2819.25,1,Churned
59308-UTT,Female,73,Yes,Uttar Pradesh,7,20,NO DEAL,Yes,Yes,Yes,Fiber Optic,No,Yes,Yes,No,No,Yes,Yes,Yes,Month-to-Month,Yes,Bank Withdrawal,95.55,2510.2,0.0,0,1066.23,3576.43,Churned,Dissatisfaction,Service dissatisfaction,1,Elder,13-24 Months,Growing,178.8215,1066.23,3576.43,0.0267165860928355,37.42993197278911,High,1,7,2,2,1,1,0,1,0,0,1,0,125.51,-29.959999999999997,0.0,0.2981269030849199,High Value,6975.15,1,Churned
48043-BIH,Female,20,Yes,Bihar,3,4,NO DEAL,Yes,No,Yes,Cable,No,Yes,No,No,No,Yes,Yes,Yes,Month-to-Month,No,Bank Withdrawal,83.3,1845.9,0.0,0,88.22,1934.12,Churned,Competitor,Competitor had better devices,1,Young Adult,0-6 Months,New,483.53,88.22,1934.12,0.0430686823981966,23.2187274909964,Medium,1,5,2,1,1,0,0,1,0,0,0,0,461.475,-378.175,0.0,0.0456124749239964,Medium Value,1666.0,1,Churned
54940-MAD,Female,46,No,Madhya Pradesh,9,8,NO DEAL,Yes,No,Yes,Cable,Yes,No,No,No,No,No,No,No,Month-to-Month,Yes,Bank Withdrawal,49.85,365.55,13.01,10,302.32,664.86,Churned,Competitor,Competitor offered higher download speeds,1,Senior,7-12 Months,Growing,83.1075,312.32,651.85,0.0749781908973317,13.337211634904714,High,1,2,0,1,1,0,0,1,1,0,1,0,45.69375,4.15625,0.0355902065380932,0.4697530307132328,Medium Value,2293.1,1,Churned
51652-HAR,Male,37,Yes,Haryana,1,34,NO DEAL,Yes,No,Yes,Fiber Optic,No,Yes,Yes,No,Yes,Yes,Yes,Yes,Month-to-Month,Yes,Bank Withdrawal,100.15,6283.3,0.0,0,3011.96,9295.26,Churned,Competitor,Competitor had better devices,1,Middle Age,25-48 Months,Established,273.39,3011.96,9295.26,0.0107743086261169,92.81337993010484,Low,1,7,3,2,1,0,0,1,0,0,1,0,184.8029411764706,-84.65294117647059,0.0,0.3240318183676411,Very High Value,3705.55,1,Churned
87160-KAR,Female,49,Yes,Karnataka,14,25,Deal 4,No,No,Yes,DSL,No,No,No,No,Yes,Yes,Yes,Yes,Month-to-Month,No,Bank Withdrawal,46.35,667.7,0.0,0,0.0,667.7,Churned,Attitude,Attitude of service provider,1,Senior,25-48 Months,Established,26.708,0.0,667.7,0.0694174030253107,14.405609492988134,High,1,4,3,0,0,0,0,1,0,0,0,0,26.708,19.642,0.0,0.0,Medium Value,2271.15,1,Churned
55973-JHA,Male,57,No,Jharkhand,6,19,Deal 2,Yes,No,No,No Type,No,No,No,No,No,No,No,No,Two Year,No,Bank Withdrawal,19.75,1052.35,0.0,0,1389.13,2441.48,Churned,Price,Long distance charges,1,Senior,13-24 Months,Growing,128.49894736842106,1389.13,2441.48,0.0080893556367449,123.61924050632912,High,1,1,0,0,1,0,1,0,0,0,0,0,55.38684210526316,-35.63684210526316,0.0,0.5689704605403281,High Value,1125.75,1,Churned
57488-KAR,Female,73,Yes,Karnataka,9,19,Deal 5,No,No,Yes,DSL,No,No,No,No,No,No,No,Yes,Month-to-Month,No,Bank Withdrawal,25.25,25.25,0.0,0,0.0,25.25,Churned,Price,Price too high,1,Elder,13-24 Months,Growing,1.3289473684210529,0.0,25.25,1.0,1.0,High,1,1,0,0,0,0,0,1,0,0,0,0,1.3289473684210529,23.92105263157895,0.0,0.0,Low Value,1843.25,1,Churned
16945-AND,Male,73,No,Andhra Pradesh,5,34,Deal 5,No,No,Yes,Cable,No,No,No,No,No,No,No,Yes,Month-to-Month,No,Bank Withdrawal,25.05,25.05,0.0,0,0.0,25.05,Churned,Competitor,Competitor had better devices,1,Elder,25-48 Months,Established,0.736764705882353,0.0,25.05,1.0,1.0,Medium,1,1,0,0,0,0,0,1,0,0,0,0,0.736764705882353,24.313235294117646,0.0,0.0,Low Value,1828.65,1,Churned
28642-JHA,Female,63,Yes,Jharkhand,1,35,NO DEAL,No,No,Yes,DSL,Yes,No,Yes,Yes,No,Yes,Yes,Yes,Two Year,No,Bank Withdrawal,47.85,3147.5,0.0,0,0.0,3147.5,Churned,Competitor,Competitor made better offer,1,Elder,25-48 Months,Established,89.92857142857143,0.0,3147.5,0.0152025416997617,65.77847439916405,Low,1,6,2,3,0,0,1,1,1,0,0,0,89.92857142857143,-42.07857142857143,0.0,0.0,High Value,3014.55,1,Churned
42667-ASS,Male,65,No,Assam,14,35,NO DEAL,Yes,Yes,Yes,Fiber Optic,No,No,No,No,No,No,No,No,Month-to-Month,No,Credit Card,75.2,3678.3,0.0,20,934.92,4633.22,Churned,Price,Extra data charges,1,Elder,25-48 Months,Established,132.3777142857143,954.92,4633.22,0.016230612835134,61.61196808510638,High,1,2,0,0,1,1,0,1,0,0,0,0,105.09428571428572,-29.894285714285715,0.0,0.2061028830921044,High Value,4888.0,1,Churned
91073-MAD,Male,64,No,Madhya Pradesh,7,34,Deal 3,Yes,No,Yes,Fiber Optic,Yes,No,No,No,No,No,No,Yes,Month-to-Month,Yes,Bank Withdrawal,74.9,2068.55,0.0,0,1239.84,3308.39,Churned,Price,Long distance charges,1,Elder,25-48 Months,Established,97.30558823529412,1239.84,3308.39,0.0226394107103455,44.17076101468624,High,1,3,0,1,1,0,0,1,1,0,1,0,60.83970588235295,14.06029411764706,0.0,0.3747563014034016,High Value,4793.6,1,Churned
17796-BIH,Female,65,No,Bihar,5,1,NO DEAL,Yes,No,Yes,Cable,Yes,No,No,No,No,No,No,Yes,Month-to-Month,Yes,Bank Withdrawal,48.45,48.45,0.0,0,16.42,64.87,Joined,Others,Others,0,Elder,0-6 Months,New,64.87,16.42,64.87,0.7468783721288731,1.33890608875129,Medium,1,3,0,1,1,0,0,1,1,0,1,0,48.45,0.0,0.0,0.2531216278711268,Low Value,3149.25,1,Churned
17060-JAM,Female,80,No,Jammu & Kashmir,5,8,NO DEAL,No,No,Yes,Cable,Yes,No,No,No,Yes,No,No,Yes,Month-to-Month,Yes,Bank Withdrawal,-10.0,840.1,0.0,0,0.0,840.1,Churned,Competitor,Competitor made better offer,1,Elder,7-12 Months,Growing,105.0125,0.0,840.1,-0.0119033448399,-84.01,Medium,1,3,1,1,0,0,0,1,1,0,1,0,105.0125,-115.0125,0.0,0.0,Medium Value,-800.0,1,Churned
38793-DEL,Female,46,Yes,Delhi,10,19,NO DEAL,Yes,No,Yes,Cable,Yes,No,Yes,Yes,Yes,No,No,Yes,One Year,Yes,Bank Withdrawal,67.5,1544.05,0.0,0,435.6,1979.65,Churned,Other,Don't know,1,Senior,13-24 Months,Growing,104.1921052631579,435.6,1979.65,0.0340969363271285,29.32814814814815,High,1,6,1,3,1,0,1,1,1,0,1,0,81.26578947368421,-13.765789473684208,0.0,0.2200388957644028,Medium Value,3105.0,1,Churned
81940-MAH,Female,63,No,Maharashtra,9,5,NO DEAL,Yes,Yes,Yes,Fiber Optic,Yes,No,No,No,Yes,No,No,Yes,Month-to-Month,Yes,Bank Withdrawal,90.05,2169.8,27.38,0,81.65,2224.07,Churned,Competitor,Competitor offered higher download speeds,1,Elder,0-6 Months,New,444.814,81.65,2196.69,0.0404888335349157,24.69816768461966,High,1,5,1,1,1,1,0,1,1,0,1,0,433.96,-343.91,0.0126186745322149,0.0367119739936243,High Value,5673.15,1,Churned
47094-MAD,Male,27,No,Madhya Pradesh,11,6,Deal 5,Yes,Yes,Yes,Fiber Optic,No,No,No,No,No,No,No,Yes,Month-to-Month,Yes,Bank Withdrawal,76.5,162.45,0.0,0,34.44,196.89,Churned,Other,Don't know,1,Young Adult,0-6 Months,New,32.815,34.44,196.89,0.3885418253847326,2.5737254901960784,High,1,3,0,0,1,1,0,1,0,0,1,0,27.075,49.425,0.0,0.1749200060947737,Low Value,2065.5,1,Churned
69641-MAH,Male,41,Yes,Maharashtra,5,21,Deal 4,Yes,No,Yes,Fiber Optic,Yes,No,No,No,No,Yes,Yes,Yes,Month-to-Month,No,Bank Withdrawal,84.05,1095.3,23.97,0,388.96,1460.29,Churned,Competitor,Competitor offered higher download speeds,1,Middle Age,13-24 Months,Growing,69.53761904761905,388.96,1436.32,0.0575570605838566,17.374063057703747,Medium,1,5,2,1,1,0,0,1,1,0,0,0,52.15714285714286,31.89285714285714,0.0218844152287044,0.2663580521677201,Medium Value,3446.05,1,Churned
76974-UTT,Female,25,No,Uttar Pradesh,10,21,Deal 1,Yes,Yes,Yes,Fiber Optic,Yes,Yes,Yes,No,Yes,No,No,Yes,Month-to-Month,Yes,Credit Card,102.95,6886.25,0.0,0,2512.5,9398.75,Churned,Competitor,Competitor offered more data,1,Young Adult,13-24 Months,Growing,447.5595238095238,2512.5,9398.75,0.0109535842532251,91.29431762991744,High,1,7,1,3,1,1,0,1,1,0,1,0,327.9166666666667,-224.9666666666667,0.0,0.2673227822848783,Very High Value,2573.75,1,Churned
21956-JHA,Female,59,Yes,Jharkhand,10,8,NO DEAL,Yes,No,Yes,Fiber Optic,Yes,No,No,Yes,No,No,No,No,Month-to-Month,Yes,Credit Card,82.3,214.4,0.0,20,134.91,369.31,Joined,Others,Others,0,Senior,7-12 Months,Growing,46.16375,154.91,369.31,0.2228480138636917,4.487363304981774,High,1,3,0,2,1,0,0,1,1,0,1,0,26.8,55.5,0.0,0.419457907990577,Low Value,4855.7,1,Churned
33041-JAM,Female,48,No,Jammu & Kashmir,6,12,Deal 4,Yes,Yes,Yes,Fiber Optic,No,Yes,Yes,No,Yes,Yes,Yes,Yes,Month-to-Month,No,Bank Withdrawal,104.4,2157.95,0.0,0,895.65,3053.6,Churned,Attitude,Attitude of support person,1,Senior,7-12 Months,Growing,254.46666666666667,895.65,3053.6,0.0341891537856955,29.24904214559387,High,1,8,3,2,1,1,0,1,0,0,0,0,179.82916666666665,-75.42916666666665,0.0,0.2933095362850406,High Value,5011.200000000001,1,Churned
93104-TEL,Male,35,No,Telangana,0,13,Deal 5,Yes,Yes,Yes,Fiber Optic,No,No,Yes,No,Yes,Yes,Yes,Yes,Month-to-Month,Yes,Bank Withdrawal,98.05,713.0,0.0,0,64.75,777.75,Churned,Competitor,Competitor had better devices,1,Middle Age,13-24 Months,Growing,59.82692307692308,64.75,777.75,0.1260687881710061,7.932177460479347,No Referral,0,7,3,1,1,1,0,1,0,0,1,0,54.84615384615385,43.20384615384615,0.0,0.0832529733204757,Medium Value,3431.75,1,Churned
58049-MAD,Female,77,No,Madhya Pradesh,15,15,NO DEAL,No,No,Yes,DSL,No,No,No,No,No,No,No,No,Month-to-Month,Yes,Mailed Check,25.8,25.8,0.0,20,0.0,45.8,Churned,Competitor,Competitor had better devices,1,Elder,13-24 Months,Growing,3.053333333333333,20.0,45.8,0.5633187772925765,1.7751937984496122,High,1,0,0,0,0,0,0,1,0,0,1,0,1.72,24.08,0.0,0.4366812227074236,Low Value,1986.6,1,Churned
92198-DEL,Female,44,Yes,Delhi,8,15,Deal 5,Yes,No,No,No Type,No,No,No,No,No,No,No,No,Month-to-Month,Yes,Credit Card,20.25,20.25,0.0,0,28.18,48.43,Joined,Others,Others,0,Middle Age,13-24 Months,Growing,3.228666666666667,28.18,48.43,0.4181292587239315,2.391604938271605,High,1,1,0,0,1,0,0,0,0,0,1,0,1.35,18.9,0.0,0.5818707412760685,Low Value,891.0,1,Churned
79905-UTT,Female,24,No,Uttar Pradesh,0,12,NO DEAL,Yes,No,No,No Type,No,No,No,No,No,No,No,No,Month-to-Month,No,Credit Card,20.45,20.45,0.0,0,30.09,50.54,Joined,Others,Others,0,Young Adult,7-12 Months,Growing,4.211666666666667,30.09,50.54,0.4046299960427384,2.471393643031785,No Referral,0,1,0,0,1,0,0,0,0,0,0,0,1.7041666666666666,18.745833333333334,0.0,0.5953700039572616,Low Value,490.8,1,Churned
71509-HAR,Female,40,No,Haryana,3,27,NO DEAL,Yes,No,Yes,DSL,No,No,No,No,Yes,No,No,Yes,Month-to-Month,Yes,Bank Withdrawal,54.65,54.65,0.0,0,36.33,90.98,Joined,Others,Others,0,Middle Age,25-48 Months,Established,3.36962962962963,36.33,90.98,0.6006814684546053,1.664775846294602,Medium,1,3,1,0,1,0,0,1,0,0,1,0,2.024074074074074,52.62592592592593,0.0,0.3993185315453945,Low Value,2186.0,1,Churned
35197-TEL,Female,78,Yes,Telangana,14,27,NO DEAL,Yes,No,Yes,Fiber Optic,No,No,No,No,No,No,No,Yes,Month-to-Month,Yes,Bank Withdrawal,69.25,69.25,0.0,0,37.3,106.55,Churned,Competitor,Competitor had better devices,1,Elder,25-48 Months,Established,3.946296296296296,37.3,106.55,0.649929610511497,1.5386281588447652,High,1,2,0,0,1,0,0,1,0,0,1,0,2.564814814814815,66.68518518518519,0.0,0.350070389488503,Low Value,5401.5,1,Churned
25828-CHH,Male,64,Yes,Chhattisgarh,3,20,NO DEAL,Yes,Yes,Yes,Fiber Optic,No,No,Yes,No,Yes,Yes,Yes,Yes,Month-to-Month,Yes,Bank Withdrawal,101.1,1504.05,0.0,0,610.5,2114.55,Churned,Competitor,Competitor offered more data,1,Elder,13-24 Months,Growing,105.7275,610.5,2114.55,0.0478115911186777,20.91543026706232,Medium,1,7,3,1,1,1,0,1,0,0,1,0,75.2025,25.897499999999997,0.0,0.2887139107611548,High Value,6470.4,1,Churned
91278-UTT,Male,45,No,Uttar Pradesh,11,20,NO DEAL,Yes,No,Yes,Cable,Yes,No,No,No,Yes,Yes,Yes,Yes,Month-to-Month,Yes,Bank Withdrawal,95.0,95.0,0.0,0,12.04,107.04,Churned,Dissatisfaction,Network reliability,1,Middle Age,13-24 Months,Growing,5.352,12.04,107.04,0.8875186846038864,1.1267368421052633,High,1,6,3,1,1,0,0,1,1,0,1,0,4.75,90.25,0.0,0.1124813153961135,Low Value,4275.0,1,Churned
57006-GUJ,Male,78,No,Gujarat,14,4,Deal 5,Yes,No,Yes,Fiber Optic,No,No,No,No,No,No,No,Yes,Month-to-Month,No,Bank Withdrawal,70.75,154.85,0.0,0,19.72,174.57,Churned,Price,Long distance charges,1,Elder,0-6 Months,New,43.6425,19.72,174.57,0.4052815489488457,2.4674204946996467,High,1,2,0,0,1,0,0,1,0,0,0,0,38.7125,32.0375,0.0,0.1129632812052471,Low Value,5518.5,1,Churned
63067-KER,Male,26,No,Kerala,12,34,Deal 2,Yes,Yes,Yes,Cable,Yes,Yes,Yes,No,No,Yes,Yes,Yes,One Year,No,Credit Card,72.45,4653.85,14.23,0,1738.75,6378.37,Churned,Competitor,Competitor offered more data,1,Young Adult,25-48 Months,Established,187.5991176470588,1738.75,6364.14,0.011358701361006,88.03823326432021,High,1,8,2,3,1,1,1,1,1,0,0,0,136.8779411764706,-64.42794117647058,0.0030576834234021,0.2726009936707967,Very High Value,1883.7,1,Churned
48928-HAR,Female,43,No,Haryana,5,33,Deal 4,Yes,No,Yes,Fiber Optic,No,No,Yes,No,Yes,No,No,Yes,Month-to-Month,Yes,Bank Withdrawal,83.2,1060.6,0.0,0,460.2,1520.8,Churned,Attitude,Attitude of support person,1,Middle Age,25-48 Months,Established,46.084848484848486,460.2,1520.8,0.0547080483955812,18.278846153846157,Medium,1,4,1,1,1,0,0,1,0,0,1,0,32.13939393939393,51.06060606060607,0.0,0.3026038926880589,Medium Value,3577.6,1,Churned
77270-MAD,Female,63,No,Madhya Pradesh,0,10,NO DEAL,Yes,Yes,Yes,Fiber Optic,Yes,Yes,Yes,No,Yes,Yes,Yes,Yes,One Year,Yes,Bank Withdrawal,110.0,4874.8,0.0,0,109.02,4983.82,Churned,Competitor,Competitor made better offer,1,Elder,7-12 Months,Growing,498.382,109.02,4983.82,0.0220714231252332,45.30745454545454,No Referral,0,9,3,3,1,1,1,1,1,0,1,0,487.48,-377.48,0.0,0.0218747868101175,Very High Value,6930.0,1,Churned
94475-TEL,Female,22,Yes,Telangana,1,12,NO DEAL,Yes,No,Yes,Fiber Optic,No,No,Yes,No,Yes,Yes,Yes,Yes,One Year,Yes,Bank Withdrawal,94.85,5000.2,18.55,0,2152.86,7134.51,Churned,Competitor,Competitor had better devices,1,Young Adult,7-12 Months,Growing,594.5425,2152.86,7115.96,0.0132945359947634,75.21887190300475,Low,1,6,3,1,1,0,1,1,0,0,1,0,416.6833333333333,-321.83333333333337,0.0037098516059357,0.3017530285892094,Very High Value,2086.7,1,Churned
26707-HAR,Female,18,No,Haryana,8,5,NO DEAL,Yes,Yes,Yes,Fiber Optic,No,No,No,No,No,Yes,Yes,Yes,Month-to-Month,Yes,Bank Withdrawal,85.65,338.9,0.0,0,27.64,366.54,Churned,Dissatisfaction,Limited range of services,1,Teen,0-6 Months,New,73.308,27.64,366.54,0.2336716320183336,4.279509632224168,High,1,5,2,0,1,1,0,1,0,0,1,0,67.78,17.870000000000005,0.0,0.0754078681726414,Low Value,1541.7,1,Churned
75929-HAR,Female,23,Yes,Haryana,12,3,Deal 5,Yes,Yes,Yes,Fiber Optic,No,Yes,No,No,Yes,Yes,Yes,Yes,Month-to-Month,Yes,Bank Withdrawal,101.7,364.55,1.48,0,104.64,467.71,Churned,Competitor,Competitor made better offer,1,Young Adult,0-6 Months,New,155.90333333333334,104.64,466.23,0.2174424322764106,4.5989183874139625,High,1,7,3,1,1,1,0,1,0,0,1,0,121.51666666666668,-19.816666666666663,0.0040597997531202,0.2237283786962006,Low Value,2339.1,1,Churned
14654-MAH,Female,66,Yes,Maharashtra,2,9,NO DEAL,Yes,Yes,Yes,Fiber Optic,No,No,No,No,No,No,No,Yes,Month-to-Month,Yes,Bank Withdrawal,74.55,622.9,33.25,0,158.04,747.69,Churned,Competitor,Competitor had better devices,1,Elder,7-12 Months,Growing,83.07666666666667,158.04,714.44,0.0997070978614131,10.029376257545271,Low,1,3,0,0,1,1,0,1,0,0,1,0,69.21111111111111,5.338888888888889,0.053379354631562,0.2113710227500702,Medium Value,4920.3,1,Churned
97619-KER,Male,51,No,Kerala,13,12,Deal 4,Yes,Yes,Yes,DSL,Yes,No,Yes,Yes,No,No,No,Yes,Month-to-Month,Yes,Mailed Check,61.65,713.75,0.0,0,434.88,1148.63,Churned,Competitor,Competitor offered higher download speeds,1,Senior,7-12 Months,Growing,95.71916666666668,434.88,1148.63,0.0536726360969154,18.63146796431468,High,1,6,0,3,1,1,0,1,1,0,1,0,59.47916666666666,2.1708333333333343,0.0,0.3786075585697744,Medium Value,3144.15,1,Churned
23378-GUJ,Female,73,Yes,Gujarat,1,15,NO DEAL,Yes,Yes,Yes,Fiber Optic,No,No,No,No,No,No,No,Yes,Month-to-Month,Yes,Bank Withdrawal,74.9,321.75,0.0,0,104.92,426.67,Churned,Price,Lack of affordable download/upload speed,1,Elder,13-24 Months,Growing,28.444666666666667,104.92,426.67,0.1755455035507535,5.69652870493992,Low,1,3,0,0,1,1,0,1,0,0,1,0,21.45,53.45,0.0,0.2459043288724307,Low Value,5467.700000000001,1,Churned
23067-ASS,Female,75,No,Assam,2,22,NO DEAL,Yes,Yes,Yes,Fiber Optic,No,No,No,No,No,No,No,No,Month-to-Month,Yes,Bank Withdrawal,74.45,74.45,0.0,10,31.27,115.72,Churned,Other,Don't know,1,Elder,13-24 Months,Growing,5.26,41.27,115.72,0.6433632907016937,1.554331766286098,Low,1,2,0,0,1,1,0,1,0,0,1,0,3.3840909090909093,71.06590909090909,0.0,0.3566367092983062,Low Value,5583.75,1,Churned
27195-PUN,Female,61,Yes,Punjab,12,13,NO DEAL,Yes,Yes,Yes,Fiber Optic,No,No,Yes,No,Yes,Yes,Yes,No,One Year,Yes,Bank Withdrawal,100.0,5509.3,0.0,100,2055.9,7665.2,Churned,Competitor,Competitor offered higher download speeds,1,Elder,13-24 Months,Growing,589.6307692307693,2155.9,7665.2,0.0130459740124197,76.652,High,1,6,3,1,1,1,1,1,0,0,1,0,423.7923076923077,-323.7923076923077,0.0,0.2812581537337578,Very High Value,6100.0,1,Churned
64223-UTT,Male,40,Yes,Uttar Pradesh,1,27,Deal 5,Yes,No,Yes,Fiber Optic,No,Yes,Yes,No,No,No,No,Yes,Month-to-Month,Yes,Bank Withdrawal,79.9,741.7,0.0,0,172.62,914.32,Churned,Price,Extra data charges,1,Middle Age,25-48 Months,Established,33.863703703703706,172.62,914.32,0.0873873479744509,11.443304130162703,Low,1,4,0,2,1,0,0,1,0,0,1,0,27.47037037037037,52.42962962962963,0.0,0.1887960451483069,Medium Value,3196.0,1,Churned
36267-UTT,Female,47,No,Uttar Pradesh,6,3,NO DEAL,Yes,Yes,Yes,DSL,Yes,No,No,No,No,No,No,No,Month-to-Month,Yes,Bank Withdrawal,55.65,1400.55,0.0,60,215.76,1676.31,Churned,Competitor,Competitor had better devices,1,Senior,0-6 Months,New,558.77,275.76,1676.31,0.033197916853088,30.122371967654985,High,1,3,0,1,1,1,0,1,1,0,1,0,466.85,-411.2,0.0,0.1645041788213397,Medium Value,2615.55,1,Churned
62535-AND,Male,42,No,Andhra Pradesh,8,22,Deal 5,Yes,No,Yes,Cable,No,No,No,Yes,Yes,Yes,Yes,Yes,Month-to-Month,No,Credit Card,70.7,225.65,0.0,0,75.12,300.77,Joined,Others,Others,0,Middle Age,13-24 Months,Growing,13.671363636363637,75.12,300.77,0.2350633374339196,4.254172560113154,High,1,6,3,1,1,0,0,1,0,0,0,0,10.256818181818184,60.44318181818182,0.0,0.2497589520231406,Low Value,2969.4,1,Churned
26198-ASS,Male,52,Yes,Assam,5,15,NO DEAL,Yes,No,Yes,Cable,No,No,No,Yes,No,No,No,Yes,Month-to-Month,No,Credit Card,50.05,179.35,0.0,0,38.68,218.03,Churned,Competitor,Competitor made better offer,1,Senior,13-24 Months,Growing,14.535333333333334,38.68,218.03,0.2295555657478328,4.356243756243757,Medium,1,3,0,1,1,0,0,1,0,0,0,0,11.956666666666669,38.09333333333333,0.0,0.1774067788836398,Low Value,2602.6,1,Churned
58381-GUJ,Female,69,No,Gujarat,2,13,Deal 5,Yes,No,Yes,Fiber Optic,No,Yes,Yes,No,No,No,No,Yes,Month-to-Month,Yes,Bank Withdrawal,82.3,82.3,0.0,0,33.41,115.71,Churned,Competitor,Competitor had better devices,1,Elder,13-24 Months,Growing,8.90076923076923,33.41,115.71,0.7112609108979345,1.4059538274605103,Low,1,4,0,2,1,0,0,1,0,0,1,0,6.330769230769231,75.96923076923076,0.0,0.2887390891020654,Low Value,5678.7,1,Churned
41835-MAH,Female,20,Yes,Maharashtra,1,12,Deal 5,No,No,Yes,Cable,No,No,No,No,No,No,Yes,Yes,Month-to-Month,Yes,Bank Withdrawal,25.05,56.35,0.0,0,0.0,56.35,Churned,Dissatisfaction,Product dissatisfaction,1,Young Adult,7-12 Months,Growing,4.695833333333334,0.0,56.35,0.4445430346051464,2.249500998003992,Low,1,2,1,0,0,0,0,1,0,0,1,0,4.695833333333334,20.354166666666668,0.0,0.0,Low Value,501.0,1,Churned
41647-UTT,Male,65,No,Uttar Pradesh,6,20,NO DEAL,Yes,No,Yes,Fiber Optic,No,No,Yes,No,Yes,Yes,Yes,Yes,Month-to-Month,Yes,Bank Withdrawal,95.85,197.7,0.0,0,74.86,272.56,Churned,Competitor,Competitor had better devices,1,Elder,13-24 Months,Growing,13.628,74.86,272.56,0.3516656882888171,2.843609806990089,High,1,6,3,1,1,0,0,1,0,0,1,0,9.885,85.96499999999999,0.0,0.2746551218080422,Low Value,6230.25,1,Churned
99630-MAD,Male,54,No,Madhya Pradesh,10,35,Deal 5,Yes,No,No,No Type,No,No,No,No,No,No,No,No,Month-to-Month,No,Bank Withdrawal,19.3,19.3,0.0,0,25.62,44.92,Churned,Attitude,Attitude of support person,1,Senior,25-48 Months,Established,1.2834285714285716,25.62,44.92,0.4296527159394479,2.327461139896373,High,1,1,0,0,1,0,0,0,0,0,0,0,0.5514285714285715,18.74857142857143,0.0,0.5703472840605521,Low Value,1042.2,1,Churned
55103-WES,Female,30,Yes,West Bengal,0,9,Deal 5,Yes,No,Yes,Fiber Optic,No,No,Yes,Yes,Yes,No,No,Yes,Month-to-Month,Yes,Credit Card,88.35,262.05,0.0,0,148.2,410.25,Churned,Competitor,Competitor offered more data,1,Young Adult,7-12 Months,Growing,45.583333333333336,148.2,410.25,0.2153564899451553,4.643463497453311,No Referral,0,5,1,2,1,0,0,1,0,0,1,0,29.116666666666667,59.23333333333333,0.0,0.3612431444241316,Low Value,2650.5,1,Churned
65004-UTT,Female,48,Yes,Uttar Pradesh,8,12,NO DEAL,No,No,Yes,DSL,No,No,No,No,Yes,No,No,Yes,Month-to-Month,Yes,Credit Card,34.7,296.1,0.0,0,0.0,296.1,Churned,Competitor,Competitor offered higher download speeds,1,Senior,7-12 Months,Growing,24.675,0.0,296.1,0.1171901384667342,8.53314121037464,High,1,2,1,0,0,0,0,1,0,0,1,0,24.675,10.025000000000002,0.0,0.0,Low Value,1665.6,1,Churned
48330-UTT,Female,60,Yes,Uttar Pradesh,1,34,NO DEAL,Yes,Yes,Yes,Fiber Optic,No,No,Yes,No,Yes,Yes,Yes,Yes,Month-to-Month,Yes,Bank Withdrawal,100.5,918.6,0.0,0,438.39,1356.99,Churned,Competitor,Competitor had better devices,1,Senior,25-48 Months,Established,39.9114705882353,438.39,1356.99,0.0740609731832953,13.502388059701492,Low,1,7,3,1,1,1,0,1,0,0,1,0,27.01764705882353,73.48235294117647,0.0,0.3230605973514912,Medium Value,6030.0,1,Churned
99203-JAM,Male,72,No,Jammu & Kashmir,0,10,NO DEAL,No,No,Yes,DSL,No,Yes,No,No,Yes,No,No,Yes,Month-to-Month,Yes,Mailed Check,39.0,679.85,0.0,0,0.0,679.85,Churned,Competitor,Competitor had better devices,1,Elder,7-12 Months,Growing,67.985,0.0,679.85,0.0573655953519158,17.432051282051283,No Referral,0,3,1,1,0,0,0,1,0,0,1,0,67.985,-28.985,0.0,0.0,Medium Value,2808.0,1,Churned
75578-TAM,Female,42,Yes,Tamil Nadu,10,21,Deal 5,Yes,No,Yes,Cable,Yes,No,No,Yes,No,No,No,Yes,Month-to-Month,Yes,Mailed Check,55.1,154.65,0.0,0,78.12,232.77,Churned,Competitor,Competitor offered higher download speeds,1,Middle Age,13-24 Months,Growing,11.084285714285716,78.12,232.77,0.2367143532242127,4.2245009074410165,High,1,4,0,2,1,0,0,1,1,0,1,0,7.364285714285715,47.73571428571429,0.0,0.3356102590540018,Low Value,2314.2000000000003,1,Churned
41464-UTT,Female,68,No,Uttar Pradesh,12,6,Deal 5,Yes,No,Yes,Fiber Optic,No,No,No,No,No,No,No,Yes,Month-to-Month,No,Credit Card,70.85,70.85,0.0,0,49.6,120.45,Churned,Price,Long distance charges,1,Elder,0-6 Months,New,20.075,49.6,120.45,0.5882108758821087,1.700070571630205,High,1,2,0,0,1,0,0,1,0,0,0,0,11.808333333333332,59.04166666666666,0.0,0.4117891241178912,Low Value,4817.799999999999,1,Churned
45978-GUJ,Female,38,Yes,Gujarat,2,19,NO DEAL,Yes,No,No,No Type,No,No,No,No,No,No,No,No,Month-to-Month,No,Credit Card,20.75,44.2,0.0,0,55.34,99.54,Joined,Others,Others,0,Middle Age,13-24 Months,Growing,5.238947368421053,55.34,99.54,0.2084589109905565,4.79710843373494,Low,1,1,0,0,1,0,0,0,0,0,0,0,2.3263157894736843,18.423684210526314,0.0,0.5559574040586699,Low Value,788.5,1,Churned
91835-GUJ,Male,21,Yes,Gujarat,12,5,NO DEAL,Yes,No,Yes,Cable,No,No,Yes,Yes,Yes,Yes,Yes,Yes,Month-to-Month,Yes,Bank Withdrawal,75.5,75.5,0.0,0,5.63,81.13,Joined,Others,Others,0,Young Adult,0-6 Months,New,16.226,5.63,81.13,0.9306052015284112,1.074569536423841,High,1,7,3,2,1,0,0,1,0,0,1,0,15.1,60.4,0.0,0.0693947984715888,Low Value,1585.5,1,Churned
56148-HAR,Male,77,No,Haryana,1,26,NO DEAL,Yes,Yes,Yes,Fiber Optic,No,Yes,No,No,No,No,No,Yes,Month-to-Month,Yes,Bank Withdrawal,81.45,2122.05,0.0,0,1158.57,3280.62,Churned,Competitor,Competitor offered more data,1,Elder,25-48 Months,Established,126.1776923076923,1158.57,3280.62,0.0248276240466741,40.27771639042357,Low,1,4,0,1,1,1,0,1,0,0,1,0,81.6173076923077,-0.1673076923077019,0.0,0.3531558059147356,High Value,6271.650000000001,1,Churned
19404-WES,Female,24,No,West Bengal,11,4,Deal 5,No,No,Yes,DSL,No,No,No,No,No,Yes,Yes,Yes,Month-to-Month,Yes,Bank Withdrawal,34.7,62.25,0.0,0,0.0,62.25,Churned,Competitor,Competitor made better offer,1,Young Adult,0-6 Months,New,15.5625,0.0,62.25,0.5574297188755021,1.7939481268011526,High,1,3,2,0,0,0,0,1,0,0,1,0,15.5625,19.137500000000003,0.0,0.0,Low Value,832.8000000000001,1,Churned
37047-DEL,Male,80,Yes,Delhi,2,34,NO DEAL,No,No,Yes,DSL,No,Yes,No,No,Yes,Yes,Yes,No,Month-to-Month,Yes,Bank Withdrawal,49.15,2550.9,0.0,30,0.0,2580.9,Churned,Competitor,Competitor made better offer,1,Elder,25-48 Months,Established,75.90882352941176,30.0,2580.9,0.0190437444302375,52.51068158697864,Low,1,4,3,1,0,0,0,1,0,0,1,0,75.0264705882353,-25.8764705882353,0.0,0.0116238521446007,High Value,3932.0,1,Churned
19754-JAM,Female,63,No,Jammu & Kashmir,15,1,Deal 5,No,No,Yes,DSL,No,No,No,Yes,Yes,No,No,Yes,Month-to-Month,No,Mailed Check,40.65,328.95,0.0,0,0.0,328.95,Churned,Competitor,Competitor had better devices,1,Elder,0-6 Months,New,328.95,0.0,328.95,0.1235750113999088,8.092250922509225,High,1,3,1,1,0,0,0,1,0,0,0,0,328.95,-288.3,0.0,0.0,Low Value,2560.95,1,Churned
37270-MAH,Male,36,No,Maharashtra,10,18,NO DEAL,No,No,Yes,DSL,No,No,No,No,No,Yes,Yes,Yes,Month-to-Month,Yes,Bank Withdrawal,35.55,35.55,0.0,0,0.0,35.55,Churned,Other,Don't know,1,Middle Age,13-24 Months,Growing,1.975,0.0,35.55,1.0,1.0,High,1,3,2,0,0,0,0,1,0,0,1,0,1.975,33.575,0.0,0.0,Low Value,1279.8,1,Churned
33717-JAM,Male,42,No,Jammu & Kashmir,10,29,NO DEAL,Yes,Yes,Yes,Fiber Optic,No,No,No,No,Yes,No,No,Yes,Month-to-Month,No,Bank Withdrawal,85.45,4517.25,0.0,0,870.79,5388.04,Churned,Other,Don't know,1,Middle Age,25-48 Months,Established,185.7944827586207,870.79,5388.04,0.015859199263554,63.05488589818607,High,1,4,1,0,1,1,0,1,0,0,0,0,155.76724137931035,-70.31724137931035,0.0,0.1616153554910505,Very High Value,3588.9,1,Churned
77892-RAJ,Female,51,Yes,Rajasthan,14,17,Deal 3,Yes,Yes,Yes,DSL,Yes,Yes,No,Yes,No,No,No,Yes,One Year,Yes,Mailed Check,64.4,2088.75,0.0,0,1169.94,3258.69,Churned,Attitude,Attitude of support person,1,Senior,13-24 Months,Growing,191.68764705882356,1169.94,3258.69,0.0197625426168184,50.60077639751552,High,1,6,0,3,1,1,1,1,1,0,1,0,122.86764705882354,-58.46764705882353,0.0,0.3590215700173996,High Value,3284.4,1,Churned
28861-GUJ,Male,30,Yes,Gujarat,13,34,NO DEAL,Yes,Yes,Yes,Fiber Optic,Yes,No,No,No,No,No,Yes,Yes,Month-to-Month,No,Bank Withdrawal,82.4,1592.35,33.43,0,732.0,2290.92,Churned,Price,Price too high,1,Young Adult,25-48 Months,Established,67.38,732.0,2257.49,0.0359680826916697,27.80242718446602,High,1,5,1,1,1,1,0,1,1,0,0,0,46.83382352941176,35.566176470588246,0.0209941281753383,0.3195222879891048,High Value,2472.0,1,Churned
79605-BIH,Female,36,No,Bihar,7,20,Deal 5,Yes,No,Yes,Cable,Yes,No,No,Yes,No,No,No,No,Month-to-Month,No,Credit Card,53.85,259.8,22.96,10,121.6,368.44,Churned,Competitor,Competitor offered higher download speeds,1,Middle Age,13-24 Months,Growing,18.422,131.6,345.48,0.1461567690804473,6.84196843082637,High,1,3,0,2,1,0,0,1,1,0,0,0,12.99,40.86,0.0883756735950731,0.3571816306589946,Low Value,1938.6,1,Churned
98788-TAM,Male,58,Yes,Tamil Nadu,4,16,Deal 5,Yes,No,No,No Type,No,No,No,No,No,No,No,No,Month-to-Month,Yes,Mailed Check,20.05,39.25,0.0,0,13.7,52.95,Joined,Others,Others,0,Senior,13-24 Months,Growing,3.309375,13.7,52.95,0.3786591123701605,2.6408977556109727,Medium,1,1,0,0,1,0,0,0,0,0,1,0,2.453125,17.596875,0.0,0.2587346553352219,Low Value,1162.9,1,Churned
79970-AND,Female,33,No,Andhra Pradesh,15,6,NO DEAL,Yes,Yes,Yes,Fiber Optic,No,No,Yes,No,Yes,Yes,Yes,Yes,Month-to-Month,Yes,Credit Card,102.25,1359.0,0.0,0,397.15,1756.15,Churned,Competitor,Competitor had better devices,1,Middle Age,0-6 Months,New,292.69166666666666,397.15,1756.15,0.0582239558124305,17.175061124694377,High,1,7,3,1,1,1,0,1,0,0,1,0,226.5,-124.25,0.0,0.2261481080773282,Medium Value,3374.25,1,Churned
19235-GUJ,Female,71,No,Gujarat,15,18,NO DEAL,Yes,No,Yes,Fiber Optic,No,No,Yes,No,No,Yes,Yes,Yes,Month-to-Month,Yes,Credit Card,84.6,865.55,0.0,0,168.5,1034.05,Churned,Attitude,Attitude of support person,1,Elder,13-24 Months,Growing,57.44722222222222,168.5,1034.05,0.0818142256177167,12.222813238770684,High,1,5,2,1,1,0,0,1,0,0,1,0,48.08611111111111,36.513888888888886,0.0,0.1629515013780765,Medium Value,6006.599999999999,1,Churned
79971-GUJ,Male,65,Yes,Gujarat,1,17,Deal 5,Yes,No,Yes,Fiber Optic,No,No,No,Yes,No,Yes,Yes,Yes,Month-to-Month,Yes,Credit Card,85.4,425.9,0.0,0,217.55,643.45,Churned,Price,Long distance charges,1,Elder,13-24 Months,Growing,37.85,217.55,643.45,0.1327220452249592,7.534543325526932,Low,1,5,2,1,1,0,0,1,0,0,1,0,25.052941176470583,60.34705882352942,0.0,0.3380993084155723,Medium Value,5551.0,1,Churned
12842-TAM,Female,26,Yes,Tamil Nadu,11,8,Deal 5,Yes,Yes,Yes,Fiber Optic,No,No,Yes,No,Yes,Yes,Yes,Yes,Month-to-Month,No,Bank Withdrawal,101.15,385.9,0.0,0,38.24,424.14,Churned,Competitor,Competitor had better devices,1,Young Adult,7-12 Months,Growing,53.0175,38.24,424.14,0.2384825765077569,4.193178447849728,High,1,7,3,1,1,1,0,1,0,0,0,0,48.2375,52.91250000000001,0.0,0.0901589097939359,Low Value,2629.9,1,Churned
41644-RAJ,Female,27,No,Rajasthan,2,33,NO DEAL,Yes,No,No,No Type,No,No,No,No,No,No,No,No,Month-to-Month,No,Mailed Check,19.5,31.55,0.0,0,56.04,87.59,Churned,Dissatisfaction,Limited range of services,1,Young Adult,25-48 Months,Established,2.6542424242424243,56.04,87.59,0.2226281538988468,4.491794871794872,Low,1,1,0,0,1,0,0,0,0,0,0,0,0.956060606060606,18.543939393939397,0.0,0.6397990638200708,Low Value,526.5,1,Churned
29045-JAM,Female,69,Yes,Jammu & Kashmir,5,32,NO DEAL,Yes,No,Yes,Fiber Optic,Yes,No,Yes,No,Yes,Yes,No,Yes,Month-to-Month,Yes,Bank Withdrawal,101.25,2754.45,0.0,0,1237.14,3991.59,Churned,Attitude,Attitude of service provider,1,Elder,25-48 Months,Established,124.7371875,1237.14,3991.59,0.0253658316610673,39.42311111111111,Medium,1,6,2,2,1,0,0,1,1,0,1,0,86.0765625,15.173437500000006,0.0,0.3099366417893621,High Value,6986.25,1,Churned
93405-AND,Male,60,No,Andhra Pradesh,13,32,Deal 5,Yes,No,Yes,DSL,No,No,No,No,No,No,No,Yes,Month-to-Month,Yes,Mailed Check,45.7,45.7,0.0,0,5.55,51.25,Churned,Competitor,Competitor offered higher download speeds,1,Senior,25-48 Months,Established,1.6015625,5.55,51.25,0.8917073170731707,1.1214442013129102,High,1,2,0,0,1,0,0,1,0,0,1,0,1.428125,44.271875,0.0,0.1082926829268292,Low Value,2742.0,1,Churned
89378-PUN,Female,51,Yes,Punjab,11,19,NO DEAL,Yes,Yes,Yes,Fiber Optic,No,Yes,Yes,No,Yes,Yes,Yes,Yes,Month-to-Month,Yes,Bank Withdrawal,104.3,5278.15,11.45,0,1914.84,7181.54,Churned,Competitor,Competitor offered more data,1,Senior,13-24 Months,Growing,377.9757894736842,1914.84,7170.09,0.0145233473600369,68.85465004793863,High,1,8,3,2,1,1,0,1,0,0,1,0,277.7973684210526,-173.4973684210526,0.0021693206900144,0.2666336189730893,Very High Value,5319.3,1,Churned
86512-HAR,Male,44,No,Haryana,8,19,Deal 4,Yes,Yes,Yes,Fiber Optic,No,No,Yes,No,Yes,Yes,Yes,Yes,Month-to-Month,Yes,Bank Withdrawal,99.5,1056.95,0.0,0,341.88,1398.83,Churned,Dissatisfaction,Network reliability,1,Middle Age,13-24 Months,Growing,73.62263157894736,341.88,1398.83,0.0711308736587005,14.05859296482412,High,1,7,3,1,1,1,0,1,0,0,1,0,55.62894736842105,43.87105263157895,0.0,0.2444042521249901,Medium Value,4378.0,1,Churned
22025-MAD,Female,63,Yes,Madhya Pradesh,14,18,NO DEAL,Yes,Yes,Yes,Fiber Optic,No,Yes,Yes,No,Yes,Yes,No,Yes,Two Year,Yes,Bank Withdrawal,104.15,7689.95,0.0,0,434.16,8124.11,Churned,Price,Extra data charges,1,Elder,13-24 Months,Growing,451.3394444444445,434.16,8124.11,0.0128198658068391,78.00393662986077,High,1,7,2,2,1,1,1,1,0,0,1,0,427.2194444444444,-323.06944444444446,0.0,0.0534409307604156,Very High Value,6561.450000000001,1,Churned
57048-PUN,Female,58,No,Punjab,7,7,Deal 5,Yes,No,Yes,Fiber Optic,No,Yes,No,No,Yes,No,No,Yes,Month-to-Month,No,Bank Withdrawal,83.75,247.25,0.0,0,139.08,386.33,Churned,Attitude,Attitude of support person,1,Senior,7-12 Months,Growing,55.19,139.08,386.33,0.2167835788056842,4.61289552238806,High,1,4,1,1,1,0,0,1,0,0,0,0,35.32142857142857,48.42857142857143,0.0,0.360003106152771,Low Value,4857.5,1,Churned
19849-BIH,Female,35,Yes,Bihar,3,13,NO DEAL,Yes,Yes,Yes,Fiber Optic,No,No,No,No,No,No,No,Yes,Month-to-Month,No,Bank Withdrawal,75.25,242.0,0.0,0,53.61,295.61,Churned,Attitude,Attitude of service provider,1,Middle Age,13-24 Months,Growing,22.73923076923077,53.61,295.61,0.2545583708264267,3.928372093023256,Medium,1,3,0,0,1,1,0,1,0,0,0,0,18.615384615384617,56.63461538461539,0.0,0.1813538107641825,Low Value,2633.75,1,Churned
48018-RAJ,Male,39,No,Rajasthan,1,14,NO DEAL,Yes,No,No,No Type,No,No,No,No,No,No,No,No,Month-to-Month,No,Credit Card,19.55,19.55,0.0,0,30.63,50.18,Joined,Others,Others,0,Middle Age,13-24 Months,Growing,3.584285714285714,30.63,50.18,0.3895974491829414,2.566751918158568,Low,1,1,0,0,1,0,0,0,0,0,0,0,1.3964285714285716,18.15357142857143,0.0,0.6104025508170585,Low Value,762.45,1,Churned
17661-PUN,Female,19,No,Punjab,2,11,Deal 5,Yes,No,Yes,Fiber Optic,No,No,Yes,No,No,No,Yes,No,Month-to-Month,No,Mailed Check,74.65,544.55,0.0,10,151.06,705.61,Churned,Competitor,Competitor offered more data,1,Young Adult,7-12 Months,Growing,64.14636363636363,161.06,705.61,0.1057949858987259,9.452243804420627,Low,1,3,1,1,1,0,0,1,0,0,0,0,49.50454545454545,25.145454545454555,0.0,0.2282564022618727,Medium Value,1418.35,1,Churned
76733-ODI,Female,47,No,Odisha,8,30,Deal 3,Yes,Yes,Yes,Fiber Optic,No,No,Yes,No,Yes,Yes,Yes,Yes,Month-to-Month,Yes,Bank Withdrawal,100.25,3527.6,0.0,0,367.15,3894.75,Churned,Competitor,Competitor offered higher download speeds,1,Senior,25-48 Months,Established,129.825,367.15,3894.75,0.0257397779061557,38.85037406483791,High,1,7,3,1,1,1,0,1,0,0,1,0,117.58666666666666,-17.33666666666666,0.0,0.0942679247705244,High Value,4711.75,1,Churned
29772-CHH,Female,57,No,Chhattisgarh,8,12,Deal 4,Yes,Yes,Yes,Fiber Optic,No,Yes,No,No,No,No,No,No,Month-to-Month,Yes,Bank Withdrawal,80.7,788.8,38.42,50,170.7,971.08,Churned,Competitor,Competitor offered more data,1,Senior,7-12 Months,Growing,80.92333333333333,220.7,932.66,0.0831033488487045,12.033209417596035,High,1,3,0,1,1,1,0,1,0,0,1,0,65.73333333333333,14.966666666666669,0.0487068965517241,0.2272727272727272,Medium Value,4599.900000000001,1,Churned
16562-UTT,Female,72,Yes,Uttar Pradesh,10,19,Deal 2,Yes,Yes,Yes,Fiber Optic,No,No,Yes,No,Yes,Yes,Yes,Yes,Month-to-Month,Yes,Bank Withdrawal,98.7,5812.6,0.0,0,184.44,5997.04,Churned,Competitor,Competitor had better devices,1,Elder,13-24 Months,Growing,315.6336842105263,184.44,5997.04,0.0164581193388738,60.76028368794326,High,1,7,3,1,1,1,0,1,0,0,1,0,305.9263157894737,-207.2263157894737,0.0,0.0307551725517922,Very High Value,7106.400000000001,1,Churned
16149-ASS,Female,66,Yes,Assam,2,7,NO DEAL,Yes,No,Yes,Fiber Optic,No,Yes,No,No,No,No,No,Yes,Month-to-Month,Yes,Bank Withdrawal,73.65,1463.5,0.0,0,107.4,1570.9,Churned,Competitor,Competitor had better devices,1,Elder,7-12 Months,Growing,224.4142857142857,107.4,1570.9,0.0468839518747215,21.32926001357773,Low,1,3,0,1,1,0,0,1,0,0,1,0,209.07142857142856,-135.42142857142858,0.0,0.0683684512063148,Medium Value,4860.900000000001,1,Churned
29740-AND,Male,51,No,Andhra Pradesh,4,1,NO DEAL,Yes,Yes,Yes,Fiber Optic,Yes,No,No,No,Yes,Yes,Yes,No,Month-to-Month,No,Mailed Check,98.15,1230.25,0.0,40,43.68,1313.93,Churned,Price,Long distance charges,1,Senior,0-6 Months,New,1313.93,83.68,1313.93,0.0746995654258598,13.38695873662761,Medium,1,6,3,1,1,1,0,1,1,0,0,0,1230.25,-1132.1,0.0,0.0636868021888533,Medium Value,5005.650000000001,1,Churned
93516-BIH,Male,41,Yes,Bihar,9,17,NO DEAL,Yes,No,Yes,Fiber Optic,No,No,No,Yes,Yes,Yes,Yes,Yes,Month-to-Month,Yes,Bank Withdrawal,96.2,3183.4,0.0,0,806.72,3990.12,Churned,Attitude,Attitude of support person,1,Middle Age,13-24 Months,Growing,234.7129411764706,806.72,3990.12,0.0241095505899571,41.47733887733887,High,1,6,3,1,1,0,0,1,0,0,1,0,187.25882352941176,-91.05882352941175,0.0,0.2021793830761982,High Value,3944.2,1,Churned
27402-AND,Male,25,No,Andhra Pradesh,14,35,Deal 5,Yes,No,Yes,Fiber Optic,No,No,No,No,No,No,Yes,Yes,Month-to-Month,Yes,Mailed Check,70.8,70.8,0.0,0,30.6,101.4,Churned,Competitor,Competitor made better offer,1,Young Adult,25-48 Months,Established,2.897142857142857,30.6,101.4,0.6982248520710058,1.4322033898305089,High,1,3,1,0,1,0,0,1,0,0,1,0,2.0228571428571427,68.77714285714285,0.0,0.301775147928994,Low Value,1770.0,1,Churned
76097-RAJ,Female,33,Yes,Rajasthan,1,26,Deal 5,Yes,No,Yes,Cable,No,No,No,No,Yes,Yes,Yes,Yes,Month-to-Month,Yes,Bank Withdrawal,89.55,89.55,0.0,0,42.46,132.01,Churned,Competitor,Competitor had better devices,1,Middle Age,25-48 Months,Established,5.077307692307692,42.46,132.01,0.6783577001742293,1.474148520379676,Low,1,5,3,0,1,0,0,1,0,0,1,0,3.444230769230769,86.10576923076923,0.0,0.3216422998257708,Low Value,2955.15,1,Churned
31601-DEL,Female,31,Yes,Delhi,2,10,NO DEAL,Yes,No,No,No Type,No,No,No,No,No,No,No,No,Month-to-Month,No,Credit Card,19.65,19.65,0.0,0,42.42,62.07,Joined,Others,Others,0,Middle Age,7-12 Months,Growing,6.207,42.42,62.07,0.3165780570323828,3.1587786259541986,Low,1,1,0,0,1,0,0,0,0,0,0,0,1.965,17.685,0.0,0.6834219429676173,Low Value,609.15,1,Churned
74651-WES,Female,30,Yes,West Bengal,7,23,NO DEAL,No,No,Yes,DSL,No,Yes,No,No,No,No,No,Yes,Month-to-Month,No,Credit Card,29.2,98.5,0.0,0,0.0,98.5,Joined,Others,Others,0,Young Adult,13-24 Months,Growing,4.282608695652174,0.0,98.5,0.2964467005076142,3.3732876712328768,High,1,2,0,1,0,0,0,1,0,0,0,0,4.282608695652174,24.917391304347824,0.0,0.0,Low Value,876.0,1,Churned
91093-JAM,Female,28,No,Jammu & Kashmir,5,3,Deal 1,Yes,Yes,Yes,Fiber Optic,No,No,Yes,No,Yes,Yes,Yes,Yes,Month-to-Month,Yes,Credit Card,99.45,7007.6,0.0,0,3367.2,10374.8,Churned,Competitor,Competitor made better offer,1,Young Adult,0-6 Months,New,3458.2666666666664,3367.2,10374.8,0.0095857269537726,104.32176973353442,Medium,1,7,3,1,1,1,0,1,0,0,1,0,2335.866666666667,-2236.416666666667,0.0,0.324555654084898,Very High Value,2784.6,1,Churned
42358-BIH,Female,53,No,Bihar,9,35,NO DEAL,Yes,No,Yes,DSL,No,No,No,No,Yes,No,No,Yes,Month-to-Month,Yes,Bank Withdrawal,54.2,140.4,0.0,0,124.14,264.54,Joined,Others,Others,0,Senior,25-48 Months,Established,7.558285714285715,124.14,264.54,0.2048839494972404,4.880811808118081,High,1,3,1,0,1,0,0,1,0,0,1,0,4.011428571428572,50.18857142857143,0.0,0.4692674075754139,Low Value,2872.6000000000004,1,Churned
11543-WES,Female,35,Yes,West Bengal,0,7,NO DEAL,Yes,No,Yes,DSL,Yes,No,No,No,No,No,No,Yes,Month-to-Month,No,Bank Withdrawal,49.4,874.8,0.0,0,375.48,1250.28,Churned,Other,Deceased,1,Middle Age,7-12 Months,Growing,178.61142857142858,375.48,1250.28,0.0395111495025114,25.30931174089069,No Referral,0,3,0,1,1,0,0,1,1,0,0,0,124.97142857142856,-75.57142857142856,0.0,0.3003167290526922,Medium Value,1729.0,1,Churned
59658-JAM,Female,24,No,Jammu & Kashmir,6,10,NO DEAL,Yes,No,No,No Type,No,No,No,No,No,No,No,No,Month-to-Month,Yes,Mailed Check,20.1,20.1,0.0,0,4.11,24.21,Churned,Competitor,Competitor made better offer,1,Young Adult,7-12 Months,Growing,2.4210000000000003,4.11,24.21,0.8302354399008675,1.2044776119402985,High,1,1,0,0,1,0,0,0,0,0,1,0,2.01,18.09,0.0,0.1697645600991326,Low Value,482.4,1,Churned
16936-GUJ,Female,29,No,Gujarat,4,28,Deal 5,Yes,No,No,No Type,No,No,No,No,No,No,No,No,Month-to-Month,No,Bank Withdrawal,20.0,137.6,0.0,0,112.28,249.88,Churned,Attitude,Attitude of support person,1,Young Adult,25-48 Months,Established,8.924285714285714,112.28,249.88,0.0800384184408516,12.494,Medium,1,1,0,0,1,0,0,0,0,0,0,0,4.914285714285714,15.085714285714284,0.0,0.4493356811269409,Low Value,580.0,1,Churned
36531-JAM,Male,58,No,Jammu & Kashmir,6,14,Deal 5,Yes,No,Yes,Fiber Optic,No,No,Yes,No,Yes,Yes,Yes,Yes,Month-to-Month,No,Bank Withdrawal,96.5,492.55,0.0,0,104.3,596.85,Churned,Competitor,Competitor made better offer,1,Senior,13-24 Months,Growing,42.63214285714286,104.3,596.85,0.1616821646979978,6.184974093264249,High,1,6,3,1,1,0,0,1,0,0,0,0,35.18214285714286,61.31785714285714,0.0,0.1747507749015665,Low Value,5597.0,1,Churned
71564-KAR,Female,48,No,Karnataka,6,5,NO DEAL,Yes,No,No,No Type,No,No,No,No,No,No,No,No,Month-to-Month,No,Credit Card,19.05,19.05,0.0,0,5.02,24.07,Joined,Others,Others,0,Senior,0-6 Months,New,4.814,5.02,24.07,0.7914416285832987,1.263517060367454,High,1,1,0,0,1,0,0,0,0,0,0,0,3.81,15.24,0.0,0.2085583714167012,Low Value,914.4,1,Churned
11264-MAH,Female,27,Yes,Maharashtra,14,17,Deal 5,No,No,Yes,DSL,No,No,No,No,No,No,Yes,Yes,Month-to-Month,Yes,Bank Withdrawal,-4.0,24.8,0.0,0,0.0,24.8,Churned,Dissatisfaction,Product dissatisfaction,1,Young Adult,13-24 Months,Growing,1.4588235294117649,0.0,24.8,-0.1612903225806451,-6.2,High,1,2,1,0,0,0,0,1,0,0,1,0,1.4588235294117649,-5.458823529411765,0.0,0.0,Low Value,-108.0,1,Churned
72873-JAM,Male,44,No,Jammu & Kashmir,2,12,Deal 4,Yes,Yes,Yes,Fiber Optic,No,No,No,No,No,No,No,Yes,Month-to-Month,Yes,Bank Withdrawal,-7.0,825.7,0.0,0,237.38,1063.08,Churned,Competitor,Competitor made better offer,1,Middle Age,7-12 Months,Growing,88.58999999999999,237.38,1063.08,-0.0065846408548745,-151.8685714285714,Low,1,3,0,0,1,1,0,1,0,0,1,0,68.80833333333334,-75.80833333333334,0.0,0.2232945780185875,Medium Value,-308.0,1,Churned
97033-BIH,Female,74,Yes,Bihar,0,9,Deal 3,Yes,Yes,Yes,Fiber Optic,No,No,No,Yes,Yes,Yes,No,Yes,Month-to-Month,Yes,Bank Withdrawal,101.5,2917.65,0.0,0,1440.6,4358.25,Stayed,Others,Others,0,Elder,7-12 Months,Growing,484.25,1440.6,4358.25,0.0232891642287615,42.9384236453202,No Referral,0,6,2,1,1,1,0,1,0,0,1,0,324.18333333333334,-222.6833333333333,0.0,0.3305455171226983,High Value,7511.0,1,Churned
41631-JAM,Male,26,Yes,Jammu & Kashmir,9,21,NO DEAL,Yes,No,No,No Type,No,No,No,No,No,No,No,No,Month-to-Month,No,Mailed Check,19.55,19.55,0.0,0,38.44,57.99,Churned,Competitor,Competitor made better offer,1,Young Adult,13-24 Months,Growing,2.761428571428572,38.44,57.99,0.3371270908777375,2.966240409207161,High,1,1,0,0,1,0,0,0,0,0,0,0,0.930952380952381,18.61904761904762,0.0,0.6628729091222624,Low Value,508.3,1,Churned
83908-DEL,Female,47,Yes,Delhi,15,28,Deal 5,Yes,No,Yes,Fiber Optic,No,No,No,No,No,No,No,Yes,Month-to-Month,Yes,Bank Withdrawal,70.85,70.85,0.0,0,27.05,97.9,Churned,Dissatisfaction,Network reliability,1,Senior,25-48 Months,Established,3.4964285714285714,27.05,97.9,0.7236976506639426,1.3817925194071985,High,1,2,0,0,1,0,0,1,0,0,1,0,2.5303571428571425,68.31964285714285,0.0,0.2763023493360572,Low Value,3329.95,1,Churned
59491-TAM,Female,20,Yes,Tamil Nadu,6,8,Deal 2,Yes,Yes,No,No Type,No,No,No,No,No,No,No,No,Two Year,Yes,Credit Card,25.15,1327.15,0.0,0,739.2,2066.35,Churned,Dissatisfaction,Service dissatisfaction,1,Young Adult,7-12 Months,Growing,258.29375,739.2,2066.35,0.0121712197836765,82.1610337972167,High,1,2,0,0,1,1,1,0,0,0,1,0,165.89375,-140.74375,0.0,0.3577322331647591,Medium Value,503.0,1,Churned
42556-JAM,Male,50,Yes,Jammu & Kashmir,9,27,NO DEAL,Yes,No,Yes,Fiber Optic,No,No,No,No,No,No,No,Yes,Month-to-Month,Yes,Mailed Check,69.9,69.9,0.0,0,4.99,74.89,Churned,Competitor,Competitor made better offer,1,Senior,25-48 Months,Established,2.773703703703704,4.99,74.89,0.9333689411136334,1.071387696709585,High,1,2,0,0,1,0,0,1,0,0,1,0,2.588888888888889,67.31111111111112,0.0,0.0666310588863666,Low Value,3495.0000000000005,1,Churned
22137-KAR,Female,51,No,Karnataka,4,28,NO DEAL,Yes,No,No,No Type,No,No,No,No,No,No,No,No,One Year,No,Credit Card,19.85,19.85,0.0,0,47.46,67.31,Joined,Others,Others,0,Senior,25-48 Months,Established,2.403928571428572,47.46,67.31,0.2949041747140098,3.390931989924433,Medium,1,1,0,0,1,0,1,0,0,0,0,0,0.7089285714285715,19.14107142857143,0.0,0.7050958252859901,Low Value,1012.35,1,Churned
96416-HAR,Male,27,No,Haryana,3,11,NO DEAL,Yes,No,No,No Type,No,No,No,No,No,No,No,No,Month-to-Month,No,Credit Card,20.15,20.15,0.0,0,33.58,53.73,Churned,Competitor,Competitor made better offer,1,Young Adult,7-12 Months,Growing,4.884545454545454,33.58,53.73,0.3750232644705006,2.666501240694789,Medium,1,1,0,0,1,0,0,0,0,0,0,0,1.8318181818181816,18.318181818181817,0.0,0.6249767355294994,Low Value,544.05,1,Churned
74520-ODI,Female,71,Yes,Odisha,7,14,NO DEAL,Yes,Yes,Yes,Fiber Optic,No,No,No,No,No,Yes,Yes,Yes,Month-to-Month,Yes,Bank Withdrawal,85.05,85.05,0.0,0,16.37,101.42,Churned,Competitor,Competitor had better devices,1,Elder,13-24 Months,Growing,7.244285714285715,16.37,101.42,0.8385919936896076,1.192475014697237,High,1,5,2,0,1,1,0,1,0,0,1,0,6.075,78.975,0.0,0.1614080063103924,Low Value,6038.55,1,Churned
99555-KAR,Male,64,Yes,Karnataka,10,26,NO DEAL,Yes,Yes,Yes,Fiber Optic,No,No,Yes,No,Yes,Yes,No,Yes,Month-to-Month,Yes,Bank Withdrawal,98.75,1587.55,0.0,0,242.56,1830.11,Churned,Attitude,Attitude of support person,1,Elder,25-48 Months,Established,70.38884615384615,242.56,1830.11,0.0539585052264618,18.532759493670884,High,1,6,2,1,1,1,0,1,0,0,1,0,61.05961538461538,37.690384615384616,0.0,0.1325384812934741,Medium Value,6320.0,1,Churned
44709-WES,Female,72,Yes,West Bengal,7,17,NO DEAL,No,No,Yes,DSL,No,Yes,No,No,No,No,No,Yes,Month-to-Month,Yes,Bank Withdrawal,30.75,82.85,0.0,0,0.0,82.85,Joined,Others,Others,0,Elder,13-24 Months,Growing,4.873529411764705,0.0,82.85,0.3711526855763428,2.694308943089431,High,1,2,0,1,0,0,0,1,0,0,1,0,4.873529411764705,25.876470588235293,0.0,0.0,Low Value,2214.0,1,Churned
39870-WES,Male,40,No,West Bengal,10,21,Deal 5,Yes,No,Yes,Fiber Optic,No,No,No,No,No,No,No,Yes,Month-to-Month,No,Bank Withdrawal,-7.0,69.75,0.0,0,27.97,97.72,Churned,Attitude,Attitude of support person,1,Middle Age,13-24 Months,Growing,4.653333333333333,27.97,97.72,-0.0716332378223495,-13.96,High,1,2,0,0,1,0,0,1,0,0,0,0,3.321428571428572,-10.321428571428571,0.0,0.286225951698731,Low Value,-280.0,1,Churned
71483-BIH,Male,47,Yes,Bihar,6,20,Deal 5,Yes,No,Yes,Fiber Optic,No,No,No,No,No,No,No,Yes,Month-to-Month,Yes,Credit Card,69.1,69.1,0.0,0,16.55,85.65,Churned,Other,Don't know,1,Senior,13-24 Months,Growing,4.282500000000001,16.55,85.65,0.8067717454757733,1.2395079594790162,High,1,2,0,0,1,0,0,1,0,0,1,0,3.455,65.645,0.0,0.1932282545242265,Low Value,3247.7,1,Churned
48317-TEL,Female,34,No,Telangana,9,11,Deal 5,Yes,No,No,No Type,No,No,No,No,No,No,No,No,Month-to-Month,Yes,Credit Card,19.6,59.75,0.0,0,39.84,99.59,Churned,Attitude,Attitude of support person,1,Middle Age,7-12 Months,Growing,9.053636363636365,39.84,99.59,0.1968069083241289,5.081122448979592,High,1,1,0,0,1,0,0,0,0,0,1,0,5.431818181818182,14.16818181818182,0.0,0.4000401646751682,Low Value,666.4000000000001,1,Churned
32129-GUJ,Male,67,No,Gujarat,12,29,NO DEAL,Yes,No,Yes,Fiber Optic,No,No,Yes,No,No,No,No,Yes,Month-to-Month,Yes,Bank Withdrawal,76.65,1313.55,0.0,0,520.37,1833.92,Churned,Competitor,Competitor offered more data,1,Elder,25-48 Months,Established,63.23862068965518,520.37,1833.92,0.0417957162798813,23.92589693411611,High,1,3,0,1,1,0,0,1,0,0,1,0,45.29482758620689,31.355172413793117,0.0,0.2837473826557319,Medium Value,5135.55,1,Churned
78890-UTT,Female,81,No,Uttar Pradesh,2,25,NO DEAL,Yes,Yes,Yes,Fiber Optic,No,Yes,No,Yes,Yes,No,No,Yes,Month-to-Month,Yes,Bank Withdrawal,95.05,4504.55,0.0,0,668.34,5172.89,Churned,Competitor,Competitor offered higher download speeds,1,Elder,25-48 Months,Established,206.9156,668.34,5172.89,0.0183746416413262,54.42283008942663,Low,1,6,1,2,1,1,0,1,0,0,1,0,180.182,-85.13200000000002,0.0,0.1292005049401785,Very High Value,7699.05,1,Churned
27856-UTT,Female,33,Yes,Uttar Pradesh,1,32,Deal 5,Yes,No,No,No Type,No,No,No,No,No,No,No,No,Month-to-Month,Yes,Bank Withdrawal,19.25,19.25,0.0,0,9.44,28.69,Joined,Others,Others,0,Middle Age,25-48 Months,Established,0.8965625,9.44,28.69,0.6709654932032066,1.4903896103896104,Low,1,1,0,0,1,0,0,0,0,0,1,0,0.6015625,18.6484375,0.0,0.3290345067967933,Low Value,635.25,1,Churned
26567-UTT,Female,67,Yes,Uttar Pradesh,1,35,NO DEAL,Yes,No,No,No Type,No,No,No,No,No,No,No,No,Two Year,No,Credit Card,20.35,20.35,0.0,0,30.09,50.44,Joined,Others,Others,0,Elder,25-48 Months,Established,1.441142857142857,30.09,50.44,0.4034496431403648,2.4786240786240783,Low,1,1,0,0,1,0,1,0,0,0,0,0,0.5814285714285715,19.76857142857143,0.0,0.5965503568596352,Low Value,1363.45,1,Churned
98716-GUJ,Female,62,Yes,Gujarat,14,23,Deal 4,Yes,Yes,Yes,Fiber Optic,No,Yes,No,No,No,Yes,No,Yes,Month-to-Month,No,Bank Withdrawal,89.85,1424.95,0.0,0,64.2,1489.15,Churned,Dissatisfaction,Service dissatisfaction,1,Elder,13-24 Months,Growing,64.74565217391304,64.2,1489.15,0.0603364335359097,16.573734001112967,High,1,5,1,1,1,1,0,1,0,0,0,0,61.95434782608696,27.895652173913035,0.0,0.0431118423261592,Medium Value,5570.7,1,Churned
84377-ASS,Female,63,No,Assam,6,3,NO DEAL,Yes,No,Yes,Fiber Optic,Yes,Yes,No,Yes,Yes,Yes,Yes,Yes,One Year,No,Credit Card,105.95,1348.9,0.0,0,78.82,1427.72,Churned,Competitor,Competitor offered higher download speeds,1,Elder,0-6 Months,New,475.9066666666667,78.82,1427.72,0.0742092287003053,13.475412930627655,High,1,8,3,3,1,0,1,1,1,0,0,0,449.6333333333334,-343.6833333333334,0.0,0.0552069033143753,Medium Value,6674.85,1,Churned
92424-PUN,Female,40,No,Punjab,12,9,NO DEAL,Yes,Yes,Yes,Cable,No,Yes,No,No,No,No,No,Yes,Month-to-Month,Yes,Credit Card,55.0,3092.65,0.0,0,361.8,3454.45,Churned,Other,Don't know,1,Middle Age,7-12 Months,Growing,383.8277777777778,361.8,3454.45,0.0159214925675577,62.808181818181815,High,1,4,0,1,1,1,0,1,0,0,1,0,343.6277777777778,-288.6277777777778,0.0,0.1047344729262256,High Value,2200.0,1,Churned
73262-HAR,Male,34,Yes,Haryana,2,25,Deal 4,Yes,No,Yes,DSL,No,Yes,No,Yes,No,No,No,No,Month-to-Month,Yes,Credit Card,53.9,834.15,0.0,40,109.76,983.91,Churned,Other,Don't know,1,Middle Age,25-48 Months,Established,39.3564,149.76,983.91,0.0547814332611722,18.254359925788496,Low,1,3,0,2,1,0,0,1,0,0,1,0,33.366,20.534,0.0,0.1522090435100771,Medium Value,1832.6,1,Churned
21518-GUJ,Male,69,Yes,Gujarat,14,27,NO DEAL,Yes,No,Yes,Fiber Optic,No,No,No,No,No,No,No,Yes,Month-to-Month,Yes,Credit Card,70.65,70.65,0.0,0,37.68,108.33,Churned,Competitor,Competitor had better devices,1,Elder,25-48 Months,Established,4.012222222222222,37.68,108.33,0.6521739130434783,1.5333333333333332,High,1,2,0,0,1,0,0,1,0,0,1,0,2.6166666666666667,68.03333333333335,0.0,0.3478260869565217,Low Value,4874.85,1,Churned
27465-JAM,Female,50,No,Jammu & Kashmir,10,30,NO DEAL,Yes,No,No,No Type,No,No,No,No,No,No,No,No,Month-to-Month,No,Credit Card,19.85,19.85,0.0,0,16.47,36.32,Joined,Others,Others,0,Senior,25-48 Months,Established,1.2106666666666668,16.47,36.32,0.5465308370044053,1.8297229219143576,High,1,1,0,0,1,0,0,0,0,0,0,0,0.6616666666666667,19.188333333333336,0.0,0.4534691629955947,Low Value,992.5,1,Churned
14769-GUJ,Female,59,Yes,Gujarat,13,31,NO DEAL,No,No,Yes,Cable,No,No,No,Yes,No,No,No,Yes,Month-to-Month,No,Bank Withdrawal,29.85,75.6,0.0,0,0.0,75.6,Churned,Other,Don't know,1,Senior,25-48 Months,Established,2.438709677419354,0.0,75.6,0.3948412698412699,2.5326633165829144,High,1,2,0,1,0,0,0,1,0,0,0,0,2.438709677419354,27.411290322580648,0.0,0.0,Low Value,1761.15,1,Churned
18825-AND,Female,40,No,Andhra Pradesh,12,3,NO DEAL,Yes,Yes,Yes,Fiber Optic,No,No,No,No,No,Yes,Yes,Yes,Month-to-Month,Yes,Bank Withdrawal,85.7,169.8,0.0,0,28.14,197.94,Churned,Attitude,Attitude of service provider,1,Middle Age,0-6 Months,New,65.98,28.14,197.94,0.4329594826715166,2.3096849474912484,High,1,5,2,0,1,1,0,1,0,0,1,0,56.6,29.1,0.0,0.1421642922097605,Low Value,3428.0,1,Churned
54195-MAH,Female,61,Yes,Maharashtra,11,23,NO DEAL,Yes,No,No,No Type,No,No,No,No,No,No,No,No,Month-to-Month,No,Bank Withdrawal,19.75,19.75,0.0,0,37.62,57.37,Joined,Others,Others,0,Elder,13-24 Months,Growing,2.4943478260869565,37.62,57.37,0.3442565800941258,2.9048101265822783,High,1,1,0,0,1,0,0,0,0,0,0,0,0.8586956521739131,18.89130434782609,0.0,0.6557434199058741,Low Value,1204.75,1,Churned
38504-GUJ,Male,55,No,Gujarat,12,31,Deal 5,Yes,Yes,Yes,Fiber Optic,No,No,No,No,No,No,No,Yes,Month-to-Month,Yes,Bank Withdrawal,74.95,74.95,0.0,0,30.07,105.02,Churned,Competitor,Competitor had better devices,1,Senior,25-48 Months,Established,3.387741935483871,30.07,105.02,0.7136735859836222,1.4012008005336891,High,1,3,0,0,1,1,0,1,0,0,1,0,2.417741935483871,72.53225806451613,0.0,0.2863264140163779,Low Value,4122.25,1,Churned
79966-ODI,Male,37,Yes,Odisha,7,7,NO DEAL,Yes,No,Yes,Fiber Optic,No,No,No,No,Yes,No,No,Yes,Month-to-Month,Yes,Bank Withdrawal,79.95,857.2,0.0,0,113.0,970.2,Churned,Competitor,Competitor had better devices,1,Middle Age,7-12 Months,Growing,138.6,113.0,970.2,0.0824056895485466,12.135084427767357,High,1,3,1,0,1,0,0,1,0,0,1,0,122.45714285714288,-42.50714285714287,0.0,0.116470830756545,Medium Value,2958.15,1,Churned
38748-AND,Female,22,Yes,Andhra Pradesh,13,6,NO DEAL,Yes,No,No,No Type,No,No,No,No,No,No,No,No,Month-to-Month,No,Bank Withdrawal,19.65,19.65,0.0,0,27.88,47.53,Joined,Others,Others,0,Young Adult,0-6 Months,New,7.921666666666667,27.88,47.53,0.4134231011992425,2.41882951653944,High,1,1,0,0,1,0,0,0,0,0,0,0,3.275,16.375,0.0,0.5865768988007574,Low Value,432.3,1,Churned
37657-KER,Female,57,Yes,Kerala,7,27,Deal 4,Yes,No,Yes,Fiber Optic,No,No,No,No,Yes,Yes,Yes,No,Month-to-Month,Yes,Bank Withdrawal,91.1,1135.7,0.0,80,70.59,1286.29,Churned,Attitude,Attitude of support person,1,Senior,25-48 Months,Established,47.64037037037037,150.59,1286.29,0.0708238422128757,14.11953896816685,High,1,4,3,0,1,0,0,1,0,0,1,0,42.06296296296296,49.03703703703703,0.0,0.1170731328083091,Medium Value,5192.7,1,Churned
49945-AND,Female,67,No,Andhra Pradesh,12,4,NO DEAL,Yes,Yes,Yes,Fiber Optic,No,No,No,No,No,No,No,Yes,Month-to-Month,No,Bank Withdrawal,73.6,520.0,0.0,0,266.49,786.49,Churned,Competitor,Competitor offered more data,1,Elder,0-6 Months,New,196.6225,266.49,786.49,0.0935803379572531,10.68600543478261,High,1,3,0,0,1,1,0,1,0,0,0,0,130.0,-56.400000000000006,0.0,0.3388345687802769,Medium Value,4931.2,1,Churned
17689-AND,Male,57,No,Andhra Pradesh,9,13,Deal 5,Yes,No,Yes,DSL,No,No,No,Yes,Yes,No,No,Yes,Month-to-Month,Yes,Credit Card,59.5,415.95,0.0,0,15.68,431.63,Churned,Other,Moved,1,Senior,13-24 Months,Growing,33.20230769230769,15.68,431.63,0.1378495470657739,7.254285714285714,High,1,4,1,1,1,0,0,1,0,0,1,0,31.996153846153845,27.503846153846155,0.0,0.0363274100502745,Low Value,3391.5,1,Churned
44835-WES,Female,64,No,West Bengal,3,2,NO DEAL,Yes,Yes,Yes,DSL,No,No,No,No,No,No,No,Yes,One Year,Yes,Credit Card,48.35,1067.15,0.0,0,133.4,1200.55,Churned,Other,Don't know,1,Elder,0-6 Months,New,600.275,133.4,1200.55,0.0402732081129482,24.83040330920372,Medium,1,3,0,0,1,1,1,1,0,0,1,0,533.575,-485.225,0.0,0.1111157386197992,Medium Value,3094.4,1,Churned
78918-BIH,Female,59,No,Bihar,12,11,Deal 5,Yes,No,Yes,Fiber Optic,Yes,No,No,No,No,Yes,Yes,Yes,Month-to-Month,Yes,Credit Card,86.05,244.85,0.0,0,54.78,299.63,Joined,Others,Others,0,Senior,7-12 Months,Growing,27.23909090909091,54.78,299.63,0.2871875312885892,3.4820453224869263,High,1,5,2,1,1,0,0,1,1,0,1,0,22.259090909090908,63.79090909090909,0.0,0.1828254847645429,Low Value,5076.95,1,Churned
88631-JAM,Male,51,Yes,Jammu & Kashmir,11,19,Deal 5,Yes,No,Yes,DSL,No,No,No,Yes,No,No,No,Yes,Month-to-Month,Yes,Bank Withdrawal,49.65,267.35,0.0,0,293.34,560.69,Churned,Dissatisfaction,Lack of self-service on Website,1,Senior,13-24 Months,Growing,29.51,293.34,560.69,0.0885516060568228,11.292849949647534,High,1,3,0,1,1,0,0,1,0,0,1,0,14.071052631578947,35.57894736842105,0.0,0.523176800014268,Low Value,2532.15,1,Churned
45159-UTT,Female,52,Yes,Uttar Pradesh,14,13,Deal 4,Yes,No,No,No Type,No,No,No,No,No,No,No,No,Month-to-Month,No,Credit Card,19.0,233.55,0.0,0,233.76,467.31,Churned,Competitor,Competitor made better offer,1,Senior,13-24 Months,Growing,35.94692307692308,233.76,467.31,0.0406582354325822,24.59526315789474,High,1,1,0,0,1,0,0,0,0,0,0,0,17.965384615384615,1.0346153846153854,0.0,0.5002246902484432,Low Value,988.0,1,Churned
73366-UTT,Male,21,Yes,Uttar Pradesh,13,6,Deal 5,Yes,No,Yes,Cable,No,Yes,No,No,No,No,No,Yes,Month-to-Month,Yes,Credit Card,49.6,114.7,0.0,0,42.56,157.26,Churned,Dissatisfaction,Network reliability,1,Young Adult,0-6 Months,New,26.21,42.56,157.26,0.3154012463436347,3.170564516129032,High,1,3,0,1,1,0,0,1,0,0,1,0,19.116666666666667,30.48333333333333,0.0,0.2706346178303447,Low Value,1041.6,1,Churned
96811-HAR,Male,40,No,Haryana,6,3,NO DEAL,Yes,Yes,Yes,Fiber Optic,Yes,No,Yes,No,Yes,Yes,Yes,Yes,Month-to-Month,No,Credit Card,105.95,5341.8,0.0,0,1044.0,6385.8,Churned,Price,Extra data charges,1,Middle Age,0-6 Months,New,2128.6,1044.0,6385.8,0.0165914998903817,60.27182633317603,High,1,8,3,2,1,1,0,1,1,0,0,0,1780.6,-1674.65,0.0,0.1634877384196185,Very High Value,4238.0,1,Churned
99515-ASS,Male,34,No,Assam,11,11,NO DEAL,Yes,Yes,Yes,Cable,No,No,No,Yes,Yes,No,No,Yes,Month-to-Month,Yes,Credit Card,65.25,209.9,0.0,0,128.04,337.94,Joined,Others,Others,0,Middle Age,7-12 Months,Growing,30.721818181818183,128.04,337.94,0.1930816121204947,5.179157088122605,High,1,5,1,1,1,1,0,1,0,0,1,0,19.081818181818186,46.16818181818182,0.0,0.3788838255311593,Low Value,2218.5,1,Churned
75737-KAR,Female,70,Yes,Karnataka,1,18,NO DEAL,Yes,No,Yes,Fiber Optic,No,No,No,No,Yes,Yes,No,Yes,Month-to-Month,No,Credit Card,90.45,1266.1,0.0,0,158.34,1424.44,Churned,Competitor,Competitor offered more data,1,Elder,13-24 Months,Growing,79.13555555555556,158.34,1424.44,0.0634986380612732,15.748369264787176,Low,1,4,2,0,1,0,0,1,0,0,0,0,70.33888888888889,20.111111111111114,0.0,0.1111594731964842,Medium Value,6331.5,1,Churned
85997-JAM,Female,62,Yes,Jammu & Kashmir,5,17,Deal 5,Yes,No,No,No Type,No,No,No,No,No,No,No,No,Month-to-Month,Yes,Credit Card,20.1,20.1,0.0,0,40.83,60.93,Churned,Price,Long distance charges,1,Elder,13-24 Months,Growing,3.5841176470588234,40.83,60.93,0.3298867552929591,3.031343283582089,Medium,1,1,0,0,1,0,0,0,0,0,1,0,1.1823529411764706,18.91764705882353,0.0,0.6701132447070408,Low Value,1246.2,1,Churned
42735-WES,Female,76,Yes,West Bengal,7,35,NO DEAL,Yes,Yes,Yes,Fiber Optic,No,Yes,No,No,Yes,Yes,No,Yes,Month-to-Month,Yes,Bank Withdrawal,99.95,3186.65,0.0,0,1220.16,4406.81,Churned,Competitor,Competitor made better offer,1,Elder,25-48 Months,Established,125.90885714285716,1220.16,4406.81,0.0226808053898398,44.090145072536274,High,1,6,2,1,1,1,0,1,0,0,1,0,91.04714285714286,8.902857142857144,0.0,0.2768805553223306,High Value,7596.2,1,Churned
87090-CHH,Male,63,No,Chhattisgarh,4,3,Deal 5,Yes,No,Yes,DSL,No,No,No,No,No,Yes,Yes,No,Month-to-Month,No,Bank Withdrawal,54.3,195.3,0.0,80,160.6,435.9,Churned,Price,Long distance charges,1,Elder,0-6 Months,New,145.29999999999998,240.6,435.9,0.1245698554714384,8.027624309392266,Medium,1,3,2,0,1,0,0,1,0,0,0,0,65.10000000000001,-10.800000000000011,0.0,0.5519614590502409,Low Value,3420.9,1,Churned
65825-JAM,Female,50,Yes,Jammu & Kashmir,0,10,Deal 5,Yes,No,Yes,Fiber Optic,No,No,Yes,No,No,No,No,Yes,Month-to-Month,Yes,Bank Withdrawal,75.75,655.9,0.0,0,285.75,941.65,Churned,Competitor,Competitor made better offer,1,Senior,7-12 Months,Growing,94.165,285.75,941.65,0.0804439016619763,12.431023102310233,No Referral,0,3,0,1,1,0,0,1,0,0,1,0,65.59,10.159999999999997,0.0,0.3034566983486433,Medium Value,3787.5,1,Churned
57207-ODI,Female,39,Yes,Odisha,0,23,Deal 2,Yes,Yes,Yes,Fiber Optic,No,No,No,No,Yes,Yes,Yes,Yes,Month-to-Month,Yes,Bank Withdrawal,96.8,5283.95,0.0,0,2605.9,7889.85,Churned,Competitor,Competitor offered more data,1,Middle Age,13-24 Months,Growing,343.0369565217392,2605.9,7889.85,0.0122689277996413,81.50671487603306,No Referral,0,6,3,0,1,1,0,1,0,0,1,0,229.73695652173916,-132.93695652173915,0.0,0.3302851131517075,Very High Value,3775.2,1,Churned
55152-TAM,Female,64,No,Tamil Nadu,10,25,NO DEAL,Yes,Yes,Yes,Fiber Optic,Yes,Yes,No,No,No,Yes,No,Yes,One Year,Yes,Credit Card,96.55,6581.9,0.0,0,134.64,6716.54,Churned,Attitude,Attitude of service provider,1,Elder,25-48 Months,Established,268.6616,134.64,6716.54,0.0143749609173771,69.56540652511652,High,1,6,1,2,1,1,1,1,1,0,1,0,263.276,-166.726,0.0,0.0200460356076193,Very High Value,6179.2,1,Churned
51098-DEL,Female,61,Yes,Delhi,9,32,Deal 4,Yes,Yes,Yes,Fiber Optic,No,No,No,No,No,Yes,No,Yes,Month-to-Month,Yes,Credit Card,85.35,1375.15,0.0,0,158.88,1534.03,Churned,Dissatisfaction,Limited range of services,1,Elder,25-48 Months,Established,47.9384375,158.88,1534.03,0.0556377645808752,17.973403632103107,High,1,4,1,0,1,1,0,1,0,0,1,0,42.9734375,42.37656249999999,0.0,0.1035703343480896,Medium Value,5206.349999999999,1,Churned
43353-GUJ,Female,72,Yes,Gujarat,11,33,NO DEAL,Yes,Yes,Yes,Fiber Optic,No,No,Yes,No,No,Yes,No,Yes,Month-to-Month,Yes,Bank Withdrawal,88.85,372.45,0.0,0,51.44,423.89,Churned,Other,Don't know,1,Elder,25-48 Months,Established,12.845151515151514,51.44,423.89,0.2096062657764986,4.77084974676421,High,1,5,1,1,1,1,0,1,0,0,1,0,11.286363636363635,77.56363636363636,0.0,0.1213522376088136,Low Value,6397.2,1,Churned
96613-WES,Male,57,No,West Bengal,9,5,NO DEAL,Yes,No,Yes,Fiber Optic,No,No,No,No,No,Yes,Yes,Yes,Month-to-Month,No,Bank Withdrawal,79.9,79.9,0.0,0,23.2,103.1,Churned,Attitude,Attitude of support person,1,Senior,0-6 Months,New,20.62,23.2,103.1,0.7749757516973813,1.290362953692115,High,1,4,2,0,1,0,0,1,0,0,0,0,15.98,63.92,0.0,0.2250242483026188,Low Value,4554.3,1,Churned
57456-CHH,Male,72,Yes,Chhattisgarh,15,6,Deal 5,Yes,Yes,Yes,Fiber Optic,No,No,Yes,No,No,No,No,Yes,Month-to-Month,Yes,Bank Withdrawal,78.55,149.55,0.0,0,87.92,237.47,Churned,Competitor,Competitor made better offer,1,Elder,0-6 Months,New,39.57833333333333,87.92,237.47,0.3307786246683791,3.0231699554423934,High,1,4,0,1,1,1,0,1,0,0,1,0,24.925,53.625,0.0,0.3702362403672042,Low Value,5655.599999999999,1,Churned
59209-MAH,Male,31,No,Maharashtra,6,29,Deal 4,Yes,Yes,Yes,Fiber Optic,No,No,Yes,Yes,Yes,Yes,Yes,Yes,Month-to-Month,Yes,Bank Withdrawal,106.1,2249.95,0.0,0,458.43,2708.38,Churned,Price,Long distance charges,1,Middle Age,25-48 Months,Established,93.39241379310346,458.43,2708.38,0.0391747096050037,25.52667295004713,High,1,8,3,2,1,1,0,1,0,0,1,0,77.58448275862068,28.515517241379317,0.0,0.1692635449973785,High Value,3289.1,1,Churned
59807-JHA,Female,25,Yes,Jharkhand,14,25,Deal 5,Yes,Yes,Yes,Fiber Optic,No,No,No,No,No,No,No,Yes,Month-to-Month,Yes,Bank Withdrawal,75.5,220.6,0.0,0,142.53,363.13,Churned,Attitude,Attitude of service provider,1,Young Adult,25-48 Months,Established,14.5252,142.53,363.13,0.2079145209704513,4.809668874172186,High,1,3,0,0,1,1,0,1,0,0,1,0,8.824,66.676,0.0,0.3925040619062044,Low Value,1887.5,1,Churned
76986-BIH,Female,59,Yes,Bihar,9,8,NO DEAL,No,No,Yes,DSL,No,Yes,No,No,No,No,No,Yes,Month-to-Month,No,Bank Withdrawal,30.3,1380.1,0.0,0,0.0,1380.1,Churned,Dissatisfaction,Service dissatisfaction,1,Senior,7-12 Months,Growing,172.5125,0.0,1380.1,0.0219549308021157,45.54785478547854,High,1,2,0,1,0,0,0,1,0,0,0,0,172.5125,-142.21249999999998,0.0,0.0,Medium Value,1787.7,1,Churned
61892-MAH,Female,68,Yes,Maharashtra,4,17,Deal 4,Yes,Yes,Yes,DSL,No,No,No,Yes,No,No,No,Yes,Month-to-Month,No,Credit Card,55.0,757.1,0.0,0,257.85,1014.95,Churned,Other,Don't know,1,Elder,13-24 Months,Growing,59.70294117647059,257.85,1014.95,0.0541898615695354,18.453636363636363,Medium,1,4,0,1,1,1,0,1,0,0,0,0,44.53529411764706,10.464705882352938,0.0,0.2540519237400857,Medium Value,3740.0,1,Churned
44514-PUN,Male,62,Yes,Punjab,12,2,Deal 5,No,No,Yes,DSL,No,No,No,No,No,No,No,Yes,Month-to-Month,Yes,Bank Withdrawal,24.25,24.25,0.0,0,0.0,24.25,Churned,Dissatisfaction,Lack of self-service on Website,1,Elder,0-6 Months,New,12.125,0.0,24.25,1.0,1.0,High,1,1,0,0,0,0,0,1,0,0,1,0,12.125,12.125,0.0,0.0,Low Value,1503.5,1,Churned
84710-MAH,Male,29,Yes,Maharashtra,7,23,Deal 4,Yes,Yes,Yes,Fiber Optic,No,No,No,No,Yes,No,No,Yes,Month-to-Month,Yes,Bank Withdrawal,86.05,834.1,0.0,0,59.2,893.3,Churned,Other,Don't know,1,Young Adult,13-24 Months,Growing,38.83913043478261,59.2,893.3,0.0963282212022836,10.381173736199884,High,1,4,1,0,1,1,0,1,0,0,1,0,36.26521739130435,49.78478260869565,0.0,0.0662711295197582,Medium Value,2495.45,1,Churned
33672-JAM,Male,62,Yes,Jammu & Kashmir,9,4,NO DEAL,Yes,Yes,Yes,Fiber Optic,No,Yes,Yes,No,Yes,Yes,Yes,Yes,Month-to-Month,Yes,Bank Withdrawal,103.4,6603.0,0.0,0,3083.85,9686.85,Churned,Competitor,Competitor made better offer,1,Elder,0-6 Months,New,2421.7125,3083.85,9686.85,0.010674264595818,93.68326885880076,High,1,8,3,2,1,1,0,1,0,0,1,0,1650.75,-1547.35,0.0,0.3183542637699562,Very High Value,6410.8,1,Churned
67394-MAH,Female,61,Yes,Maharashtra,0,30,NO DEAL,Yes,No,No,No Type,No,No,No,No,No,No,No,No,Month-to-Month,No,Bank Withdrawal,20.05,20.05,0.0,0,12.0,32.05,Churned,Attitude,Attitude of support person,1,Elder,25-48 Months,Established,1.0683333333333331,12.0,32.05,0.6255850234009361,1.5985037406483789,No Referral,0,1,0,0,1,0,0,0,0,0,0,0,0.6683333333333333,19.381666666666668,0.0,0.374414976599064,Low Value,1223.05,1,Churned
93446-AND,Male,79,Yes,Andhra Pradesh,15,4,Deal 5,Yes,No,Yes,Fiber Optic,No,No,No,No,No,No,No,Yes,Month-to-Month,Yes,Bank Withdrawal,70.3,70.3,0.0,0,39.1,109.4,Churned,Competitor,Competitor had better devices,1,Elder,0-6 Months,New,27.35,39.1,109.4,0.6425959780621572,1.5561877667140829,High,1,2,0,0,1,0,0,1,0,0,1,0,17.575,52.725,0.0,0.3574040219378427,Low Value,5553.7,1,Churned
62631-TAM,Female,65,No,Tamil Nadu,7,11,Deal 4,Yes,Yes,Yes,DSL,No,No,No,Yes,No,Yes,Yes,Yes,Month-to-Month,Yes,Bank Withdrawal,66.35,740.8,0.0,0,172.59,913.39,Churned,Competitor,Competitor had better devices,1,Elder,7-12 Months,Growing,83.03545454545454,172.59,913.39,0.0726414784484174,13.76623963828184,High,1,6,2,1,1,1,0,1,0,0,1,0,67.34545454545454,-0.9954545454545496,0.0,0.1889554297726053,Medium Value,4312.75,1,Churned
24185-MAH,Female,67,Yes,Maharashtra,5,33,Deal 5,Yes,Yes,Yes,Fiber Optic,No,No,No,No,Yes,Yes,Yes,Yes,Month-to-Month,Yes,Bank Withdrawal,94.3,424.45,0.0,0,198.0,622.45,Churned,Competitor,Competitor made better offer,1,Elder,25-48 Months,Established,18.862121212121213,198.0,622.45,0.1514981122981765,6.6007423117709445,Medium,1,6,3,0,1,1,0,1,0,0,1,0,12.862121212121211,81.43787878787879,0.0,0.3180978391838702,Medium Value,6318.099999999999,1,Churned
99036-KAR,Male,28,Yes,Karnataka,1,11,Deal 4,Yes,Yes,Yes,Fiber Optic,No,Yes,No,No,Yes,No,No,Yes,Month-to-Month,Yes,Bank Withdrawal,91.0,1430.05,0.0,0,453.3,1883.35,Stayed,Others,Others,0,Young Adult,7-12 Months,Growing,171.21363636363637,453.3,1883.35,0.0483181564764913,20.696153846153845,Low,1,5,1,1,1,1,0,1,0,0,1,0,130.00454545454545,-39.00454545454545,0.0,0.2406881355032256,Medium Value,2548.0,1,Churned
12016-TAM,Female,57,Yes,Tamil Nadu,0,9,Deal 5,Yes,No,No,No Type,No,No,No,No,No,No,No,No,Month-to-Month,No,Mailed Check,20.05,164.85,0.0,0,337.54,502.39,Churned,Other,Moved,1,Senior,7-12 Months,Growing,55.82111111111111,337.54,502.39,0.0399092338621389,25.0568578553616,No Referral,0,1,0,0,1,0,0,0,0,0,0,0,18.316666666666663,1.7333333333333345,0.0,0.6718684687195208,Low Value,1142.85,1,Churned
86690-KAR,Female,62,No,Karnataka,8,28,Deal 5,Yes,Yes,Yes,Fiber Optic,No,No,Yes,No,Yes,No,No,Yes,Month-to-Month,No,Bank Withdrawal,91.05,289.1,0.0,0,78.96,368.06,Churned,Competitor,Competitor made better offer,1,Elder,25-48 Months,Established,13.145,78.96,368.06,0.2473781448676846,4.042394288852279,High,1,5,1,1,1,1,0,1,0,0,0,0,10.325,80.725,0.0,0.2145302396348421,Low Value,5645.099999999999,1,Churned
26902-TEL,Male,52,Yes,Telangana,7,2,NO DEAL,Yes,No,Yes,Fiber Optic,No,No,No,Yes,Yes,Yes,Yes,Yes,Month-to-Month,Yes,Bank Withdrawal,95.85,95.85,0.0,0,2.7,98.55,Joined,Others,Others,0,Senior,0-6 Months,New,49.275,2.7,98.55,0.9726027397260274,1.028169014084507,High,1,6,3,1,1,0,0,1,0,0,1,0,47.925,47.925,0.0,0.0273972602739726,Low Value,4984.2,1,Churned
21928-KAR,Male,30,Yes,Karnataka,3,36,NO DEAL,Yes,No,Yes,Fiber Optic,No,Yes,No,No,No,No,No,Yes,Month-to-Month,Yes,Bank Withdrawal,74.05,1565.7,0.0,0,106.47,1672.17,Churned,Dissatisfaction,Lack of self-service on Website,1,Young Adult,25-48 Months,Established,46.44916666666667,106.47,1672.17,0.0442837749750324,22.581634031060094,Medium,1,3,0,1,1,0,0,1,0,0,1,0,43.49166666666667,30.55833333333333,0.0,0.0636717558621432,Medium Value,2221.5,1,Churned
27880-UTT,Male,74,No,Uttar Pradesh,1,25,NO DEAL,Yes,Yes,Yes,Fiber Optic,No,Yes,Yes,No,Yes,Yes,No,Yes,Month-to-Month,Yes,Bank Withdrawal,105.9,334.65,0.0,0,123.9,458.55,Churned,Attitude,Attitude of service provider,1,Elder,25-48 Months,Established,18.342,123.9,458.55,0.2309453712790317,4.330028328611898,Low,1,7,2,2,1,1,0,1,0,0,1,0,13.386,92.514,0.0,0.2701995420346745,Low Value,7836.6,1,Churned
97497-RAJ,Male,24,Yes,Rajasthan,9,8,Deal 5,Yes,No,Yes,DSL,No,Yes,No,No,No,No,No,Yes,Month-to-Month,Yes,Bank Withdrawal,49.9,49.9,0.0,0,6.35,56.25,Joined,Others,Others,0,Young Adult,7-12 Months,Growing,7.03125,6.35,56.25,0.8871111111111111,1.127254509018036,High,1,3,0,1,1,0,0,1,0,0,1,0,6.2375,43.6625,0.0,0.1128888888888888,Low Value,1197.6,1,Churned
59433-BIH,Female,65,No,Bihar,8,29,Deal 5,Yes,No,Yes,Fiber Optic,No,No,No,No,Yes,Yes,No,Yes,Month-to-Month,Yes,Bank Withdrawal,89.3,89.3,0.0,0,30.23,119.53,Churned,Competitor,Competitor had better devices,1,Elder,25-48 Months,Established,4.121724137931034,30.23,119.53,0.7470927800552163,1.338521836506159,High,1,4,2,0,1,0,0,1,0,0,1,0,3.079310344827586,86.22068965517241,0.0,0.2529072199447837,Low Value,5804.5,1,Churned
32063-UTT,Female,63,Yes,Uttar Pradesh,6,31,Deal 5,Yes,No,No,No Type,No,No,No,No,No,No,No,No,Month-to-Month,Yes,Credit Card,19.0,19.0,0.0,0,28.28,47.28,Joined,Others,Others,0,Elder,25-48 Months,Established,1.5251612903225806,28.28,47.28,0.4018612521150592,2.488421052631579,High,1,1,0,0,1,0,0,0,0,0,1,0,0.6129032258064516,18.387096774193548,0.0,0.5981387478849408,Low Value,1197.0,1,Churned
96122-TAM,Female,23,No,Tamil Nadu,3,9,NO DEAL,Yes,No,Yes,Fiber Optic,No,Yes,No,No,No,No,No,Yes,Month-to-Month,Yes,Bank Withdrawal,74.55,824.75,0.0,0,59.4,884.15,Churned,Price,Long distance charges,1,Young Adult,7-12 Months,Growing,98.23888888888888,59.4,884.15,0.0843182717864615,11.859825620389,Medium,1,3,0,1,1,0,0,1,0,0,1,0,91.63888888888889,-17.08888888888889,0.0,0.0671831702765367,Medium Value,1714.65,1,Churned
16556-GUJ,Female,52,No,Gujarat,9,32,NO DEAL,No,No,Yes,DSL,No,Yes,No,No,No,No,No,Yes,Month-to-Month,Yes,Bank Withdrawal,30.6,856.35,0.0,0,0.0,856.35,Churned,Dissatisfaction,Product dissatisfaction,1,Senior,25-48 Months,Established,26.7609375,0.0,856.35,0.0357330530740935,27.985294117647054,High,1,2,0,1,0,0,0,1,0,0,1,0,26.7609375,3.8390625000000007,0.0,0.0,Medium Value,1591.2,1,Churned
16504-HAR,Male,49,Yes,Haryana,12,27,NO DEAL,Yes,No,Yes,Fiber Optic,No,No,No,No,No,No,No,Yes,Month-to-Month,Yes,Bank Withdrawal,69.15,69.15,0.0,0,2.2,71.35,Churned,Competitor,Competitor offered more data,1,Senior,25-48 Months,Established,2.6425925925925924,2.2,71.35,0.9691660826909602,1.0318148951554589,High,1,2,0,0,1,0,0,1,0,0,1,0,2.561111111111112,66.58888888888889,0.0,0.0308339173090399,Low Value,3388.3500000000004,1,Churned
32507-JAM,Female,44,No,Jammu & Kashmir,6,7,NO DEAL,Yes,No,Yes,Fiber Optic,No,No,Yes,No,Yes,Yes,Yes,Yes,Two Year,Yes,Bank Withdrawal,95.25,5464.65,0.0,0,1000.35,6465.0,Churned,Competitor,Competitor made better offer,1,Middle Age,7-12 Months,Growing,923.5714285714286,1000.35,6465.0,0.0147331786542923,67.8740157480315,High,1,6,3,1,1,0,1,1,0,0,1,0,780.6642857142857,-685.4142857142857,0.0,0.1547331786542923,Very High Value,4191.0,1,Churned
32317-KAR,Female,52,No,Karnataka,13,33,Deal 5,Yes,No,Yes,Cable,No,No,No,No,No,Yes,Yes,Yes,Month-to-Month,No,Bank Withdrawal,80.0,80.0,0.0,0,35.71,115.71,Churned,Competitor,Competitor had better devices,1,Senior,25-48 Months,Established,3.5063636363636363,35.71,115.71,0.6913836314925245,1.446375,High,1,4,2,0,1,0,0,1,0,0,0,0,2.4242424242424243,77.57575757575758,0.0,0.3086163685074756,Low Value,4160.0,1,Churned
45339-AND,Female,29,Yes,Andhra Pradesh,11,2,Deal 5,Yes,No,No,No Type,No,No,No,No,No,No,No,No,Month-to-Month,Yes,Mailed Check,19.8,58.15,0.0,0,45.36,103.51,Churned,Price,Long distance charges,1,Young Adult,0-6 Months,New,51.755,45.36,103.51,0.1912858660998937,5.227777777777778,High,1,1,0,0,1,0,0,0,0,0,1,0,29.075,-9.275,0.0,0.4382185296106656,Low Value,574.2,1,Churned
97003-ODI,Female,28,Yes,Odisha,11,19,NO DEAL,Yes,Yes,Yes,Fiber Optic,No,No,No,Yes,Yes,Yes,Yes,No,Month-to-Month,Yes,Bank Withdrawal,98.5,1058.25,0.0,110,145.3,1313.55,Churned,Competitor,Competitor had better devices,1,Young Adult,13-24 Months,Growing,69.13421052631578,255.3,1313.55,0.0749876289444634,13.335532994923858,High,1,6,3,1,1,1,0,1,0,0,1,0,55.69736842105263,42.80263157894737,0.0,0.1943587986753454,Medium Value,2758.0,1,Churned
23155-WES,Female,25,No,West Bengal,10,7,NO DEAL,Yes,No,Yes,Fiber Optic,No,Yes,No,No,No,No,Yes,Yes,Month-to-Month,Yes,Bank Withdrawal,73.85,4092.85,0.0,0,1993.04,6085.89,Churned,Attitude,Attitude of support person,1,Young Adult,7-12 Months,Growing,869.4128571428572,1993.04,6085.89,0.012134626159855,82.40880162491538,High,1,4,1,1,1,0,0,1,0,0,1,0,584.6928571428572,-510.8428571428572,0.0,0.327485380116959,Very High Value,1846.25,1,Churned
84843-MAD,Female,57,Yes,Madhya Pradesh,11,8,NO DEAL,Yes,Yes,Yes,Fiber Optic,No,No,No,No,No,No,No,Yes,Month-to-Month,Yes,Bank Withdrawal,75.1,75.1,0.0,0,4.53,79.63,Joined,Others,Others,0,Senior,7-12 Months,Growing,9.95375,4.53,79.63,0.9431118925028256,1.0603195739014648,High,1,3,0,0,1,1,0,1,0,0,1,0,9.3875,65.71249999999999,0.0,0.0568881074971744,Low Value,4280.7,1,Churned
43920-RAJ,Female,38,No,Rajasthan,9,3,Deal 5,Yes,No,Yes,Cable,Yes,No,No,No,No,No,No,Yes,Month-to-Month,No,Credit Card,49.9,49.9,0.0,0,9.0,58.9,Joined,Others,Others,0,Middle Age,0-6 Months,New,19.633333333333333,9.0,58.9,0.8471986417657046,1.1803607214428855,High,1,3,0,1,1,0,0,1,1,0,0,0,16.633333333333333,33.266666666666666,0.0,0.1528013582342954,Low Value,1896.2,1,Churned
73444-KER,Female,48,No,Kerala,3,21,NO DEAL,Yes,No,Yes,Fiber Optic,No,No,No,No,Yes,Yes,Yes,Yes,Month-to-Month,Yes,Bank Withdrawal,89.1,89.1,0.0,0,16.06,105.16,Churned,Other,Moved,1,Senior,13-24 Months,Growing,5.007619047619047,16.06,105.16,0.8472803347280334,1.180246913580247,Medium,1,5,3,0,1,0,0,1,0,0,1,0,4.242857142857143,84.85714285714285,0.0,0.1527196652719665,Low Value,4276.799999999999,1,Churned
71410-PUN,Male,34,Yes,Punjab,0,35,Deal 4,Yes,Yes,Yes,Fiber Optic,No,No,Yes,No,Yes,Yes,Yes,Yes,Month-to-Month,Yes,Bank Withdrawal,98.5,1037.75,0.0,0,10.9,1048.65,Churned,Dissatisfaction,Lack of self-service on Website,1,Middle Age,25-48 Months,Established,29.961428571428574,10.9,1048.65,0.0939302913269441,10.646192893401016,No Referral,0,7,3,1,1,1,0,1,0,0,1,0,29.65,68.85,0.0,0.0103943165021694,Medium Value,3349.0,1,Churned
88944-HAR,Female,29,Yes,Haryana,9,31,NO DEAL,Yes,Yes,Yes,Fiber Optic,No,Yes,Yes,No,Yes,Yes,Yes,Yes,Month-to-Month,Yes,Credit Card,102.1,1068.85,0.0,0,320.7,1389.55,Churned,Competitor,Competitor offered higher download speeds,1,Young Adult,25-48 Months,Established,44.82419354838709,320.7,1389.55,0.0734770249361304,13.609696376101862,High,1,8,3,2,1,1,0,1,0,0,1,0,34.479032258064514,67.62096774193549,0.0,0.2307941419884135,Medium Value,2960.9,1,Churned
48939-BIH,Female,38,Yes,Bihar,1,6,NO DEAL,Yes,No,Yes,DSL,No,Yes,No,No,No,No,No,Yes,Month-to-Month,No,Bank Withdrawal,49.95,49.95,0.0,0,44.98,94.93,Joined,Others,Others,0,Middle Age,0-6 Months,New,15.821666666666667,44.98,94.93,0.5261771831876119,1.9005005005005005,Low,1,3,0,1,1,0,0,1,0,0,0,0,8.325000000000001,41.625,0.0,0.473822816812388,Low Value,1898.1,1,Churned
67882-UTT,Female,44,No,Uttar Pradesh,3,16,Deal 5,Yes,No,Yes,DSL,No,No,No,No,No,No,No,Yes,Month-to-Month,No,Bank Withdrawal,43.8,43.8,0.0,0,37.5,81.3,Joined,Others,Others,0,Middle Age,13-24 Months,Growing,5.08125,37.5,81.3,0.5387453874538746,1.856164383561644,Medium,1,2,0,0,1,0,0,1,0,0,0,0,2.7375,41.0625,0.0,0.4612546125461255,Low Value,1927.2,1,Churned
78859-MAH,Male,48,Yes,Maharashtra,12,9,NO DEAL,Yes,Yes,Yes,Fiber Optic,Yes,Yes,No,No,No,Yes,Yes,Yes,Month-to-Month,Yes,Credit Card,94.5,2659.4,0.0,0,994.56,3653.96,Churned,Dissatisfaction,Service dissatisfaction,1,Senior,7-12 Months,Growing,405.99555555555554,994.56,3653.96,0.0258623520782931,38.66624338624339,High,1,7,2,2,1,1,0,1,1,0,1,0,295.4888888888889,-200.98888888888888,0.0,0.2721868876506584,High Value,4536.0,1,Churned
51329-UTT,Male,30,Yes,Uttarakhand,7,19,Deal 5,Yes,No,No,No Type,No,No,No,No,No,No,No,No,Month-to-Month,Yes,Bank Withdrawal,20.2,20.2,0.0,0,10.98,31.18,Churned,Price,Long distance charges,1,Young Adult,13-24 Months,Growing,1.641052631578947,10.98,31.18,0.6478511866581141,1.5435643564356436,High,1,1,0,0,1,0,0,0,0,0,1,0,1.063157894736842,19.13684210526316,0.0,0.3521488133418858,Low Value,606.0,1,Churned
28707-RAJ,Female,66,No,Rajasthan,14,19,NO DEAL,No,No,Yes,Cable,No,No,No,No,No,No,No,Yes,Month-to-Month,Yes,Mailed Check,25.7,25.7,0.0,0,0.0,25.7,Churned,Attitude,Attitude of service provider,1,Elder,13-24 Months,Growing,1.3526315789473684,0.0,25.7,1.0,1.0,High,1,1,0,0,0,0,0,1,0,0,1,0,1.3526315789473684,24.347368421052632,0.0,0.0,Low Value,1696.2,1,Churned
71942-AND,Female,33,No,Andhra Pradesh,8,24,NO DEAL,Yes,No,Yes,Cable,No,No,No,No,No,No,No,Yes,Month-to-Month,No,Credit Card,45.85,81.0,0.0,0,39.04,120.04,Churned,Competitor,Competitor made better offer,1,Middle Age,13-24 Months,Growing,5.001666666666667,39.04,120.04,0.3819560146617794,2.6181025081788443,High,1,2,0,0,1,0,0,1,0,0,0,0,3.375,42.475,0.0,0.3252249250249916,Low Value,1513.05,1,Churned
52439-HAR,Female,61,No,Haryana,7,1,Deal 2,Yes,No,Yes,Fiber Optic,Yes,Yes,Yes,No,Yes,Yes,Yes,Yes,One Year,Yes,Bank Withdrawal,106.45,6145.85,0.0,0,869.42,7015.27,Churned,Competitor,Competitor offered higher download speeds,1,Elder,0-6 Months,New,7015.27,869.42,7015.27,0.0151740417688841,65.90201972757163,High,1,8,3,3,1,0,1,1,1,0,1,0,6145.85,-6039.400000000001,0.0,0.1239325072306554,Very High Value,6493.45,1,Churned
53850-HAR,Female,34,Yes,Haryana,11,12,Deal 4,Yes,No,Yes,Fiber Optic,No,No,Yes,Yes,No,Yes,Yes,Yes,Month-to-Month,Yes,Bank Withdrawal,89.4,1095.65,0.0,0,209.52,1305.17,Churned,Dissatisfaction,Product dissatisfaction,1,Middle Age,7-12 Months,Growing,108.76416666666668,209.52,1305.17,0.0684968241684991,14.599217002237136,High,1,6,2,2,1,0,0,1,0,0,1,0,91.30416666666667,-1.9041666666666688,0.0,0.1605308120781201,Medium Value,3039.6000000000004,1,Churned
64753-ASS,Female,27,No,Assam,9,34,Deal 5,Yes,No,Yes,DSL,Yes,Yes,No,No,Yes,Yes,Yes,Yes,Month-to-Month,Yes,Bank Withdrawal,74.65,703.55,0.0,0,327.87,1031.42,Churned,Competitor,Competitor made better offer,1,Young Adult,25-48 Months,Established,30.33588235294118,327.87,1031.42,0.0723759477225572,13.816744809109176,High,1,7,3,2,1,0,0,1,1,0,1,0,20.69264705882353,53.95735294117648,0.0,0.3178821430649008,Medium Value,2015.55,1,Churned
52755-KER,Male,21,No,Kerala,7,11,NO DEAL,Yes,No,Yes,Fiber Optic,No,Yes,No,Yes,Yes,No,No,Yes,Month-to-Month,Yes,Bank Withdrawal,89.75,608.8,26.02,0,134.61,717.39,Churned,Dissatisfaction,Poor expertise of online support,1,Young Adult,7-12 Months,Growing,65.21727272727273,134.61,691.37,0.1251062880720389,7.993203342618385,High,1,5,1,2,1,0,0,1,0,0,1,0,55.345454545454544,34.404545454545456,0.0427398160315374,0.1876385229791327,Medium Value,1884.75,1,Churned
31800-JAM,Female,61,Yes,Jammu & Kashmir,2,18,NO DEAL,Yes,Yes,Yes,Fiber Optic,No,No,Yes,Yes,No,Yes,Yes,No,Two Year,Yes,Bank Withdrawal,96.25,4990.25,0.0,120,2422.68,7532.93,Churned,Competitor,Competitor made better offer,1,Elder,13-24 Months,Growing,418.49611111111113,2542.68,7532.93,0.012777232763347,78.2642077922078,Low,1,6,2,2,1,1,1,1,0,0,1,0,277.2361111111111,-180.9861111111111,0.0,0.3375419657424136,Very High Value,5871.25,1,Churned
18015-ODI,Female,28,Yes,Odisha,15,9,NO DEAL,Yes,No,Yes,DSL,No,No,No,Yes,No,No,No,Yes,Month-to-Month,Yes,Bank Withdrawal,49.9,49.9,0.0,0,14.93,64.83,Joined,Others,Others,0,Young Adult,7-12 Months,Growing,7.203333333333333,14.93,64.83,0.7697053833101959,1.2991983967935872,High,1,3,0,1,1,0,0,1,0,0,1,0,5.544444444444444,44.355555555555554,0.0,0.2302946166898041,Low Value,1397.2,1,Churned
54407-WES,Male,59,Yes,West Bengal,5,29,Deal 5,Yes,Yes,Yes,DSL,No,No,Yes,Yes,No,No,No,No,Month-to-Month,No,Mailed Check,62.05,62.05,0.0,10,47.83,119.88,Churned,Other,Moved,1,Senior,25-48 Months,Established,4.133793103448276,57.83,119.88,0.5176009342676009,1.931990330378727,Medium,1,4,0,2,1,1,0,1,0,0,0,0,2.139655172413793,59.9103448275862,0.0,0.482399065732399,Low Value,3660.95,1,Churned
21044-TAM,Female,48,No,Tamil Nadu,2,14,NO DEAL,Yes,No,Yes,Fiber Optic,No,Yes,No,No,No,Yes,Yes,Yes,Month-to-Month,No,Bank Withdrawal,84.15,2585.95,0.0,0,1199.36,3785.31,Churned,Dissatisfaction,Limited range of services,1,Senior,13-24 Months,Growing,270.3792857142857,1199.36,3785.31,0.0222306759552057,44.982887700534754,Low,1,5,2,1,1,0,0,1,0,0,0,0,184.71071428571423,-100.56071428571424,0.0,0.3168459122238337,High Value,4039.2,1,Churned
34493-PUD,Female,19,No,Puducherry,14,8,Deal 1,Yes,Yes,Yes,Fiber Optic,Yes,Yes,Yes,Yes,Yes,Yes,Yes,Yes,Two Year,Yes,Bank Withdrawal,114.2,7723.9,48.54,0,1174.6,8849.96,Churned,Price,Price too high,1,Young Adult,7-12 Months,Growing,1106.245,1174.6,8801.419999999998,0.012904013125483,77.49527145359018,High,1,10,3,4,1,1,1,1,1,0,1,0,965.4875,-851.2874999999999,0.0062843900102279,0.1327237637232258,Very High Value,2169.8,1,Churned
26714-TAM,Female,50,Yes,Tamil Nadu,5,5,NO DEAL,Yes,No,Yes,DSL,No,Yes,No,Yes,Yes,No,No,Yes,Month-to-Month,Yes,Bank Withdrawal,63.75,226.2,0.0,0,12.12,238.32,Stayed,Others,Others,0,Senior,0-6 Months,New,47.664,12.12,238.32,0.2674974823766364,3.7383529411764704,Medium,1,5,1,2,1,0,0,1,0,0,1,0,45.24,18.510000000000005,0.0,0.0508559919436052,Low Value,3187.5,1,Churned
38920-GUJ,Female,81,Yes,Gujarat,15,34,NO DEAL,Yes,Yes,Yes,Fiber Optic,No,No,No,No,No,Yes,No,Yes,Month-to-Month,Yes,Bank Withdrawal,82.0,1127.2,0.0,0,57.85,1185.05,Churned,Attitude,Attitude of support person,1,Elder,25-48 Months,Established,34.85441176470588,57.85,1185.05,0.0691953925994683,14.451829268292682,High,1,4,1,0,1,1,0,1,0,0,1,0,33.15294117647059,48.84705882352941,0.0,0.0488165056326737,Medium Value,6642.0,1,Churned
47967-TAM,Female,26,Yes,Tamil Nadu,8,32,NO DEAL,Yes,Yes,Yes,Fiber Optic,No,Yes,Yes,No,No,No,Yes,Yes,Month-to-Month,No,Bank Withdrawal,84.05,333.55,0.0,0,166.88,500.43,Churned,Competitor,Competitor offered higher download speeds,1,Young Adult,25-48 Months,Established,15.6384375,166.88,500.43,0.1679555582199308,5.953955978584176,High,1,6,1,2,1,1,0,1,0,0,0,0,10.4234375,73.62656249999999,0.0,0.3334732130367883,Low Value,2185.3,1,Churned
98709-UTT,Female,56,No,Uttar Pradesh,7,35,NO DEAL,Yes,Yes,Yes,Fiber Optic,No,Yes,Yes,No,Yes,No,No,Yes,Month-to-Month,Yes,Bank Withdrawal,94.0,773.65,0.0,0,191.12,964.77,Churned,Dissatisfaction,Product dissatisfaction,1,Senior,25-48 Months,Established,27.564857142857143,191.12,964.77,0.0974325486903614,10.263510638297872,High,1,6,1,2,1,1,0,1,0,0,1,0,22.104285714285712,71.89571428571429,0.0,0.1980990287840625,Medium Value,5264.0,1,Churned
74049-KER,Male,50,Yes,Kerala,10,2,NO DEAL,Yes,Yes,Yes,Fiber Optic,No,Yes,No,No,No,No,No,No,Month-to-Month,Yes,Bank Withdrawal,78.75,412.1,0.0,10,5.8,427.9,Churned,Other,Don't know,1,Senior,0-6 Months,New,213.95,15.8,427.9,0.1840383267118485,5.433650793650793,High,1,3,0,1,1,1,0,1,0,0,1,0,206.05,-127.3,0.0,0.0369245150736153,Low Value,3937.5,1,Churned
41727-AND,Male,24,Yes,Andhra Pradesh,4,9,NO DEAL,Yes,Yes,Yes,Fiber Optic,No,No,No,Yes,Yes,Yes,Yes,No,Month-to-Month,Yes,Credit Card,99.95,1132.75,0.0,120,337.92,1590.67,Churned,Competitor,Competitor had better devices,1,Young Adult,7-12 Months,Growing,176.7411111111111,457.92,1590.67,0.0628351575122432,15.914657328664331,Medium,1,6,3,1,1,1,0,1,0,0,1,0,125.86111111111111,-25.91111111111111,0.0,0.2878786926263775,Medium Value,2398.8,1,Churned
43070-MAD,Female,39,No,Madhya Pradesh,0,5,NO DEAL,Yes,No,No,No Type,No,No,No,No,No,No,No,No,Month-to-Month,No,Bank Withdrawal,19.65,655.85,0.0,0,460.8,1116.65,Churned,Attitude,Attitude of support person,1,Middle Age,0-6 Months,New,223.33,460.8,1116.65,0.017597277571307,56.826972010178125,No Referral,0,1,0,0,1,0,0,0,0,0,0,0,131.17000000000002,-111.52,0.0,0.4126628755653069,Medium Value,766.3499999999999,1,Churned
39419-GUJ,Male,35,No,Gujarat,12,17,Deal 5,Yes,Yes,Yes,Fiber Optic,No,No,Yes,No,Yes,No,No,Yes,Month-to-Month,Yes,Bank Withdrawal,90.45,593.45,0.0,0,251.37,844.82,Churned,Competitor,Competitor made better offer,1,Middle Age,13-24 Months,Growing,49.69529411764706,251.37,844.82,0.1070642266991785,9.340187949143171,High,1,5,1,1,1,1,0,1,0,0,1,0,34.90882352941177,55.54117647058823,0.0,0.2975426718117469,Medium Value,3165.75,1,Churned
49241-KAR,Female,30,Yes,Karnataka,7,3,Deal 5,Yes,Yes,Yes,Cable,No,Yes,No,Yes,No,No,No,Yes,Month-to-Month,No,Mailed Check,60.1,60.1,0.0,0,23.63,83.73,Churned,Competitor,Competitor had better devices,1,Young Adult,0-6 Months,New,27.91,23.63,83.73,0.7177833512480593,1.3931780366056572,High,1,5,0,2,1,1,0,1,0,0,0,0,20.03333333333333,40.06666666666666,0.0,0.2822166487519407,Low Value,1803.0,1,Churned
82847-TAM,Male,63,Yes,Tamil Nadu,1,9,NO DEAL,Yes,Yes,Yes,Cable,No,Yes,Yes,Yes,Yes,Yes,Yes,Yes,Month-to-Month,Yes,Mailed Check,112.95,1384.75,0.0,0,197.4,1582.15,Churned,Attitude,Attitude of support person,1,Elder,7-12 Months,Growing,175.79444444444445,197.4,1582.15,0.0713901968839869,14.007525453740593,Low,1,9,3,3,1,1,0,1,0,0,1,0,153.86111111111111,-40.91111111111111,0.0,0.1247669310748032,Medium Value,7115.85,1,Churned
34812-BIH,Female,83,No,Bihar,12,19,Deal 1,Yes,Yes,Yes,Fiber Optic,No,No,Yes,No,Yes,Yes,No,Yes,Month-to-Month,Yes,Credit Card,99.5,6822.15,0.0,0,1904.76,8726.91,Churned,Competitor,Competitor had better devices,1,Elder,13-24 Months,Growing,459.31105263157895,1904.76,8726.91,0.0114015155421563,87.70763819095477,High,1,6,2,1,1,1,0,1,0,0,1,0,359.06052631578945,-259.56052631578945,0.0,0.2182628215485206,Very High Value,8258.5,1,Churned
33169-JAM,Male,30,No,Jammu & Kashmir,3,6,NO DEAL,Yes,No,Yes,DSL,No,No,No,No,No,No,No,Yes,Month-to-Month,Yes,Bank Withdrawal,45.35,141.5,0.0,0,109.44,250.94,Churned,Other,Don't know,1,Young Adult,0-6 Months,New,41.82333333333333,109.44,250.94,0.1807204909540129,5.533406835722161,Medium,1,2,0,0,1,0,0,1,0,0,1,0,23.58333333333333,21.76666666666667,0.0,0.4361201880927712,Low Value,1360.5,1,Churned
88827-ASS,Female,34,Yes,Assam,10,21,NO DEAL,Yes,Yes,Yes,Fiber Optic,No,No,Yes,No,No,No,No,Yes,Month-to-Month,No,Credit Card,80.0,4242.35,0.0,0,286.62,4528.97,Churned,Dissatisfaction,Poor expertise of online support,1,Middle Age,13-24 Months,Growing,215.6652380952381,286.62,4528.97,0.017664060481743,56.612125000000006,High,1,4,0,1,1,1,0,1,0,0,0,0,202.01666666666668,-122.01666666666668,0.0,0.063285912690965,High Value,2720.0,1,Churned
17593-UTT,Male,51,Yes,Uttar Pradesh,12,23,Deal 3,Yes,Yes,Yes,Fiber Optic,No,No,No,No,No,No,No,Yes,Month-to-Month,No,Credit Card,75.35,2636.05,0.0,0,876.4,3512.45,Churned,Dissatisfaction,Poor expertise of online support,1,Senior,13-24 Months,Growing,152.71521739130435,876.4,3512.45,0.0214522626656607,46.615129396151296,High,1,3,0,0,1,1,0,1,0,0,0,0,114.6108695652174,-39.260869565217405,0.0,0.2495124485757804,High Value,3842.85,1,Churned
49430-WES,Female,44,No,West Bengal,15,30,Deal 5,Yes,No,Yes,DSL,No,No,Yes,Yes,Yes,Yes,Yes,Yes,Month-to-Month,No,Bank Withdrawal,76.4,160.8,0.0,0,83.28,244.08,Churned,Price,Lack of affordable download/upload speed,1,Middle Age,25-48 Months,Established,8.136000000000001,83.28,244.08,0.3130121271714192,3.194764397905759,High,1,7,3,2,1,0,0,1,0,0,0,0,5.36,71.04,0.0,0.3411996066863323,Low Value,3361.6000000000004,1,Churned
21223-UTT,Female,72,Yes,Uttarakhand,7,12,NO DEAL,Yes,Yes,Yes,Fiber Optic,Yes,Yes,No,No,No,Yes,No,No,Month-to-Month,Yes,Bank Withdrawal,95.0,2497.2,0.0,60,1238.38,3795.58,Churned,Price,Price too high,1,Elder,7-12 Months,Growing,316.29833333333335,1298.38,3795.58,0.0250291128101634,39.95347368421053,High,1,5,1,2,1,1,0,1,1,0,1,0,208.1,-113.1,0.0,0.3420768367416837,High Value,6840.0,1,Churned
28028-MAH,Female,46,No,Maharashtra,8,22,Deal 5,Yes,Yes,Yes,Fiber Optic,No,No,No,No,No,No,No,Yes,Month-to-Month,No,Bank Withdrawal,75.35,338.1,0.0,0,116.44,454.54,Churned,Competitor,Competitor had better devices,1,Senior,13-24 Months,Growing,20.66090909090909,116.44,454.54,0.1657719892638711,6.032382216323823,High,1,3,0,0,1,1,0,1,0,0,0,0,15.36818181818182,59.98181818181818,0.0,0.2561710740528886,Low Value,3466.1,1,Churned
73878-TEL,Male,30,Yes,Telangana,13,12,Deal 5,Yes,No,Yes,DSL,No,No,No,No,No,No,Yes,Yes,Month-to-Month,No,Bank Withdrawal,45.15,45.15,0.0,0,30.92,76.07,Churned,Attitude,Attitude of support person,1,Young Adult,7-12 Months,Growing,6.339166666666666,30.92,76.07,0.5935322729065335,1.6848283499446288,High,1,3,1,0,1,0,0,1,0,0,0,0,3.7625,41.3875,0.0,0.4064677270934666,Low Value,1354.5,1,Churned
26994-BIH,Female,27,No,Bihar,9,5,NO DEAL,Yes,Yes,Yes,Fiber Optic,No,No,No,No,No,No,No,Yes,Month-to-Month,Yes,Bank Withdrawal,75.9,143.35,0.0,0,53.74,197.09,Churned,Other,Don't know,1,Young Adult,0-6 Months,New,39.418,53.74,197.09,0.3851032523212745,2.5967061923583663,High,1,3,0,0,1,1,0,1,0,0,1,0,28.67,47.23,0.0,0.2726673093510579,Low Value,2049.3,1,Churned
12257-ASS,Female,39,No,Assam,9,1,NO DEAL,Yes,No,No,No Type,No,No,No,No,No,No,No,No,Month-to-Month,Yes,Credit Card,19.55,19.55,0.0,0,10.2,29.75,Joined,Others,Others,0,Middle Age,0-6 Months,New,29.75,10.2,29.75,0.6571428571428571,1.5217391304347825,High,1,1,0,0,1,0,0,0,0,0,1,0,19.55,0.0,0.0,0.3428571428571428,Low Value,762.45,1,Churned
96805-RAJ,Male,70,No,Rajasthan,1,22,NO DEAL,Yes,Yes,Yes,Fiber Optic,No,Yes,No,No,No,Yes,No,Yes,Month-to-Month,Yes,Bank Withdrawal,89.8,502.6,0.0,0,181.8,684.4,Churned,Other,Moved,1,Elder,13-24 Months,Growing,31.10909090909091,181.8,684.4,0.1312098188194038,7.621380846325167,Low,1,5,1,1,1,1,0,1,0,0,1,0,22.845454545454547,66.95454545454545,0.0,0.2656341320864991,Medium Value,6286.0,1,Churned
84545-PUD,Female,39,No,Puducherry,11,12,NO DEAL,Yes,Yes,Yes,Fiber Optic,No,No,No,No,Yes,No,No,Yes,One Year,Yes,Bank Withdrawal,83.0,5685.8,0.0,0,3008.32,8694.12,Churned,Dissatisfaction,Product dissatisfaction,1,Middle Age,7-12 Months,Growing,724.5100000000001,3008.32,8694.12,0.0095466821253904,104.74843373493977,High,1,4,1,0,1,1,1,1,0,0,1,0,473.81666666666666,-390.81666666666666,0.0,0.3460177683307798,Very High Value,3237.0,1,Churned
74110-MAD,Male,79,No,Madhya Pradesh,4,20,NO DEAL,Yes,Yes,Yes,Fiber Optic,No,No,No,No,Yes,Yes,Yes,Yes,Month-to-Month,Yes,Bank Withdrawal,94.55,1899.65,0.0,0,106.2,2005.85,Churned,Competitor,Competitor had better devices,1,Elder,13-24 Months,Growing,100.2925,106.2,2005.85,0.0471371239125557,21.21470121628768,Medium,1,6,3,0,1,1,0,1,0,0,1,0,94.9825,-0.4325000000000045,0.0,0.0529451354787247,Medium Value,7469.45,1,Churned
78253-GUJ,Male,63,No,Gujarat,13,30,NO DEAL,Yes,No,Yes,Fiber Optic,No,Yes,No,No,No,Yes,Yes,Yes,Month-to-Month,Yes,Bank Withdrawal,85.0,85.0,0.0,0,15.2,100.2,Joined,Others,Others,0,Elder,25-48 Months,Established,3.3400000000000003,15.2,100.2,0.8483033932135728,1.1788235294117648,High,1,5,2,1,1,0,0,1,0,0,1,0,2.833333333333333,82.16666666666667,0.0,0.1516966067864271,Low Value,5355.0,1,Churned
45174-DEL,Male,48,No,Delhi,12,11,NO DEAL,Yes,No,Yes,DSL,No,No,No,No,No,No,No,Yes,Month-to-Month,Yes,Credit Card,44.05,202.15,0.0,0,54.95,257.1,Stayed,Others,Others,0,Senior,7-12 Months,Growing,23.372727272727275,54.95,257.1,0.1713341112407623,5.8365493757094224,High,1,2,0,0,1,0,0,1,0,0,1,0,18.37727272727273,25.67272727272727,0.0,0.2137300661221314,Low Value,2114.4,1,Churned
66868-HAR,Female,25,Yes,Haryana,13,10,NO DEAL,Yes,No,Yes,Fiber Optic,No,No,No,No,No,No,No,No,Month-to-Month,Yes,Bank Withdrawal,70.25,70.25,0.0,10,10.05,90.3,Joined,Others,Others,0,Young Adult,7-12 Months,Growing,9.03,20.05,90.3,0.7779623477297896,1.285409252669039,High,1,1,0,0,1,0,0,1,0,0,1,0,7.025,63.225,0.0,0.2220376522702104,Low Value,1756.25,1,Churned
77147-BIH,Female,50,No,Bihar,13,32,NO DEAL,Yes,No,Yes,Fiber Optic,No,No,Yes,No,Yes,Yes,Yes,Yes,One Year,Yes,Bank Withdrawal,93.8,3124.5,0.0,0,660.66,3785.16,Churned,Attitude,Attitude of support person,1,Senior,25-48 Months,Established,118.28625,660.66,3785.16,0.0247809868010863,40.35351812366738,High,1,6,3,1,1,0,1,1,0,0,1,0,97.640625,-3.840625000000003,0.0,0.1745395174840693,High Value,4690.0,1,Churned
19481-HAR,Male,76,No,Haryana,10,17,Deal 4,Yes,Yes,Yes,Fiber Optic,No,No,No,No,Yes,Yes,Yes,Yes,Month-to-Month,Yes,Bank Withdrawal,95.45,1752.55,45.61,0,203.94,1910.88,Churned,Competitor,Competitor made better offer,1,Elder,13-24 Months,Growing,112.40470588235294,203.94,1865.27,0.0499508080046889,20.01969617600838,High,1,6,3,0,1,1,0,1,0,0,1,0,103.09117647058824,-7.641176470588235,0.0260249350945764,0.1067256970610399,Medium Value,7254.2,1,Churned
96603-BIH,Female,56,Yes,Bihar,4,30,NO DEAL,Yes,No,Yes,DSL,No,No,Yes,No,No,No,No,No,Month-to-Month,Yes,Credit Card,49.65,49.65,0.0,40,4.18,93.83,Churned,Dissatisfaction,Lack of self-service on Website,1,Senior,25-48 Months,Established,3.127666666666667,44.18,93.83,0.5291484599808164,1.889828801611279,Medium,1,2,0,1,1,0,0,1,0,0,1,0,1.655,47.995,0.0,0.4708515400191836,Low Value,2780.4,1,Churned
33776-BIH,Male,32,Yes,Bihar,6,10,NO DEAL,Yes,No,No,No Type,No,No,No,No,No,No,No,No,Month-to-Month,No,Credit Card,19.2,19.2,0.0,0,35.88,55.08,Joined,Others,Others,0,Middle Age,7-12 Months,Growing,5.508,35.88,55.08,0.3485838779956427,2.86875,High,1,1,0,0,1,0,0,0,0,0,0,0,1.92,17.28,0.0,0.6514161220043574,Low Value,614.4,1,Churned
34278-UTT,Female,56,No,Uttar Pradesh,13,32,Deal 4,Yes,No,Yes,Fiber Optic,No,Yes,No,Yes,No,Yes,Yes,No,Month-to-Month,Yes,Credit Card,89.65,1208.35,0.0,120,106.68,1435.03,Churned,Competitor,Competitor had better devices,1,Senior,25-48 Months,Established,44.8446875,226.68,1435.03,0.0624725615492359,16.00702732849972,High,1,5,2,2,1,0,0,1,0,0,1,0,37.7609375,51.88906250000001,0.0,0.1579618544560044,Medium Value,5020.400000000001,1,Churned
92454-KAR,Male,32,No,Karnataka,9,14,Deal 5,Yes,No,Yes,Fiber Optic,No,No,No,No,Yes,No,No,Yes,Month-to-Month,Yes,Bank Withdrawal,79.4,244.65,0.0,0,139.8,384.45,Churned,Competitor,Competitor offered higher download speeds,1,Middle Age,13-24 Months,Growing,27.460714285714285,139.8,384.45,0.2065288073871765,4.841939546599495,High,1,3,1,0,1,0,0,1,0,0,1,0,17.475,61.925,0.0,0.3636363636363637,Low Value,2540.8,1,Churned
68330-MAH,Female,40,No,Maharashtra,14,10,NO DEAL,Yes,No,Yes,Fiber Optic,No,No,No,No,Yes,No,No,Yes,Month-to-Month,No,Bank Withdrawal,78.3,2564.3,0.0,0,457.3,3021.6,Churned,Other,Don't know,1,Middle Age,7-12 Months,Growing,302.16,457.3,3021.6,0.0259134233518665,38.59003831417625,High,1,3,1,0,1,0,0,1,0,0,0,0,256.43,-178.13,0.0,0.1513436589886153,High Value,3132.0,1,Churned
67187-WES,Female,48,Yes,West Bengal,5,18,Deal 4,Yes,No,Yes,Cable,No,No,No,Yes,Yes,No,No,Yes,One Year,Yes,Bank Withdrawal,59.8,727.8,0.0,0,115.2,843.0,Churned,Competitor,Competitor offered higher download speeds,1,Senior,13-24 Months,Growing,46.833333333333336,115.2,843.0,0.0709371293001186,14.096989966555183,Medium,1,4,1,1,1,0,1,1,0,0,1,0,40.43333333333333,19.366666666666667,0.0,0.1366548042704626,Medium Value,2870.4,1,Churned
82290-GUJ,Female,76,Yes,Gujarat,2,34,NO DEAL,Yes,No,Yes,Fiber Optic,No,No,No,No,Yes,No,No,Yes,Month-to-Month,Yes,Bank Withdrawal,80.85,751.65,0.0,0,390.06,1141.71,Churned,Attitude,Attitude of support person,1,Elder,25-48 Months,Established,33.57970588235294,390.06,1141.71,0.0708148303859999,14.121335807050096,Low,1,3,1,0,1,0,0,1,0,0,1,0,22.10735294117647,58.74264705882352,0.0,0.3416454265969467,Medium Value,6144.599999999999,1,Churned
57814-JAM,Female,59,Yes,Jammu & Kashmir,0,15,NO DEAL,Yes,Yes,Yes,Fiber Optic,No,Yes,No,No,Yes,Yes,Yes,Yes,Month-to-Month,Yes,Bank Withdrawal,101.75,4273.45,0.0,0,789.18,5062.63,Churned,Other,Don't know,1,Senior,13-24 Months,Growing,337.50866666666667,789.18,5062.63,0.0200982493289061,49.7555773955774,No Referral,0,7,3,1,1,1,0,1,0,0,1,0,284.89666666666665,-183.14666666666665,0.0,0.1558834044755394,Very High Value,6003.25,1,Churned
17149-GUJ,Male,70,Yes,Gujarat,0,16,NO DEAL,Yes,No,Yes,Fiber Optic,No,No,No,No,Yes,Yes,No,Yes,Month-to-Month,Yes,Bank Withdrawal,89.5,477.7,0.0,0,228.6,706.3,Churned,Attitude,Attitude of support person,1,Elder,13-24 Months,Growing,44.14375,228.6,706.3,0.126716692623531,7.891620111731843,No Referral,0,4,2,0,1,0,0,1,0,0,1,0,29.85625,59.64375,0.0,0.323658502052952,Medium Value,6265.0,1,Churned
16931-BIH,Female,39,Yes,Bihar,8,23,Deal 5,Yes,No,No,No Type,No,No,No,No,No,No,No,No,Month-to-Month,Yes,Credit Card,19.3,19.3,0.0,0,8.66,27.96,Joined,Others,Others,0,Middle Age,13-24 Months,Growing,1.2156521739130437,8.66,27.96,0.6902718168812589,1.4487046632124352,High,1,1,0,0,1,0,0,0,0,0,1,0,0.8391304347826087,18.460869565217397,0.0,0.309728183118741,Low Value,752.7,1,Churned
43865-ASS,Male,37,Yes,Assam,1,26,Deal 5,Yes,No,No,No Type,No,No,No,No,No,No,No,No,Month-to-Month,Yes,Credit Card,19.45,19.45,0.0,0,48.96,68.41,Churned,Dissatisfaction,Poor expertise of phone support,1,Middle Age,25-48 Months,Established,2.631153846153846,48.96,68.41,0.2843151586025434,3.517223650385604,Low,1,1,0,0,1,0,0,0,0,0,1,0,0.7480769230769231,18.70192307692308,0.0,0.7156848413974566,Low Value,719.65,1,Churned
74518-ODI,Female,27,No,Odisha,13,13,Deal 5,Yes,No,Yes,DSL,No,No,No,No,No,No,No,Yes,Month-to-Month,No,Bank Withdrawal,44.45,82.7,0.0,0,37.4,120.1,Joined,Others,Others,0,Young Adult,13-24 Months,Growing,9.238461538461538,37.4,120.1,0.3701082431307244,2.701912260967379,High,1,2,0,0,1,0,0,1,0,0,0,0,6.361538461538462,38.08846153846154,0.0,0.3114071606994171,Low Value,1200.15,1,Churned
46986-DEL,Female,52,Yes,Delhi,4,17,Deal 5,Yes,Yes,Yes,Fiber Optic,No,Yes,No,Yes,No,Yes,Yes,Yes,Month-to-Month,Yes,Bank Withdrawal,93.5,362.2,0.0,0,29.56,391.76,Churned,Competitor,Competitor made better offer,1,Senior,13-24 Months,Growing,23.04470588235294,29.56,391.76,0.2386665305288952,4.189946524064171,Medium,1,7,2,2,1,1,0,1,0,0,1,0,21.305882352941172,72.19411764705882,0.0,0.0754543598121298,Low Value,4862.0,1,Churned
29830-TAM,Female,72,Yes,Tamil Nadu,15,7,NO DEAL,Yes,No,Yes,Fiber Optic,No,No,No,No,No,No,No,Yes,Month-to-Month,No,Bank Withdrawal,70.55,3309.25,26.99,0,1266.65,4548.91,Churned,Competitor,Competitor made better offer,1,Elder,7-12 Months,Growing,649.8442857142857,1266.65,4521.92,0.015509209898635,64.47781715095677,High,1,2,0,0,1,0,0,1,0,0,0,0,472.75,-402.2,0.0081559265694643,0.2784513213055435,High Value,5079.599999999999,1,Churned
91754-WES,Male,58,Yes,West Bengal,14,13,NO DEAL,No,No,Yes,DSL,No,No,No,No,No,Yes,Yes,Yes,Month-to-Month,Yes,Bank Withdrawal,35.25,35.25,0.0,0,0.0,35.25,Churned,Price,Lack of affordable download/upload speed,1,Senior,13-24 Months,Growing,2.7115384615384617,0.0,35.25,1.0,1.0,High,1,3,2,0,0,0,0,1,0,0,1,0,2.7115384615384617,32.53846153846154,0.0,0.0,Low Value,2044.5,1,Churned
83486-MAH,Male,34,No,Maharashtra,5,4,Deal 5,Yes,No,Yes,Fiber Optic,No,No,Yes,No,No,No,No,Yes,Month-to-Month,No,Credit Card,75.35,75.35,0.0,0,38.89,114.24,Joined,Others,Others,0,Middle Age,0-6 Months,New,28.56,38.89,114.24,0.6595763305322129,1.5161247511612477,Medium,1,3,0,1,1,0,0,1,0,0,0,0,18.8375,56.5125,0.0,0.3404236694677871,Low Value,2561.9,1,Churned
38663-UTT,Male,42,No,Uttar Pradesh,7,15,Deal 5,Yes,No,No,No Type,No,No,No,No,No,No,No,No,Month-to-Month,No,Credit Card,20.3,40.25,0.0,0,14.54,54.79,Joined,Others,Others,0,Middle Age,13-24 Months,Growing,3.6526666666666663,14.54,54.79,0.3705055667092535,2.699014778325123,High,1,1,0,0,1,0,0,0,0,0,0,0,2.683333333333333,17.616666666666667,0.0,0.2653768935937214,Low Value,852.6,1,Churned
37034-RAJ,Female,58,Yes,Rajasthan,2,8,NO DEAL,Yes,No,Yes,Fiber Optic,No,No,No,No,Yes,No,No,Yes,Month-to-Month,Yes,Bank Withdrawal,79.55,79.55,0.0,0,4.04,83.59,Churned,Other,Don't know,1,Senior,7-12 Months,Growing,10.44875,4.04,83.59,0.9516688599114724,1.0507856693903206,Low,1,3,1,0,1,0,0,1,0,0,1,0,9.94375,69.60625,0.0,0.0483311400885273,Low Value,4613.9,1,Churned
44655-TEL,Male,41,Yes,Telangana,0,25,NO DEAL,Yes,No,Yes,DSL,No,No,No,Yes,No,No,No,Yes,Month-to-Month,Yes,Mailed Check,50.5,147.75,0.0,0,79.14,226.89,Joined,Others,Others,0,Middle Age,25-48 Months,Established,9.0756,79.14,226.89,0.2225748159901273,4.492871287128713,No Referral,0,3,0,1,1,0,0,1,0,0,1,0,5.91,44.59,0.0,0.3488033849001719,Low Value,2070.5,1,Churned
58840-ODI,Female,73,No,Odisha,15,13,NO DEAL,No,No,Yes,Cable,No,No,No,No,No,No,No,Yes,Month-to-Month,Yes,Bank Withdrawal,25.2,25.2,0.0,0,0.0,25.2,Churned,Competitor,Competitor made better offer,1,Elder,13-24 Months,Growing,1.9384615384615385,0.0,25.2,1.0,1.0,High,1,1,0,0,0,0,0,1,0,0,1,0,1.9384615384615385,23.26153846153846,0.0,0.0,Low Value,1839.6,1,Churned
76680-UTT,Male,67,No,Uttar Pradesh,4,17,Deal 3,Yes,Yes,Yes,Fiber Optic,No,Yes,Yes,No,No,Yes,Yes,No,Month-to-Month,Yes,Bank Withdrawal,95.9,2745.2,0.0,50,1026.02,3821.22,Churned,Price,Extra data charges,1,Elder,13-24 Months,Growing,224.7776470588235,1076.02,3821.22,0.0250966968664458,39.84588112617309,Medium,1,6,2,2,1,1,0,1,0,0,1,0,161.48235294117646,-65.58235294117645,0.0,0.2815906961650991,High Value,6425.3,1,Churned
11751-TAM,Female,18,No,Tamil Nadu,5,7,Deal 5,No,No,Yes,DSL,No,No,No,No,No,No,No,Yes,Month-to-Month,No,Mailed Check,24.3,38.45,0.0,0,0.0,38.45,Joined,Others,Others,0,Teen,7-12 Months,Growing,5.492857142857143,0.0,38.45,0.6319895968790636,1.5823045267489713,Medium,1,1,0,0,0,0,0,1,0,0,0,0,5.492857142857143,18.807142857142857,0.0,0.0,Low Value,437.4,1,Churned
45213-AND,Female,25,Yes,Andhra Pradesh,15,5,Deal 5,Yes,No,Yes,Cable,Yes,No,No,No,No,Yes,Yes,Yes,Month-to-Month,Yes,Credit Card,61.2,125.95,0.0,0,64.12,190.07,Joined,Others,Others,0,Young Adult,0-6 Months,New,38.014,64.12,190.07,0.3219866365023413,3.1057189542483656,High,1,5,2,1,1,0,0,1,1,0,1,0,25.19,36.010000000000005,0.0,0.3373493975903615,Low Value,1530.0,1,Churned
55800-PUN,Female,78,No,Punjab,5,10,Deal 4,Yes,No,Yes,Fiber Optic,No,Yes,Yes,No,Yes,No,No,Yes,Month-to-Month,Yes,Bank Withdrawal,89.15,1496.9,0.0,0,516.29,2013.19,Churned,Dissatisfaction,Service dissatisfaction,1,Elder,7-12 Months,Growing,201.319,516.29,2013.19,0.0442829539189048,22.582052720134605,Medium,1,5,1,2,1,0,0,1,0,0,1,0,149.69,-60.53999999999999,0.0,0.256453687928114,Medium Value,6953.700000000001,1,Churned
28453-JAM,Female,23,No,Jammu & Kashmir,9,6,Deal 5,Yes,No,Yes,Cable,Yes,No,No,No,No,No,No,Yes,Month-to-Month,Yes,Credit Card,48.6,48.6,0.0,0,6.54,55.14,Churned,Dissatisfaction,Poor expertise of phone support,1,Young Adult,0-6 Months,New,9.19,6.54,55.14,0.8813928182807399,1.134567901234568,High,1,3,0,1,1,0,0,1,1,0,1,0,8.1,40.5,0.0,0.11860718171926,Low Value,1117.8,1,Churned
21165-DEL,Female,38,No,Delhi,2,32,Deal 5,Yes,No,No,No Type,No,No,No,No,No,No,No,No,Month-to-Month,No,Credit Card,19.95,38.15,0.0,0,69.14,107.29,Joined,Others,Others,0,Middle Age,25-48 Months,Established,3.3528125,69.14,107.29,0.1859446360331811,5.377944862155389,Low,1,1,0,0,1,0,0,0,0,0,0,0,1.1921875,18.7578125,0.0,0.6444216609190045,Low Value,758.1,1,Churned
41924-RAJ,Female,57,No,Rajasthan,9,11,NO DEAL,Yes,No,Yes,DSL,No,No,No,No,No,No,No,Yes,Month-to-Month,No,Mailed Check,46.0,221.7,0.0,0,119.45,341.15,Churned,Competitor,Competitor had better devices,1,Senior,7-12 Months,Growing,31.01363636363636,119.45,341.15,0.1348380477795691,7.416304347826086,High,1,2,0,0,1,0,0,1,0,0,0,0,20.154545454545453,25.845454545454547,0.0,0.350139234940642,Low Value,2622.0,1,Churned
83113-GUJ,Male,35,No,Gujarat,8,30,NO DEAL,No,No,Yes,DSL,No,No,No,Yes,No,No,No,Yes,Month-to-Month,No,Credit Card,29.15,29.15,0.0,0,0.0,29.15,Joined,Others,Others,0,Middle Age,25-48 Months,Established,0.9716666666666666,0.0,29.15,1.0,1.0,High,1,2,0,1,0,0,0,1,0,0,0,0,0.9716666666666666,28.17833333333333,0.0,0.0,Low Value,1020.25,1,Churned
87950-TAM,Female,32,Yes,Tamil Nadu,13,26,Deal 5,Yes,No,Yes,Fiber Optic,No,No,No,No,No,No,Yes,Yes,Month-to-Month,Yes,Bank Withdrawal,69.55,69.55,0.0,0,49.43,118.98,Churned,Attitude,Attitude of support person,1,Middle Age,25-48 Months,Established,4.576153846153846,49.43,118.98,0.5845520255505127,1.7107117181883538,High,1,3,1,0,1,0,0,1,0,0,1,0,2.675,66.875,0.0,0.4154479744494873,Low Value,2225.6,1,Churned
16243-DEL,Female,67,No,Delhi,8,2,Deal 5,Yes,Yes,Yes,Fiber Optic,No,No,No,No,No,No,No,Yes,Month-to-Month,Yes,Bank Withdrawal,74.2,74.2,0.0,0,48.95,123.15,Churned,Price,Price too high,1,Elder,0-6 Months,New,61.575,48.95,123.15,0.6025172553796183,1.6597035040431267,High,1,3,0,0,1,1,0,1,0,0,1,0,37.1,37.1,0.0,0.3974827446203816,Low Value,4971.400000000001,1,Churned
44934-TAM,Male,23,Yes,Tamil Nadu,9,9,Deal 2,Yes,Yes,Yes,Fiber Optic,No,Yes,No,Yes,Yes,Yes,Yes,Yes,Month-to-Month,No,Bank Withdrawal,103.7,5071.05,36.61,0,1707.0,6741.44,Churned,Competitor,Competitor had better devices,1,Young Adult,7-12 Months,Growing,749.0488888888889,1707.0,6704.83,0.0153824702140788,65.00906460945033,High,1,8,3,2,1,1,0,1,0,0,0,0,563.45,-459.75000000000006,0.0072194121533015,0.2532099966772678,Very High Value,2385.1,1,Churned
34319-UTT,Male,40,Yes,Uttar Pradesh,12,25,Deal 5,Yes,No,Yes,DSL,No,Yes,No,No,No,No,No,Yes,Month-to-Month,Yes,Credit Card,50.15,50.15,0.0,0,20.3,70.45,Joined,Others,Others,0,Middle Age,25-48 Months,Established,2.818,20.3,70.45,0.7118523775727466,1.4047856430707877,High,1,3,0,1,1,0,0,1,0,0,1,0,2.006,48.144,0.0,0.2881476224272534,Low Value,2006.0,1,Churned
53915-PUN,Female,76,Yes,Punjab,8,8,NO DEAL,Yes,No,Yes,Fiber Optic,No,No,No,No,No,No,No,Yes,Month-to-Month,Yes,Bank Withdrawal,70.15,70.15,0.0,0,47.97,118.12,Churned,Competitor,Competitor made better offer,1,Elder,7-12 Months,Growing,14.765,47.97,118.12,0.593887571960718,1.6838203848895223,High,1,2,0,0,1,0,0,1,0,0,1,0,8.76875,61.38125000000001,0.0,0.406112428039282,Low Value,5331.400000000001,1,Churned
93409-ODI,Female,33,No,Odisha,9,35,NO DEAL,Yes,No,Yes,Fiber Optic,No,No,No,No,No,No,No,Yes,Month-to-Month,Yes,Bank Withdrawal,70.0,70.0,0.0,0,38.8,108.8,Churned,Price,Price too high,1,Middle Age,25-48 Months,Established,3.1085714285714285,38.8,108.8,0.6433823529411765,1.5542857142857145,High,1,2,0,0,1,0,0,1,0,0,1,0,2.0,68.0,0.0,0.3566176470588235,Low Value,2310.0,1,Churned
73044-KAR,Male,23,Yes,Karnataka,15,5,NO DEAL,Yes,No,Yes,Fiber Optic,No,Yes,No,No,No,No,No,Yes,Month-to-Month,No,Credit Card,74.6,74.6,0.0,0,42.99,117.59,Joined,Others,Others,0,Young Adult,0-6 Months,New,23.518,42.99,117.59,0.6344076877285483,1.5762734584450404,High,1,3,0,1,1,0,0,1,0,0,0,0,14.919999999999998,59.67999999999999,0.0,0.3655923122714516,Low Value,1715.8,1,Churned
51472-MAH,Female,82,Yes,Maharashtra,6,13,Deal 2,Yes,Yes,Yes,Fiber Optic,No,No,Yes,No,Yes,Yes,No,Yes,Month-to-Month,Yes,Bank Withdrawal,98.4,4187.75,0.0,0,1724.46,5912.21,Churned,Competitor,Competitor had better devices,1,Elder,13-24 Months,Growing,454.7853846153846,1724.46,5912.21,0.0166435224729838,60.08343495934959,High,1,6,2,1,1,1,0,1,0,0,1,0,322.13461538461536,-223.73461538461532,0.0,0.2916777313390424,Very High Value,8068.8,1,Churned
98159-HAR,Male,40,No,Haryana,1,25,Deal 4,Yes,Yes,Yes,Fiber Optic,No,No,No,No,No,No,No,Yes,Month-to-Month,Yes,Bank Withdrawal,74.35,834.2,0.0,0,100.54,934.74,Churned,Competitor,Competitor made better offer,1,Middle Age,25-48 Months,Established,37.3896,100.54,934.74,0.0795408348845668,12.572158708809685,Low,1,3,0,0,1,1,0,1,0,0,1,0,33.368,40.98199999999999,0.0,0.1075593213085991,Medium Value,2974.0,1,Churned
21945-KAR,Male,61,No,Karnataka,7,5,NO DEAL,Yes,No,Yes,Fiber Optic,Yes,No,No,Yes,No,No,No,Yes,Month-to-Month,No,Bank Withdrawal,80.85,866.45,23.72,0,219.12,1061.85,Churned,Competitor,Competitor offered more data,1,Elder,0-6 Months,New,212.37,219.12,1038.13,0.0761406978386777,13.133580705009276,High,1,4,0,2,1,0,0,1,1,0,0,0,173.29000000000002,-92.44000000000004,0.0273760747879277,0.206356830060743,Medium Value,4931.849999999999,1,Churned
55554-UTT,Male,31,Yes,Uttar Pradesh,14,1,Deal 5,Yes,Yes,Yes,Fiber Optic,No,No,Yes,Yes,Yes,Yes,Yes,Yes,Month-to-Month,Yes,Bank Withdrawal,104.4,242.8,45.44,0,23.02,220.38,Churned,Attitude,Attitude of support person,1,Middle Age,0-6 Months,New,220.38,23.02,174.94,0.4737271984753607,2.110919540229885,High,1,8,3,2,1,1,0,1,0,0,1,0,242.8,-138.4,0.187149917627677,0.1044559397404483,Low Value,3236.4,1,Churned
28848-RAJ,Male,69,Yes,Rajasthan,14,30,NO DEAL,Yes,Yes,Yes,Fiber Optic,No,Yes,No,No,Yes,No,No,No,Month-to-Month,Yes,Bank Withdrawal,89.95,6143.15,6.79,110,1127.46,7373.82,Churned,Competitor,Competitor had better devices,1,Elder,25-48 Months,Established,245.794,1237.46,7367.03,0.0121985619394018,81.97687604224569,High,1,4,1,1,1,1,0,1,0,0,1,0,204.77166666666665,-114.82166666666664,0.0011052961428583,0.1678180373266502,Very High Value,6206.55,1,Churned
24531-AND,Male,82,No,Andhra Pradesh,10,5,NO DEAL,Yes,Yes,Yes,Fiber Optic,No,No,Yes,No,Yes,No,No,Yes,Month-to-Month,No,Bank Withdrawal,90.8,1951.0,0.0,0,95.4,2046.4,Churned,Competitor,Competitor had better devices,1,Elder,0-6 Months,New,409.28,95.4,2046.4,0.0443706020328381,22.537444933920707,High,1,5,1,1,1,1,0,1,0,0,0,0,390.2,-299.4,0.0,0.046618451915559,Medium Value,7445.599999999999,1,Churned
71689-PUN,Female,42,Yes,Punjab,3,19,NO DEAL,Yes,No,Yes,DSL,No,No,No,No,No,No,No,Yes,Month-to-Month,No,Credit Card,43.95,43.95,0.0,0,45.59,89.54,Joined,Others,Others,0,Middle Age,13-24 Months,Growing,4.712631578947369,45.59,89.54,0.4908420817511726,2.037315130830489,Medium,1,2,0,0,1,0,0,1,0,0,0,0,2.3131578947368423,41.63684210526316,0.0,0.5091579182488274,Low Value,1845.9,1,Churned
41777-JAM,Female,56,No,Jammu & Kashmir,12,8,NO DEAL,Yes,Yes,Yes,Fiber Optic,No,Yes,Yes,No,Yes,Yes,Yes,Yes,One Year,Yes,Credit Card,106.1,5082.8,0.0,0,1187.04,6269.84,Churned,Other,Don't know,1,Senior,7-12 Months,Growing,783.73,1187.04,6269.84,0.0169222819083102,59.09368520263902,High,1,8,3,2,1,1,1,1,0,0,1,0,635.35,-529.25,0.0,0.1893254054329935,Very High Value,5941.599999999999,1,Churned
63441-RAJ,Male,40,Yes,Rajasthan,13,13,Deal 4,Yes,No,Yes,Fiber Optic,No,Yes,Yes,No,Yes,No,No,Yes,Month-to-Month,Yes,Bank Withdrawal,89.4,2001.5,0.0,0,870.76,2872.26,Churned,Dissatisfaction,Lack of self-service on Website,1,Middle Age,13-24 Months,Growing,220.94307692307692,870.76,2872.26,0.0311253159532911,32.12818791946309,High,1,5,1,2,1,0,0,1,0,0,1,0,153.96153846153845,-64.56153846153845,0.0,0.3031619700166419,High Value,3576.0,1,Churned
78885-TAM,Female,43,No,Tamil Nadu,2,5,Deal 5,Yes,No,No,No Type,No,No,No,No,No,No,No,No,Month-to-Month,No,Credit Card,19.5,19.5,0.0,0,20.11,39.61,Joined,Others,Others,0,Middle Age,0-6 Months,New,7.922,20.11,39.61,0.4922999242615501,2.031282051282051,Low,1,1,0,0,1,0,0,0,0,0,0,0,3.9,15.6,0.0,0.5077000757384499,Low Value,838.5,1,Churned
72349-UTT,Male,72,Yes,Uttar Pradesh,6,12,NO DEAL,Yes,No,Yes,Fiber Optic,No,Yes,No,No,No,No,No,No,Month-to-Month,Yes,Bank Withdrawal,72.85,688.65,0.0,30,54.6,773.25,Churned,Competitor,Competitor had better devices,1,Elder,7-12 Months,Growing,64.4375,84.6,773.25,0.0942127384416424,10.614275909402885,High,1,2,0,1,1,0,0,1,0,0,1,0,57.3875,15.4625,0.0,0.1094083414161008,Medium Value,5245.2,1,Churned
98901-KAR,Female,52,No,Karnataka,12,30,NO DEAL,Yes,No,Yes,Fiber Optic,No,No,No,No,No,No,No,Yes,Month-to-Month,No,Bank Withdrawal,70.5,70.5,0.0,0,41.39,111.89,Churned,Competitor,Competitor offered higher download speeds,1,Senior,25-48 Months,Established,3.7296666666666662,41.39,111.89,0.6300831173473947,1.5870921985815605,High,1,2,0,0,1,0,0,1,0,0,0,0,2.35,68.15,0.0,0.3699168826526052,Low Value,3666.0,1,Churned
14941-MAH,Female,43,Yes,Maharashtra,2,30,NO DEAL,Yes,No,Yes,Fiber Optic,No,Yes,Yes,No,No,No,No,Yes,Month-to-Month,Yes,Bank Withdrawal,79.25,1111.65,48.25,0,436.02,1499.42,Churned,Competitor,Competitor had better devices,1,Middle Age,25-48 Months,Established,49.98066666666667,436.02,1451.17,0.0528537701244481,18.9201261829653,Low,1,4,0,2,1,0,0,1,0,0,1,0,37.055,42.195,0.0434039490846939,0.2907924397433674,Medium Value,3407.75,1,Churned
17866-HAR,Female,60,Yes,Haryana,5,35,NO DEAL,Yes,Yes,Yes,Fiber Optic,No,No,No,No,Yes,No,No,No,Month-to-Month,Yes,Bank Withdrawal,86.5,582.5,0.0,20,158.27,760.77,Churned,Competitor,Competitor offered higher download speeds,1,Senior,25-48 Months,Established,21.736285714285717,178.27,760.77,0.1137005928204319,8.795028901734105,Medium,1,3,1,0,1,1,0,1,0,0,1,0,16.642857142857142,69.85714285714286,0.0,0.2343283778277272,Medium Value,5190.0,1,Churned
65987-TAM,Male,52,Yes,Tamil Nadu,9,34,Deal 5,Yes,Yes,Yes,DSL,Yes,Yes,No,No,No,No,No,Yes,Month-to-Month,No,Bank Withdrawal,61.15,61.15,0.0,0,17.07,78.22,Joined,Others,Others,0,Senior,25-48 Months,Established,2.300588235294118,17.07,78.22,0.7817693684479673,1.2791496320523303,High,1,5,0,2,1,1,0,1,1,0,0,0,1.798529411764706,59.351470588235294,0.0,0.2182306315520327,Low Value,3179.8,1,Churned
88152-TEL,Male,31,Yes,Telangana,6,15,Deal 5,Yes,No,No,No Type,No,No,No,No,No,No,No,No,Month-to-Month,No,Credit Card,20.15,20.15,0.0,0,40.51,60.66,Churned,Price,Long distance charges,1,Middle Age,13-24 Months,Growing,4.044,40.51,60.66,0.3321793603692713,3.010421836228288,High,1,1,0,0,1,0,0,0,0,0,0,0,1.3433333333333333,18.806666666666665,0.0,0.6678206396307287,Low Value,624.65,1,Churned
94070-JAM,Female,21,Yes,Jammu & Kashmir,8,3,NO DEAL,Yes,No,Yes,Fiber Optic,No,No,No,No,Yes,Yes,Yes,Yes,Month-to-Month,Yes,Bank Withdrawal,90.1,90.1,0.0,0,24.33,114.43,Joined,Others,Others,0,Young Adult,0-6 Months,New,38.14333333333334,24.33,114.43,0.7873809315738879,1.270033296337403,High,1,5,3,0,1,0,0,1,0,0,1,0,30.03333333333333,60.06666666666666,0.0,0.212619068426112,Low Value,1892.1,1,Churned
85031-RAJ,Female,60,No,Rajasthan,1,4,Deal 5,Yes,No,Yes,DSL,No,No,No,No,No,No,No,Yes,Month-to-Month,No,Bank Withdrawal,44.0,44.0,0.0,0,13.4,57.4,Joined,Others,Others,0,Senior,0-6 Months,New,14.35,13.4,57.4,0.7665505226480837,1.3045454545454545,Low,1,2,0,0,1,0,0,1,0,0,0,0,11.0,33.0,0.0,0.2334494773519164,Low Value,2640.0,1,Churned
93798-TAM,Male,64,No,Tamil Nadu,1,6,NO DEAL,Yes,No,Yes,DSL,No,No,No,No,No,No,No,No,Month-to-Month,No,Bank Withdrawal,45.3,45.3,0.0,30,28.37,103.67,Churned,Competitor,Competitor offered higher download speeds,1,Elder,0-6 Months,New,17.278333333333332,58.370000000000005,103.67,0.4369634416899778,2.2885209713024284,Low,1,1,0,0,1,0,0,1,0,0,0,0,7.55,37.75,0.0,0.5630365583100222,Low Value,2899.2,1,Churned
76580-TAM,Female,29,Yes,Tamil Nadu,0,17,Deal 5,Yes,No,No,No Type,No,No,No,No,No,No,No,No,Month-to-Month,No,Mailed Check,20.4,20.4,0.0,0,22.12,42.52,Churned,Price,Long distance charges,1,Young Adult,13-24 Months,Growing,2.501176470588236,22.12,42.52,0.4797742238946377,2.084313725490196,No Referral,0,1,0,0,1,0,0,0,0,0,0,0,1.2,19.2,0.0,0.5202257761053621,Low Value,591.5999999999999,1,Churned
78104-JHA,Female,61,Yes,Jharkhand,11,9,Deal 4,Yes,Yes,Yes,Fiber Optic,No,Yes,No,No,No,No,No,Yes,Month-to-Month,Yes,Bank Withdrawal,78.95,1101.85,0.0,0,229.04,1330.89,Churned,Competitor,Competitor made better offer,1,Elder,7-12 Months,Growing,147.8766666666667,229.04,1330.89,0.0593212061101969,16.857378087397088,High,1,4,0,1,1,1,0,1,0,0,1,0,122.42777777777776,-43.47777777777776,0.0,0.1720953647559152,Medium Value,4815.95,1,Churned
58802-TAM,Female,42,Yes,Tamil Nadu,0,32,NO DEAL,Yes,Yes,Yes,Fiber Optic,No,No,No,Yes,No,Yes,Yes,Yes,Month-to-Month,Yes,Credit Card,89.05,1448.6,0.0,0,191.36,1639.96,Churned,Competitor,Competitor made better offer,1,Middle Age,25-48 Months,Established,51.24875,191.36,1639.96,0.0543001048806068,18.416170690623247,No Referral,0,6,2,1,1,1,0,1,0,0,1,0,45.26875,43.78125,0.0,0.1166857728237274,Medium Value,3740.1,1,Churned
93193-TAM,Male,73,No,Tamil Nadu,14,14,NO DEAL,Yes,No,Yes,DSL,No,No,No,No,No,No,No,Yes,Month-to-Month,No,Bank Withdrawal,46.0,46.0,0.0,0,7.74,53.74,Churned,Competitor,Competitor had better devices,1,Elder,13-24 Months,Growing,3.838571428571429,7.74,53.74,0.8559732043170822,1.1682608695652177,High,1,2,0,0,1,0,0,1,0,0,0,0,3.2857142857142856,42.71428571428572,0.0,0.1440267956829177,Low Value,3358.0,1,Churned
47045-TAM,Male,74,No,Tamil Nadu,13,20,NO DEAL,Yes,No,Yes,Fiber Optic,No,Yes,No,No,No,No,No,Yes,Month-to-Month,Yes,Bank Withdrawal,73.0,73.0,0.0,0,20.55,93.55,Churned,Competitor,Competitor offered more data,1,Elder,13-24 Months,Growing,4.6775,20.55,93.55,0.780331373597007,1.2815068493150683,High,1,3,0,1,1,0,0,1,0,0,1,0,3.65,69.35,0.0,0.219668626402993,Low Value,5402.0,1,Churned
52976-PUN,Female,72,Yes,Punjab,4,8,NO DEAL,Yes,Yes,Yes,Fiber Optic,No,No,No,No,No,No,No,Yes,Month-to-Month,Yes,Credit Card,75.05,256.25,0.0,0,71.46,327.71,Churned,Competitor,Competitor had better devices,1,Elder,7-12 Months,Growing,40.96375,71.46,327.71,0.2290134570199261,4.366555629580279,Medium,1,3,0,0,1,1,0,1,0,0,1,0,32.03125,43.01875,0.0,0.2180586494156418,Low Value,5403.599999999999,1,Churned
43116-JAM,Female,43,No,Jammu & Kashmir,10,30,NO DEAL,Yes,No,Yes,Fiber Optic,No,No,No,No,Yes,No,No,Yes,Month-to-Month,Yes,Bank Withdrawal,79.75,164.5,0.0,0,16.64,181.14,Churned,Competitor,Competitor made better offer,1,Middle Age,25-48 Months,Established,6.037999999999999,16.64,181.14,0.4402671966434802,2.271347962382445,High,1,3,1,0,1,0,0,1,0,0,1,0,5.483333333333333,74.26666666666667,0.0,0.0918626476758308,Low Value,3429.25,1,Churned
33573-DEL,Female,20,Yes,Delhi,7,11,Deal 1,Yes,Yes,Yes,Fiber Optic,No,Yes,Yes,Yes,Yes,Yes,Yes,No,One Year,Yes,Bank Withdrawal,109.5,7674.55,0.0,150,2931.6,10756.15,Churned,Attitude,Attitude of service provider,1,Young Adult,7-12 Months,Growing,977.831818181818,3081.6,10756.15,0.0101802224773734,98.2296803652968,High,1,8,3,3,1,1,1,1,0,0,1,0,697.6863636363637,-588.1863636363637,0.0,0.2864965624317251,Very High Value,2190.0,1,Churned
37708-BIH,Female,71,Yes,Bihar,4,30,NO DEAL,Yes,Yes,Yes,Fiber Optic,No,No,No,No,No,No,No,Yes,Month-to-Month,Yes,Bank Withdrawal,75.5,1893.95,0.0,0,286.2,2180.15,Churned,Competitor,Competitor had better devices,1,Elder,25-48 Months,Established,72.67166666666667,286.2,2180.15,0.0346306446804118,28.876158940397357,Medium,1,3,0,0,1,1,0,1,0,0,1,0,63.13166666666667,12.368333333333332,0.0,0.1312753709607137,High Value,5360.5,1,Churned
97997-HAR,Female,28,No,Haryana,12,35,Deal 5,Yes,No,No,No Type,No,No,No,No,No,No,No,No,Month-to-Month,No,Credit Card,20.5,20.5,0.0,0,26.12,46.62,Churned,Price,Long distance charges,1,Young Adult,25-48 Months,Established,1.332,26.12,46.62,0.4397254397254397,2.2741463414634144,High,1,1,0,0,1,0,0,0,0,0,0,0,0.5857142857142857,19.914285714285715,0.0,0.5602745602745604,Low Value,574.0,1,Churned
74446-MAD,Male,58,Yes,Madhya Pradesh,4,6,Deal 1,Yes,No,Yes,Cable,No,Yes,Yes,No,Yes,Yes,Yes,Yes,Month-to-Month,No,Bank Withdrawal,99.5,6710.5,0.0,0,1704.12,8414.62,Churned,Other,Moved,1,Senior,0-6 Months,New,1402.4366666666667,1704.12,8414.62,0.0118246575602938,84.56904522613065,Medium,1,7,3,2,1,0,0,1,0,0,0,0,1118.4166666666667,-1018.9166666666669,0.0,0.2025189491622913,Very High Value,5771.0,1,Churned
33761-HAR,Female,45,Yes,Haryana,5,11,Deal 5,Yes,No,Yes,Fiber Optic,No,No,No,No,No,Yes,Yes,Yes,Month-to-Month,Yes,Bank Withdrawal,81.95,81.95,0.0,0,44.94,126.89,Churned,Competitor,Competitor had better devices,1,Middle Age,7-12 Months,Growing,11.535454545454543,44.94,126.89,0.6458349751753487,1.5483831604636973,Medium,1,4,2,0,1,0,0,1,0,0,1,0,7.45,74.5,0.0,0.3541650248246512,Low Value,3687.75,1,Churned
48857-UTT,Male,54,Yes,Uttar Pradesh,15,17,Deal 4,No,No,Yes,DSL,No,Yes,Yes,No,No,No,No,Yes,Month-to-Month,Yes,Credit Card,33.5,600.0,0.0,0,0.0,600.0,Churned,Dissatisfaction,Product dissatisfaction,1,Senior,13-24 Months,Growing,35.294117647058826,0.0,600.0,0.0558333333333333,17.91044776119403,High,1,3,0,2,0,0,0,1,0,0,1,0,35.294117647058826,-1.794117647058826,0.0,0.0,Low Value,1809.0,1,Churned
23770-TAM,Female,76,No,Tamil Nadu,8,15,Deal 4,Yes,Yes,Yes,Fiber Optic,No,No,Yes,No,Yes,Yes,No,Yes,Month-to-Month,Yes,Bank Withdrawal,99.55,1131.2,0.0,0,14.08,1145.28,Churned,Competitor,Competitor made better offer,1,Elder,13-24 Months,Growing,76.352,14.08,1145.28,0.0869219754121262,11.504570567553992,High,1,6,2,1,1,1,0,1,0,0,1,0,75.41333333333334,24.136666666666656,0.0,0.0122939368538697,Medium Value,7565.8,1,Churned
94413-AND,Male,32,No,Andhra Pradesh,11,9,NO DEAL,Yes,No,Yes,Fiber Optic,No,Yes,No,No,Yes,No,No,No,Month-to-Month,No,Bank Withdrawal,84.3,84.3,0.0,10,1.63,95.93,Churned,Competitor,Competitor offered more data,1,Middle Age,7-12 Months,Growing,10.658888888888889,11.63,95.93,0.8787657667048889,1.1379596678529065,High,1,3,1,1,1,0,0,1,0,0,0,0,9.366666666666667,74.93333333333334,0.0,0.121234233295111,Low Value,2697.6,1,Churned
11713-MAD,Female,22,Yes,Madhya Pradesh,4,5,Deal 5,Yes,No,Yes,Fiber Optic,No,No,Yes,No,No,No,No,No,Month-to-Month,Yes,Mailed Check,74.6,74.6,0.0,10,22.16,106.76,Churned,Competitor,Competitor offered more data,1,Young Adult,0-6 Months,New,21.352,32.16,106.76,0.6987635818658673,1.431099195710456,Medium,1,2,0,1,1,0,0,1,0,0,1,0,14.919999999999998,59.67999999999999,0.0,0.3012364181341326,Low Value,1641.1999999999998,1,Churned
13654-BIH,Female,33,No,Bihar,10,34,NO DEAL,Yes,Yes,Yes,Fiber Optic,No,No,No,Yes,Yes,Yes,Yes,Yes,Month-to-Month,Yes,Credit Card,99.0,1301.7,0.0,0,313.82,1615.52,Churned,Price,Lack of affordable download/upload speed,1,Middle Age,25-48 Months,Established,47.51529411764706,313.82,1615.52,0.0612805783896206,16.318383838383838,High,1,7,3,1,1,1,0,1,0,0,1,0,38.28529411764706,60.71470588235294,0.0,0.1942532435376844,Medium Value,3267.0,1,Churned
11906-MAD,Female,53,No,Madhya Pradesh,2,29,NO DEAL,Yes,No,Yes,Fiber Optic,No,No,No,No,No,Yes,Yes,No,Month-to-Month,Yes,Bank Withdrawal,79.3,523.15,0.0,10,134.47,667.62,Churned,Competitor,Competitor had better devices,1,Senior,25-48 Months,Established,23.021379310344827,144.47,667.62,0.1187801443935172,8.41891551071879,Low,1,3,2,0,1,0,0,1,0,0,1,0,18.03965517241379,61.26034482758621,0.0,0.2163955543572691,Medium Value,4202.9,1,Churned
22996-RAJ,Male,49,Yes,Rajasthan,11,18,NO DEAL,Yes,Yes,Yes,Fiber Optic,No,Yes,Yes,No,Yes,Yes,Yes,Yes,Month-to-Month,Yes,Bank Withdrawal,106.7,1253.9,0.0,0,302.28,1556.18,Churned,Attitude,Attitude of support person,1,Senior,13-24 Months,Growing,86.45444444444445,302.28,1556.18,0.0685653330591576,14.584629803186504,High,1,8,3,2,1,1,0,1,0,0,1,0,69.66111111111111,37.03888888888889,0.0,0.19424488169749,Medium Value,5228.3,1,Churned
61446-TAM,Female,60,No,Tamil Nadu,6,34,Deal 2,No,No,Yes,DSL,No,No,Yes,No,Yes,Yes,Yes,Yes,Month-to-Month,Yes,Bank Withdrawal,49.05,2076.2,20.29,0,0.0,2055.91,Churned,Competitor,Competitor offered more data,1,Senior,25-48 Months,Established,60.46794117647058,0.0,2035.62,0.0238580482608674,41.91457696228338,High,1,5,3,1,0,0,0,1,0,0,1,0,61.06470588235294,-12.014705882352942,0.0097726615932954,0.0,Medium Value,2943.0,1,Churned
76221-UTT,Male,71,Yes,Uttar Pradesh,1,36,NO DEAL,Yes,Yes,Yes,Fiber Optic,No,Yes,Yes,No,Yes,Yes,No,Yes,Month-to-Month,Yes,Credit Card,102.95,2496.7,0.0,0,77.52,2574.22,Churned,Attitude,Attitude of support person,1,Elder,25-48 Months,Established,71.50611111111111,77.52,2574.22,0.0399926968168998,25.004565322972315,Low,1,7,2,2,1,1,0,1,0,0,1,0,69.35277777777777,33.59722222222223,0.0,0.0301139762724242,High Value,7309.45,1,Churned
33463-JAM,Female,43,No,Jammu & Kashmir,13,35,Deal 5,Yes,No,Yes,Fiber Optic,No,No,No,No,Yes,Yes,Yes,Yes,Month-to-Month,Yes,Bank Withdrawal,90.4,168.2,0.0,0,21.06,189.26,Churned,Other,Don't know,1,Middle Age,25-48 Months,Established,5.407428571428572,21.06,189.26,0.4776497939342704,2.09358407079646,High,1,5,3,0,1,0,0,1,0,0,1,0,4.805714285714285,85.59428571428572,0.0,0.1112754940293775,Low Value,3887.2,1,Churned
72469-MAD,Male,56,No,Madhya Pradesh,9,9,NO DEAL,Yes,No,Yes,Cable,Yes,No,Yes,No,No,No,No,Yes,Month-to-Month,No,Credit Card,55.7,55.7,0.0,0,17.68,73.38,Joined,Others,Others,0,Senior,7-12 Months,Growing,8.153333333333332,17.68,73.38,0.7590624148269284,1.3174147217235188,High,1,4,0,2,1,0,0,1,1,0,0,0,6.188888888888889,49.51111111111111,0.0,0.2409375851730717,Low Value,3119.2000000000003,1,Churned
46792-MAD,Female,59,Yes,Madhya Pradesh,6,25,Deal 5,No,No,Yes,DSL,No,No,Yes,Yes,No,No,No,Yes,Month-to-Month,No,Credit Card,35.9,35.9,0.0,0,0.0,35.9,Joined,Others,Others,0,Senior,25-48 Months,Established,1.436,0.0,35.9,1.0,1.0,High,1,3,0,2,0,0,0,1,0,0,0,0,1.436,34.464,0.0,0.0,Low Value,2118.1,1,Churned
46549-TAM,Male,72,Yes,Tamil Nadu,3,20,Deal 5,Yes,No,Yes,Fiber Optic,No,No,No,No,No,No,No,Yes,Month-to-Month,Yes,Bank Withdrawal,70.4,204.7,0.0,0,6.78,211.48,Churned,Other,Don't know,1,Elder,13-24 Months,Growing,10.574,6.78,211.48,0.3328919992434273,3.003977272727272,Medium,1,2,0,0,1,0,0,1,0,0,1,0,10.235,60.165000000000006,0.0,0.0320597692453187,Low Value,5068.8,1,Churned
72437-GUJ,Female,52,No,Gujarat,3,10,Deal 4,Yes,Yes,Yes,Fiber Optic,No,No,No,No,No,Yes,Yes,Yes,Month-to-Month,Yes,Bank Withdrawal,86.5,1808.7,0.0,0,886.62,2695.32,Churned,Competitor,Competitor offered more data,1,Senior,7-12 Months,Growing,269.53200000000004,886.62,2695.32,0.0320926643218615,31.15976878612717,Medium,1,5,2,0,1,1,0,1,0,0,1,0,180.87,-94.37,0.0,0.3289479542317795,High Value,4498.0,1,Churned
93493-HAR,Male,33,Yes,Haryana,9,10,Deal 5,Yes,No,Yes,Fiber Optic,No,No,No,No,No,No,No,Yes,Month-to-Month,Yes,Bank Withdrawal,69.75,324.6,0.0,0,155.7,480.3,Churned,Competitor,Competitor had better devices,1,Middle Age,7-12 Months,Growing,48.03,155.7,480.3,0.1452217364147408,6.886021505376344,High,1,2,0,0,1,0,0,1,0,0,1,0,32.46,37.29,0.0,0.3241723922548407,Low Value,2301.75,1,Churned
58933-TEL,Male,75,Yes,Telangana,2,13,Deal 5,Yes,No,Yes,Fiber Optic,Yes,No,No,No,No,No,No,No,Month-to-Month,No,Bank Withdrawal,76.45,503.6,11.05,0,188.65,681.2,Churned,Price,Lack of affordable download/upload speed,1,Elder,13-24 Months,Growing,52.400000000000006,188.65,670.1500000000001,0.1122284204345273,8.910398953564421,Low,1,2,0,1,1,0,0,1,1,0,0,0,38.73846153846154,37.71153846153846,0.0219420174741858,0.2769377568995889,Medium Value,5733.75,1,Churned
75000-BIH,Male,48,Yes,Bihar,6,11,Deal 5,Yes,No,Yes,Fiber Optic,No,No,No,No,Yes,Yes,Yes,Yes,Month-to-Month,Yes,Bank Withdrawal,89.55,185.55,0.0,0,17.72,203.27,Churned,Competitor,Competitor had better devices,1,Senior,7-12 Months,Growing,18.47909090909091,17.72,203.27,0.4405470556402813,2.2699050809603576,High,1,5,3,0,1,0,0,1,0,0,1,0,16.86818181818182,72.68181818181817,0.0,0.0871746937570718,Low Value,4298.4,1,Churned
99317-UTT,Female,46,Yes,Uttar Pradesh,13,6,NO DEAL,Yes,No,Yes,Fiber Optic,No,No,No,No,No,No,No,Yes,Month-to-Month,Yes,Mailed Check,69.25,418.4,0.0,0,236.16,654.56,Churned,Competitor,Competitor made better offer,1,Senior,0-6 Months,New,109.09333333333332,236.16,654.56,0.1057962600831092,9.452129963898916,High,1,2,0,0,1,0,0,1,0,0,1,0,69.73333333333333,-0.4833333333333343,0.0,0.3607919824003911,Medium Value,3185.5,1,Churned
28873-TAM,Male,55,No,Tamil Nadu,7,4,NO DEAL,Yes,No,Yes,Fiber Optic,No,Yes,No,No,No,No,No,Yes,Month-to-Month,No,Bank Withdrawal,74.95,151.75,0.0,0,7.52,159.27,Joined,Others,Others,0,Senior,0-6 Months,New,39.8175,7.52,159.27,0.4705845419727507,2.12501667778519,High,1,3,0,1,1,0,0,1,0,0,0,0,37.9375,37.0125,0.0,0.0472154203553713,Low Value,4122.25,1,Churned
95748-UTT,Male,22,Yes,Uttar Pradesh,5,4,Deal 5,Yes,Yes,No,No Type,No,No,No,No,No,No,No,No,Month-to-Month,No,Mailed Check,25.4,25.4,0.0,0,32.73,58.13,Joined,Others,Others,0,Young Adult,0-6 Months,New,14.5325,32.73,58.13,0.4369516600722518,2.2885826771653544,Medium,1,2,0,0,1,1,0,0,0,0,0,0,6.35,19.05,0.0,0.563048339927748,Low Value,558.8,1,Churned
23683-TEL,Male,26,No,Telangana,10,16,NO DEAL,Yes,No,No,No Type,No,No,No,No,No,No,No,No,Month-to-Month,Yes,Credit Card,20.25,20.25,0.0,0,42.96,63.21,Joined,Others,Others,0,Young Adult,13-24 Months,Growing,3.950625,42.96,63.21,0.3203607024205031,3.121481481481481,High,1,1,0,0,1,0,0,0,0,0,1,0,1.265625,18.984375,0.0,0.6796392975794969,Low Value,526.5,1,Churned
84789-PUN,Male,46,No,Punjab,9,19,Deal 5,Yes,No,Yes,Fiber Optic,No,Yes,Yes,Yes,Yes,Yes,Yes,Yes,Month-to-Month,Yes,Bank Withdrawal,107.95,318.6,0.0,0,37.98,356.58,Joined,Others,Others,0,Senior,13-24 Months,Growing,18.76736842105263,37.98,356.58,0.3027371136911773,3.303195924038907,High,1,8,3,3,1,0,0,1,0,0,1,0,16.76842105263158,91.18157894736842,0.0,0.1065118626956082,Low Value,4965.7,1,Churned
25897-JAM,Male,34,Yes,Jammu & Kashmir,12,9,Deal 5,Yes,No,Yes,DSL,No,No,No,No,No,No,No,Yes,Month-to-Month,Yes,Bank Withdrawal,45.6,45.6,0.0,0,11.73,57.33,Churned,Competitor,Competitor made better offer,1,Middle Age,7-12 Months,Growing,6.37,11.73,57.33,0.7953950811093669,1.257236842105263,High,1,2,0,0,1,0,0,1,0,0,1,0,5.066666666666666,40.53333333333333,0.0,0.2046049188906332,Low Value,1550.4,1,Churned
88126-JAM,Female,20,Yes,Jammu & Kashmir,11,5,NO DEAL,Yes,Yes,Yes,Fiber Optic,No,No,Yes,No,No,Yes,Yes,Yes,Month-to-Month,Yes,Bank Withdrawal,89.2,2698.35,0.0,0,116.0,2814.35,Churned,Competitor,Competitor made better offer,1,Young Adult,0-6 Months,New,562.87,116.0,2814.35,0.0316947074813011,31.551008968609864,High,1,6,2,1,1,1,0,1,0,0,1,0,539.67,-450.47,0.0,0.0412173325990015,High Value,1784.0,1,Churned
17908-HAR,Female,75,No,Haryana,14,21,NO DEAL,Yes,Yes,Yes,Fiber Optic,No,No,No,No,No,No,No,Yes,Month-to-Month,Yes,Bank Withdrawal,73.9,2217.15,0.0,0,478.33,2695.48,Churned,Attitude,Attitude of support person,1,Elder,13-24 Months,Growing,128.35619047619048,478.33,2695.48,0.0274162672325522,36.47469553450609,High,1,3,0,0,1,1,0,1,0,0,1,0,105.57857142857144,-31.67857142857143,0.0,0.1774563343078041,High Value,5542.5,1,Churned
44143-GUJ,Female,35,Yes,Gujarat,4,11,NO DEAL,Yes,Yes,Yes,DSL,No,No,Yes,Yes,Yes,No,No,No,Month-to-Month,No,Bank Withdrawal,67.95,350.3,0.0,20,74.5,444.8,Churned,Price,Price too high,1,Middle Age,7-12 Months,Growing,40.43636363636364,94.5,444.8,0.1527652877697841,6.545989698307579,Medium,1,5,1,2,1,1,0,1,0,0,0,0,31.845454545454547,36.10454545454546,0.0,0.212455035971223,Low Value,2378.25,1,Churned
33334-PUN,Female,27,No,Punjab,1,12,NO DEAL,No,No,Yes,DSL,Yes,Yes,No,No,No,No,No,Yes,Month-to-Month,Yes,Credit Card,35.45,106.85,0.0,0,0.0,106.85,Churned,Other,Moved,1,Young Adult,7-12 Months,Growing,8.904166666666667,0.0,106.85,0.3317735142723444,3.0141043723554297,Low,1,3,0,2,0,0,0,1,1,0,1,0,8.904166666666667,26.54583333333333,0.0,0.0,Low Value,957.15,1,Churned
65598-AND,Male,37,Yes,Andhra Pradesh,14,17,NO DEAL,Yes,No,Yes,DSL,No,Yes,No,No,No,No,No,Yes,Month-to-Month,No,Credit Card,50.7,151.3,0.0,0,39.24,190.54,Churned,Other,Don't know,1,Middle Age,13-24 Months,Growing,11.208235294117646,39.24,190.54,0.2660858612364858,3.75818540433925,High,1,3,0,1,1,0,0,1,0,0,0,0,8.9,41.8,0.0,0.2059410097617298,Low Value,1875.9,1,Churned
84508-TAM,Female,28,Yes,Tamil Nadu,11,28,NO DEAL,Yes,No,No,No Type,No,No,No,No,No,No,No,No,Month-to-Month,No,Credit Card,21.1,21.1,0.0,0,18.81,39.91,Joined,Others,Others,0,Young Adult,25-48 Months,Established,1.4253571428571428,18.81,39.91,0.5286895514908545,1.891469194312796,High,1,1,0,0,1,0,0,0,0,0,0,0,0.7535714285714287,20.34642857142857,0.0,0.4713104485091456,Low Value,590.8000000000001,1,Churned
81485-ODI,Female,61,Yes,Odisha,8,26,Deal 4,Yes,No,Yes,Fiber Optic,No,No,No,No,Yes,Yes,Yes,Yes,Month-to-Month,Yes,Credit Card,89.8,1129.1,0.0,0,144.2,1273.3,Churned,Attitude,Attitude of support person,1,Elder,25-48 Months,Established,48.97307692307693,144.2,1273.3,0.0705254064242519,14.179287305122497,High,1,5,3,0,1,0,0,1,0,0,1,0,43.42692307692308,46.37307692307692,0.0,0.1132490379329301,Medium Value,5477.8,1,Churned
39348-MAD,Female,56,Yes,Madhya Pradesh,3,31,NO DEAL,Yes,No,Yes,Fiber Optic,No,No,No,No,No,No,No,No,Month-to-Month,No,Credit Card,70.95,1767.35,0.0,20,622.75,2410.1,Churned,Dissatisfaction,Product dissatisfaction,1,Senior,25-48 Months,Established,77.74516129032257,642.75,2410.1,0.0294386125057051,33.968992248062015,Medium,1,1,0,0,1,0,0,1,0,0,0,0,57.01129032258064,13.93870967741936,0.0,0.2666901788307539,High Value,3973.2,1,Churned
67375-PUN,Male,65,Yes,Punjab,13,13,Deal 5,Yes,No,Yes,Cable,No,No,No,No,No,No,No,Yes,Month-to-Month,Yes,Bank Withdrawal,45.65,45.65,0.0,0,14.12,59.77,Churned,Competitor,Competitor had better devices,1,Elder,13-24 Months,Growing,4.597692307692308,14.12,59.77,0.763761084155931,1.3093099671412924,High,1,2,0,0,1,0,0,1,0,0,1,0,3.511538461538461,42.138461538461534,0.0,0.2362389158440689,Low Value,2967.25,1,Churned
18063-UTT,Female,23,Yes,Uttar Pradesh,8,1,Deal 4,Yes,No,Yes,DSL,Yes,Yes,Yes,No,No,No,No,No,Month-to-Month,No,Credit Card,61.15,1422.05,0.0,80,945.56,2447.61,Churned,Dissatisfaction,Service dissatisfaction,1,Young Adult,0-6 Months,New,2447.61,1025.56,2447.61,0.0249835553866833,40.02632869991824,High,1,4,0,3,1,0,0,1,1,0,0,0,1422.05,-1360.9,0.0,0.4190046616903836,High Value,1406.45,1,Churned
82520-GUJ,Female,59,Yes,Gujarat,14,16,NO DEAL,Yes,Yes,Yes,Fiber Optic,Yes,No,Yes,Yes,No,Yes,Yes,Yes,One Year,Yes,Bank Withdrawal,99.2,3754.6,0.0,0,1115.92,4870.52,Churned,Attitude,Attitude of support person,1,Senior,13-24 Months,Growing,304.4075,1115.92,4870.52,0.0203674350993323,49.09798387096775,High,1,8,2,3,1,1,1,1,1,0,1,0,234.6625,-135.46249999999998,0.0,0.2291172195166019,Very High Value,5852.8,1,Churned
41616-TAM,Female,40,Yes,Tamil Nadu,14,7,Deal 4,Yes,Yes,Yes,Fiber Optic,No,Yes,No,No,No,No,No,Yes,Month-to-Month,Yes,Bank Withdrawal,79.75,1111.85,0.0,0,642.45,1754.3,Churned,Dissatisfaction,Limited range of services,1,Middle Age,7-12 Months,Growing,250.6142857142857,642.45,1754.3,0.0454597275266488,21.997492163009404,High,1,4,0,1,1,1,0,1,0,0,1,0,158.83571428571426,-79.08571428571426,0.0,0.3662144445077809,Medium Value,3190.0,1,Churned
73977-BIH,Female,19,No,Bihar,2,3,NO DEAL,Yes,No,Yes,Fiber Optic,Yes,Yes,No,Yes,Yes,Yes,Yes,Yes,One Year,Yes,Bank Withdrawal,105.2,4822.85,0.0,0,1979.84,6802.69,Churned,Other,Don't know,1,Young Adult,0-6 Months,New,2267.563333333333,1979.84,6802.69,0.0154644706726309,64.66435361216729,Low,1,8,3,3,1,0,1,1,1,0,1,0,1607.6166666666668,-1502.4166666666667,0.0,0.2910378100427919,Very High Value,1998.8,1,Churned
67642-TEL,Female,47,Yes,Telangana,12,20,NO DEAL,Yes,No,Yes,Fiber Optic,No,No,Yes,No,Yes,Yes,Yes,Yes,Month-to-Month,Yes,Bank Withdrawal,96.0,1062.1,0.0,0,306.48,1368.58,Churned,Dissatisfaction,Product dissatisfaction,1,Senior,13-24 Months,Growing,68.429,306.48,1368.58,0.0701456984611787,14.256041666666668,High,1,6,3,1,1,0,0,1,0,0,1,0,53.105,42.895,0.0,0.2239401423373131,Medium Value,4512.0,1,Churned
98301-WES,Male,28,Yes,West Bengal,4,27,NO DEAL,Yes,No,Yes,Cable,Yes,No,Yes,No,No,No,No,Yes,Month-to-Month,No,Bank Withdrawal,53.45,119.5,0.0,0,25.18,144.68,Joined,Others,Others,0,Young Adult,25-48 Months,Established,5.358518518518519,25.18,144.68,0.3694359966823334,2.706828811973807,Medium,1,4,0,2,1,0,0,1,1,0,0,0,4.425925925925926,49.02407407407408,0.0,0.174039259054465,Low Value,1496.6,1,Churned
59187-BIH,Male,40,No,Bihar,13,31,NO DEAL,No,No,Yes,DSL,No,Yes,No,No,No,Yes,Yes,Yes,Month-to-Month,Yes,Credit Card,40.1,293.3,0.0,0,0.0,293.3,Churned,Attitude,Attitude of service provider,1,Middle Age,25-48 Months,Established,9.461290322580645,0.0,293.3,0.1367200818274803,7.314214463840399,High,1,4,2,1,0,0,0,1,0,0,1,0,9.461290322580645,30.63870967741936,0.0,0.0,Low Value,1604.0,1,Churned
18081-TAM,Female,20,Yes,Tamil Nadu,11,7,NO DEAL,Yes,No,Yes,Fiber Optic,No,No,No,No,No,Yes,Yes,Yes,Month-to-Month,Yes,Bank Withdrawal,79.95,1043.4,0.0,0,480.72,1524.12,Stayed,Others,Others,0,Young Adult,7-12 Months,Growing,217.73142857142852,480.72,1524.12,0.0524564994882292,19.06341463414634,High,1,4,2,0,1,0,0,1,0,0,1,0,149.05714285714288,-69.10714285714288,0.0,0.3154082355720022,Medium Value,1599.0,1,Churned
12645-MAH,Female,23,Yes,Maharashtra,8,4,NO DEAL,Yes,Yes,Yes,DSL,Yes,No,No,Yes,Yes,Yes,Yes,Yes,Month-to-Month,Yes,Bank Withdrawal,79.2,1742.75,0.0,0,288.42,2031.17,Churned,Dissatisfaction,Product dissatisfaction,1,Young Adult,0-6 Months,New,507.7925,288.42,2031.17,0.0389923049277017,25.64608585858586,High,1,8,3,2,1,1,0,1,1,0,1,0,435.6875,-356.4875,0.0,0.1419969771117139,Medium Value,1821.6,1,Churned
74592-KAR,Female,36,Yes,Karnataka,11,28,NO DEAL,Yes,No,Yes,Fiber Optic,No,Yes,No,No,No,Yes,Yes,Yes,Month-to-Month,Yes,Bank Withdrawal,85.9,1269.55,0.0,0,369.45,1639.0,Churned,Other,Don't know,1,Middle Age,25-48 Months,Established,58.535714285714285,369.45,1639.0,0.0524100061012812,19.08032596041909,High,1,5,2,1,1,0,0,1,0,0,1,0,45.34107142857143,40.55892857142858,0.0,0.225411836485662,Medium Value,3092.4,1,Churned
24438-TAM,Female,45,Yes,Tamil Nadu,0,26,NO DEAL,Yes,No,Yes,Cable,No,No,Yes,No,No,Yes,Yes,Yes,Month-to-Month,Yes,Bank Withdrawal,85.3,4045.65,0.0,0,2080.22,6125.87,Churned,Other,Don't know,1,Middle Age,25-48 Months,Established,235.61038461538465,2080.22,6125.87,0.0139245527574042,71.815592028136,No Referral,0,5,2,1,1,0,0,1,0,0,1,0,155.60192307692307,-70.30192307692307,0.0,0.3395795209496773,Very High Value,3838.5,1,Churned
53437-KAR,Male,24,Yes,Karnataka,15,6,NO DEAL,Yes,No,Yes,Fiber Optic,No,No,Yes,No,Yes,No,Yes,Yes,Month-to-Month,Yes,Bank Withdrawal,84.85,84.85,0.0,0,36.07,120.92,Churned,Competitor,Competitor had better devices,1,Young Adult,0-6 Months,New,20.15333333333333,36.07,120.92,0.7017036056897121,1.4251031231585152,High,1,5,2,1,1,0,0,1,0,0,1,0,14.141666666666666,70.70833333333333,0.0,0.2982963943102878,Low Value,2036.4,1,Churned
61919-BIH,Female,79,No,Bihar,2,25,NO DEAL,Yes,Yes,Yes,Fiber Optic,No,No,No,No,Yes,No,No,No,Month-to-Month,Yes,Bank Withdrawal,84.8,546.95,0.0,0,276.57,823.52,Churned,Competitor,Competitor made better offer,1,Elder,25-48 Months,Established,32.9408,276.57,823.52,0.1029726054012045,9.71132075471698,Low,1,3,1,0,1,1,0,1,0,0,1,0,21.878,62.922,0.0,0.3358388381581503,Medium Value,6699.2,1,Churned
93223-KAR,Male,60,Yes,Karnataka,7,10,Deal 5,Yes,No,Yes,DSL,No,Yes,No,No,No,No,No,Yes,Month-to-Month,No,Bank Withdrawal,50.8,50.8,0.0,0,1.28,52.08,Churned,Competitor,Competitor had better devices,1,Senior,7-12 Months,Growing,5.208,1.28,52.08,0.9754224270353302,1.0251968503937008,High,1,3,0,1,1,0,0,1,0,0,0,0,5.08,45.72,0.0,0.0245775729646697,Low Value,3048.0,1,Churned
35885-MAD,Female,55,No,Madhya Pradesh,9,25,NO DEAL,Yes,No,Yes,Cable,Yes,No,No,No,No,No,No,Yes,Month-to-Month,Yes,Mailed Check,51.0,354.05,0.0,0,241.43,595.48,Churned,Attitude,Attitude of service provider,1,Senior,25-48 Months,Established,23.8192,241.43,595.48,0.0856451937932424,11.676078431372549,High,1,3,0,1,1,0,0,1,1,0,1,0,14.162,36.838,0.0,0.4054376301471082,Low Value,2805.0,1,Churned
16068-BIH,Female,44,Yes,Bihar,4,25,Deal 5,No,No,Yes,DSL,No,No,No,No,No,No,No,No,Month-to-Month,No,Bank Withdrawal,25.25,25.25,0.0,10,0.0,35.25,Joined,Others,Others,0,Middle Age,25-48 Months,Established,1.41,10.0,35.25,0.7163120567375887,1.396039603960396,Medium,1,0,0,0,0,0,0,1,0,0,0,0,1.01,24.24,0.0,0.2836879432624113,Low Value,1111.0,1,Churned
68370-HAR,Female,62,Yes,Haryana,8,32,NO DEAL,Yes,No,Yes,Cable,No,No,No,No,No,No,No,Yes,Month-to-Month,Yes,Credit Card,45.15,438.4,0.0,0,284.24,722.64,Churned,Other,Don't know,1,Elder,25-48 Months,Established,22.5825,284.24,722.64,0.0624792427764862,16.005315614617942,High,1,2,0,0,1,0,0,1,0,0,1,0,13.7,31.45,0.0,0.3933355474371748,Medium Value,2799.3,1,Churned
42768-TAM,Female,45,No,Tamil Nadu,13,14,NO DEAL,Yes,No,No,No Type,No,No,No,No,No,No,No,No,Month-to-Month,No,Credit Card,19.4,19.4,0.0,0,2.85,22.25,Joined,Others,Others,0,Middle Age,13-24 Months,Growing,1.5892857142857142,2.85,22.25,0.8719101123595505,1.1469072164948455,High,1,1,0,0,1,0,0,0,0,0,0,0,1.3857142857142857,18.014285714285712,0.0,0.1280898876404494,Low Value,872.9999999999999,1,Churned
59202-BIH,Female,18,No,Bihar,5,5,NO DEAL,Yes,No,Yes,DSL,No,No,No,No,Yes,No,Yes,Yes,Month-to-Month,No,Credit Card,55.2,55.2,0.0,0,35.6,90.8,Churned,Dissatisfaction,Poor expertise of online support,1,Teen,0-6 Months,New,18.16,35.6,90.8,0.6079295154185023,1.6449275362318838,Medium,1,4,2,0,1,0,0,1,0,0,0,0,11.04,44.16,0.0,0.3920704845814978,Low Value,993.6,1,Churned
21500-HAR,Female,38,Yes,Haryana,5,28,NO DEAL,Yes,Yes,Yes,Cable,No,No,No,No,No,No,No,Yes,Month-to-Month,No,Credit Card,50.85,239.55,0.0,0,51.52,291.07,Churned,Dissatisfaction,Product dissatisfaction,1,Middle Age,25-48 Months,Established,10.395357142857142,51.52,291.07,0.1747002439275775,5.724090462143559,Medium,1,3,0,0,1,1,0,1,0,0,0,0,8.555357142857144,42.29464285714286,0.0,0.1770020957158072,Low Value,1932.3,1,Churned
71631-KAR,Female,30,No,Karnataka,0,27,Deal 3,Yes,No,Yes,Fiber Optic,Yes,No,Yes,Yes,Yes,No,Yes,Yes,One Year,Yes,Bank Withdrawal,95.55,3692.85,0.0,0,174.72,3867.57,Churned,Attitude,Attitude of service provider,1,Young Adult,25-48 Months,Established,143.24333333333334,174.72,3867.57,0.024705435195743,40.47692307692308,No Referral,0,7,2,3,1,0,1,1,1,0,1,0,136.7722222222222,-41.22222222222221,0.0,0.0451756529293587,High Value,2866.5,1,Churned
46619-RAJ,Male,25,No,Rajasthan,1,14,NO DEAL,Yes,No,No,No Type,No,No,No,No,No,No,No,No,One Year,No,Credit Card,20.4,20.4,0.0,0,27.5,47.9,Joined,Others,Others,0,Young Adult,13-24 Months,Growing,3.4214285714285717,27.5,47.9,0.4258872651356993,2.3480392156862746,Low,1,1,0,0,1,0,1,0,0,0,0,0,1.457142857142857,18.942857142857143,0.0,0.5741127348643006,Low Value,510.0,1,Churned
63137-TAM,Female,18,No,Tamil Nadu,12,12,Deal 2,Yes,Yes,Yes,Fiber Optic,No,Yes,Yes,No,Yes,Yes,Yes,Yes,One Year,Yes,Bank Withdrawal,103.25,6017.65,0.0,0,2581.0,8598.65,Churned,Competitor,Competitor made better offer,1,Teen,7-12 Months,Growing,716.5541666666667,2581.0,8598.65,0.0120076988829641,83.27990314769976,High,1,8,3,2,1,1,1,1,0,0,1,0,501.4708333333333,-398.2208333333333,0.0,0.3001633977426689,Very High Value,1858.5,1,Churned
38932-TAM,Female,59,No,Tamil Nadu,5,8,NO DEAL,Yes,Yes,Yes,Fiber Optic,No,Yes,Yes,No,Yes,Yes,Yes,Yes,Month-to-Month,Yes,Bank Withdrawal,105.85,2239.65,0.0,0,575.8,2815.45,Churned,Dissatisfaction,Service dissatisfaction,1,Senior,7-12 Months,Growing,351.93125,575.8,2815.45,0.0375961214015521,26.598488427019365,Medium,1,8,3,2,1,1,0,1,0,0,1,0,279.95625,-174.10625000000002,0.0,0.2045143760322506,High Value,6245.15,1,Churned
84613-BIH,Female,30,No,Bihar,8,22,Deal 5,Yes,Yes,Yes,Fiber Optic,No,Yes,No,No,No,No,No,No,Month-to-Month,Yes,Credit Card,79.15,79.15,0.0,60,18.0,157.15,Joined,Others,Others,0,Young Adult,13-24 Months,Growing,7.1431818181818185,78.0,157.15,0.5036589245943366,1.98547062539482,High,1,3,0,1,1,1,0,1,0,0,1,0,3.597727272727273,75.55227272727274,0.0,0.4963410754056633,Low Value,2374.5,1,Churned
87595-KAR,Male,74,No,Karnataka,7,35,NO DEAL,Yes,No,Yes,Fiber Optic,No,No,No,No,No,No,No,Yes,Month-to-Month,Yes,Bank Withdrawal,70.2,115.95,0.0,0,19.1,135.05,Churned,Competitor,Competitor offered more data,1,Elder,25-48 Months,Established,3.858571428571429,19.1,135.05,0.5198074787115883,1.923789173789174,High,1,2,0,0,1,0,0,1,0,0,1,0,3.3128571428571427,66.88714285714286,0.0,0.1414291003332099,Low Value,5194.8,1,Churned
91320-PUD,Female,58,No,Puducherry,0,18,NO DEAL,Yes,No,Yes,Fiber Optic,No,No,No,No,No,No,No,Yes,Month-to-Month,No,Bank Withdrawal,70.1,70.1,0.0,0,1.15,71.25,Joined,Others,Others,0,Senior,13-24 Months,Growing,3.9583333333333335,1.15,71.25,0.983859649122807,1.016405135520685,No Referral,0,2,0,0,1,0,0,1,0,0,0,0,3.894444444444444,66.20555555555555,0.0,0.0161403508771929,Low Value,4065.8,1,Churned
93266-GUJ,Male,70,No,Gujarat,1,7,NO DEAL,Yes,Yes,Yes,Fiber Optic,Yes,No,No,No,Yes,Yes,No,Yes,Month-to-Month,Yes,Bank Withdrawal,99.6,347.65,25.79,0,75.64,397.5,Churned,Dissatisfaction,Network reliability,1,Elder,7-12 Months,Growing,56.785714285714285,75.64,371.71,0.250566037735849,3.990963855421687,Low,1,6,2,1,1,1,0,1,1,0,1,0,49.66428571428571,49.93571428571428,0.0741838055515604,0.1902893081761006,Low Value,6972.0,1,Churned
35000-MAH,Male,77,Yes,Maharashtra,1,7,NO DEAL,Yes,Yes,Yes,Fiber Optic,No,No,No,No,No,No,No,Yes,Month-to-Month,Yes,Bank Withdrawal,74.3,1096.25,0.0,0,490.98,1587.23,Churned,Dissatisfaction,Service dissatisfaction,1,Elder,7-12 Months,Growing,226.74714285714285,490.98,1587.23,0.0468111111811142,21.362449528936743,Low,1,3,0,0,1,1,0,1,0,0,1,0,156.60714285714286,-82.30714285714286,0.0,0.309331350843923,Medium Value,5721.099999999999,1,Churned
39540-BIH,Female,34,No,Bihar,12,13,NO DEAL,Yes,No,Yes,Cable,No,No,No,Yes,No,No,No,Yes,Month-to-Month,No,Credit Card,49.05,49.05,0.0,0,25.77,74.82,Joined,Others,Others,0,Middle Age,13-24 Months,Growing,5.755384615384615,25.77,74.82,0.6555733761026463,1.5253822629969418,High,1,3,0,1,1,0,0,1,0,0,0,0,3.773076923076923,45.27692307692308,0.0,0.3444266238973537,Low Value,1667.6999999999998,1,Churned
19539-PUN,Female,37,Yes,Punjab,14,8,Deal 5,Yes,No,Yes,DSL,No,No,No,No,No,No,No,Yes,Month-to-Month,Yes,Credit Card,45.4,45.4,0.0,0,49.33,94.73,Joined,Others,Others,0,Middle Age,7-12 Months,Growing,11.84125,49.33,94.73,0.4792568352158766,2.0865638766519825,High,1,2,0,0,1,0,0,1,0,0,1,0,5.675,39.725,0.0,0.5207431647841233,Low Value,1679.8,1,Churned
52916-JAM,Male,62,Yes,Jammu & Kashmir,7,4,Deal 5,Yes,Yes,Yes,Fiber Optic,No,No,No,No,No,No,No,Yes,Month-to-Month,Yes,Credit Card,75.1,270.7,0.0,0,79.56,350.26,Churned,Competitor,Competitor made better offer,1,Elder,0-6 Months,New,87.565,79.56,350.26,0.2144121509735624,4.663914780292943,High,1,3,0,0,1,1,0,1,0,0,1,0,67.675,7.424999999999997,0.0,0.2271455490207274,Low Value,4656.2,1,Churned
23256-HAR,Female,32,Yes,Haryana,10,31,Deal 5,Yes,No,No,No Type,No,No,No,No,No,No,No,No,Month-to-Month,No,Bank Withdrawal,19.85,52.0,0.0,0,72.1,124.1,Joined,Others,Others,0,Middle Age,25-48 Months,Established,4.003225806451613,72.1,124.1,0.1599516518936342,6.251889168765742,High,1,1,0,0,1,0,0,0,0,0,0,0,1.6774193548387095,18.172580645161293,0.0,0.580983078162772,Low Value,635.2,1,Churned
66164-CHH,Female,62,No,Chhattisgarh,13,20,NO DEAL,Yes,No,No,No Type,No,No,No,No,No,No,No,No,Month-to-Month,No,Credit Card,19.4,61.05,0.0,0,13.3,74.35,Joined,Others,Others,0,Elder,13-24 Months,Growing,3.7175,13.3,74.35,0.2609280430396772,3.832474226804124,High,1,1,0,0,1,0,0,0,0,0,0,0,3.0525,16.3475,0.0,0.1788836583725622,Low Value,1202.8,1,Churned
68730-TEL,Male,47,Yes,Telangana,1,21,NO DEAL,No,No,Yes,DSL,No,No,No,No,No,Yes,Yes,Yes,Month-to-Month,Yes,Credit Card,33.9,298.45,0.0,0,0.0,298.45,Churned,Attitude,Attitude of support person,1,Senior,13-24 Months,Growing,14.211904761904762,0.0,298.45,0.1135868654716032,8.803834808259587,Low,1,3,2,0,0,0,0,1,0,0,1,0,14.211904761904762,19.68809523809524,0.0,0.0,Low Value,1593.3,1,Churned
31546-KER,Male,31,No,Kerala,15,5,NO DEAL,Yes,No,No,No Type,No,No,No,No,No,No,No,No,Month-to-Month,Yes,Bank Withdrawal,19.9,19.9,0.0,0,7.49,27.39,Churned,Attitude,Attitude of service provider,1,Middle Age,0-6 Months,New,5.478,7.49,27.39,0.7265425337714494,1.3763819095477388,High,1,1,0,0,1,0,0,0,0,0,1,0,3.98,15.919999999999998,0.0,0.2734574662285505,Low Value,616.9,1,Churned
16591-JAM,Female,56,No,Jammu & Kashmir,10,11,Deal 3,Yes,No,Yes,DSL,Yes,Yes,No,Yes,Yes,Yes,Yes,Yes,One Year,No,Credit Card,80.3,3058.65,0.0,0,1601.32,4659.97,Churned,Other,Don't know,1,Senior,7-12 Months,Growing,423.6336363636364,1601.32,4659.97,0.0172318705914415,58.03200498132006,High,1,8,3,3,1,0,1,1,1,0,0,0,278.0590909090909,-197.7590909090909,0.0,0.3436331135178981,High Value,4496.8,1,Churned
45038-BIH,Female,25,Yes,Bihar,7,14,NO DEAL,Yes,No,Yes,Fiber Optic,Yes,No,No,No,No,No,No,Yes,Month-to-Month,Yes,Bank Withdrawal,74.55,233.65,0.0,0,30.3,263.95,Joined,Others,Others,0,Young Adult,13-24 Months,Growing,18.853571428571428,30.3,263.95,0.2824398560333396,3.540576794097921,High,1,3,0,1,1,0,0,1,1,0,1,0,16.689285714285713,57.86071428571428,0.0,0.1147944686493654,Low Value,1863.75,1,Churned
67405-MAH,Female,48,No,Maharashtra,10,1,Deal 2,Yes,No,Yes,DSL,Yes,No,No,No,Yes,Yes,Yes,Yes,One Year,Yes,Bank Withdrawal,70.1,3913.3,0.0,0,2089.05,6002.35,Churned,Dissatisfaction,Network reliability,1,Senior,0-6 Months,New,6002.35,2089.05,6002.35,0.0116787591526652,85.62553495007134,High,1,6,3,1,1,0,1,1,1,0,1,0,3913.3,-3843.2,0.0,0.3480386848484343,Very High Value,3364.8,1,Churned
58974-MAD,Male,34,No,Madhya Pradesh,11,14,NO DEAL,Yes,No,No,No Type,No,No,No,No,No,No,No,No,Month-to-Month,No,Credit Card,20.3,41.2,0.0,0,25.36,66.56,Joined,Others,Others,0,Middle Age,13-24 Months,Growing,4.754285714285714,25.36,66.56,0.3049879807692308,3.278817733990148,High,1,1,0,0,1,0,0,0,0,0,0,0,2.942857142857143,17.357142857142858,0.0,0.3810096153846153,Low Value,690.2,1,Churned
92234-TAM,Female,50,No,Tamil Nadu,13,7,NO DEAL,Yes,No,Yes,Fiber Optic,No,Yes,Yes,Yes,Yes,No,No,Yes,Month-to-Month,Yes,Credit Card,94.85,890.6,0.0,0,157.23,1047.83,Churned,Other,Don't know,1,Senior,7-12 Months,Growing,149.69,157.23,1047.83,0.0905204088449462,11.047232472324724,High,1,6,1,3,1,0,0,1,0,0,1,0,127.22857142857144,-32.37857142857143,0.0,0.1500529666071786,Medium Value,4742.5,1,Churned
96575-KAR,Female,78,Yes,Karnataka,5,7,NO DEAL,Yes,Yes,Yes,Fiber Optic,No,No,Yes,Yes,Yes,Yes,No,Yes,Month-to-Month,Yes,Bank Withdrawal,103.3,2890.65,0.0,0,787.92,3678.57,Churned,Competitor,Competitor made better offer,1,Elder,7-12 Months,Growing,525.51,787.92,3678.57,0.0280815643035201,35.610551790900296,Medium,1,7,2,2,1,1,0,1,0,0,1,0,412.95,-309.65,0.0,0.2141919278415253,High Value,8057.4,1,Churned
78790-PUN,Male,49,No,Punjab,0,4,Deal 3,Yes,Yes,Yes,Fiber Optic,No,Yes,No,No,No,No,No,Yes,Month-to-Month,Yes,Bank Withdrawal,80.25,1861.5,0.0,0,1183.2,3044.7,Churned,Competitor,Competitor had better devices,1,Senior,0-6 Months,New,761.175,1183.2,3044.7,0.0263572765789733,37.94018691588785,No Referral,0,4,0,1,1,1,0,1,0,0,1,0,465.375,-385.125,0.0,0.3886097152428811,High Value,3932.25,1,Churned
87483-HAR,Female,40,No,Haryana,9,14,NO DEAL,Yes,No,Yes,Fiber Optic,Yes,No,Yes,Yes,Yes,Yes,Yes,Yes,One Year,Yes,Credit Card,104.7,4134.85,0.0,0,370.89,4505.74,Churned,Competitor,Competitor made better offer,1,Middle Age,13-24 Months,Growing,321.8385714285714,370.89,4505.74,0.0232370265483583,43.034765998089775,High,1,8,3,3,1,0,1,1,1,0,1,0,295.3464285714286,-190.6464285714286,0.0,0.0823150026410756,High Value,4188.0,1,Churned
94243-TAM,Female,34,No,Tamil Nadu,5,15,NO DEAL,Yes,No,No,No Type,No,No,No,No,No,No,No,No,Month-to-Month,Yes,Credit Card,19.9,19.9,0.0,0,7.76,27.66,Joined,Others,Others,0,Middle Age,13-24 Months,Growing,1.844,7.76,27.66,0.7194504699927693,1.389949748743719,Medium,1,1,0,0,1,0,0,0,0,0,1,0,1.3266666666666669,18.57333333333333,0.0,0.2805495300072306,Low Value,676.5999999999999,1,Churned
63880-AND,Male,45,Yes,Andhra Pradesh,15,12,Deal 5,Yes,Yes,Yes,Fiber Optic,No,Yes,Yes,No,Yes,Yes,Yes,Yes,Month-to-Month,No,Mailed Check,104.1,541.9,0.0,0,194.45,736.35,Churned,Other,Moved,1,Middle Age,7-12 Months,Growing,61.3625,194.45,736.35,0.1413729883886738,7.073487031700289,High,1,8,3,2,1,1,0,1,0,0,0,0,45.15833333333333,58.94166666666666,0.0,0.2640727914714469,Medium Value,4684.5,1,Churned
85049-MAD,Female,41,Yes,Madhya Pradesh,15,3,Deal 5,Yes,No,Yes,DSL,No,No,No,No,No,No,No,Yes,Month-to-Month,No,Bank Withdrawal,44.35,81.25,0.0,0,93.68,174.93,Churned,Other,Don't know,1,Middle Age,0-6 Months,New,58.31,93.68,174.93,0.2535299834219402,3.944306651634724,High,1,2,0,0,1,0,0,1,0,0,0,0,27.08333333333333,17.26666666666667,0.0,0.535528497113131,Low Value,1818.35,1,Churned
54839-JAM,Female,57,No,Jammu & Kashmir,12,18,Deal 5,Yes,No,Yes,Fiber Optic,No,Yes,No,No,Yes,No,No,Yes,Month-to-Month,Yes,Bank Withdrawal,84.85,523.5,0.0,0,235.92,759.42,Churned,Competitor,Competitor made better offer,1,Senior,13-24 Months,Growing,42.19,235.92,759.42,0.1117300044771009,8.950147318797878,High,1,4,1,1,1,0,0,1,0,0,1,0,29.08333333333333,55.766666666666666,0.0,0.3106581338389824,Medium Value,4836.45,1,Churned
28739-TAM,Female,46,Yes,Tamil Nadu,7,32,Deal 2,Yes,Yes,Yes,Fiber Optic,No,No,Yes,No,Yes,Yes,Yes,Yes,One Year,Yes,Bank Withdrawal,100.15,6413.65,0.0,0,2019.96,8433.61,Churned,Competitor,Competitor made better offer,1,Senior,25-48 Months,Established,263.5503125,2019.96,8433.61,0.0118751044926194,84.20978532201697,High,1,7,3,1,1,1,1,1,0,0,1,0,200.4265625,-100.27656249999998,0.0,0.2395130910725063,Very High Value,4606.900000000001,1,Churned
64255-TAM,Female,20,Yes,Tamil Nadu,2,5,NO DEAL,Yes,No,Yes,DSL,No,No,No,No,Yes,No,No,Yes,Month-to-Month,Yes,Mailed Check,53.5,53.5,0.0,0,14.58,68.08,Churned,Dissatisfaction,Product dissatisfaction,1,Young Adult,0-6 Months,New,13.616,14.58,68.08,0.785840188014101,1.2725233644859812,Low,1,3,1,0,1,0,0,1,0,0,1,0,10.7,42.8,0.0,0.2141598119858989,Low Value,1070.0,1,Churned
65703-PUN,Male,38,No,Punjab,5,24,Deal 5,Yes,No,Yes,DSL,Yes,No,No,No,No,No,No,Yes,Month-to-Month,No,Bank Withdrawal,49.35,219.65,0.0,0,104.16,323.81,Churned,Dissatisfaction,Lack of self-service on Website,1,Middle Age,13-24 Months,Growing,13.492083333333332,104.16,323.81,0.1524041876409005,6.561499493414387,Medium,1,3,0,1,1,0,0,1,1,0,0,0,9.152083333333334,40.19791666666667,0.0,0.3216701151910071,Low Value,1875.3,1,Churned
92398-AND,Male,35,No,Andhra Pradesh,5,12,Deal 5,Yes,No,No,No Type,No,No,No,No,No,No,No,No,Month-to-Month,Yes,Credit Card,20.0,61.7,0.0,0,46.11,107.81,Joined,Others,Others,0,Middle Age,7-12 Months,Growing,8.984166666666667,46.11,107.81,0.1855115480938688,5.3905,Medium,1,1,0,0,1,0,0,0,0,0,1,0,5.141666666666667,14.858333333333334,0.0,0.4276968741304146,Low Value,700.0,1,Churned
11939-UTT,Male,65,Yes,Uttar Pradesh,5,5,NO DEAL,Yes,No,Yes,Fiber Optic,No,No,No,No,Yes,No,No,Yes,Month-to-Month,Yes,Credit Card,80.45,583.45,0.0,0,215.92,799.37,Churned,Other,Don't know,1,Elder,0-6 Months,New,159.874,215.92,799.37,0.1006417553823636,9.936233685518957,Medium,1,3,1,0,1,0,0,1,0,0,1,0,116.69,-36.24000000000001,0.0,0.2701127137620876,Medium Value,5229.25,1,Churned
62641-KAR,Female,73,Yes,Karnataka,11,32,NO DEAL,Yes,No,Yes,Fiber Optic,No,No,No,No,No,No,No,No,Month-to-Month,Yes,Bank Withdrawal,70.15,916.75,0.0,90,492.18,1498.93,Churned,Dissatisfaction,Poor expertise of online support,1,Elder,25-48 Months,Established,46.8415625,582.1800000000001,1498.93,0.0468000507028346,21.36749821810406,High,1,1,0,0,1,0,0,1,0,0,1,0,28.6484375,41.501562500000006,0.0,0.3883970565670178,Medium Value,5120.950000000001,1,Churned
19349-ODI,Male,67,Yes,Odisha,14,2,Deal 2,Yes,Yes,Yes,Cable,No,Yes,Yes,Yes,Yes,Yes,No,Yes,One Year,Yes,Bank Withdrawal,111.95,4534.9,0.0,0,1846.64,6381.54,Churned,Other,Don't know,1,Elder,0-6 Months,New,3190.77,1846.64,6381.54,0.0175427874776307,57.0034836980795,High,1,8,2,3,1,1,1,1,0,0,1,0,2267.45,-2155.5,0.0,0.2893721578177055,Very High Value,7500.650000000001,1,Churned
38795-MAH,Female,39,Yes,Maharashtra,15,25,Deal 2,Yes,Yes,Yes,Fiber Optic,Yes,Yes,Yes,No,Yes,Yes,Yes,Yes,One Year,Yes,Bank Withdrawal,110.15,6448.05,0.0,0,1339.89,7787.94,Churned,Dissatisfaction,Network reliability,1,Middle Age,25-48 Months,Established,311.5176,1339.89,7787.94,0.0141436631509744,70.70304130730821,High,1,9,3,3,1,1,1,1,1,0,1,0,257.922,-147.77200000000002,0.0,0.1720467800214177,Very High Value,4295.85,1,Churned
73490-PUN,Female,70,Yes,Punjab,11,15,Deal 4,No,No,Yes,DSL,No,No,No,No,No,Yes,No,Yes,Month-to-Month,Yes,Bank Withdrawal,34.7,329.8,0.0,0,0.0,329.8,Churned,Other,Deceased,1,Elder,13-24 Months,Growing,21.986666666666668,0.0,329.8,0.1052152819890843,9.504322766570604,High,1,2,1,0,0,0,0,1,0,0,1,0,21.986666666666668,12.713333333333336,0.0,0.0,Low Value,2429.0,1,Churned
84535-TAM,Male,46,No,Tamil Nadu,2,36,NO DEAL,Yes,No,No,No Type,No,No,No,No,No,No,No,No,Month-to-Month,No,Mailed Check,20.4,42.9,0.0,0,99.06,141.96,Joined,Others,Others,0,Senior,25-48 Months,Established,3.943333333333333,99.06,141.96,0.143702451394759,6.958823529411766,Low,1,1,0,0,1,0,0,0,0,0,0,0,1.1916666666666669,19.20833333333333,0.0,0.6978021978021978,Low Value,938.4,1,Churned
26899-MAH,Male,47,No,Maharashtra,7,21,NO DEAL,Yes,Yes,Yes,Fiber Optic,No,No,Yes,No,Yes,Yes,Yes,Yes,Month-to-Month,Yes,Bank Withdrawal,-1.0,2391.8,0.0,0,830.88,3222.68,Churned,Price,Lack of affordable download/upload speed,1,Senior,13-24 Months,Growing,153.46095238095236,830.88,3222.68,-0.0003103007434805,-3222.68,High,1,7,3,1,1,1,0,1,0,0,1,0,113.8952380952381,-114.8952380952381,0.0,0.2578226817431455,High Value,-47.0,1,Churned
71989-KAR,Female,61,Yes,Karnataka,11,9,Deal 4,Yes,Yes,Yes,DSL,Yes,No,No,No,No,No,No,Yes,Month-to-Month,Yes,Bank Withdrawal,54.45,1127.35,0.0,0,160.16,1287.51,Churned,Other,Don't know,1,Elder,7-12 Months,Growing,143.05666666666667,160.16,1287.51,0.0422909336626511,23.645730027548208,High,1,4,0,1,1,1,0,1,1,0,1,0,125.2611111111111,-70.8111111111111,0.0,0.1243951503289294,Medium Value,3321.4500000000003,1,Churned
13179-MAD,Male,80,Yes,Madhya Pradesh,8,24,NO DEAL,Yes,Yes,Yes,Fiber Optic,No,Yes,No,No,Yes,Yes,Yes,Yes,Month-to-Month,Yes,Bank Withdrawal,98.25,560.6,0.0,0,284.1,844.7,Churned,Attitude,Attitude of support person,1,Elder,13-24 Months,Growing,35.19583333333333,284.1,844.7,0.1163134840771871,8.597455470737914,High,1,7,3,1,1,1,0,1,0,0,1,0,23.35833333333333,74.89166666666667,0.0,0.336332425713271,Medium Value,7860.0,1,Churned
75915-KER,Male,29,Yes,Kerala,3,5,Deal 5,Yes,No,Yes,Fiber Optic,No,No,No,No,No,No,No,Yes,Month-to-Month,Yes,Bank Withdrawal,70.3,70.3,0.0,0,5.67,75.97,Churned,Other,Don't know,1,Young Adult,0-6 Months,New,15.194,5.67,75.97,0.92536527576675,1.0806543385490754,Medium,1,2,0,0,1,0,0,1,0,0,1,0,14.06,56.24,0.0,0.0746347242332499,Low Value,2038.7,1,Churned
22533-RAJ,Female,63,No,Rajasthan,15,24,Deal 4,Yes,Yes,Yes,Fiber Optic,No,Yes,Yes,No,Yes,No,No,Yes,Month-to-Month,Yes,Bank Withdrawal,98.1,1060.2,49.06,0,367.56,1378.7,Churned,Dissatisfaction,Service dissatisfaction,1,Elder,13-24 Months,Growing,57.44583333333333,367.56,1329.64,0.0711539856386451,14.054026503567789,High,1,6,1,2,1,1,0,1,0,0,1,0,44.175,53.92499999999999,0.0462742878702131,0.2665989700442446,Medium Value,6180.299999999999,1,Churned
28188-MAD,Male,75,Yes,Madhya Pradesh,9,23,NO DEAL,No,No,Yes,Cable,Yes,Yes,No,No,Yes,Yes,Yes,No,Month-to-Month,Yes,Bank Withdrawal,55.8,2109.35,0.0,80,0.0,2189.35,Churned,Attitude,Attitude of support person,1,Elder,13-24 Months,Growing,95.1891304347826,80.0,2189.35,0.0254870166944526,39.23566308243728,High,1,5,3,2,0,0,0,1,1,0,1,0,91.7108695652174,-35.9108695652174,0.0,0.0365405257268139,High Value,4185.0,1,Churned
69071-ODI,Female,36,No,Odisha,1,21,NO DEAL,Yes,Yes,Yes,Fiber Optic,No,No,Yes,No,Yes,No,No,Yes,Month-to-Month,Yes,Bank Withdrawal,92.5,452.7,0.0,0,16.25,468.95,Churned,Competitor,Competitor offered more data,1,Middle Age,13-24 Months,Growing,22.33095238095238,16.25,468.95,0.197249173685894,5.06972972972973,Low,1,5,1,1,1,1,0,1,0,0,1,0,21.557142857142857,70.94285714285715,0.0,0.0346518818637381,Low Value,3330.0,1,Churned
56554-RAJ,Female,29,Yes,Rajasthan,0,11,Deal 5,Yes,No,No,No Type,No,No,No,No,No,No,No,No,Month-to-Month,Yes,Credit Card,19.75,19.75,0.0,0,10.22,29.97,Joined,Others,Others,0,Young Adult,7-12 Months,Growing,2.7245454545454546,10.22,29.97,0.6589923256589924,1.5174683544303798,No Referral,0,1,0,0,1,0,0,0,0,0,1,0,1.7954545454545454,17.954545454545453,0.0,0.3410076743410077,Low Value,572.75,1,Churned
86362-ASS,Female,35,Yes,Assam,15,11,NO DEAL,Yes,No,Yes,Fiber Optic,No,No,No,Yes,No,No,No,Yes,Month-to-Month,Yes,Mailed Check,74.3,74.3,0.0,0,39.55,113.85,Joined,Others,Others,0,Middle Age,7-12 Months,Growing,10.35,39.55,113.85,0.6526130873956961,1.532301480484522,High,1,3,0,1,1,0,0,1,0,0,1,0,6.754545454545454,67.54545454545455,0.0,0.3473869126043039,Low Value,2600.5,1,Churned
68786-RAJ,Female,37,Yes,Rajasthan,2,23,NO DEAL,Yes,No,Yes,Fiber Optic,No,Yes,Yes,No,No,Yes,Yes,Yes,Month-to-Month,Yes,Bank Withdrawal,91.0,531.0,0.0,0,252.48,783.48,Churned,Dissatisfaction,Service dissatisfaction,1,Middle Age,13-24 Months,Growing,34.06434782608696,252.48,783.48,0.1161484658191657,8.60967032967033,Low,1,6,2,2,1,0,0,1,0,0,1,0,23.08695652173913,67.91304347826087,0.0,0.322254556593659,Medium Value,3367.0,1,Churned
77827-MAD,Female,72,Yes,Madhya Pradesh,13,9,NO DEAL,Yes,Yes,Yes,Fiber Optic,Yes,No,No,No,Yes,Yes,No,Yes,Month-to-Month,No,Bank Withdrawal,101.85,4086.3,0.0,0,114.0,4200.3,Churned,Other,Don't know,1,Elder,7-12 Months,Growing,466.7000000000001,114.0,4200.3,0.0242482679808585,41.240058910162006,High,1,6,2,1,1,1,0,1,1,0,0,0,454.03333333333336,-352.1833333333334,0.0,0.027140918505821,High Value,7333.2,1,Churned
78590-WES,Female,75,No,West Bengal,8,20,Deal 2,Yes,Yes,Yes,Fiber Optic,Yes,No,Yes,No,No,No,No,Yes,Month-to-Month,Yes,Bank Withdrawal,83.75,3273.55,0.0,0,1879.44,5152.99,Churned,Competitor,Competitor offered more data,1,Elder,13-24 Months,Growing,257.6495,1879.44,5152.99,0.0162526998888024,61.52823880597015,High,1,5,0,2,1,1,0,1,1,0,1,0,163.6775,-79.92750000000001,0.0,0.3647280510926666,Very High Value,6281.25,1,Churned
64327-AND,Female,59,Yes,Andhra Pradesh,8,9,NO DEAL,Yes,No,No,No Type,No,No,No,No,No,No,No,No,Month-to-Month,Yes,Credit Card,20.65,20.65,0.0,0,35.24,55.89,Joined,Others,Others,0,Senior,7-12 Months,Growing,6.21,35.24,55.89,0.3694757559491858,2.706537530266344,High,1,1,0,0,1,0,0,0,0,0,1,0,2.2944444444444443,18.355555555555554,0.0,0.6305242440508141,Low Value,1218.35,1,Churned
45202-UTT,Male,38,No,Uttar Pradesh,9,25,NO DEAL,Yes,No,Yes,Fiber Optic,No,No,No,No,No,No,No,Yes,Month-to-Month,Yes,Bank Withdrawal,70.0,740.0,0.0,0,272.8,1012.8,Churned,Competitor,Competitor had better devices,1,Middle Age,25-48 Months,Established,40.512,272.8,1012.8,0.0691153238546603,14.468571428571428,High,1,2,0,0,1,0,0,1,0,0,1,0,29.6,40.4,0.0,0.2693522906793049,Medium Value,2660.0,1,Churned
63418-UTT,Female,41,No,Uttar Pradesh,0,5,NO DEAL,Yes,No,No,No Type,No,No,No,No,No,No,No,No,Month-to-Month,Yes,Credit Card,19.55,658.95,0.0,0,932.17,1591.12,Churned,Attitude,Attitude of support person,1,Middle Age,0-6 Months,New,318.224,932.17,1591.12,0.0122869425310473,81.38721227621483,No Referral,0,1,0,0,1,0,0,0,0,0,1,0,131.79000000000002,-112.24000000000002,0.0,0.58585776057117,Medium Value,801.5500000000001,1,Churned
16440-MAH,Male,40,Yes,Maharashtra,0,36,Deal 5,No,No,Yes,DSL,No,No,No,No,No,Yes,Yes,No,Month-to-Month,Yes,Bank Withdrawal,35.1,68.75,0.0,10,0.0,78.75,Churned,Attitude,Attitude of support person,1,Middle Age,25-48 Months,Established,2.1875,10.0,78.75,0.4457142857142857,2.243589743589744,No Referral,0,2,2,0,0,0,0,1,0,0,1,0,1.9097222222222223,33.19027777777778,0.0,0.1269841269841269,Low Value,1404.0,1,Churned
27977-KER,Female,39,No,Kerala,2,18,Deal 5,No,No,Yes,Cable,No,No,No,No,Yes,Yes,Yes,No,Month-to-Month,Yes,Bank Withdrawal,44.55,174.3,0.0,10,0.0,184.3,Churned,Attitude,Attitude of service provider,1,Middle Age,13-24 Months,Growing,10.238888888888887,10.0,184.3,0.2417254476397178,4.136924803591471,Low,1,3,3,0,0,0,0,1,0,0,1,0,9.683333333333334,34.86666666666666,0.0,0.054259359739555,Low Value,1737.4499999999998,1,Churned
66502-AND,Female,23,Yes,Andhra Pradesh,13,9,Deal 5,Yes,No,Yes,Fiber Optic,Yes,Yes,Yes,Yes,No,Yes,Yes,Yes,Month-to-Month,Yes,Bank Withdrawal,98.15,567.45,0.0,0,121.56,689.01,Churned,Attitude,Attitude of support person,1,Young Adult,7-12 Months,Growing,76.55666666666667,121.56,689.01,0.1424507626884951,7.019969434538971,High,1,8,2,4,1,0,0,1,1,0,1,0,63.05,35.1,0.0,0.176427047502939,Medium Value,2257.4500000000003,1,Churned
17845-TEL,Female,79,No,Telangana,8,12,NO DEAL,Yes,No,Yes,Fiber Optic,No,No,No,No,No,No,No,Yes,Month-to-Month,Yes,Bank Withdrawal,69.55,69.55,0.0,0,12.46,82.01,Churned,Dissatisfaction,Network reliability,1,Elder,7-12 Months,Growing,6.834166666666667,12.46,82.01,0.8480673088647726,1.1791516894320633,High,1,2,0,0,1,0,0,1,0,0,1,0,5.795833333333333,63.75416666666666,0.0,0.1519326911352274,Low Value,5494.45,1,Churned
63833-TAM,Female,58,No,Tamil Nadu,2,9,Deal 5,Yes,No,Yes,Fiber Optic,No,No,No,No,Yes,No,No,No,Month-to-Month,Yes,Bank Withdrawal,79.5,79.5,0.0,0,48.97,128.47,Churned,Attitude,Attitude of service provider,1,Senior,7-12 Months,Growing,14.274444444444445,48.97,128.47,0.6188215147505254,1.6159748427672955,Low,1,2,1,0,1,0,0,1,0,0,1,0,8.833333333333334,70.66666666666667,0.0,0.3811784852494745,Low Value,4611.0,1,Churned
84956-BIH,Male,82,No,Bihar,5,14,NO DEAL,Yes,Yes,Yes,Fiber Optic,No,No,No,No,No,No,No,Yes,Month-to-Month,Yes,Credit Card,75.45,158.4,0.0,0,46.92,205.32,Churned,Price,Long distance charges,1,Elder,13-24 Months,Growing,14.665714285714284,46.92,205.32,0.3674751607247224,2.7212723658051687,Medium,1,3,0,0,1,1,0,1,0,0,1,0,11.314285714285717,64.13571428571429,0.0,0.2285213325540619,Low Value,6186.900000000001,1,Churned
85778-ODI,Male,63,No,Odisha,9,24,NO DEAL,Yes,No,Yes,Fiber Optic,No,Yes,No,No,No,No,No,Yes,Month-to-Month,Yes,Bank Withdrawal,76.45,1233.4,0.0,0,17.85,1251.25,Churned,Competitor,Competitor had better devices,1,Elder,13-24 Months,Growing,52.13541666666666,17.85,1251.25,0.0610989010989011,16.366906474820144,High,1,3,0,1,1,0,0,1,0,0,1,0,51.39166666666667,25.05833333333333,0.0,0.0142657342657342,Medium Value,4816.35,1,Churned
19145-TAM,Male,42,No,Tamil Nadu,15,23,Deal 2,Yes,Yes,Yes,Fiber Optic,No,Yes,No,Yes,Yes,No,No,Yes,Two Year,Yes,Bank Withdrawal,94.1,5638.3,0.0,0,1643.34,7281.64,Churned,Competitor,Competitor offered more data,1,Middle Age,13-24 Months,Growing,316.5930434782609,1643.34,7281.64,0.012922912970155,77.38193411264614,High,1,6,1,2,1,1,1,1,0,0,1,0,245.1434782608696,-151.0434782608696,0.0,0.2256826758807081,Very High Value,3952.2,1,Churned
84687-PUN,Female,31,No,Punjab,0,18,Deal 5,No,No,Yes,Cable,No,No,No,No,No,No,No,No,Month-to-Month,No,Credit Card,24.7,24.7,0.0,70,0.0,94.7,Joined,Others,Others,0,Middle Age,13-24 Months,Growing,5.261111111111111,70.0,94.7,0.2608236536430834,3.834008097165992,No Referral,0,0,0,0,0,0,0,1,0,0,0,0,1.3722222222222222,23.327777777777776,0.0,0.7391763463569165,Low Value,765.6999999999999,1,Churned
28239-UTT,Female,55,Yes,Uttar Pradesh,0,5,NO DEAL,Yes,No,No,No Type,No,No,No,No,No,No,No,No,Month-to-Month,No,Credit Card,19.95,19.95,0.0,0,38.84,58.79,Joined,Others,Others,0,Senior,0-6 Months,New,11.758,38.84,58.79,0.339343425752679,2.9468671679197995,No Referral,0,1,0,0,1,0,0,0,0,0,0,0,3.99,15.96,0.0,0.660656574247321,Low Value,1097.25,1,Churned
31962-KAR,Male,25,Yes,Karnataka,2,35,NO DEAL,Yes,Yes,No,No Type,No,No,No,No,No,No,No,No,Month-to-Month,Yes,Mailed Check,24.05,24.05,0.0,0,20.26,44.31,Churned,Price,Price too high,1,Young Adult,25-48 Months,Established,1.266,20.26,44.31,0.5427668697810878,1.8424116424116423,Low,1,2,0,0,1,1,0,0,0,0,1,0,0.6871428571428572,23.362857142857145,0.0,0.4572331302189122,Low Value,601.25,1,Churned
44857-GUJ,Female,46,Yes,Gujarat,14,2,NO DEAL,Yes,No,Yes,Fiber Optic,No,No,No,No,No,No,No,Yes,Month-to-Month,Yes,Bank Withdrawal,70.2,237.95,0.0,0,52.08,290.03,Churned,Competitor,Competitor had better devices,1,Senior,0-6 Months,New,145.015,52.08,290.03,0.2420439264903631,4.131481481481481,High,1,2,0,0,1,0,0,1,0,0,1,0,118.975,-48.77499999999999,0.0,0.1795676309347309,Low Value,3229.2000000000003,1,Churned
47708-TAM,Female,25,No,Tamil Nadu,14,26,NO DEAL,Yes,Yes,Yes,Fiber Optic,No,No,Yes,No,Yes,Yes,Yes,Yes,Month-to-Month,Yes,Bank Withdrawal,99.5,3762.0,0.0,0,1342.73,5104.73,Churned,Competitor,Competitor made better offer,1,Young Adult,25-48 Months,Established,196.3357692307692,1342.73,5104.73,0.0194917263009013,51.30381909547738,High,1,7,3,1,1,1,0,1,0,0,1,0,144.69230769230768,-45.19230769230768,0.0,0.2630364387538616,Very High Value,2487.5,1,Churned
69715-WES,Female,23,Yes,West Bengal,6,9,Deal 5,Yes,No,Yes,Fiber Optic,No,No,No,No,No,No,Yes,Yes,Month-to-Month,Yes,Bank Withdrawal,69.0,506.9,0.0,0,62.65,569.55,Churned,Attitude,Attitude of service provider,1,Young Adult,7-12 Months,Growing,63.28333333333333,62.65,569.55,0.1211482749539109,8.254347826086956,High,1,3,1,0,1,0,0,1,0,0,1,0,56.32222222222222,12.677777777777775,0.0,0.1099991221139496,Low Value,1587.0,1,Churned
42574-ASS,Female,25,No,Assam,5,3,NO DEAL,Yes,No,No,No Type,No,No,No,No,No,No,No,No,Month-to-Month,No,Credit Card,19.55,19.55,0.0,0,8.23,27.78,Joined,Others,Others,0,Young Adult,0-6 Months,New,9.26,8.23,27.78,0.7037437005039597,1.4209718670076728,Medium,1,1,0,0,1,0,0,0,0,0,0,0,6.516666666666667,13.033333333333337,0.0,0.2962562994960403,Low Value,488.75,1,Churned
71261-TAM,Female,59,No,Tamil Nadu,2,27,NO DEAL,Yes,No,Yes,Cable,Yes,Yes,No,Yes,No,Yes,Yes,Yes,Month-to-Month,Yes,Bank Withdrawal,70.45,70.45,0.0,0,20.1,90.55,Joined,Others,Others,0,Senior,25-48 Months,Established,3.353703703703704,20.1,90.55,0.7780231916068471,1.2853087295954575,Low,1,7,2,3,1,0,0,1,1,0,1,0,2.609259259259259,67.84074074074074,0.0,0.2219768083931529,Low Value,4156.55,1,Churned
67427-MAH,Female,31,Yes,Maharashtra,10,1,NO DEAL,No,No,Yes,DSL,No,No,No,No,No,No,No,Yes,Month-to-Month,No,Bank Withdrawal,24.75,66.95,0.0,0,0.0,66.95,Churned,Competitor,Competitor offered higher download speeds,1,Middle Age,0-6 Months,New,66.95,0.0,66.95,0.3696788648244958,2.7050505050505054,High,1,1,0,0,0,0,0,1,0,0,0,0,66.95,-42.2,0.0,0.0,Low Value,767.25,1,Churned
14567-TAM,Male,43,No,Tamil Nadu,1,9,NO DEAL,Yes,No,No,No Type,No,No,No,No,No,No,No,No,Month-to-Month,No,Credit Card,20.35,20.35,0.0,0,44.09,64.44,Joined,Others,Others,0,Middle Age,7-12 Months,Growing,7.16,44.09,64.44,0.3157976412166356,3.166584766584766,Low,1,1,0,0,1,0,0,0,0,0,0,0,2.261111111111111,18.08888888888889,0.0,0.6842023587833644,Low Value,875.0500000000001,1,Churned
92249-MAD,Male,49,No,Madhya Pradesh,15,8,Deal 5,No,No,Yes,DSL,No,Yes,No,No,No,No,No,Yes,Month-to-Month,Yes,Credit Card,30.5,208.7,0.0,0,0.0,208.7,Churned,Competitor,Competitor had better devices,1,Senior,7-12 Months,Growing,26.0875,0.0,208.7,0.1461427886919022,6.842622950819671,High,1,2,0,1,0,0,0,1,0,0,1,0,26.0875,4.412500000000001,0.0,0.0,Low Value,1494.5,1,Churned
77688-TAM,Male,35,No,Tamil Nadu,4,13,NO DEAL,Yes,No,Yes,DSL,No,No,No,Yes,No,No,No,Yes,Month-to-Month,No,Credit Card,49.0,49.0,0.0,0,49.19,98.19,Joined,Others,Others,0,Middle Age,13-24 Months,Growing,7.553076923076923,49.19,98.19,0.4990324880334046,2.003877551020408,Medium,1,3,0,1,1,0,0,1,0,0,0,0,3.769230769230769,45.23076923076923,0.0,0.5009675119665954,Low Value,1715.0,1,Churned
73132-UTT,Female,49,Yes,Uttar Pradesh,10,15,NO DEAL,Yes,No,Yes,Fiber Optic,No,No,No,No,No,No,No,Yes,Month-to-Month,Yes,Credit Card,70.05,266.9,0.0,0,50.32,317.22,Churned,Competitor,Competitor had better devices,1,Senior,13-24 Months,Growing,21.148000000000003,50.32,317.22,0.220824664270853,4.528479657387581,High,1,2,0,0,1,0,0,1,0,0,1,0,17.793333333333333,52.25666666666666,0.0,0.1586280814576634,Low Value,3432.45,1,Churned
42909-KER,Female,35,No,Kerala,0,4,NO DEAL,Yes,Yes,Yes,Fiber Optic,No,No,No,No,No,No,No,No,Month-to-Month,Yes,Bank Withdrawal,77.15,77.15,0.0,10,27.7,114.85,Churned,Dissatisfaction,Limited range of services,1,Middle Age,0-6 Months,New,28.7125,37.7,114.85,0.6717457553330431,1.4886584575502266,No Referral,0,2,0,0,1,1,0,1,0,0,1,0,19.2875,57.8625,0.0,0.3282542446669569,Low Value,2700.25,1,Churned
95617-TAM,Female,22,No,Tamil Nadu,6,7,Deal 4,Yes,Yes,Yes,Fiber Optic,No,No,Yes,No,Yes,Yes,Yes,Yes,Month-to-Month,Yes,Bank Withdrawal,100.15,1164.3,0.0,0,366.48,1530.78,Churned,Price,Price too high,1,Young Adult,7-12 Months,Growing,218.68285714285716,366.48,1530.78,0.0654241628450855,15.284872690963551,High,1,7,3,1,1,1,0,1,0,0,1,0,166.32857142857142,-66.17857142857142,0.0,0.2394073609532395,Medium Value,2203.3,1,Churned
47767-BIH,Female,22,Yes,Bihar,0,1,Deal 5,Yes,No,Yes,Fiber Optic,No,No,No,No,Yes,No,Yes,No,Month-to-Month,Yes,Bank Withdrawal,81.0,340.85,0.0,50,86.48,477.33,Churned,Dissatisfaction,Limited range of services,1,Young Adult,0-6 Months,New,477.33,136.48000000000002,477.33,0.1696939224435925,5.8929629629629625,No Referral,0,3,2,0,1,0,0,1,0,0,1,0,340.85,-259.85,0.0,0.2859237843839692,Low Value,1782.0,1,Churned
77983-TAM,Female,35,Yes,Tamil Nadu,9,35,NO DEAL,Yes,No,Yes,Fiber Optic,No,No,No,No,No,No,No,Yes,Month-to-Month,Yes,Mailed Check,70.15,70.15,0.0,0,2.24,72.39,Churned,Competitor,Competitor offered higher download speeds,1,Middle Age,25-48 Months,Established,2.0682857142857145,2.24,72.39,0.969056499516508,1.0319315751960083,High,1,2,0,0,1,0,0,1,0,0,1,0,2.0042857142857144,68.14571428571429,0.0,0.0309435004834921,Low Value,2455.25,1,Churned
53612-UTT,Female,39,Yes,Uttar Pradesh,8,34,NO DEAL,Yes,No,No,No Type,No,No,No,No,No,No,No,No,Month-to-Month,No,Credit Card,20.85,72.0,0.0,0,35.31,107.31,Joined,Others,Others,0,Middle Age,25-48 Months,Established,3.156176470588236,35.31,107.31,0.1942968968409281,5.146762589928057,High,1,1,0,0,1,0,0,0,0,0,0,0,2.117647058823529,18.732352941176472,0.0,0.3290466871680179,Low Value,813.1500000000001,1,Churned
61409-KAR,Male,53,Yes,Karnataka,0,34,Deal 5,Yes,Yes,Yes,DSL,No,No,No,No,No,No,No,Yes,Month-to-Month,Yes,Bank Withdrawal,50.9,225.6,0.0,0,34.32,259.92,Churned,Dissatisfaction,Network reliability,1,Senior,25-48 Months,Established,7.644705882352942,34.32,259.92,0.1958294859956909,5.106483300589392,No Referral,0,3,0,0,1,1,0,1,0,0,1,0,6.635294117647058,44.26470588235294,0.0,0.1320406278855032,Low Value,2697.7,1,Churned
91796-WES,Female,68,No,West Bengal,9,19,NO DEAL,Yes,Yes,Yes,Fiber Optic,No,No,No,Yes,Yes,Yes,No,Yes,Month-to-Month,Yes,Credit Card,100.05,6871.9,0.0,0,3290.1,10162.0,Churned,Price,Extra data charges,1,Elder,13-24 Months,Growing,534.8421052631579,3290.1,10162.0,0.0098455028537689,101.56921539230385,High,1,6,2,1,1,1,0,1,0,0,1,0,361.678947368421,-261.628947368421,0.0,0.3237650068884077,Very High Value,6803.4,1,Churned
83127-PUN,Female,76,No,Punjab,1,35,NO DEAL,Yes,Yes,Yes,Cable,Yes,No,No,Yes,No,No,No,No,One Year,Yes,Bank Withdrawal,60.05,3229.65,0.0,100,1148.51,4478.16,Churned,Other,Moved,1,Elder,25-48 Months,Established,127.94742857142856,1248.51,4478.16,0.0134095253407649,74.57385512073273,Low,1,4,0,2,1,1,1,1,1,0,1,0,92.27571428571429,-32.22571428571429,0.0,0.2787997749075513,High Value,4563.8,1,Churned
15788-DEL,Female,63,Yes,Delhi,8,5,Deal 5,Yes,No,Yes,Fiber Optic,No,No,No,No,No,No,No,Yes,Month-to-Month,Yes,Bank Withdrawal,69.6,69.6,0.0,0,45.8,115.4,Churned,Dissatisfaction,Poor expertise of online support,1,Elder,0-6 Months,New,23.08,45.8,115.4,0.6031195840554592,1.6580459770114944,High,1,2,0,0,1,0,0,1,0,0,1,0,13.919999999999998,55.67999999999999,0.0,0.3968804159445407,Low Value,4384.799999999999,1,Churned
77311-KER,Male,31,No,Kerala,13,26,NO DEAL,No,No,Yes,DSL,No,Yes,No,No,Yes,Yes,Yes,Yes,Month-to-Month,Yes,Bank Withdrawal,48.55,201.0,0.0,0,0.0,201.0,Churned,Price,Long distance charges,1,Middle Age,25-48 Months,Established,7.730769230769231,0.0,201.0,0.2415422885572139,4.140061791967044,High,1,5,3,1,0,0,0,1,0,0,1,0,7.730769230769231,40.81923076923077,0.0,0.0,Low Value,1505.05,1,Churned
13058-MAD,Female,58,No,Madhya Pradesh,13,22,NO DEAL,Yes,No,Yes,DSL,No,No,No,No,No,No,No,Yes,Month-to-Month,Yes,Mailed Check,46.1,130.15,0.0,0,7.98,138.13,Joined,Others,Others,0,Senior,13-24 Months,Growing,6.278636363636363,7.98,138.13,0.3337435748932165,2.9963123644251626,High,1,2,0,0,1,0,0,1,0,0,1,0,5.915909090909091,40.18409090909091,0.0,0.0577716643741403,Low Value,2673.8,1,Churned
23729-UTT,Female,58,No,Uttar Pradesh,14,19,Deal 5,Yes,No,No,No Type,No,No,No,No,No,No,No,No,Month-to-Month,Yes,Credit Card,19.65,38.8,0.0,0,19.22,58.02,Joined,Others,Others,0,Senior,13-24 Months,Growing,3.053684210526316,19.22,58.02,0.3386763185108583,2.952671755725192,High,1,1,0,0,1,0,0,0,0,0,1,0,2.0421052631578944,17.607894736842105,0.0,0.3312650810065494,Low Value,1139.6999999999998,1,Churned
49373-WES,Female,31,Yes,West Bengal,12,9,NO DEAL,Yes,Yes,Yes,Fiber Optic,No,No,No,Yes,No,No,No,Yes,Month-to-Month,Yes,Bank Withdrawal,79.5,2180.55,0.0,0,667.44,2847.99,Churned,Price,Lack of affordable download/upload speed,1,Middle Age,7-12 Months,Growing,316.4433333333333,667.44,2847.99,0.0279144238568253,35.82377358490566,High,1,4,0,1,1,1,0,1,0,0,1,0,242.28333333333336,-162.78333333333336,0.0,0.2343547554591133,High Value,2464.5,1,Churned
31940-ODI,Male,63,No,Odisha,6,35,Deal 5,Yes,Yes,Yes,Fiber Optic,No,No,No,No,No,Yes,No,No,Month-to-Month,Yes,Bank Withdrawal,85.05,746.5,0.0,30,109.62,886.12,Churned,Attitude,Attitude of service provider,1,Elder,25-48 Months,Established,25.317714285714285,139.62,886.12,0.0959802284115018,10.418812463256907,High,1,3,1,0,1,1,0,1,0,0,1,0,21.32857142857143,63.72142857142857,0.0,0.1575633097097458,Medium Value,5358.15,1,Churned
85928-AND,Female,26,No,Andhra Pradesh,3,32,Deal 5,Yes,No,Yes,Fiber Optic,No,Yes,No,No,Yes,Yes,Yes,Yes,Month-to-Month,Yes,Bank Withdrawal,94.25,669.0,0.0,0,84.35,753.35,Churned,Dissatisfaction,Network reliability,1,Young Adult,25-48 Months,Established,23.5421875,84.35,753.35,0.1251078515962036,7.993103448275862,Medium,1,6,3,1,1,0,0,1,0,0,1,0,20.90625,73.34375,0.0,0.1119665494126236,Medium Value,2450.5,1,Churned
12136-RAJ,Female,25,Yes,Rajasthan,2,35,NO DEAL,Yes,No,No,No Type,No,No,No,No,No,No,No,No,Month-to-Month,No,Bank Withdrawal,19.9,19.9,0.0,0,11.83,31.73,Joined,Others,Others,0,Young Adult,25-48 Months,Established,0.9065714285714286,11.83,31.73,0.6271667191931926,1.5944723618090453,Low,1,1,0,0,1,0,0,0,0,0,0,0,0.5685714285714285,19.33142857142857,0.0,0.3728332808068074,Low Value,497.5,1,Churned
78319-TEL,Male,71,Yes,Telangana,8,9,Deal 4,Yes,Yes,Yes,Fiber Optic,No,No,No,No,No,No,No,Yes,Month-to-Month,Yes,Mailed Check,74.45,1145.7,0.0,0,661.05,1806.75,Churned,Dissatisfaction,Limited range of services,1,Elder,7-12 Months,Growing,200.75,661.05,1806.75,0.0412065864120658,24.26796507723304,High,1,3,0,0,1,1,0,1,0,0,1,0,127.3,-52.85000000000001,0.0,0.3658779576587795,Medium Value,5285.95,1,Churned
29871-DEL,Male,58,Yes,Delhi,3,34,NO DEAL,Yes,Yes,Yes,Fiber Optic,No,Yes,No,No,Yes,Yes,Yes,Yes,Month-to-Month,Yes,Bank Withdrawal,100.2,420.2,0.0,0,112.88,533.08,Churned,Dissatisfaction,Service dissatisfaction,1,Senior,25-48 Months,Established,15.678823529411764,112.88,533.08,0.1879642830344413,5.320159680638723,Medium,1,7,3,1,1,1,0,1,0,0,1,0,12.358823529411763,87.84117647058824,0.0,0.2117505815262249,Low Value,5811.6,1,Churned
45611-GUJ,Female,66,No,Gujarat,12,33,Deal 3,Yes,No,Yes,Fiber Optic,No,Yes,No,No,No,Yes,Yes,Yes,Month-to-Month,No,Bank Withdrawal,84.95,2169.75,0.0,0,474.76,2644.51,Churned,Price,Price too high,1,Elder,25-48 Months,Established,80.13666666666667,474.76,2644.51,0.0321231532495622,31.13019423190112,High,1,5,2,1,1,0,0,1,0,0,0,0,65.75,19.200000000000003,0.0,0.1795266419866062,High Value,5606.7,1,Churned
33911-TEL,Female,47,No,Telangana,12,1,NO DEAL,Yes,No,Yes,Fiber Optic,No,No,No,No,Yes,Yes,Yes,Yes,Month-to-Month,Yes,Bank Withdrawal,88.85,929.45,0.0,0,327.6,1257.05,Stayed,Others,Others,0,Senior,0-6 Months,New,1257.05,327.6,1257.05,0.0706813571456982,14.148002250984806,High,1,5,3,0,1,0,0,1,0,0,1,0,929.45,-840.6,0.0,0.2606101587049044,Medium Value,4175.95,1,Churned
23829-TAM,Male,76,Yes,Tamil Nadu,5,32,Deal 4,Yes,Yes,Yes,Fiber Optic,No,No,No,No,Yes,Yes,No,Yes,Month-to-Month,Yes,Bank Withdrawal,95.35,898.35,0.0,0,413.7,1312.05,Churned,Competitor,Competitor made better offer,1,Elder,25-48 Months,Established,41.0015625,413.7,1312.05,0.0726725353454517,13.760356581017303,Medium,1,5,2,0,1,1,0,1,0,0,1,0,28.0734375,67.2765625,0.0,0.3153081056362181,Medium Value,7246.599999999999,1,Churned
73893-MAH,Female,40,Yes,Maharashtra,7,5,Deal 5,Yes,No,No,No Type,No,No,No,No,No,No,No,No,One Year,Yes,Credit Card,19.75,145.0,0.0,0,369.04,514.04,Churned,Price,Long distance charges,1,Middle Age,0-6 Months,New,102.808,369.04,514.04,0.0384211345420589,26.027341772151896,High,1,1,0,0,1,0,1,0,0,0,1,0,29.0,-9.25,0.0,0.7179207843747569,Low Value,790.0,1,Churned
35658-JHA,Male,35,No,Jharkhand,2,16,NO DEAL,Yes,No,No,No Type,No,No,No,No,No,No,No,No,Month-to-Month,No,Mailed Check,20.45,20.45,0.0,0,39.61,60.06,Joined,Others,Others,0,Middle Age,13-24 Months,Growing,3.75375,39.61,60.06,0.3404928404928404,2.936919315403423,Low,1,1,0,0,1,0,0,0,0,0,0,0,1.278125,19.171875,0.0,0.6595071595071594,Low Value,715.75,1,Churned
91585-TAM,Male,43,No,Tamil Nadu,9,2,Deal 5,No,No,Yes,DSL,No,No,No,No,No,No,No,Yes,Month-to-Month,Yes,Bank Withdrawal,25.15,25.15,0.0,0,0.0,25.15,Churned,Competitor,Competitor had better devices,1,Middle Age,0-6 Months,New,12.575,0.0,25.15,1.0,1.0,High,1,1,0,0,0,0,0,1,0,0,1,0,12.575,12.575,0.0,0.0,Low Value,1081.45,1,Churned
32847-KER,Female,58,Yes,Kerala,15,12,NO DEAL,Yes,No,Yes,Fiber Optic,No,No,No,No,Yes,Yes,Yes,Yes,Month-to-Month,Yes,Bank Withdrawal,91.1,455.3,0.0,0,70.86,526.16,Churned,Price,Long distance charges,1,Senior,7-12 Months,Growing,43.84666666666666,70.86,526.16,0.1731412498099437,5.77563117453348,High,1,5,3,0,1,0,0,1,0,0,1,0,37.94166666666667,53.15833333333333,0.0,0.1346738634635852,Low Value,5283.799999999999,1,Churned
63487-MAH,Female,36,Yes,Maharashtra,8,34,NO DEAL,Yes,No,Yes,Cable,No,No,No,No,No,No,No,Yes,Month-to-Month,No,Credit Card,44.75,44.75,0.0,0,40.87,85.62,Joined,Others,Others,0,Middle Age,25-48 Months,Established,2.518235294117648,40.87,85.62,0.5226582574164914,1.913296089385475,High,1,2,0,0,1,0,0,1,0,0,0,0,1.3161764705882353,43.43382352941177,0.0,0.4773417425835085,Low Value,1611.0,1,Churned
86289-UTT,Male,27,No,Uttar Pradesh,4,27,NO DEAL,Yes,No,No,No Type,No,No,No,No,No,No,No,No,Month-to-Month,No,Credit Card,20.3,20.3,0.0,0,29.19,49.49,Joined,Others,Others,0,Young Adult,25-48 Months,Established,1.8329629629629631,29.19,49.49,0.4101838755304102,2.4379310344827587,Medium,1,1,0,0,1,0,0,0,0,0,0,0,0.7518518518518519,19.548148148148147,0.0,0.5898161244695899,Low Value,548.1,1,Churned
27149-JHA,Female,40,No,Jharkhand,10,31,NO DEAL,Yes,Yes,Yes,Fiber Optic,Yes,Yes,No,No,No,No,No,Yes,Month-to-Month,Yes,Bank Withdrawal,84.45,2467.1,0.0,0,822.73,3289.83,Churned,Dissatisfaction,Lack of self-service on Website,1,Middle Age,25-48 Months,Established,106.12354838709678,822.73,3289.83,0.025670019423496,38.95595026642984,High,1,5,0,2,1,1,0,1,1,0,1,0,79.58387096774193,4.866129032258073,0.0,0.2500828310277431,High Value,3378.0,1,Churned
41816-JAM,Female,71,Yes,Jammu & Kashmir,7,10,NO DEAL,Yes,Yes,Yes,Fiber Optic,Yes,Yes,Yes,No,No,No,No,Yes,Month-to-Month,No,Credit Card,91.7,2758.15,0.0,0,1376.4,4134.55,Churned,Competitor,Competitor made better offer,1,Elder,7-12 Months,Growing,413.455,1376.4,4134.55,0.0221789553881317,45.08778625954199,High,1,6,0,3,1,1,0,1,1,0,0,0,275.815,-184.115,0.0,0.332902008682928,High Value,6510.7,1,Churned
95902-GUJ,Female,40,No,Gujarat,11,11,NO DEAL,Yes,Yes,Yes,Fiber Optic,No,No,Yes,No,No,Yes,Yes,Yes,Month-to-Month,Yes,Bank Withdrawal,89.1,2368.4,0.0,0,581.0,2949.4,Churned,Competitor,Competitor had better devices,1,Middle Age,7-12 Months,Growing,268.1272727272727,581.0,2949.4,0.0302095341425374,33.10213243546577,High,1,6,2,1,1,1,0,1,0,0,1,0,215.3090909090909,-126.20909090909092,0.0,0.1969892181460636,High Value,3564.0,1,Churned
77286-PUN,Male,29,No,Punjab,7,8,Deal 5,Yes,Yes,Yes,Fiber Optic,No,No,No,No,Yes,No,No,Yes,Month-to-Month,Yes,Bank Withdrawal,85.35,758.6,0.0,0,442.26,1200.86,Churned,Competitor,Competitor offered higher download speeds,1,Young Adult,7-12 Months,Growing,150.1075,442.26,1200.86,0.0710740635877621,14.069830111306386,High,1,4,1,0,1,1,0,1,0,0,1,0,94.825,-9.475000000000009,0.0,0.3682860616558133,Medium Value,2475.15,1,Churned
32586-UTT,Female,25,No,Uttar Pradesh,15,10,NO DEAL,Yes,Yes,No,No Type,No,No,No,No,No,No,No,No,Month-to-Month,Yes,Credit Card,-8.0,25.75,0.0,0,15.22,40.97,Joined,Others,Others,0,Young Adult,7-12 Months,Growing,4.097,15.22,40.97,-0.1952648279228704,-5.12125,High,1,2,0,0,1,1,0,0,0,0,1,0,2.575,-10.575,0.0,0.3714913351232609,Low Value,-200.0,1,Churned
66749-KER,Female,47,No,Kerala,9,5,NO DEAL,Yes,No,No,No Type,No,No,No,No,No,No,No,No,Month-to-Month,No,Credit Card,20.75,20.75,0.0,0,36.28,57.03,Joined,Others,Others,0,Senior,0-6 Months,New,11.406,36.28,57.03,0.3638435910924075,2.748433734939759,High,1,1,0,0,1,0,0,0,0,0,0,0,4.15,16.6,0.0,0.6361564089075925,Low Value,975.25,1,Churned
53295-WES,Female,35,No,West Bengal,7,33,Deal 5,Yes,Yes,No,No Type,No,No,No,No,No,No,No,No,Month-to-Month,Yes,Bank Withdrawal,25.7,25.7,0.0,0,43.84,69.54,Joined,Others,Others,0,Middle Age,25-48 Months,Established,2.1072727272727274,43.84,69.54,0.3695714696577509,2.7058365758754865,High,1,2,0,0,1,1,0,0,0,0,1,0,0.7787878787878788,24.92121212121212,0.0,0.6304285303422491,Low Value,899.5,1,Churned
94573-ASS,Female,71,No,Assam,12,7,Deal 5,Yes,No,Yes,Cable,No,No,No,No,No,No,No,Yes,Month-to-Month,No,Bank Withdrawal,46.0,181.6,0.0,0,168.52,350.12,Churned,Competitor,Competitor made better offer,1,Elder,7-12 Months,Growing,50.01714285714286,168.52,350.12,0.1313835256483491,7.611304347826087,High,1,2,0,0,1,0,0,1,0,0,0,0,25.942857142857143,20.057142857142857,0.0,0.481320690049126,Low Value,3266.0,1,Churned
39937-UTT,Female,34,Yes,Uttar Pradesh,5,32,NO DEAL,Yes,No,Yes,Fiber Optic,Yes,No,No,No,Yes,Yes,Yes,Yes,Month-to-Month,No,Bank Withdrawal,93.85,1625.65,0.0,0,76.67,1702.32,Churned,Price,Price too high,1,Middle Age,25-48 Months,Established,53.1975,76.67,1702.32,0.0551306452370882,18.138732019179542,Medium,1,6,3,1,1,0,0,1,1,0,0,0,50.8015625,43.04843749999999,0.0,0.045038535645472,Medium Value,3190.9,1,Churned
94086-WES,Female,67,Yes,West Bengal,6,1,Deal 5,Yes,Yes,Yes,Fiber Optic,No,No,No,No,Yes,Yes,Yes,Yes,Month-to-Month,Yes,Bank Withdrawal,94.0,181.7,0.0,0,41.98,223.68,Churned,Other,Don't know,1,Elder,0-6 Months,New,223.68,41.98,223.68,0.4202432045779685,2.3795744680851065,High,1,6,3,0,1,1,0,1,0,0,1,0,181.7,-87.69999999999999,0.0,0.187678826895565,Low Value,6298.0,1,Churned
55339-TAM,Female,70,Yes,Tamil Nadu,9,7,Deal 5,Yes,No,Yes,Cable,Yes,No,No,No,No,No,No,Yes,Month-to-Month,Yes,Bank Withdrawal,49.55,49.55,0.0,0,24.24,73.79,Churned,Dissatisfaction,Limited range of services,1,Elder,7-12 Months,Growing,10.541428571428572,24.24,73.79,0.671500203279577,1.4892028254288598,High,1,3,0,1,1,0,0,1,1,0,1,0,7.078571428571428,42.47142857142857,0.0,0.3284997967204228,Low Value,3468.5,1,Churned
64297-MAD,Male,23,Yes,Madhya Pradesh,7,7,Deal 5,Yes,No,Yes,Fiber Optic,No,No,No,No,Yes,Yes,Yes,Yes,Month-to-Month,Yes,Bank Withdrawal,90.75,90.75,0.0,0,23.06,113.81,Churned,Attitude,Attitude of support person,1,Young Adult,7-12 Months,Growing,16.25857142857143,23.06,113.81,0.7973816009138037,1.2541046831955922,High,1,5,3,0,1,0,0,1,0,0,1,0,12.964285714285714,77.78571428571429,0.0,0.2026183990861962,Low Value,2087.25,1,Churned
82267-JHA,Female,33,No,Jharkhand,12,7,NO DEAL,No,No,Yes,DSL,No,No,No,No,Yes,Yes,Yes,No,Month-to-Month,Yes,Bank Withdrawal,45.25,85.5,0.0,10,0.0,95.5,Churned,Dissatisfaction,Product dissatisfaction,1,Middle Age,7-12 Months,Growing,13.642857142857142,10.0,95.5,0.4738219895287958,2.110497237569061,High,1,3,3,0,0,0,0,1,0,0,1,0,12.214285714285714,33.035714285714285,0.0,0.1047120418848167,Low Value,1493.25,1,Churned
78085-ODI,Male,28,No,Odisha,2,36,Deal 5,Yes,No,Yes,Fiber Optic,No,No,No,No,No,Yes,Yes,Yes,Month-to-Month,No,Bank Withdrawal,80.55,184.1,0.0,0,67.78,251.88,Churned,Attitude,Attitude of support person,1,Young Adult,25-48 Months,Established,6.996666666666666,67.78,251.88,0.3197951405431157,3.127001862197393,Low,1,4,2,0,1,0,0,1,0,0,0,0,5.113888888888889,75.4361111111111,0.0,0.2690963951087819,Low Value,2255.4,1,Churned
15349-UTT,Male,47,Yes,Uttar Pradesh,9,12,Deal 5,Yes,Yes,Yes,DSL,No,No,No,No,No,No,No,Yes,Month-to-Month,Yes,Bank Withdrawal,50.15,50.15,0.0,0,39.87,90.02,Joined,Others,Others,0,Senior,7-12 Months,Growing,7.501666666666666,39.87,90.02,0.5570984225727617,1.7950149551345962,High,1,3,0,0,1,1,0,1,0,0,1,0,4.179166666666666,45.97083333333333,0.0,0.4429015774272384,Low Value,2357.05,1,Churned
95984-MAH,Male,55,No,Maharashtra,15,25,Deal 4,Yes,Yes,Yes,Fiber Optic,No,No,No,No,Yes,Yes,Yes,Yes,Month-to-Month,No,Bank Withdrawal,95.2,930.4,0.0,0,356.3,1286.7,Churned,Competitor,Competitor offered more data,1,Senior,25-48 Months,Established,51.468,356.3,1286.7,0.0739877205253749,13.515756302521009,High,1,6,3,0,1,1,0,1,0,0,0,0,37.216,57.984,0.0,0.276909924613352,Medium Value,5236.0,1,Churned
45860-ODI,Female,38,Yes,Odisha,14,12,NO DEAL,Yes,No,Yes,Fiber Optic,No,No,No,No,Yes,No,No,Yes,Month-to-Month,Yes,Bank Withdrawal,77.65,714.15,0.0,0,205.92,920.07,Churned,Competitor,Competitor made better offer,1,Middle Age,7-12 Months,Growing,76.6725,205.92,920.07,0.0843957524970926,11.848937540244687,High,1,3,1,0,1,0,0,1,0,0,1,0,59.5125,18.13750000000001,0.0,0.223809058006456,Medium Value,2950.7000000000003,1,Churned
67567-TAM,Male,70,No,Tamil Nadu,8,1,NO DEAL,Yes,No,Yes,Fiber Optic,No,Yes,No,No,No,No,No,Yes,Month-to-Month,Yes,Bank Withdrawal,74.7,165.4,0.0,0,13.02,178.42,Churned,Competitor,Competitor made better offer,1,Elder,0-6 Months,New,178.42,13.02,178.42,0.4186750364308934,2.3884872824631858,High,1,3,0,1,1,0,0,1,0,0,1,0,165.4,-90.7,0.0,0.0729738818518103,Low Value,5229.0,1,Churned
25161-DEL,Female,64,Yes,Delhi,11,26,NO DEAL,Yes,Yes,Yes,Fiber Optic,No,No,Yes,Yes,No,No,No,No,Month-to-Month,Yes,Bank Withdrawal,83.05,1258.3,0.0,110,661.95,2030.25,Churned,Competitor,Competitor made better offer,1,Elder,25-48 Months,Established,78.08653846153847,771.95,2030.25,0.0409062923285309,24.44611679711017,High,1,4,0,2,1,1,0,1,0,0,1,0,48.39615384615384,34.65384615384615,0.0,0.38022411033124,Medium Value,5315.2,1,Churned
29149-ODI,Male,74,Yes,Odisha,0,29,NO DEAL,No,No,Yes,DSL,Yes,No,No,No,No,Yes,No,Yes,Month-to-Month,No,Bank Withdrawal,39.1,971.3,0.0,0,0.0,971.3,Churned,Competitor,Competitor had better devices,1,Elder,25-48 Months,Established,33.49310344827586,0.0,971.3,0.040255327911047,24.841432225063937,No Referral,0,3,1,1,0,0,0,1,1,0,0,0,33.49310344827586,5.606896551724141,0.0,0.0,Medium Value,2893.4,1,Churned
28281-KAR,Male,56,Yes,Karnataka,8,32,Deal 5,Yes,No,Yes,Fiber Optic,No,No,No,No,No,Yes,Yes,Yes,Month-to-Month,Yes,Bank Withdrawal,80.35,253.8,0.0,0,148.89,402.69,Joined,Others,Others,0,Senior,25-48 Months,Established,12.5840625,148.89,402.69,0.1995331396359482,5.011698817672682,High,1,4,2,0,1,0,0,1,0,0,1,0,7.93125,72.41874999999999,0.0,0.3697385085301348,Low Value,4499.599999999999,1,Churned
88111-MAH,Female,52,Yes,Maharashtra,15,32,NO DEAL,Yes,No,Yes,Fiber Optic,Yes,Yes,No,Yes,No,No,No,Yes,Month-to-Month,Yes,Credit Card,83.4,83.4,0.0,0,43.06,126.46,Joined,Others,Others,0,Senior,25-48 Months,Established,3.951875,43.06,126.46,0.6594970741736518,1.5163069544364507,High,1,5,0,3,1,0,0,1,1,0,1,0,2.60625,80.79375,0.0,0.3405029258263483,Low Value,4336.8,1,Churned
52913-GUJ,Male,64,No,Gujarat,4,7,NO DEAL,No,No,Yes,DSL,No,Yes,Yes,Yes,Yes,Yes,Yes,Yes,One Year,Yes,Bank Withdrawal,60.45,3184.25,0.0,0,0.0,3184.25,Churned,Price,Lack of affordable download/upload speed,1,Elder,7-12 Months,Growing,454.8928571428572,0.0,3184.25,0.0189840621810473,52.67576509511993,Medium,1,7,3,3,0,0,1,1,0,0,1,0,454.8928571428572,-394.4428571428572,0.0,0.0,High Value,3868.8,1,Churned
12490-TEL,Female,52,No,Telangana,9,6,NO DEAL,Yes,No,Yes,Fiber Optic,No,No,Yes,No,No,No,No,Yes,Month-to-Month,Yes,Mailed Check,74.75,238.1,38.84,0,37.5,236.76,Joined,Others,Others,0,Senior,0-6 Months,New,39.46,37.5,197.92,0.3157205609055584,3.1673578595317724,High,1,3,0,1,1,0,0,1,0,0,1,0,39.68333333333333,35.06666666666667,0.1631247375052499,0.1583882412569691,Low Value,3887.0,1,Churned
24934-HAR,Female,23,No,Haryana,0,5,NO DEAL,Yes,No,Yes,DSL,Yes,No,No,No,No,No,No,Yes,Month-to-Month,Yes,Bank Withdrawal,50.15,762.25,0.0,0,228.16,990.41,Churned,Competitor,Competitor offered higher download speeds,1,Young Adult,0-6 Months,New,198.082,228.16,990.41,0.0506355953594975,19.748953140578266,No Referral,0,3,0,1,1,0,0,1,1,0,1,0,152.45,-102.29999999999998,0.0,0.2303692410213952,Medium Value,1153.45,1,Churned
34024-AND,Female,45,Yes,Andhra Pradesh,4,21,NO DEAL,Yes,No,No,No Type,No,No,No,No,No,No,No,No,Month-to-Month,No,Credit Card,20.05,20.05,0.0,0,7.66,27.71,Joined,Others,Others,0,Middle Age,13-24 Months,Growing,1.3195238095238095,7.66,27.71,0.7235654998195598,1.382044887780549,Medium,1,1,0,0,1,0,0,0,0,0,0,0,0.9547619047619048,19.09523809523809,0.0,0.2764345001804402,Low Value,902.25,1,Churned
67856-AND,Male,67,No,Andhra Pradesh,2,5,NO DEAL,Yes,No,Yes,Fiber Optic,No,No,No,No,No,No,No,Yes,Month-to-Month,Yes,Credit Card,70.25,331.9,12.48,0,11.35,330.77,Churned,Price,Price too high,1,Elder,0-6 Months,New,66.154,11.35,318.29,0.2123832270157511,4.708469750889679,Low,1,2,0,0,1,0,0,1,0,0,1,0,66.38,3.870000000000005,0.0376016872551973,0.0343138736886658,Low Value,4706.75,1,Churned
15692-UTT,Female,25,No,Uttar Pradesh,0,23,NO DEAL,Yes,No,Yes,Cable,No,No,No,No,No,No,Yes,Yes,Month-to-Month,No,Credit Card,45.05,45.05,0.0,0,48.03,93.08,Churned,Competitor,Competitor had better devices,1,Young Adult,13-24 Months,Growing,4.046956521739131,48.03,93.08,0.4839922647185217,2.0661487236404,No Referral,0,3,1,0,1,0,0,1,0,0,0,0,1.958695652173913,43.09130434782608,0.0,0.5160077352814784,Low Value,1126.25,1,Churned
77494-KAR,Female,27,Yes,Karnataka,13,3,Deal 1,Yes,Yes,Yes,Fiber Optic,Yes,No,Yes,Yes,Yes,Yes,Yes,Yes,Two Year,Yes,Bank Withdrawal,108.05,7532.15,0.0,0,3508.82,11040.97,Churned,Competitor,Competitor had better devices,1,Young Adult,0-6 Months,New,3680.323333333333,3508.82,11040.97,0.0097862778360959,102.18389634428505,High,1,9,3,3,1,1,1,1,1,0,1,0,2510.7166666666667,-2402.6666666666665,0.0,0.3177999759079139,Very High Value,2917.35,1,Churned
92685-UTT,Female,35,Yes,Uttarakhand,6,16,NO DEAL,Yes,No,Yes,Fiber Optic,Yes,No,No,No,Yes,No,No,Yes,Month-to-Month,No,Bank Withdrawal,84.1,4348.65,0.0,0,1995.24,6343.89,Churned,Competitor,Competitor had better devices,1,Middle Age,13-24 Months,Growing,396.493125,1995.24,6343.89,0.0132568502921708,75.43269916765756,High,1,4,1,1,1,0,0,1,1,0,0,0,271.790625,-187.690625,0.0,0.3145136501421052,Very High Value,2943.5,1,Churned
92742-RAJ,Female,59,No,Rajasthan,15,34,Deal 5,Yes,No,No,No Type,No,No,No,No,No,No,No,No,Month-to-Month,No,Mailed Check,20.65,38.7,0.0,0,49.42,88.12,Churned,Attitude,Attitude of support person,1,Senior,25-48 Months,Established,2.591764705882353,49.42,88.12,0.2343395369950068,4.267312348668281,High,1,1,0,0,1,0,0,0,0,0,0,0,1.1382352941176472,19.511764705882356,0.0,0.5608261461643214,Low Value,1218.35,1,Churned
37453-JAM,Male,73,No,Jammu & Kashmir,13,2,Deal 3,Yes,No,Yes,Cable,No,No,Yes,No,Yes,Yes,Yes,Yes,Month-to-Month,Yes,Bank Withdrawal,93.15,2231.05,0.0,0,386.4,2617.45,Churned,Competitor,Competitor made better offer,1,Elder,0-6 Months,New,1308.725,386.4,2617.45,0.0355880723605035,28.099302200751477,High,1,6,3,1,1,0,0,1,0,0,1,0,1115.525,-1022.375,0.0,0.147624596458385,High Value,6799.950000000001,1,Churned
24757-UTT,Female,32,No,Uttar Pradesh,9,1,Deal 5,Yes,No,Yes,Cable,No,No,No,No,No,No,Yes,No,Month-to-Month,No,Bank Withdrawal,46.05,80.35,0.0,10,59.38,149.73,Churned,Attitude,Attitude of service provider,1,Middle Age,0-6 Months,New,149.73,69.38,149.73,0.3075535964736526,3.2514657980456025,High,1,2,1,0,1,0,0,1,0,0,0,0,80.35,-34.3,0.0,0.463367394643692,Low Value,1473.6,1,Churned
84807-KAR,Female,83,No,Karnataka,14,5,NO DEAL,Yes,Yes,Yes,Fiber Optic,No,No,Yes,No,Yes,Yes,No,Yes,Month-to-Month,Yes,Bank Withdrawal,99.8,4259.3,8.88,0,924.96,5175.38,Churned,Dissatisfaction,Product dissatisfaction,1,Elder,0-6 Months,New,1035.076,924.96,5166.5,0.0192836081601737,51.85751503006012,High,1,6,2,1,1,1,0,1,0,0,1,0,851.86,-752.0600000000001,0.0020848496231775,0.1787231082548528,Very High Value,8283.4,1,Churned
98172-ASS,Female,53,No,Assam,15,3,NO DEAL,Yes,Yes,Yes,Fiber Optic,No,No,Yes,No,No,Yes,Yes,Yes,Month-to-Month,Yes,Bank Withdrawal,87.25,1258.6,0.0,0,408.52,1667.12,Churned,Competitor,Competitor made better offer,1,Senior,0-6 Months,New,555.7066666666666,408.52,1667.12,0.0523357646720092,19.107392550143267,High,1,6,2,1,1,1,0,1,0,0,1,0,419.5333333333333,-332.2833333333333,0.0,0.245045347665435,Medium Value,4624.25,1,Churned
62968-UTT,Female,18,No,Uttar Pradesh,4,3,NO DEAL,Yes,No,Yes,Cable,No,No,No,Yes,No,Yes,Yes,Yes,Month-to-Month,Yes,Credit Card,59.55,59.55,0.0,0,41.39,100.94,Joined,Others,Others,0,Teen,0-6 Months,New,33.64666666666667,41.39,100.94,0.589954428373291,1.6950461796809404,Medium,1,5,2,1,1,0,0,1,0,0,1,0,19.85,39.7,0.0,0.4100455716267089,Low Value,1071.9,1,Churned
91132-WES,Female,65,No,West Bengal,15,19,Deal 5,Yes,No,Yes,Fiber Optic,No,No,No,No,No,No,No,Yes,Month-to-Month,No,Bank Withdrawal,68.65,68.65,0.0,0,12.4,81.05,Churned,Price,Price too high,1,Elder,13-24 Months,Growing,4.265789473684211,12.4,81.05,0.8470080197409008,1.1806263656227238,High,1,2,0,0,1,0,0,1,0,0,0,0,3.6131578947368426,65.03684210526316,0.0,0.1529919802590993,Low Value,4462.25,1,Churned
36440-JHA,Female,78,Yes,Jharkhand,3,26,NO DEAL,Yes,No,Yes,Fiber Optic,No,No,No,No,Yes,Yes,Yes,Yes,Month-to-Month,Yes,Mailed Check,89.55,3856.75,0.0,0,1682.16,5538.91,Churned,Dissatisfaction,Network reliability,1,Elder,25-48 Months,Established,213.035,1682.16,5538.91,0.0161674408863837,61.85270798436628,Medium,1,5,3,0,1,0,0,1,0,0,1,0,148.33653846153845,-58.786538461538456,0.0,0.3036987421712936,Very High Value,6984.9,1,Churned
34961-AND,Female,55,No,Andhra Pradesh,5,4,NO DEAL,Yes,Yes,Yes,DSL,No,No,Yes,No,No,No,No,Yes,One Year,Yes,Mailed Check,55.85,937.5,0.0,0,413.27,1350.77,Churned,Price,Price too high,1,Senior,0-6 Months,New,337.6925,413.27,1350.77,0.0413467873879342,24.185675917636527,Medium,1,4,0,1,1,1,1,1,0,0,1,0,234.375,-178.525,0.0,0.3059514203010134,Medium Value,3071.75,1,Churned
86433-TAM,Male,62,Yes,Tamil Nadu,8,1,Deal 4,Yes,Yes,Yes,Fiber Optic,No,No,No,No,No,Yes,Yes,Yes,Month-to-Month,Yes,Credit Card,85.8,1727.5,0.0,0,585.8,2313.3,Churned,Price,Price too high,1,Elder,0-6 Months,New,2313.3,585.8,2313.3,0.0370898716119828,26.961538461538463,High,1,5,2,0,1,1,0,1,0,0,1,0,1727.5,-1641.7,0.0,0.253231314572256,High Value,5319.599999999999,1,Churned
68826-MAH,Male,48,No,Maharashtra,14,1,NO DEAL,No,No,Yes,Cable,No,No,No,No,No,No,No,No,Month-to-Month,Yes,Bank Withdrawal,24.7,24.7,0.0,0,0.0,24.7,Joined,Others,Others,0,Senior,0-6 Months,New,24.7,0.0,24.7,1.0,1.0,High,1,0,0,0,0,0,0,1,0,0,1,0,24.7,0.0,0.0,0.0,Low Value,1185.6,1,Churned
88459-UTT,Female,70,Yes,Uttar Pradesh,5,14,NO DEAL,Yes,Yes,Yes,Cable,No,No,Yes,No,Yes,No,No,Yes,Month-to-Month,Yes,Bank Withdrawal,89.2,346.2,0.0,0,193.4,539.6,Churned,Competitor,Competitor had better devices,1,Elder,13-24 Months,Growing,38.54285714285714,193.4,539.6,0.1653076352853965,6.04932735426009,Medium,1,5,1,1,1,1,0,1,0,0,1,0,24.728571428571428,64.47142857142858,0.0,0.3584136397331356,Low Value,6244.0,1,Churned
36017-TAM,Female,52,Yes,Tamil Nadu,15,23,NO DEAL,Yes,No,No,No Type,No,No,No,No,No,No,No,No,Month-to-Month,No,Credit Card,19.55,19.55,0.0,0,40.63,60.18,Joined,Others,Others,0,Senior,13-24 Months,Growing,2.6165217391304347,40.63,60.18,0.3248587570621469,3.0782608695652174,High,1,1,0,0,1,0,0,0,0,0,0,0,0.85,18.7,0.0,0.6751412429378532,Low Value,1016.6,1,Churned
35520-ASS,Female,25,No,Assam,7,3,NO DEAL,Yes,No,Yes,Fiber Optic,No,No,No,No,No,Yes,Yes,Yes,Month-to-Month,No,Bank Withdrawal,80.5,80.5,0.0,0,35.77,116.27,Churned,Dissatisfaction,Product dissatisfaction,1,Young Adult,0-6 Months,New,38.75666666666667,35.77,116.27,0.6923540036122818,1.4443478260869564,High,1,4,2,0,1,0,0,1,0,0,0,0,26.83333333333333,53.66666666666667,0.0,0.3076459963877183,Low Value,2012.5,1,Churned
13664-TAM,Female,44,Yes,Tamil Nadu,5,31,Deal 5,Yes,No,Yes,Fiber Optic,No,No,No,No,No,Yes,Yes,Yes,Month-to-Month,Yes,Bank Withdrawal,79.25,79.25,0.0,0,19.98,99.23,Churned,Dissatisfaction,Service dissatisfaction,1,Middle Age,25-48 Months,Established,3.200967741935484,19.98,99.23,0.7986496019348986,1.2521135646687698,Medium,1,4,2,0,1,0,0,1,0,0,1,0,2.556451612903226,76.69354838709677,0.0,0.2013503980651012,Low Value,3487.0,1,Churned
92306-JAM,Female,56,Yes,Jammu & Kashmir,1,4,NO DEAL,Yes,Yes,Yes,Fiber Optic,No,No,Yes,No,No,No,No,Yes,Month-to-Month,No,Credit Card,80.6,155.8,0.0,0,10.64,166.44,Churned,Competitor,Competitor made better offer,1,Senior,0-6 Months,New,41.61,10.64,166.44,0.4842585916846911,2.065012406947891,Low,1,4,0,1,1,1,0,1,0,0,0,0,38.95,41.64999999999999,0.0,0.0639269406392694,Low Value,4513.599999999999,1,Churned
25438-MAH,Female,43,No,Maharashtra,8,1,Deal 2,Yes,Yes,Yes,Fiber Optic,No,Yes,No,No,Yes,No,No,Yes,Month-to-Month,Yes,Credit Card,89.3,4016.85,44.63,0,635.4,4607.62,Churned,Dissatisfaction,Poor expertise of online support,1,Middle Age,0-6 Months,New,4607.62,635.4,4562.99,0.0193809385322574,51.59708846584547,High,1,5,1,1,1,1,0,1,0,0,1,0,4016.85,-3927.55,0.0111106961922899,0.1379019971264991,High Value,3839.9,1,Churned
82637-DEL,Female,59,No,Delhi,9,18,Deal 2,Yes,Yes,Yes,Fiber Optic,No,No,Yes,Yes,No,No,No,Yes,Month-to-Month,Yes,Bank Withdrawal,84.85,3303.05,0.0,0,81.2,3384.25,Churned,Competitor,Competitor made better offer,1,Senior,13-24 Months,Growing,188.01388888888889,81.2,3384.25,0.0250720248208613,39.885091337654686,High,1,5,0,2,1,1,0,1,0,0,1,0,183.5027777777778,-98.6527777777778,0.0,0.0239934992982196,High Value,5006.15,1,Churned
44010-BIH,Male,59,No,Bihar,0,29,Deal 5,Yes,No,No,No Type,No,No,No,No,No,No,No,No,Month-to-Month,Yes,Credit Card,20.25,20.25,0.0,0,10.71,30.96,Churned,Attitude,Attitude of support person,1,Senior,25-48 Months,Established,1.0675862068965518,10.71,30.96,0.6540697674418604,1.528888888888889,No Referral,0,1,0,0,1,0,0,0,0,0,1,0,0.6982758620689655,19.55172413793104,0.0,0.3459302325581395,Low Value,1194.75,1,Churned
21919-UTT,Male,64,No,Uttar Pradesh,15,2,Deal 3,Yes,No,Yes,Fiber Optic,No,No,No,No,No,No,No,No,Month-to-Month,Yes,Bank Withdrawal,70.3,2416.55,0.0,80,365.05,2861.6,Churned,Other,Moved,1,Elder,0-6 Months,New,1430.8,445.05,2861.6,0.0245666759854626,40.70554765291608,High,1,1,0,0,1,0,0,1,0,0,1,0,1208.275,-1137.975,0.0,0.1555248811853508,High Value,4499.2,1,Churned
87463-TAM,Female,49,No,Tamil Nadu,10,21,NO DEAL,Yes,Yes,Yes,Fiber Optic,No,Yes,Yes,No,Yes,Yes,Yes,No,One Year,Yes,Bank Withdrawal,107.5,6873.75,0.0,60,121.59,7055.34,Churned,Attitude,Attitude of support person,1,Senior,13-24 Months,Growing,335.9685714285714,181.59,7055.34,0.0152366859711934,65.63106976744186,High,1,7,3,2,1,1,1,1,0,0,1,0,327.32142857142856,-219.82142857142856,0.0,0.0257379516791536,Very High Value,5267.5,1,Churned
58609-ASS,Female,35,Yes,Assam,8,32,NO DEAL,Yes,Yes,Yes,Fiber Optic,Yes,Yes,Yes,Yes,Yes,Yes,Yes,Yes,One Year,Yes,Bank Withdrawal,117.8,8684.8,0.0,0,2510.64,11195.44,Churned,Competitor,Competitor offered higher download speeds,1,Middle Age,25-48 Months,Established,349.8575,2510.64,11195.44,0.0105221411574712,95.0376910016978,High,1,10,3,4,1,1,1,1,1,0,1,0,271.4,-153.59999999999997,0.0,0.2242555897758373,Very High Value,4123.0,1,Churned
32563-KAR,Female,34,Yes,Karnataka,3,22,NO DEAL,Yes,No,Yes,Fiber Optic,No,No,No,No,No,No,No,No,Month-to-Month,Yes,Bank Withdrawal,69.8,146.65,0.0,10,22.38,179.03,Joined,Others,Others,0,Middle Age,13-24 Months,Growing,8.137727272727274,32.379999999999995,179.03,0.3898787912640339,2.564899713467049,Medium,1,1,0,0,1,0,0,1,0,0,1,0,6.665909090909091,63.13409090909091,0.0,0.1808635424230575,Low Value,2373.2,1,Churned
57673-ODI,Female,29,Yes,Odisha,1,10,NO DEAL,No,No,Yes,Cable,Yes,No,Yes,No,Yes,Yes,Yes,No,One Year,Yes,Bank Withdrawal,55.95,1157.05,0.0,10,0.0,1167.05,Churned,Attitude,Attitude of service provider,1,Young Adult,7-12 Months,Growing,116.705,10.0,1167.05,0.0479413906859174,20.85880250223413,Low,1,5,3,2,0,0,1,1,1,0,1,0,115.705,-59.755,0.0,0.0085686131699584,Medium Value,1622.5500000000002,1,Churned
36284-ODI,Male,43,Yes,Odisha,4,13,NO DEAL,Yes,No,Yes,DSL,No,No,No,No,No,No,No,Yes,Month-to-Month,No,Bank Withdrawal,44.55,44.55,0.0,0,41.1,85.65,Joined,Others,Others,0,Middle Age,13-24 Months,Growing,6.588461538461539,41.1,85.65,0.520140105078809,1.9225589225589228,Medium,1,2,0,0,1,0,0,1,0,0,0,0,3.4269230769230767,41.12307692307692,0.0,0.4798598949211908,Low Value,1915.65,1,Churned
46378-MAH,Female,59,Yes,Maharashtra,15,10,NO DEAL,Yes,No,Yes,Fiber Optic,No,No,No,No,No,No,No,Yes,Month-to-Month,Yes,Credit Card,70.4,154.8,0.0,0,14.98,169.78,Joined,Others,Others,0,Senior,7-12 Months,Growing,16.978,14.98,169.78,0.4146542584521145,2.4116477272727272,High,1,2,0,0,1,0,0,1,0,0,1,0,15.48,54.92,0.0,0.0882318294263164,Low Value,4153.6,1,Churned
39834-AND,Male,46,Yes,Andhra Pradesh,12,27,NO DEAL,No,No,Yes,DSL,Yes,No,Yes,No,Yes,Yes,Yes,Yes,Month-to-Month,No,Bank Withdrawal,55.9,2184.35,0.0,0,0.0,2184.35,Churned,Dissatisfaction,Lack of self-service on Website,1,Senior,25-48 Months,Established,80.90185185185184,0.0,2184.35,0.0255911369514958,39.07602862254025,High,1,6,3,2,0,0,0,1,1,0,0,0,80.90185185185184,-25.00185185185185,0.0,0.0,High Value,2571.4,1,Churned
75124-MAH,Female,38,Yes,Maharashtra,6,12,NO DEAL,Yes,No,Yes,Fiber Optic,No,Yes,No,No,No,No,No,Yes,Month-to-Month,Yes,Bank Withdrawal,76.65,333.6,0.0,0,96.36,429.96,Churned,Other,Moved,1,Middle Age,7-12 Months,Growing,35.83,96.36,429.96,0.1782723974323193,5.609393346379648,High,1,3,0,1,1,0,0,1,0,0,1,0,27.8,48.85000000000001,0.0,0.2241138710577728,Low Value,2912.7000000000003,1,Churned
44202-TEL,Female,50,Yes,Telangana,9,14,NO DEAL,Yes,No,Yes,Fiber Optic,No,No,No,No,No,No,No,Yes,Month-to-Month,Yes,Credit Card,69.95,69.95,0.0,0,11.45,81.4,Joined,Others,Others,0,Senior,13-24 Months,Growing,5.814285714285715,11.45,81.4,0.8593366093366093,1.1636883488205862,High,1,2,0,0,1,0,0,1,0,0,1,0,4.996428571428572,64.95357142857144,0.0,0.1406633906633906,Low Value,3497.5,1,Churned
17357-UTT,Female,18,No,Uttar Pradesh,15,5,Deal 5,Yes,No,Yes,Fiber Optic,No,No,Yes,No,Yes,Yes,Yes,Yes,Month-to-Month,Yes,Bank Withdrawal,94.2,777.3,0.0,0,310.64,1087.94,Churned,Competitor,Competitor had better devices,1,Teen,0-6 Months,New,217.588,310.64,1087.94,0.0865856572972774,11.549256900212317,High,1,6,3,1,1,0,0,1,0,0,1,0,155.45999999999998,-61.25999999999998,0.0,0.2855304520469878,Medium Value,1695.6,1,Churned
78753-JAM,Female,20,Yes,Jammu & Kashmir,1,8,NO DEAL,Yes,Yes,Yes,Fiber Optic,No,Yes,No,No,Yes,Yes,Yes,No,One Year,Yes,Bank Withdrawal,98.25,5508.35,0.0,150,1072.96,6731.31,Churned,Competitor,Competitor made better offer,1,Young Adult,7-12 Months,Growing,841.41375,1222.96,6731.31,0.0145959701751962,68.5120610687023,Low,1,6,3,1,1,1,1,1,0,0,1,0,688.54375,-590.29375,0.0,0.1816823174092413,Very High Value,1965.0,1,Churned
38364-TEL,Male,26,Yes,Telangana,15,25,Deal 3,Yes,Yes,Yes,Cable,Yes,No,Yes,Yes,No,No,No,No,Month-to-Month,No,Credit Card,65.25,1994.3,0.0,120,965.34,3079.64,Churned,Competitor,Competitor offered higher download speeds,1,Young Adult,25-48 Months,Established,123.1856,1085.34,3079.64,0.0211875414009429,47.1975478927203,High,1,5,0,3,1,1,0,1,1,0,0,0,79.77199999999999,-14.521999999999991,0.0,0.3524243093348573,High Value,1696.5,1,Churned
76322-GUJ,Female,75,Yes,Gujarat,12,15,NO DEAL,Yes,No,Yes,DSL,No,Yes,No,No,Yes,No,No,Yes,Month-to-Month,Yes,Bank Withdrawal,59.9,788.35,0.0,0,648.7,1437.05,Stayed,Others,Others,0,Elder,13-24 Months,Growing,95.80333333333331,648.7,1437.05,0.0416826136877631,23.99081803005008,High,1,4,1,1,1,0,0,1,0,0,1,0,52.556666666666665,7.343333333333334,0.0,0.4514108764482795,Medium Value,4492.5,1,Churned
29866-ASS,Female,55,No,Assam,10,25,NO DEAL,No,No,Yes,DSL,No,No,No,No,No,No,No,Yes,Month-to-Month,Yes,Credit Card,24.4,36.55,0.0,0,0.0,36.55,Churned,Dissatisfaction,Lack of self-service on Website,1,Senior,25-48 Months,Established,1.462,0.0,36.55,0.667578659370725,1.4979508196721312,High,1,1,0,0,0,0,0,1,0,0,1,0,1.462,22.938,0.0,0.0,Low Value,1342.0,1,Churned
46363-GUJ,Male,51,No,Gujarat,14,6,NO DEAL,Yes,No,Yes,Cable,Yes,No,No,No,No,No,No,Yes,Month-to-Month,No,Credit Card,50.6,50.6,0.0,0,11.86,62.46,Churned,Dissatisfaction,Service dissatisfaction,1,Senior,0-6 Months,New,10.41,11.86,62.46,0.8101184758245277,1.234387351778656,High,1,3,0,1,1,0,0,1,1,0,0,0,8.433333333333334,42.16666666666667,0.0,0.1898815241754723,Low Value,2580.6,1,Churned
79020-KAR,Female,29,No,Karnataka,15,29,NO DEAL,Yes,Yes,Yes,Fiber Optic,No,No,No,Yes,No,No,Yes,Yes,Month-to-Month,No,Credit Card,80.8,332.45,0.0,0,169.32,501.77,Churned,Competitor,Competitor offered higher download speeds,1,Young Adult,25-48 Months,Established,17.302413793103447,169.32,501.77,0.1610299539629711,6.210024752475247,High,1,5,1,1,1,1,0,1,0,0,0,0,11.463793103448277,69.33620689655172,0.0,0.3374454431313151,Low Value,2343.2,1,Churned
26757-KAR,Female,35,No,Karnataka,3,9,NO DEAL,Yes,Yes,Yes,Fiber Optic,No,Yes,Yes,No,No,No,No,Yes,Month-to-Month,Yes,Bank Withdrawal,85.3,424.15,0.0,0,182.6,606.75,Churned,Competitor,Competitor had better devices,1,Middle Age,7-12 Months,Growing,67.41666666666667,182.6,606.75,0.1405850844664194,7.113130128956624,Medium,1,5,0,2,1,1,0,1,0,0,1,0,47.12777777777777,38.172222222222224,0.0,0.3009476720230737,Medium Value,2985.5,1,Churned
71224-GUJ,Male,37,No,Gujarat,6,26,NO DEAL,Yes,No,Yes,Fiber Optic,No,No,No,No,Yes,No,No,Yes,Month-to-Month,No,Bank Withdrawal,80.85,1400.85,0.0,0,282.37,1683.22,Churned,Competitor,Competitor had better devices,1,Middle Age,25-48 Months,Established,64.73923076923077,282.37,1683.22,0.0480329368709972,20.81904761904762,High,1,3,1,0,1,0,0,1,0,0,0,0,53.87884615384615,26.971153846153847,0.0,0.1677558489086394,Medium Value,2991.45,1,Churned
69210-BIH,Female,46,Yes,Bihar,8,1,NO DEAL,Yes,No,No,No Type,No,No,No,No,No,No,No,No,Month-to-Month,Yes,Bank Withdrawal,20.2,20.2,0.0,0,43.52,63.72,Churned,Price,Price too high,1,Senior,0-6 Months,New,63.72,43.52,63.72,0.3170119271814187,3.1544554455445546,High,1,1,0,0,1,0,0,0,0,0,1,0,20.2,0.0,0.0,0.6829880728185813,Low Value,929.2,1,Churned
84588-UTT,Female,68,No,Uttar Pradesh,1,9,NO DEAL,Yes,Yes,Yes,Fiber Optic,Yes,No,No,No,No,No,No,Yes,Month-to-Month,Yes,Bank Withdrawal,78.85,1772.25,0.0,0,49.2,1821.45,Churned,Attitude,Attitude of service provider,1,Elder,7-12 Months,Growing,202.38333333333333,49.2,1821.45,0.0432896867879985,23.100190234622705,Low,1,4,0,1,1,1,0,1,1,0,1,0,196.91666666666663,-118.06666666666666,0.0,0.0270114469241538,Medium Value,5361.799999999999,1,Churned
96108-MAD,Female,57,Yes,Madhya Pradesh,1,28,NO DEAL,Yes,No,Yes,Fiber Optic,No,No,No,No,Yes,No,No,Yes,Month-to-Month,Yes,Bank Withdrawal,80.35,307.4,0.0,0,129.72,437.12,Churned,Dissatisfaction,Product dissatisfaction,1,Senior,25-48 Months,Established,15.611428571428572,129.72,437.12,0.1838168008784773,5.44019912881145,Low,1,3,1,0,1,0,0,1,0,0,1,0,10.978571428571428,69.37142857142857,0.0,0.2967606149341142,Low Value,4579.95,1,Churned
78100-KAR,Female,57,No,Karnataka,12,31,Deal 5,Yes,No,Yes,DSL,No,No,No,No,No,No,No,Yes,Month-to-Month,Yes,Bank Withdrawal,45.15,98.5,0.0,0,12.94,111.44,Churned,Competitor,Competitor offered higher download speeds,1,Senior,25-48 Months,Established,3.5948387096774197,12.94,111.44,0.4051507537688442,2.4682170542635657,High,1,2,0,0,1,0,0,1,0,0,1,0,3.177419354838709,41.97258064516129,0.0,0.1161162957645369,Low Value,2573.55,1,Churned
17154-HAR,Male,32,No,Haryana,13,4,NO DEAL,Yes,No,No,No Type,No,No,No,No,No,No,No,No,One Year,No,Mailed Check,18.8,18.8,0.0,0,43.57,62.37,Joined,Others,Others,0,Middle Age,0-6 Months,New,15.5925,43.57,62.37,0.3014269680936348,3.317553191489361,High,1,1,0,0,1,0,1,0,0,0,0,0,4.7,14.1,0.0,0.6985730319063653,Low Value,601.6,1,Churned
11751-UTT,Male,39,No,Uttar Pradesh,4,23,NO DEAL,Yes,Yes,Yes,Fiber Optic,No,No,Yes,No,Yes,Yes,Yes,Yes,Month-to-Month,Yes,Bank Withdrawal,100.6,1060.2,0.0,0,452.1,1512.3,Churned,Competitor,Competitor offered more data,1,Middle Age,13-24 Months,Growing,65.75217391304348,452.1,1512.3,0.0665211928850095,15.032803180914511,Medium,1,7,3,1,1,1,0,1,0,0,1,0,46.095652173913045,54.50434782608695,0.0,0.2989486213052966,Medium Value,3923.4,1,Churned
19837-TAM,Female,57,Yes,Tamil Nadu,4,6,NO DEAL,No,No,Yes,Cable,No,Yes,No,No,Yes,Yes,Yes,Yes,Month-to-Month,No,Bank Withdrawal,51.4,96.8,0.0,0,0.0,96.8,Joined,Others,Others,0,Senior,0-6 Months,New,16.133333333333333,0.0,96.8,0.53099173553719,1.8832684824902723,Medium,1,5,3,1,0,0,0,1,0,0,0,0,16.133333333333333,35.266666666666666,0.0,0.0,Low Value,2929.8,1,Churned
33747-UTT,Male,59,No,Uttar Pradesh,8,29,Deal 4,Yes,Yes,Yes,Cable,Yes,No,Yes,No,Yes,No,No,Yes,Month-to-Month,No,Bank Withdrawal,94.4,1607.2,0.0,0,438.43,2045.63,Churned,Other,Moved,1,Senior,25-48 Months,Established,70.53896551724138,438.43,2045.63,0.0461471527109008,21.6698093220339,High,1,6,1,2,1,1,0,1,1,0,0,0,55.42068965517242,38.97931034482759,0.0,0.2143251712186465,Medium Value,5569.6,1,Churned
99585-JAM,Male,70,Yes,Jammu & Kashmir,6,14,NO DEAL,Yes,Yes,Yes,Fiber Optic,No,No,No,No,No,No,No,Yes,Month-to-Month,Yes,Credit Card,74.45,74.45,0.0,0,39.61,114.06,Churned,Competitor,Competitor made better offer,1,Elder,13-24 Months,Growing,8.147142857142857,39.61,114.06,0.652726635104331,1.5320349227669576,High,1,3,0,0,1,1,0,1,0,0,1,0,5.317857142857143,69.13214285714287,0.0,0.3472733648956689,Low Value,5211.5,1,Churned
57010-WES,Female,67,Yes,West Bengal,0,25,Deal 4,Yes,Yes,Yes,Fiber Optic,No,No,No,No,Yes,Yes,Yes,Yes,Month-to-Month,Yes,Bank Withdrawal,94.0,1078.9,0.0,0,282.37,1361.27,Churned,Competitor,Competitor made better offer,1,Elder,25-48 Months,Established,54.4508,282.37,1361.27,0.0690531635898829,14.48159574468085,No Referral,0,6,3,0,1,1,0,1,0,0,1,0,43.156000000000006,50.844,0.0,0.2074312957752687,Medium Value,6298.0,1,Churned
62238-KER,Female,26,No,Kerala,2,8,NO DEAL,Yes,No,Yes,Fiber Optic,No,Yes,No,No,No,No,Yes,Yes,Month-to-Month,Yes,Bank Withdrawal,73.55,145.4,0.0,0,17.0,162.4,Churned,Competitor,Competitor had better devices,1,Young Adult,7-12 Months,Growing,20.3,17.0,162.4,0.4528940886699507,2.208021753908905,Low,1,4,1,1,1,0,0,1,0,0,1,0,18.175,55.375,0.0,0.104679802955665,Low Value,1912.3,1,Churned
13666-UTT,Male,57,Yes,Uttarakhand,15,16,NO DEAL,Yes,No,Yes,Fiber Optic,No,Yes,No,No,Yes,Yes,Yes,Yes,Month-to-Month,No,Bank Withdrawal,95.4,293.15,0.0,0,51.03,344.18,Joined,Others,Others,0,Senior,13-24 Months,Growing,21.51125,51.03,344.18,0.2771805450636295,3.607756813417191,High,1,6,3,1,1,0,0,1,0,0,0,0,18.321875,77.078125,0.0,0.1482654425010169,Low Value,5437.8,1,Churned
95794-RAJ,Male,54,Yes,Rajasthan,13,1,NO DEAL,Yes,No,Yes,Fiber Optic,No,No,Yes,No,No,No,No,Yes,Month-to-Month,Yes,Bank Withdrawal,74.8,321.9,0.0,0,29.04,350.94,Churned,Dissatisfaction,Network reliability,1,Senior,0-6 Months,New,350.94,29.04,350.94,0.2131418476092779,4.691711229946524,High,1,3,0,1,1,0,0,1,0,0,1,0,321.9,-247.1,0.0,0.0827491878953667,Low Value,4039.2,1,Churned
62375-JAM,Female,62,Yes,Jammu & Kashmir,3,25,Deal 5,Yes,No,Yes,Fiber Optic,No,No,No,No,Yes,Yes,Yes,Yes,Month-to-Month,Yes,Bank Withdrawal,89.5,573.3,0.0,0,287.52,860.82,Churned,Competitor,Competitor had better devices,1,Elder,25-48 Months,Established,34.4328,287.52,860.82,0.103970632652587,9.61810055865922,Medium,1,5,3,0,1,0,0,1,0,0,1,0,22.932,66.568,0.0,0.3340071095002439,Medium Value,5549.0,1,Churned
64847-TAM,Female,76,No,Tamil Nadu,11,17,NO DEAL,Yes,No,Yes,Fiber Optic,No,Yes,No,Yes,Yes,Yes,Yes,Yes,One Year,Yes,Credit Card,99.2,4062.2,0.0,0,790.4,4852.6,Churned,Other,Moved,1,Elder,13-24 Months,Growing,285.44705882352946,790.4,4852.6,0.0204426493014054,48.91733870967742,High,1,7,3,2,1,0,1,1,0,0,1,0,238.95294117647057,-139.7529411764706,0.0,0.1628817541111981,Very High Value,7539.2,1,Churned
54972-HAR,Female,73,Yes,Haryana,15,14,Deal 3,Yes,Yes,Yes,Fiber Optic,No,No,Yes,Yes,Yes,Yes,No,Yes,Month-to-Month,Yes,Bank Withdrawal,104.9,3351.55,33.73,0,1392.32,4710.14,Churned,Attitude,Attitude of support person,1,Elder,13-24 Months,Growing,336.43857142857144,1392.32,4676.410000000001,0.022271100222074,44.90123927550048,High,1,7,2,2,1,1,0,1,0,0,1,0,239.39642857142857,-134.49642857142857,0.0100640002386955,0.2956005553975041,High Value,7657.700000000001,1,Churned
77078-ASS,Male,74,No,Assam,15,10,Deal 2,Yes,Yes,Yes,Fiber Optic,Yes,No,No,No,Yes,Yes,Yes,Yes,Month-to-Month,Yes,Bank Withdrawal,98.8,5617.75,0.0,0,491.15,6108.9,Churned,Price,Price too high,1,Elder,7-12 Months,Growing,610.89,491.15,6108.9,0.0161731244577583,61.83097165991903,High,1,7,3,1,1,1,0,1,1,0,1,0,561.775,-462.975,0.0,0.0803990898525102,Very High Value,7311.2,1,Churned
18986-ODI,Female,38,No,Odisha,11,4,NO DEAL,Yes,Yes,Yes,Fiber Optic,No,No,No,No,Yes,Yes,Yes,Yes,Month-to-Month,Yes,Bank Withdrawal,94.2,193.8,0.0,0,85.78,279.58,Churned,Dissatisfaction,Lack of self-service on Website,1,Middle Age,0-6 Months,New,69.895,85.78,279.58,0.3369339723871521,2.967940552016985,High,1,6,3,0,1,1,0,1,0,0,1,0,48.45,45.75,0.0,0.3068173689105086,Low Value,3579.6,1,Churned
26412-ASS,Female,30,No,Assam,7,18,NO DEAL,Yes,No,No,No Type,No,No,No,No,No,No,No,No,Month-to-Month,Yes,Bank Withdrawal,20.7,39.85,0.0,0,27.78,67.63,Joined,Others,Others,0,Young Adult,13-24 Months,Growing,3.757222222222222,27.78,67.63,0.3060771846813544,3.267149758454106,High,1,1,0,0,1,0,0,0,0,0,1,0,2.213888888888889,18.48611111111111,0.0,0.4107644536448322,Low Value,621.0,1,Churned
64501-KAR,Male,63,No,Karnataka,8,31,Deal 2,Yes,Yes,Yes,Fiber Optic,No,No,Yes,No,Yes,Yes,Yes,Yes,One Year,Yes,Bank Withdrawal,96.75,6125.4,0.0,0,1403.68,7529.08,Churned,Attitude,Attitude of service provider,1,Elder,25-48 Months,Established,242.8735483870968,1403.68,7529.08,0.0128501755858617,77.81994832041343,High,1,7,3,1,1,1,1,1,0,0,1,0,197.5935483870968,-100.84354838709676,0.0,0.1864344647686038,Very High Value,6095.25,1,Churned
23811-ASS,Male,46,No,Assam,2,3,Deal 4,Yes,No,Yes,Fiber Optic,Yes,No,Yes,No,No,No,No,Yes,Month-to-Month,No,Bank Withdrawal,81.7,858.6,0.0,0,220.56,1079.16,Churned,Dissatisfaction,Poor expertise of phone support,1,Senior,0-6 Months,New,359.72,220.56,1079.16,0.0757070313947885,13.208812729498163,Low,1,4,0,2,1,0,0,1,1,0,0,0,286.2,-204.5,0.0,0.204381185366396,Medium Value,3758.2,1,Churned
14698-PUN,Male,25,No,Punjab,4,13,Deal 5,Yes,No,Yes,Fiber Optic,No,No,No,No,Yes,Yes,Yes,Yes,Month-to-Month,Yes,Bank Withdrawal,89.9,89.9,0.0,0,32.85,122.75,Churned,Other,Don't know,1,Young Adult,13-24 Months,Growing,9.442307692307692,32.85,122.75,0.7323828920570266,1.3654060066740823,Medium,1,5,3,0,1,0,0,1,0,0,1,0,6.915384615384616,82.9846153846154,0.0,0.2676171079429735,Low Value,2247.5,1,Churned
48559-UTT,Male,61,No,Uttar Pradesh,9,14,Deal 5,Yes,No,Yes,DSL,No,No,No,No,No,No,No,No,Month-to-Month,No,Mailed Check,44.95,431.0,0.0,10,25.92,466.92,Churned,Competitor,Competitor had better devices,1,Elder,13-24 Months,Growing,33.35142857142857,35.92,466.92,0.0962691681658528,10.38754171301446,High,1,1,0,0,1,0,0,1,0,0,0,0,30.785714285714285,14.164285714285718,0.0,0.0769296667523344,Low Value,2741.9500000000003,1,Churned
86891-GUJ,Male,25,No,Gujarat,7,5,NO DEAL,Yes,No,No,No Type,No,No,No,No,No,No,No,No,Month-to-Month,No,Credit Card,20.05,20.05,0.0,0,18.15,38.2,Joined,Others,Others,0,Young Adult,0-6 Months,New,7.640000000000001,18.15,38.2,0.5248691099476439,1.9052369077306732,High,1,1,0,0,1,0,0,0,0,0,0,0,4.01,16.04,0.0,0.4751308900523559,Low Value,501.25,1,Churned
58748-KER,Female,34,No,Kerala,15,22,NO DEAL,No,No,Yes,DSL,No,Yes,Yes,No,No,No,No,Yes,One Year,No,Mailed Check,34.7,1604.5,0.0,0,0.0,1604.5,Churned,Dissatisfaction,Product dissatisfaction,1,Middle Age,13-24 Months,Growing,72.93181818181819,0.0,1604.5,0.0216266749766282,46.23919308357348,High,1,3,0,2,0,0,1,1,0,0,0,0,72.93181818181819,-38.23181818181818,0.0,0.0,Medium Value,1179.8000000000002,1,Churned
34101-TAM,Female,41,No,Tamil Nadu,5,35,NO DEAL,Yes,No,No,No Type,No,No,No,No,No,No,No,No,Month-to-Month,No,Bank Withdrawal,20.2,50.6,0.0,0,55.29,105.89,Joined,Others,Others,0,Middle Age,25-48 Months,Established,3.025428571428572,55.29,105.89,0.1907640003777505,5.242079207920792,Medium,1,1,0,0,1,0,0,0,0,0,0,0,1.4457142857142855,18.754285714285714,0.0,0.52214562281613,Low Value,828.1999999999999,1,Churned
63464-AND,Male,48,No,Andhra Pradesh,7,5,NO DEAL,Yes,No,Yes,DSL,No,No,No,Yes,No,Yes,Yes,Yes,Month-to-Month,No,Credit Card,60.65,196.9,0.0,0,67.47,264.37,Joined,Others,Others,0,Senior,0-6 Months,New,52.874,67.47,264.37,0.2294133222377728,4.358944765045342,High,1,5,2,1,1,0,0,1,0,0,0,0,39.38,21.27,0.0,0.2552105004349964,Low Value,2911.2,1,Churned
46577-MAH,Female,36,Yes,Maharashtra,13,8,NO DEAL,Yes,Yes,Yes,Fiber Optic,No,Yes,Yes,No,No,Yes,Yes,Yes,Month-to-Month,Yes,Bank Withdrawal,94.85,953.45,0.0,0,432.6,1386.05,Churned,Competitor,Competitor offered more data,1,Middle Age,7-12 Months,Growing,173.25625,432.6,1386.05,0.068431874751993,14.61307327358988,High,1,7,2,2,1,1,0,1,0,0,1,0,119.18125,-24.33125000000001,0.0,0.3121099527434075,Medium Value,3414.6,1,Churned
42571-JAM,Female,27,No,Jammu & Kashmir,8,32,Deal 5,Yes,Yes,Yes,Fiber Optic,No,No,No,No,No,Yes,Yes,Yes,Month-to-Month,No,Credit Card,85.8,85.8,0.0,0,34.47,120.27,Churned,Competitor,Competitor made better offer,1,Young Adult,25-48 Months,Established,3.7584375,34.47,120.27,0.7133948615614867,1.4017482517482518,High,1,5,2,0,1,1,0,1,0,0,0,0,2.68125,83.11874999999999,0.0,0.2866051384385133,Low Value,2316.6,1,Churned
45084-JAM,Female,18,No,Jammu & Kashmir,14,9,NO DEAL,Yes,Yes,Yes,Fiber Optic,No,No,No,No,Yes,Yes,Yes,No,Month-to-Month,Yes,Bank Withdrawal,95.2,292.85,0.0,20,69.78,382.63,Churned,Competitor,Competitor made better offer,1,Teen,7-12 Months,Growing,42.51444444444444,89.78,382.63,0.2488043279408305,4.01922268907563,High,1,5,3,0,1,1,0,1,0,0,1,0,32.53888888888889,62.66111111111111,0.0,0.2346392075895774,Low Value,1713.6,1,Churned
92134-BIH,Male,24,No,Bihar,5,11,NO DEAL,No,No,Yes,DSL,No,No,No,No,Yes,No,No,Yes,Month-to-Month,Yes,Credit Card,34.8,113.95,0.0,0,0.0,113.95,Joined,Others,Others,0,Young Adult,7-12 Months,Growing,10.35909090909091,0.0,113.95,0.3053971039929793,3.274425287356322,Medium,1,2,1,0,0,0,0,1,0,0,1,0,10.35909090909091,24.440909090909088,0.0,0.0,Low Value,835.1999999999999,1,Churned
11472-PUN,Female,33,No,Punjab,8,6,Deal 5,Yes,No,Yes,Cable,No,No,No,No,No,Yes,Yes,Yes,Month-to-Month,Yes,Bank Withdrawal,55.4,55.4,0.0,0,13.01,68.41,Churned,Competitor,Competitor had better devices,1,Middle Age,0-6 Months,New,11.401666666666666,13.01,68.41,0.8098231252740827,1.2348375451263538,High,1,4,2,0,1,0,0,1,0,0,1,0,9.233333333333333,46.16666666666666,0.0,0.1901768747259172,Low Value,1828.2,1,Churned
82895-UTT,Female,26,No,Uttar Pradesh,8,23,Deal 5,Yes,No,Yes,Fiber Optic,No,No,No,No,No,No,No,Yes,Month-to-Month,Yes,Credit Card,69.95,69.95,0.0,0,13.04,82.99,Churned,Competitor,Competitor made better offer,1,Young Adult,13-24 Months,Growing,3.608260869565217,13.04,82.99,0.84287263525726,1.1864188706218726,High,1,2,0,0,1,0,0,1,0,0,1,0,3.0413043478260877,66.90869565217392,0.0,0.15712736474274,Low Value,1818.7,1,Churned
64910-ODI,Female,76,Yes,Odisha,6,7,NO DEAL,Yes,Yes,Yes,Fiber Optic,No,No,Yes,No,Yes,No,No,No,Month-to-Month,Yes,Bank Withdrawal,88.8,88.8,0.0,10,49.6,148.4,Churned,Competitor,Competitor made better offer,1,Elder,7-12 Months,Growing,21.2,59.6,148.4,0.5983827493261455,1.6711711711711712,High,1,4,1,1,1,1,0,1,0,0,1,0,12.685714285714283,76.11428571428571,0.0,0.4016172506738544,Low Value,6748.8,1,Churned
48051-GUJ,Female,49,Yes,Gujarat,0,36,NO DEAL,No,No,Yes,DSL,No,No,No,No,No,No,No,Yes,One Year,No,Credit Card,25.85,25.85,0.0,0,0.0,25.85,Joined,Others,Others,0,Senior,25-48 Months,Established,0.7180555555555556,0.0,25.85,1.0,1.0,No Referral,0,1,0,0,0,0,1,1,0,0,0,0,0.7180555555555556,25.131944444444446,0.0,0.0,Low Value,1266.65,1,Churned
75616-MAH,Female,76,No,Maharashtra,4,25,NO DEAL,Yes,Yes,Yes,Fiber Optic,No,No,No,No,No,No,No,Yes,Month-to-Month,No,Credit Card,73.75,545.15,0.0,0,226.8,771.95,Churned,Attitude,Attitude of support person,1,Elder,25-48 Months,Established,30.878,226.8,771.95,0.0955372757302934,10.467118644067796,Medium,1,3,0,0,1,1,0,1,0,0,0,0,21.806,51.944,0.0,0.2938014120085497,Medium Value,5605.0,1,Churned
19811-MAH,Female,35,Yes,Maharashtra,10,7,Deal 5,Yes,No,Yes,Fiber Optic,Yes,Yes,No,No,Yes,No,No,Yes,Month-to-Month,No,Bank Withdrawal,89.85,248.4,0.0,0,99.9,348.3,Joined,Others,Others,0,Middle Age,7-12 Months,Growing,49.75714285714286,99.9,348.3,0.2579672695951766,3.876460767946578,High,1,5,1,2,1,0,0,1,1,0,0,0,35.48571428571429,54.36428571428571,0.0,0.2868217054263566,Low Value,3144.75,1,Churned
41061-JAM,Female,33,No,Jammu & Kashmir,13,9,NO DEAL,Yes,Yes,Yes,Fiber Optic,No,No,No,No,No,No,No,Yes,Month-to-Month,Yes,Bank Withdrawal,75.9,357.75,0.0,0,234.4,592.15,Churned,Competitor,Competitor made better offer,1,Middle Age,7-12 Months,Growing,65.79444444444444,234.4,592.15,0.1281769821835683,7.801712779973648,High,1,3,0,0,1,1,0,1,0,0,1,0,39.75,36.150000000000006,0.0,0.3958456472177658,Low Value,2504.7000000000003,1,Churned
82473-AND,Male,63,Yes,Andhra Pradesh,10,1,Deal 5,No,No,Yes,DSL,No,Yes,No,No,No,No,No,Yes,Month-to-Month,No,Credit Card,29.8,94.4,0.0,0,0.0,94.4,Joined,Others,Others,0,Elder,0-6 Months,New,94.4,0.0,94.4,0.3156779661016949,3.167785234899329,High,1,2,0,1,0,0,0,1,0,0,0,0,94.4,-64.60000000000001,0.0,0.0,Low Value,1877.4,1,Churned
57338-TAM,Female,54,No,Tamil Nadu,11,14,Deal 5,Yes,No,Yes,Cable,No,No,No,No,No,No,No,Yes,Month-to-Month,No,Credit Card,43.95,43.95,0.0,0,34.48,78.43,Churned,Attitude,Attitude of service provider,1,Senior,13-24 Months,Growing,5.602142857142858,34.48,78.43,0.560372306515364,1.78452787258248,High,1,2,0,0,1,0,0,1,0,0,0,0,3.1392857142857147,40.81071428571429,0.0,0.4396276934846359,Low Value,2373.3,1,Churned
72375-TEL,Female,46,Yes,Telangana,14,20,NO DEAL,Yes,Yes,Yes,Fiber Optic,Yes,No,Yes,Yes,Yes,Yes,Yes,Yes,Two Year,Yes,Credit Card,111.6,6876.05,0.0,0,477.02,7353.07,Churned,Competitor,Competitor offered more data,1,Senior,13-24 Months,Growing,367.6535,477.02,7353.07,0.0151773340931066,65.88772401433692,High,1,9,3,3,1,1,1,1,1,0,1,0,343.8025,-232.2025,0.0,0.0648735834148185,Very High Value,5133.599999999999,1,Churned
89512-JAM,Male,57,No,Jammu & Kashmir,3,34,NO DEAL,Yes,Yes,Yes,DSL,Yes,Yes,No,No,No,No,No,Yes,Month-to-Month,No,Bank Withdrawal,60.95,134.6,0.0,0,29.76,164.36,Joined,Others,Others,0,Senior,25-48 Months,Established,4.834117647058824,29.76,164.36,0.3708323192990995,2.696636587366694,Medium,1,5,0,2,1,1,0,1,1,0,0,0,3.958823529411765,56.99117647058824,0.0,0.181065952786566,Low Value,3474.15,1,Churned
27553-UTT,Female,53,Yes,Uttar Pradesh,0,18,NO DEAL,Yes,No,No,No Type,No,No,No,No,No,No,No,No,Month-to-Month,No,Credit Card,20.3,20.3,0.0,0,4.09,24.39,Joined,Others,Others,0,Senior,13-24 Months,Growing,1.355,4.09,24.39,0.8323083230832309,1.2014778325123152,No Referral,0,1,0,0,1,0,0,0,0,0,0,0,1.1277777777777778,19.172222222222224,0.0,0.1676916769167691,Low Value,1075.9,1,Churned
23436-TEL,Male,69,Yes,Telangana,9,11,Deal 5,No,No,Yes,DSL,No,No,No,No,No,Yes,Yes,Yes,Month-to-Month,Yes,Bank Withdrawal,35.45,35.45,0.0,0,0.0,35.45,Churned,Dissatisfaction,Network reliability,1,Elder,7-12 Months,Growing,3.222727272727273,0.0,35.45,1.0,1.0,High,1,3,2,0,0,0,0,1,0,0,1,0,3.222727272727273,32.22727272727273,0.0,0.0,Low Value,2446.05,1,Churned
33318-JAM,Female,36,Yes,Jammu & Kashmir,1,9,Deal 1,Yes,Yes,Yes,Cable,No,Yes,Yes,No,No,No,No,Yes,One Year,No,Bank Withdrawal,87.4,5918.8,0.0,0,1902.8,7821.6,Churned,Competitor,Competitor made better offer,1,Middle Age,7-12 Months,Growing,869.0666666666667,1902.8,7821.6,0.0111741843101155,89.49199084668192,Low,1,5,0,2,1,1,1,1,0,0,0,0,657.6444444444445,-570.2444444444445,0.0,0.2432750332412805,Very High Value,3146.4,1,Churned
98771-KER,Female,28,No,Kerala,2,16,Deal 4,Yes,No,Yes,Fiber Optic,No,No,No,No,No,Yes,Yes,Yes,Month-to-Month,No,Bank Withdrawal,78.1,947.3,0.0,0,510.6,1457.9,Churned,Attitude,Attitude of support person,1,Young Adult,13-24 Months,Growing,91.11875,510.6,1457.9,0.0535702037176761,18.667093469910373,Low,1,4,2,0,1,0,0,1,0,0,0,0,59.20625,18.89375,0.0,0.3502297825639618,Medium Value,2186.8,1,Churned
66408-ASS,Male,78,Yes,Assam,12,36,Deal 3,Yes,Yes,Yes,Fiber Optic,Yes,No,No,Yes,Yes,Yes,No,Yes,Month-to-Month,Yes,Bank Withdrawal,104.3,2867.75,0.0,0,275.13,3142.88,Churned,Competitor,Competitor made better offer,1,Elder,25-48 Months,Established,87.30222222222223,275.13,3142.88,0.033186122282747,30.13307766059444,High,1,7,2,2,1,1,0,1,1,0,1,0,79.65972222222223,24.64027777777777,0.0,0.087540726976531,High Value,8135.4,1,Churned
51582-AND,Female,40,Yes,Andhra Pradesh,4,25,Deal 5,Yes,No,Yes,DSL,No,Yes,No,No,No,No,No,No,Month-to-Month,Yes,Credit Card,49.05,91.1,0.0,40,29.4,160.5,Churned,Competitor,Competitor had better devices,1,Middle Age,25-48 Months,Established,6.42,69.4,160.5,0.305607476635514,3.27217125382263,Medium,1,2,0,1,1,0,0,1,0,0,1,0,3.644,45.406,0.0,0.432398753894081,Low Value,1962.0,1,Churned
49243-PUN,Female,78,No,Punjab,2,8,NO DEAL,Yes,Yes,Yes,Fiber Optic,No,No,No,No,Yes,No,No,No,Month-to-Month,Yes,Credit Card,86.85,156.35,0.0,40,8.38,204.73,Churned,Competitor,Competitor had better devices,1,Elder,7-12 Months,Growing,25.59125,48.38,204.73,0.4242172617593904,2.3572826712723085,Low,1,3,1,0,1,1,0,1,0,0,1,0,19.54375,67.30624999999999,0.0,0.2363112391930836,Low Value,6774.299999999999,1,Churned
39934-WES,Female,20,Yes,West Bengal,1,9,Deal 2,Yes,No,Yes,Fiber Optic,No,Yes,Yes,No,Yes,No,Yes,Yes,One Year,No,Bank Withdrawal,90.95,5453.4,0.0,0,1995.0,7448.4,Churned,Other,Moved,1,Young Adult,7-12 Months,Growing,827.5999999999999,1995.0,7448.4,0.0122106761183609,81.89554700384826,Low,1,6,2,2,1,0,1,1,0,0,0,0,605.9333333333333,-514.9833333333332,0.0,0.2678427581762526,Very High Value,1819.0,1,Churned
87024-WES,Female,27,Yes,West Bengal,12,15,Deal 5,Yes,Yes,Yes,Fiber Optic,No,No,No,No,No,Yes,Yes,Yes,Month-to-Month,Yes,Credit Card,85.2,627.4,0.0,0,211.28,838.68,Churned,Competitor,Competitor had better devices,1,Young Adult,13-24 Months,Growing,55.912,211.28,838.68,0.1015882100443554,9.843661971830985,High,1,5,2,0,1,1,0,1,0,0,1,0,41.82666666666667,43.373333333333335,0.0,0.251919683311871,Medium Value,2300.4,1,Churned
83196-UTT,Female,61,Yes,Uttar Pradesh,3,10,NO DEAL,Yes,Yes,Yes,Fiber Optic,Yes,No,No,No,No,No,No,Yes,Month-to-Month,No,Credit Card,80.55,188.1,0.0,0,10.6,198.7,Joined,Others,Others,0,Elder,7-12 Months,Growing,19.87,10.6,198.7,0.4053850025163563,2.466790813159528,Medium,1,4,0,1,1,1,0,1,1,0,0,0,18.81,61.74,0.0,0.0533467539003522,Low Value,4913.55,1,Churned
49885-MAH,Male,75,Yes,Maharashtra,2,33,NO DEAL,No,No,Yes,Cable,No,No,No,No,Yes,Yes,Yes,Yes,Month-to-Month,Yes,Bank Withdrawal,44.85,2572.95,12.07,0,0.0,2560.88,Churned,Attitude,Attitude of support person,1,Elder,25-48 Months,Established,77.60242424242425,0.0,2548.81,0.0175135109806004,57.09877369007804,Low,1,4,3,0,0,0,0,1,0,0,1,0,77.96818181818182,-33.11818181818182,0.0046911133135117,0.0,High Value,3363.75,1,Churned
85148-TEL,Female,58,No,Telangana,3,6,NO DEAL,Yes,No,Yes,Fiber Optic,No,Yes,No,No,Yes,No,No,Yes,Month-to-Month,Yes,Bank Withdrawal,85.35,489.45,0.0,0,71.82,561.27,Churned,Attitude,Attitude of service provider,1,Senior,0-6 Months,New,93.545,71.82,561.27,0.1520658506601101,6.57609841827768,Medium,1,4,1,1,1,0,0,1,0,0,1,0,81.575,3.774999999999992,0.0,0.1279598054412314,Low Value,4950.299999999999,1,Churned
65254-JAM,Female,51,No,Jammu & Kashmir,6,36,NO DEAL,Yes,No,Yes,Fiber Optic,No,No,No,No,Yes,Yes,Yes,Yes,Month-to-Month,No,Bank Withdrawal,88.35,1222.8,0.0,0,231.79,1454.59,Churned,Competitor,Competitor made better offer,1,Senior,25-48 Months,Established,40.405277777777776,231.79,1454.59,0.0607387648753256,16.463950198075835,High,1,5,3,0,1,0,0,1,0,0,0,0,33.96666666666667,54.383333333333326,0.0,0.1593507448834379,Medium Value,4505.849999999999,1,Churned
55106-ASS,Female,29,No,Assam,2,14,Deal 5,Yes,No,No,No Type,No,No,No,No,No,No,No,No,Month-to-Month,No,Credit Card,20.1,20.1,0.0,0,16.81,36.91,Churned,Competitor,Competitor made better offer,1,Young Adult,13-24 Months,Growing,2.636428571428571,16.81,36.91,0.5445678677865078,1.8363184079601984,Low,1,1,0,0,1,0,0,0,0,0,0,0,1.4357142857142855,18.664285714285715,0.0,0.4554321322134922,Low Value,582.9000000000001,1,Churned
95735-PUN,Female,53,No,Punjab,10,21,NO DEAL,Yes,No,No,No Type,No,No,No,No,No,No,No,No,Month-to-Month,No,Credit Card,19.25,48.35,0.0,0,42.36,90.71,Joined,Others,Others,0,Senior,13-24 Months,Growing,4.319523809523809,42.36,90.71,0.2122147503031639,4.712207792207792,High,1,1,0,0,1,0,0,0,0,0,0,0,2.3023809523809526,16.947619047619046,0.0,0.4669826920956896,Low Value,1020.25,1,Churned
75387-TAM,Female,54,No,Tamil Nadu,4,32,NO DEAL,Yes,Yes,Yes,Fiber Optic,No,No,No,No,Yes,Yes,Yes,Yes,Month-to-Month,Yes,Bank Withdrawal,96.0,174.8,0.0,0,96.68,271.48,Churned,Competitor,Competitor offered more data,1,Senior,25-48 Months,Established,8.48375,96.68,271.48,0.353617209370856,2.827916666666667,Medium,1,6,3,0,1,1,0,1,0,0,1,0,5.4625,90.5375,0.0,0.3561219979372329,Low Value,5184.0,1,Churned
63499-AND,Male,50,Yes,Andhra Pradesh,5,28,NO DEAL,Yes,No,Yes,DSL,No,No,No,No,No,No,No,Yes,Month-to-Month,Yes,Credit Card,45.85,45.85,0.0,0,14.9,60.75,Churned,Other,Don't know,1,Senior,25-48 Months,Established,2.169642857142857,14.9,60.75,0.7547325102880659,1.3249727371864777,Medium,1,2,0,0,1,0,0,1,0,0,1,0,1.6375,44.2125,0.0,0.2452674897119341,Low Value,2292.5,1,Churned
35401-UTT,Female,42,Yes,Uttar Pradesh,13,26,NO DEAL,Yes,No,Yes,Cable,No,No,No,No,No,No,No,No,Month-to-Month,No,Bank Withdrawal,71.35,71.35,0.0,0,40.4,111.75,Churned,Dissatisfaction,Poor expertise of phone support,1,Middle Age,25-48 Months,Established,4.298076923076923,40.4,111.75,0.6384787472035793,1.5662228451296427,High,1,1,0,0,1,0,0,1,0,0,0,0,2.744230769230769,68.60576923076923,0.0,0.3615212527964205,Low Value,2996.7,1,Churned
55786-HAR,Female,48,Yes,Haryana,3,7,Deal 5,Yes,Yes,Yes,Fiber Optic,No,Yes,No,No,Yes,Yes,Yes,Yes,Month-to-Month,Yes,Credit Card,100.25,100.25,0.0,0,20.23,120.48,Churned,Other,Don't know,1,Senior,7-12 Months,Growing,17.211428571428574,20.23,120.48,0.8320883134130146,1.2017955112219452,Medium,1,7,3,1,1,1,0,1,0,0,1,0,14.321428571428571,85.92857142857143,0.0,0.1679116865869853,Low Value,4812.0,1,Churned
33799-CHH,Female,23,No,Chhattisgarh,10,2,Deal 5,Yes,No,Yes,Fiber Optic,No,Yes,No,Yes,Yes,No,Yes,Yes,Month-to-Month,No,Bank Withdrawal,91.7,91.7,0.0,0,17.23,108.93,Churned,Attitude,Attitude of service provider,1,Young Adult,0-6 Months,New,54.465,17.23,108.93,0.8418250252455706,1.187895310796074,High,1,6,2,2,1,0,0,1,0,0,0,0,45.85,45.85,0.0,0.1581749747544294,Low Value,2109.1,1,Churned
17584-MAH,Male,37,No,Maharashtra,15,5,NO DEAL,Yes,Yes,Yes,Fiber Optic,No,No,No,Yes,Yes,Yes,Yes,Yes,One Year,Yes,Bank Withdrawal,100.6,5069.65,0.0,0,929.53,5999.18,Churned,Competitor,Competitor offered more data,1,Middle Age,0-6 Months,New,1199.836,929.53,5999.18,0.0167689584243179,59.63399602385687,High,1,7,3,1,1,1,1,1,0,0,1,0,1013.93,-913.33,0.0,0.1549428421884324,Very High Value,3722.2,1,Churned
52279-TAM,Male,53,No,Tamil Nadu,15,26,Deal 5,Yes,No,Yes,Fiber Optic,No,No,No,No,Yes,No,No,Yes,Month-to-Month,Yes,Bank Withdrawal,80.7,239.45,0.0,0,71.16,310.61,Joined,Others,Others,0,Senior,25-48 Months,Established,11.946538461538465,71.16,310.61,0.2598113389781398,3.8489467162329616,High,1,3,1,0,1,0,0,1,0,0,1,0,9.209615384615384,71.49038461538461,0.0,0.2290975821770065,Low Value,4277.1,1,Churned
24189-BIH,Male,68,No,Bihar,10,36,NO DEAL,Yes,No,Yes,Fiber Optic,No,No,Yes,No,Yes,No,No,Yes,Month-to-Month,Yes,Credit Card,84.05,2909.95,0.0,0,192.1,3102.05,Stayed,Others,Others,0,Elder,25-48 Months,Established,86.16805555555555,192.1,3102.05,0.0270949855740558,36.90719809637121,High,1,4,1,1,1,0,0,1,0,0,1,0,80.83194444444445,3.2180555555555515,0.0,0.061926790348318,High Value,5715.4,1,Churned
82486-JHA,Female,44,No,Jharkhand,3,1,NO DEAL,Yes,Yes,Yes,Fiber Optic,No,No,No,No,No,Yes,Yes,Yes,Month-to-Month,Yes,Bank Withdrawal,84.75,264.85,0.0,0,114.27,379.12,Churned,Competitor,Competitor had better devices,1,Middle Age,0-6 Months,New,379.12,114.27,379.12,0.2235439966237603,4.473392330383481,Medium,1,5,2,0,1,1,0,1,0,0,1,0,264.85,-180.10000000000002,0.0,0.3014085250052754,Low Value,3729.0,1,Churned
82990-RAJ,Female,77,Yes,Rajasthan,13,30,NO DEAL,Yes,Yes,Yes,Fiber Optic,No,Yes,Yes,No,No,Yes,No,Yes,Month-to-Month,Yes,Bank Withdrawal,95.25,5427.05,12.59,0,2844.87,8259.33,Churned,Attitude,Attitude of support person,1,Elder,25-48 Months,Established,275.311,2844.87,8246.74,0.0115324124353912,86.71212598425197,High,1,6,1,2,1,1,0,1,0,0,1,0,180.90166666666667,-85.65166666666667,0.0023198606978008,0.3444431933340839,Very High Value,7334.25,1,Churned
59647-MAH,Male,60,No,Maharashtra,11,3,Deal 3,Yes,Yes,Yes,Fiber Optic,No,No,No,No,No,No,No,Yes,Month-to-Month,No,Bank Withdrawal,75.25,3017.65,0.0,0,1410.63,4428.28,Churned,Competitor,Competitor made better offer,1,Senior,0-6 Months,New,1476.0933333333332,1410.63,4428.28,0.0169930537364394,58.84757475083056,High,1,3,0,0,1,1,0,1,0,0,0,0,1005.8833333333332,-930.6333333333332,0.0,0.3185503175047648,High Value,4515.0,1,Churned
46143-JHA,Male,30,No,Jharkhand,0,6,NO DEAL,Yes,No,Yes,Fiber Optic,No,No,No,No,No,No,No,Yes,Month-to-Month,Yes,Bank Withdrawal,70.4,1214.05,0.0,0,232.56,1446.61,Churned,Competitor,Competitor had better devices,1,Young Adult,0-6 Months,New,241.10166666666663,232.56,1446.61,0.0486655007223785,20.5484375,No Referral,0,2,0,0,1,0,0,1,0,0,1,0,202.34166666666667,-131.94166666666666,0.0,0.1607620574999481,Medium Value,2112.0,1,Churned
29539-HAR,Male,62,Yes,Haryana,6,4,Deal 5,Yes,No,Yes,Fiber Optic,No,No,Yes,No,Yes,Yes,No,Yes,Month-to-Month,Yes,Credit Card,94.45,742.95,0.0,0,41.68,784.63,Churned,Competitor,Competitor had better devices,1,Elder,0-6 Months,New,196.1575,41.68,784.63,0.1203752086970929,8.3073583906829,High,1,5,2,1,1,0,0,1,0,0,1,0,185.7375,-91.2875,0.0,0.0531205791264672,Medium Value,5855.900000000001,1,Churned
21857-BIH,Female,32,No,Bihar,11,19,NO DEAL,Yes,Yes,Yes,Fiber Optic,No,No,No,No,No,Yes,Yes,Yes,Month-to-Month,Yes,Bank Withdrawal,83.95,2254.2,0.0,0,371.8,2626.0,Churned,Competitor,Competitor offered higher download speeds,1,Middle Age,13-24 Months,Growing,138.21052631578948,371.8,2626.0,0.0319687738004569,31.280524121500893,High,1,5,2,0,1,1,0,1,0,0,1,0,118.64210526315787,-34.692105263157885,0.0,0.1415841584158416,High Value,2686.4,1,Churned
46004-TAM,Male,25,Yes,Tamil Nadu,1,6,NO DEAL,Yes,No,Yes,DSL,No,No,No,Yes,Yes,Yes,Yes,Yes,Month-to-Month,No,Bank Withdrawal,-8.0,132.4,0.0,0,47.04,179.44,Joined,Others,Others,0,Young Adult,0-6 Months,New,29.906666666666663,47.04,179.44,-0.0445831475702184,-22.43,Low,1,6,3,1,1,0,0,1,0,0,0,0,22.066666666666663,-30.066666666666663,0.0,0.2621489077128845,Low Value,-200.0,1,Churned
21013-JAM,Male,55,No,Jammu & Kashmir,12,8,NO DEAL,Yes,No,Yes,Fiber Optic,Yes,No,No,No,No,No,No,Yes,Month-to-Month,Yes,Bank Withdrawal,74.5,609.9,0.0,0,383.28,993.18,Churned,Competitor,Competitor made better offer,1,Senior,7-12 Months,Growing,124.1475,383.28,993.18,0.0750115789685656,13.331275167785234,High,1,3,0,1,1,0,0,1,1,0,1,0,76.2375,-1.7374999999999972,0.0,0.3859119192895547,Medium Value,4097.5,1,Churned
51740-TAM,Female,38,Yes,Tamil Nadu,4,25,NO DEAL,No,No,Yes,DSL,No,No,No,Yes,No,No,No,No,Month-to-Month,Yes,Credit Card,31.0,95.05,0.0,20,0.0,115.05,Churned,Dissatisfaction,Poor expertise of online support,1,Middle Age,25-48 Months,Established,4.602,20.0,115.05,0.2694480660582355,3.711290322580645,Medium,1,1,0,1,0,0,0,1,0,0,1,0,3.802,27.198,0.0,0.1738374619730552,Low Value,1178.0,1,Churned
55235-KAR,Female,26,Yes,Karnataka,1,36,Deal 5,Yes,No,Yes,Fiber Optic,No,No,No,No,No,No,No,Yes,Month-to-Month,Yes,Bank Withdrawal,70.25,70.25,0.0,0,23.0,93.25,Churned,Competitor,Competitor had better devices,1,Young Adult,25-48 Months,Established,2.5902777777777777,23.0,93.25,0.7533512064343163,1.3274021352313168,Low,1,2,0,0,1,0,0,1,0,0,1,0,1.9513888888888888,68.29861111111111,0.0,0.2466487935656836,Low Value,1826.5,1,Churned
45672-TAM,Female,29,No,Tamil Nadu,0,2,NO DEAL,Yes,No,No,No Type,No,No,No,No,No,No,No,No,Month-to-Month,No,Mailed Check,20.2,20.2,0.0,0,42.15,62.35,Joined,Others,Others,0,Young Adult,0-6 Months,New,31.175,42.15,62.35,0.3239775461106656,3.086633663366337,No Referral,0,1,0,0,1,0,0,0,0,0,0,0,10.1,10.1,0.0,0.6760224538893344,Low Value,585.8,1,Churned
43324-KAR,Female,73,No,Karnataka,8,32,Deal 4,Yes,Yes,Yes,Fiber Optic,No,No,No,No,No,Yes,No,Yes,Month-to-Month,No,Bank Withdrawal,85.55,851.75,0.0,0,60.1,911.85,Churned,Attitude,Attitude of support person,1,Elder,25-48 Months,Established,28.4953125,60.1,911.85,0.0938202555244831,10.658679135008768,High,1,4,1,0,1,1,0,1,0,0,0,0,26.6171875,58.9328125,0.0,0.0659099632615013,Medium Value,6245.15,1,Churned
98542-ASS,Male,31,Yes,Assam,10,3,Deal 5,Yes,Yes,Yes,Fiber Optic,No,Yes,No,No,No,No,Yes,Yes,Month-to-Month,No,Bank Withdrawal,78.45,330.05,0.0,0,168.24,498.29,Churned,Competitor,Competitor made better offer,1,Middle Age,0-6 Months,New,166.09666666666666,168.24,498.29,0.1574384394629633,6.351688973868706,High,1,5,1,1,1,1,0,1,0,0,0,0,110.01666666666668,-31.566666666666663,0.0,0.3376347107106303,Low Value,2431.9500000000003,1,Churned
44732-AND,Male,71,No,Andhra Pradesh,6,29,Deal 4,Yes,Yes,Yes,Fiber Optic,No,Yes,No,No,Yes,No,No,Yes,Month-to-Month,Yes,Bank Withdrawal,88.2,1775.8,0.0,0,759.43,2535.23,Churned,Competitor,Competitor had better devices,1,Elder,25-48 Months,Established,87.42172413793104,759.43,2535.23,0.0347897429424549,28.74410430839002,High,1,5,1,1,1,1,0,1,0,0,1,0,61.234482758620686,26.96551724137932,0.0,0.2995507310973757,High Value,6262.2,1,Churned
34005-UTT,Female,74,Yes,Uttar Pradesh,2,35,Deal 3,Yes,Yes,Yes,Fiber Optic,No,No,No,No,Yes,Yes,No,No,Month-to-Month,Yes,Bank Withdrawal,95.65,3759.05,0.0,150,1635.27,5544.32,Churned,Other,Don't know,1,Elder,25-48 Months,Established,158.40914285714285,1785.27,5544.32,0.0172518902227865,57.9646628332462,Low,1,4,2,0,1,1,0,1,0,0,1,0,107.40142857142858,-11.751428571428576,0.0,0.3219998124206395,Very High Value,7078.1,1,Churned
64773-DEL,Female,22,Yes,Delhi,1,8,Deal 5,Yes,Yes,Yes,Fiber Optic,No,No,No,No,No,No,No,Yes,Month-to-Month,Yes,Mailed Check,75.05,75.05,0.0,0,32.86,107.91,Churned,Competitor,Competitor made better offer,1,Young Adult,7-12 Months,Growing,13.48875,32.86,107.91,0.6954869798906496,1.4378414390406395,Low,1,3,0,0,1,1,0,1,0,0,1,0,9.38125,65.66875,0.0,0.3045130201093504,Low Value,1651.1,1,Churned
19541-ODI,Female,37,Yes,Odisha,15,14,Deal 5,Yes,No,Yes,Cable,No,No,No,No,No,No,No,Yes,Month-to-Month,Yes,Credit Card,45.25,74.2,0.0,0,79.0,153.2,Joined,Others,Others,0,Middle Age,13-24 Months,Growing,10.94285714285714,79.0,153.2,0.2953655352480418,3.385635359116022,High,1,2,0,0,1,0,0,1,0,0,1,0,5.3,39.95,0.0,0.5156657963446476,Low Value,1674.25,1,Churned
78790-WES,Female,32,Yes,West Bengal,13,36,NO DEAL,No,No,Yes,DSL,No,No,No,Yes,No,No,No,Yes,Month-to-Month,No,Credit Card,28.6,973.55,0.0,0,0.0,973.55,Churned,Other,Don't know,1,Middle Age,25-48 Months,Established,27.043055555555554,0.0,973.55,0.0293770222382004,34.040209790209786,High,1,2,0,1,0,0,0,1,0,0,0,0,27.043055555555554,1.5569444444444471,0.0,0.0,Medium Value,915.2,1,Churned
79777-MAH,Male,77,Yes,Maharashtra,13,33,NO DEAL,Yes,Yes,Yes,Fiber Optic,No,No,No,No,No,No,No,Yes,Month-to-Month,Yes,Mailed Check,72.6,154.3,0.0,0,30.38,184.68,Joined,Others,Others,0,Elder,25-48 Months,Established,5.596363636363637,30.38,184.68,0.3931124106562703,2.5438016528925624,High,1,3,0,0,1,1,0,1,0,0,1,0,4.675757575757576,67.92424242424242,0.0,0.1645007580680095,Low Value,5590.2,1,Churned
39191-UTT,Female,74,No,Uttar Pradesh,14,20,NO DEAL,Yes,No,Yes,Fiber Optic,No,Yes,No,No,No,No,No,Yes,Month-to-Month,Yes,Mailed Check,76.4,76.4,0.0,0,41.16,117.56,Churned,Attitude,Attitude of support person,1,Elder,13-24 Months,Growing,5.878,41.16,117.56,0.6498809118747874,1.538743455497382,High,1,3,0,1,1,0,0,1,0,0,1,0,3.82,72.58000000000001,0.0,0.3501190881252126,Low Value,5653.6,1,Churned
95822-AND,Male,34,Yes,Andhra Pradesh,3,26,NO DEAL,Yes,No,No,No Type,No,No,No,No,No,No,No,No,Month-to-Month,Yes,Credit Card,19.2,19.2,0.0,0,17.89,37.09,Joined,Others,Others,0,Middle Age,25-48 Months,Established,1.4265384615384618,17.89,37.09,0.5176597465624156,1.9317708333333337,Medium,1,1,0,0,1,0,0,0,0,0,1,0,0.7384615384615384,18.46153846153846,0.0,0.4823402534375842,Low Value,652.8,1,Churned
12118-TAM,Female,23,No,Tamil Nadu,7,3,Deal 2,Yes,Yes,Yes,Fiber Optic,No,No,No,No,No,Yes,Yes,Yes,One Year,No,Bank Withdrawal,85.55,5084.65,0.0,0,407.69,5492.34,Churned,Competitor,Competitor offered more data,1,Young Adult,0-6 Months,New,1830.78,407.69,5492.34,0.0155762389072781,64.20035067212157,High,1,5,2,0,1,1,1,1,0,0,0,0,1694.8833333333332,-1609.3333333333333,0.0,0.0742288350684771,Very High Value,1967.65,1,Churned
71972-KER,Female,33,No,Kerala,8,12,Deal 4,Yes,Yes,Yes,Fiber Optic,No,No,No,No,No,No,Yes,Yes,Month-to-Month,Yes,Mailed Check,76.0,1130.85,0.0,0,672.9,1803.75,Churned,Dissatisfaction,Lack of self-service on Website,1,Middle Age,7-12 Months,Growing,150.3125,672.9,1803.75,0.0421344421344421,23.73355263157895,High,1,4,1,0,1,1,0,1,0,0,1,0,94.2375,-18.2375,0.0,0.373056133056133,Medium Value,2508.0,1,Churned
94173-JAM,Male,80,Yes,Jammu & Kashmir,15,28,NO DEAL,No,No,Yes,DSL,No,No,No,No,Yes,Yes,No,Yes,Month-to-Month,No,Bank Withdrawal,45.7,198.0,0.0,0,0.0,198.0,Churned,Competitor,Competitor made better offer,1,Elder,25-48 Months,Established,7.071428571428571,0.0,198.0,0.2308080808080808,4.332603938730853,High,1,3,2,0,0,0,0,1,0,0,0,0,7.071428571428571,38.62857142857143,0.0,0.0,Low Value,3656.0,1,Churned
99306-MAH,Female,46,No,Maharashtra,7,10,NO DEAL,Yes,No,Yes,Fiber Optic,No,No,No,No,No,Yes,Yes,Yes,Month-to-Month,Yes,Bank Withdrawal,78.1,1122.4,0.0,0,62.3,1184.7,Stayed,Others,Others,0,Senior,7-12 Months,Growing,118.47,62.3,1184.7,0.0659238625812441,15.169014084507044,High,1,4,2,0,1,0,0,1,0,0,1,0,112.24,-34.140000000000015,0.0,0.0525871528657043,Medium Value,3592.6,1,Churned
97828-MAH,Female,57,No,Maharashtra,0,12,Deal 5,Yes,No,Yes,Fiber Optic,No,No,No,No,Yes,Yes,Yes,Yes,Month-to-Month,Yes,Bank Withdrawal,92.0,266.8,0.0,0,46.8,313.6,Joined,Others,Others,0,Senior,7-12 Months,Growing,26.133333333333336,46.8,313.6,0.2933673469387755,3.4086956521739133,No Referral,0,5,3,0,1,0,0,1,0,0,1,0,22.23333333333333,69.76666666666667,0.0,0.149234693877551,Low Value,5244.0,1,Churned
78010-DEL,Female,71,Yes,Delhi,3,30,Deal 3,Yes,Yes,Yes,Fiber Optic,No,No,No,No,Yes,Yes,No,No,Month-to-Month,Yes,Bank Withdrawal,95.45,3474.05,0.0,80,1228.5,4782.55,Churned,Other,Don't know,1,Elder,25-48 Months,Established,159.41833333333335,1308.5,4782.55,0.0199579722114771,50.10529072812991,Medium,1,4,2,0,1,1,0,1,0,0,1,0,115.80166666666668,-20.351666666666677,0.0,0.2735988123490606,High Value,6776.95,1,Churned
12528-JAM,Female,71,No,Jammu & Kashmir,14,21,Deal 5,Yes,No,Yes,Fiber Optic,No,No,Yes,No,Yes,Yes,No,Yes,Month-to-Month,Yes,Bank Withdrawal,95.75,573.75,0.0,0,287.4,861.15,Churned,Competitor,Competitor made better offer,1,Elder,13-24 Months,Growing,41.00714285714285,287.4,861.15,0.1111885269697497,8.99373368146214,High,1,5,2,1,1,0,0,1,0,0,1,0,27.321428571428573,68.42857142857143,0.0,0.3337397665911862,Medium Value,6798.25,1,Churned
19522-RAJ,Female,52,Yes,Rajasthan,6,7,NO DEAL,No,No,Yes,Cable,No,Yes,No,No,Yes,Yes,Yes,Yes,Month-to-Month,Yes,Bank Withdrawal,50.6,155.35,0.0,0,0.0,155.35,Churned,Dissatisfaction,Poor expertise of online support,1,Senior,7-12 Months,Growing,22.192857142857143,0.0,155.35,0.3257161248793048,3.0701581027667983,High,1,5,3,1,0,0,0,1,0,0,1,0,22.192857142857143,28.40714285714286,0.0,0.0,Low Value,2631.2000000000003,1,Churned
42804-AND,Female,47,Yes,Andhra Pradesh,9,3,NO DEAL,Yes,Yes,Yes,Cable,No,No,No,No,No,No,No,Yes,Month-to-Month,Yes,Bank Withdrawal,49.95,49.95,0.0,0,43.49,93.44,Churned,Competitor,Competitor had better devices,1,Senior,0-6 Months,New,31.146666666666665,43.49,93.44,0.5345676369863014,1.8706706706706704,High,1,3,0,0,1,1,0,1,0,0,1,0,16.650000000000002,33.3,0.0,0.4654323630136986,Low Value,2347.65,1,Churned
31733-TAM,Male,66,No,Tamil Nadu,6,4,Deal 3,Yes,Yes,Yes,Fiber Optic,No,Yes,Yes,Yes,Yes,Yes,Yes,No,Month-to-Month,Yes,Bank Withdrawal,110.45,3655.45,0.0,70,568.92,4294.37,Churned,Dissatisfaction,Product dissatisfaction,1,Elder,0-6 Months,New,1073.5925,638.92,4294.37,0.0257197214026737,38.88066998641919,High,1,8,3,3,1,1,0,1,0,0,1,0,913.8625,-803.4124999999999,0.0,0.1487808456187985,High Value,7289.7,1,Churned
24606-KER,Female,68,Yes,Kerala,4,32,NO DEAL,No,No,Yes,DSL,No,No,Yes,No,Yes,Yes,Yes,Yes,Month-to-Month,Yes,Bank Withdrawal,48.35,810.7,0.0,0,0.0,810.7,Churned,Dissatisfaction,Service dissatisfaction,1,Elder,25-48 Months,Established,25.334375,0.0,810.7,0.059639817441717,16.767321613236817,Medium,1,5,3,1,0,0,0,1,0,0,1,0,25.334375,23.015625,0.0,0.0,Medium Value,3287.8,1,Churned
46946-UTT,Female,42,Yes,Uttar Pradesh,0,11,NO DEAL,Yes,No,Yes,Fiber Optic,Yes,No,No,No,Yes,Yes,Yes,Yes,Month-to-Month,Yes,Credit Card,92.35,2602.9,0.0,0,1054.48,3657.38,Churned,Price,Lack of affordable download/upload speed,1,Middle Age,7-12 Months,Growing,332.4890909090909,1054.48,3657.38,0.0252503157998348,39.603465078505685,No Referral,0,6,3,1,1,0,0,1,1,0,1,0,236.62727272727275,-144.27727272727273,0.0,0.2883156795301554,High Value,3878.7,1,Churned
44580-MAH,Male,39,Yes,Maharashtra,2,22,Deal 1,Yes,Yes,Yes,Fiber Optic,Yes,No,No,Yes,No,Yes,Yes,Yes,One Year,Yes,Credit Card,94.35,6341.45,0.0,0,2072.98,8414.43,Churned,Price,Long distance charges,1,Middle Age,13-24 Months,Growing,382.4740909090909,2072.98,8414.43,0.011212880729889,89.1831478537361,Low,1,7,2,2,1,1,1,1,1,0,1,0,288.2477272727273,-193.89772727272728,0.0,0.2463601218383182,Very High Value,3679.65,1,Churned
54564-AND,Female,55,Yes,Andhra Pradesh,11,7,NO DEAL,Yes,Yes,Yes,Fiber Optic,No,No,No,No,No,No,No,Yes,Month-to-Month,No,Bank Withdrawal,76.1,257.6,0.0,0,43.05,300.65,Joined,Others,Others,0,Senior,7-12 Months,Growing,42.95,43.05,300.65,0.2531182438050889,3.950722733245729,High,1,3,0,0,1,1,0,1,0,0,0,0,36.8,39.29999999999999,0.0,0.1431897555296856,Low Value,4185.5,1,Churned
57784-UTT,Male,80,Yes,Uttar Pradesh,4,8,NO DEAL,Yes,Yes,Yes,Fiber Optic,No,No,No,No,Yes,No,No,Yes,Month-to-Month,Yes,Bank Withdrawal,86.6,1281.0,0.0,0,306.88,1587.88,Churned,Dissatisfaction,Network reliability,1,Elder,7-12 Months,Growing,198.485,306.88,1587.88,0.0545381263067738,18.33579676674365,Medium,1,4,1,0,1,1,0,1,0,0,1,0,160.125,-73.525,0.0,0.1932639746076529,Medium Value,6928.0,1,Churned
84720-GUJ,Male,55,Yes,Gujarat,11,6,NO DEAL,Yes,No,No,No Type,No,No,No,No,No,No,No,No,Month-to-Month,No,Credit Card,19.2,19.2,0.0,0,32.78,51.98,Joined,Others,Others,0,Senior,0-6 Months,New,8.663333333333332,32.78,51.98,0.3693728357060408,2.7072916666666664,High,1,1,0,0,1,0,0,0,0,0,0,0,3.2,16.0,0.0,0.6306271642939593,Low Value,1056.0,1,Churned
47359-UTT,Female,43,Yes,Uttar Pradesh,15,25,Deal 4,Yes,Yes,Yes,Fiber Optic,No,Yes,Yes,Yes,No,No,No,Yes,Month-to-Month,No,Bank Withdrawal,89.4,1132.35,0.0,0,111.67,1244.02,Churned,Competitor,Competitor had better devices,1,Middle Age,25-48 Months,Established,49.7608,111.67,1244.02,0.0718637964019871,13.915212527964204,High,1,6,0,3,1,1,0,1,0,0,0,0,45.294,44.10600000000001,0.0,0.0897654378546968,Medium Value,3844.2,1,Churned
74427-DEL,Female,40,Yes,Delhi,12,2,Deal 5,Yes,No,Yes,Fiber Optic,No,No,No,No,No,No,No,Yes,Month-to-Month,Yes,Bank Withdrawal,70.9,273.0,8.74,0,134.0,398.26,Churned,Dissatisfaction,Product dissatisfaction,1,Middle Age,0-6 Months,New,199.13,134.0,389.52,0.1780244061668257,5.617207334273624,High,1,2,0,0,1,0,0,1,0,0,1,0,136.5,-65.6,0.032014652014652,0.3364636167327876,Low Value,2836.0,1,Churned
11540-DEL,Male,63,Yes,Delhi,15,15,Deal 2,Yes,Yes,Yes,Fiber Optic,No,Yes,Yes,No,Yes,Yes,Yes,Yes,Month-to-Month,Yes,Bank Withdrawal,104.1,5135.15,0.0,0,2288.43,7423.58,Stayed,Others,Others,0,Elder,13-24 Months,Growing,494.9053333333333,2288.43,7423.58,0.0140228838377171,71.31200768491836,High,1,8,3,2,1,1,0,1,0,0,1,0,342.3433333333333,-238.2433333333333,0.0,0.3082650149927662,Very High Value,6558.299999999999,1,Churned
46712-WES,Female,41,No,West Bengal,0,3,Deal 5,Yes,Yes,Yes,Fiber Optic,No,No,No,No,Yes,Yes,Yes,Yes,Month-to-Month,Yes,Bank Withdrawal,94.85,462.8,0.0,0,200.75,663.55,Churned,Attitude,Attitude of service provider,1,Middle Age,0-6 Months,New,221.1833333333333,200.75,663.55,0.1429432597392811,6.995782814971006,No Referral,0,6,3,0,1,1,0,1,0,0,1,0,154.26666666666668,-59.416666666666686,0.0,0.3025393715620526,Medium Value,3888.85,1,Churned
32770-RAJ,Female,75,Yes,Rajasthan,12,12,NO DEAL,Yes,Yes,Yes,Fiber Optic,No,Yes,Yes,No,Yes,Yes,No,Yes,Month-to-Month,Yes,Bank Withdrawal,105.5,829.55,0.0,0,361.28,1190.83,Churned,Price,Price too high,1,Elder,7-12 Months,Growing,99.23583333333332,361.28,1190.83,0.0885936699612875,11.287488151658769,High,1,7,2,2,1,1,0,1,0,0,1,0,69.12916666666666,36.37083333333334,0.0,0.3033850339679047,Medium Value,7912.5,1,Churned
68484-WES,Male,58,Yes,West Bengal,11,33,NO DEAL,Yes,Yes,Yes,Fiber Optic,No,Yes,No,No,Yes,Yes,Yes,Yes,Month-to-Month,Yes,Bank Withdrawal,100.25,2387.75,0.0,0,906.0,3293.75,Churned,Price,Extra data charges,1,Senior,25-48 Months,Established,99.81060606060606,906.0,3293.75,0.0304364326375711,32.85536159600998,High,1,7,3,1,1,1,0,1,0,0,1,0,72.35606060606061,27.89393939393939,0.0,0.2750664136622391,High Value,5814.5,1,Churned
66623-JAM,Female,80,Yes,Jammu & Kashmir,1,22,NO DEAL,Yes,Yes,Yes,Fiber Optic,No,Yes,No,No,Yes,No,No,Yes,Month-to-Month,Yes,Bank Withdrawal,91.3,1094.5,0.0,0,408.12,1502.62,Churned,Competitor,Competitor made better offer,1,Elder,13-24 Months,Growing,68.30090909090909,408.12,1502.62,0.0607605382598394,16.458050383351587,Low,1,5,1,1,1,1,0,1,0,0,1,0,49.75,41.55,0.0,0.2716055955597556,Medium Value,7304.0,1,Churned
24935-WES,Female,73,Yes,West Bengal,2,22,Deal 4,Yes,No,Yes,Fiber Optic,No,No,No,No,No,No,No,Yes,Month-to-Month,Yes,Bank Withdrawal,69.1,1474.75,0.0,0,414.54,1889.29,Churned,Attitude,Attitude of support person,1,Elder,13-24 Months,Growing,85.87681818181818,414.54,1889.29,0.0365745862202202,27.34138929088278,Low,1,2,0,0,1,0,0,1,0,0,1,0,67.0340909090909,2.065909090909088,0.0,0.219415759359336,Medium Value,5044.299999999999,1,Churned
33788-PUD,Male,32,Yes,Puducherry,0,30,Deal 2,Yes,No,Yes,DSL,Yes,Yes,No,Yes,No,No,No,No,Two Year,No,Bank Withdrawal,57.55,3046.4,0.0,60,484.0,3590.4,Churned,Competitor,Competitor offered more data,1,Middle Age,25-48 Months,Established,119.68,544.0,3590.4,0.0160288547237076,62.38748913987837,No Referral,0,4,0,3,1,0,1,1,1,0,0,0,101.54666666666668,-43.99666666666667,0.0,0.1515151515151515,High Value,1841.6,1,Churned
39623-HAR,Female,85,No,Haryana,2,10,Deal 5,Yes,No,Yes,Fiber Optic,No,Yes,No,No,No,No,No,No,Month-to-Month,Yes,Bank Withdrawal,74.6,239.05,0.0,30,118.53,387.58,Joined,Others,Others,0,Elder,7-12 Months,Growing,38.758,148.53,387.58,0.1924763919706899,5.19544235924933,Low,1,2,0,1,1,0,0,1,0,0,1,0,23.905,50.69499999999999,0.0,0.3832241085711337,Low Value,6340.999999999999,1,Churned
53186-HAR,Male,74,Yes,Haryana,10,2,Deal 5,Yes,No,Yes,DSL,No,No,No,No,No,No,No,Yes,One Year,No,Bank Withdrawal,45.25,45.25,0.0,0,11.89,57.14,Joined,Others,Others,0,Elder,0-6 Months,New,28.57,11.89,57.14,0.7919145957297865,1.2627624309392265,High,1,2,0,0,1,0,1,1,0,0,0,0,22.625,22.625,0.0,0.2080854042702135,Low Value,3348.5,1,Churned
63477-AND,Female,18,No,Andhra Pradesh,9,1,NO DEAL,Yes,No,Yes,DSL,No,No,No,No,Yes,Yes,Yes,Yes,Month-to-Month,No,Credit Card,65.7,134.35,0.0,0,54.54,188.89,Churned,Competitor,Competitor had better devices,1,Teen,0-6 Months,New,188.89,54.54,188.89,0.3478214834030388,2.87503805175038,High,1,5,3,0,1,0,0,1,0,0,0,0,134.35,-68.64999999999999,0.0,0.2887394780030706,Low Value,1182.6,1,Churned
82010-WES,Female,46,No,West Bengal,14,7,Deal 5,Yes,Yes,Yes,Fiber Optic,No,Yes,No,No,No,No,No,Yes,Month-to-Month,No,Bank Withdrawal,79.55,151.75,0.0,0,51.12,202.87,Joined,Others,Others,0,Senior,7-12 Months,Growing,28.981428571428573,51.12,202.87,0.3921230344555627,2.55021998742929,High,1,4,0,1,1,1,0,1,0,0,0,0,21.678571428571427,57.87142857142857,0.0,0.251984029181249,Low Value,3659.3,1,Churned
46865-PUN,Female,18,No,Punjab,11,1,Deal 5,Yes,Yes,Yes,Fiber Optic,No,Yes,No,No,No,No,No,Yes,Month-to-Month,Yes,Bank Withdrawal,79.45,145.15,0.0,0,57.22,202.37,Joined,Others,Others,0,Teen,0-6 Months,New,202.37,57.22,202.37,0.3925977170529228,2.547136563876652,High,1,4,0,1,1,1,0,1,0,0,1,0,145.15,-65.7,0.0,0.2827494193803429,Low Value,1430.1,1,Churned
23184-GUJ,Male,55,Yes,Gujarat,5,21,Deal 5,Yes,No,Yes,Fiber Optic,No,No,No,No,No,No,No,Yes,Month-to-Month,Yes,Bank Withdrawal,71.0,71.0,0.0,0,18.84,89.84,Churned,Attitude,Attitude of support person,1,Senior,13-24 Months,Growing,4.278095238095238,18.84,89.84,0.790293855743544,1.2653521126760563,Medium,1,2,0,0,1,0,0,1,0,0,1,0,3.380952380952381,67.61904761904762,0.0,0.2097061442564559,Low Value,3905.0,1,Churned
45174-JAM,Female,82,No,Jammu & Kashmir,5,9,NO DEAL,Yes,Yes,Yes,Fiber Optic,Yes,Yes,Yes,No,Yes,Yes,No,Yes,One Year,Yes,Bank Withdrawal,108.85,6287.25,0.0,0,2864.04,9151.29,Churned,Competitor,Competitor made better offer,1,Elder,7-12 Months,Growing,1016.81,2864.04,9151.29,0.011894497934171,84.07248507119891,Medium,1,8,2,3,1,1,1,1,1,0,1,0,698.5833333333334,-589.7333333333333,0.0,0.3129657130306219,Very High Value,8925.699999999999,1,Churned
47929-AND,Male,50,No,Andhra Pradesh,4,13,Deal 4,Yes,Yes,Yes,DSL,No,No,No,No,No,No,No,No,Month-to-Month,No,Bank Withdrawal,51.55,765.5,0.0,20,47.25,832.75,Churned,Attitude,Attitude of support person,1,Senior,13-24 Months,Growing,64.0576923076923,67.25,832.75,0.0619033323326328,16.154219204655675,Medium,1,2,0,0,1,1,0,1,0,0,0,0,58.88461538461539,-7.33461538461539,0.0,0.0807565295706995,Medium Value,2577.5,1,Churned
35237-MAH,Male,68,No,Maharashtra,0,2,NO DEAL,Yes,No,Yes,Fiber Optic,No,No,No,No,No,No,No,Yes,Month-to-Month,Yes,Bank Withdrawal,69.35,69.35,0.0,0,45.86,115.21,Churned,Price,Long distance charges,1,Elder,0-6 Months,New,57.605,45.86,115.21,0.6019442756705147,1.6612833453496756,No Referral,0,2,0,0,1,0,0,1,0,0,1,0,34.675,34.675,0.0,0.3980557243294853,Low Value,4715.799999999999,1,Churned
99488-KAR,Male,50,Yes,Karnataka,10,31,NO DEAL,No,No,Yes,DSL,No,No,No,No,No,No,No,Yes,Month-to-Month,No,Credit Card,24.4,24.4,0.0,0,0.0,24.4,Joined,Others,Others,0,Senior,25-48 Months,Established,0.7870967741935483,0.0,24.4,1.0,1.0,High,1,1,0,0,0,0,0,1,0,0,0,0,0.7870967741935483,23.61290322580645,0.0,0.0,Low Value,1220.0,1,Churned
22160-TEL,Female,29,Yes,Telangana,13,34,NO DEAL,Yes,No,Yes,Fiber Optic,No,No,Yes,Yes,Yes,Yes,Yes,Yes,Month-to-Month,Yes,Mailed Check,99.95,547.65,0.0,0,30.96,578.61,Churned,Competitor,Competitor offered higher download speeds,1,Young Adult,25-48 Months,Established,17.01794117647059,30.96,578.61,0.1727415703150654,5.788994497248624,High,1,7,3,2,1,0,0,1,0,0,1,0,16.10735294117647,83.84264705882353,0.0,0.053507543941515,Low Value,2898.55,1,Churned
15687-TAM,Male,65,No,Tamil Nadu,5,35,NO DEAL,Yes,No,Yes,Fiber Optic,No,Yes,No,No,No,No,No,Yes,Month-to-Month,Yes,Bank Withdrawal,74.5,606.55,0.0,0,14.24,620.79,Churned,Dissatisfaction,Poor expertise of online support,1,Elder,25-48 Months,Established,17.736857142857144,14.24,620.79,0.1200083764235893,8.332751677852348,Medium,1,3,0,1,1,0,0,1,0,0,1,0,17.33,57.17,0.0,0.0229385138291531,Medium Value,4842.5,1,Churned
73547-KAR,Female,43,Yes,Karnataka,13,16,NO DEAL,Yes,Yes,Yes,Fiber Optic,No,No,No,No,Yes,No,No,Yes,Month-to-Month,Yes,Bank Withdrawal,84.05,134.05,0.0,0,44.46,178.51,Joined,Others,Others,0,Middle Age,13-24 Months,Growing,11.156875,44.46,178.51,0.4708419696375553,2.1238548483045805,High,1,4,1,0,1,1,0,1,0,0,1,0,8.378125,75.671875,0.0,0.2490616772169626,Low Value,3614.15,1,Churned
37148-BIH,Female,42,No,Bihar,6,2,NO DEAL,Yes,No,Yes,Fiber Optic,No,No,No,No,No,No,No,Yes,Month-to-Month,Yes,Bank Withdrawal,70.05,70.05,0.0,0,27.89,97.94,Churned,Attitude,Attitude of support person,1,Middle Age,0-6 Months,New,48.97,27.89,97.94,0.7152338166224219,1.398144182726624,High,1,2,0,0,1,0,0,1,0,0,1,0,35.025,35.025,0.0,0.2847661833775781,Low Value,2942.1,1,Churned
83187-UTT,Female,36,Yes,Uttar Pradesh,9,7,NO DEAL,Yes,No,Yes,Fiber Optic,No,No,No,No,No,No,No,No,Month-to-Month,No,Bank Withdrawal,70.5,294.2,0.0,10,113.88,418.08,Stayed,Others,Others,0,Middle Age,7-12 Months,Growing,59.72571428571428,123.88,418.08,0.1686280137772675,5.930212765957447,High,1,1,0,0,1,0,0,1,0,0,0,0,42.02857142857143,28.47142857142857,0.0,0.2963069269039418,Low Value,2538.0,1,Churned
63129-PUN,Female,77,Yes,Punjab,5,19,NO DEAL,Yes,No,Yes,Fiber Optic,Yes,No,Yes,Yes,No,Yes,No,No,Month-to-Month,Yes,Credit Card,96.3,1426.75,0.0,150,286.65,1863.4,Churned,Attitude,Attitude of support person,1,Elder,13-24 Months,Growing,98.07368421052632,436.65,1863.4,0.0516797252334442,19.349948078920043,Medium,1,5,1,3,1,0,0,1,1,0,1,0,75.09210526315789,21.207894736842107,0.0,0.2343297198669099,Medium Value,7415.099999999999,1,Churned
66553-TAM,Male,56,Yes,Tamil Nadu,0,3,NO DEAL,Yes,No,No,No Type,No,No,No,No,No,No,No,No,Month-to-Month,No,Bank Withdrawal,19.95,19.95,0.0,0,8.03,27.98,Churned,Price,Long distance charges,1,Senior,0-6 Months,New,9.326666666666666,8.03,27.98,0.7130092923516798,1.4025062656641605,No Referral,0,1,0,0,1,0,0,0,0,0,0,0,6.65,13.3,0.0,0.2869907076483202,Low Value,1117.2,1,Churned
26478-KAR,Female,55,Yes,Karnataka,3,20,Deal 1,Yes,Yes,Yes,DSL,Yes,No,Yes,Yes,No,No,No,Yes,Two Year,No,Credit Card,65.3,4759.75,0.0,0,2986.9,7746.65,Churned,Dissatisfaction,Product dissatisfaction,1,Senior,13-24 Months,Growing,387.3325,2986.9,7746.65,0.0084294501494194,118.63169984686064,Medium,1,6,0,3,1,1,1,1,1,0,0,0,237.9875,-172.6875,0.0,0.3855731187029232,Very High Value,3591.5,1,Churned
12469-AND,Male,24,Yes,Andhra Pradesh,11,4,NO DEAL,Yes,No,Yes,DSL,No,No,No,No,Yes,No,No,Yes,Month-to-Month,Yes,Credit Card,55.3,55.3,0.0,0,36.69,91.99,Joined,Others,Others,0,Young Adult,0-6 Months,New,22.9975,36.69,91.99,0.6011522991629525,1.6634719710669077,High,1,3,1,0,1,0,0,1,0,0,1,0,13.825,41.475,0.0,0.3988477008370475,Low Value,1327.1999999999998,1,Churned
11272-UTT,Female,65,No,Uttar Pradesh,0,19,Deal 5,Yes,Yes,Yes,Fiber Optic,No,No,No,No,No,No,No,Yes,Month-to-Month,Yes,Bank Withdrawal,75.85,256.6,0.0,0,133.02,389.62,Churned,Competitor,Competitor offered more data,1,Elder,13-24 Months,Growing,20.506315789473685,133.02,389.62,0.1946768646373389,5.136717205009888,No Referral,0,3,0,0,1,1,0,1,0,0,1,0,13.505263157894738,62.344736842105256,0.0,0.3414095785637288,Low Value,4930.25,1,Churned
57102-JAM,Female,31,Yes,Jammu & Kashmir,1,22,Deal 3,Yes,No,Yes,Cable,No,No,No,No,Yes,Yes,Yes,Yes,Month-to-Month,Yes,Bank Withdrawal,64.75,2345.2,0.0,0,120.99,2466.19,Churned,Attitude,Attitude of support person,1,Middle Age,13-24 Months,Growing,112.09954545454546,120.99,2466.19,0.026255073615577,38.08787644787645,Low,1,5,3,0,1,0,0,1,0,0,1,0,106.6,-41.85,0.0,0.0490594804131068,High Value,2007.25,1,Churned
87423-WES,Female,71,No,West Bengal,9,6,NO DEAL,Yes,Yes,Yes,Fiber Optic,No,No,No,No,No,Yes,Yes,Yes,Month-to-Month,No,Bank Withdrawal,85.3,2661.1,0.0,0,1587.2,4248.3,Churned,Competitor,Competitor had better devices,1,Elder,0-6 Months,New,708.0500000000001,1587.2,4248.3,0.0200786196831673,49.8042203985932,High,1,5,2,0,1,1,0,1,0,0,0,0,443.51666666666665,-358.21666666666664,0.0,0.3736082668361462,High Value,6056.3,1,Churned
72431-UTT,Female,50,Yes,Uttar Pradesh,5,14,Deal 5,No,No,Yes,Cable,No,Yes,No,No,No,No,No,Yes,Month-to-Month,Yes,Bank Withdrawal,29.6,79.45,0.0,0,0.0,79.45,Churned,Competitor,Competitor had better devices,1,Senior,13-24 Months,Growing,5.675,0.0,79.45,0.3725613593455003,2.684121621621621,Medium,1,2,0,1,0,0,0,1,0,0,1,0,5.675,23.925,0.0,0.0,Low Value,1480.0,1,Churned
47952-JHA,Female,18,No,Jharkhand,6,5,NO DEAL,Yes,No,Yes,Fiber Optic,Yes,No,No,No,Yes,No,Yes,No,Month-to-Month,No,Bank Withdrawal,86.2,1270.2,0.0,100,300.45,1670.65,Churned,Dissatisfaction,Lack of self-service on Website,1,Teen,0-6 Months,New,334.13,400.45,1670.65,0.0515966839254182,19.38109048723898,High,1,4,2,1,1,0,0,1,1,0,0,0,254.04,-167.84000000000003,0.0,0.2396971238739412,Medium Value,1551.6,1,Churned
47895-TAM,Male,65,Yes,Tamil Nadu,6,28,Deal 5,Yes,Yes,Yes,Fiber Optic,No,No,No,No,No,No,No,Yes,Month-to-Month,Yes,Bank Withdrawal,74.4,74.4,0.0,0,11.08,85.48,Churned,Price,Price too high,1,Elder,25-48 Months,Established,3.052857142857143,11.08,85.48,0.8703790360318203,1.1489247311827957,High,1,3,0,0,1,1,0,1,0,0,1,0,2.657142857142857,71.74285714285715,0.0,0.1296209639681796,Low Value,4836.0,1,Churned
94874-MAH,Female,61,No,Maharashtra,12,2,NO DEAL,Yes,Yes,Yes,Fiber Optic,No,No,Yes,No,Yes,Yes,Yes,Yes,Month-to-Month,Yes,Bank Withdrawal,99.05,2952.85,0.0,0,647.57,3600.42,Churned,Competitor,Competitor offered higher download speeds,1,Elder,0-6 Months,New,1800.21,647.57,3600.42,0.027510679309636,36.34952044422009,High,1,7,3,1,1,1,0,1,0,0,1,0,1476.425,-1377.375,0.0,0.1798595719388293,High Value,6042.05,1,Churned
77137-MAH,Male,52,No,Maharashtra,1,8,Deal 5,Yes,No,Yes,DSL,No,No,No,No,No,No,No,Yes,Month-to-Month,Yes,Mailed Check,45.55,45.55,0.0,0,16.34,61.89,Joined,Others,Others,0,Senior,7-12 Months,Growing,7.73625,16.34,61.89,0.7359831959928905,1.3587266739846324,Low,1,2,0,0,1,0,0,1,0,0,1,0,5.69375,39.85625,0.0,0.2640168040071093,Low Value,2368.6,1,Churned
57780-BIH,Female,57,No,Bihar,10,30,Deal 2,Yes,Yes,Yes,Fiber Optic,No,Yes,Yes,Yes,Yes,Yes,Yes,No,Month-to-Month,Yes,Bank Withdrawal,109.15,6941.2,0.0,140,608.4,7689.6,Churned,Attitude,Attitude of support person,1,Senior,25-48 Months,Established,256.32,748.4,7689.6,0.0141944964627548,70.44983967017865,High,1,8,3,3,1,1,0,1,0,0,1,0,231.3733333333333,-122.22333333333331,0.0,0.0973262588431127,Very High Value,6221.55,1,Churned
35075-PUN,Male,64,Yes,Punjab,5,9,NO DEAL,Yes,No,Yes,Cable,No,No,Yes,Yes,No,No,No,Yes,Month-to-Month,No,Credit Card,55.05,55.05,0.0,0,14.65,69.7,Joined,Others,Others,0,Elder,7-12 Months,Growing,7.7444444444444445,14.65,69.7,0.7898134863701577,1.266121707538601,Medium,1,4,0,2,1,0,0,1,0,0,0,0,6.116666666666666,48.93333333333333,0.0,0.2101865136298421,Low Value,3523.2,1,Churned
39718-JAM,Male,35,Yes,Jammu & Kashmir,14,32,NO DEAL,Yes,No,Yes,DSL,No,No,No,No,No,No,No,Yes,Month-to-Month,Yes,Credit Card,44.85,435.4,0.0,0,495.8,931.2,Churned,Competitor,Competitor made better offer,1,Middle Age,25-48 Months,Established,29.1,495.8,931.2,0.0481636597938144,20.762541806020067,High,1,2,0,0,1,0,0,1,0,0,1,0,13.60625,31.24375,0.0,0.5324312714776632,Medium Value,1569.75,1,Churned
23230-MAH,Male,21,Yes,Maharashtra,12,4,NO DEAL,Yes,No,Yes,Cable,No,No,No,No,No,Yes,Yes,Yes,Month-to-Month,Yes,Bank Withdrawal,55.0,55.0,0.0,0,47.22,102.22,Churned,Competitor,Competitor had better devices,1,Young Adult,0-6 Months,New,25.555,47.22,102.22,0.5380551751125024,1.8585454545454545,High,1,4,2,0,1,0,0,1,0,0,1,0,13.75,41.25,0.0,0.4619448248874975,Low Value,1155.0,1,Churned
17002-UTT,Male,51,No,Uttar Pradesh,10,34,NO DEAL,Yes,Yes,Yes,Fiber Optic,No,No,No,No,Yes,Yes,Yes,Yes,Month-to-Month,No,Bank Withdrawal,95.65,778.1,0.0,0,237.28,1015.38,Churned,Attitude,Attitude of support person,1,Senior,25-48 Months,Established,29.864117647058823,237.28,1015.38,0.0942011857629656,10.615577626764244,High,1,6,3,0,1,1,0,1,0,0,0,0,22.88529411764706,72.76470588235294,0.0,0.2336859106935334,Medium Value,4878.150000000001,1,Churned
52785-HAR,Female,76,No,Haryana,7,30,Deal 3,Yes,Yes,Yes,Fiber Optic,Yes,No,No,No,Yes,Yes,Yes,Yes,Month-to-Month,Yes,Bank Withdrawal,99.05,3554.6,0.0,0,1107.4,4662.0,Stayed,Others,Others,0,Elder,25-48 Months,Established,155.4,1107.4,4662.0,0.0212462462462462,47.06713780918728,High,1,7,3,1,1,1,0,1,1,0,1,0,118.48666666666666,-19.436666666666667,0.0,0.2375375375375375,High Value,7527.8,1,Churned
61474-TEL,Male,52,Yes,Telangana,11,17,NO DEAL,Yes,No,No,No Type,No,No,No,No,No,No,No,No,Month-to-Month,No,Credit Card,20.35,20.35,0.0,0,31.97,52.32,Joined,Others,Others,0,Senior,13-24 Months,Growing,3.0776470588235294,31.97,52.32,0.3889525993883792,2.571007371007371,High,1,1,0,0,1,0,0,0,0,0,0,0,1.197058823529412,19.15294117647059,0.0,0.6110474006116208,Low Value,1058.2,1,Churned
63883-KAR,Female,33,Yes,Karnataka,12,26,NO DEAL,Yes,No,No,No Type,No,No,No,No,No,No,No,No,Month-to-Month,Yes,Mailed Check,20.45,42.45,0.0,0,94.38,136.83,Joined,Others,Others,0,Middle Age,25-48 Months,Established,5.2626923076923084,94.38,136.83,0.1494555287583132,6.690953545232275,High,1,1,0,0,1,0,0,0,0,0,1,0,1.632692307692308,18.81730769230769,0.0,0.6897610173207629,Low Value,674.85,1,Churned
19041-AND,Female,36,No,Andhra Pradesh,6,21,Deal 5,No,No,Yes,Cable,Yes,No,No,Yes,No,No,No,Yes,Month-to-Month,No,Credit Card,35.1,101.1,0.0,0,0.0,101.1,Joined,Others,Others,0,Middle Age,13-24 Months,Growing,4.814285714285714,0.0,101.1,0.3471810089020772,2.88034188034188,High,1,3,0,2,0,0,0,1,1,0,0,0,4.814285714285714,30.28571428571429,0.0,0.0,Low Value,1263.6,1,Churned
37660-WES,Female,23,Yes,West Bengal,7,7,Deal 3,Yes,Yes,Yes,Cable,Yes,No,Yes,Yes,Yes,Yes,Yes,No,One Year,Yes,Credit Card,85.95,3110.1,0.0,0,308.0,3418.1,Churned,Price,Extra data charges,1,Young Adult,7-12 Months,Growing,488.3,308.0,3418.1,0.0251455486966443,39.76847004072135,High,1,8,3,3,1,1,1,1,1,0,1,0,444.3,-358.35,0.0,0.0901085398320704,High Value,1976.85,1,Churned
25869-BIH,Female,54,No,Bihar,2,7,NO DEAL,Yes,Yes,Yes,Fiber Optic,No,No,No,No,Yes,Yes,Yes,Yes,Month-to-Month,Yes,Bank Withdrawal,95.6,2595.25,0.0,0,949.59,3544.84,Stayed,Others,Others,0,Senior,7-12 Months,Growing,506.4057142857143,949.59,3544.84,0.0269687771521422,37.07991631799163,Low,1,6,3,0,1,1,0,1,0,0,1,0,370.75,-275.15,0.0,0.2678795093713679,High Value,5162.4,1,Churned
23587-JHA,Female,67,Yes,Jharkhand,1,6,Deal 4,Yes,Yes,Yes,Cable,No,Yes,Yes,No,Yes,Yes,No,No,Month-to-Month,Yes,Bank Withdrawal,106.9,1364.3,0.0,10,424.84,1799.14,Churned,Competitor,Competitor had better devices,1,Elder,0-6 Months,New,299.8566666666667,434.84,1799.14,0.0594172771435241,16.830121608980356,Low,1,6,2,2,1,1,0,1,0,0,1,0,227.38333333333333,-120.48333333333332,0.0,0.2416932534433117,Medium Value,7162.3,1,Churned
74378-KAR,Female,37,Yes,Karnataka,12,30,NO DEAL,Yes,No,Yes,DSL,Yes,No,No,Yes,No,No,No,Yes,Month-to-Month,Yes,Credit Card,54.45,87.3,0.0,0,39.74,127.04,Joined,Others,Others,0,Middle Age,25-48 Months,Established,4.234666666666667,39.74,127.04,0.4286051637279597,2.333149678604224,High,1,4,0,2,1,0,0,1,1,0,1,0,2.91,51.540000000000006,0.0,0.3128148614609571,Low Value,2014.65,1,Churned
81081-AND,Female,72,No,Andhra Pradesh,12,16,NO DEAL,Yes,Yes,Yes,Fiber Optic,No,Yes,No,No,Yes,Yes,No,Yes,Month-to-Month,Yes,Bank Withdrawal,100.2,1369.8,0.0,0,658.14,2027.94,Churned,Dissatisfaction,Service dissatisfaction,1,Elder,13-24 Months,Growing,126.74625,658.14,2027.94,0.0494097458504689,20.238922155688623,High,1,6,2,1,1,1,0,1,0,0,1,0,85.6125,14.587500000000006,0.0,0.3245362288825113,Medium Value,7214.400000000001,1,Churned
38256-ODI,Male,47,Yes,Odisha,8,26,NO DEAL,Yes,No,Yes,Fiber Optic,No,No,No,No,No,No,No,Yes,Month-to-Month,No,Bank Withdrawal,71.0,672.55,8.35,0,220.68,884.88,Churned,Competitor,Competitor offered more data,1,Senior,25-48 Months,Established,34.03384615384616,220.68,876.53,0.0802368682759244,12.463098591549295,High,1,2,0,0,1,0,0,1,0,0,0,0,25.86730769230769,45.13269230769231,0.0124154337967437,0.2493897477624084,Medium Value,3337.0,1,Churned
24768-UTT,Female,30,No,Uttar Pradesh,15,6,NO DEAL,Yes,No,Yes,Fiber Optic,Yes,No,No,No,No,No,No,Yes,Month-to-Month,No,Mailed Check,75.3,75.3,0.0,0,4.13,79.43,Churned,Competitor,Competitor had better devices,1,Young Adult,0-6 Months,New,13.238333333333337,4.13,79.43,0.9480045322925844,1.054847277556441,High,1,3,0,1,1,0,0,1,1,0,0,0,12.55,62.75,0.0,0.0519954677074153,Low Value,2259.0,1,Churned
18730-KAR,Female,78,No,Karnataka,7,14,NO DEAL,Yes,Yes,Yes,Cable,No,No,No,No,Yes,Yes,No,Yes,Month-to-Month,Yes,Bank Withdrawal,95.6,644.35,0.0,0,153.37,797.72,Churned,Competitor,Competitor made better offer,1,Elder,13-24 Months,Growing,56.98,153.37,797.72,0.1198415484129769,8.344351464435148,High,1,5,2,0,1,1,0,1,0,0,1,0,46.025,49.575,0.0,0.1922604422604422,Medium Value,7456.799999999999,1,Churned
23605-MAH,Female,31,Yes,Maharashtra,1,19,NO DEAL,Yes,No,No,No Type,No,No,No,No,No,No,No,No,Month-to-Month,No,Credit Card,20.75,20.75,0.0,0,7.57,28.32,Joined,Others,Others,0,Middle Age,13-24 Months,Growing,1.4905263157894737,7.57,28.32,0.7326977401129944,1.3648192771084338,Low,1,1,0,0,1,0,0,0,0,0,0,0,1.0921052631578947,19.657894736842103,0.0,0.2673022598870057,Low Value,643.25,1,Churned
41330-AND,Female,56,No,Andhra Pradesh,6,34,NO DEAL,Yes,No,Yes,Fiber Optic,No,No,Yes,No,Yes,Yes,Yes,Yes,Month-to-Month,Yes,Credit Card,94.7,1914.9,0.0,0,831.6,2746.5,Churned,Attitude,Attitude of support person,1,Senior,25-48 Months,Established,80.77941176470588,831.6,2746.5,0.034480247587839,29.002111932418163,High,1,6,3,1,1,0,0,1,0,0,1,0,56.32058823529412,38.379411764705885,0.0,0.3027853631895139,High Value,5303.2,1,Churned
61598-ASS,Female,39,No,Assam,10,14,NO DEAL,Yes,No,Yes,Fiber Optic,No,Yes,Yes,No,Yes,Yes,Yes,Yes,Month-to-Month,Yes,Bank Withdrawal,101.25,1457.25,0.0,0,252.3,1709.55,Churned,Dissatisfaction,Lack of self-service on Website,1,Middle Age,13-24 Months,Growing,122.11071428571428,252.3,1709.55,0.0592261121347723,16.884444444444444,High,1,7,3,2,1,0,0,1,0,0,1,0,104.08928571428572,-2.839285714285708,0.0,0.1475826972010178,Medium Value,3948.75,1,Churned
49244-HAR,Male,33,Yes,Haryana,4,9,NO DEAL,Yes,No,Yes,DSL,Yes,Yes,No,No,No,No,No,Yes,Month-to-Month,Yes,Credit Card,53.85,108.15,0.0,0,20.94,129.09,Churned,Competitor,Competitor made better offer,1,Middle Age,7-12 Months,Growing,14.343333333333334,20.94,129.09,0.4171508250058099,2.3972144846796657,Medium,1,4,0,2,1,0,0,1,1,0,1,0,12.016666666666667,41.833333333333336,0.0,0.1622124099465489,Low Value,1777.05,1,Churned
73142-RAJ,Male,49,No,Rajasthan,12,17,Deal 5,Yes,No,Yes,DSL,No,No,No,No,No,No,No,Yes,Month-to-Month,No,Credit Card,46.2,46.2,0.0,0,48.58,94.78,Churned,Attitude,Attitude of support person,1,Senior,13-24 Months,Growing,5.575294117647059,48.58,94.78,0.4874446085672083,2.0515151515151517,High,1,2,0,0,1,0,0,1,0,0,0,0,2.717647058823529,43.48235294117647,0.0,0.5125553914327917,Low Value,2263.8,1,Churned
31805-ASS,Male,47,No,Assam,1,22,Deal 5,Yes,No,Yes,Fiber Optic,No,No,Yes,Yes,No,No,No,Yes,Month-to-Month,Yes,Mailed Check,80.6,319.15,0.0,0,57.2,376.35,Churned,Competitor,Competitor offered more data,1,Senior,13-24 Months,Growing,17.106818181818184,57.2,376.35,0.2141623488773747,4.669354838709678,Low,1,4,0,2,1,0,0,1,0,0,1,0,14.50681818181818,66.09318181818182,0.0,0.1519861830742659,Low Value,3788.2,1,Churned
98630-TAM,Female,70,Yes,Tamil Nadu,12,20,Deal 3,Yes,Yes,Yes,Fiber Optic,No,No,No,No,No,Yes,No,Yes,Month-to-Month,Yes,Bank Withdrawal,84.1,3021.6,0.0,0,1139.4,4161.0,Churned,Competitor,Competitor made better offer,1,Elder,13-24 Months,Growing,208.05,1139.4,4161.0,0.0202114876231675,49.47681331747919,High,1,4,1,0,1,1,0,1,0,0,1,0,151.07999999999998,-66.97999999999999,0.0,0.2738284066330209,High Value,5887.0,1,Churned
82481-TAM,Female,75,Yes,Tamil Nadu,11,1,NO DEAL,No,No,Yes,DSL,No,No,Yes,No,No,No,No,Yes,Month-to-Month,Yes,Bank Withdrawal,30.4,78.65,0.0,0,0.0,78.65,Churned,Attitude,Attitude of support person,1,Elder,0-6 Months,New,78.65,0.0,78.65,0.3865225683407501,2.587171052631579,High,1,2,0,1,0,0,0,1,0,0,1,0,78.65,-48.25000000000001,0.0,0.0,Low Value,2280.0,1,Churned
73829-DEL,Female,25,No,Delhi,6,36,NO DEAL,Yes,No,Yes,Fiber Optic,No,No,No,No,No,No,No,Yes,Month-to-Month,Yes,Credit Card,71.0,914.0,0.0,0,507.5,1421.5,Churned,Other,Don't know,1,Young Adult,25-48 Months,Established,39.48611111111112,507.5,1421.5,0.0499472388322194,20.02112676056338,High,1,2,0,0,1,0,0,1,0,0,1,0,25.38888888888889,45.61111111111112,0.0,0.3570172353148083,Medium Value,1775.0,1,Churned
22765-MAH,Female,40,Yes,Maharashtra,6,16,Deal 5,Yes,No,No,No Type,No,No,No,No,No,No,No,No,Month-to-Month,No,Bank Withdrawal,19.45,19.45,0.0,0,16.44,35.89,Joined,Others,Others,0,Middle Age,13-24 Months,Growing,2.243125,16.44,35.89,0.5419336862635832,1.8452442159383036,High,1,1,0,0,1,0,0,0,0,0,0,0,1.215625,18.234375,0.0,0.4580663137364169,Low Value,778.0,1,Churned
95174-GUJ,Female,66,Yes,Gujarat,7,12,Deal 5,Yes,No,Yes,Cable,Yes,No,No,No,Yes,Yes,Yes,Yes,Month-to-Month,No,Credit Card,69.7,516.15,0.0,0,36.19,552.34,Stayed,Others,Others,0,Elder,7-12 Months,Growing,46.028333333333336,36.19,552.34,0.1261903899771879,7.924533715925395,High,1,6,3,1,1,0,0,1,1,0,0,0,43.0125,26.687500000000007,0.0,0.0655212369192888,Low Value,4600.2,1,Churned
79608-GUJ,Female,49,Yes,Gujarat,6,21,NO DEAL,Yes,No,Yes,Fiber Optic,No,No,Yes,Yes,No,Yes,Yes,Yes,Month-to-Month,No,Credit Card,90.0,190.05,0.0,0,93.84,283.89,Churned,Competitor,Competitor made better offer,1,Senior,13-24 Months,Growing,13.518571428571429,93.84,283.89,0.3170241995138962,3.154333333333333,High,1,6,2,2,1,0,0,1,0,0,0,0,9.05,80.95,0.0,0.3305505653598224,Low Value,4410.0,1,Churned
73860-TEL,Female,52,No,Telangana,5,7,Deal 2,Yes,No,No,No Type,No,No,No,No,No,No,No,No,One Year,Yes,Bank Withdrawal,20.4,930.45,0.0,0,1143.0,2073.45,Churned,Price,Long distance charges,1,Senior,7-12 Months,Growing,296.20714285714286,1143.0,2073.45,0.009838674672647,101.63970588235294,Medium,1,1,0,0,1,0,1,0,0,0,1,0,132.92142857142858,-112.52142857142856,0.0,0.5512551544527238,Medium Value,1060.8,1,Churned
87939-PUN,Female,30,No,Punjab,14,8,NO DEAL,Yes,Yes,Yes,Fiber Optic,No,No,No,No,No,No,No,Yes,Month-to-Month,Yes,Mailed Check,74.25,74.25,0.0,0,21.8,96.05,Churned,Other,Don't know,1,Young Adult,7-12 Months,Growing,12.00625,21.8,96.05,0.7730348776678814,1.2936026936026936,High,1,3,0,0,1,1,0,1,0,0,1,0,9.28125,64.96875,0.0,0.2269651223321187,Low Value,2227.5,1,Churned
69381-KER,Female,43,No,Kerala,5,34,NO DEAL,Yes,Yes,Yes,Fiber Optic,No,No,No,No,Yes,No,No,Yes,One Year,No,Bank Withdrawal,84.05,2781.85,0.0,0,1288.32,4070.17,Churned,Other,Moved,1,Middle Age,25-48 Months,Established,119.71088235294118,1288.32,4070.17,0.0206502431102386,48.42558001189768,Medium,1,4,1,0,1,1,1,1,0,0,0,0,81.81911764705882,2.23088235294118,0.0,0.3165273194977114,High Value,3614.15,1,Churned
68268-KAR,Male,73,No,Karnataka,6,24,Deal 2,Yes,No,Yes,Fiber Optic,Yes,No,No,No,No,No,No,Yes,Month-to-Month,Yes,Credit Card,74.15,3229.4,0.0,0,121.8,3351.2,Churned,Attitude,Attitude of support person,1,Elder,13-24 Months,Growing,139.63333333333333,121.8,3351.2,0.0221264024826927,45.194875252865806,High,1,3,0,1,1,0,0,1,1,0,1,0,134.55833333333334,-60.40833333333333,0.0,0.0363451897827643,High Value,5412.950000000001,1,Churned
99831-JAM,Male,58,Yes,Jammu & Kashmir,3,36,Deal 5,Yes,No,Yes,Fiber Optic,No,No,No,No,No,No,No,Yes,Month-to-Month,Yes,Bank Withdrawal,69.1,69.1,0.0,0,38.66,107.76,Churned,Competitor,Competitor made better offer,1,Senior,25-48 Months,Established,2.9933333333333336,38.66,107.76,0.6412397921306606,1.5594790159189582,Medium,1,2,0,0,1,0,0,1,0,0,1,0,1.9194444444444445,67.18055555555554,0.0,0.3587602078693392,Low Value,4007.8,1,Churned
93521-MAH,Female,55,No,Maharashtra,6,35,NO DEAL,Yes,No,Yes,DSL,No,No,No,Yes,No,No,No,No,Month-to-Month,Yes,Bank Withdrawal,-1.0,49.3,0.0,10,14.97,74.27,Joined,Others,Others,0,Senior,25-48 Months,Established,2.122,24.97,74.27,-0.0134643866971859,-74.27,High,1,2,0,1,1,0,0,1,0,0,1,0,1.4085714285714286,-2.4085714285714284,0.0,0.336205735828733,Low Value,-55.0,1,Churned
56460-MAH,Male,38,Yes,Maharashtra,12,23,Deal 5,Yes,No,Yes,Fiber Optic,No,No,No,No,No,No,No,No,Month-to-Month,No,Credit Card,-1.0,129.2,0.0,10,5.44,144.64,Joined,Others,Others,0,Middle Age,13-24 Months,Growing,6.288695652173913,15.44,144.64,-0.0069137168141592,-144.64,High,1,1,0,0,1,0,0,1,0,0,0,0,5.617391304347826,-6.617391304347826,0.0,0.1067477876106194,Low Value,-38.0,1,Churned
94305-KAR,Male,49,Yes,Karnataka,5,18,Deal 5,Yes,No,No,No Type,No,No,No,No,No,No,No,No,Month-to-Month,No,Bank Withdrawal,19.75,19.75,0.0,0,5.32,25.07,Joined,Others,Others,0,Senior,13-24 Months,Growing,1.392777777777778,5.32,25.07,0.7877941763063422,1.269367088607595,Medium,1,1,0,0,1,0,0,0,0,0,0,0,1.0972222222222223,18.65277777777778,0.0,0.2122058236936577,Low Value,967.75,1,Churned
91425-TEL,Female,40,Yes,Telangana,14,13,NO DEAL,Yes,No,Yes,Fiber Optic,No,No,No,No,No,No,No,Yes,Month-to-Month,Yes,Bank Withdrawal,70.95,137.95,0.0,0,30.66,168.61,Churned,Dissatisfaction,Poor expertise of phone support,1,Middle Age,13-24 Months,Growing,12.97,30.66,168.61,0.420793547239191,2.3764622973925302,High,1,2,0,0,1,0,0,1,0,0,1,0,10.61153846153846,60.33846153846154,0.0,0.1818397485321155,Low Value,2838.0,1,Churned
83253-KER,Male,25,No,Kerala,9,4,NO DEAL,Yes,No,Yes,Fiber Optic,No,No,No,No,Yes,Yes,Yes,Yes,Month-to-Month,Yes,Bank Withdrawal,88.35,88.35,0.0,0,14.26,102.61,Churned,Competitor,Competitor offered higher download speeds,1,Young Adult,0-6 Months,New,25.6525,14.26,102.61,0.8610271903323262,1.16140350877193,High,1,5,3,0,1,0,0,1,0,0,1,0,22.0875,66.26249999999999,0.0,0.1389728096676737,Low Value,2208.75,1,Churned
15591-KAR,Female,26,No,Karnataka,3,31,NO DEAL,Yes,No,No,No Type,No,No,No,No,No,No,No,No,Month-to-Month,No,Credit Card,20.4,20.4,0.0,0,45.91,66.31,Joined,Others,Others,0,Young Adult,25-48 Months,Established,2.139032258064516,45.91,66.31,0.3076459055949329,3.250490196078432,Medium,1,1,0,0,1,0,0,0,0,0,0,0,0.6580645161290322,19.741935483870968,0.0,0.692354094405067,Low Value,530.4,1,Churned
89673-KAR,Female,38,Yes,Karnataka,2,23,NO DEAL,Yes,Yes,Yes,Fiber Optic,No,No,No,No,Yes,No,No,Yes,Month-to-Month,Yes,Bank Withdrawal,82.85,460.25,48.95,0,51.54,462.84,Churned,Competitor,Competitor had better devices,1,Middle Age,13-24 Months,Growing,20.123478260869565,51.54,413.89,0.1790035433411114,5.586481593240797,Low,1,4,1,0,1,1,0,1,0,0,1,0,20.01086956521739,62.83913043478261,0.1063552417164584,0.1113559761472647,Low Value,3148.3,1,Churned
73877-TEL,Male,58,Yes,Telangana,3,5,NO DEAL,Yes,Yes,Yes,Fiber Optic,Yes,No,No,Yes,Yes,No,No,Yes,Month-to-Month,Yes,Credit Card,96.2,1222.05,0.0,0,295.68,1517.73,Churned,Competitor,Competitor had better devices,1,Senior,0-6 Months,New,303.546,295.68,1517.73,0.0633841328826602,15.776819126819127,Medium,1,6,1,2,1,1,0,1,1,0,1,0,244.41,-148.20999999999998,0.0,0.1948172599869542,Medium Value,5579.6,1,Churned
52389-TAM,Male,59,No,Tamil Nadu,3,32,Deal 3,Yes,Yes,Yes,Fiber Optic,No,Yes,Yes,No,No,No,No,No,Month-to-Month,Yes,Bank Withdrawal,84.85,2048.8,0.0,80,315.12,2443.92,Stayed,Others,Others,0,Senior,25-48 Months,Established,76.3725,395.12,2443.92,0.0347188123997512,28.802828520919277,Medium,1,4,0,2,1,1,0,1,0,0,1,0,64.025,20.82499999999999,0.0,0.1616746865691184,High Value,5006.15,1,Churned
98334-MAD,Male,67,Yes,Madhya Pradesh,15,20,NO DEAL,Yes,No,No,No Type,No,No,No,No,No,No,No,No,Month-to-Month,No,Bank Withdrawal,20.2,65.95,0.0,0,95.43,161.38,Joined,Others,Others,0,Elder,13-24 Months,Growing,8.068999999999999,95.43,161.38,0.1251704052546784,7.9891089108910895,High,1,1,0,0,1,0,0,0,0,0,0,0,3.2975000000000003,16.9025,0.0,0.5913372165076218,Low Value,1353.4,1,Churned
68877-PUD,Male,22,Yes,Puducherry,6,10,Deal 4,Yes,Yes,Yes,Fiber Optic,No,Yes,No,No,No,No,Yes,Yes,Month-to-Month,Yes,Bank Withdrawal,82.35,1852.85,0.0,0,267.96,2120.81,Churned,Dissatisfaction,Network reliability,1,Young Adult,7-12 Months,Growing,212.081,267.96,2120.81,0.038829503821653,25.753612629022467,High,1,5,1,1,1,1,0,1,0,0,1,0,185.285,-102.935,0.0,0.1263479519617504,High Value,1811.7,1,Churned
73366-ASS,Female,65,Yes,Assam,15,2,Deal 5,Yes,Yes,Yes,Fiber Optic,No,No,No,No,No,No,No,Yes,Month-to-Month,Yes,Bank Withdrawal,74.6,74.6,0.0,0,44.73,119.33,Churned,Competitor,Competitor made better offer,1,Elder,0-6 Months,New,59.665,44.73,119.33,0.6251571272940585,1.5995978552278822,High,1,3,0,0,1,1,0,1,0,0,1,0,37.3,37.3,0.0,0.3748428727059414,Low Value,4849.0,1,Churned
65827-MAD,Female,59,No,Madhya Pradesh,14,1,NO DEAL,Yes,No,Yes,Fiber Optic,No,No,No,No,No,No,No,Yes,Month-to-Month,Yes,Bank Withdrawal,67.75,116.65,0.0,0,23.5,140.15,Churned,Other,Don't know,1,Senior,0-6 Months,New,140.15,23.5,140.15,0.4834106314662861,2.068634686346864,High,1,2,0,0,1,0,0,1,0,0,1,0,116.65,-48.900000000000006,0.0,0.16767748840528,Low Value,3997.25,1,Churned
57049-AND,Male,64,No,Andhra Pradesh,11,28,Deal 5,No,No,Yes,DSL,No,No,No,No,No,Yes,Yes,Yes,Month-to-Month,No,Mailed Check,35.05,35.05,0.0,0,0.0,35.05,Churned,Competitor,Competitor offered higher download speeds,1,Elder,25-48 Months,Established,1.2517857142857145,0.0,35.05,1.0,1.0,High,1,3,2,0,0,0,0,1,0,0,0,0,1.2517857142857145,33.79821428571428,0.0,0.0,Low Value,2243.2,1,Churned
57809-JAM,Female,22,No,Jammu & Kashmir,8,10,NO DEAL,Yes,No,Yes,Fiber Optic,No,No,No,No,Yes,Yes,Yes,Yes,Month-to-Month,No,Bank Withdrawal,88.15,1390.6,0.0,0,184.05,1574.65,Churned,Dissatisfaction,Product dissatisfaction,1,Young Adult,7-12 Months,Growing,157.465,184.05,1574.65,0.0559806941225034,17.863301191151447,High,1,5,3,0,1,0,0,1,0,0,0,0,139.06,-50.91,0.0,0.1168831168831168,Medium Value,1939.3,1,Churned
58904-TAM,Male,75,Yes,Tamil Nadu,1,4,NO DEAL,Yes,No,Yes,DSL,No,No,No,No,No,No,No,Yes,Month-to-Month,Yes,Bank Withdrawal,44.15,92.65,0.0,0,87.32,179.97,Churned,Attitude,Attitude of support person,1,Elder,0-6 Months,New,44.9925,87.32,179.97,0.2453186642218147,4.076330690826727,Low,1,2,0,0,1,0,0,1,0,0,1,0,23.1625,20.9875,0.0,0.4851919764405178,Low Value,3311.25,1,Churned
11878-RAJ,Male,75,Yes,Rajasthan,15,17,NO DEAL,Yes,No,Yes,Fiber Optic,No,No,No,No,No,No,No,Yes,Month-to-Month,Yes,Bank Withdrawal,71.8,1167.8,0.0,0,734.4,1902.2,Churned,Competitor,Competitor offered more data,1,Elder,13-24 Months,Growing,111.89411764705882,734.4,1902.2,0.037745768058038,26.493036211699167,High,1,2,0,0,1,0,0,1,0,0,1,0,68.69411764705882,3.10588235294118,0.0,0.3860792766270634,Medium Value,5385.0,1,Churned
43073-UTT,Male,73,No,Uttar Pradesh,1,11,NO DEAL,Yes,Yes,Yes,Fiber Optic,No,Yes,Yes,No,Yes,Yes,No,Yes,Month-to-Month,No,Bank Withdrawal,106.35,3520.75,0.0,0,253.44,3774.19,Churned,Other,Moved,1,Elder,7-12 Months,Growing,343.10818181818183,253.44,3774.19,0.0281782316205596,35.488387400094034,Low,1,7,2,2,1,1,0,1,0,0,0,0,320.0681818181818,-213.71818181818185,0.0,0.0671508323640304,High Value,7763.549999999999,1,Churned
19943-ASS,Female,25,No,Assam,3,29,Deal 1,Yes,Yes,Yes,Fiber Optic,No,Yes,No,Yes,Yes,Yes,Yes,Yes,One Year,Yes,Bank Withdrawal,104.05,6890.0,0.0,0,1324.62,8214.62,Churned,Competitor,Competitor offered more data,1,Young Adult,25-48 Months,Established,283.2627586206897,1324.62,8214.62,0.0126664410526597,78.9487746275829,Medium,1,8,3,2,1,1,1,1,0,0,1,0,237.5862068965517,-133.53620689655173,0.0,0.1612515247205591,Very High Value,2601.25,1,Churned
25421-PUD,Female,19,No,Puducherry,2,12,Deal 5,Yes,No,Yes,Fiber Optic,No,Yes,No,No,No,No,Yes,Yes,Month-to-Month,Yes,Bank Withdrawal,74.7,74.7,0.0,0,44.11,118.81,Churned,Competitor,Competitor offered more data,1,Young Adult,7-12 Months,Growing,9.900833333333331,44.11,118.81,0.6287349549701203,1.5904953145917,Low,1,4,1,1,1,0,0,1,0,0,1,0,6.2250000000000005,68.47500000000001,0.0,0.3712650450298796,Low Value,1419.3,1,Churned
31340-PUD,Male,70,Yes,Puducherry,6,13,Deal 2,Yes,Yes,Yes,Fiber Optic,No,No,Yes,No,Yes,Yes,No,Yes,Month-to-Month,No,Bank Withdrawal,100.6,5746.15,0.0,0,2399.7,8145.85,Churned,Dissatisfaction,Network reliability,1,Elder,13-24 Months,Growing,626.6038461538462,2399.7,8145.85,0.0123498468545332,80.97266401590458,High,1,6,2,1,1,1,0,1,0,0,0,0,442.0115384615384,-341.4115384615384,0.0,0.2945917246205122,Very High Value,7042.0,1,Churned
65524-BIH,Female,83,No,Bihar,2,13,NO DEAL,No,No,Yes,Cable,No,No,No,No,Yes,No,No,Yes,Month-to-Month,Yes,Bank Withdrawal,36.45,36.45,0.0,0,0.0,36.45,Churned,Dissatisfaction,Service dissatisfaction,1,Elder,13-24 Months,Growing,2.803846153846154,0.0,36.45,1.0,1.0,Low,1,2,1,0,0,0,0,1,0,0,1,0,2.803846153846154,33.64615384615385,0.0,0.0,Low Value,3025.3500000000004,1,Churned
47737-UTT,Male,42,No,Uttar Pradesh,15,25,NO DEAL,Yes,No,No,No Type,No,No,No,No,No,No,No,No,Month-to-Month,No,Credit Card,19.65,19.65,0.0,0,16.91,36.56,Joined,Others,Others,0,Middle Age,25-48 Months,Established,1.4624,16.91,36.56,0.5374726477024069,1.8605597964376592,High,1,1,0,0,1,0,0,0,0,0,0,0,0.7859999999999999,18.864,0.0,0.4625273522975929,Low Value,825.3,1,Churned
28998-GUJ,Female,71,Yes,Gujarat,15,10,NO DEAL,Yes,Yes,Yes,Cable,No,No,Yes,No,Yes,Yes,No,No,Month-to-Month,Yes,Bank Withdrawal,100.65,5688.05,0.0,130,1893.36,7711.41,Churned,Attitude,Attitude of support person,1,Elder,7-12 Months,Growing,771.141,2023.36,7711.41,0.0130520877504892,76.6160953800298,High,1,5,2,1,1,1,0,1,0,0,1,0,568.8050000000001,-468.1550000000001,0.0,0.2623852187861882,Very High Value,7146.150000000001,1,Churned
32103-GUJ,Female,76,No,Gujarat,12,28,NO DEAL,Yes,Yes,Yes,Fiber Optic,No,No,No,No,Yes,Yes,Yes,Yes,Month-to-Month,Yes,Bank Withdrawal,95.05,1290.0,0.0,0,247.39,1537.39,Churned,Competitor,Competitor made better offer,1,Elder,25-48 Months,Established,54.90678571428572,247.39,1537.39,0.0618255615035872,16.17453971593898,High,1,6,3,0,1,1,0,1,0,0,1,0,46.07142857142857,48.97857142857143,0.0,0.1609155776998679,Medium Value,7223.8,1,Churned
93633-RAJ,Male,30,Yes,Rajasthan,3,26,NO DEAL,Yes,Yes,Yes,Fiber Optic,No,No,No,No,No,Yes,Yes,No,Month-to-Month,No,Bank Withdrawal,86.2,893.2,0.0,30,64.24,987.44,Stayed,Others,Others,0,Young Adult,25-48 Months,Established,37.97846153846154,94.24,987.44,0.0872964433282022,11.455220417633411,Medium,1,4,2,0,1,1,0,1,0,0,0,0,34.35384615384616,51.84615384615385,0.0,0.0954387102001134,Medium Value,2586.0,1,Churned
62959-PUN,Male,59,Yes,Punjab,7,6,Deal 5,No,No,Yes,DSL,No,No,No,No,No,No,No,Yes,Month-to-Month,Yes,Bank Withdrawal,23.45,23.45,0.0,0,0.0,23.45,Churned,Price,Price too high,1,Senior,0-6 Months,New,3.908333333333333,0.0,23.45,1.0,1.0,High,1,1,0,0,0,0,0,1,0,0,1,0,3.908333333333333,19.541666666666664,0.0,0.0,Low Value,1383.55,1,Churned
24696-BIH,Female,69,Yes,Bihar,0,20,Deal 5,Yes,No,Yes,DSL,No,No,No,No,No,No,No,Yes,Month-to-Month,No,Bank Withdrawal,43.95,85.1,0.0,0,38.18,123.28,Joined,Others,Others,0,Elder,13-24 Months,Growing,6.164,38.18,123.28,0.356505515898767,2.805005688282139,No Referral,0,2,0,0,1,0,0,1,0,0,0,0,4.255,39.695,0.0,0.3097014925373134,Low Value,3032.55,1,Churned
14706-TAM,Female,53,No,Tamil Nadu,13,13,NO DEAL,Yes,No,Yes,Fiber Optic,No,No,No,No,No,No,No,Yes,Month-to-Month,Yes,Bank Withdrawal,69.95,529.5,0.0,0,247.94,777.44,Churned,Dissatisfaction,Poor expertise of online support,1,Senior,13-24 Months,Growing,59.80307692307693,247.94,777.44,0.0899747890512451,11.114224446032882,High,1,2,0,0,1,0,0,1,0,0,1,0,40.73076923076923,29.21923076923077,0.0,0.3189185017493311,Medium Value,3707.35,1,Churned
54516-WES,Female,42,No,West Bengal,4,13,NO DEAL,Yes,No,Yes,Fiber Optic,No,No,No,No,Yes,Yes,Yes,Yes,Month-to-Month,No,Mailed Check,89.15,89.15,0.0,0,32.35,121.5,Churned,Competitor,Competitor had better devices,1,Middle Age,13-24 Months,Growing,9.346153846153848,32.35,121.5,0.7337448559670783,1.3628715647784633,Medium,1,5,3,0,1,0,0,1,0,0,0,0,6.857692307692308,82.2923076923077,0.0,0.2662551440329218,Low Value,3744.3,1,Churned
14782-AND,Female,21,Yes,Andhra Pradesh,3,10,NO DEAL,Yes,No,No,No Type,No,No,No,No,No,No,No,No,Month-to-Month,No,Credit Card,20.55,20.55,0.0,0,37.92,58.47,Churned,Attitude,Attitude of support person,1,Young Adult,7-12 Months,Growing,5.847,37.92,58.47,0.3514622883530016,2.8452554744525544,Medium,1,1,0,0,1,0,0,0,0,0,0,0,2.055,18.495,0.0,0.6485377116469985,Low Value,431.55,1,Churned
87748-AND,Female,52,Yes,Andhra Pradesh,2,18,Deal 2,Yes,Yes,Yes,Fiber Optic,No,Yes,Yes,No,Yes,Yes,Yes,Yes,Month-to-Month,Yes,Bank Withdrawal,103.85,5017.9,0.0,0,2110.5,7128.4,Churned,Price,Price too high,1,Senior,13-24 Months,Growing,396.0222222222222,2110.5,7128.4,0.0145684866169126,68.64130958112662,Low,1,8,3,2,1,1,0,1,0,0,1,0,278.7722222222222,-174.9222222222222,0.0,0.2960692441501599,Very High Value,5400.2,1,Churned
49251-TAM,Female,44,No,Tamil Nadu,5,16,Deal 5,No,No,Yes,DSL,Yes,Yes,No,No,No,No,No,Yes,Month-to-Month,Yes,Bank Withdrawal,33.65,137.85,0.0,0,0.0,137.85,Churned,Attitude,Attitude of service provider,1,Middle Age,13-24 Months,Growing,8.615625,0.0,137.85,0.2441059122234312,4.096582466567607,Medium,1,3,0,2,0,0,0,1,1,0,1,0,8.615625,25.034375,0.0,0.0,Low Value,1480.6,1,Churned
18829-TAM,Female,49,Yes,Tamil Nadu,4,31,Deal 5,Yes,No,No,No Type,No,No,No,No,No,No,No,No,Month-to-Month,No,Credit Card,18.8,56.0,0.0,0,19.83,75.83,Joined,Others,Others,0,Senior,25-48 Months,Established,2.4461290322580647,19.83,75.83,0.2479229856257418,4.033510638297872,Medium,1,1,0,0,1,0,0,0,0,0,0,0,1.8064516129032255,16.993548387096777,0.0,0.2615060002637478,Low Value,921.2,1,Churned
93880-AND,Male,64,No,Andhra Pradesh,5,24,NO DEAL,Yes,Yes,Yes,Fiber Optic,No,Yes,No,No,Yes,Yes,Yes,No,Month-to-Month,Yes,Bank Withdrawal,99.8,673.25,0.0,10,329.21,1012.46,Churned,Competitor,Competitor had better devices,1,Elder,13-24 Months,Growing,42.185833333333335,339.21,1012.46,0.0985717954289552,10.14488977955912,Medium,1,6,3,1,1,1,0,1,0,0,1,0,28.05208333333333,71.74791666666667,0.0,0.3350354581909408,Medium Value,6387.2,1,Churned
31263-TAM,Female,60,Yes,Tamil Nadu,1,8,NO DEAL,Yes,Yes,Yes,Fiber Optic,No,No,No,Yes,No,No,No,Yes,Month-to-Month,Yes,Credit Card,79.85,2404.15,0.0,0,515.53,2919.68,Churned,Dissatisfaction,Lack of self-service on Website,1,Senior,7-12 Months,Growing,364.96,515.53,2919.68,0.0273488875493204,36.56455854727614,Low,1,4,0,1,1,1,0,1,0,0,1,0,300.51875,-220.66875,0.0,0.1765707200789127,High Value,4791.0,1,Churned
87063-TAM,Female,20,No,Tamil Nadu,10,8,Deal 5,Yes,Yes,Yes,Fiber Optic,No,No,No,No,No,Yes,Yes,Yes,Month-to-Month,Yes,Credit Card,85.2,602.55,0.0,0,131.81,734.36,Churned,Attitude,Attitude of support person,1,Young Adult,7-12 Months,Growing,91.795,131.81,734.36,0.11601939103437,8.619248826291079,High,1,5,2,0,1,1,0,1,0,0,1,0,75.31875,9.881250000000009,0.0,0.1794896236178441,Medium Value,1704.0,1,Churned
28861-ASS,Male,33,Yes,Assam,9,6,Deal 1,Yes,Yes,Yes,Fiber Optic,No,Yes,Yes,No,Yes,Yes,Yes,Yes,Month-to-Month,Yes,Credit Card,105.0,7133.25,0.0,0,480.48,7613.73,Churned,Competitor,Competitor had better devices,1,Middle Age,0-6 Months,New,1268.955,480.48,7613.73,0.0137908751689382,72.51171428571428,High,1,8,3,2,1,1,0,1,0,0,1,0,1188.875,-1083.875,0.0,0.0631070447730613,Very High Value,3465.0,1,Churned
72391-UTT,Male,35,No,Uttar Pradesh,1,7,NO DEAL,No,No,Yes,DSL,No,No,No,No,No,Yes,Yes,Yes,Month-to-Month,No,Bank Withdrawal,35.0,35.0,0.0,0,0.0,35.0,Joined,Others,Others,0,Middle Age,7-12 Months,Growing,5.0,0.0,35.0,1.0,1.0,Low,1,3,2,0,0,0,0,1,0,0,0,0,5.0,30.0,0.0,0.0,Low Value,1225.0,1,Churned
75617-MAH,Female,23,No,Maharashtra,9,10,Deal 3,Yes,Yes,Yes,Fiber Optic,No,Yes,No,Yes,No,No,Yes,No,Month-to-Month,No,Credit Card,85.3,2917.5,23.89,130,1579.9,4603.51,Churned,Competitor,Competitor offered more data,1,Young Adult,7-12 Months,Growing,460.351,1709.9,4579.62,0.0185293395691548,53.96846424384525,High,1,5,1,2,1,1,0,1,0,0,0,0,291.75,-206.45,0.0081885175664095,0.3714339710351449,High Value,1961.9,1,Churned
77230-RAJ,Female,59,Yes,Rajasthan,5,4,NO DEAL,Yes,No,No,No Type,No,No,No,No,No,No,No,No,Month-to-Month,Yes,Bank Withdrawal,19.65,31.2,0.0,0,15.6,46.8,Joined,Others,Others,0,Senior,0-6 Months,New,11.7,15.6,46.8,0.4198717948717949,2.381679389312977,Medium,1,1,0,0,1,0,0,0,0,0,1,0,7.8,11.849999999999998,0.0,0.3333333333333333,Low Value,1159.35,1,Churned
25658-JAM,Female,52,Yes,Jammu & Kashmir,11,2,NO DEAL,Yes,Yes,Yes,Cable,No,No,No,No,No,No,No,Yes,Month-to-Month,Yes,Bank Withdrawal,74.95,1710.45,0.0,0,662.4,2372.85,Churned,Competitor,Competitor made better offer,1,Senior,0-6 Months,New,1186.425,662.4,2372.85,0.0315864888214594,31.659106070713808,High,1,3,0,0,1,1,0,1,0,0,1,0,855.225,-780.275,0.0,0.2791579745875213,High Value,3897.4,1,Churned
19572-RAJ,Female,52,No,Rajasthan,11,19,NO DEAL,Yes,No,Yes,DSL,No,No,No,No,No,No,No,Yes,Month-to-Month,No,Mailed Check,45.65,191.05,0.0,0,181.6,372.65,Churned,Competitor,Competitor had better devices,1,Senior,13-24 Months,Growing,19.61315789473684,181.6,372.65,0.1225010063061854,8.163198247535597,High,1,2,0,0,1,0,0,1,0,0,0,0,10.055263157894736,35.59473684210526,0.0,0.4873205420635985,Low Value,2373.8,1,Churned
67319-KER,Male,22,No,Kerala,9,11,NO DEAL,Yes,No,Yes,DSL,No,No,No,No,No,Yes,Yes,Yes,One Year,No,Credit Card,53.65,696.35,0.0,0,333.84,1030.19,Churned,Competitor,Competitor had better devices,1,Young Adult,7-12 Months,Growing,93.65363636363637,333.84,1030.19,0.0520777720614643,19.20205032618826,High,1,4,2,0,1,0,1,1,0,0,0,0,63.304545454545455,-9.654545454545456,0.0,0.3240567273998,Medium Value,1180.3,1,Churned
53595-HAR,Female,67,No,Haryana,6,15,NO DEAL,Yes,No,Yes,DSL,Yes,No,No,No,Yes,Yes,Yes,Yes,Month-to-Month,Yes,Bank Withdrawal,70.75,146.9,0.0,0,53.86,200.76,Churned,Attitude,Attitude of support person,1,Elder,13-24 Months,Growing,13.384,53.86,200.76,0.3524108388125124,2.8375971731448764,High,1,6,3,1,1,0,0,1,1,0,1,0,9.793333333333331,60.95666666666666,0.0,0.2682805339709105,Low Value,4740.25,1,Churned
59867-MAD,Female,23,No,Madhya Pradesh,9,6,Deal 2,Yes,Yes,Yes,Fiber Optic,No,Yes,Yes,Yes,Yes,Yes,Yes,Yes,One Year,No,Bank Withdrawal,110.35,5893.15,0.0,0,117.72,6010.87,Churned,Competitor,Competitor had better devices,1,Young Adult,0-6 Months,New,1001.8116666666666,117.72,6010.87,0.0183584073520139,54.47095604893521,High,1,9,3,3,1,1,1,1,0,0,0,0,982.1916666666666,-871.8416666666666,0.0,0.0195845193790582,Very High Value,2538.05,1,Churned
94078-TAM,Female,75,Yes,Tamil Nadu,15,27,NO DEAL,Yes,No,Yes,Fiber Optic,No,No,No,No,No,No,No,Yes,Month-to-Month,No,Bank Withdrawal,69.1,69.1,0.0,0,16.19,85.29,Churned,Other,Moved,1,Elder,25-48 Months,Established,3.1588888888888893,16.19,85.29,0.8101770430296634,1.2342981186685964,High,1,2,0,0,1,0,0,1,0,0,0,0,2.559259259259259,66.54074074074073,0.0,0.1898229569703365,Low Value,5182.5,1,Churned
57765-TAM,Male,37,Yes,Tamil Nadu,14,17,Deal 5,Yes,Yes,Yes,Cable,No,No,No,No,Yes,Yes,Yes,No,Month-to-Month,No,Credit Card,95.0,655.5,36.6,10,143.64,772.54,Churned,Competitor,Competitor had better devices,1,Middle Age,13-24 Months,Growing,45.4435294117647,153.64,735.9399999999999,0.1229709788489916,8.132,High,1,5,3,0,1,1,0,1,0,0,0,0,38.55882352941177,56.44117647058823,0.0558352402745995,0.1988764335827271,Medium Value,3515.0,1,Churned
69923-JHA,Male,52,No,Jharkhand,7,18,NO DEAL,Yes,Yes,Yes,Cable,No,No,No,No,Yes,No,No,Yes,Month-to-Month,Yes,Bank Withdrawal,59.85,59.85,0.0,0,22.05,81.9,Churned,Attitude,Attitude of support person,1,Senior,13-24 Months,Growing,4.550000000000001,22.05,81.9,0.7307692307692307,1.368421052631579,High,1,4,1,0,1,1,0,1,0,0,1,0,3.325,56.525,0.0,0.2692307692307692,Low Value,3112.2000000000003,1,Churned
38963-TEL,Female,59,Yes,Telangana,13,33,NO DEAL,Yes,Yes,Yes,Fiber Optic,No,Yes,Yes,Yes,Yes,Yes,Yes,Yes,One Year,Yes,Bank Withdrawal,109.25,8109.8,0.0,0,2241.36,10351.16,Churned,Competitor,Competitor had better devices,1,Senior,25-48 Months,Established,313.6715151515152,2241.36,10351.16,0.0105543726500218,94.7474599542334,High,1,9,3,3,1,1,1,1,0,0,1,0,245.75151515151515,-136.50151515151515,0.0,0.2165322533899582,Very High Value,6445.75,1,Churned
35279-HAR,Female,43,No,Haryana,11,6,NO DEAL,Yes,No,Yes,DSL,No,No,Yes,No,No,Yes,Yes,Yes,Month-to-Month,No,Bank Withdrawal,59.2,59.2,0.0,0,13.58,72.78,Churned,Dissatisfaction,Service dissatisfaction,1,Middle Age,0-6 Months,New,12.13,13.58,72.78,0.8134102775487771,1.2293918918918918,High,1,5,2,1,1,0,0,1,0,0,0,0,9.866666666666667,49.333333333333336,0.0,0.1865897224512228,Low Value,2545.6,1,Churned
88268-UTT,Female,48,Yes,Uttar Pradesh,1,31,NO DEAL,Yes,No,No,No Type,No,No,No,No,No,No,No,No,Month-to-Month,No,Mailed Check,19.9,19.9,0.0,0,49.51,69.41,Churned,Attitude,Attitude of support person,1,Senior,25-48 Months,Established,2.239032258064516,49.51,69.41,0.2867022042933295,3.4879396984924624,Low,1,1,0,0,1,0,0,0,0,0,0,0,0.6419354838709677,19.258064516129032,0.0,0.7132977957066705,Low Value,955.2,1,Churned
95860-KAR,Male,69,No,Karnataka,5,22,NO DEAL,Yes,Yes,Yes,Fiber Optic,No,Yes,No,No,Yes,Yes,No,Yes,Month-to-Month,Yes,Bank Withdrawal,101.35,1218.55,0.0,0,582.0,1800.55,Churned,Dissatisfaction,Product dissatisfaction,1,Elder,13-24 Months,Growing,81.84318181818182,582.0,1800.55,0.0562883563355641,17.76566354218056,Medium,1,6,2,1,1,1,0,1,0,0,1,0,55.38863636363636,45.96136363636364,0.0,0.323234567215573,Medium Value,6993.15,1,Churned
57150-TAM,Male,37,Yes,Tamil Nadu,9,8,NO DEAL,Yes,No,Yes,Fiber Optic,No,No,Yes,No,No,Yes,Yes,Yes,Month-to-Month,No,Bank Withdrawal,83.9,497.55,0.0,0,155.58,653.13,Churned,Competitor,Competitor had better devices,1,Middle Age,7-12 Months,Growing,81.64125,155.58,653.13,0.1284583467303599,7.784624553039332,High,1,5,2,1,1,0,0,1,0,0,0,0,62.19375,21.706250000000004,0.0,0.2382067888475495,Medium Value,3104.3,1,Churned
19998-AND,Female,18,No,Andhra Pradesh,0,2,Deal 5,Yes,No,Yes,Fiber Optic,No,No,Yes,No,No,Yes,Yes,Yes,Month-to-Month,No,Credit Card,85.7,256.75,0.0,0,89.52,346.27,Joined,Others,Others,0,Teen,0-6 Months,New,173.135,89.52,346.27,0.2474947295463078,4.04049008168028,No Referral,0,5,2,1,1,0,0,1,0,0,0,0,128.375,-42.675,0.0,0.2585265833020475,Low Value,1542.6,1,Churned
13973-WES,Female,66,Yes,West Bengal,2,11,NO DEAL,Yes,No,Yes,Cable,No,No,No,No,No,No,No,Yes,Month-to-Month,Yes,Bank Withdrawal,71.05,3444.85,0.0,0,230.0,3674.85,Churned,Dissatisfaction,Poor expertise of online support,1,Elder,7-12 Months,Growing,334.0772727272727,230.0,3674.85,0.0193341224811897,51.72202674173118,Low,1,2,0,0,1,0,0,1,0,0,1,0,313.16818181818184,-242.11818181818185,0.0,0.0625875886090588,High Value,4689.3,1,Churned
13086-KAR,Female,29,No,Karnataka,14,20,Deal 5,Yes,No,Yes,DSL,No,No,No,No,No,No,Yes,Yes,Month-to-Month,Yes,Bank Withdrawal,45.1,45.1,0.0,0,11.06,56.16,Churned,Other,Don't know,1,Young Adult,13-24 Months,Growing,2.808,11.06,56.16,0.8030626780626782,1.2452328159645232,High,1,3,1,0,1,0,0,1,0,0,1,0,2.255,42.845,0.0,0.1969373219373219,Low Value,1307.9,1,Churned
21686-RAJ,Male,44,Yes,Rajasthan,9,20,Deal 2,Yes,No,Yes,Fiber Optic,No,Yes,No,No,Yes,Yes,Yes,Yes,One Year,Yes,Bank Withdrawal,94.25,4867.95,0.0,0,835.81,5703.76,Churned,Other,Moved,1,Middle Age,13-24 Months,Growing,285.188,835.81,5703.76,0.0165241875534735,60.5173474801061,High,1,6,3,1,1,0,1,1,0,0,1,0,243.3975,-149.14749999999998,0.0,0.1465366705471478,Very High Value,4147.0,1,Churned
36483-KAR,Male,42,No,Karnataka,2,14,NO DEAL,Yes,No,No,No Type,No,No,No,No,No,No,No,No,Month-to-Month,No,Credit Card,19.75,19.75,0.0,0,15.77,35.52,Joined,Others,Others,0,Middle Age,13-24 Months,Growing,2.5371428571428574,15.77,35.52,0.5560247747747747,1.798481012658228,Low,1,1,0,0,1,0,0,0,0,0,0,0,1.4107142857142858,18.339285714285715,0.0,0.4439752252252252,Low Value,829.5,1,Churned
25377-AND,Female,25,No,Andhra Pradesh,14,33,NO DEAL,Yes,No,Yes,Fiber Optic,No,Yes,Yes,Yes,Yes,Yes,Yes,Yes,One Year,Yes,Bank Withdrawal,105.65,443.9,0.0,0,173.8,617.7,Churned,Dissatisfaction,Limited range of services,1,Young Adult,25-48 Months,Established,18.71818181818182,173.8,617.7,0.1710377205763315,5.846663511594889,High,1,8,3,3,1,0,1,1,0,0,1,0,13.451515151515151,92.19848484848484,0.0,0.2813663590739841,Medium Value,2641.25,1,Churned
31758-UTT,Male,32,Yes,Uttarakhand,11,29,Deal 4,Yes,Yes,Yes,Fiber Optic,Yes,Yes,Yes,No,Yes,No,No,Yes,Month-to-Month,Yes,Bank Withdrawal,99.25,2186.4,0.0,0,441.6,2628.0,Churned,Dissatisfaction,Service dissatisfaction,1,Middle Age,25-48 Months,Established,90.6206896551724,441.6,2628.0,0.0377663622526636,26.478589420654917,High,1,7,1,3,1,1,0,1,1,0,1,0,75.39310344827587,23.85689655172413,0.0,0.1680365296803653,High Value,3176.0,1,Churned
54598-TAM,Male,59,No,Tamil Nadu,11,32,NO DEAL,Yes,No,No,No Type,No,No,No,No,No,No,No,No,Month-to-Month,No,Credit Card,19.75,39.3,0.0,0,3.94,43.24,Joined,Others,Others,0,Senior,25-48 Months,Established,1.35125,3.94,43.24,0.4567530064754856,2.189367088607595,High,1,1,0,0,1,0,0,0,0,0,0,0,1.228125,18.521875,0.0,0.0911193339500462,Low Value,1165.25,1,Churned
75335-PUN,Male,38,No,Punjab,2,7,NO DEAL,Yes,No,Yes,DSL,No,No,No,No,No,No,No,No,Month-to-Month,Yes,Bank Withdrawal,44.55,480.6,18.21,0,61.92,524.31,Churned,Price,Extra data charges,1,Middle Age,7-12 Months,Growing,74.90142857142857,61.92,506.1,0.0849688161583795,11.769023569023568,Low,1,1,0,0,1,0,0,1,0,0,1,0,68.65714285714286,-24.10714285714286,0.0378901373283395,0.1180980717514447,Low Value,1692.9,1,Churned
88752-JAM,Male,48,No,Jammu & Kashmir,6,27,Deal 5,Yes,No,Yes,DSL,No,No,Yes,No,No,No,No,Yes,Month-to-Month,No,Credit Card,50.9,50.9,0.0,0,6.95,57.85,Churned,Attitude,Attitude of support person,1,Senior,25-48 Months,Established,2.142592592592593,6.95,57.85,0.8798617113223854,1.1365422396856582,High,1,3,0,1,1,0,0,1,0,0,0,0,1.885185185185185,49.01481481481481,0.0,0.1201382886776145,Low Value,2443.2,1,Churned
87171-JAM,Male,40,Yes,Jammu & Kashmir,12,13,NO DEAL,Yes,No,Yes,DSL,Yes,No,No,No,No,No,No,Yes,Month-to-Month,Yes,Bank Withdrawal,49.55,1210.4,0.0,0,345.36,1555.76,Churned,Other,Don't know,1,Middle Age,13-24 Months,Growing,119.67384615384616,345.36,1555.76,0.031849385509333,31.397780020181635,High,1,3,0,1,1,0,0,1,1,0,1,0,93.10769230769232,-43.55769230769232,0.0,0.2219879672957268,Medium Value,1982.0,1,Churned
37882-WES,Female,78,Yes,West Bengal,1,11,Deal 3,Yes,Yes,Yes,Fiber Optic,No,Yes,Yes,No,Yes,Yes,No,Yes,Month-to-Month,Yes,Bank Withdrawal,106.15,3152.5,0.0,0,270.76,3423.26,Churned,Competitor,Competitor offered more data,1,Elder,7-12 Months,Growing,311.2054545454546,270.76,3423.26,0.0310084539298797,32.24926990108337,Low,1,7,2,2,1,1,0,1,0,0,1,0,286.59090909090907,-180.44090909090903,0.0,0.0790941967598137,High Value,8279.7,1,Churned
66669-HAR,Male,44,No,Haryana,12,32,Deal 5,Yes,No,Yes,Cable,No,No,No,No,No,No,No,Yes,Month-to-Month,Yes,Bank Withdrawal,44.05,44.05,0.0,0,30.73,74.78,Joined,Others,Others,0,Middle Age,25-48 Months,Established,2.336875,30.73,74.78,0.5890612463225461,1.697616345062429,High,1,2,0,0,1,0,0,1,0,0,1,0,1.3765625,42.6734375,0.0,0.4109387536774538,Low Value,1938.2,1,Churned
77633-JAM,Female,67,No,Jammu & Kashmir,9,7,NO DEAL,Yes,Yes,Yes,Fiber Optic,No,Yes,No,Yes,Yes,No,No,Yes,Month-to-Month,Yes,Credit Card,94.1,2804.45,0.0,0,210.3,3014.75,Churned,Competitor,Competitor made better offer,1,Elder,7-12 Months,Growing,430.6785714285714,210.3,3014.75,0.031213201758023,32.03772582359193,High,1,6,1,2,1,1,0,1,0,0,1,0,400.63571428571424,-306.5357142857142,0.0,0.0697570279459325,High Value,6304.7,1,Churned
33773-UTT,Male,58,Yes,Uttar Pradesh,3,6,Deal 5,Yes,No,No,No Type,No,No,No,No,No,No,No,No,Month-to-Month,No,Credit Card,20.6,20.6,0.0,0,1.48,22.08,Joined,Others,Others,0,Senior,0-6 Months,New,3.68,1.48,22.08,0.9329710144927538,1.071844660194175,Medium,1,1,0,0,1,0,0,0,0,0,0,0,3.4333333333333336,17.166666666666668,0.0,0.0670289855072463,Low Value,1194.8000000000002,1,Churned
69652-ASS,Female,35,Yes,Assam,3,18,Deal 2,Yes,Yes,Yes,Cable,No,No,No,No,No,No,No,Yes,Month-to-Month,Yes,Bank Withdrawal,50.25,2203.65,28.49,0,453.18,2628.34,Churned,Competitor,Competitor offered more data,1,Middle Age,13-24 Months,Growing,146.0188888888889,453.18,2599.8500000000004,0.0191185310880631,52.3052736318408,Medium,1,3,0,0,1,1,0,1,0,0,1,0,122.425,-72.17500000000001,0.0129285503596306,0.172420615293303,High Value,1758.75,1,Churned
18832-UTT,Female,63,Yes,Uttar Pradesh,12,12,NO DEAL,Yes,No,Yes,Fiber Optic,No,No,No,No,Yes,Yes,Yes,Yes,Month-to-Month,Yes,Bank Withdrawal,91.3,91.3,0.0,0,43.61,134.91,Churned,Attitude,Attitude of service provider,1,Elder,7-12 Months,Growing,11.2425,43.61,134.91,0.6767474612704766,1.477656078860898,High,1,5,3,0,1,0,0,1,0,0,1,0,7.608333333333333,83.69166666666666,0.0,0.3232525387295233,Low Value,5751.9,1,Churned
52773-TAM,Male,73,Yes,Tamil Nadu,13,18,NO DEAL,Yes,Yes,Yes,Fiber Optic,No,No,No,No,Yes,Yes,Yes,Yes,Month-to-Month,Yes,Bank Withdrawal,92.5,3473.4,0.0,0,1826.69,5300.09,Churned,Competitor,Competitor had better devices,1,Elder,13-24 Months,Growing,294.44944444444445,1826.69,5300.09,0.0174525338248973,57.29827027027027,High,1,6,3,0,1,1,0,1,0,0,1,0,192.96666666666667,-100.46666666666668,0.0,0.3446526379740721,Very High Value,6752.5,1,Churned
27555-GUJ,Female,57,No,Gujarat,7,35,Deal 5,Yes,Yes,Yes,Fiber Optic,No,Yes,Yes,Yes,Yes,Yes,Yes,Yes,Month-to-Month,Yes,Credit Card,109.9,669.45,0.0,0,122.16,791.61,Churned,Competitor,Competitor had better devices,1,Senior,25-48 Months,Established,22.61742857142857,122.16,791.61,0.1388309900077058,7.2030027297543215,High,1,9,3,3,1,1,0,1,0,0,1,0,19.127142857142857,90.77285714285716,0.0,0.1543184143707128,Medium Value,6264.3,1,Churned
43877-PUN,Male,23,No,Punjab,6,3,NO DEAL,Yes,No,Yes,DSL,No,No,Yes,No,No,Yes,Yes,Yes,Month-to-Month,No,Bank Withdrawal,60.85,111.4,0.0,0,30.5,141.9,Joined,Others,Others,0,Young Adult,0-6 Months,New,47.3,30.5,141.9,0.4288231148696265,2.331963845521775,High,1,5,2,1,1,0,0,1,0,0,0,0,37.13333333333333,23.71666666666667,0.0,0.2149400986610289,Low Value,1399.55,1,Churned
47437-AND,Female,81,No,Andhra Pradesh,10,27,NO DEAL,Yes,No,Yes,Fiber Optic,No,No,No,No,No,No,No,Yes,Month-to-Month,Yes,Bank Withdrawal,69.7,560.85,0.0,0,119.12,679.97,Churned,Dissatisfaction,Product dissatisfaction,1,Elder,25-48 Months,Established,25.18407407407408,119.12,679.97,0.1025045222583349,9.755667144906743,High,1,2,0,0,1,0,0,1,0,0,1,0,20.772222222222226,48.92777777777778,0.0,0.1751841993029104,Medium Value,5645.7,1,Churned
14010-GUJ,Female,30,No,Gujarat,9,26,NO DEAL,Yes,No,Yes,Fiber Optic,No,Yes,Yes,No,Yes,Yes,Yes,Yes,Month-to-Month,Yes,Bank Withdrawal,99.5,2369.05,19.5,0,1210.5,3560.05,Churned,Competitor,Competitor offered more data,1,Young Adult,25-48 Months,Established,136.925,1210.5,3540.55,0.027949045659471,35.779396984924624,High,1,7,3,2,1,0,0,1,0,0,1,0,91.1173076923077,8.382692307692295,0.0082311475063844,0.3400233142792938,High Value,2985.0,1,Churned
16764-WES,Male,40,No,West Bengal,15,13,Deal 5,Yes,No,No,No Type,No,No,No,No,No,No,No,No,Month-to-Month,No,Credit Card,20.8,20.8,0.0,0,48.14,68.94,Joined,Others,Others,0,Middle Age,13-24 Months,Growing,5.303076923076923,48.14,68.94,0.3017116333043226,3.314423076923077,High,1,1,0,0,1,0,0,0,0,0,0,0,1.6,19.2,0.0,0.6982883666956774,Low Value,832.0,1,Churned
42738-UTT,Male,63,Yes,Uttar Pradesh,4,17,Deal 4,Yes,No,Yes,Fiber Optic,No,Yes,Yes,No,No,No,No,Yes,Month-to-Month,Yes,Bank Withdrawal,78.25,1490.95,0.0,0,384.94,1875.89,Churned,Competitor,Competitor had better devices,1,Elder,13-24 Months,Growing,110.3464705882353,384.94,1875.89,0.0417135333095224,23.97303514376997,Medium,1,4,0,2,1,0,0,1,0,0,1,0,87.70294117647059,-9.452941176470588,0.0,0.205203929867956,Medium Value,4929.75,1,Churned
12545-ASS,Female,38,Yes,Assam,13,33,Deal 5,Yes,Yes,Yes,Cable,No,No,No,Yes,Yes,Yes,Yes,Yes,Month-to-Month,Yes,Bank Withdrawal,74.65,521.1,28.35,0,341.74,834.49,Churned,Competitor,Competitor made better offer,1,Middle Age,25-48 Months,Established,25.28757575757576,341.74,806.14,0.0894558353006027,11.178700602813128,High,1,7,3,1,1,1,0,1,0,0,1,0,15.790909090909093,58.85909090909092,0.0544041450777202,0.4095195868135028,Medium Value,2836.7000000000003,1,Churned
76101-JAM,Female,71,No,Jammu & Kashmir,11,31,NO DEAL,Yes,Yes,Yes,Fiber Optic,No,No,Yes,No,Yes,Yes,Yes,No,Month-to-Month,Yes,Bank Withdrawal,98.5,3004.15,37.55,40,747.62,3754.22,Churned,Attitude,Attitude of service provider,1,Elder,25-48 Months,Established,121.10387096774193,787.62,3716.67,0.0262371411371736,38.11390862944162,High,1,6,3,1,1,1,0,1,0,0,1,0,96.90806451612904,1.5919354838709694,0.0124993758633889,0.2097959096696517,High Value,6993.5,1,Churned
95991-MAD,Female,37,Yes,Madhya Pradesh,0,32,NO DEAL,Yes,No,Yes,Cable,No,No,No,Yes,No,No,No,Yes,Month-to-Month,Yes,Credit Card,50.25,152.3,0.0,0,84.57,236.87,Joined,Others,Others,0,Middle Age,25-48 Months,Established,7.4021875,84.57,236.87,0.2121416810908937,4.713830845771144,No Referral,0,3,0,1,1,0,0,1,0,0,1,0,4.759375,45.490625,0.0,0.3570312829822265,Low Value,1859.25,1,Churned
56256-UTT,Male,40,No,Uttar Pradesh,14,15,NO DEAL,Yes,No,Yes,Fiber Optic,No,No,No,No,No,No,No,Yes,Month-to-Month,Yes,Credit Card,70.3,220.4,0.0,0,29.22,249.62,Joined,Others,Others,0,Middle Age,13-24 Months,Growing,16.641333333333332,29.22,249.62,0.2816280746735037,3.550782361308677,High,1,2,0,0,1,0,0,1,0,0,1,0,14.693333333333332,55.60666666666666,0.0,0.1170579280506369,Low Value,2812.0,1,Churned
59292-AND,Male,54,Yes,Andhra Pradesh,6,27,NO DEAL,No,No,Yes,DSL,No,No,No,Yes,No,No,No,Yes,Month-to-Month,Yes,Bank Withdrawal,30.9,59.05,0.0,0,0.0,59.05,Churned,Dissatisfaction,Network reliability,1,Senior,25-48 Months,Established,2.187037037037037,0.0,59.05,0.5232853513971211,1.9110032362459544,High,1,2,0,1,0,0,0,1,0,0,1,0,2.187037037037037,28.71296296296296,0.0,0.0,Low Value,1668.6,1,Churned
14178-MAH,Male,82,Yes,Maharashtra,0,7,NO DEAL,Yes,Yes,Yes,Fiber Optic,No,Yes,No,No,Yes,Yes,No,Yes,Month-to-Month,Yes,Bank Withdrawal,96.5,3436.1,0.0,0,597.96,4034.06,Churned,Price,Lack of affordable download/upload speed,1,Elder,7-12 Months,Growing,576.2942857142857,597.96,4034.06,0.0239213100449671,41.803730569948186,No Referral,0,6,2,1,1,1,0,1,0,0,1,0,490.87142857142857,-394.37142857142857,0.0,0.1482278399428863,High Value,7913.0,1,Churned
32587-UTT,Female,30,No,Uttar Pradesh,1,27,NO DEAL,Yes,No,Yes,Cable,No,No,No,No,No,No,No,Yes,Month-to-Month,No,Credit Card,45.45,141.7,0.0,0,61.11,202.81,Joined,Others,Others,0,Young Adult,25-48 Months,Established,7.511481481481481,61.11,202.81,0.224101375671811,4.462266226622663,Low,1,2,0,0,1,0,0,1,0,0,0,0,5.248148148148148,40.201851851851856,0.0,0.3013165031310093,Low Value,1363.5,1,Churned
51260-MAD,Female,31,Yes,Madhya Pradesh,3,3,Deal 2,Yes,Yes,Yes,Fiber Optic,No,Yes,Yes,No,Yes,Yes,Yes,Yes,Month-to-Month,Yes,Bank Withdrawal,103.05,5364.8,46.67,0,281.84,5599.97,Stayed,Others,Others,0,Middle Age,0-6 Months,New,1866.6566666666668,281.84,5553.3,0.0184018842958087,54.34226103833091,Medium,1,8,3,2,1,1,0,1,0,0,1,0,1788.2666666666669,-1685.2166666666667,0.0086992991351028,0.0503288410473627,Very High Value,3194.55,1,Churned
86970-KER,Male,57,Yes,Kerala,2,9,NO DEAL,Yes,No,Yes,DSL,No,Yes,No,No,No,No,No,No,Month-to-Month,No,Bank Withdrawal,49.5,49.5,0.0,30,16.99,96.49,Joined,Others,Others,0,Senior,7-12 Months,Growing,10.72111111111111,46.99,96.49,0.5130065291740077,1.9492929292929293,Low,1,2,0,1,1,0,0,1,0,0,0,0,5.5,44.0,0.0,0.4869934708259923,Low Value,2821.5,1,Churned
35816-UTT,Male,43,No,Uttar Pradesh,7,4,NO DEAL,Yes,No,Yes,DSL,No,No,No,No,No,Yes,Yes,Yes,Month-to-Month,Yes,Mailed Check,54.75,54.75,0.0,0,13.01,67.76,Churned,Dissatisfaction,Network reliability,1,Middle Age,0-6 Months,New,16.94,13.01,67.76,0.8079988193624557,1.2376255707762558,High,1,4,2,0,1,0,0,1,0,0,1,0,13.6875,41.0625,0.0,0.1920011806375442,Low Value,2354.25,1,Churned
21620-TAM,Female,53,No,Tamil Nadu,8,29,NO DEAL,Yes,Yes,Yes,Fiber Optic,No,No,Yes,Yes,Yes,Yes,Yes,Yes,Month-to-Month,Yes,Bank Withdrawal,104.2,3243.45,17.01,0,115.63,3342.07,Churned,Dissatisfaction,Product dissatisfaction,1,Senior,25-48 Months,Established,115.24379310344828,115.63,3325.06,0.0311782817236024,32.0736084452975,High,1,8,3,2,1,1,0,1,0,0,1,0,111.84310344827584,-7.643103448275852,0.0052444156685011,0.0345983178090225,High Value,5522.6,1,Churned
55616-BIH,Female,47,Yes,Bihar,0,7,NO DEAL,Yes,Yes,Yes,Fiber Optic,No,No,Yes,No,Yes,Yes,Yes,Yes,Month-to-Month,Yes,Bank Withdrawal,100.75,1129.75,0.0,0,535.04,1664.79,Churned,Price,Long distance charges,1,Senior,7-12 Months,Growing,237.8271428571429,535.04,1664.79,0.0605181434295016,16.523970223325062,No Referral,0,7,3,1,1,1,0,1,0,0,1,0,161.39285714285714,-60.64285714285714,0.0,0.3213858805014446,Medium Value,4735.25,1,Churned
56664-RAJ,Female,42,No,Rajasthan,1,30,NO DEAL,Yes,No,No,No Type,No,No,No,No,No,No,No,No,Month-to-Month,No,Credit Card,20.25,178.5,0.0,0,80.19,258.69,Churned,Attitude,Attitude of support person,1,Middle Age,25-48 Months,Established,8.623,80.19,258.69,0.0782790212223124,12.774814814814814,Low,1,1,0,0,1,0,0,0,0,0,0,0,5.95,14.3,0.0,0.3099849240403571,Low Value,850.5,1,Churned
72700-UTT,Male,77,No,Uttarakhand,13,31,Deal 5,Yes,No,Yes,Fiber Optic,No,No,No,No,Yes,No,No,Yes,Month-to-Month,Yes,Bank Withdrawal,80.4,224.05,0.0,0,9.87,233.92,Churned,Attitude,Attitude of service provider,1,Elder,25-48 Months,Established,7.545806451612902,9.87,233.92,0.3437072503419973,2.9094527363184075,High,1,3,1,0,1,0,0,1,0,0,1,0,7.22741935483871,73.17258064516129,0.0,0.0421939124487004,Low Value,6190.8,1,Churned
13793-WES,Female,26,Yes,West Bengal,10,2,Deal 2,Yes,Yes,Yes,Fiber Optic,No,No,Yes,Yes,Yes,Yes,Yes,Yes,One Year,Yes,Bank Withdrawal,104.15,5743.05,0.0,0,583.55,6326.6,Churned,Competitor,Competitor had better devices,1,Young Adult,0-6 Months,New,3163.3,583.55,6326.6,0.0164622388012518,60.74507921267403,High,1,8,3,2,1,1,1,1,0,0,1,0,2871.525,-2767.375,0.0,0.0922375367495969,Very High Value,2707.9,1,Churned
66766-UTT,Female,38,No,Uttar Pradesh,6,10,Deal 5,Yes,Yes,Yes,Fiber Optic,No,No,No,No,No,No,No,Yes,Month-to-Month,Yes,Bank Withdrawal,74.95,212.4,27.6,0,4.92,189.72,Joined,Others,Others,0,Middle Age,7-12 Months,Growing,18.972,4.92,162.12,0.39505587181109,2.531287525016677,High,1,3,0,0,1,1,0,1,0,0,1,0,21.24,53.71,0.1299435028248587,0.0259329538266919,Low Value,2848.1,1,Churned
14952-DEL,Male,82,No,Delhi,10,33,NO DEAL,Yes,Yes,Yes,Fiber Optic,No,No,No,No,Yes,Yes,No,Yes,Month-to-Month,Yes,Bank Withdrawal,94.25,1973.75,0.0,0,444.15,2417.9,Churned,Competitor,Competitor made better offer,1,Elder,25-48 Months,Established,73.26969696969697,444.15,2417.9,0.0389801067041647,25.654111405835543,High,1,5,2,0,1,1,0,1,0,0,1,0,59.81060606060606,34.43939393939394,0.0,0.1836924603995202,High Value,7728.5,1,Churned
71055-AND,Male,66,Yes,Andhra Pradesh,5,35,NO DEAL,Yes,Yes,Yes,Fiber Optic,No,No,No,No,No,No,No,No,Month-to-Month,Yes,Bank Withdrawal,74.4,74.4,0.0,30,17.36,121.76,Churned,Competitor,Competitor made better offer,1,Elder,25-48 Months,Established,3.478857142857143,47.36,121.76,0.6110381077529566,1.6365591397849462,Medium,1,2,0,0,1,1,0,1,0,0,1,0,2.125714285714286,72.27428571428572,0.0,0.3889618922470433,Low Value,4910.400000000001,1,Churned
18675-TEL,Male,47,No,Telangana,8,18,NO DEAL,Yes,No,Yes,DSL,Yes,No,Yes,Yes,Yes,Yes,Yes,Yes,One Year,No,Credit Card,80.0,3182.95,0.0,0,1392.3,4575.25,Churned,Other,Moved,1,Senior,13-24 Months,Growing,254.18055555555557,1392.3,4575.25,0.0174853833123873,57.190625,High,1,8,3,3,1,0,1,1,1,0,0,0,176.83055555555555,-96.83055555555556,0.0,0.3043112398229605,High Value,3760.0,1,Churned
78228-KER,Female,58,Yes,Kerala,3,8,Deal 5,Yes,No,Yes,Fiber Optic,No,No,No,No,No,No,No,Yes,Month-to-Month,No,Credit Card,69.55,69.55,0.0,0,29.78,99.33,Churned,Competitor,Competitor had better devices,1,Senior,7-12 Months,Growing,12.41625,29.78,99.33,0.7001912815866304,1.4281811646297629,Medium,1,2,0,0,1,0,0,1,0,0,0,0,8.69375,60.85625,0.0,0.2998087184133696,Low Value,4033.9,1,Churned
68578-BIH,Female,59,Yes,Bihar,10,36,Deal 4,Yes,No,Yes,Fiber Optic,No,No,No,No,Yes,Yes,Yes,Yes,Month-to-Month,Yes,Bank Withdrawal,89.5,863.1,0.0,0,127.8,990.9,Churned,Attitude,Attitude of support person,1,Senior,25-48 Months,Established,27.525,127.8,990.9,0.0903219295589867,11.071508379888268,High,1,5,3,0,1,0,0,1,0,0,1,0,23.975,65.525,0.0,0.1289736603088101,Medium Value,5280.5,1,Churned
27138-BIH,Female,24,Yes,Bihar,5,10,NO DEAL,Yes,No,Yes,Fiber Optic,Yes,No,No,No,No,No,Yes,Yes,Month-to-Month,Yes,Credit Card,74.25,639.65,0.0,0,124.74,764.39,Churned,Attitude,Attitude of support person,1,Young Adult,7-12 Months,Growing,76.439,124.74,764.39,0.0971362786012376,10.294814814814815,Medium,1,4,1,1,1,0,0,1,1,0,1,0,63.965,10.285000000000004,0.0,0.1631889480500791,Medium Value,1782.0,1,Churned
59560-TEL,Female,49,Yes,Telangana,4,16,NO DEAL,Yes,Yes,Yes,Fiber Optic,No,No,No,No,Yes,Yes,Yes,No,Month-to-Month,Yes,Credit Card,94.65,2104.55,0.0,40,1018.16,3162.71,Churned,Competitor,Competitor offered higher download speeds,1,Senior,13-24 Months,Growing,197.669375,1058.16,3162.71,0.0299268665163736,33.4147913365029,Medium,1,5,3,0,1,1,0,1,0,0,1,0,131.534375,-36.884375000000006,0.0,0.3345738306705325,High Value,4637.85,1,Churned
34713-KER,Male,58,Yes,Kerala,1,29,Deal 5,Yes,Yes,Yes,Fiber Optic,Yes,No,No,No,No,Yes,Yes,Yes,Month-to-Month,No,Credit Card,90.75,174.75,0.0,0,54.34,229.09,Joined,Others,Others,0,Senior,25-48 Months,Established,7.899655172413794,54.34,229.09,0.396132524335414,2.5244077134986225,Low,1,6,2,1,1,1,0,1,1,0,0,0,6.025862068965517,84.72413793103448,0.0,0.2371993539656903,Low Value,5263.5,1,Churned
29747-PUN,Male,37,No,Punjab,1,28,NO DEAL,No,No,Yes,DSL,Yes,No,No,Yes,No,No,No,Yes,Month-to-Month,No,Bank Withdrawal,35.4,1077.5,0.0,0,0.0,1077.5,Churned,Attitude,Attitude of service provider,1,Middle Age,25-48 Months,Established,38.48214285714285,0.0,1077.5,0.0328538283062645,30.437853107344637,Low,1,3,0,2,0,0,0,1,1,0,0,0,38.48214285714285,-3.0821428571428555,0.0,0.0,Medium Value,1309.8,1,Churned
41454-JAM,Female,72,Yes,Jammu & Kashmir,14,7,NO DEAL,Yes,No,Yes,Fiber Optic,No,No,Yes,No,Yes,No,No,Yes,Month-to-Month,Yes,Bank Withdrawal,86.85,220.95,0.0,0,55.14,276.09,Churned,Attitude,Attitude of service provider,1,Elder,7-12 Months,Growing,39.44142857142857,55.14,276.09,0.3145713354340976,3.178929188255613,High,1,4,1,1,1,0,0,1,0,0,1,0,31.564285714285717,55.28571428571428,0.0,0.1997174834293165,Low Value,6253.2,1,Churned
99879-HAR,Male,62,No,Haryana,15,33,NO DEAL,Yes,No,No,No Type,No,No,No,No,No,No,No,No,Month-to-Month,No,Credit Card,19.85,108.05,0.0,0,30.85,138.9,Churned,Price,Long distance charges,1,Elder,25-48 Months,Established,4.209090909090909,30.85,138.9,0.1429085673146148,6.997481108312343,High,1,1,0,0,1,0,0,0,0,0,0,0,3.274242424242424,16.575757575757578,0.0,0.2221022318214542,Low Value,1230.7,1,Churned
64204-PUN,Male,28,Yes,Punjab,14,2,Deal 5,Yes,Yes,Yes,Fiber Optic,No,Yes,No,No,No,No,No,Yes,Month-to-Month,Yes,Bank Withdrawal,81.3,416.3,0.0,0,125.55,541.85,Churned,Attitude,Attitude of service provider,1,Young Adult,0-6 Months,New,270.925,125.55,541.85,0.1500415244071237,6.664821648216483,High,1,4,0,1,1,1,0,1,0,0,1,0,208.15,-126.85,0.0,0.2317061917504844,Low Value,2276.4,1,Churned
74924-UTT,Male,73,No,Uttar Pradesh,10,7,Deal 5,Yes,No,Yes,Fiber Optic,No,No,Yes,No,Yes,Yes,No,Yes,Month-to-Month,Yes,Bank Withdrawal,92.1,729.95,0.0,0,343.44,1073.39,Churned,Competitor,Competitor had better devices,1,Elder,7-12 Months,Growing,153.3414285714286,343.44,1073.39,0.0858029234481409,11.654614549402824,High,1,5,2,1,1,0,0,1,0,0,1,0,104.27857142857144,-12.178571428571445,0.0,0.3199582630730675,Medium Value,6723.299999999999,1,Churned
82170-TAM,Male,41,No,Tamil Nadu,5,29,NO DEAL,Yes,No,Yes,DSL,No,No,No,No,No,No,No,Yes,Month-to-Month,No,Mailed Check,44.6,44.6,0.0,0,45.28,89.88,Joined,Others,Others,0,Middle Age,25-48 Months,Established,3.099310344827586,45.28,89.88,0.4962171784601691,2.0152466367713004,Medium,1,2,0,0,1,0,0,1,0,0,0,0,1.5379310344827586,43.06206896551724,0.0,0.5037828215398309,Low Value,1828.6,1,Churned
52502-JAM,Female,81,Yes,Jammu & Kashmir,9,20,Deal 4,Yes,No,Yes,Fiber Optic,No,Yes,No,Yes,No,Yes,No,Yes,Month-to-Month,Yes,Bank Withdrawal,89.05,1169.35,0.0,0,19.11,1188.46,Churned,Competitor,Competitor made better offer,1,Elder,13-24 Months,Growing,59.423,19.11,1188.46,0.074928899584336,13.345985401459854,High,1,5,1,2,1,0,0,1,0,0,1,0,58.4675,30.582500000000003,0.0,0.0160796324655436,Medium Value,7213.05,1,Churned
64525-JHA,Female,70,No,Jharkhand,4,20,NO DEAL,Yes,No,No,No Type,No,No,No,No,No,No,No,No,Month-to-Month,No,Bank Withdrawal,-5.0,164.3,0.0,0,223.6,387.9,Churned,Attitude,Attitude of support person,1,Elder,13-24 Months,Growing,19.395,223.6,387.9,-0.0128899200824954,-77.58,Medium,1,1,0,0,1,0,0,0,0,0,0,0,8.215,-13.215,0.0,0.5764372260891982,Low Value,-350.0,1,Churned
17235-AND,Female,44,Yes,Andhra Pradesh,13,11,NO DEAL,Yes,No,Yes,DSL,No,Yes,No,Yes,No,Yes,Yes,Yes,One Year,Yes,Bank Withdrawal,66.5,2728.6,0.0,0,1312.82,4041.42,Churned,Other,Moved,1,Middle Age,7-12 Months,Growing,367.4018181818182,1312.82,4041.42,0.0164546124876899,60.77323308270677,High,1,6,2,2,1,0,1,1,0,0,1,0,248.05454545454543,-181.55454545454543,0.0,0.3248412686629947,High Value,2926.0,1,Churned
48450-UTT,Male,66,Yes,Uttar Pradesh,6,11,Deal 5,Yes,No,Yes,Fiber Optic,Yes,No,No,Yes,Yes,No,No,Yes,Month-to-Month,Yes,Mailed Check,88.3,273.75,0.0,0,77.31,351.06,Churned,Attitude,Attitude of support person,1,Elder,7-12 Months,Growing,31.91454545454545,77.31,351.06,0.2515239560189141,3.9757644394110985,High,1,5,1,2,1,0,0,1,1,0,1,0,24.88636363636364,63.41363636363636,0.0,0.220218766022902,Low Value,5827.8,1,Churned
48598-MAD,Female,71,Yes,Madhya Pradesh,12,1,NO DEAL,Yes,No,Yes,Fiber Optic,No,Yes,No,No,Yes,Yes,No,Yes,One Year,No,Credit Card,95.25,4424.2,0.0,0,281.98,4706.18,Churned,Competitor,Competitor had better devices,1,Elder,0-6 Months,New,4706.18,281.98,4706.18,0.0202393448614375,49.40871391076116,High,1,5,2,1,1,0,1,1,0,0,0,0,4424.2,-4328.95,0.0,0.059916960252264,High Value,6762.75,1,Churned
34258-JAM,Female,24,No,Jammu & Kashmir,7,5,NO DEAL,Yes,No,Yes,Cable,No,No,Yes,Yes,No,No,No,Yes,Month-to-Month,No,Credit Card,55.2,528.35,0.0,0,94.1,622.45,Churned,Competitor,Competitor made better offer,1,Young Adult,0-6 Months,New,124.49,94.1,622.45,0.0886818218330789,11.27626811594203,High,1,4,0,2,1,0,0,1,0,0,0,0,105.67,-50.47,0.0,0.1511768013495059,Medium Value,1324.8000000000002,1,Churned
66382-MAH,Male,48,Yes,Maharashtra,0,6,NO DEAL,Yes,No,Yes,Fiber Optic,No,No,Yes,No,Yes,Yes,Yes,Yes,Month-to-Month,Yes,Bank Withdrawal,94.45,498.1,0.0,0,196.8,694.9,Churned,Competitor,Competitor had better devices,1,Senior,0-6 Months,New,115.81666666666666,196.8,694.9,0.1359188372427687,7.357331921651667,No Referral,0,6,3,1,1,0,0,1,0,0,1,0,83.01666666666667,11.433333333333335,0.0,0.2832062167218305,Medium Value,4533.6,1,Churned
26222-RAJ,Female,79,Yes,Rajasthan,1,14,Deal 5,Yes,No,Yes,DSL,No,No,No,No,No,No,No,Yes,Month-to-Month,No,Credit Card,45.1,45.1,0.0,0,15.24,60.34,Churned,Competitor,Competitor had better devices,1,Elder,13-24 Months,Growing,4.3100000000000005,15.24,60.34,0.7474312230692741,1.3379157427937916,Low,1,2,0,0,1,0,0,1,0,0,0,0,3.2214285714285715,41.87857142857143,0.0,0.2525687769307259,Low Value,3562.9,1,Churned
74033-ASS,Female,45,Yes,Assam,15,20,NO DEAL,No,No,Yes,Cable,No,No,No,No,No,No,No,Yes,Month-to-Month,No,Bank Withdrawal,25.25,25.25,0.0,0,0.0,25.25,Joined,Others,Others,0,Middle Age,13-24 Months,Growing,1.2625,0.0,25.25,1.0,1.0,High,1,1,0,0,0,0,0,1,0,0,0,0,1.2625,23.9875,0.0,0.0,Low Value,1136.25,1,Churned
89750-HAR,Male,59,No,Haryana,10,3,NO DEAL,Yes,No,No,No Type,No,No,No,No,No,No,No,No,Month-to-Month,No,Mailed Check,20.35,33.2,0.0,0,64.06,97.26,Churned,Attitude,Attitude of support person,1,Senior,0-6 Months,New,32.42,64.06,97.26,0.2092329837548838,4.779361179361179,High,1,1,0,0,1,0,0,0,0,0,0,0,11.066666666666668,9.283333333333331,0.0,0.658646925765988,Low Value,1200.65,1,Churned
14319-TAM,Male,69,Yes,Tamil Nadu,13,15,Deal 5,Yes,No,Yes,Cable,Yes,No,Yes,No,No,No,No,Yes,Month-to-Month,Yes,Bank Withdrawal,55.8,55.8,0.0,0,26.22,82.02,Churned,Dissatisfaction,Service dissatisfaction,1,Elder,13-24 Months,Growing,5.468,26.22,82.02,0.6803218727139722,1.4698924731182796,High,1,4,0,2,1,0,0,1,1,0,1,0,3.72,52.08,0.0,0.3196781272860278,Low Value,3850.2,1,Churned
62807-JHA,Male,76,Yes,Jharkhand,5,32,Deal 5,Yes,No,Yes,DSL,No,No,No,No,No,No,No,Yes,Month-to-Month,No,Credit Card,44.95,85.15,0.0,0,53.24,138.39,Churned,Other,Don't know,1,Elder,25-48 Months,Established,4.3246875,53.24,138.39,0.3248067056868271,3.078754171301445,Medium,1,2,0,0,1,0,0,1,0,0,0,0,2.6609375,42.2890625,0.0,0.3847098778813498,Low Value,3416.2000000000003,1,Churned
96927-ASS,Female,45,Yes,Assam,0,28,Deal 5,Yes,No,Yes,Fiber Optic,No,No,No,No,No,Yes,Yes,Yes,Month-to-Month,Yes,Bank Withdrawal,79.15,317.25,0.0,0,147.64,464.89,Churned,Competitor,Competitor made better offer,1,Middle Age,25-48 Months,Established,16.603214285714284,147.64,464.89,0.1702553292176644,5.873531269740997,No Referral,0,4,2,0,1,0,0,1,0,0,1,0,11.330357142857142,67.81964285714287,0.0,0.3175805029146679,Low Value,3561.7500000000005,1,Churned
87663-WES,Male,44,No,West Bengal,7,15,Deal 5,Yes,No,No,No Type,No,No,No,No,No,No,No,No,Month-to-Month,No,Mailed Check,20.25,20.25,0.0,0,23.16,43.41,Churned,Attitude,Attitude of support person,1,Middle Age,13-24 Months,Growing,2.894,23.16,43.41,0.4664823773324119,2.143703703703704,High,1,1,0,0,1,0,0,0,0,0,0,0,1.35,18.9,0.0,0.5335176226675882,Low Value,891.0,1,Churned
93875-UTT,Male,41,No,Uttar Pradesh,14,35,Deal 5,Yes,Yes,Yes,Fiber Optic,No,Yes,No,No,No,Yes,Yes,No,Month-to-Month,Yes,Bank Withdrawal,90.05,368.1,0.0,30,48.96,447.06,Churned,Competitor,Competitor offered more data,1,Middle Age,25-48 Months,Established,12.773142857142858,78.96000000000001,447.06,0.2014271015076276,4.964575235980012,High,1,5,2,1,1,1,0,1,0,0,1,0,10.517142857142858,79.53285714285714,0.0,0.1766205878405583,Low Value,3692.05,1,Churned
25646-RAJ,Male,51,Yes,Rajasthan,2,2,NO DEAL,Yes,Yes,Yes,Fiber Optic,No,No,No,No,No,No,No,Yes,Month-to-Month,Yes,Bank Withdrawal,74.9,469.8,0.0,0,37.92,507.72,Churned,Dissatisfaction,Service dissatisfaction,1,Senior,0-6 Months,New,253.86,37.92,507.72,0.1475222563617742,6.7786381842456604,Low,1,3,0,0,1,1,0,1,0,0,1,0,234.9,-160.0,0.0,0.074686835263531,Low Value,3819.9,1,Churned
32966-HAR,Female,23,No,Haryana,3,7,NO DEAL,Yes,No,No,No Type,No,No,No,No,No,No,No,No,Month-to-Month,No,Bank Withdrawal,19.2,19.2,0.0,0,26.37,45.57,Joined,Others,Others,0,Young Adult,7-12 Months,Growing,6.51,26.37,45.57,0.4213298222514812,2.3734375,Medium,1,1,0,0,1,0,0,0,0,0,0,0,2.742857142857143,16.457142857142856,0.0,0.5786701777485188,Low Value,441.6,1,Churned
94124-MAH,Female,21,No,Maharashtra,9,8,NO DEAL,Yes,No,Yes,Fiber Optic,No,No,No,No,Yes,No,No,Yes,Month-to-Month,Yes,Bank Withdrawal,79.95,174.45,0.0,0,75.4,249.85,Joined,Others,Others,0,Young Adult,7-12 Months,Growing,31.23125,75.4,249.85,0.3199919951971183,3.125078173858661,High,1,3,1,0,1,0,0,1,0,0,1,0,21.80625,58.14375,0.0,0.3017810686411847,Low Value,1678.95,1,Churned
13823-TEL,Female,31,Yes,Telangana,1,28,Deal 5,No,No,Yes,DSL,No,No,No,No,No,No,No,Yes,Month-to-Month,No,Bank Withdrawal,24.5,46.4,0.0,0,0.0,46.4,Joined,Others,Others,0,Middle Age,25-48 Months,Established,1.657142857142857,0.0,46.4,0.5280172413793104,1.893877551020408,Low,1,1,0,0,0,0,0,1,0,0,0,0,1.657142857142857,22.84285714285714,0.0,0.0,Low Value,759.5,1,Churned
18822-MAH,Female,40,Yes,Maharashtra,7,28,NO DEAL,Yes,No,Yes,Fiber Optic,No,Yes,No,Yes,Yes,Yes,Yes,Yes,Month-to-Month,Yes,Mailed Check,99.15,465.05,0.0,0,46.15,511.2,Churned,Other,Moved,1,Middle Age,25-48 Months,Established,18.257142857142856,46.15,511.2,0.1939553990610328,5.155824508320726,High,1,7,3,2,1,0,0,1,0,0,1,0,16.60892857142857,82.54107142857143,0.0,0.0902777777777777,Low Value,3966.0,1,Churned
57457-MAD,Female,46,No,Madhya Pradesh,14,34,NO DEAL,Yes,No,No,No Type,No,No,No,No,No,No,No,No,Month-to-Month,No,Mailed Check,20.0,38.0,0.0,0,68.76,106.76,Joined,Others,Others,0,Senior,25-48 Months,Established,3.14,68.76,106.76,0.1873360809291869,5.338,High,1,1,0,0,1,0,0,0,0,0,0,0,1.1176470588235294,18.88235294117647,0.0,0.6440614462345448,Low Value,920.0,1,Churned
89665-CHH,Male,56,No,Chhattisgarh,5,36,Deal 5,Yes,No,Yes,Cable,No,No,No,No,No,No,No,Yes,Month-to-Month,Yes,Credit Card,45.85,45.85,0.0,0,44.75,90.6,Churned,Attitude,Attitude of support person,1,Senior,25-48 Months,Established,2.5166666666666666,44.75,90.6,0.5060706401766005,1.976008724100327,Medium,1,2,0,0,1,0,0,1,0,0,1,0,1.2736111111111112,44.57638888888889,0.0,0.4939293598233996,Low Value,2567.6,1,Churned
32902-KAR,Female,74,No,Karnataka,12,22,Deal 3,Yes,No,Yes,Fiber Optic,No,Yes,Yes,No,No,No,No,Yes,Month-to-Month,Yes,Credit Card,79.65,2365.15,0.0,0,186.9,2552.05,Churned,Attitude,Attitude of support person,1,Elder,13-24 Months,Growing,116.00227272727274,186.9,2552.05,0.0312102035618424,32.040803515379785,High,1,4,0,2,1,0,0,1,0,0,1,0,107.5068181818182,-27.856818181818184,0.0,0.0732352422562253,High Value,5894.1,1,Churned
95731-JAM,Female,76,No,Jammu & Kashmir,13,22,Deal 4,Yes,Yes,Yes,Fiber Optic,Yes,No,Yes,No,No,No,No,Yes,Month-to-Month,Yes,Bank Withdrawal,85.35,1463.45,0.0,0,625.94,2089.39,Churned,Competitor,Competitor made better offer,1,Elder,13-24 Months,Growing,94.97227272727272,625.94,2089.39,0.0408492430805163,24.48025776215583,High,1,5,0,2,1,1,0,1,1,0,1,0,66.52045454545454,18.829545454545453,0.0,0.2995802602673508,Medium Value,6486.599999999999,1,Churned
71499-TAM,Female,40,Yes,Tamil Nadu,8,30,Deal 5,Yes,No,Yes,DSL,Yes,Yes,No,No,No,No,No,Yes,Month-to-Month,No,Bank Withdrawal,56.25,389.1,0.0,0,103.08,492.18,Churned,Attitude,Attitude of support person,1,Middle Age,25-48 Months,Established,16.406,103.08,492.18,0.1142874558088504,8.749866666666668,High,1,4,0,2,1,0,0,1,1,0,0,0,12.97,43.28,0.0,0.2094355723515787,Low Value,2250.0,1,Churned
62464-MAD,Female,46,No,Madhya Pradesh,6,8,NO DEAL,Yes,No,No,No Type,No,No,No,No,No,No,No,No,Month-to-Month,Yes,Mailed Check,20.5,20.5,0.0,0,34.57,55.07,Churned,Price,Long distance charges,1,Senior,7-12 Months,Growing,6.88375,34.57,55.07,0.3722534955511167,2.6863414634146343,High,1,1,0,0,1,0,0,0,0,0,1,0,2.5625,17.9375,0.0,0.6277465044488832,Low Value,943.0,1,Churned
96967-CHH,Female,33,No,Chhattisgarh,5,8,NO DEAL,Yes,No,Yes,Fiber Optic,No,No,No,No,Yes,Yes,Yes,Yes,Month-to-Month,Yes,Bank Withdrawal,89.35,89.35,0.0,0,5.36,94.71,Joined,Others,Others,0,Middle Age,7-12 Months,Growing,11.83875,5.36,94.71,0.9434061873086264,1.059988808058198,Medium,1,5,3,0,1,0,0,1,0,0,1,0,11.16875,78.18124999999999,0.0,0.0565938126913736,Low Value,2948.55,1,Churned
67206-MAH,Male,51,Yes,Maharashtra,9,15,NO DEAL,Yes,No,Yes,Fiber Optic,No,Yes,No,No,No,No,No,Yes,Month-to-Month,Yes,Bank Withdrawal,74.35,74.35,0.0,0,4.8,79.15,Churned,Other,Deceased,1,Senior,13-24 Months,Growing,5.276666666666667,4.8,79.15,0.939355653821857,1.0645595158036316,High,1,3,0,1,1,0,0,1,0,0,1,0,4.956666666666666,69.39333333333333,0.0,0.0606443461781427,Low Value,3791.85,1,Churned
53689-AND,Male,32,Yes,Andhra Pradesh,2,6,NO DEAL,Yes,No,Yes,Fiber Optic,No,No,No,No,Yes,No,No,Yes,Month-to-Month,Yes,Bank Withdrawal,80.1,679.3,0.0,0,291.12,970.42,Churned,Competitor,Competitor had better devices,1,Middle Age,0-6 Months,New,161.73666666666665,291.12,970.42,0.0825415799344613,12.115106117353308,Low,1,3,1,0,1,0,0,1,0,0,1,0,113.21666666666664,-33.11666666666666,0.0,0.2999938171101173,Medium Value,2563.2,1,Churned
87960-MAD,Female,56,No,Madhya Pradesh,2,32,Deal 5,Yes,Yes,Yes,Fiber Optic,No,No,No,No,No,No,No,Yes,Month-to-Month,Yes,Bank Withdrawal,74.75,706.6,0.0,0,148.32,854.92,Churned,Competitor,Competitor made better offer,1,Senior,25-48 Months,Established,26.71625,148.32,854.92,0.0874350816450662,11.43705685618729,Low,1,3,0,0,1,1,0,1,0,0,1,0,22.08125,52.66875,0.0,0.1734899171852337,Medium Value,4186.0,1,Churned
33248-TAM,Male,68,Yes,Tamil Nadu,14,2,NO DEAL,Yes,Yes,Yes,Fiber Optic,No,No,Yes,No,No,No,No,Yes,Month-to-Month,Yes,Bank Withdrawal,79.85,1471.75,0.0,0,318.82,1790.57,Churned,Dissatisfaction,Network reliability,1,Elder,0-6 Months,New,895.285,318.82,1790.57,0.0445947379884617,22.42417031934878,High,1,4,0,1,1,1,0,1,0,0,1,0,735.875,-656.025,0.0,0.1780550327549327,Medium Value,5429.799999999999,1,Churned
41725-RAJ,Female,58,Yes,Rajasthan,3,29,Deal 5,Yes,No,Yes,Fiber Optic,No,No,Yes,No,Yes,No,No,Yes,Month-to-Month,Yes,Bank Withdrawal,86.25,587.1,0.0,0,312.62,899.72,Churned,Attitude,Attitude of support person,1,Senior,25-48 Months,Established,31.024827586206897,312.62,899.72,0.0958631574267549,10.431536231884058,Medium,1,4,1,1,1,0,0,1,0,0,1,0,20.2448275862069,66.0051724137931,0.0,0.3474636553594452,Medium Value,5002.5,1,Churned
19233-AND,Female,28,No,Andhra Pradesh,14,36,NO DEAL,Yes,Yes,Yes,Fiber Optic,No,No,No,Yes,No,No,No,Yes,Month-to-Month,Yes,Bank Withdrawal,79.65,251.75,0.0,0,129.81,381.56,Churned,Competitor,Competitor offered more data,1,Young Adult,25-48 Months,Established,10.598888888888888,129.81,381.56,0.2087482964671349,4.790458254865034,High,1,4,0,1,1,1,0,1,0,0,1,0,6.993055555555555,72.65694444444445,0.0,0.3402086172554775,Low Value,2230.2000000000003,1,Churned
71210-WES,Female,58,No,West Bengal,15,28,NO DEAL,Yes,No,No,No Type,No,No,No,No,No,No,No,No,Month-to-Month,No,Credit Card,19.85,19.85,0.0,0,29.1,48.95,Joined,Others,Others,0,Senior,25-48 Months,Established,1.7482142857142855,29.1,48.95,0.4055158324821246,2.465994962216625,High,1,1,0,0,1,0,0,0,0,0,0,0,0.7089285714285715,19.14107142857143,0.0,0.5944841675178754,Low Value,1151.3000000000002,1,Churned
65509-DEL,Male,61,No,Delhi,0,25,NO DEAL,Yes,Yes,Yes,Fiber Optic,No,No,Yes,Yes,Yes,Yes,Yes,No,Month-to-Month,Yes,Bank Withdrawal,103.45,1539.8,0.0,140,279.0,1958.8,Stayed,Others,Others,0,Elder,25-48 Months,Established,78.352,419.0,1958.8,0.0528129467020624,18.934751087481875,No Referral,0,7,3,2,1,1,0,1,0,0,1,0,61.592,41.858,0.0,0.2139064733510312,Medium Value,6310.45,1,Churned
89519-BIH,Male,23,Yes,Bihar,2,2,Deal 2,Yes,Yes,Yes,Fiber Optic,Yes,No,Yes,No,No,Yes,Yes,Yes,Month-to-Month,No,Bank Withdrawal,93.9,5029.2,0.0,0,1655.72,6684.92,Churned,Attitude,Attitude of service provider,1,Young Adult,0-6 Months,New,3342.46,1655.72,6684.92,0.014046540571914,71.19190628328008,Low,1,7,2,2,1,1,0,1,1,0,0,0,2514.6,-2420.7,0.0,0.2476798525636806,Very High Value,2159.7000000000003,1,Churned
52031-TAM,Female,69,No,Tamil Nadu,12,14,NO DEAL,Yes,No,Yes,Cable,Yes,No,No,Yes,Yes,Yes,Yes,Yes,Month-to-Month,Yes,Bank Withdrawal,98.9,1120.95,0.0,0,419.04,1539.99,Churned,Price,Price too high,1,Elder,13-24 Months,Growing,109.99928571428572,419.04,1539.99,0.064221196241534,15.571183013144587,High,1,7,3,2,1,0,0,1,1,0,1,0,80.06785714285715,18.832142857142856,0.0,0.2721056630237858,Medium Value,6824.1,1,Churned
97343-JHA,Male,65,No,Jharkhand,11,16,Deal 5,Yes,No,Yes,DSL,No,Yes,No,No,No,No,No,Yes,Month-to-Month,Yes,Bank Withdrawal,50.75,50.75,0.0,0,43.03,93.78,Churned,Competitor,Competitor had better devices,1,Elder,13-24 Months,Growing,5.86125,43.03,93.78,0.5411601620814672,1.8478817733990147,High,1,3,0,1,1,0,0,1,0,0,1,0,3.171875,47.578125,0.0,0.4588398379185327,Low Value,3298.75,1,Churned
78483-JAM,Male,67,No,Jammu & Kashmir,8,7,Deal 1,Yes,Yes,Yes,DSL,No,Yes,Yes,Yes,No,Yes,Yes,No,One Year,Yes,Bank Withdrawal,75.8,5293.95,0.0,90,1984.24,7368.19,Churned,Competitor,Competitor made better offer,1,Elder,7-12 Months,Growing,1052.5985714285714,2074.24,7368.19,0.0102874654426663,97.205672823219,High,1,7,2,3,1,1,1,1,0,0,1,0,756.2785714285714,-680.4785714285714,0.0,0.2815128274379461,Very High Value,5078.599999999999,1,Churned
71570-TEL,Female,56,Yes,Telangana,8,3,NO DEAL,No,No,Yes,Cable,Yes,No,No,Yes,No,No,No,Yes,Month-to-Month,Yes,Bank Withdrawal,34.5,279.25,0.0,0,0.0,279.25,Churned,Dissatisfaction,Service dissatisfaction,1,Senior,0-6 Months,New,93.08333333333331,0.0,279.25,0.1235452103849597,8.094202898550725,High,1,3,0,2,0,0,0,1,1,0,1,0,93.08333333333331,-58.58333333333333,0.0,0.0,Low Value,1932.0,1,Churned
65482-GUJ,Female,65,No,Gujarat,10,32,Deal 4,Yes,Yes,Yes,Fiber Optic,Yes,No,No,No,Yes,No,No,Yes,Month-to-Month,Yes,Bank Withdrawal,90.6,1660.0,0.0,0,534.28,2194.28,Churned,Price,Extra data charges,1,Elder,25-48 Months,Established,68.57125,534.28,2194.28,0.0412891700238802,24.21942604856513,High,1,5,1,1,1,1,0,1,1,0,1,0,51.875,38.725,0.0,0.2434876132489928,High Value,5889.0,1,Churned
46886-UTT,Female,65,No,Uttar Pradesh,0,22,NO DEAL,Yes,No,Yes,Fiber Optic,No,No,No,No,No,No,No,Yes,Month-to-Month,Yes,Bank Withdrawal,70.65,142.35,0.0,0,25.04,167.39,Churned,Competitor,Competitor had better devices,1,Elder,13-24 Months,Growing,7.608636363636363,25.04,167.39,0.4220682239082383,2.369285208775654,No Referral,0,2,0,0,1,0,0,1,0,0,1,0,6.470454545454545,64.17954545454546,0.0,0.149590776032021,Low Value,4592.25,1,Churned
38354-ASS,Female,31,Yes,Assam,2,26,Deal 5,Yes,Yes,Yes,DSL,No,No,Yes,No,No,No,No,Yes,Month-to-Month,No,Bank Withdrawal,54.35,54.35,0.0,0,25.39,79.74,Churned,Attitude,Attitude of service provider,1,Middle Age,25-48 Months,Established,3.066923076923077,25.39,79.74,0.68159016804615,1.4671573137074516,Low,1,4,0,1,1,1,0,1,0,0,0,0,2.0903846153846155,52.25961538461539,0.0,0.31840983195385,Low Value,1684.85,1,Churned
64120-MAH,Male,52,Yes,Maharashtra,6,12,NO DEAL,Yes,No,Yes,DSL,No,No,No,No,Yes,No,No,Yes,Month-to-Month,Yes,Credit Card,55.0,55.0,0.0,0,32.74,87.74,Churned,Price,Long distance charges,1,Senior,7-12 Months,Growing,7.311666666666666,32.74,87.74,0.6268520629131525,1.5952727272727272,High,1,3,1,0,1,0,0,1,0,0,1,0,4.583333333333333,50.41666666666666,0.0,0.3731479370868475,Low Value,2860.0,1,Churned
35656-AND,Male,44,Yes,Andhra Pradesh,7,27,NO DEAL,Yes,Yes,Yes,DSL,Yes,No,Yes,No,Yes,Yes,Yes,Yes,Two Year,Yes,Bank Withdrawal,79.7,5293.4,0.0,0,2865.59,8158.99,Churned,Price,Price too high,1,Middle Age,25-48 Months,Established,302.1848148148148,2865.59,8158.99,0.0097683659374505,102.37126725219572,High,1,8,3,2,1,1,1,1,1,0,1,0,196.05185185185184,-116.35185185185183,0.0,0.3512187170225727,Very High Value,3506.8,1,Churned
53781-AND,Female,27,No,Andhra Pradesh,8,12,Deal 2,Yes,Yes,Yes,Fiber Optic,Yes,Yes,Yes,Yes,Yes,Yes,Yes,Yes,Month-to-Month,Yes,Bank Withdrawal,114.5,4527.45,0.0,0,883.96,5411.41,Churned,Competitor,Competitor made better offer,1,Young Adult,7-12 Months,Growing,450.9508333333333,883.96,5411.41,0.0211589955298157,47.26122270742358,High,1,10,3,4,1,1,0,1,1,0,1,0,377.2875,-262.7875,0.0,0.1633511413845929,Very High Value,3091.5,1,Churned
47178-KAR,Female,26,Yes,Karnataka,2,9,Deal 5,Yes,No,Yes,DSL,No,No,No,No,No,No,Yes,Yes,Month-to-Month,Yes,Bank Withdrawal,44.4,44.4,0.0,0,7.14,51.54,Churned,Attitude,Attitude of service provider,1,Young Adult,7-12 Months,Growing,5.726666666666667,7.14,51.54,0.8614668218859138,1.1608108108108108,Low,1,3,1,0,1,0,0,1,0,0,1,0,4.933333333333334,39.46666666666667,0.0,0.1385331781140861,Low Value,1154.4,1,Churned
53764-WES,Male,36,No,West Bengal,10,23,NO DEAL,No,No,Yes,Cable,No,No,No,No,No,No,No,Yes,Month-to-Month,Yes,Credit Card,24.9,24.9,0.0,0,0.0,24.9,Joined,Others,Others,0,Middle Age,13-24 Months,Growing,1.082608695652174,0.0,24.9,1.0,1.0,High,1,1,0,0,0,0,0,1,0,0,1,0,1.082608695652174,23.817391304347822,0.0,0.0,Low Value,896.4,1,Churned
18521-RAJ,Male,76,Yes,Rajasthan,13,15,Deal 5,Yes,No,Yes,Fiber Optic,Yes,No,No,No,Yes,No,No,Yes,Month-to-Month,Yes,Bank Withdrawal,85.15,503.6,0.0,0,176.46,680.06,Churned,Attitude,Attitude of service provider,1,Elder,13-24 Months,Growing,45.337333333333326,176.46,680.06,0.1252095403346763,7.986611861421021,High,1,4,1,1,1,0,0,1,1,0,1,0,33.57333333333334,51.57666666666667,0.0,0.259477104961327,Medium Value,6471.400000000001,1,Churned
18238-JAM,Female,69,Yes,Jammu & Kashmir,1,14,Deal 4,Yes,Yes,Yes,Fiber Optic,No,Yes,No,No,No,Yes,Yes,Yes,Month-to-Month,Yes,Bank Withdrawal,90.9,1259.0,0.0,0,190.96,1449.96,Churned,Competitor,Competitor made better offer,1,Elder,13-24 Months,Growing,103.56857142857145,190.96,1449.96,0.0626913845899197,15.95115511551155,Low,1,6,2,1,1,1,0,1,0,0,1,0,89.92857142857143,0.9714285714285752,0.0,0.131700184832685,Medium Value,6272.1,1,Churned
39128-PUN,Male,36,No,Punjab,15,22,Deal 5,Yes,No,Yes,DSL,No,No,No,No,No,No,No,No,Month-to-Month,Yes,Bank Withdrawal,44.75,44.75,0.0,10,18.57,73.32,Joined,Others,Others,0,Middle Age,13-24 Months,Growing,3.3327272727272725,28.57,73.32,0.6103382433169667,1.638435754189944,High,1,1,0,0,1,0,0,1,0,0,1,0,2.034090909090909,42.71590909090909,0.0,0.3896617566830333,Low Value,1611.0,1,Churned
58625-JAM,Female,70,Yes,Jammu & Kashmir,14,17,Deal 4,Yes,No,Yes,Fiber Optic,No,No,No,Yes,Yes,Yes,Yes,Yes,Month-to-Month,Yes,Bank Withdrawal,94.45,1511.2,0.0,0,150.88,1662.08,Churned,Competitor,Competitor had better devices,1,Elder,13-24 Months,Growing,97.76941176470588,150.88,1662.08,0.0568263862148633,17.597458973001586,High,1,6,3,1,1,0,0,1,0,0,1,0,88.89411764705882,5.555882352941183,0.0,0.0907778205621871,Medium Value,6611.5,1,Churned
79233-TAM,Male,39,Yes,Tamil Nadu,3,27,Deal 5,Yes,No,No,No Type,No,No,No,No,No,No,No,No,Month-to-Month,Yes,Credit Card,20.55,51.15,0.0,0,112.83,163.98,Churned,Attitude,Attitude of support person,1,Middle Age,25-48 Months,Established,6.073333333333333,112.83,163.98,0.1253201609952433,7.97956204379562,Medium,1,1,0,0,1,0,0,0,0,0,1,0,1.8944444444444444,18.655555555555555,0.0,0.6880717160629345,Low Value,801.45,1,Churned
55661-RAJ,Male,48,No,Rajasthan,7,12,Deal 4,Yes,Yes,Yes,Fiber Optic,No,No,Yes,Yes,Yes,Yes,Yes,Yes,Month-to-Month,Yes,Credit Card,104.05,2470.1,0.0,0,374.44,2844.54,Churned,Competitor,Competitor had better devices,1,Senior,7-12 Months,Growing,237.045,374.44,2844.54,0.0365788493042811,27.338202787121578,High,1,8,3,2,1,1,0,1,0,0,1,0,205.84166666666667,-101.79166666666669,0.0,0.1316346403987991,High Value,4994.4,1,Churned
53924-KAR,Female,23,Yes,Karnataka,7,6,Deal 5,Yes,No,No,No Type,No,No,No,No,No,No,No,No,Month-to-Month,Yes,Bank Withdrawal,19.85,63.0,0.0,0,27.52,90.52,Stayed,Others,Others,0,Young Adult,0-6 Months,New,15.086666666666666,27.52,90.52,0.2192885550154662,4.560201511335012,High,1,1,0,0,1,0,0,0,0,0,1,0,10.5,9.35,0.0,0.3040212107821476,Low Value,456.55,1,Churned
11920-HAR,Female,61,Yes,Haryana,10,24,Deal 5,Yes,Yes,Yes,DSL,No,No,No,Yes,Yes,No,No,Yes,Month-to-Month,Yes,Bank Withdrawal,63.6,155.65,0.0,0,10.92,166.57,Churned,Competitor,Competitor offered higher download speeds,1,Elder,13-24 Months,Growing,6.940416666666667,10.92,166.57,0.3818214564447379,2.6190251572327043,High,1,5,1,1,1,1,0,1,0,0,1,0,6.485416666666667,57.114583333333336,0.0,0.0655580236537191,Low Value,3879.6,1,Churned
95043-AND,Female,70,Yes,Andhra Pradesh,0,22,Deal 3,Yes,Yes,Yes,Fiber Optic,No,No,Yes,No,No,No,No,No,Month-to-Month,Yes,Bank Withdrawal,78.05,2135.5,0.0,10,89.91,2235.41,Churned,Competitor,Competitor had better devices,1,Elder,13-24 Months,Growing,101.60954545454544,99.91,2235.41,0.0349152951807498,28.64074311338885,No Referral,0,3,0,1,1,1,0,1,0,0,1,0,97.0681818181818,-19.018181818181816,0.0,0.0446942619027382,High Value,5463.5,1,Churned
75734-HAR,Male,29,Yes,Haryana,4,21,NO DEAL,Yes,Yes,Yes,Fiber Optic,No,No,No,No,No,No,No,Yes,Month-to-Month,Yes,Bank Withdrawal,74.5,74.5,0.0,0,13.61,88.11,Churned,Competitor,Competitor had better devices,1,Young Adult,13-24 Months,Growing,4.195714285714286,13.61,88.11,0.8455339916014073,1.1826845637583892,Medium,1,3,0,0,1,1,0,1,0,0,1,0,3.5476190476190474,70.95238095238095,0.0,0.1544660083985926,Low Value,2160.5,1,Churned
83718-HAR,Female,24,No,Haryana,11,10,Deal 4,Yes,Yes,Yes,Fiber Optic,Yes,No,Yes,No,Yes,Yes,Yes,Yes,Month-to-Month,Yes,Bank Withdrawal,104.4,2200.25,0.0,0,808.92,3009.17,Churned,Attitude,Attitude of support person,1,Young Adult,7-12 Months,Growing,300.91700000000003,808.92,3009.17,0.0346939521529192,28.823467432950192,High,1,8,3,2,1,1,0,1,1,0,1,0,220.025,-115.625,0.0,0.2688183120262398,High Value,2505.6000000000004,1,Churned
94775-HAR,Female,65,Yes,Haryana,12,10,NO DEAL,Yes,Yes,Yes,Fiber Optic,No,No,No,No,Yes,Yes,No,Yes,Month-to-Month,Yes,Bank Withdrawal,93.85,196.75,0.0,0,50.38,247.13,Churned,Price,Lack of affordable download/upload speed,1,Elder,7-12 Months,Growing,24.713,50.38,247.13,0.3797596406749484,2.6332445391582318,High,1,5,2,0,1,1,0,1,0,0,1,0,19.675,74.175,0.0,0.2038603164326468,Low Value,6100.25,1,Churned
67482-JAM,Male,39,No,Jammu & Kashmir,13,27,Deal 5,No,No,Yes,DSL,No,Yes,No,Yes,No,No,No,Yes,Month-to-Month,Yes,Mailed Check,36.85,108.7,0.0,0,0.0,108.7,Churned,Competitor,Competitor made better offer,1,Middle Age,25-48 Months,Established,4.025925925925926,0.0,108.7,0.3390064397424103,2.949796472184532,High,1,3,0,2,0,0,0,1,0,0,1,0,4.025925925925926,32.82407407407408,0.0,0.0,Low Value,1437.15,1,Churned
45199-ASS,Male,44,No,Assam,2,11,NO DEAL,Yes,No,Yes,DSL,No,No,No,No,No,No,No,No,Month-to-Month,No,Mailed Check,44.65,74.9,0.0,10,49.8,134.7,Churned,Competitor,Competitor made better offer,1,Middle Age,7-12 Months,Growing,12.245454545454544,59.8,134.7,0.3314773570898293,3.016797312430011,Low,1,1,0,0,1,0,0,1,0,0,0,0,6.8090909090909095,37.840909090909086,0.0,0.4439495174461767,Low Value,1964.6,1,Churned
58354-JAM,Male,76,Yes,Jammu & Kashmir,10,6,Deal 2,Yes,Yes,Yes,Fiber Optic,No,No,Yes,No,Yes,Yes,No,Yes,Month-to-Month,Yes,Bank Withdrawal,101.0,4680.05,0.0,0,246.56,4926.61,Churned,Competitor,Competitor made better offer,1,Elder,0-6 Months,New,821.1016666666666,246.56,4926.61,0.0205009123920911,48.77831683168316,High,1,6,2,1,1,1,0,1,0,0,1,0,780.0083333333333,-679.0083333333333,0.0,0.050046583756376,Very High Value,7676.0,1,Churned
77703-AND,Male,41,Yes,Andhra Pradesh,15,29,Deal 5,Yes,No,Yes,Fiber Optic,No,No,No,Yes,Yes,No,No,Yes,Month-to-Month,Yes,Bank Withdrawal,85.75,470.95,44.16,0,5.6,432.39,Churned,Attitude,Attitude of support person,1,Middle Age,25-48 Months,Established,14.91,5.6,388.23,0.1983163347903513,5.042448979591836,High,1,4,1,1,1,0,0,1,0,0,1,0,16.239655172413794,69.51034482758621,0.0937679159146406,0.0129512708434515,Low Value,3515.75,1,Churned
95288-JHA,Female,75,Yes,Jharkhand,3,14,NO DEAL,Yes,No,Yes,Fiber Optic,No,No,Yes,No,No,No,No,Yes,Month-to-Month,Yes,Bank Withdrawal,74.3,940.35,0.0,0,524.81,1465.16,Churned,Competitor,Competitor had better devices,1,Elder,13-24 Months,Growing,104.65428571428572,524.81,1465.16,0.050711185126539,19.719515477792733,Medium,1,3,0,1,1,0,0,1,0,0,1,0,67.16785714285714,7.132142857142853,0.0,0.3581929618608206,Medium Value,5572.5,1,Churned
87378-KER,Female,33,No,Kerala,0,36,Deal 5,Yes,Yes,Yes,Fiber Optic,No,Yes,No,No,Yes,Yes,Yes,Yes,Month-to-Month,Yes,Credit Card,99.3,918.75,0.0,0,43.29,962.04,Stayed,Others,Others,0,Middle Age,25-48 Months,Established,26.723333333333333,43.29,962.04,0.1032181614070101,9.68821752265861,No Referral,0,7,3,1,1,1,0,1,0,0,1,0,25.52083333333333,73.77916666666667,0.0,0.0449981289759261,Medium Value,3276.9,1,Churned
11814-GUJ,Female,45,Yes,Gujarat,12,9,NO DEAL,Yes,Yes,Yes,Fiber Optic,No,Yes,Yes,No,Yes,Yes,Yes,Yes,Month-to-Month,Yes,Bank Withdrawal,105.55,6281.45,0.0,0,2787.7,9069.15,Churned,Competitor,Competitor had better devices,1,Middle Age,7-12 Months,Growing,1007.6833333333332,2787.7,9069.15,0.0116383564060579,85.9227854097584,High,1,8,3,2,1,1,0,1,0,0,1,0,697.9388888888889,-592.3888888888889,0.0,0.3073827205416163,Very High Value,4749.75,1,Churned
87024-KAR,Male,58,No,Karnataka,14,8,Deal 5,Yes,No,Yes,Fiber Optic,No,No,No,No,No,No,No,Yes,Month-to-Month,Yes,Credit Card,71.3,157.75,0.0,0,13.48,171.23,Joined,Others,Others,0,Senior,7-12 Months,Growing,21.40375,13.48,171.23,0.4163989955031245,2.401542776998597,High,1,2,0,0,1,0,0,1,0,0,1,0,19.71875,51.58125,0.0,0.0787245225719792,Low Value,4135.4,1,Churned
36379-JAM,Male,41,Yes,Jammu & Kashmir,12,28,Deal 5,Yes,No,No,No Type,No,No,No,No,No,No,No,No,One Year,No,Mailed Check,19.85,35.9,0.0,0,30.28,66.18,Churned,Attitude,Attitude of support person,1,Middle Age,25-48 Months,Established,2.363571428571429,30.28,66.18,0.2999395587790873,3.3340050377833754,High,1,1,0,0,1,0,1,0,0,0,0,0,1.282142857142857,18.567857142857143,0.0,0.4575400423088546,Low Value,813.85,1,Churned
38393-AND,Female,56,Yes,Andhra Pradesh,4,2,NO DEAL,Yes,Yes,Yes,Fiber Optic,No,No,Yes,Yes,No,No,No,Yes,Month-to-Month,Yes,Bank Withdrawal,84.3,3588.4,0.0,0,450.66,4039.06,Churned,Attitude,Attitude of service provider,1,Senior,0-6 Months,New,2019.53,450.66,4039.06,0.0208711928022856,47.9129300118624,Medium,1,5,0,2,1,1,0,1,0,0,1,0,1794.2,-1709.9,0.0,0.1115754655786247,High Value,4720.8,1,Churned
99855-MAH,Female,50,Yes,Maharashtra,5,29,NO DEAL,Yes,No,Yes,Fiber Optic,No,No,No,No,No,No,No,Yes,Month-to-Month,Yes,Bank Withdrawal,69.7,135.2,0.0,0,31.34,166.54,Joined,Others,Others,0,Senior,25-48 Months,Established,5.742758620689655,31.34,166.54,0.4185180737360394,2.389383070301291,Medium,1,2,0,0,1,0,0,1,0,0,1,0,4.662068965517241,65.03793103448277,0.0,0.1881830190945118,Low Value,3485.0,1,Churned
94827-AND,Female,42,No,Andhra Pradesh,15,33,NO DEAL,Yes,No,Yes,DSL,No,No,No,No,No,Yes,Yes,Yes,Month-to-Month,Yes,Bank Withdrawal,55.3,196.15,0.0,0,77.88,274.03,Churned,Dissatisfaction,Product dissatisfaction,1,Middle Age,25-48 Months,Established,8.303939393939393,77.88,274.03,0.2018027223296719,4.955334538878843,High,1,4,2,0,1,0,0,1,0,0,1,0,5.943939393939394,49.3560606060606,0.0,0.284202459584717,Low Value,2322.6,1,Churned
43625-UTT,Female,22,Yes,Uttar Pradesh,6,8,NO DEAL,Yes,Yes,Yes,Fiber Optic,No,Yes,Yes,No,Yes,Yes,Yes,Yes,Month-to-Month,Yes,Bank Withdrawal,105.05,5624.85,27.6,0,550.68,6147.93,Churned,Other,Don't know,1,Young Adult,7-12 Months,Growing,768.49125,550.68,6120.33,0.0170870520646786,58.52384578772013,High,1,8,3,2,1,1,0,1,0,0,1,0,703.10625,-598.0562500000001,0.0049067975146003,0.0895716119083984,Very High Value,2311.1,1,Churned
36325-KAR,Female,23,No,Karnataka,15,4,Deal 4,Yes,No,No,No Type,No,No,No,No,No,No,No,No,Month-to-Month,No,Bank Withdrawal,20.25,327.45,0.0,0,336.64,664.09,Churned,Price,Long distance charges,1,Young Adult,0-6 Months,New,166.0225,336.64,664.09,0.0304928548841271,32.79456790123457,High,1,1,0,0,1,0,0,0,0,0,0,0,81.8625,-61.6125,0.0,0.5069192428737068,Medium Value,465.75,1,Churned
87853-UTT,Female,24,No,Uttar Pradesh,1,8,NO DEAL,Yes,Yes,Yes,DSL,Yes,No,Yes,Yes,Yes,No,No,Yes,Month-to-Month,No,Bank Withdrawal,72.25,2568.55,0.0,0,884.45,3453.0,Churned,Other,Don't know,1,Young Adult,7-12 Months,Growing,431.625,884.45,3453.0,0.0209238343469446,47.7923875432526,Low,1,7,1,3,1,1,0,1,1,0,0,0,321.06875,-248.81875,0.0,0.2561395887633941,High Value,1734.0,1,Churned
99942-KER,Male,59,Yes,Kerala,8,18,NO DEAL,Yes,No,Yes,Fiber Optic,No,No,No,No,No,No,No,Yes,Month-to-Month,No,Bank Withdrawal,69.7,69.7,0.0,0,21.52,91.22,Churned,Attitude,Attitude of service provider,1,Senior,13-24 Months,Growing,5.067777777777778,21.52,91.22,0.7640868230651173,1.3087517934002868,High,1,2,0,0,1,0,0,1,0,0,0,0,3.8722222222222222,65.82777777777778,0.0,0.2359131769348827,Low Value,4112.3,1,Churned
42517-UTT,Female,46,Yes,Uttar Pradesh,7,12,NO DEAL,Yes,No,Yes,Fiber Optic,No,Yes,No,No,No,No,No,Yes,Month-to-Month,No,Bank Withdrawal,74.95,815.5,0.0,0,277.64,1093.14,Churned,Attitude,Attitude of support person,1,Senior,7-12 Months,Growing,91.095,277.64,1093.14,0.0685639533820004,14.584923282188129,High,1,3,0,1,1,0,0,1,0,0,0,0,67.95833333333333,6.991666666666674,0.0,0.2539839361838373,Medium Value,3447.7000000000003,1,Churned
28899-KAR,Female,73,Yes,Karnataka,14,5,Deal 5,Yes,No,Yes,Fiber Optic,No,No,Yes,No,No,No,No,No,Month-to-Month,No,Bank Withdrawal,74.4,434.1,0.0,20,53.46,507.56,Churned,Competitor,Competitor offered more data,1,Elder,0-6 Months,New,101.512,73.46000000000001,507.56,0.1465836551343683,6.822043010752688,High,1,2,0,1,1,0,0,1,0,0,0,0,86.82000000000001,-12.420000000000002,0.0,0.144731657341004,Low Value,5431.200000000001,1,Churned
25448-PUN,Male,54,No,Punjab,6,8,NO DEAL,Yes,No,Yes,Fiber Optic,No,No,No,No,No,No,No,No,Month-to-Month,Yes,Bank Withdrawal,69.8,69.8,0.0,10,22.86,102.66,Churned,Dissatisfaction,Network reliability,1,Senior,7-12 Months,Growing,12.8325,32.86,102.66,0.6799142801480615,1.4707736389684811,High,1,1,0,0,1,0,0,1,0,0,1,0,8.725,61.075,0.0,0.3200857198519384,Low Value,3769.2,1,Churned
29172-TAM,Female,70,Yes,Tamil Nadu,15,7,NO DEAL,Yes,No,Yes,DSL,Yes,Yes,No,No,No,No,No,Yes,Month-to-Month,Yes,Credit Card,57.15,2250.65,0.0,0,991.8,3242.45,Churned,Attitude,Attitude of support person,1,Elder,7-12 Months,Growing,463.20714285714286,991.8,3242.45,0.0176255609184413,56.735783027121606,High,1,4,0,2,1,0,0,1,1,0,1,0,321.5214285714286,-264.3714285714286,0.0,0.3058798131042884,High Value,4000.5,1,Churned
72784-UTT,Female,28,No,Uttar Pradesh,4,33,Deal 5,Yes,No,Yes,Fiber Optic,No,No,No,No,No,No,No,Yes,Month-to-Month,No,Bank Withdrawal,70.0,153.05,0.0,0,75.52,228.57,Churned,Other,Moved,1,Young Adult,25-48 Months,Established,6.926363636363636,75.52,228.57,0.3062519140744629,3.265285714285714,Medium,1,2,0,0,1,0,0,1,0,0,0,0,4.637878787878789,65.36212121212121,0.0,0.3304020650129063,Low Value,1960.0,1,Churned
32059-JAM,Female,71,Yes,Jammu & Kashmir,6,27,NO DEAL,Yes,Yes,Yes,Fiber Optic,No,No,No,No,Yes,No,No,Yes,Month-to-Month,Yes,Bank Withdrawal,84.75,1350.15,0.0,0,280.16,1630.31,Churned,Attitude,Attitude of support person,1,Elder,25-48 Months,Established,60.38185185185185,280.16,1630.31,0.051983978507155,19.23669616519174,High,1,4,1,0,1,1,0,1,0,0,1,0,50.00555555555556,34.74444444444444,0.0,0.1718446185081365,Medium Value,6017.25,1,Churned
29793-PUN,Female,18,No,Punjab,2,7,Deal 2,Yes,Yes,Yes,Fiber Optic,No,Yes,No,No,Yes,Yes,Yes,Yes,Month-to-Month,No,Bank Withdrawal,101.1,6039.9,0.0,0,544.57,6584.47,Churned,Dissatisfaction,Service dissatisfaction,1,Teen,7-12 Months,Growing,940.6385714285716,544.57,6584.47,0.0153543109771933,65.12828882294758,Low,1,7,3,1,1,1,0,1,0,0,0,0,862.842857142857,-761.742857142857,0.0,0.0827052139352142,Very High Value,1819.8,1,Churned
59861-AND,Male,56,No,Andhra Pradesh,13,24,Deal 5,Yes,No,Yes,Fiber Optic,No,No,No,No,Yes,No,No,No,Month-to-Month,Yes,Bank Withdrawal,80.2,146.05,0.0,10,99.58,255.63,Churned,Attitude,Attitude of service provider,1,Senior,13-24 Months,Growing,10.65125,109.58,255.63,0.3137346946758987,3.1874064837905234,High,1,2,1,0,1,0,0,1,0,0,1,0,6.085416666666667,74.11458333333334,0.0,0.4286664319524312,Low Value,4491.2,1,Churned
39866-MAH,Female,24,No,Maharashtra,1,12,Deal 5,Yes,No,Yes,DSL,No,No,No,No,No,No,No,No,Month-to-Month,No,Bank Withdrawal,45.55,84.4,0.0,10,83.8,178.2,Joined,Others,Others,0,Young Adult,7-12 Months,Growing,14.85,93.8,178.2,0.2556116722783389,3.91218441273326,Low,1,1,0,0,1,0,0,1,0,0,0,0,7.033333333333334,38.516666666666666,0.0,0.5263748597081931,Low Value,1093.1999999999998,1,Churned
27247-TAM,Female,48,No,Tamil Nadu,1,36,NO DEAL,Yes,No,No,No Type,No,No,No,No,No,No,No,No,Month-to-Month,No,Bank Withdrawal,19.25,112.3,0.0,0,63.98,176.28,Churned,Attitude,Attitude of support person,1,Senior,25-48 Months,Established,4.8966666666666665,63.98,176.28,0.1092012707056954,9.157402597402598,Low,1,1,0,0,1,0,0,0,0,0,0,0,3.1194444444444445,16.130555555555556,0.0,0.3629453142727479,Low Value,924.0,1,Churned
23464-UTT,Female,56,No,Uttar Pradesh,15,24,NO DEAL,Yes,Yes,Yes,Fiber Optic,No,Yes,No,No,No,No,No,Yes,Month-to-Month,Yes,Bank Withdrawal,80.05,830.7,0.0,0,497.0,1327.7,Churned,Competitor,Competitor offered higher download speeds,1,Senior,13-24 Months,Growing,55.32083333333333,497.0,1327.7,0.0602922346915718,16.58588382261087,High,1,4,0,1,1,1,0,1,0,0,1,0,34.612500000000004,45.43749999999999,0.0,0.374331550802139,Medium Value,4482.8,1,Churned
26889-RAJ,Female,40,No,Rajasthan,1,25,Deal 4,Yes,Yes,Yes,Fiber Optic,No,No,No,No,No,No,No,Yes,Month-to-Month,No,Bank Withdrawal,72.65,1194.3,0.0,0,751.84,1946.14,Churned,Competitor,Competitor had better devices,1,Middle Age,25-48 Months,Established,77.8456,751.84,1946.14,0.0373303051167953,26.787887130075703,Low,1,3,0,0,1,1,0,1,0,0,0,0,47.772,24.878000000000007,0.0,0.3863236971646439,Medium Value,2906.0,1,Churned
92317-UTT,Male,29,Yes,Uttar Pradesh,11,22,Deal 5,Yes,Yes,Yes,Fiber Optic,No,No,No,No,Yes,No,Yes,Yes,Month-to-Month,Yes,Bank Withdrawal,85.2,474.8,0.0,0,172.45,647.25,Churned,Attitude,Attitude of service provider,1,Young Adult,13-24 Months,Growing,29.420454545454547,172.45,647.25,0.1316338354577056,7.596830985915493,High,1,5,2,0,1,1,0,1,0,0,1,0,21.581818181818186,63.618181818181824,0.0,0.2664349169563538,Medium Value,2470.8,1,Churned
78412-UTT,Female,57,No,Uttar Pradesh,8,12,Deal 5,Yes,No,Yes,Fiber Optic,No,No,No,No,No,No,No,Yes,Month-to-Month,Yes,Bank Withdrawal,69.65,69.65,0.0,0,49.24,118.89,Churned,Competitor,Competitor offered higher download speeds,1,Senior,7-12 Months,Growing,9.9075,49.24,118.89,0.5858356463958281,1.7069633883704234,High,1,2,0,0,1,0,0,1,0,0,1,0,5.804166666666667,63.84583333333334,0.0,0.4141643536041719,Low Value,3970.05,1,Churned
57477-WES,Male,74,Yes,West Bengal,6,31,NO DEAL,Yes,Yes,Yes,Fiber Optic,No,Yes,Yes,No,Yes,Yes,No,Yes,Month-to-Month,Yes,Bank Withdrawal,102.95,7101.5,15.24,0,1221.5,8307.76,Churned,Competitor,Competitor had better devices,1,Elder,25-48 Months,Established,267.99225806451614,1221.5,8292.52,0.0123920286575442,80.69703739679456,High,1,7,2,2,1,1,0,1,0,0,1,0,229.08064516129036,-126.13064516129032,0.002146025487573,0.147031209375331,Very High Value,7618.3,1,Churned
48163-AND,Male,70,No,Andhra Pradesh,7,1,Deal 2,Yes,Yes,Yes,Fiber Optic,No,Yes,No,No,No,Yes,No,Yes,Month-to-Month,No,Credit Card,90.05,4547.25,0.0,0,1123.08,5670.33,Churned,Competitor,Competitor made better offer,1,Elder,0-6 Months,New,5670.33,1123.08,5670.33,0.0158809099294044,62.96868406440866,High,1,5,1,1,1,1,0,1,0,0,0,0,4547.25,-4457.2,0.0,0.1980625466242705,Very High Value,6303.5,1,Churned
56556-MAH,Female,26,No,Maharashtra,3,2,Deal 4,Yes,No,Yes,Fiber Optic,Yes,No,No,Yes,Yes,No,No,Yes,Month-to-Month,No,Bank Withdrawal,91.85,1574.45,0.0,0,713.15,2287.6,Churned,Price,Lack of affordable download/upload speed,1,Young Adult,0-6 Months,New,1143.8,713.15,2287.6,0.0401512502185696,24.90582471420795,Medium,1,5,1,2,1,0,0,1,1,0,0,0,787.225,-695.375,0.0,0.3117459346039517,High Value,2388.1,1,Churned
92792-KAR,Female,47,Yes,Karnataka,11,2,NO DEAL,Yes,Yes,Yes,Fiber Optic,No,No,Yes,Yes,Yes,Yes,Yes,Yes,Month-to-Month,Yes,Bank Withdrawal,107.35,5118.95,0.0,0,1773.78,6892.73,Churned,Attitude,Attitude of support person,1,Senior,0-6 Months,New,3446.365,1773.78,6892.73,0.0155743805429778,64.20801117838845,High,1,8,3,2,1,1,0,1,0,0,1,0,2559.475,-2452.125,0.0,0.2573407053518707,Very High Value,5045.45,1,Churned
45773-AND,Female,45,No,Andhra Pradesh,14,7,Deal 4,Yes,No,Yes,DSL,No,No,No,No,No,No,No,Yes,Month-to-Month,Yes,Bank Withdrawal,44.05,483.7,0.0,0,273.13,756.83,Churned,Competitor,Competitor had better devices,1,Middle Age,7-12 Months,Growing,108.11857142857144,273.13,756.83,0.0582032953239168,17.181157775255393,High,1,2,0,0,1,0,0,1,0,0,1,0,69.1,-25.05,0.0,0.3608868570220525,Medium Value,1982.25,1,Churned
33916-JAM,Female,39,Yes,Jammu & Kashmir,7,21,NO DEAL,Yes,No,Yes,Fiber Optic,No,No,No,No,No,Yes,Yes,Yes,Month-to-Month,Yes,Bank Withdrawal,80.25,846.0,0.0,0,271.0,1117.0,Churned,Competitor,Competitor made better offer,1,Middle Age,13-24 Months,Growing,53.19047619047619,271.0,1117.0,0.0718442256042972,13.919003115264797,High,1,4,2,0,1,0,0,1,0,0,1,0,40.285714285714285,39.96428571428572,0.0,0.2426141450313339,Medium Value,3129.75,1,Churned
33878-KER,Male,53,Yes,Kerala,5,10,NO DEAL,Yes,No,Yes,DSL,No,No,No,No,Yes,No,No,Yes,Month-to-Month,No,Bank Withdrawal,56.15,2499.3,0.0,0,1601.75,4101.05,Churned,Other,Don't know,1,Senior,7-12 Months,Growing,410.105,1601.75,4101.05,0.0136916155618683,73.03739982190561,Medium,1,3,1,0,1,0,0,1,0,0,0,0,249.93,-193.78,0.0,0.3905707075017373,High Value,2975.95,1,Churned
97493-AND,Female,59,No,Andhra Pradesh,9,16,Deal 5,Yes,Yes,Yes,Fiber Optic,No,No,No,No,No,No,No,No,Month-to-Month,Yes,Bank Withdrawal,75.8,246.3,0.0,10,15.6,271.9,Churned,Competitor,Competitor had better devices,1,Senior,13-24 Months,Growing,16.99375,25.6,271.9,0.2787789628539904,3.5870712401055407,High,1,2,0,0,1,1,0,1,0,0,1,0,15.39375,60.40625,0.0,0.0941522618609783,Low Value,4472.2,1,Churned
78129-DEL,Female,28,No,Delhi,13,32,NO DEAL,Yes,No,Yes,Fiber Optic,No,No,Yes,No,No,No,Yes,Yes,Month-to-Month,Yes,Bank Withdrawal,-1.0,325.45,0.0,0,193.92,519.37,Churned,Dissatisfaction,Service dissatisfaction,1,Young Adult,25-48 Months,Established,16.2303125,193.92,519.37,-0.0019254096308989,-519.37,High,1,4,1,1,1,0,0,1,0,0,1,0,10.1703125,-11.1703125,0.0,0.3733754356239289,Low Value,-28.0,1,Churned
29090-UTT,Female,55,No,Uttar Pradesh,1,3,Deal 5,Yes,No,Yes,Fiber Optic,Yes,Yes,No,No,No,No,No,Yes,Month-to-Month,Yes,Bank Withdrawal,79.1,246.5,0.0,0,97.29,343.79,Churned,Attitude,Attitude of support person,1,Senior,0-6 Months,New,114.59666666666668,97.29,343.79,0.230082317693941,4.3462705436156766,Low,1,4,0,2,1,0,0,1,1,0,1,0,82.16666666666667,-3.066666666666677,0.0,0.2829925245062393,Low Value,4350.5,1,Churned
41083-DEL,Female,26,Yes,Delhi,3,2,Deal 5,Yes,Yes,Yes,Fiber Optic,No,Yes,Yes,No,Yes,Yes,Yes,Yes,Month-to-Month,Yes,Bank Withdrawal,105.3,545.2,0.0,0,164.64,709.84,Churned,Competitor,Competitor offered more data,1,Young Adult,0-6 Months,New,354.92,164.64,709.84,0.1483432886284233,6.741120607787275,Medium,1,8,3,2,1,1,0,1,0,0,1,0,272.6,-167.3,0.0,0.231939592020737,Medium Value,2737.8,1,Churned
26359-MAH,Female,28,Yes,Maharashtra,15,12,Deal 5,Yes,No,No,No Type,No,No,No,No,No,No,No,No,Month-to-Month,Yes,Credit Card,19.6,19.6,0.0,0,5.36,24.96,Churned,Price,Price too high,1,Young Adult,7-12 Months,Growing,2.08,5.36,24.96,0.7852564102564102,1.273469387755102,High,1,1,0,0,1,0,0,0,0,0,1,0,1.6333333333333335,17.96666666666667,0.0,0.2147435897435897,Low Value,548.8000000000001,1,Churned
37071-KER,Female,48,No,Kerala,6,33,Deal 5,No,No,Yes,Cable,Yes,No,No,No,No,No,No,Yes,Month-to-Month,No,Credit Card,-4.0,91.7,0.0,0,0.0,91.7,Churned,Attitude,Attitude of support person,1,Senior,25-48 Months,Established,2.778787878787879,0.0,91.7,-0.0436205016357688,-22.925,High,1,2,0,1,0,0,0,1,1,0,0,0,2.778787878787879,-6.778787878787879,0.0,0.0,Low Value,-192.0,1,Churned
52313-KER,Male,64,No,Kerala,7,20,NO DEAL,Yes,Yes,Yes,Fiber Optic,No,Yes,No,No,Yes,Yes,Yes,Yes,Month-to-Month,Yes,Bank Withdrawal,101.25,2440.15,0.0,0,695.52,3135.67,Churned,Attitude,Attitude of support person,1,Elder,13-24 Months,Growing,156.7835,695.52,3135.67,0.0322897498780165,30.96958024691358,High,1,7,3,1,1,1,0,1,0,0,1,0,122.0075,-20.757500000000007,0.0,0.2218090551620546,High Value,6480.0,1,Churned
63309-MAH,Female,75,Yes,Maharashtra,2,14,Deal 3,Yes,No,Yes,Fiber Optic,No,Yes,Yes,No,Yes,Yes,No,Yes,Month-to-Month,Yes,Bank Withdrawal,98.5,2514.5,13.43,0,494.0,2995.07,Churned,Dissatisfaction,Limited range of services,1,Elder,13-24 Months,Growing,213.93357142857144,494.0,2981.6400000000003,0.032887378258271,30.406802030456856,Low,1,6,2,2,1,0,0,1,0,0,1,0,179.60714285714286,-81.10714285714286,0.0053410220719825,0.1649377143105169,High Value,7387.5,1,Churned
93689-UTT,Male,46,No,Uttarakhand,4,32,Deal 5,Yes,No,Yes,Fiber Optic,No,No,No,No,No,No,No,Yes,Month-to-Month,Yes,Bank Withdrawal,69.85,69.85,0.0,0,12.13,81.98,Churned,Competitor,Competitor had better devices,1,Senior,25-48 Months,Established,2.561875,12.13,81.98,0.8520370822151743,1.1736578382247675,Medium,1,2,0,0,1,0,0,1,0,0,1,0,2.1828125,67.6671875,0.0,0.1479629177848255,Low Value,3213.1,1,Churned
32857-MAH,Male,60,Yes,Maharashtra,6,11,NO DEAL,Yes,No,Yes,Fiber Optic,No,No,No,No,Yes,Yes,Yes,No,One Year,Yes,Bank Withdrawal,90.4,2178.6,0.0,140,881.75,3200.35,Churned,Competitor,Competitor made better offer,1,Senior,7-12 Months,Growing,290.9409090909091,1021.75,3200.35,0.0282469104941647,35.4021017699115,High,1,4,3,0,1,0,1,1,0,0,1,0,198.05454545454543,-107.65454545454544,0.0,0.3192619557235927,High Value,5424.0,1,Churned
79486-ODI,Female,71,Yes,Odisha,14,22,NO DEAL,Yes,Yes,Yes,Fiber Optic,No,Yes,Yes,No,Yes,Yes,No,Yes,One Year,Yes,Bank Withdrawal,104.75,5510.65,0.0,0,1936.48,7447.13,Churned,Attitude,Attitude of service provider,1,Elder,13-24 Months,Growing,338.5059090909091,1936.48,7447.13,0.0140658213298277,71.09431980906922,High,1,7,2,2,1,1,1,1,0,0,1,0,250.4840909090909,-145.7340909090909,0.0,0.2600303741172774,Very High Value,7437.25,1,Churned
32696-UTT,Female,49,Yes,Uttar Pradesh,0,10,NO DEAL,Yes,No,Yes,Fiber Optic,No,No,No,No,No,Yes,Yes,Yes,Month-to-Month,Yes,Bank Withdrawal,81.1,81.1,0.0,0,22.86,103.96,Churned,Competitor,Competitor offered more data,1,Senior,7-12 Months,Growing,10.396,22.86,103.96,0.7801077337437475,1.2818742293464858,No Referral,0,4,2,0,1,0,0,1,0,0,1,0,8.11,72.99,0.0,0.2198922662562524,Low Value,3973.9,1,Churned
19698-UTT,Male,64,No,Uttar Pradesh,7,13,NO DEAL,Yes,Yes,Yes,Fiber Optic,No,No,No,No,Yes,Yes,Yes,Yes,Month-to-Month,Yes,Bank Withdrawal,93.85,635.6,0.0,0,108.57,744.17,Churned,Competitor,Competitor had better devices,1,Elder,13-24 Months,Growing,57.24384615384615,108.57,744.17,0.1261136568257253,7.9293553542887585,High,1,6,3,0,1,1,0,1,0,0,1,0,48.892307692307696,44.9576923076923,0.0,0.145894083341172,Medium Value,6006.4,1,Churned
32089-TAM,Female,28,Yes,Tamil Nadu,3,11,Deal 2,No,No,Yes,DSL,No,Yes,No,No,Yes,No,Yes,No,Month-to-Month,Yes,Bank Withdrawal,39.3,2111.45,0.0,80,0.0,2191.45,Churned,Dissatisfaction,Lack of self-service on Website,1,Young Adult,7-12 Months,Growing,199.22272727272727,80.0,2191.45,0.0179333318122704,55.76208651399491,Medium,1,3,2,1,0,0,0,1,0,0,1,0,191.95,-152.64999999999998,0.0,0.0365055100504232,High Value,1100.4,1,Churned
88496-MAH,Female,33,Yes,Maharashtra,7,23,NO DEAL,Yes,No,Yes,Fiber Optic,No,No,Yes,No,Yes,No,No,Yes,One Year,Yes,Bank Withdrawal,85.15,3030.6,0.0,0,892.85,3923.45,Churned,Competitor,Competitor had better devices,1,Middle Age,13-24 Months,Growing,170.58478260869563,892.85,3923.45,0.021702838063439,46.07692307692307,High,1,4,1,1,1,0,1,1,0,0,1,0,131.76521739130433,-46.61521739130433,0.0,0.2275675744561546,High Value,2809.9500000000003,1,Churned
41620-MAH,Female,48,Yes,Maharashtra,8,16,NO DEAL,Yes,No,Yes,Fiber Optic,No,No,No,No,No,No,No,Yes,Month-to-Month,No,Bank Withdrawal,70.4,147.15,0.0,0,92.46,239.61,Churned,Dissatisfaction,Network reliability,1,Senior,13-24 Months,Growing,14.975625,92.46,239.61,0.29381077584408,3.403551136363636,High,1,2,0,0,1,0,0,1,0,0,0,0,9.196875,61.20312500000001,0.0,0.3858770502065856,Low Value,3379.2000000000003,1,Churned
98019-MAH,Female,75,No,Maharashtra,0,26,NO DEAL,Yes,No,Yes,Fiber Optic,No,No,No,No,No,Yes,No,Yes,Month-to-Month,Yes,Bank Withdrawal,79.4,1156.1,0.0,0,258.45,1414.55,Churned,Competitor,Competitor offered higher download speeds,1,Elder,25-48 Months,Established,54.40576923076923,258.45,1414.55,0.0561309250291612,17.815491183879093,No Referral,0,3,1,0,1,0,0,1,0,0,1,0,44.465384615384615,34.93461538461539,0.0,0.1827082817857269,Medium Value,5955.0,1,Churned
97427-JAM,Female,27,Yes,Jammu & Kashmir,9,2,Deal 5,Yes,No,No,No Type,No,No,No,No,No,No,No,No,Month-to-Month,Yes,Credit Card,20.35,20.35,0.0,0,29.86,50.21,Joined,Others,Others,0,Young Adult,0-6 Months,New,25.105,29.86,50.21,0.4052977494523003,2.4673218673218678,High,1,1,0,0,1,0,0,0,0,0,1,0,10.175,10.175,0.0,0.5947022505476997,Low Value,549.45,1,Churned
99148-MAD,Female,61,No,Madhya Pradesh,3,8,NO DEAL,Yes,Yes,Yes,Fiber Optic,No,No,No,Yes,No,No,No,Yes,Month-to-Month,Yes,Bank Withdrawal,80.5,502.85,0.0,0,216.72,719.57,Churned,Price,Price too high,1,Elder,7-12 Months,Growing,89.94625,216.72,719.57,0.1118723682199091,8.938757763975156,Medium,1,4,0,1,1,1,0,1,0,0,1,0,62.85625,17.643749999999997,0.0,0.3011798713120335,Medium Value,4910.5,1,Churned
49138-UTT,Female,56,No,Uttar Pradesh,5,36,Deal 4,Yes,No,Yes,DSL,No,No,No,No,No,Yes,Yes,Yes,Month-to-Month,No,Bank Withdrawal,55.95,734.35,0.0,0,247.65,982.0,Churned,Competitor,Competitor had better devices,1,Senior,25-48 Months,Established,27.27777777777778,247.65,982.0,0.0569755600814664,17.551385165326185,Medium,1,4,2,0,1,0,0,1,0,0,0,0,20.398611111111112,35.551388888888894,0.0,0.2521894093686354,Medium Value,3133.2000000000003,1,Churned
19400-JHA,Male,34,No,Jharkhand,3,26,NO DEAL,Yes,Yes,Yes,Fiber Optic,No,No,No,No,No,No,No,Yes,Month-to-Month,Yes,Bank Withdrawal,73.85,1284.2,0.0,0,287.36,1571.56,Churned,Other,Don't know,1,Middle Age,25-48 Months,Established,60.44461538461538,287.36,1571.56,0.0469915243452365,21.280433310765066,Medium,1,3,0,0,1,1,0,1,0,0,1,0,49.392307692307696,24.457692307692295,0.0,0.1828501616228461,Medium Value,2510.9,1,Churned
16313-GUJ,Male,51,No,Gujarat,4,30,NO DEAL,Yes,No,Yes,Fiber Optic,No,Yes,Yes,Yes,Yes,Yes,Yes,Yes,Month-to-Month,Yes,Bank Withdrawal,102.8,2110.15,0.0,0,350.07,2460.22,Churned,Competitor,Competitor had better devices,1,Senior,25-48 Months,Established,82.00733333333332,350.07,2460.22,0.0417848810269,23.93210116731517,Medium,1,8,3,3,1,0,0,1,0,0,1,0,70.33833333333334,32.46166666666666,0.0,0.1422921527343083,High Value,5242.8,1,Churned
67100-KER,Female,68,Yes,Kerala,10,10,Deal 4,Yes,Yes,Yes,Fiber Optic,Yes,Yes,No,No,No,Yes,Yes,No,Month-to-Month,Yes,Bank Withdrawal,95.15,1789.25,0.0,120,624.53,2533.78,Churned,Price,Long distance charges,1,Elder,7-12 Months,Growing,253.378,744.53,2533.78,0.0375525894118668,26.629322122963742,High,1,6,2,2,1,1,0,1,1,0,1,0,178.925,-83.775,0.0,0.2938416121368074,High Value,6470.200000000001,1,Churned
92527-KAR,Female,40,No,Karnataka,7,16,NO DEAL,Yes,No,No,No Type,No,No,No,No,No,No,No,No,Month-to-Month,Yes,Credit Card,20.05,20.05,0.0,0,3.23,23.28,Joined,Others,Others,0,Middle Age,13-24 Months,Growing,1.455,3.23,23.28,0.861254295532646,1.1610972568578557,High,1,1,0,0,1,0,0,0,0,0,1,0,1.253125,18.796875,0.0,0.1387457044673539,Low Value,802.0,1,Churned
79822-JAM,Male,41,Yes,Jammu & Kashmir,12,28,NO DEAL,Yes,Yes,Yes,Cable,No,No,No,No,No,Yes,Yes,Yes,Month-to-Month,No,Bank Withdrawal,62.05,118.3,0.0,0,74.58,192.88,Churned,Competitor,Competitor made better offer,1,Middle Age,25-48 Months,Established,6.888571428571429,74.58,192.88,0.3217026130236416,3.108460918614021,High,1,5,2,0,1,1,0,1,0,0,0,0,4.225,57.825,0.0,0.3866652841144753,Low Value,2544.05,1,Churned
61945-AND,Female,64,Yes,Andhra Pradesh,14,17,NO DEAL,Yes,No,No,No Type,No,No,No,No,No,No,No,No,Month-to-Month,Yes,Credit Card,19.3,19.3,0.0,0,49.2,68.5,Churned,Dissatisfaction,Service dissatisfaction,1,Elder,13-24 Months,Growing,4.029411764705882,49.2,68.5,0.2817518248175182,3.549222797927461,High,1,1,0,0,1,0,0,0,0,0,1,0,1.1352941176470588,18.16470588235294,0.0,0.7182481751824817,Low Value,1235.2,1,Churned
15010-KER,Female,39,Yes,Kerala,10,30,NO DEAL,Yes,No,Yes,Cable,No,No,No,No,No,No,No,No,Month-to-Month,Yes,Credit Card,45.0,96.45,0.0,30,34.5,160.95,Churned,Competitor,Competitor had better devices,1,Middle Age,25-48 Months,Established,5.364999999999999,64.5,160.95,0.2795899347623485,3.576666666666666,High,1,1,0,0,1,0,0,1,0,0,1,0,3.2150000000000003,41.785,0.0,0.4007455731593662,Low Value,1755.0,1,Churned
23132-PUN,Female,36,Yes,Punjab,0,15,NO DEAL,Yes,No,Yes,DSL,No,No,No,Yes,No,No,No,Yes,Month-to-Month,Yes,Bank Withdrawal,52.2,52.2,0.0,0,34.04,86.24,Churned,Competitor,Competitor made better offer,1,Middle Age,13-24 Months,Growing,5.749333333333333,34.04,86.24,0.6052875695732839,1.6521072796934864,No Referral,0,3,0,1,1,0,0,1,0,0,1,0,3.48,48.720000000000006,0.0,0.3947124304267161,Low Value,1879.2,1,Churned
17163-JAM,Female,72,Yes,Jammu & Kashmir,6,16,NO DEAL,Yes,No,Yes,DSL,No,No,No,No,No,No,No,Yes,Month-to-Month,Yes,Bank Withdrawal,45.05,770.6,0.0,0,695.81,1466.41,Churned,Competitor,Competitor made better offer,1,Elder,13-24 Months,Growing,91.650625,695.81,1466.41,0.0307212853158393,32.55072142064373,High,1,2,0,0,1,0,0,1,0,0,1,0,48.1625,-3.1125000000000043,0.0,0.4744989464065302,Medium Value,3243.6,1,Churned
33928-MAH,Female,70,No,Maharashtra,11,18,NO DEAL,Yes,Yes,Yes,Fiber Optic,No,No,Yes,No,No,Yes,Yes,Yes,Month-to-Month,Yes,Bank Withdrawal,88.55,179.25,0.0,0,43.14,222.39,Churned,Competitor,Competitor had better devices,1,Elder,13-24 Months,Growing,12.355,43.14,222.39,0.39817437834435,2.511462450592885,High,1,6,2,1,1,1,0,1,0,0,1,0,9.958333333333334,78.59166666666667,0.0,0.1939835424254687,Low Value,6198.5,1,Churned
82015-AND,Male,32,Yes,Andhra Pradesh,9,6,NO DEAL,No,No,Yes,DSL,No,No,Yes,Yes,Yes,Yes,Yes,No,Month-to-Month,Yes,Bank Withdrawal,54.55,2978.3,0.0,50,0.0,3028.3,Churned,Attitude,Attitude of service provider,1,Middle Age,0-6 Months,New,504.7166666666667,50.0,3028.3,0.0180134068619357,55.51420714940422,High,1,5,3,2,0,0,0,1,0,0,1,0,496.3833333333334,-441.83333333333337,0.0,0.0165109137139649,High Value,1745.6,1,Churned
31011-PUN,Male,55,No,Punjab,15,32,Deal 3,Yes,No,Yes,DSL,No,No,Yes,Yes,No,No,No,No,Month-to-Month,Yes,Bank Withdrawal,55.25,1715.65,0.0,10,47.43,1773.08,Churned,Attitude,Attitude of support person,1,Senior,25-48 Months,Established,55.40875,57.43,1773.08,0.0311604665328129,32.09194570135747,High,1,3,0,2,1,0,0,1,0,0,1,0,53.6140625,1.6359374999999972,0.0,0.0323899654837909,Medium Value,3038.75,1,Churned
21542-WES,Female,59,Yes,West Bengal,2,8,Deal 5,Yes,No,Yes,Fiber Optic,No,No,No,No,No,No,No,Yes,Month-to-Month,Yes,Bank Withdrawal,70.1,70.1,0.0,0,46.17,116.27,Churned,Competitor,Competitor offered higher download speeds,1,Senior,7-12 Months,Growing,14.53375,46.17,116.27,0.6029070267480863,1.6586305278174038,Low,1,2,0,0,1,0,0,1,0,0,1,0,8.7625,61.33749999999999,0.0,0.3970929732519137,Low Value,4135.9,1,Churned
39881-TEL,Male,22,Yes,Telangana,13,9,NO DEAL,Yes,No,Yes,Fiber Optic,No,No,No,No,No,No,No,Yes,Month-to-Month,Yes,Bank Withdrawal,69.25,1554.0,0.0,0,706.42,2260.42,Churned,Competitor,Competitor offered higher download speeds,1,Young Adult,7-12 Months,Growing,251.1577777777778,706.42,2260.42,0.0306358995230974,32.6414440433213,High,1,2,0,0,1,0,0,1,0,0,1,0,172.66666666666666,-103.41666666666666,0.0,0.3125171428318631,High Value,1523.5,1,Churned
36962-WES,Male,76,No,West Bengal,10,25,NO DEAL,Yes,Yes,Yes,Fiber Optic,No,No,No,No,No,Yes,No,Yes,Month-to-Month,Yes,Credit Card,84.8,906.85,0.0,0,45.1,951.95,Churned,Price,Extra data charges,1,Elder,25-48 Months,Established,38.078,45.1,951.95,0.0890803088397499,11.225825471698114,High,1,4,1,0,1,1,0,1,0,0,1,0,36.274,48.526,0.0,0.0473764378381217,Medium Value,6444.8,1,Churned
57012-TAM,Female,78,Yes,Tamil Nadu,11,29,Deal 5,Yes,No,Yes,DSL,No,No,No,No,No,No,No,Yes,Two Year,No,Bank Withdrawal,45.2,45.2,0.0,0,49.34,94.54,Joined,Others,Others,0,Elder,25-48 Months,Established,3.26,49.34,94.54,0.4781045060291939,2.0915929203539823,High,1,2,0,0,1,0,1,1,0,0,0,0,1.5586206896551724,43.64137931034483,0.0,0.521895493970806,Low Value,3525.6000000000004,1,Churned
29127-ODI,Female,54,Yes,Odisha,11,12,NO DEAL,Yes,Yes,Yes,Fiber Optic,No,Yes,No,No,Yes,Yes,Yes,No,One Year,No,Credit Card,100.3,5614.45,0.0,100,1464.4,7178.85,Churned,Competitor,Competitor offered more data,1,Senior,7-12 Months,Growing,598.2375000000001,1564.4,7178.85,0.0139715971221017,71.57377866400797,High,1,6,3,1,1,1,1,1,0,0,0,0,467.8708333333333,-367.5708333333333,0.0,0.2179179116432297,Very High Value,5416.2,1,Churned
18706-TAM,Female,82,Yes,Tamil Nadu,12,2,Deal 5,Yes,No,Yes,Cable,No,No,No,No,No,Yes,No,Yes,Month-to-Month,Yes,Bank Withdrawal,79.6,195.05,0.0,0,63.82,258.87,Churned,Price,Long distance charges,1,Elder,0-6 Months,New,129.435,63.82,258.87,0.3074902460694557,3.25213567839196,High,1,3,1,0,1,0,0,1,0,0,1,0,97.525,-17.92500000000001,0.0,0.246533008846139,Low Value,6527.2,1,Churned
69876-UTT,Female,51,Yes,Uttar Pradesh,0,10,NO DEAL,Yes,Yes,Yes,Fiber Optic,No,Yes,Yes,No,No,No,No,Yes,Month-to-Month,Yes,Bank Withdrawal,84.8,3862.55,0.0,0,1767.48,5630.03,Churned,Attitude,Attitude of support person,1,Senior,7-12 Months,Growing,563.0029999999999,1767.48,5630.03,0.0150620867029127,66.39186320754717,No Referral,0,5,0,2,1,1,0,1,0,0,1,0,386.255,-301.455,0.0,0.3139379363875503,Very High Value,4324.8,1,Churned
46190-GUJ,Male,27,Yes,Gujarat,0,36,Deal 5,Yes,No,Yes,DSL,No,No,No,No,No,Yes,Yes,No,Month-to-Month,No,Mailed Check,55.55,55.55,0.0,30,33.32,118.87,Joined,Others,Others,0,Young Adult,25-48 Months,Established,3.301944444444445,63.32,118.87,0.4673172373180785,2.13987398739874,No Referral,0,3,2,0,1,0,0,1,0,0,0,0,1.5430555555555554,54.00694444444444,0.0,0.5326827626819214,Low Value,1499.85,1,Churned
33250-PUN,Male,54,No,Punjab,14,33,NO DEAL,No,No,Yes,DSL,No,No,No,No,No,No,No,Yes,Month-to-Month,No,Bank Withdrawal,24.75,24.75,0.0,0,0.0,24.75,Churned,Competitor,Competitor had better devices,1,Senior,25-48 Months,Established,0.75,0.0,24.75,1.0,1.0,High,1,1,0,0,0,0,0,1,0,0,0,0,0.75,24.0,0.0,0.0,Low Value,1336.5,1,Churned
93076-MAD,Male,58,Yes,Madhya Pradesh,8,26,NO DEAL,Yes,Yes,Yes,Fiber Optic,No,No,Yes,No,Yes,Yes,Yes,Yes,Month-to-Month,Yes,Bank Withdrawal,98.35,2515.3,0.0,0,1044.42,3559.72,Churned,Competitor,Competitor had better devices,1,Senior,25-48 Months,Established,136.91230769230768,1044.42,3559.72,0.0276285775285696,36.194407727503815,High,1,7,3,1,1,1,0,1,0,0,1,0,96.7423076923077,1.6076923076922895,0.0,0.293399480858045,High Value,5704.299999999999,1,Churned
36628-GUJ,Female,44,Yes,Gujarat,7,1,Deal 5,Yes,No,Yes,Fiber Optic,Yes,No,No,Yes,No,No,No,Yes,Month-to-Month,Yes,Bank Withdrawal,80.15,194.55,0.0,0,53.16,247.71,Joined,Others,Others,0,Middle Age,0-6 Months,New,247.71,53.16,247.71,0.3235638448185378,3.0905801621958826,High,1,4,0,2,1,0,0,1,1,0,1,0,194.55,-114.4,0.0,0.2146057890274918,Low Value,3526.6000000000004,1,Churned
52526-JAM,Female,25,Yes,Jammu & Kashmir,2,36,NO DEAL,Yes,No,No,No Type,No,No,No,No,No,No,No,No,Month-to-Month,No,Credit Card,20.5,20.5,0.0,0,19.85,40.35,Churned,Attitude,Attitude of support person,1,Young Adult,25-48 Months,Established,1.1208333333333331,19.85,40.35,0.5080545229244113,1.9682926829268288,Low,1,1,0,0,1,0,0,0,0,0,0,0,0.5694444444444444,19.93055555555556,0.0,0.4919454770755886,Low Value,512.5,1,Churned
17488-PUN,Female,34,No,Punjab,3,5,NO DEAL,Yes,Yes,Yes,Fiber Optic,No,No,No,No,No,No,No,Yes,Month-to-Month,Yes,Bank Withdrawal,75.65,302.35,0.0,0,94.0,396.35,Stayed,Others,Others,0,Middle Age,0-6 Months,New,79.27000000000001,94.0,396.35,0.1908666582565914,5.239259748843358,Medium,1,3,0,0,1,1,0,1,0,0,1,0,60.470000000000006,15.18,0.0,0.2371641226188974,Low Value,2572.1000000000004,1,Churned
65899-UTT,Male,45,No,Uttar Pradesh,0,14,NO DEAL,Yes,Yes,Yes,DSL,No,No,No,No,No,No,No,Yes,Month-to-Month,Yes,Credit Card,50.1,50.1,0.0,0,46.49,96.59,Churned,Other,Don't know,1,Middle Age,13-24 Months,Growing,6.899285714285715,46.49,96.59,0.5186872347033854,1.927944111776447,No Referral,0,3,0,0,1,1,0,1,0,0,1,0,3.5785714285714287,46.52142857142857,0.0,0.4813127652966145,Low Value,2254.5,1,Churned
42264-UTT,Female,73,No,Uttar Pradesh,6,21,NO DEAL,Yes,Yes,Yes,Cable,No,No,No,No,No,Yes,No,Yes,Month-to-Month,Yes,Bank Withdrawal,84.6,360.1,0.0,0,26.72,386.82,Churned,Competitor,Competitor had better devices,1,Elder,13-24 Months,Growing,18.42,26.72,386.82,0.2187063750581666,4.572340425531915,High,1,4,1,0,1,1,0,1,0,0,1,0,17.14761904761905,67.45238095238095,0.0,0.06907605604674,Low Value,6175.799999999999,1,Churned
96872-TAM,Male,42,No,Tamil Nadu,12,31,Deal 5,Yes,No,Yes,Fiber Optic,No,No,No,No,No,No,No,Yes,Month-to-Month,No,Bank Withdrawal,70.4,70.4,0.0,0,29.63,100.03,Churned,Competitor,Competitor had better devices,1,Middle Age,25-48 Months,Established,3.226774193548388,29.63,100.03,0.7037888633409978,1.4208806818181816,High,1,2,0,0,1,0,0,1,0,0,0,0,2.270967741935484,68.12903225806453,0.0,0.2962111366590023,Low Value,2956.8,1,Churned
44198-TEL,Female,49,Yes,Telangana,3,24,NO DEAL,Yes,No,No,No Type,No,No,No,No,No,No,No,No,Month-to-Month,No,Mailed Check,19.45,19.45,0.0,0,28.73,48.18,Churned,Competitor,Competitor made better offer,1,Senior,13-24 Months,Growing,2.0075,28.73,48.18,0.4036944790369448,2.477120822622108,Medium,1,1,0,0,1,0,0,0,0,0,0,0,0.8104166666666667,18.63958333333333,0.0,0.5963055209630552,Low Value,953.05,1,Churned
19006-KAR,Female,23,Yes,Karnataka,4,1,NO DEAL,Yes,No,Yes,Fiber Optic,No,No,No,No,No,No,Yes,No,Month-to-Month,No,Bank Withdrawal,70.4,281.0,0.0,70,164.48,515.48,Churned,Competitor,Competitor had better devices,1,Young Adult,0-6 Months,New,515.48,234.48,515.48,0.1365717389617444,7.322159090909091,Medium,1,2,1,0,1,0,0,1,0,0,0,0,281.0,-210.6,0.0,0.4548770078373554,Low Value,1619.2,1,Churned
46730-ASS,Female,18,No,Assam,5,4,Deal 5,Yes,No,Yes,Fiber Optic,No,Yes,No,No,No,No,No,Yes,Month-to-Month,Yes,Bank Withdrawal,74.75,144.8,0.0,0,87.12,231.92,Joined,Others,Others,0,Teen,0-6 Months,New,57.98,87.12,231.92,0.3223094170403587,3.1026086956521737,Medium,1,3,0,1,1,0,0,1,0,0,1,0,36.2,38.55,0.0,0.3756467747499138,Low Value,1345.5,1,Churned
47492-AND,Female,30,Yes,Andhra Pradesh,15,24,Deal 5,Yes,No,No,No Type,No,No,No,No,No,No,No,No,Month-to-Month,Yes,Bank Withdrawal,20.15,20.15,0.0,0,18.63,38.78,Joined,Others,Others,0,Young Adult,13-24 Months,Growing,1.6158333333333337,18.63,38.78,0.5195977307890665,1.9245657568238212,High,1,1,0,0,1,0,0,0,0,0,1,0,0.8395833333333332,19.310416666666665,0.0,0.4804022692109334,Low Value,604.5,1,Churned
28765-UTT,Male,81,Yes,Uttar Pradesh,2,3,NO DEAL,No,No,Yes,DSL,No,Yes,Yes,Yes,Yes,Yes,No,No,One Year,Yes,Bank Withdrawal,59.9,2816.65,0.0,150,0.0,2966.65,Churned,Competitor,Competitor offered higher download speeds,1,Elder,0-6 Months,New,988.8833333333332,150.0,2966.65,0.0201911246692397,49.52671118530885,Low,1,5,2,3,0,0,1,1,0,0,1,0,938.8833333333332,-878.9833333333333,0.0,0.0505620818094483,High Value,4851.9,1,Churned
71710-GUJ,Female,41,Yes,Gujarat,12,2,Deal 5,Yes,No,No,No Type,No,No,No,No,No,No,No,No,Month-to-Month,No,Credit Card,20.2,20.2,0.0,0,11.25,31.45,Churned,Competitor,Competitor made better offer,1,Middle Age,0-6 Months,New,15.725,11.25,31.45,0.6422893481717011,1.556930693069307,High,1,1,0,0,1,0,0,0,0,0,0,0,10.1,10.1,0.0,0.3577106518282989,Low Value,828.1999999999999,1,Churned
18475-TAM,Male,37,No,Tamil Nadu,7,19,Deal 2,Yes,Yes,Yes,Fiber Optic,Yes,No,Yes,Yes,Yes,Yes,Yes,Yes,One Year,Yes,Credit Card,110.85,5275.8,4.93,0,893.94,6164.81,Churned,Price,Price too high,1,Middle Age,13-24 Months,Growing,324.4636842105263,893.94,6159.88,0.0179810894415237,55.61398285972035,High,1,9,3,3,1,1,1,1,1,0,1,0,277.67368421052635,-166.82368421052635,0.0009344554380378,0.1450069020780851,Very High Value,4101.45,1,Churned
22656-ODI,Female,34,Yes,Odisha,4,34,Deal 2,Yes,Yes,Yes,Fiber Optic,No,No,Yes,No,Yes,Yes,Yes,Yes,One Year,Yes,Bank Withdrawal,99.5,5961.1,0.0,0,634.84,6595.94,Churned,Competitor,Competitor offered more data,1,Middle Age,25-48 Months,Established,193.99823529411765,634.84,6595.94,0.0150850371592221,66.29085427135678,Medium,1,7,3,1,1,1,1,1,0,0,1,0,175.3264705882353,-75.82647058823531,0.0,0.0962470853282473,Very High Value,3383.0,1,Churned
72648-JAM,Female,70,Yes,Jammu & Kashmir,13,15,Deal 5,Yes,Yes,Yes,Fiber Optic,No,Yes,No,No,No,No,No,No,Month-to-Month,Yes,Bank Withdrawal,81.0,371.65,40.64,10,236.4,577.41,Churned,Competitor,Competitor made better offer,1,Elder,13-24 Months,Growing,38.494,246.4,536.77,0.1402816023276354,7.128518518518519,High,1,3,0,1,1,1,0,1,0,0,1,0,24.776666666666664,56.223333333333336,0.1093501950760123,0.4267331705373998,Low Value,5670.0,1,Churned
34580-MAH,Male,62,No,Maharashtra,6,32,Deal 5,Yes,No,Yes,DSL,Yes,Yes,No,Yes,No,No,No,No,Month-to-Month,Yes,Bank Withdrawal,60.0,60.0,0.0,10,43.48,113.48,Churned,Attitude,Attitude of service provider,1,Elder,25-48 Months,Established,3.54625,53.48,113.48,0.5287275290800141,1.8913333333333333,High,1,4,0,3,1,0,0,1,1,0,1,0,1.875,58.125,0.0,0.4712724709199858,Low Value,3720.0,1,Churned
78566-JAM,Female,54,Yes,Jammu & Kashmir,15,28,Deal 5,Yes,No,No,No Type,No,No,No,No,No,No,No,No,Month-to-Month,Yes,Credit Card,19.9,19.9,0.0,0,36.63,56.53,Churned,Competitor,Competitor made better offer,1,Senior,25-48 Months,Established,2.0189285714285714,36.63,56.53,0.3520254732000707,2.84070351758794,High,1,1,0,0,1,0,0,0,0,0,1,0,0.7107142857142856,19.189285714285717,0.0,0.6479745267999293,Low Value,1074.6,1,Churned
49975-MAD,Female,77,Yes,Madhya Pradesh,3,25,Deal 3,Yes,Yes,Yes,Fiber Optic,No,No,No,Yes,Yes,Yes,No,Yes,Month-to-Month,Yes,Bank Withdrawal,99.55,3734.25,0.0,0,1800.82,5535.07,Churned,Dissatisfaction,Service dissatisfaction,1,Elder,25-48 Months,Established,221.4028,1800.82,5535.07,0.0179853190655222,55.60090406830738,Medium,1,6,2,1,1,1,0,1,0,0,1,0,149.37,-49.82000000000001,0.0,0.3253472855808508,Very High Value,7665.349999999999,1,Churned
25268-TAM,Male,67,Yes,Tamil Nadu,15,21,Deal 5,Yes,No,Yes,Fiber Optic,No,No,No,No,No,No,No,Yes,Month-to-Month,Yes,Bank Withdrawal,68.95,68.95,0.0,0,21.65,90.6,Churned,Dissatisfaction,Limited range of services,1,Elder,13-24 Months,Growing,4.314285714285714,21.65,90.6,0.761037527593819,1.3139956490210296,High,1,2,0,0,1,0,0,1,0,0,1,0,3.2833333333333337,65.66666666666667,0.0,0.238962472406181,Low Value,4619.650000000001,1,Churned
55696-WES,Male,24,Yes,West Bengal,7,3,Deal 5,Yes,No,Yes,Fiber Optic,No,No,No,No,No,Yes,Yes,Yes,Month-to-Month,Yes,Bank Withdrawal,79.9,324.3,0.0,0,172.24,496.54,Churned,Competitor,Competitor had better devices,1,Young Adult,0-6 Months,New,165.51333333333335,172.24,496.54,0.1609135215692592,6.214518147684606,High,1,4,2,0,1,0,0,1,0,0,1,0,108.1,-28.200000000000003,0.0,0.3468804124541829,Low Value,1917.6,1,Churned
16346-HAR,Female,74,Yes,Haryana,2,18,Deal 5,Yes,No,Yes,Cable,No,No,No,No,No,No,No,Yes,Month-to-Month,Yes,Bank Withdrawal,44.7,93.7,0.0,0,82.86,176.56,Churned,Competitor,Competitor offered more data,1,Elder,13-24 Months,Growing,9.80888888888889,82.86,176.56,0.2531717263253285,3.9498881431767336,Low,1,2,0,0,1,0,0,1,0,0,1,0,5.205555555555556,39.49444444444445,0.0,0.4693022202084277,Low Value,3307.8,1,Churned
87534-TAM,Female,49,Yes,Tamil Nadu,13,15,Deal 4,Yes,Yes,Yes,Fiber Optic,No,Yes,No,No,No,No,No,Yes,Month-to-Month,Yes,Bank Withdrawal,-7.0,1676.95,0.0,0,769.12,2446.07,Churned,Competitor,Competitor had better devices,1,Senior,13-24 Months,Growing,163.07133333333334,769.12,2446.07,-0.0028617333109845,-349.43857142857144,High,1,4,0,1,1,1,0,1,0,0,1,0,111.79666666666668,-118.79666666666668,0.0,0.3144309034492062,High Value,-343.0,1,Churned
55046-BIH,Female,51,Yes,Bihar,3,6,Deal 4,Yes,Yes,Yes,Fiber Optic,No,Yes,No,No,No,No,No,Yes,Month-to-Month,Yes,Credit Card,81.0,818.05,0.0,0,495.0,1313.05,Churned,Attitude,Attitude of support person,1,Senior,0-6 Months,New,218.84166666666667,495.0,1313.05,0.0616884353223411,16.210493827160494,Medium,1,4,0,1,1,1,0,1,0,0,1,0,136.34166666666667,-55.34166666666667,0.0,0.3769848825254179,Medium Value,4131.0,1,Churned
82868-MAD,Female,22,Yes,Madhya Pradesh,4,4,Deal 3,Yes,Yes,Yes,Fiber Optic,No,Yes,No,No,Yes,Yes,Yes,Yes,Month-to-Month,Yes,Bank Withdrawal,100.2,2983.8,0.0,0,351.9,3335.7,Churned,Dissatisfaction,Service dissatisfaction,1,Young Adult,0-6 Months,New,833.925,351.9,3335.7,0.0300386725424948,33.290419161676645,Medium,1,7,3,1,1,1,0,1,0,0,1,0,745.95,-645.75,0.0,0.1054950984800791,High Value,2204.4,1,Churned
36832-UTT,Male,31,No,Uttar Pradesh,11,1,Deal 3,Yes,Yes,Yes,Fiber Optic,No,Yes,No,No,No,No,No,Yes,Month-to-Month,Yes,Bank Withdrawal,80.15,2265.25,0.0,0,754.87,3020.12,Churned,Attitude,Attitude of support person,1,Middle Age,0-6 Months,New,3020.12,754.87,3020.12,0.0265386805822285,37.68084840923269,High,1,4,0,1,1,1,0,1,0,0,1,0,2265.25,-2185.1,0.0,0.2499470219726368,High Value,2484.65,1,Churned
73644-CHH,Female,70,Yes,Chhattisgarh,8,22,NO DEAL,Yes,Yes,Yes,Fiber Optic,Yes,No,No,No,No,No,No,Yes,Month-to-Month,Yes,Bank Withdrawal,79.15,1520.9,0.0,0,236.4,1757.3,Churned,Attitude,Attitude of support person,1,Elder,13-24 Months,Growing,79.87727272727273,236.4,1757.3,0.0450406874181983,22.202147820593808,High,1,4,0,1,1,1,0,1,1,0,1,0,69.13181818181819,10.018181818181816,0.0,0.134524554714619,Medium Value,5540.5,1,Churned
32630-KAR,Male,65,Yes,Karnataka,0,16,NO DEAL,Yes,Yes,Yes,Fiber Optic,No,Yes,Yes,No,No,No,No,Yes,Month-to-Month,Yes,Bank Withdrawal,84.45,1058.6,0.0,0,284.44,1343.04,Churned,Price,Long distance charges,1,Elder,13-24 Months,Growing,83.94,284.44,1343.04,0.0628797355253752,15.903374777975133,No Referral,0,5,0,2,1,1,0,1,0,0,1,0,66.1625,18.28750000000001,0.0,0.2117881820347867,Medium Value,5489.25,1,Churned
99629-UTT,Female,77,No,Uttar Pradesh,11,24,Deal 5,Yes,Yes,Yes,Fiber Optic,No,No,Yes,No,Yes,Yes,No,Yes,Month-to-Month,Yes,Bank Withdrawal,100.6,819.4,0.0,0,323.6,1143.0,Churned,Attitude,Attitude of support person,1,Elder,13-24 Months,Growing,47.625,323.6,1143.0,0.0880139982502187,11.361829025844932,High,1,6,2,1,1,1,0,1,0,0,1,0,34.141666666666666,66.45833333333333,0.0,0.2831146106736658,Medium Value,7746.2,1,Churned
69203-PUN,Female,68,No,Punjab,12,9,Deal 3,Yes,Yes,Yes,Fiber Optic,No,No,No,No,No,Yes,Yes,Yes,Month-to-Month,Yes,Bank Withdrawal,84.8,2043.45,0.0,0,207.75,2251.2,Churned,Price,Extra data charges,1,Elder,7-12 Months,Growing,250.13333333333333,207.75,2251.2,0.0376687988628287,26.547169811320757,High,1,5,2,0,1,1,0,1,0,0,1,0,227.05,-142.25,0.0,0.0922841151385927,High Value,5766.4,1,Churned
43023-BIH,Male,69,No,Bihar,4,11,NO DEAL,Yes,Yes,Yes,Fiber Optic,No,No,No,No,Yes,No,No,Yes,Month-to-Month,Yes,Bank Withdrawal,86.05,86.05,0.0,0,38.78,124.83,Churned,Competitor,Competitor had better devices,1,Elder,7-12 Months,Growing,11.348181818181818,38.78,124.83,0.6893374989986382,1.4506682161533992,Medium,1,4,1,0,1,1,0,1,0,0,1,0,7.822727272727272,78.22727272727272,0.0,0.3106625010013619,Low Value,5937.45,1,Churned
67175-HAR,Female,61,No,Haryana,0,8,NO DEAL,Yes,Yes,Yes,Cable,No,No,No,No,Yes,Yes,Yes,No,Month-to-Month,No,Bank Withdrawal,96.05,4399.5,0.0,80,284.28,4763.78,Churned,Price,Extra data charges,1,Elder,7-12 Months,Growing,595.4725,364.28,4763.78,0.0201625599838783,49.596876626756895,No Referral,0,5,3,0,1,1,0,1,0,0,0,0,549.9375,-453.8875,0.0,0.0764686866312046,High Value,5859.05,1,Churned
43916-AND,Male,41,Yes,Andhra Pradesh,9,13,NO DEAL,Yes,No,Yes,Fiber Optic,Yes,No,No,No,Yes,Yes,Yes,Yes,Month-to-Month,No,Credit Card,94.65,2649.15,0.0,0,1174.21,3823.36,Churned,Other,Don't know,1,Middle Age,13-24 Months,Growing,294.1046153846154,1174.21,3823.36,0.0247557122530967,40.39471737982039,High,1,6,3,1,1,0,0,1,1,0,0,0,203.78076923076924,-109.13076923076925,0.0,0.3071146844660194,High Value,3880.65,1,Churned
14268-UTT,Male,68,Yes,Uttar Pradesh,7,18,Deal 5,Yes,No,Yes,Fiber Optic,No,Yes,No,No,No,Yes,Yes,Yes,Month-to-Month,Yes,Bank Withdrawal,86.0,86.0,0.0,0,28.82,114.82,Churned,Competitor,Competitor made better offer,1,Elder,13-24 Months,Growing,6.378888888888889,28.82,114.82,0.7489984323288627,1.3351162790697673,High,1,5,2,1,1,0,0,1,0,0,1,0,4.777777777777778,81.22222222222223,0.0,0.2510015676711374,Low Value,5848.0,1,Churned
24498-MAH,Female,76,No,Maharashtra,3,32,Deal 3,Yes,Yes,Yes,Fiber Optic,No,No,No,No,No,No,No,Yes,Month-to-Month,Yes,Bank Withdrawal,76.5,2868.15,0.0,0,234.21,3102.36,Churned,Price,Extra data charges,1,Elder,25-48 Months,Established,96.94875,234.21,3102.36,0.0246586469655359,40.55372549019608,Medium,1,3,0,0,1,1,0,1,0,0,1,0,89.6296875,-13.129687500000005,0.0,0.075494139945074,High Value,5814.0,1,Churned
22520-TAM,Female,32,No,Tamil Nadu,9,12,Deal 5,Yes,No,Yes,DSL,No,No,No,No,No,No,No,Yes,Month-to-Month,Yes,Bank Withdrawal,44.9,44.9,0.0,0,41.78,86.68,Churned,Dissatisfaction,Lack of self-service on Website,1,Middle Age,7-12 Months,Growing,7.223333333333334,41.78,86.68,0.5179972311952007,1.9305122494432077,High,1,2,0,0,1,0,0,1,0,0,1,0,3.7416666666666663,41.15833333333333,0.0,0.4820027688047992,Low Value,1436.8,1,Churned
21857-JHA,Female,30,Yes,Jharkhand,5,30,Deal 1,Yes,Yes,Yes,Fiber Optic,Yes,No,No,Yes,Yes,Yes,Yes,Yes,Two Year,Yes,Credit Card,104.0,7250.15,0.0,0,853.3,8103.45,Churned,Attitude,Attitude of service provider,1,Young Adult,25-48 Months,Established,270.115,853.3,8103.45,0.0128340398225447,77.91778846153846,Medium,1,8,3,2,1,1,1,1,1,0,1,0,241.67166666666665,-137.67166666666665,0.0,0.1053008286593981,Very High Value,3120.0,1,Churned
91505-HAR,Female,35,No,Haryana,7,26,Deal 5,Yes,No,Yes,DSL,No,No,No,No,No,No,No,Yes,Month-to-Month,Yes,Bank Withdrawal,44.1,44.1,0.0,0,4.41,48.51,Churned,Competitor,Competitor made better offer,1,Middle Age,25-48 Months,Established,1.8657692307692304,4.41,48.51,0.9090909090909092,1.1,High,1,2,0,0,1,0,0,1,0,0,1,0,1.696153846153846,42.40384615384615,0.0,0.0909090909090909,Low Value,1543.5,1,Churned
68126-KAR,Female,71,Yes,Karnataka,10,21,NO DEAL,Yes,No,Yes,Fiber Optic,No,No,No,No,No,No,No,Yes,Month-to-Month,Yes,Bank Withdrawal,69.65,69.65,0.0,0,31.13,100.78,Churned,Attitude,Attitude of service provider,1,Elder,13-24 Months,Growing,4.799047619047619,31.13,100.78,0.6911093470926771,1.4469490308686288,High,1,2,0,0,1,0,0,1,0,0,1,0,3.316666666666667,66.33333333333334,0.0,0.3088906529073228,Low Value,4945.150000000001,1,Churned
21036-TAM,Male,67,Yes,Tamil Nadu,12,23,NO DEAL,Yes,No,Yes,Fiber Optic,No,No,No,No,Yes,Yes,Yes,Yes,Month-to-Month,Yes,Bank Withdrawal,90.35,2238.5,0.0,0,779.76,3018.26,Churned,Competitor,Competitor had better devices,1,Elder,13-24 Months,Growing,131.2286956521739,779.76,3018.26,0.0299344655530007,33.40630879911456,High,1,5,3,0,1,0,0,1,0,0,1,0,97.32608695652172,-6.9760869565217405,0.0,0.258347524732793,High Value,6053.45,1,Churned
27501-TEL,Female,33,No,Telangana,5,26,NO DEAL,Yes,No,No,No Type,No,No,No,No,No,No,No,No,Month-to-Month,No,Mailed Check,20.0,20.0,0.0,0,46.77,66.77,Churned,Attitude,Attitude of service provider,1,Middle Age,25-48 Months,Established,2.568076923076923,46.77,66.77,0.2995357196345664,3.3385,Medium,1,1,0,0,1,0,0,0,0,0,0,0,0.7692307692307693,19.23076923076923,0.0,0.7004642803654336,Low Value,660.0,1,Churned
78937-TAM,Male,41,Yes,Tamil Nadu,12,27,NO DEAL,Yes,No,Yes,Fiber Optic,No,No,No,No,No,No,No,Yes,Month-to-Month,Yes,Bank Withdrawal,69.75,2347.9,19.67,0,191.68,2519.91,Churned,Other,Don't know,1,Middle Age,25-48 Months,Established,93.33,191.68,2500.24,0.0276795599842851,36.12774193548387,High,1,2,0,0,1,0,0,1,0,0,1,0,86.95925925925927,-17.20925925925927,0.00837769922058,0.0760662087138032,High Value,2859.75,1,Churned
59649-UTT,Female,39,Yes,Uttar Pradesh,5,20,NO DEAL,Yes,No,No,No Type,No,No,No,No,No,No,No,No,Month-to-Month,No,Mailed Check,19.8,19.8,0.0,0,9.66,29.46,Churned,Price,Long distance charges,1,Middle Age,13-24 Months,Growing,1.473,9.66,29.46,0.6720977596741344,1.4878787878787878,Medium,1,1,0,0,1,0,0,0,0,0,0,0,0.99,18.81,0.0,0.3279022403258655,Low Value,772.2,1,Churned
64780-JAM,Male,76,Yes,Jammu & Kashmir,12,24,NO DEAL,Yes,No,No,No Type,No,No,No,No,No,No,No,No,Month-to-Month,No,Mailed Check,19.95,214.75,0.0,0,324.94,539.69,Churned,Competitor,Competitor made better offer,1,Elder,13-24 Months,Growing,22.48708333333333,324.94,539.69,0.0369656654746243,27.05213032581454,High,1,1,0,0,1,0,0,0,0,0,0,0,8.947916666666666,11.002083333333331,0.0,0.6020863829235301,Low Value,1516.2,1,Churned
71858-KAR,Female,37,No,Karnataka,8,20,Deal 5,Yes,No,No,No Type,No,No,No,No,No,No,No,No,Month-to-Month,Yes,Mailed Check,20.15,20.15,0.0,0,21.59,41.74,Churned,Attitude,Attitude of support person,1,Middle Age,13-24 Months,Growing,2.087,21.59,41.74,0.4827503593675131,2.071464019851117,High,1,1,0,0,1,0,0,0,0,0,1,0,1.0074999999999998,19.1425,0.0,0.5172496406324868,Low Value,745.55,1,Churned
98252-MAH,Female,77,Yes,Maharashtra,3,5,NO DEAL,Yes,Yes,Yes,Fiber Optic,No,No,No,Yes,Yes,Yes,No,Yes,Month-to-Month,No,Bank Withdrawal,98.65,2862.75,0.0,0,608.42,3471.17,Churned,Attitude,Attitude of support person,1,Elder,0-6 Months,New,694.234,608.42,3471.17,0.0284198123399314,35.186720729853015,Medium,1,6,2,1,1,1,0,1,0,0,0,0,572.55,-473.9,0.0,0.1752780762682323,High Value,7596.05,1,Churned
26882-KER,Female,55,Yes,Kerala,8,23,Deal 5,Yes,No,No,No Type,No,No,No,No,No,No,No,No,Month-to-Month,No,Mailed Check,19.35,126.05,0.0,0,158.8,284.85,Churned,Competitor,Competitor made better offer,1,Senior,13-24 Months,Growing,12.384782608695652,158.8,284.85,0.0679304897314376,14.72093023255814,High,1,1,0,0,1,0,0,0,0,0,0,0,5.480434782608696,13.869565217391305,0.0,0.5574863963489556,Low Value,1064.25,1,Churned
32749-UTT,Female,58,No,Uttar Pradesh,13,12,NO DEAL,Yes,Yes,Yes,Fiber Optic,No,No,No,No,Yes,Yes,Yes,Yes,Month-to-Month,Yes,Bank Withdrawal,94.6,94.6,0.0,0,1.17,95.77,Churned,Other,Don't know,1,Senior,7-12 Months,Growing,7.980833333333333,1.17,95.77,0.987783230656782,1.0123678646934462,High,1,6,3,0,1,1,0,1,0,0,1,0,7.883333333333333,86.71666666666667,0.0,0.0122167693432181,Low Value,5486.799999999999,1,Churned
29485-MAD,Female,43,No,Madhya Pradesh,7,28,NO DEAL,Yes,Yes,Yes,Fiber Optic,No,No,No,No,Yes,No,No,Yes,Month-to-Month,Yes,Credit Card,86.55,2697.4,0.0,0,1034.78,3732.18,Churned,Attitude,Attitude of support person,1,Middle Age,25-48 Months,Established,133.29214285714286,1034.78,3732.18,0.0231901998295902,43.12166377816291,High,1,4,1,0,1,1,0,1,0,0,1,0,96.33571428571427,-9.785714285714292,0.0,0.2772588674715582,High Value,3721.65,1,Churned
44700-DEL,Female,48,No,Delhi,10,19,Deal 5,Yes,Yes,Yes,Fiber Optic,No,No,No,No,Yes,No,No,No,Month-to-Month,Yes,Bank Withdrawal,84.6,84.6,0.0,0,7.34,91.94,Joined,Others,Others,0,Senior,13-24 Months,Growing,4.838947368421053,7.34,91.94,0.9201653252120948,1.0867612293144209,High,1,3,1,0,1,1,0,1,0,0,1,0,4.4526315789473685,80.14736842105262,0.0,0.0798346747879051,Low Value,4060.8,1,Churned
19956-AND,Male,26,Yes,Andhra Pradesh,14,31,NO DEAL,Yes,No,Yes,DSL,No,No,No,No,Yes,No,Yes,Yes,Month-to-Month,No,Credit Card,53.4,188.7,0.0,0,143.04,331.74,Churned,Other,Don't know,1,Young Adult,25-48 Months,Established,10.701290322580643,143.04,331.74,0.1609694338940134,6.212359550561798,High,1,4,2,0,1,0,0,1,0,0,0,0,6.087096774193548,47.31290322580645,0.0,0.4311810453969976,Low Value,1388.4,1,Churned
12149-JAM,Female,66,Yes,Jammu & Kashmir,7,26,Deal 5,Yes,Yes,Yes,Fiber Optic,Yes,No,Yes,No,No,No,No,Yes,Month-to-Month,Yes,Bank Withdrawal,84.5,453.75,0.0,0,184.4,638.15,Churned,Competitor,Competitor made better offer,1,Elder,25-48 Months,Established,24.54423076923077,184.4,638.15,0.1324140092454752,7.55207100591716,High,1,5,0,2,1,1,0,1,1,0,1,0,17.451923076923077,67.04807692307692,0.0,0.2889602757972264,Medium Value,5577.0,1,Churned
68542-TEL,Male,52,Yes,Telangana,15,14,Deal 5,Yes,No,Yes,Fiber Optic,No,No,No,No,No,No,No,Yes,Month-to-Month,No,Bank Withdrawal,69.65,220.1,0.0,0,118.14,338.24,Churned,Competitor,Competitor offered higher download speeds,1,Senior,13-24 Months,Growing,24.16,118.14,338.24,0.2059188741721854,4.856281407035175,High,1,2,0,0,1,0,0,1,0,0,0,0,15.721428571428572,53.92857142857143,0.0,0.3492786187322611,Low Value,3621.8,1,Churned
12337-MAH,Male,28,No,Maharashtra,11,8,Deal 4,Yes,Yes,Yes,DSL,No,Yes,No,Yes,No,No,No,Yes,Month-to-Month,Yes,Credit Card,58.6,939.7,0.0,0,221.85,1161.55,Churned,Dissatisfaction,Service dissatisfaction,1,Young Adult,7-12 Months,Growing,145.19375,221.85,1161.55,0.0504498299685764,19.82167235494881,High,1,5,0,2,1,1,0,1,0,0,1,0,117.4625,-58.8625,0.0,0.1909947914424691,Medium Value,1640.8,1,Churned
25517-RAJ,Female,40,No,Rajasthan,4,10,NO DEAL,Yes,Yes,Yes,Fiber Optic,No,No,Yes,No,Yes,No,No,No,Month-to-Month,Yes,Bank Withdrawal,91.45,171.45,0.0,10,98.82,280.27,Joined,Others,Others,0,Middle Age,7-12 Months,Growing,28.027,108.82,280.27,0.3262925036571877,3.06473482777474,Medium,1,4,1,1,1,1,0,1,0,0,1,0,17.145,74.305,0.0,0.3882684554179898,Low Value,3658.0,1,Churned
36423-MAH,Male,66,Yes,Maharashtra,3,17,NO DEAL,Yes,No,Yes,Cable,No,No,No,No,Yes,No,No,Yes,Month-to-Month,Yes,Credit Card,53.55,53.55,0.0,0,1.59,55.14,Churned,Price,Lack of affordable download/upload speed,1,Elder,13-24 Months,Growing,3.243529411764706,1.59,55.14,0.971164309031556,1.0296918767507004,Medium,1,3,1,0,1,0,0,1,0,0,1,0,3.15,50.4,0.0,0.0288356909684439,Low Value,3534.3,1,Churned
86781-PUN,Female,33,No,Punjab,5,36,Deal 4,Yes,No,No,No Type,No,No,No,No,No,No,No,No,Month-to-Month,Yes,Credit Card,19.25,180.3,0.0,0,319.11,499.41,Churned,Attitude,Attitude of support person,1,Middle Age,25-48 Months,Established,13.8725,319.11,499.41,0.0385454836707314,25.943376623376626,Medium,1,1,0,0,1,0,0,0,0,0,1,0,5.008333333333334,14.241666666666667,0.0,0.6389739893073827,Low Value,635.25,1,Churned
33391-MAH,Female,35,Yes,Maharashtra,5,11,NO DEAL,Yes,Yes,Yes,Fiber Optic,No,Yes,No,No,No,Yes,Yes,No,Month-to-Month,Yes,Bank Withdrawal,88.95,355.2,0.0,40,193.28,588.48,Churned,Dissatisfaction,Network reliability,1,Middle Age,7-12 Months,Growing,53.49818181818182,233.28,588.48,0.1511521207177814,6.615851602023609,Medium,1,5,2,1,1,1,0,1,0,0,1,0,32.29090909090909,56.659090909090914,0.0,0.396411092985318,Low Value,3113.25,1,Churned
12370-JAM,Female,49,Yes,Jammu & Kashmir,2,29,NO DEAL,Yes,Yes,Yes,Fiber Optic,No,No,No,No,No,Yes,Yes,Yes,Month-to-Month,Yes,Bank Withdrawal,85.95,381.3,0.0,0,16.56,397.86,Churned,Competitor,Competitor made better offer,1,Senior,25-48 Months,Established,13.719310344827589,16.56,397.86,0.2160307645905595,4.628970331588133,Low,1,5,2,0,1,1,0,1,0,0,1,0,13.148275862068964,72.80172413793103,0.0,0.0416226813451967,Low Value,4211.55,1,Churned
79342-KAR,Female,39,Yes,Karnataka,5,22,NO DEAL,Yes,No,Yes,DSL,Yes,No,No,Yes,Yes,No,No,Yes,Month-to-Month,Yes,Credit Card,64.4,195.65,0.0,0,114.15,309.8,Joined,Others,Others,0,Middle Age,13-24 Months,Growing,14.081818181818182,114.15,309.8,0.2078760490639122,4.81055900621118,Medium,1,5,1,2,1,0,0,1,1,0,1,0,8.893181818181818,55.50681818181819,0.0,0.368463524854745,Low Value,2511.6000000000004,1,Churned
37116-HAR,Female,63,No,Haryana,6,15,NO DEAL,Yes,No,Yes,DSL,No,No,Yes,No,No,No,No,Yes,Month-to-Month,No,Bank Withdrawal,-4.0,340.25,0.0,0,35.91,376.16,Churned,Other,Don't know,1,Elder,13-24 Months,Growing,25.077333333333332,35.91,376.16,-0.0106337728626116,-94.04,High,1,3,0,1,1,0,0,1,0,0,0,0,22.683333333333334,-26.683333333333334,0.0,0.0954646958740961,Low Value,-252.0,1,Churned
64348-TEL,Female,66,Yes,Telangana,2,35,Deal 3,Yes,Yes,Yes,Fiber Optic,No,No,Yes,No,Yes,Yes,No,Yes,Month-to-Month,Yes,Bank Withdrawal,101.4,3496.3,0.0,0,1389.15,4885.45,Churned,Competitor,Competitor offered more data,1,Elder,25-48 Months,Established,139.5842857142857,1389.15,4885.45,0.0207555087044182,48.17998027613412,Low,1,6,2,1,1,1,0,1,0,0,1,0,99.89428571428572,1.505714285714291,0.0,0.284344328567481,Very High Value,6692.400000000001,1,Churned
25564-KER,Female,37,No,Kerala,14,9,Deal 5,Yes,No,Yes,Cable,No,No,No,No,No,No,No,Yes,Month-to-Month,Yes,Credit Card,44.6,80.55,0.0,0,60.38,140.93,Churned,Price,Lack of affordable download/upload speed,1,Middle Age,7-12 Months,Growing,15.658888888888889,60.38,140.93,0.3164691690910381,3.159865470852018,High,1,2,0,0,1,0,0,1,0,0,1,0,8.95,35.650000000000006,0.0,0.428439650890513,Low Value,1650.2,1,Churned
66919-JAM,Female,47,No,Jammu & Kashmir,11,34,NO DEAL,Yes,Yes,Yes,Fiber Optic,No,No,No,No,Yes,Yes,Yes,Yes,Month-to-Month,Yes,Mailed Check,94.55,2724.6,0.0,0,299.43,3024.03,Churned,Competitor,Competitor made better offer,1,Senior,25-48 Months,Established,88.94205882352942,299.43,3024.03,0.0312662242107386,31.983395029085145,High,1,6,3,0,1,1,0,1,0,0,1,0,80.13529411764705,14.414705882352948,0.0,0.0990168748325909,High Value,4443.849999999999,1,Churned
74804-WES,Female,46,No,West Bengal,0,5,NO DEAL,Yes,No,Yes,Fiber Optic,No,No,No,No,No,No,No,No,Month-to-Month,Yes,Credit Card,69.6,207.4,0.0,20,86.91,314.31,Joined,Others,Others,0,Senior,0-6 Months,New,62.862,106.91,314.31,0.2214374343800706,4.515948275862069,No Referral,0,1,0,0,1,0,0,1,0,0,1,0,41.48,28.11999999999999,0.0,0.3401418981260539,Low Value,3201.6,1,Churned
45561-MAH,Female,44,Yes,Maharashtra,6,7,Deal 5,Yes,No,No,No Type,No,No,No,No,No,No,No,No,Month-to-Month,Yes,Mailed Check,20.0,40.9,0.0,0,86.54,127.44,Joined,Others,Others,0,Middle Age,7-12 Months,Growing,18.205714285714286,86.54,127.44,0.1569365976145637,6.372,High,1,1,0,0,1,0,0,0,0,0,1,0,5.842857142857143,14.157142857142858,0.0,0.6790646578782172,Low Value,880.0,1,Churned
39603-RAJ,Female,81,Yes,Rajasthan,10,7,NO DEAL,Yes,Yes,Yes,Fiber Optic,No,No,No,No,No,No,No,Yes,Month-to-Month,Yes,Bank Withdrawal,75.35,75.35,0.0,0,28.49,103.84,Churned,Attitude,Attitude of support person,1,Elder,7-12 Months,Growing,14.834285714285716,28.49,103.84,0.7256355932203389,1.378102189781022,High,1,3,0,0,1,1,0,1,0,0,1,0,10.764285714285714,64.58571428571427,0.0,0.274364406779661,Low Value,6103.349999999999,1,Churned
47080-HAR,Female,49,Yes,Haryana,11,18,Deal 4,No,No,Yes,DSL,No,No,Yes,No,No,No,No,No,Month-to-Month,No,Credit Card,29.5,255.25,0.0,40,0.0,295.25,Churned,Dissatisfaction,Service dissatisfaction,1,Senior,13-24 Months,Growing,16.40277777777778,40.0,295.25,0.0999153259949195,10.008474576271189,High,1,1,0,1,0,0,0,1,0,0,0,0,14.180555555555555,15.319444444444445,0.0,0.1354784081287045,Low Value,1445.5,1,Churned
84121-JAM,Male,69,Yes,Jammu & Kashmir,6,22,Deal 2,Yes,Yes,Yes,DSL,Yes,Yes,No,Yes,Yes,Yes,Yes,Yes,One Year,No,Bank Withdrawal,82.45,4350.1,0.0,0,652.32,5002.42,Churned,Competitor,Competitor made better offer,1,Elder,13-24 Months,Growing,227.3827272727273,652.32,5002.42,0.0164820227010127,60.672164948453606,High,1,9,3,3,1,1,1,1,1,0,0,0,197.7318181818182,-115.2818181818182,0.0,0.1304008859711899,Very High Value,5689.05,1,Churned
84298-TAM,Male,37,No,Tamil Nadu,5,23,Deal 5,Yes,No,Yes,Fiber Optic,No,No,No,No,No,No,No,No,Month-to-Month,Yes,Bank Withdrawal,69.35,451.1,0.0,10,103.25,564.35,Churned,Competitor,Competitor had better devices,1,Middle Age,13-24 Months,Growing,24.53695652173913,113.25,564.35,0.1228847346504828,8.13770728190339,Medium,1,1,0,0,1,0,0,1,0,0,1,0,19.61304347826087,49.73695652173912,0.0,0.2006733410117834,Low Value,2565.95,1,Churned
73187-MAH,Male,30,No,Maharashtra,6,14,NO DEAL,Yes,No,Yes,Cable,No,No,No,No,No,No,No,No,Month-to-Month,No,Bank Withdrawal,44.75,270.95,0.0,10,246.96,527.91,Churned,Dissatisfaction,Network reliability,1,Young Adult,13-24 Months,Growing,37.70785714285714,256.96000000000004,527.91,0.0847682370100964,11.796871508379889,High,1,1,0,0,1,0,0,1,0,0,0,0,19.353571428571428,25.39642857142857,0.0,0.4867496353545112,Low Value,1342.5,1,Churned
16444-BIH,Female,24,Yes,Bihar,10,4,NO DEAL,Yes,No,Yes,Fiber Optic,No,No,No,No,No,No,No,Yes,Month-to-Month,No,Credit Card,-2.0,140.7,0.0,0,72.12,212.82,Churned,Dissatisfaction,Service dissatisfaction,1,Young Adult,0-6 Months,New,53.205,72.12,212.82,-0.0093976130062964,-106.41,High,1,2,0,0,1,0,0,1,0,0,0,0,35.175,-37.175,0.0,0.3388779250070482,Low Value,-48.0,1,Churned
53697-TAM,Male,73,Yes,Tamil Nadu,15,11,Deal 5,Yes,No,No,No Type,No,No,No,No,No,No,No,No,Month-to-Month,No,Credit Card,20.05,20.05,0.0,0,19.87,39.92,Churned,Price,Long distance charges,1,Elder,7-12 Months,Growing,3.629090909090909,19.87,39.92,0.502254509018036,1.9910224438902744,High,1,1,0,0,1,0,0,0,0,0,0,0,1.8227272727272728,18.227272727272727,0.0,0.4977454909819639,Low Value,1463.65,1,Churned
28681-HAR,Female,33,No,Haryana,4,2,NO DEAL,Yes,No,Yes,Fiber Optic,No,No,Yes,No,No,No,No,Yes,Month-to-Month,No,Bank Withdrawal,75.55,75.55,0.0,0,7.11,82.66,Joined,Others,Others,0,Middle Age,0-6 Months,New,41.33,7.11,82.66,0.913984998790225,1.0941098610191926,Medium,1,3,0,1,1,0,0,1,0,0,0,0,37.775,37.775,0.0,0.0860150012097749,Low Value,2493.15,1,Churned
21265-JAM,Male,66,No,Jammu & Kashmir,3,4,Deal 5,Yes,No,Yes,Cable,No,No,Yes,No,No,No,No,Yes,Month-to-Month,Yes,Mailed Check,-9.0,50.15,0.0,0,39.78,89.93,Churned,Competitor,Competitor made better offer,1,Elder,0-6 Months,New,22.4825,39.78,89.93,-0.1000778383186923,-9.992222222222225,Medium,1,3,0,1,1,0,0,1,0,0,1,0,12.5375,-21.5375,0.0,0.44234404536862,Low Value,-594.0,1,Churned
72082-HAR,Female,53,Yes,Haryana,15,36,Deal 5,Yes,No,No,No Type,No,No,No,No,No,No,No,No,Month-to-Month,No,Credit Card,20.6,20.6,0.0,0,47.26,67.86,Churned,Price,Long distance charges,1,Senior,25-48 Months,Established,1.885,47.26,67.86,0.3035661656351311,3.294174757281553,High,1,1,0,0,1,0,0,0,0,0,0,0,0.5722222222222223,20.02777777777778,0.0,0.6964338343648688,Low Value,1091.8000000000002,1,Churned
81650-UTT,Male,46,No,Uttar Pradesh,5,22,Deal 5,Yes,Yes,Yes,Fiber Optic,No,Yes,Yes,No,Yes,Yes,Yes,Yes,Month-to-Month,Yes,Bank Withdrawal,105.35,323.25,0.0,0,41.49,364.74,Churned,Dissatisfaction,Poor expertise of online support,1,Senior,13-24 Months,Growing,16.579090909090908,41.49,364.74,0.2888358830948072,3.4621737066919795,Medium,1,8,3,2,1,1,0,1,0,0,1,0,14.693181818181818,90.65681818181818,0.0,0.1137522618851784,Low Value,4846.099999999999,1,Churned
21282-JAM,Female,37,Yes,Jammu & Kashmir,4,17,NO DEAL,Yes,No,Yes,Fiber Optic,No,Yes,No,No,No,No,No,No,Month-to-Month,Yes,Bank Withdrawal,75.35,75.35,0.0,10,32.82,118.17,Churned,Competitor,Competitor made better offer,1,Middle Age,13-24 Months,Growing,6.951176470588235,42.82,118.17,0.6376406871456376,1.5682813536828135,Medium,1,2,0,1,1,0,0,1,0,0,1,0,4.43235294117647,70.91764705882352,0.0,0.3623593128543623,Low Value,2787.95,1,Churned
99886-UTT,Female,38,No,Uttar Pradesh,4,20,Deal 3,No,No,Yes,DSL,No,No,Yes,No,Yes,Yes,Yes,Yes,Month-to-Month,Yes,Bank Withdrawal,50.75,2011.4,0.0,0,0.0,2011.4,Churned,Attitude,Attitude of support person,1,Middle Age,13-24 Months,Growing,100.57,0.0,2011.4,0.0252311822611116,39.63349753694582,Medium,1,5,3,1,0,0,0,1,0,0,1,0,100.57,-49.82000000000001,0.0,0.0,Medium Value,1928.5,1,Churned
73108-GUJ,Female,38,Yes,Gujarat,6,12,NO DEAL,Yes,No,No,No Type,No,No,No,No,No,No,No,No,Month-to-Month,No,Credit Card,20.25,36.8,0.0,0,31.66,68.46,Joined,Others,Others,0,Middle Age,7-12 Months,Growing,5.704999999999999,31.66,68.46,0.2957931638913234,3.3807407407407406,High,1,1,0,0,1,0,0,0,0,0,0,0,3.0666666666666664,17.183333333333334,0.0,0.4624598305579901,Low Value,769.5,1,Churned
42767-WES,Female,57,Yes,West Bengal,9,21,Deal 2,No,No,Yes,Cable,No,Yes,No,No,Yes,Yes,Yes,Yes,Month-to-Month,Yes,Bank Withdrawal,50.8,3027.4,0.0,0,0.0,3027.4,Churned,Competitor,Competitor offered more data,1,Senior,13-24 Months,Growing,144.16190476190476,0.0,3027.4,0.016780075312149,59.59448818897639,High,1,5,3,1,0,0,0,1,0,0,1,0,144.16190476190476,-93.36190476190475,0.0,0.0,High Value,2895.6,1,Churned
29708-KAR,Male,36,Yes,Karnataka,7,7,NO DEAL,Yes,No,Yes,Cable,No,No,No,No,No,No,No,Yes,Month-to-Month,Yes,Bank Withdrawal,45.3,45.3,0.0,0,26.41,71.71,Churned,Competitor,Competitor had better devices,1,Middle Age,7-12 Months,Growing,10.244285714285713,26.41,71.71,0.6317110584297867,1.5830022075055188,High,1,2,0,0,1,0,0,1,0,0,1,0,6.471428571428571,38.82857142857143,0.0,0.3682889415702134,Low Value,1630.8,1,Churned
68678-KAR,Female,41,No,Karnataka,2,15,NO DEAL,No,No,Yes,Cable,No,No,Yes,No,Yes,No,No,Yes,Month-to-Month,Yes,Bank Withdrawal,39.05,669.85,0.0,0,0.0,669.85,Churned,Dissatisfaction,Lack of self-service on Website,1,Middle Age,13-24 Months,Growing,44.656666666666666,0.0,669.85,0.0582966335746808,17.153649167733676,Low,1,3,1,1,0,0,0,1,0,0,1,0,44.656666666666666,-5.606666666666669,0.0,0.0,Medium Value,1601.05,1,Churned
86703-WES,Female,54,Yes,West Bengal,14,35,Deal 5,Yes,No,No,No Type,No,No,No,No,No,No,No,No,Month-to-Month,No,Bank Withdrawal,20.65,20.65,0.0,0,1.47,22.12,Joined,Others,Others,0,Senior,25-48 Months,Established,0.632,1.47,22.12,0.9335443037974682,1.0711864406779663,High,1,1,0,0,1,0,0,0,0,0,0,0,0.59,20.06,0.0,0.0664556962025316,Low Value,1115.1,1,Churned
95720-RAJ,Female,43,Yes,Rajasthan,5,2,Deal 2,Yes,Yes,Yes,Fiber Optic,Yes,Yes,Yes,No,Yes,Yes,Yes,Yes,Two Year,Yes,Bank Withdrawal,109.45,6144.55,0.0,0,1623.42,7767.97,Churned,Dissatisfaction,Product dissatisfaction,1,Middle Age,0-6 Months,New,3883.985,1623.42,7767.97,0.0140899102339478,70.97277295568753,Medium,1,9,3,3,1,1,1,1,1,0,1,0,3072.275,-2962.8250000000003,0.0,0.208988963654597,Very High Value,4706.35,1,Churned
92494-MAH,Female,39,Yes,Maharashtra,11,19,NO DEAL,Yes,No,Yes,Fiber Optic,Yes,Yes,No,No,Yes,No,No,No,Month-to-Month,Yes,Bank Withdrawal,91.15,168.5,0.0,10,93.56,272.06,Joined,Others,Others,0,Middle Age,13-24 Months,Growing,14.318947368421052,103.56,272.06,0.3350363890318312,2.984750411409764,High,1,4,1,2,1,0,0,1,1,0,1,0,8.868421052631579,82.28157894736843,0.0,0.3806513269131809,Low Value,3554.8500000000004,1,Churned
44558-AND,Female,36,Yes,Andhra Pradesh,11,2,NO DEAL,Yes,Yes,Yes,Fiber Optic,No,Yes,No,No,No,Yes,Yes,No,Month-to-Month,Yes,Credit Card,91.5,242.95,0.0,10,94.83,347.78,Churned,Competitor,Competitor offered higher download speeds,1,Middle Age,0-6 Months,New,173.89,104.83,347.78,0.263097360400253,3.80087431693989,High,1,5,2,1,1,1,0,1,0,0,1,0,121.475,-29.974999999999994,0.0,0.3014261889700385,Low Value,3294.0,1,Churned
95305-BIH,Male,72,No,Bihar,15,31,Deal 2,Yes,Yes,Yes,Fiber Optic,No,Yes,Yes,Yes,Yes,Yes,No,Yes,Month-to-Month,Yes,Bank Withdrawal,110.75,4687.9,0.0,0,624.36,5312.26,Churned,Competitor,Competitor made better offer,1,Elder,25-48 Months,Established,171.36322580645162,624.36,5312.26,0.0208480006626181,47.966230248307,High,1,8,2,3,1,1,0,1,0,0,1,0,151.2225806451613,-40.47258064516129,0.0,0.1175318979116233,Very High Value,7974.0,1,Churned
43670-BIH,Female,45,Yes,Bihar,2,20,Deal 5,Yes,No,Yes,Cable,No,No,No,No,No,No,No,Yes,Month-to-Month,No,Mailed Check,45.95,45.95,0.0,0,46.17,92.12,Churned,Competitor,Competitor had better devices,1,Middle Age,13-24 Months,Growing,4.606,46.17,92.12,0.4988059053408598,2.004787812840044,Low,1,2,0,0,1,0,0,1,0,0,0,0,2.2975000000000003,43.6525,0.0,0.5011940946591402,Low Value,2067.75,1,Churned
49982-UTT,Female,35,Yes,Uttar Pradesh,3,28,NO DEAL,Yes,No,Yes,Fiber Optic,Yes,No,No,No,No,No,No,Yes,Month-to-Month,Yes,Bank Withdrawal,73.5,791.75,0.0,0,427.68,1219.43,Churned,Competitor,Competitor made better offer,1,Middle Age,25-48 Months,Established,43.55107142857143,427.68,1219.43,0.0602740624718105,16.590884353741497,Medium,1,3,0,1,1,0,0,1,1,0,1,0,28.276785714285715,45.223214285714285,0.0,0.3507212386114824,Medium Value,2572.5,1,Churned
79427-KAR,Male,67,Yes,Karnataka,12,21,Deal 5,Yes,No,Yes,Fiber Optic,No,No,No,No,No,No,No,Yes,Month-to-Month,No,Bank Withdrawal,70.1,141.65,0.0,0,69.98,211.63,Joined,Others,Others,0,Elder,13-24 Months,Growing,10.077619047619049,69.98,211.63,0.3312384822567689,3.018972895863053,High,1,2,0,0,1,0,0,1,0,0,0,0,6.745238095238095,63.3547619047619,0.0,0.3306714548976988,Low Value,4696.7,1,Churned
26448-BIH,Female,57,No,Bihar,10,21,Deal 5,Yes,No,Yes,DSL,No,Yes,No,Yes,Yes,Yes,Yes,Yes,Month-to-Month,Yes,Bank Withdrawal,75.3,244.1,0.0,0,116.97,361.07,Joined,Others,Others,0,Senior,13-24 Months,Growing,17.193809523809524,116.97,361.07,0.208546819176337,4.795086321381143,High,1,7,3,2,1,0,0,1,0,0,1,0,11.623809523809523,63.67619047619047,0.0,0.323953803971529,Low Value,4292.099999999999,1,Churned
68296-UTT,Female,71,Yes,Uttar Pradesh,9,31,Deal 3,Yes,Yes,Yes,Fiber Optic,No,Yes,Yes,No,Yes,Yes,No,Yes,Month-to-Month,No,Credit Card,105.95,2655.25,0.0,0,1158.5,3813.75,Churned,Price,Price too high,1,Elder,25-48 Months,Established,123.0241935483871,1158.5,3813.75,0.0277810553916748,35.99575271354412,High,1,7,2,2,1,1,0,1,0,0,0,0,85.65322580645162,20.296774193548387,0.0,0.3037692559816453,High Value,7522.45,1,Churned
81118-MAD,Female,31,No,Madhya Pradesh,1,13,NO DEAL,Yes,No,Yes,Cable,No,No,No,No,No,No,No,Yes,Month-to-Month,Yes,Credit Card,45.8,45.8,0.0,0,13.62,59.42,Joined,Others,Others,0,Middle Age,13-24 Months,Growing,4.570769230769231,13.62,59.42,0.7707842477280377,1.2973799126637555,Low,1,2,0,0,1,0,0,1,0,0,1,0,3.523076923076923,42.27692307692308,0.0,0.2292157522719622,Low Value,1419.8,1,Churned
18034-KER,Male,33,Yes,Kerala,2,15,NO DEAL,Yes,No,Yes,Fiber Optic,No,No,No,No,No,No,No,Yes,Month-to-Month,Yes,Bank Withdrawal,69.8,69.8,0.0,0,11.08,80.88,Churned,Dissatisfaction,Service dissatisfaction,1,Middle Age,13-24 Months,Growing,5.392,11.08,80.88,0.8630069238377844,1.1587392550143267,Low,1,2,0,0,1,0,0,1,0,0,1,0,4.653333333333333,65.14666666666666,0.0,0.1369930761622156,Low Value,2303.4,1,Churned
85666-JAM,Male,53,Yes,Jammu & Kashmir,1,25,Deal 4,Yes,Yes,Yes,Fiber Optic,Yes,No,No,No,Yes,Yes,Yes,Yes,Month-to-Month,No,Bank Withdrawal,98.55,1008.55,0.0,0,275.7,1284.25,Churned,Competitor,Competitor made better offer,1,Senior,25-48 Months,Established,51.37,275.7,1284.25,0.0767373953669456,13.031456113647897,Low,1,7,3,1,1,1,0,1,1,0,0,0,40.342,58.208,0.0,0.2146778275257932,Medium Value,5223.15,1,Churned
81451-JAM,Female,71,Yes,Jammu & Kashmir,12,4,NO DEAL,No,No,Yes,Cable,No,No,No,Yes,No,No,No,No,Month-to-Month,Yes,Bank Withdrawal,29.65,291.4,0.0,110,0.0,401.4,Churned,Other,Don't know,1,Elder,0-6 Months,New,100.35,110.0,401.4,0.0738664673642252,13.537942664418212,High,1,1,0,1,0,0,0,1,0,0,1,0,72.85,-43.2,0.0,0.2740408570004983,Low Value,2105.15,1,Churned
63739-KAR,Male,60,Yes,Karnataka,10,8,NO DEAL,Yes,No,No,No Type,No,No,No,No,No,No,No,No,Month-to-Month,No,Bank Withdrawal,19.95,19.95,0.0,0,17.61,37.56,Churned,Attitude,Attitude of support person,1,Senior,7-12 Months,Growing,4.695,17.61,37.56,0.5311501597444089,1.8827067669172932,High,1,1,0,0,1,0,0,0,0,0,0,0,2.49375,17.45625,0.0,0.468849840255591,Low Value,1197.0,1,Churned
72668-RAJ,Male,25,No,Rajasthan,2,27,Deal 5,No,No,Yes,Cable,Yes,No,Yes,Yes,Yes,Yes,Yes,Yes,Month-to-Month,No,Mailed Check,58.5,539.85,0.0,0,0.0,539.85,Churned,Competitor,Competitor offered higher download speeds,1,Young Adult,25-48 Months,Established,19.994444444444444,0.0,539.85,0.108363434287302,9.22820512820513,Low,1,7,3,3,0,0,0,1,1,0,0,0,19.994444444444444,38.50555555555556,0.0,0.0,Low Value,1462.5,1,Churned
83308-TAM,Male,40,No,Tamil Nadu,5,14,NO DEAL,No,No,Yes,DSL,No,Yes,No,No,No,No,No,Yes,Month-to-Month,No,Mailed Check,29.65,90.05,0.0,0,0.0,90.05,Joined,Others,Others,0,Middle Age,13-24 Months,Growing,6.432142857142857,0.0,90.05,0.3292615213770127,3.037099494097808,Medium,1,2,0,1,0,0,0,1,0,0,0,0,6.432142857142857,23.21785714285714,0.0,0.0,Low Value,1186.0,1,Churned
89938-JAM,Female,35,No,Jammu & Kashmir,9,27,Deal 5,Yes,No,Yes,Fiber Optic,No,No,Yes,No,No,No,No,Yes,Month-to-Month,Yes,Bank Withdrawal,75.8,160.75,0.0,0,48.62,209.37,Churned,Competitor,Competitor had better devices,1,Middle Age,25-48 Months,Established,7.754444444444444,48.62,209.37,0.362038496441706,2.762137203166227,High,1,3,0,1,1,0,0,1,0,0,1,0,5.953703703703703,69.84629629629629,0.0,0.2322204709366193,Low Value,2653.0,1,Churned
63902-KER,Female,71,Yes,Kerala,0,31,Deal 5,No,No,Yes,DSL,No,No,No,No,No,No,No,Yes,Month-to-Month,Yes,Bank Withdrawal,25.2,102.5,0.0,0,0.0,102.5,Churned,Dissatisfaction,Poor expertise of online support,1,Elder,25-48 Months,Established,3.306451612903226,0.0,102.5,0.2458536585365853,4.067460317460317,No Referral,0,1,0,0,0,0,0,1,0,0,1,0,3.306451612903226,21.89354838709677,0.0,0.0,Low Value,1789.2,1,Churned
49184-JAM,Female,68,Yes,Jammu & Kashmir,2,4,Deal 5,Yes,Yes,Yes,Fiber Optic,No,Yes,No,No,No,Yes,Yes,Yes,Month-to-Month,Yes,Credit Card,90.85,90.85,0.0,0,8.56,99.41,Churned,Competitor,Competitor made better offer,1,Elder,0-6 Months,New,24.8525,8.56,99.41,0.9138919625792172,1.0942212438084755,Low,1,6,2,1,1,1,0,1,0,0,1,0,22.7125,68.13749999999999,0.0,0.0861080374207826,Low Value,6177.799999999999,1,Churned
15154-MAD,Female,27,Yes,Madhya Pradesh,7,11,NO DEAL,Yes,No,Yes,Fiber Optic,No,No,Yes,No,Yes,Yes,Yes,Yes,Month-to-Month,Yes,Bank Withdrawal,94.75,759.55,0.0,0,177.12,936.67,Stayed,Others,Others,0,Young Adult,7-12 Months,Growing,85.15181818181817,177.12,936.67,0.1011562236433322,9.885699208443272,High,1,6,3,1,1,0,0,1,0,0,1,0,69.05,25.700000000000003,0.0,0.1890954124718417,Medium Value,2558.25,1,Churned
82559-CHH,Male,34,Yes,Chhattisgarh,0,33,Deal 5,Yes,No,Yes,DSL,No,Yes,No,Yes,No,Yes,Yes,No,Month-to-Month,Yes,Credit Card,64.2,143.65,0.0,30,8.82,182.47,Joined,Others,Others,0,Middle Age,25-48 Months,Established,5.529393939393939,38.82,182.47,0.3518386584096016,2.8422118380062305,No Referral,0,5,2,2,1,0,0,1,0,0,1,0,4.353030303030304,59.8469696969697,0.0,0.2127473009261796,Low Value,2182.8,1,Churned
69666-MAD,Male,25,No,Madhya Pradesh,8,23,NO DEAL,Yes,No,Yes,Cable,No,Yes,No,Yes,Yes,No,No,No,Month-to-Month,No,Mailed Check,66.25,620.55,0.0,10,223.29,853.84,Churned,Dissatisfaction,Network reliability,1,Young Adult,13-24 Months,Growing,37.12347826086957,233.29,853.84,0.0775906493019769,12.888150943396226,High,1,4,1,2,1,0,0,1,0,0,0,0,26.980434782608693,39.2695652173913,0.0,0.2732244917080483,Medium Value,1656.25,1,Churned
65796-DEL,Male,47,Yes,Delhi,14,26,NO DEAL,Yes,No,Yes,Cable,No,No,No,No,No,No,No,Yes,Month-to-Month,Yes,Mailed Check,46.0,193.6,0.0,0,60.28,253.88,Churned,Dissatisfaction,Lack of self-service on Website,1,Senior,25-48 Months,Established,9.764615384615384,60.28,253.88,0.1811879628170789,5.519130434782609,High,1,2,0,0,1,0,0,1,0,0,1,0,7.446153846153846,38.55384615384615,0.0,0.2374350086655112,Low Value,2162.0,1,Churned
11262-HAR,Female,73,Yes,Haryana,5,32,NO DEAL,Yes,Yes,Yes,Fiber Optic,No,No,No,No,Yes,Yes,No,Yes,Month-to-Month,Yes,Bank Withdrawal,95.1,95.1,0.0,0,4.89,99.99,Churned,Price,Price too high,1,Elder,25-48 Months,Established,3.1246875,4.89,99.99,0.9510951095109512,1.0514195583596215,Medium,1,5,2,0,1,1,0,1,0,0,1,0,2.971875,92.128125,0.0,0.0489048904890489,Low Value,6942.299999999999,1,Churned
31860-TEL,Male,76,No,Telangana,14,9,NO DEAL,No,No,Yes,Cable,Yes,No,No,No,No,Yes,No,Yes,Month-to-Month,No,Mailed Check,40.05,880.2,0.0,0,0.0,880.2,Churned,Other,Moved,1,Elder,7-12 Months,Growing,97.8,0.0,880.2,0.0455010224948875,21.97752808988764,High,1,3,1,1,0,0,0,1,1,0,0,0,97.8,-57.750000000000014,0.0,0.0,Medium Value,3043.8,1,Churned
86385-ASS,Male,80,No,Assam,1,16,NO DEAL,Yes,No,Yes,Fiber Optic,No,No,No,No,No,No,No,No,Month-to-Month,Yes,Bank Withdrawal,69.5,69.5,0.0,80,41.2,190.7,Churned,Price,Price too high,1,Elder,13-24 Months,Growing,11.91875,121.2,190.7,0.3644467750393288,2.7438848920863306,Low,1,1,0,0,1,0,0,1,0,0,1,0,4.34375,65.15625,0.0,0.6355532249606712,Low Value,5560.0,1,Churned
64415-AND,Female,63,Yes,Andhra Pradesh,6,30,NO DEAL,Yes,Yes,Yes,Fiber Optic,No,No,No,No,Yes,No,No,Yes,Month-to-Month,Yes,Bank Withdrawal,85.7,85.7,0.0,0,45.81,131.51,Churned,Competitor,Competitor had better devices,1,Elder,25-48 Months,Established,4.383666666666667,45.81,131.51,0.6516614706106,1.534539089848308,High,1,4,1,0,1,1,0,1,0,0,1,0,2.856666666666667,82.84333333333333,0.0,0.3483385293894001,Low Value,5399.1,1,Churned
21446-TAM,Female,38,Yes,Tamil Nadu,0,26,Deal 5,Yes,No,Yes,Fiber Optic,No,Yes,No,No,No,No,No,Yes,Month-to-Month,Yes,Bank Withdrawal,75.7,75.7,0.0,0,9.05,84.75,Churned,Attitude,Attitude of support person,1,Middle Age,25-48 Months,Established,3.2596153846153846,9.05,84.75,0.8932153392330384,1.119550858652576,No Referral,0,3,0,1,1,0,0,1,0,0,1,0,2.911538461538462,72.78846153846155,0.0,0.1067846607669616,Low Value,2876.6,1,Churned
76134-HAR,Female,53,Yes,Haryana,7,23,NO DEAL,No,No,Yes,DSL,No,No,Yes,No,No,No,No,No,Month-to-Month,No,Credit Card,30.1,1131.3,0.0,150,0.0,1281.3,Churned,Dissatisfaction,Network reliability,1,Senior,13-24 Months,Growing,55.70869565217391,150.0,1281.3,0.0234917661749785,42.56810631229236,High,1,1,0,1,0,0,0,1,0,0,0,0,49.18695652173913,-19.086956521739125,0.0,0.1170686022008897,Medium Value,1595.3000000000002,1,Churned
95186-MAH,Male,48,Yes,Maharashtra,4,5,NO DEAL,No,No,Yes,DSL,No,No,Yes,No,Yes,No,No,Yes,Month-to-Month,Yes,Bank Withdrawal,39.65,733.35,0.0,0,0.0,733.35,Churned,Competitor,Competitor had better devices,1,Senior,0-6 Months,New,146.67000000000002,0.0,733.35,0.0540669530237949,18.49558638083228,Medium,1,3,1,1,0,0,0,1,0,0,1,0,146.67000000000002,-107.02,0.0,0.0,Medium Value,1903.2,1,Churned
96430-PUN,Male,37,No,Punjab,0,23,NO DEAL,Yes,No,Yes,DSL,Yes,No,No,No,No,No,No,Yes,Month-to-Month,Yes,Credit Card,48.75,48.75,0.0,0,26.26,75.01,Joined,Others,Others,0,Middle Age,13-24 Months,Growing,3.261304347826087,26.26,75.01,0.6499133448873483,1.5386666666666668,No Referral,0,3,0,1,1,0,0,1,1,0,1,0,2.119565217391304,46.630434782608695,0.0,0.3500866551126516,Low Value,1803.75,1,Churned
45027-KAR,Female,42,No,Karnataka,7,5,Deal 5,Yes,No,Yes,DSL,No,Yes,No,Yes,No,No,No,Yes,Month-to-Month,Yes,Credit Card,55.05,102.75,0.0,0,85.1,187.85,Churned,Competitor,Competitor had better devices,1,Middle Age,0-6 Months,New,37.57,85.1,187.85,0.2930529677934522,3.412352406902816,High,1,4,0,2,1,0,0,1,0,0,1,0,20.55,34.5,0.0,0.453021027415491,Low Value,2312.1,1,Churned
17493-RAJ,Female,47,No,Rajasthan,0,5,NO DEAL,Yes,Yes,Yes,Fiber Optic,No,Yes,Yes,No,Yes,Yes,Yes,Yes,Month-to-Month,Yes,Bank Withdrawal,104.4,3409.6,0.0,0,373.56,3783.16,Churned,Dissatisfaction,Service dissatisfaction,1,Senior,0-6 Months,New,756.632,373.56,3783.16,0.0275959779655103,36.23716475095785,No Referral,0,8,3,2,1,1,0,1,0,0,1,0,681.92,-577.52,0.0,0.0987428498926823,High Value,4906.8,1,Churned
93967-JAM,Female,45,No,Jammu & Kashmir,8,2,NO DEAL,Yes,No,Yes,Fiber Optic,No,No,No,No,No,Yes,Yes,Yes,Month-to-Month,Yes,Bank Withdrawal,80.85,1008.7,0.0,0,163.02,1171.72,Churned,Competitor,Competitor made better offer,1,Middle Age,0-6 Months,New,585.86,163.02,1171.72,0.0690011265490048,14.492517006802723,High,1,4,2,0,1,0,0,1,0,0,1,0,504.35,-423.5,0.0,0.1391288021028914,Medium Value,3638.25,1,Churned
62759-MAH,Male,44,No,Maharashtra,8,21,Deal 5,Yes,Yes,Yes,Fiber Optic,No,No,No,No,No,Yes,Yes,Yes,Month-to-Month,Yes,Bank Withdrawal,86.55,649.65,0.0,0,198.08,847.73,Churned,Attitude,Attitude of service provider,1,Middle Age,13-24 Months,Growing,40.36809523809524,198.08,847.73,0.1020961862857277,9.7946851530907,High,1,5,2,0,1,1,0,1,0,0,1,0,30.935714285714283,55.614285714285714,0.0,0.2336593019003692,Medium Value,3808.2,1,Churned
95075-RAJ,Female,68,Yes,Rajasthan,7,12,Deal 5,No,No,Yes,DSL,No,No,Yes,No,No,No,No,Yes,Month-to-Month,Yes,Bank Withdrawal,29.4,221.9,0.0,0,0.0,221.9,Churned,Competitor,Competitor had better devices,1,Elder,7-12 Months,Growing,18.491666666666667,0.0,221.9,0.1324921135646687,7.547619047619048,High,1,2,0,1,0,0,0,1,0,0,1,0,18.491666666666667,10.908333333333331,0.0,0.0,Low Value,1999.2,1,Churned
63820-UTT,Female,36,Yes,Uttar Pradesh,12,31,NO DEAL,Yes,Yes,Yes,Fiber Optic,Yes,Yes,Yes,No,Yes,Yes,Yes,Yes,Two Year,Yes,Bank Withdrawal,112.95,6465.0,0.0,0,2785.02,9250.02,Churned,Competitor,Competitor offered higher download speeds,1,Middle Age,25-48 Months,Established,298.38774193548386,2785.02,9250.02,0.0122107844091147,81.89482071713148,High,1,9,3,3,1,1,1,1,1,0,1,0,208.5483870967742,-95.5983870967742,0.0,0.3010825922538546,Very High Value,4066.2,1,Churned
78049-UTT,Male,71,No,Uttar Pradesh,0,34,NO DEAL,Yes,Yes,Yes,Fiber Optic,No,No,No,No,No,No,No,Yes,Month-to-Month,Yes,Bank Withdrawal,74.7,74.7,0.0,0,11.34,86.04,Churned,Competitor,Competitor had better devices,1,Elder,25-48 Months,Established,2.530588235294118,11.34,86.04,0.8682008368200836,1.151807228915663,No Referral,0,3,0,0,1,1,0,1,0,0,1,0,2.197058823529412,72.50294117647059,0.0,0.1317991631799163,Low Value,5303.7,1,Churned
32054-JAM,Male,68,No,Jammu & Kashmir,1,24,NO DEAL,Yes,Yes,Yes,Fiber Optic,No,No,No,No,Yes,Yes,No,Yes,Month-to-Month,Yes,Bank Withdrawal,94.5,3105.55,0.0,0,916.74,4022.29,Churned,Dissatisfaction,Poor expertise of online support,1,Elder,13-24 Months,Growing,167.5954166666667,916.74,4022.29,0.023494079243416,42.56391534391534,Low,1,5,2,0,1,1,0,1,0,0,1,0,129.39791666666667,-34.897916666666674,0.0,0.227914943974701,High Value,6426.0,1,Churned
31458-DEL,Male,32,Yes,Delhi,2,20,Deal 5,No,No,Yes,DSL,No,No,No,No,No,No,No,Yes,Month-to-Month,Yes,Bank Withdrawal,24.45,86.6,0.0,0,0.0,86.6,Churned,Competitor,Competitor made better offer,1,Middle Age,13-24 Months,Growing,4.33,0.0,86.6,0.2823325635103926,3.541922290388548,Low,1,1,0,0,0,0,0,1,0,0,1,0,4.33,20.12,0.0,0.0,Low Value,782.4,1,Churned
14373-RAJ,Male,69,Yes,Rajasthan,4,31,NO DEAL,Yes,No,Yes,Fiber Optic,No,No,No,No,No,Yes,Yes,Yes,Month-to-Month,Yes,Credit Card,80.85,80.85,0.0,0,14.91,95.76,Churned,Competitor,Competitor had better devices,1,Elder,25-48 Months,Established,3.0890322580645164,14.91,95.76,0.844298245614035,1.1844155844155846,Medium,1,4,2,0,1,0,0,1,0,0,1,0,2.608064516129032,78.24193548387096,0.0,0.1557017543859649,Low Value,5578.65,1,Churned
24148-AND,Male,79,No,Andhra Pradesh,7,21,Deal 5,Yes,No,Yes,Fiber Optic,No,No,No,No,No,No,No,Yes,Month-to-Month,Yes,Bank Withdrawal,69.6,131.65,0.0,0,30.64,162.29,Churned,Price,Extra data charges,1,Elder,13-24 Months,Growing,7.728095238095237,30.64,162.29,0.4288619138579086,2.3317528735632185,High,1,2,0,0,1,0,0,1,0,0,1,0,6.269047619047619,63.330952380952375,0.0,0.1887978310431942,Low Value,5498.4,1,Churned
17783-TAM,Female,74,No,Tamil Nadu,0,32,Deal 5,Yes,Yes,Yes,Fiber Optic,No,No,No,No,Yes,No,No,Yes,Month-to-Month,Yes,Bank Withdrawal,85.55,187.45,0.0,0,10.98,198.43,Churned,Dissatisfaction,Network reliability,1,Elder,25-48 Months,Established,6.2009375,10.98,198.43,0.431134405079877,2.319462302746932,No Referral,0,4,1,0,1,1,0,1,0,0,1,0,5.8578125,79.6921875,0.0,0.0553343748425137,Low Value,6330.7,1,Churned
56313-JHA,Male,73,No,Jharkhand,9,9,Deal 3,Yes,Yes,Yes,Fiber Optic,Yes,No,No,No,Yes,No,No,Yes,Month-to-Month,Yes,Bank Withdrawal,90.85,3186.7,0.0,0,839.88,4026.58,Churned,Competitor,Competitor made better offer,1,Elder,7-12 Months,Growing,447.3977777777778,839.88,4026.58,0.0225625717109805,44.32118877270226,High,1,5,1,1,1,1,0,1,1,0,1,0,354.0777777777778,-263.22777777777776,0.0,0.2085839595885342,High Value,6632.049999999999,1,Churned
39873-ODI,Female,80,Yes,Odisha,3,30,NO DEAL,Yes,Yes,Yes,Fiber Optic,Yes,Yes,No,No,Yes,Yes,Yes,Yes,Month-to-Month,Yes,Credit Card,105.1,7548.1,0.0,0,3170.86,10718.96,Churned,Attitude,Attitude of support person,1,Elder,25-48 Months,Established,357.29866666666663,3170.86,10718.96,0.0098050557143603,101.9882017126546,Medium,1,8,3,2,1,1,0,1,1,0,1,0,251.60333333333332,-146.50333333333336,0.0,0.2958178778538217,Very High Value,8408.0,1,Churned
65957-PUN,Female,78,No,Punjab,15,26,NO DEAL,Yes,Yes,Yes,Fiber Optic,No,No,Yes,Yes,Yes,Yes,No,Yes,Month-to-Month,Yes,Bank Withdrawal,104.05,1133.65,0.0,0,189.75,1323.4,Churned,Competitor,Competitor offered more data,1,Elder,25-48 Months,Established,50.900000000000006,189.75,1323.4,0.0786232431615535,12.718885151369536,High,1,7,2,2,1,1,0,1,0,0,1,0,43.60192307692308,60.44807692307692,0.0,0.1433806861115309,Medium Value,8115.9,1,Churned
93755-TAM,Male,49,Yes,Tamil Nadu,3,36,NO DEAL,No,No,Yes,DSL,Yes,Yes,Yes,No,Yes,Yes,Yes,Yes,One Year,No,Bank Withdrawal,59.3,3014.65,0.0,0,0.0,3014.65,Churned,Other,Don't know,1,Senior,25-48 Months,Established,83.74027777777778,0.0,3014.65,0.0196706085283532,50.837268128161895,Medium,1,7,3,3,0,0,1,1,1,0,0,0,83.74027777777778,-24.44027777777778,0.0,0.0,High Value,2905.7,1,Churned
35773-TAM,Female,43,Yes,Tamil Nadu,6,21,NO DEAL,Yes,No,Yes,Cable,Yes,No,No,No,No,No,No,No,Month-to-Month,Yes,Bank Withdrawal,49.4,184.4,0.0,10,39.08,233.48,Churned,Other,Don't know,1,Middle Age,13-24 Months,Growing,11.118095238095238,49.08,233.48,0.2115812917594655,4.726315789473684,High,1,2,0,1,1,0,0,1,1,0,1,0,8.780952380952382,40.61904761904762,0.0,0.2102107246873394,Low Value,2124.2,1,Churned
18465-MAH,Female,59,No,Maharashtra,3,34,NO DEAL,Yes,Yes,Yes,Fiber Optic,Yes,No,No,No,Yes,Yes,Yes,Yes,Month-to-Month,Yes,Bank Withdrawal,100.25,1064.65,0.0,0,244.8,1309.45,Churned,Price,Price too high,1,Senior,25-48 Months,Established,38.51323529411765,244.8,1309.45,0.0765588605903241,13.061845386533664,Medium,1,7,3,1,1,1,0,1,1,0,1,0,31.31323529411765,68.93676470588235,0.0,0.1869487189277941,Medium Value,5914.75,1,Churned
73939-TAM,Male,59,No,Tamil Nadu,9,2,Deal 5,Yes,Yes,Yes,Fiber Optic,No,No,Yes,No,Yes,Yes,Yes,Yes,Month-to-Month,Yes,Bank Withdrawal,101.55,298.35,0.0,0,65.58,363.93,Churned,Dissatisfaction,Network reliability,1,Senior,0-6 Months,New,181.965,65.58,363.93,0.2790371774791855,3.583751846381093,High,1,7,3,1,1,1,0,1,0,0,1,0,149.175,-47.625000000000014,0.0,0.180199488912703,Low Value,5991.45,1,Churned
41548-RAJ,Female,27,No,Rajasthan,7,18,Deal 3,Yes,Yes,Yes,Fiber Optic,No,Yes,No,No,No,No,No,Yes,Month-to-Month,Yes,Bank Withdrawal,80.35,2596.15,0.0,0,47.68,2643.83,Churned,Competitor,Competitor had better devices,1,Young Adult,13-24 Months,Growing,146.87944444444443,47.68,2643.83,0.0303915153394885,32.903920348475424,High,1,4,0,1,1,1,0,1,0,0,1,0,144.23055555555555,-63.88055555555556,0.0,0.0180344424565876,High Value,2169.45,1,Churned
89613-KAR,Female,82,No,Karnataka,8,19,Deal 3,Yes,Yes,Yes,Fiber Optic,No,No,No,No,Yes,No,No,Yes,Month-to-Month,Yes,Credit Card,85.95,2628.6,0.0,0,1566.4,4195.0,Churned,Price,Extra data charges,1,Elder,13-24 Months,Growing,220.7894736842105,1566.4,4195.0,0.0204886769964243,48.80744618964514,High,1,4,1,0,1,1,0,1,0,0,1,0,138.34736842105264,-52.39736842105263,0.0,0.3733969010727056,High Value,7047.900000000001,1,Churned
57405-TAM,Female,49,Yes,Tamil Nadu,12,27,NO DEAL,Yes,No,Yes,Fiber Optic,No,Yes,No,No,Yes,No,No,Yes,Month-to-Month,Yes,Bank Withdrawal,87.15,183.75,0.0,0,12.4,196.15,Churned,Other,Don't know,1,Senior,25-48 Months,Established,7.264814814814815,12.4,196.15,0.4443028294672445,2.250717154331612,High,1,4,1,1,1,0,0,1,0,0,1,0,6.805555555555555,80.34444444444445,0.0,0.0632169258220749,Low Value,4270.35,1,Churned
91745-PUN,Female,64,No,Punjab,12,12,NO DEAL,Yes,No,Yes,Fiber Optic,No,No,Yes,No,Yes,Yes,Yes,Yes,Month-to-Month,No,Bank Withdrawal,94.95,178.1,0.0,0,52.1,230.2,Churned,Competitor,Competitor had better devices,1,Elder,7-12 Months,Growing,19.183333333333334,52.1,230.2,0.4124674196350999,2.424433912585571,High,1,6,3,1,1,0,0,1,0,0,0,0,14.841666666666669,80.10833333333333,0.0,0.2263249348392702,Low Value,6076.8,1,Churned
82118-JAM,Female,69,Yes,Jammu & Kashmir,3,6,Deal 5,No,No,Yes,Cable,No,No,No,No,No,No,No,Yes,Month-to-Month,No,Mailed Check,24.2,24.2,0.0,0,0.0,24.2,Joined,Others,Others,0,Elder,0-6 Months,New,4.033333333333333,0.0,24.2,1.0,1.0,Medium,1,1,0,0,0,0,0,1,0,0,0,0,4.033333333333333,20.166666666666664,0.0,0.0,Low Value,1669.8,1,Churned
61203-PUN,Female,19,No,Punjab,11,11,NO DEAL,Yes,Yes,Yes,Cable,No,No,No,Yes,Yes,No,No,Yes,Month-to-Month,No,Bank Withdrawal,64.6,174.2,0.0,0,122.97,297.17,Joined,Others,Others,0,Young Adult,7-12 Months,Growing,27.015454545454546,122.97,297.17,0.2173839889625466,4.6001547987616105,High,1,5,1,1,1,1,0,1,0,0,0,0,15.836363636363636,48.76363636363636,0.0,0.4138035467913988,Low Value,1227.4,1,Churned
41692-KAR,Male,42,No,Karnataka,11,23,Deal 5,Yes,No,No,No Type,No,No,No,No,No,No,No,No,Month-to-Month,Yes,Credit Card,20.2,20.2,0.0,0,45.49,65.69,Churned,Competitor,Competitor made better offer,1,Middle Age,13-24 Months,Growing,2.856086956521739,45.49,65.69,0.3075049474805906,3.251980198019802,High,1,1,0,0,1,0,0,0,0,0,1,0,0.8782608695652173,19.321739130434786,0.0,0.6924950525194093,Low Value,848.4,1,Churned
41916-WES,Female,62,No,West Bengal,9,14,NO DEAL,Yes,Yes,Yes,Fiber Optic,No,No,No,No,No,Yes,No,Yes,Month-to-Month,Yes,Credit Card,84.4,732.5,0.0,0,277.2,1009.7,Churned,Attitude,Attitude of support person,1,Elder,13-24 Months,Growing,72.12142857142858,277.2,1009.7,0.0835891849064078,11.963270142180097,High,1,4,1,0,1,1,0,1,0,0,1,0,52.32142857142857,32.07857142857144,0.0,0.2745369911855006,Medium Value,5232.8,1,Churned
97962-GUJ,Female,63,Yes,Gujarat,1,25,NO DEAL,Yes,No,Yes,Fiber Optic,No,Yes,Yes,No,No,No,No,Yes,Month-to-Month,Yes,Bank Withdrawal,79.8,973.45,0.0,0,401.44,1374.89,Churned,Dissatisfaction,Service dissatisfaction,1,Elder,25-48 Months,Established,54.9956,401.44,1374.89,0.0580410069169169,17.22919799498747,Low,1,4,0,2,1,0,0,1,0,0,1,0,38.938,40.862,0.0,0.2919797220141247,Medium Value,5027.4,1,Churned
52328-HAR,Female,39,No,Haryana,2,11,NO DEAL,Yes,Yes,Yes,Fiber Optic,No,No,No,No,Yes,Yes,Yes,Yes,Month-to-Month,Yes,Bank Withdrawal,94.65,4812.75,0.0,0,1075.08,5887.83,Churned,Competitor,Competitor had better devices,1,Middle Age,7-12 Months,Growing,535.2572727272727,1075.08,5887.83,0.0160755320720876,62.20633914421553,Low,1,6,3,0,1,1,0,1,0,0,1,0,437.52272727272725,-342.8727272727273,0.0,0.1825935871110409,Very High Value,3691.35,1,Churned
58577-ODI,Female,44,Yes,Odisha,7,36,Deal 5,Yes,No,Yes,DSL,No,No,No,No,No,No,No,Yes,Month-to-Month,Yes,Credit Card,45.85,105.6,0.0,0,10.94,116.54,Joined,Others,Others,0,Middle Age,25-48 Months,Established,3.2372222222222224,10.94,116.54,0.3934271494765745,2.5417666303162485,High,1,2,0,0,1,0,0,1,0,0,1,0,2.933333333333333,42.91666666666667,0.0,0.0938733482066243,Low Value,2017.4,1,Churned
16916-AND,Female,70,Yes,Andhra Pradesh,8,18,NO DEAL,Yes,Yes,Yes,Fiber Optic,No,No,No,No,No,Yes,Yes,Yes,Month-to-Month,Yes,Credit Card,85.25,3132.75,0.0,0,883.44,4016.19,Churned,Dissatisfaction,Product dissatisfaction,1,Elder,13-24 Months,Growing,223.12166666666667,883.44,4016.19,0.0212265853956112,47.11073313782991,High,1,5,2,0,1,1,0,1,0,0,1,0,174.04166666666666,-88.79166666666666,0.0,0.2199696727495462,High Value,5967.5,1,Churned
94328-JAM,Female,46,Yes,Jammu & Kashmir,9,36,NO DEAL,Yes,No,Yes,Fiber Optic,No,No,No,No,No,No,No,Yes,Month-to-Month,Yes,Bank Withdrawal,70.6,70.6,0.0,0,27.12,97.72,Churned,Competitor,Competitor made better offer,1,Senior,25-48 Months,Established,2.714444444444444,27.12,97.72,0.72247237003684,1.3841359773371105,High,1,2,0,0,1,0,0,1,0,0,1,0,1.961111111111111,68.63888888888889,0.0,0.27752762996316,Low Value,3247.6,1,Churned
55568-MAD,Female,49,No,Madhya Pradesh,0,15,Deal 5,No,No,Yes,Cable,No,No,No,No,Yes,No,No,Yes,Month-to-Month,Yes,Bank Withdrawal,35.75,35.75,0.0,0,0.0,35.75,Churned,Price,Price too high,1,Senior,13-24 Months,Growing,2.3833333333333333,0.0,35.75,1.0,1.0,No Referral,0,2,1,0,0,0,0,1,0,0,1,0,2.3833333333333333,33.36666666666667,0.0,0.0,Low Value,1751.75,1,Churned
34729-MAH,Female,49,No,Maharashtra,4,19,NO DEAL,Yes,Yes,Yes,Fiber Optic,No,No,No,No,Yes,Yes,Yes,Yes,Month-to-Month,Yes,Mailed Check,93.9,486.85,0.0,0,232.25,719.1,Churned,Other,Don't know,1,Senior,13-24 Months,Growing,37.84736842105264,232.25,719.1,0.1305798915310805,7.65814696485623,Medium,1,6,3,0,1,1,0,1,0,0,1,0,25.62368421052632,68.27631578947368,0.0,0.3229731608955639,Medium Value,4601.1,1,Churned
43298-HAR,Female,55,No,Haryana,1,23,Deal 3,Yes,Yes,Yes,Fiber Optic,No,Yes,Yes,No,Yes,Yes,Yes,Yes,Month-to-Month,Yes,Bank Withdrawal,106.35,3549.25,0.0,0,737.46,4286.71,Churned,Competitor,Competitor offered higher download speeds,1,Senior,13-24 Months,Growing,186.37869565217392,737.46,4286.71,0.0248092359875055,40.30756934649742,Low,1,8,3,2,1,1,0,1,0,0,1,0,154.31521739130434,-47.96521739130435,0.0,0.1720340307601867,High Value,5849.25,1,Churned
84425-GUJ,Male,74,No,Gujarat,15,21,NO DEAL,Yes,Yes,Yes,Fiber Optic,No,No,No,No,No,Yes,No,Yes,Month-to-Month,Yes,Bank Withdrawal,84.0,613.4,0.0,0,368.4,981.8,Churned,Dissatisfaction,Limited range of services,1,Elder,13-24 Months,Growing,46.75238095238095,368.4,981.8,0.085557139947036,11.688095238095238,High,1,4,1,0,1,1,0,1,0,0,1,0,29.20952380952381,54.79047619047619,0.0,0.3752291709105724,Medium Value,6216.0,1,Churned
98327-HAR,Male,74,No,Haryana,3,12,NO DEAL,Yes,Yes,Yes,Fiber Optic,Yes,No,Yes,No,Yes,Yes,Yes,Yes,Month-to-Month,Yes,Bank Withdrawal,104.2,5568.35,0.0,0,1955.2,7523.55,Churned,Competitor,Competitor offered higher download speeds,1,Elder,7-12 Months,Growing,626.9625,1955.2,7523.55,0.0138498448205966,72.20297504798465,Medium,1,8,3,2,1,1,0,1,1,0,1,0,464.0291666666667,-359.8291666666667,0.0,0.2598773185530766,Very High Value,7710.8,1,Churned
87608-HAR,Male,74,Yes,Haryana,4,9,NO DEAL,Yes,No,Yes,Fiber Optic,No,No,No,No,No,Yes,Yes,Yes,Month-to-Month,Yes,Credit Card,80.3,2483.05,0.0,0,66.56,2549.61,Churned,Dissatisfaction,Service dissatisfaction,1,Elder,7-12 Months,Growing,283.29,66.56,2549.61,0.0314950129627668,31.751058530510587,Medium,1,4,2,0,1,0,0,1,0,0,1,0,275.89444444444445,-195.59444444444443,0.0,0.0261059534595487,High Value,5942.2,1,Churned
27896-JHA,Female,43,Yes,Jharkhand,3,3,NO DEAL,Yes,No,Yes,Fiber Optic,No,No,No,No,No,Yes,Yes,Yes,Month-to-Month,No,Bank Withdrawal,79.6,79.6,0.0,0,19.32,98.92,Churned,Attitude,Attitude of support person,1,Middle Age,0-6 Months,New,32.973333333333336,19.32,98.92,0.8046906591184795,1.242713567839196,Medium,1,4,2,0,1,0,0,1,0,0,0,0,26.53333333333333,53.06666666666666,0.0,0.1953093408815204,Low Value,3422.8,1,Churned
64319-KAR,Female,30,Yes,Karnataka,8,20,NO DEAL,Yes,Yes,Yes,Fiber Optic,No,No,No,Yes,Yes,Yes,Yes,Yes,Month-to-Month,No,Bank Withdrawal,98.8,3475.55,0.0,0,1136.64,4612.19,Churned,Competitor,Competitor made better offer,1,Young Adult,13-24 Months,Growing,230.6095,1136.64,4612.19,0.0214214939107018,46.68208502024292,High,1,7,3,1,1,1,0,1,0,0,0,0,173.7775,-74.9775,0.0,0.2464425793386656,High Value,2964.0,1,Churned
71922-HAR,Female,22,No,Haryana,0,3,Deal 5,Yes,Yes,Yes,Fiber Optic,No,No,No,No,No,No,No,Yes,Month-to-Month,Yes,Credit Card,74.6,548.9,0.0,0,10.24,559.14,Stayed,Others,Others,0,Young Adult,0-6 Months,New,186.38,10.24,559.14,0.1334191794541617,7.495174262734585,No Referral,0,3,0,0,1,1,0,1,0,0,1,0,182.96666666666667,-108.36666666666667,0.0,0.0183138391100618,Low Value,1641.1999999999998,1,Churned
84976-WES,Female,64,No,West Bengal,11,29,NO DEAL,Yes,No,Yes,Fiber Optic,No,Yes,Yes,No,Yes,Yes,Yes,Yes,Month-to-Month,Yes,Credit Card,99.8,442.85,0.0,0,50.72,493.57,Churned,Competitor,Competitor had better devices,1,Elder,25-48 Months,Established,17.019655172413792,50.72,493.57,0.2022002958040399,4.94559118236473,High,1,7,3,2,1,0,0,1,0,0,1,0,15.270689655172417,84.52931034482758,0.0,0.1027615130579249,Low Value,6387.2,1,Churned
55995-UTT,Female,30,No,Uttarakhand,3,20,NO DEAL,Yes,Yes,Yes,Fiber Optic,No,No,Yes,No,Yes,Yes,Yes,Yes,Month-to-Month,Yes,Bank Withdrawal,101.45,101.45,0.0,0,10.38,111.83,Churned,Price,Extra data charges,1,Young Adult,13-24 Months,Growing,5.5915,10.38,111.83,0.9071805418939464,1.1023164120256284,Medium,1,7,3,1,1,1,0,1,0,0,1,0,5.0725,96.3775,0.0,0.0928194581060538,Low Value,3043.5,1,Churned
83205-JAM,Female,33,Yes,Jammu & Kashmir,9,13,NO DEAL,Yes,No,Yes,Fiber Optic,No,Yes,Yes,No,Yes,No,No,Yes,Month-to-Month,Yes,Bank Withdrawal,89.15,2257.75,0.0,0,616.0,2873.75,Churned,Competitor,Competitor made better offer,1,Middle Age,13-24 Months,Growing,221.05769230769232,616.0,2873.75,0.0310221835580687,32.23499719573752,High,1,5,1,2,1,0,0,1,0,0,1,0,173.67307692307693,-84.52307692307693,0.0,0.2143540669856459,High Value,2941.9500000000003,1,Churned
16784-HAR,Female,50,Yes,Haryana,6,16,Deal 4,Yes,Yes,Yes,Fiber Optic,No,Yes,No,No,No,Yes,Yes,No,Month-to-Month,Yes,Bank Withdrawal,89.15,1057.55,0.0,70,416.76,1544.31,Stayed,Others,Others,0,Senior,13-24 Months,Growing,96.519375,486.76,1544.31,0.0577280468299758,17.322602355580482,High,1,5,2,1,1,1,0,1,0,0,1,0,66.096875,23.05312500000001,0.0,0.315195783230051,Medium Value,4457.5,1,Churned
78018-BIH,Female,65,No,Bihar,10,20,Deal 1,Yes,Yes,Yes,Fiber Optic,No,Yes,Yes,Yes,Yes,Yes,No,Yes,Two Year,Yes,Bank Withdrawal,108.4,7318.2,0.0,0,3372.72,10690.92,Churned,Attitude,Attitude of service provider,1,Elder,13-24 Months,Growing,534.546,3372.72,10690.92,0.01013944543594,98.62472324723248,High,1,8,2,3,1,1,1,1,0,0,1,0,365.91,-257.51,0.0,0.3154751882906241,Very High Value,7046.0,1,Churned
43908-WES,Male,36,No,West Bengal,3,25,NO DEAL,Yes,No,Yes,Fiber Optic,No,No,No,No,No,No,No,Yes,Month-to-Month,No,Bank Withdrawal,70.35,139.25,0.0,0,89.54,228.79,Joined,Others,Others,0,Middle Age,25-48 Months,Established,9.1516,89.54,228.79,0.3074872153503212,3.252167732764748,Medium,1,2,0,0,1,0,0,1,0,0,0,0,5.57,64.78,0.0,0.3913632588836925,Low Value,2532.6,1,Churned
89442-BIH,Male,49,No,Bihar,9,24,NO DEAL,Yes,Yes,Yes,Fiber Optic,No,No,Yes,No,No,Yes,Yes,Yes,Month-to-Month,No,Bank Withdrawal,91.85,257.05,0.0,0,131.16,388.21,Churned,Attitude,Attitude of service provider,1,Senior,13-24 Months,Growing,16.175416666666667,131.16,388.21,0.236598748100255,4.226565051714752,High,1,6,2,1,1,1,0,1,0,0,0,0,10.710416666666667,81.13958333333332,0.0,0.337858375621442,Low Value,4500.65,1,Churned
59588-JAM,Male,57,Yes,Jammu & Kashmir,2,22,Deal 4,Yes,No,Yes,Fiber Optic,No,No,No,No,Yes,No,No,No,Month-to-Month,Yes,Bank Withdrawal,79.5,868.5,0.0,50,146.63,1065.13,Churned,Competitor,Competitor made better offer,1,Senior,13-24 Months,Growing,48.415000000000006,196.63,1065.13,0.0746387764873771,13.397861635220128,Low,1,2,1,0,1,0,0,1,0,0,1,0,39.47727272727273,40.02272727272727,0.0,0.184606573845446,Medium Value,4531.5,1,Churned
32594-MAH,Male,61,Yes,Maharashtra,4,1,Deal 2,Yes,Yes,Yes,Fiber Optic,Yes,Yes,No,Yes,No,Yes,Yes,No,One Year,No,Bank Withdrawal,102.0,6529.25,0.0,110,500.96,7140.21,Churned,Price,Price too high,1,Elder,0-6 Months,New,7140.21,610.96,7140.21,0.0142852941300045,70.00205882352941,Medium,1,7,2,3,1,1,1,1,1,0,0,0,6529.25,-6427.25,0.0,0.0855661108006627,Very High Value,6222.0,1,Churned
79624-JAM,Female,38,No,Jammu & Kashmir,11,13,NO DEAL,Yes,No,Yes,Fiber Optic,No,No,No,No,Yes,No,No,Yes,Month-to-Month,Yes,Bank Withdrawal,81.1,576.65,0.0,0,81.06,657.71,Churned,Competitor,Competitor made better offer,1,Middle Age,13-24 Months,Growing,50.59307692307693,81.06,657.71,0.1233066245001596,8.109864364981505,High,1,3,1,0,1,0,0,1,0,0,1,0,44.357692307692304,36.74230769230769,0.0,0.1232458074227243,Medium Value,3081.8,1,Churned
71355-PUN,Female,32,No,Punjab,3,19,Deal 4,Yes,Yes,Yes,Fiber Optic,No,No,Yes,Yes,Yes,Yes,Yes,Yes,Month-to-Month,No,Bank Withdrawal,103.3,2012.7,0.0,0,532.76,2545.46,Churned,Price,Lack of affordable download/upload speed,1,Middle Age,13-24 Months,Growing,133.9715789473684,532.76,2545.46,0.0405820558955945,24.64143272023233,Medium,1,8,3,2,1,1,0,1,0,0,0,0,105.93157894736842,-2.631578947368425,0.0,0.2092981229325937,High Value,3305.6,1,Churned
82174-TEL,Female,53,No,Telangana,15,20,Deal 2,Yes,No,Yes,DSL,Yes,No,No,Yes,Yes,Yes,Yes,Yes,Two Year,Yes,Bank Withdrawal,74.8,4820.15,0.0,0,2630.55,7450.7,Churned,Dissatisfaction,Product dissatisfaction,1,Senior,13-24 Months,Growing,372.535,2630.55,7450.7,0.0100393251640785,99.60828877005348,High,1,7,3,2,1,0,1,1,1,0,1,0,241.0075,-166.20749999999998,0.0,0.3530607862348504,Very High Value,3964.4,1,Churned
29897-AND,Female,49,No,Andhra Pradesh,5,32,NO DEAL,Yes,Yes,Yes,Cable,Yes,Yes,No,No,Yes,Yes,Yes,Yes,One Year,Yes,Bank Withdrawal,106.0,6547.7,0.0,0,2863.95,9411.65,Churned,Competitor,Competitor offered higher download speeds,1,Senior,25-48 Months,Established,294.1140625,2863.95,9411.65,0.0112626372633916,88.78915094339622,Medium,1,8,3,2,1,1,1,1,1,0,1,0,204.615625,-98.615625,0.0,0.3042983961367029,Very High Value,5194.0,1,Churned
28656-KAR,Female,81,Yes,Karnataka,14,18,NO DEAL,No,No,Yes,DSL,No,No,No,No,No,No,No,Yes,Month-to-Month,No,Bank Withdrawal,25.3,77.75,0.0,0,0.0,77.75,Churned,Attitude,Attitude of support person,1,Elder,13-24 Months,Growing,4.319444444444445,0.0,77.75,0.3254019292604502,3.073122529644269,High,1,1,0,0,0,0,0,1,0,0,0,0,4.319444444444445,20.980555555555554,0.0,0.0,Low Value,2049.3,1,Churned
37857-KAR,Male,64,No,Karnataka,3,27,NO DEAL,Yes,No,Yes,Fiber Optic,No,Yes,Yes,No,Yes,Yes,Yes,Yes,Month-to-Month,Yes,Credit Card,99.3,2431.35,0.0,0,1079.04,3510.39,Churned,Competitor,Competitor offered more data,1,Elder,25-48 Months,Established,130.01444444444445,1079.04,3510.39,0.028287455240016,35.35135951661631,Medium,1,7,3,2,1,0,0,1,0,0,1,0,90.05,9.25,0.0,0.3073846495688513,High Value,6355.2,1,Churned
27743-TAM,Female,33,Yes,Tamil Nadu,9,14,NO DEAL,Yes,No,Yes,Cable,Yes,Yes,No,Yes,No,No,No,Yes,Month-to-Month,Yes,Credit Card,60.4,272.15,0.0,0,72.12,344.27,Churned,Competitor,Competitor had better devices,1,Middle Age,13-24 Months,Growing,24.590714285714284,72.12,344.27,0.1754436924506927,5.699834437086093,High,1,5,0,3,1,0,0,1,1,0,1,0,19.439285714285717,40.96071428571429,0.0,0.2094867400586749,Low Value,1993.2,1,Churned
69524-AND,Female,75,No,Andhra Pradesh,4,26,NO DEAL,No,No,Yes,DSL,No,No,No,No,No,No,No,Yes,Month-to-Month,No,Bank Withdrawal,24.35,41.85,0.0,0,0.0,41.85,Churned,Competitor,Competitor had better devices,1,Elder,25-48 Months,Established,1.609615384615385,0.0,41.85,0.5818399044205496,1.7186858316221765,Medium,1,1,0,0,0,0,0,1,0,0,0,0,1.609615384615385,22.740384615384617,0.0,0.0,Low Value,1826.25,1,Churned
37791-HAR,Male,75,No,Haryana,10,12,NO DEAL,Yes,No,Yes,Cable,Yes,No,Yes,No,Yes,No,No,Yes,Month-to-Month,No,Bank Withdrawal,66.4,94.55,0.0,0,11.14,105.69,Churned,Price,Long distance charges,1,Elder,7-12 Months,Growing,8.8075,11.14,105.69,0.6282524363705176,1.5917168674698794,High,1,5,1,2,1,0,0,1,1,0,0,0,7.879166666666666,58.52083333333334,0.0,0.1054025924874633,Low Value,4980.0,1,Churned
27963-MAH,Female,30,No,Maharashtra,13,15,Deal 5,Yes,No,Yes,Fiber Optic,No,No,No,No,Yes,No,No,Yes,Month-to-Month,Yes,Bank Withdrawal,80.25,80.25,0.0,0,32.92,113.17,Churned,Other,Moved,1,Young Adult,13-24 Months,Growing,7.544666666666667,32.92,113.17,0.7091101882124238,1.4102180685358257,High,1,3,1,0,1,0,0,1,0,0,1,0,5.35,74.9,0.0,0.2908898117875762,Low Value,2407.5,1,Churned
22951-UTT,Female,43,Yes,Uttar Pradesh,7,12,NO DEAL,Yes,Yes,Yes,Fiber Optic,No,No,Yes,No,Yes,No,No,Yes,Month-to-Month,No,Bank Withdrawal,87.45,2874.15,0.0,0,1386.52,4260.67,Churned,Price,Extra data charges,1,Middle Age,7-12 Months,Growing,355.05583333333334,1386.52,4260.67,0.0205249409130488,48.72121212121212,High,1,5,1,1,1,1,0,1,0,0,0,0,239.5125,-152.0625,0.0,0.3254229968526076,High Value,3760.35,1,Churned
47611-WES,Male,25,No,West Bengal,4,31,NO DEAL,Yes,No,Yes,DSL,No,No,No,No,No,Yes,Yes,No,Month-to-Month,Yes,Bank Withdrawal,55.25,55.25,0.0,60,39.19,154.44,Joined,Others,Others,0,Young Adult,25-48 Months,Established,4.981935483870967,99.19,154.44,0.3577441077441077,2.795294117647059,Medium,1,3,2,0,1,0,0,1,0,0,1,0,1.782258064516129,53.46774193548387,0.0,0.6422558922558923,Low Value,1381.25,1,Churned
74894-BIH,Female,44,Yes,Bihar,13,10,NO DEAL,Yes,Yes,Yes,Fiber Optic,No,Yes,Yes,No,Yes,Yes,Yes,Yes,Month-to-Month,Yes,Bank Withdrawal,103.95,7446.9,0.0,0,2566.8,10013.7,Churned,Competitor,Competitor made better offer,1,Middle Age,7-12 Months,Growing,1001.37,2566.8,10013.7,0.0103807783336828,96.33189033189034,High,1,8,3,2,1,1,0,1,0,0,1,0,744.6899999999999,-640.7399999999999,0.0,0.2563288295035801,Very High Value,4573.8,1,Churned
57779-ASS,Male,30,Yes,Assam,7,29,NO DEAL,Yes,No,No,No Type,No,No,No,No,No,No,No,No,Month-to-Month,No,Credit Card,19.25,19.25,0.0,0,12.81,32.06,Churned,Attitude,Attitude of service provider,1,Young Adult,25-48 Months,Established,1.1055172413793104,12.81,32.06,0.6004366812227074,1.6654545454545455,High,1,1,0,0,1,0,0,0,0,0,0,0,0.6637931034482759,18.58620689655172,0.0,0.3995633187772925,Low Value,577.5,1,Churned
21636-RAJ,Male,34,No,Rajasthan,15,14,NO DEAL,Yes,Yes,Yes,Fiber Optic,No,No,No,Yes,Yes,Yes,Yes,Yes,Month-to-Month,Yes,Bank Withdrawal,100.1,5440.9,0.0,0,2258.82,7699.72,Churned,Dissatisfaction,Service dissatisfaction,1,Middle Age,13-24 Months,Growing,549.98,2258.82,7699.72,0.0130004727444634,76.92027972027972,High,1,7,3,1,1,1,0,1,0,0,1,0,388.63571428571424,-288.5357142857142,0.0,0.293363914531957,Very High Value,3403.4,1,Churned
65676-JAM,Female,47,Yes,Jammu & Kashmir,10,22,Deal 5,Yes,No,No,No Type,No,No,No,No,No,No,No,No,Month-to-Month,No,Mailed Check,19.9,19.9,0.0,0,45.77,65.67,Churned,Competitor,Competitor made better offer,1,Senior,13-24 Months,Growing,2.985,45.77,65.67,0.303030303030303,3.3000000000000003,High,1,1,0,0,1,0,0,0,0,0,0,0,0.9045454545454544,18.995454545454542,0.0,0.696969696969697,Low Value,935.3,1,Churned
12690-TAM,Female,54,No,Tamil Nadu,10,35,NO DEAL,Yes,Yes,Yes,Fiber Optic,No,No,No,No,Yes,Yes,Yes,No,Month-to-Month,Yes,Bank Withdrawal,94.2,1046.1,7.39,120,153.0,1311.71,Churned,Price,Price too high,1,Senior,25-48 Months,Established,37.477428571428575,273.0,1304.32,0.0718146541537382,13.924734607218683,High,1,5,3,0,1,1,0,1,0,0,1,0,29.888571428571424,64.31142857142858,0.0070643341936717,0.2081252715920439,Medium Value,5086.8,1,Churned
74588-HAR,Female,60,No,Haryana,6,10,Deal 4,Yes,Yes,Yes,Fiber Optic,Yes,No,Yes,No,Yes,Yes,Yes,Yes,Month-to-Month,Yes,Bank Withdrawal,103.9,2254.2,0.0,0,25.41,2279.61,Churned,Dissatisfaction,Limited range of services,1,Senior,7-12 Months,Growing,227.961,25.41,2279.61,0.0455779716705927,21.940423484119343,High,1,8,3,2,1,1,0,1,1,0,1,0,225.42,-121.51999999999998,0.0,0.01114664350481,High Value,6234.0,1,Churned
81396-JHA,Male,25,Yes,Jharkhand,7,18,NO DEAL,Yes,Yes,Yes,Fiber Optic,No,Yes,Yes,No,No,No,Yes,Yes,Month-to-Month,Yes,Bank Withdrawal,84.5,916.9,0.0,0,487.56,1404.46,Churned,Competitor,Competitor had better devices,1,Young Adult,13-24 Months,Growing,78.02555555555556,487.56,1404.46,0.0601654728507753,16.620828402366865,High,1,6,1,2,1,1,0,1,0,0,1,0,50.93888888888889,33.56111111111111,0.0,0.347151218261823,Medium Value,2112.5,1,Churned
95594-TAM,Female,64,No,Tamil Nadu,4,1,NO DEAL,Yes,No,Yes,DSL,No,No,No,No,No,No,No,Yes,Month-to-Month,No,Bank Withdrawal,44.0,44.0,0.0,0,15.66,59.66,Joined,Others,Others,0,Elder,0-6 Months,New,59.66,15.66,59.66,0.7375125712370098,1.3559090909090907,Medium,1,2,0,0,1,0,0,1,0,0,0,0,44.0,0.0,0.0,0.2624874287629903,Low Value,2816.0,1,Churned
75873-AND,Female,50,Yes,Andhra Pradesh,5,30,Deal 2,Yes,Yes,Yes,Fiber Optic,No,Yes,No,No,Yes,Yes,Yes,Yes,Month-to-Month,Yes,Bank Withdrawal,99.05,4853.75,14.24,0,1003.52,5843.03,Churned,Competitor,Competitor offered higher download speeds,1,Senior,25-48 Months,Established,194.76766666666663,1003.52,5828.79,0.0169518212297386,58.9907117617365,Medium,1,7,3,1,1,1,0,1,0,0,1,0,161.79166666666666,-62.74166666666666,0.0029338140612928,0.171746508232886,Very High Value,4952.5,1,Churned
81609-DEL,Female,39,No,Delhi,1,30,NO DEAL,Yes,Yes,Yes,Fiber Optic,No,No,Yes,No,No,No,No,Yes,Month-to-Month,Yes,Bank Withdrawal,77.75,4458.15,0.0,0,1067.55,5525.7,Churned,Competitor,Competitor made better offer,1,Middle Age,25-48 Months,Established,184.19,1067.55,5525.7,0.0140706154876305,71.07009646302251,Low,1,4,0,1,1,1,0,1,0,0,1,0,148.605,-70.85499999999999,0.0,0.1931972419783919,Very High Value,3032.25,1,Churned
49724-TEL,Male,64,No,Telangana,5,27,NO DEAL,Yes,No,Yes,Fiber Optic,No,No,No,No,No,No,No,Yes,Month-to-Month,Yes,Bank Withdrawal,69.75,69.75,0.0,0,33.84,103.59,Churned,Competitor,Competitor had better devices,1,Elder,25-48 Months,Established,3.836666666666667,33.84,103.59,0.6733275412684622,1.4851612903225806,Medium,1,2,0,0,1,0,0,1,0,0,1,0,2.583333333333333,67.16666666666667,0.0,0.3266724587315378,Low Value,4464.0,1,Churned
55043-UTT,Male,43,Yes,Uttar Pradesh,8,17,NO DEAL,Yes,No,Yes,Fiber Optic,No,No,No,No,No,No,No,No,Month-to-Month,Yes,Bank Withdrawal,69.9,69.9,0.0,10,9.36,89.26,Joined,Others,Others,0,Middle Age,13-24 Months,Growing,5.250588235294118,19.36,89.26,0.7831055343939055,1.276967095851216,High,1,1,0,0,1,0,0,1,0,0,1,0,4.111764705882353,65.78823529411765,0.0,0.2168944656060945,Low Value,3005.7000000000003,1,Churned
39251-KAR,Male,68,No,Karnataka,6,31,NO DEAL,Yes,No,Yes,Fiber Optic,No,No,No,No,No,No,No,No,Month-to-Month,Yes,Bank Withdrawal,69.85,69.85,0.0,40,43.45,153.3,Churned,Dissatisfaction,Limited range of services,1,Elder,25-48 Months,Established,4.945161290322581,83.45,153.3,0.4556425309849967,2.194702934860416,High,1,1,0,0,1,0,0,1,0,0,1,0,2.2532258064516126,67.59677419354838,0.0,0.5443574690150033,Low Value,4749.799999999999,1,Churned
13561-JHA,Male,52,No,Jharkhand,6,7,NO DEAL,Yes,No,Yes,DSL,No,No,No,No,No,No,No,Yes,Month-to-Month,No,Bank Withdrawal,45.3,45.3,0.0,0,34.37,79.67,Churned,Dissatisfaction,Poor expertise of online support,1,Senior,7-12 Months,Growing,11.381428571428572,34.37,79.67,0.5685954562570603,1.758719646799117,High,1,2,0,0,1,0,0,1,0,0,0,0,6.471428571428571,38.82857142857143,0.0,0.4314045437429396,Low Value,2355.6,1,Churned
96754-TEL,Female,77,Yes,Telangana,10,18,Deal 5,Yes,Yes,Yes,Fiber Optic,No,No,Yes,No,No,No,No,Yes,Month-to-Month,No,Bank Withdrawal,79.2,172.85,0.0,0,35.46,208.31,Churned,Price,Price too high,1,Elder,13-24 Months,Growing,11.572777777777778,35.46,208.31,0.3802025826892612,2.630176767676768,High,1,4,0,1,1,1,0,1,0,0,0,0,9.602777777777778,69.59722222222223,0.0,0.1702270654313283,Low Value,6098.400000000001,1,Churned
43604-TAM,Female,18,No,Tamil Nadu,14,7,Deal 5,Yes,No,No,No Type,No,No,No,No,No,No,No,No,One Year,No,Mailed Check,19.65,19.65,0.0,0,23.41,43.06,Joined,Others,Others,0,Teen,7-12 Months,Growing,6.151428571428572,23.41,43.06,0.4563399907106362,2.1913486005089062,High,1,1,0,0,1,0,1,0,0,0,0,0,2.807142857142857,16.84285714285714,0.0,0.5436600092893636,Low Value,353.7,1,Churned
52695-UTT,Female,52,No,Uttar Pradesh,14,34,NO DEAL,Yes,No,No,No Type,No,No,No,No,No,No,No,No,Month-to-Month,No,Credit Card,20.35,35.1,0.0,0,4.92,40.02,Joined,Others,Others,0,Senior,25-48 Months,Established,1.177058823529412,4.92,40.02,0.508495752123938,1.9665847665847669,High,1,1,0,0,1,0,0,0,0,0,0,0,1.0323529411764707,19.31764705882353,0.0,0.1229385307346326,Low Value,1058.2,1,Churned
81048-UTT,Female,78,No,Uttarakhand,11,2,Deal 5,Yes,No,Yes,Fiber Optic,No,No,Yes,No,No,No,No,No,Month-to-Month,Yes,Bank Withdrawal,75.3,75.3,0.0,20,35.09,130.39,Churned,Dissatisfaction,Network reliability,1,Elder,0-6 Months,New,65.195,55.09,130.39,0.5774982744075466,1.7316069057104913,High,1,2,0,1,1,0,0,1,0,0,1,0,37.65,37.65,0.0,0.4225017255924534,Low Value,5873.4,1,Churned
39606-TAM,Female,73,Yes,Tamil Nadu,8,29,NO DEAL,Yes,Yes,Yes,Fiber Optic,No,No,No,No,Yes,Yes,No,Yes,Month-to-Month,Yes,Bank Withdrawal,96.15,1529.2,0.0,0,620.0,2149.2,Churned,Other,Don't know,1,Elder,25-48 Months,Established,74.1103448275862,620.0,2149.2,0.0447375767727526,22.35257410296412,High,1,5,2,0,1,1,0,1,0,0,1,0,52.73103448275862,43.41896551724138,0.0,0.2884794342080774,High Value,7018.950000000001,1,Churned
58153-KER,Female,75,No,Kerala,10,2,Deal 5,Yes,Yes,Yes,Fiber Optic,No,No,No,No,Yes,Yes,No,Yes,Month-to-Month,Yes,Bank Withdrawal,94.6,279.55,0.0,0,96.93,376.48,Churned,Competitor,Competitor had better devices,1,Elder,0-6 Months,New,188.24,96.93,376.48,0.2512749681257968,3.97970401691332,High,1,5,2,0,1,1,0,1,0,0,1,0,139.775,-45.17500000000001,0.0,0.2574638759031024,Low Value,7095.0,1,Churned
65672-RAJ,Female,64,Yes,Rajasthan,1,6,Deal 5,Yes,Yes,Yes,Fiber Optic,No,No,No,No,Yes,No,No,No,Month-to-Month,Yes,Bank Withdrawal,85.35,754.65,0.0,50,127.89,932.54,Churned,Dissatisfaction,Service dissatisfaction,1,Elder,0-6 Months,New,155.42333333333332,177.89,932.54,0.0915242241619662,10.92606912712361,Low,1,3,1,0,1,1,0,1,0,0,1,0,125.775,-40.425,0.0,0.1907585733587835,Medium Value,5462.4,1,Churned
38602-JAM,Female,64,No,Jammu & Kashmir,5,4,Deal 3,Yes,Yes,Yes,Fiber Optic,No,No,No,Yes,Yes,Yes,No,Yes,Month-to-Month,Yes,Credit Card,101.3,2812.2,0.0,0,460.04,3272.24,Churned,Competitor,Competitor made better offer,1,Elder,0-6 Months,New,818.06,460.04,3272.24,0.0309573869887294,32.30246791707798,Medium,1,6,2,1,1,1,0,1,0,0,1,0,703.05,-601.75,0.0,0.1405887098745813,High Value,6483.2,1,Churned
29799-WES,Female,29,No,West Bengal,15,23,NO DEAL,Yes,Yes,Yes,Fiber Optic,No,No,No,No,No,No,No,Yes,Month-to-Month,Yes,Credit Card,75.15,216.75,0.0,0,45.06,261.81,Churned,Attitude,Attitude of support person,1,Young Adult,13-24 Months,Growing,11.38304347826087,45.06,261.81,0.2870402200068752,3.483832335329341,High,1,3,0,0,1,1,0,1,0,0,1,0,9.423913043478262,65.72608695652174,0.0,0.1721095450899507,Low Value,2179.3500000000004,1,Churned
39216-JHA,Female,21,No,Jharkhand,3,3,NO DEAL,Yes,No,Yes,Fiber Optic,No,Yes,No,No,No,Yes,Yes,Yes,Month-to-Month,Yes,Mailed Check,84.3,1855.65,0.0,0,639.54,2495.19,Churned,Competitor,Competitor had better devices,1,Young Adult,0-6 Months,New,831.73,639.54,2495.19,0.0337850023445108,29.59893238434164,Medium,1,5,2,1,1,0,0,1,0,0,1,0,618.5500000000001,-534.2500000000001,0.0,0.2563091387830185,High Value,1770.3,1,Churned
52182-PUN,Female,51,No,Punjab,1,35,Deal 4,Yes,No,No,No Type,No,No,No,No,No,No,No,No,Month-to-Month,No,Bank Withdrawal,19.75,297.3,0.0,0,597.6,894.9,Churned,Other,Moved,1,Senior,25-48 Months,Established,25.568571428571428,597.6,894.9,0.0220695049726226,45.31139240506329,Low,1,1,0,0,1,0,0,0,0,0,0,0,8.494285714285715,11.255714285714284,0.0,0.6677841099564198,Medium Value,1007.25,1,Churned
62386-UTT,Male,44,Yes,Uttar Pradesh,4,26,Deal 5,Yes,No,Yes,Fiber Optic,No,No,No,No,No,No,No,No,Month-to-Month,No,Bank Withdrawal,70.0,70.0,0.0,10,19.15,99.15,Churned,Other,Don't know,1,Middle Age,25-48 Months,Established,3.8134615384615382,29.15,99.15,0.7060010085728694,1.4164285714285716,Medium,1,1,0,0,1,0,0,1,0,0,0,0,2.6923076923076925,67.3076923076923,0.0,0.2939989914271306,Low Value,3080.0,1,Churned
82837-UTT,Female,47,No,Uttar Pradesh,11,7,NO DEAL,Yes,Yes,Yes,Fiber Optic,Yes,No,No,No,Yes,Yes,Yes,Yes,Month-to-Month,Yes,Bank Withdrawal,100.75,2095.0,0.0,0,790.46,2885.46,Churned,Other,Don't know,1,Senior,7-12 Months,Growing,412.2085714285714,790.46,2885.46,0.0349164431321175,28.639801488833747,High,1,7,3,1,1,1,0,1,1,0,1,0,299.2857142857143,-198.53571428571428,0.0,0.2739459219673812,High Value,4735.25,1,Churned
81952-MAH,Female,41,No,Maharashtra,0,36,NO DEAL,No,No,Yes,DSL,No,No,No,No,No,No,No,Yes,Month-to-Month,Yes,Bank Withdrawal,24.45,482.8,0.0,0,0.0,482.8,Churned,Other,Don't know,1,Middle Age,25-48 Months,Established,13.411111111111111,0.0,482.8,0.0506420878210439,19.746421267893663,No Referral,0,1,0,0,0,0,0,1,0,0,1,0,13.411111111111111,11.038888888888888,0.0,0.0,Low Value,1002.45,1,Churned
87408-ODI,Female,53,Yes,Odisha,1,31,Deal 5,Yes,No,Yes,Fiber Optic,No,No,Yes,No,Yes,No,No,Yes,Month-to-Month,Yes,Bank Withdrawal,85.45,85.45,0.0,0,22.97,108.42,Churned,Price,Lack of affordable download/upload speed,1,Senior,25-48 Months,Established,3.49741935483871,22.97,108.42,0.7881387197933961,1.268812170860152,Low,1,4,1,1,1,0,0,1,0,0,1,0,2.7564516129032257,82.69354838709678,0.0,0.2118612802066039,Low Value,4528.85,1,Churned
89303-AND,Male,51,No,Andhra Pradesh,6,11,Deal 5,Yes,No,Yes,Fiber Optic,No,No,No,No,No,No,No,Yes,Month-to-Month,No,Credit Card,69.95,143.9,0.0,0,58.2,202.1,Joined,Others,Others,0,Senior,7-12 Months,Growing,18.37272727272727,58.2,202.1,0.3461157842652153,2.889206576125804,High,1,2,0,0,1,0,0,1,0,0,0,0,13.081818181818182,56.868181818181824,0.0,0.2879762493814943,Low Value,3567.4500000000003,1,Churned
45522-ODI,Male,75,No,Odisha,14,33,NO DEAL,Yes,Yes,Yes,Fiber Optic,No,Yes,Yes,No,No,Yes,No,No,Month-to-Month,Yes,Bank Withdrawal,94.1,1782.4,0.0,80,974.6,2837.0,Churned,Competitor,Competitor had better devices,1,Elder,25-48 Months,Established,85.96969696969697,1054.6,2837.0,0.0331688403242862,30.148777895855478,High,1,5,1,2,1,1,0,1,0,0,1,0,54.012121212121215,40.08787878787878,0.0,0.3717307014451885,High Value,7057.5,1,Churned
21258-KAR,Female,39,Yes,Karnataka,7,31,Deal 4,Yes,Yes,Yes,Fiber Optic,Yes,No,Yes,No,No,No,No,Yes,Month-to-Month,Yes,Credit Card,84.35,1302.65,0.0,0,93.3,1395.95,Stayed,Others,Others,0,Middle Age,25-48 Months,Established,45.03064516129032,93.3,1395.95,0.0604248003151975,16.549496147006522,High,1,5,0,2,1,1,0,1,1,0,1,0,42.020967741935486,42.32903225806451,0.0,0.0668362047351266,Medium Value,3289.65,1,Churned
94988-ODI,Female,34,Yes,Odisha,10,7,NO DEAL,Yes,No,No,No Type,No,No,No,No,No,No,No,No,Month-to-Month,Yes,Bank Withdrawal,19.4,374.5,0.0,0,455.6,830.1,Churned,Attitude,Attitude of support person,1,Middle Age,7-12 Months,Growing,118.58571428571427,455.6,830.1,0.0233706782315383,42.78865979381444,High,1,1,0,0,1,0,0,0,0,0,1,0,53.5,-34.1,0.0,0.5488495362004578,Medium Value,659.5999999999999,1,Churned
19747-WES,Female,47,No,West Bengal,15,19,Deal 5,Yes,No,Yes,DSL,Yes,No,No,Yes,No,Yes,Yes,No,Month-to-Month,Yes,Bank Withdrawal,64.5,177.4,0.0,60,118.65,356.05,Joined,Others,Others,0,Senior,13-24 Months,Growing,18.739473684210527,178.65,356.05,0.1811543322567055,5.5201550387596905,High,1,5,2,2,1,0,0,1,1,0,1,0,9.33684210526316,55.16315789473684,0.0,0.501755371436596,Low Value,3031.5,1,Churned
33257-TAM,Female,73,Yes,Tamil Nadu,10,35,NO DEAL,Yes,Yes,Yes,Fiber Optic,No,Yes,No,No,No,Yes,Yes,Yes,Month-to-Month,No,Bank Withdrawal,89.5,161.5,0.0,0,94.94,256.44,Churned,Attitude,Attitude of support person,1,Elder,25-48 Months,Established,7.3268571428571425,94.94,256.44,0.349009514896272,2.865251396648045,High,1,6,2,1,1,1,0,1,0,0,0,0,4.614285714285714,84.88571428571429,0.0,0.3702230541257214,Low Value,6533.5,1,Churned
87661-JAM,Female,79,No,Jammu & Kashmir,10,11,Deal 5,Yes,No,Yes,Fiber Optic,No,Yes,Yes,Yes,No,Yes,No,Yes,Month-to-Month,Yes,Credit Card,95.1,180.25,0.0,0,25.92,206.17,Churned,Dissatisfaction,Poor expertise of online support,1,Elder,7-12 Months,Growing,18.742727272727272,25.92,206.17,0.4612698258718533,2.1679284963196634,High,1,6,1,3,1,0,0,1,0,0,1,0,16.386363636363637,78.71363636363635,0.0,0.1257214919726439,Low Value,7512.9,1,Churned
47562-UTT,Male,64,No,Uttar Pradesh,15,33,Deal 3,No,No,Yes,DSL,No,No,No,No,No,Yes,No,No,Month-to-Month,No,Bank Withdrawal,36.5,1032.0,0.0,30,0.0,1062.0,Churned,Dissatisfaction,Product dissatisfaction,1,Elder,25-48 Months,Established,32.18181818181818,30.0,1062.0,0.0343691148775894,29.095890410958905,High,1,1,1,0,0,0,0,1,0,0,0,0,31.272727272727277,5.227272727272727,0.0,0.0282485875706214,Medium Value,2336.0,1,Churned
15121-UTT,Male,52,No,Uttar Pradesh,3,3,Deal 5,No,No,Yes,Cable,No,No,No,No,No,No,No,Yes,Month-to-Month,Yes,Mailed Check,24.25,96.05,0.0,0,0.0,96.05,Churned,Competitor,Competitor made better offer,1,Senior,0-6 Months,New,32.016666666666666,0.0,96.05,0.2524726704841228,3.960824742268041,Medium,1,1,0,0,0,0,0,1,0,0,1,0,32.016666666666666,-7.766666666666666,0.0,0.0,Low Value,1261.0,1,Churned
45501-AND,Male,64,Yes,Andhra Pradesh,12,7,Deal 2,Yes,Yes,Yes,Fiber Optic,No,No,No,No,Yes,Yes,No,Yes,Month-to-Month,Yes,Bank Withdrawal,96.2,4718.25,0.0,0,1585.64,6303.89,Churned,Attitude,Attitude of support person,1,Elder,7-12 Months,Growing,900.5557142857143,1585.64,6303.89,0.0152604185669483,65.52900207900208,High,1,5,2,0,1,1,0,1,0,0,1,0,674.0357142857143,-577.8357142857143,0.0,0.2515335768866525,Very High Value,6156.8,1,Churned
76432-GUJ,Female,60,No,Gujarat,12,3,Deal 5,No,No,Yes,DSL,No,No,Yes,No,No,Yes,Yes,Yes,Month-to-Month,No,Bank Withdrawal,39.5,210.75,39.27,0,0.0,171.48,Churned,Competitor,Competitor offered higher download speeds,1,Senior,0-6 Months,New,57.16,0.0,132.20999999999998,0.2303475623979473,4.34126582278481,High,1,4,2,1,0,0,0,1,0,0,0,0,70.25,-30.75,0.1863345195729537,0.0,Low Value,2370.0,1,Churned
24550-PUD,Female,31,Yes,Puducherry,4,16,Deal 5,No,No,Yes,DSL,No,Yes,Yes,Yes,No,No,No,Yes,Month-to-Month,Yes,Credit Card,40.4,77.15,0.0,0,0.0,77.15,Churned,Other,Don't know,1,Middle Age,13-24 Months,Growing,4.821875,0.0,77.15,0.5236552171095269,1.909653465346535,Medium,1,4,0,3,0,0,0,1,0,0,1,0,4.821875,35.578125,0.0,0.0,Low Value,1252.4,1,Churned
72309-BIH,Male,59,No,Bihar,12,12,NO DEAL,Yes,No,Yes,Fiber Optic,No,Yes,No,No,No,Yes,Yes,Yes,Month-to-Month,Yes,Bank Withdrawal,83.6,404.2,24.44,0,35.0,414.76,Churned,Competitor,Competitor offered higher download speeds,1,Senior,7-12 Months,Growing,34.56333333333333,35.0,390.32,0.2015623493104446,4.961244019138756,High,1,5,2,1,1,0,0,1,0,0,1,0,33.68333333333333,49.91666666666666,0.0604651162790697,0.0843861510271,Low Value,4932.4,1,Churned
74495-WES,Female,36,No,West Bengal,13,5,NO DEAL,Yes,No,No,No Type,No,No,No,No,No,No,No,No,Month-to-Month,No,Credit Card,20.35,77.5,0.0,0,150.64,228.14,Churned,Attitude,Attitude of support person,1,Middle Age,0-6 Months,New,45.628,150.64,228.14,0.0891996142719383,11.210810810810807,High,1,1,0,0,1,0,0,0,0,0,0,0,15.5,4.850000000000001,0.0,0.6602963092837731,Low Value,732.6,1,Churned
45932-JAM,Male,58,No,Jammu & Kashmir,8,30,NO DEAL,Yes,No,No,No Type,No,No,No,No,No,No,No,No,Month-to-Month,Yes,Bank Withdrawal,20.0,288.05,0.0,0,467.1,755.15,Churned,Competitor,Competitor made better offer,1,Senior,25-48 Months,Established,25.171666666666667,467.1,755.15,0.0264848043435079,37.7575,High,1,1,0,0,1,0,0,0,0,0,1,0,9.601666666666668,10.398333333333332,0.0,0.6185526054426274,Medium Value,1160.0,1,Churned
81360-ODI,Male,34,Yes,Odisha,0,6,NO DEAL,Yes,No,Yes,Cable,No,No,No,No,No,No,No,Yes,Month-to-Month,Yes,Credit Card,45.4,45.4,0.0,0,38.31,83.71,Churned,Dissatisfaction,Network reliability,1,Middle Age,0-6 Months,New,13.951666666666666,38.31,83.71,0.5423485843985187,1.8438325991189424,No Referral,0,2,0,0,1,0,0,1,0,0,1,0,7.566666666666666,37.83333333333333,0.0,0.4576514156014813,Low Value,1543.6,1,Churned
33296-AND,Male,32,No,Andhra Pradesh,3,36,NO DEAL,Yes,No,Yes,DSL,No,No,No,No,No,No,No,No,Month-to-Month,Yes,Credit Card,-5.0,45.05,0.0,70,13.84,128.89,Churned,Dissatisfaction,Network reliability,1,Middle Age,25-48 Months,Established,3.580277777777777,83.84,128.89,-0.0387927690278532,-25.778,Medium,1,1,0,0,1,0,0,1,0,0,1,0,1.2513888888888889,-6.251388888888889,0.0,0.6504771510590427,Low Value,-160.0,1,Churned
69717-BIH,Female,36,No,Bihar,3,15,NO DEAL,Yes,Yes,Yes,Fiber Optic,No,No,No,No,Yes,Yes,Yes,Yes,Month-to-Month,No,Bank Withdrawal,94.4,857.25,0.0,0,244.89,1102.14,Churned,Price,Price too high,1,Middle Age,13-24 Months,Growing,73.47600000000001,244.89,1102.14,0.0856515506197034,11.67521186440678,Medium,1,6,3,0,1,1,0,1,0,0,0,0,57.15,37.25000000000001,0.0,0.2221950024497795,Medium Value,3398.4,1,Churned
25048-TEL,Male,47,No,Telangana,15,9,Deal 5,Yes,Yes,No,No Type,No,No,No,No,No,No,No,No,Month-to-Month,No,Credit Card,24.0,24.0,0.0,0,32.95,56.95,Joined,Others,Others,0,Senior,7-12 Months,Growing,6.327777777777778,32.95,56.95,0.4214223002633889,2.372916666666667,High,1,2,0,0,1,1,0,0,0,0,0,0,2.6666666666666665,21.33333333333333,0.0,0.5785776997366111,Low Value,1128.0,1,Churned
64394-TAM,Male,76,Yes,Tamil Nadu,0,34,Deal 5,Yes,Yes,Yes,DSL,Yes,No,No,No,No,No,No,Yes,Month-to-Month,No,Bank Withdrawal,54.55,494.05,0.0,0,22.05,516.1,Churned,Dissatisfaction,Network reliability,1,Elder,25-48 Months,Established,15.179411764705884,22.05,516.1,0.1056965704320868,9.461044912923924,No Referral,0,4,0,1,1,1,0,1,1,0,0,0,14.530882352941177,40.01911764705882,0.0,0.042724278240651,Low Value,4145.8,1,Churned
82744-AND,Female,39,Yes,Andhra Pradesh,9,10,NO DEAL,Yes,Yes,Yes,Fiber Optic,Yes,Yes,No,No,No,Yes,Yes,Yes,Month-to-Month,Yes,Bank Withdrawal,93.4,5435.6,0.0,0,211.7,5647.3,Churned,Other,Don't know,1,Middle Age,7-12 Months,Growing,564.73,211.7,5647.3,0.016538876985462,60.46359743040685,High,1,7,2,2,1,1,0,1,1,0,1,0,543.5600000000001,-450.1600000000001,0.0,0.0374869406619092,Very High Value,3642.6,1,Churned
63952-KER,Female,45,Yes,Kerala,5,16,Deal 5,Yes,No,Yes,Fiber Optic,No,No,Yes,Yes,No,No,No,Yes,Month-to-Month,Yes,Bank Withdrawal,79.85,152.45,0.0,0,32.28,184.73,Churned,Dissatisfaction,Service dissatisfaction,1,Middle Age,13-24 Months,Growing,11.545625,32.28,184.73,0.432252476587452,2.3134627426424546,Medium,1,4,0,2,1,0,0,1,0,0,1,0,9.528125,70.32187499999999,0.0,0.1747415146429924,Low Value,3593.2499999999995,1,Churned
69374-KAR,Female,18,No,Karnataka,7,10,Deal 5,Yes,No,Yes,Fiber Optic,No,No,No,No,No,Yes,Yes,No,Month-to-Month,No,Bank Withdrawal,80.85,302.75,0.0,40,177.12,519.87,Churned,Competitor,Competitor had better devices,1,Teen,7-12 Months,Growing,51.987,217.12,519.87,0.155519649143055,6.430055658627087,High,1,3,2,0,1,0,0,1,0,0,0,0,30.275,50.575,0.0,0.4176428722565257,Low Value,1455.3,1,Churned
23806-JAM,Female,67,No,Jammu & Kashmir,2,34,NO DEAL,Yes,No,Yes,Fiber Optic,No,Yes,Yes,Yes,Yes,No,No,No,Month-to-Month,Yes,Credit Card,92.5,934.1,0.0,100,111.2,1145.3,Churned,Competitor,Competitor made better offer,1,Elder,25-48 Months,Established,33.68529411764706,211.2,1145.3,0.0807648651008469,12.38162162162162,Low,1,5,1,3,1,0,0,1,0,0,1,0,27.473529411764705,65.0264705882353,0.0,0.1844058325329608,Medium Value,6197.5,1,Churned
69107-KAR,Female,60,Yes,Karnataka,13,16,Deal 1,Yes,Yes,Yes,Fiber Optic,No,No,Yes,Yes,Yes,Yes,Yes,Yes,Two Year,Yes,Bank Withdrawal,106.5,7348.8,0.0,0,1854.72,9203.52,Churned,Competitor,Competitor offered higher download speeds,1,Senior,13-24 Months,Growing,575.22,1854.72,9203.52,0.011571659538959,86.4180281690141,High,1,8,3,2,1,1,1,1,0,0,1,0,459.3,-352.8,0.0,0.2015228955877751,Very High Value,6390.0,1,Churned
68606-GUJ,Female,19,No,Gujarat,9,9,Deal 5,No,No,Yes,DSL,No,No,No,No,Yes,No,No,Yes,Month-to-Month,No,Credit Card,35.2,108.95,0.0,0,0.0,108.95,Churned,Competitor,Competitor had better devices,1,Young Adult,7-12 Months,Growing,12.105555555555556,0.0,108.95,0.3230839834786599,3.0951704545454546,High,1,2,1,0,0,0,0,1,0,0,0,0,12.105555555555556,23.09444444444445,0.0,0.0,Low Value,668.8000000000001,1,Churned
29218-WES,Male,58,No,West Bengal,11,24,Deal 5,Yes,No,Yes,Fiber Optic,Yes,Yes,No,No,No,No,No,Yes,Month-to-Month,Yes,Bank Withdrawal,78.95,494.95,0.0,0,177.12,672.07,Stayed,Others,Others,0,Senior,13-24 Months,Growing,28.002916666666668,177.12,672.07,0.1174728822890472,8.512602913236226,High,1,4,0,2,1,0,0,1,1,0,1,0,20.622916666666665,58.32708333333333,0.0,0.2635439760739209,Medium Value,4579.1,1,Churned
79700-KER,Female,53,No,Kerala,5,30,NO DEAL,Yes,Yes,Yes,Fiber Optic,No,Yes,Yes,No,Yes,Yes,Yes,Yes,Month-to-Month,No,Mailed Check,107.95,313.6,0.0,0,142.5,456.1,Joined,Others,Others,0,Senior,25-48 Months,Established,15.203333333333337,142.5,456.1,0.2366805525104143,4.225104214914312,Medium,1,8,3,2,1,1,0,1,0,0,0,0,10.453333333333337,97.49666666666668,0.0,0.3124314843236132,Low Value,5721.35,1,Churned
59610-RAJ,Female,42,No,Rajasthan,2,6,NO DEAL,Yes,No,Yes,DSL,Yes,Yes,Yes,No,No,Yes,Yes,Yes,Month-to-Month,Yes,Bank Withdrawal,68.85,1970.5,0.0,0,29.58,2000.08,Churned,Competitor,Competitor made better offer,1,Middle Age,0-6 Months,New,333.34666666666664,29.58,2000.08,0.0344236230550778,29.04981844589688,Low,1,7,2,3,1,0,0,1,1,0,1,0,328.4166666666667,-259.5666666666667,0.0,0.014789408423663,Medium Value,2891.7,1,Churned
99559-UTT,Male,57,Yes,Uttar Pradesh,8,15,NO DEAL,Yes,No,No,No Type,No,No,No,No,No,No,No,No,Month-to-Month,No,Mailed Check,-8.0,19.4,0.0,0,3.14,22.54,Churned,Dissatisfaction,Service dissatisfaction,1,Senior,13-24 Months,Growing,1.5026666666666666,3.14,22.54,-0.354924578527063,-2.8175,High,1,1,0,0,1,0,0,0,0,0,0,0,1.2933333333333332,-9.293333333333331,0.0,0.1393078970718722,Low Value,-456.0,1,Churned
77336-UTT,Female,37,Yes,Uttar Pradesh,4,10,Deal 5,Yes,No,Yes,Fiber Optic,No,No,No,No,Yes,Yes,Yes,Yes,Month-to-Month,No,Bank Withdrawal,90.6,90.6,0.0,0,31.68,122.28,Churned,Competitor,Competitor offered higher download speeds,1,Middle Age,7-12 Months,Growing,12.228,31.68,122.28,0.7409224730127576,1.3496688741721856,Medium,1,5,3,0,1,0,0,1,0,0,0,0,9.06,81.53999999999999,0.0,0.2590775269872424,Low Value,3352.2,1,Churned
96778-JAM,Female,71,No,Jammu & Kashmir,14,26,Deal 5,Yes,No,Yes,Fiber Optic,No,No,No,No,No,No,No,Yes,Month-to-Month,Yes,Bank Withdrawal,70.35,139.05,0.0,0,26.34,165.39,Churned,Other,Don't know,1,Elder,25-48 Months,Established,6.3611538461538455,26.34,165.39,0.4253582441501904,2.350959488272921,High,1,2,0,0,1,0,0,1,0,0,1,0,5.348076923076923,65.00192307692308,0.0,0.1592599310720116,Low Value,4994.849999999999,1,Churned
72603-TAM,Female,75,No,Tamil Nadu,2,30,NO DEAL,Yes,Yes,Yes,Fiber Optic,No,Yes,Yes,No,No,No,No,Yes,Month-to-Month,Yes,Credit Card,83.85,2716.3,0.0,0,1271.49,3987.79,Churned,Competitor,Competitor made better offer,1,Elder,25-48 Months,Established,132.92633333333333,1271.49,3987.79,0.0210266839527658,47.55861657722123,Low,1,5,0,2,1,1,0,1,0,0,1,0,90.54333333333334,-6.693333333333342,0.0,0.3188457767334789,High Value,6288.75,1,Churned
42599-WES,Male,33,Yes,West Bengal,10,23,NO DEAL,Yes,Yes,Yes,Fiber Optic,No,No,No,Yes,Yes,Yes,Yes,Yes,One Year,Yes,Bank Withdrawal,100.95,1875.55,0.0,0,112.67,1988.22,Churned,Dissatisfaction,Poor expertise of online support,1,Middle Age,13-24 Months,Growing,86.44434782608695,112.67,1988.22,0.0507740592087394,19.69509658246657,High,1,7,3,1,1,1,1,1,0,0,1,0,81.54565217391304,19.40434782608696,0.0,0.0566687791089517,Medium Value,3331.35,1,Churned
38999-WES,Female,59,Yes,West Bengal,0,15,Deal 5,Yes,No,Yes,Fiber Optic,No,No,No,No,No,No,No,Yes,Month-to-Month,Yes,Credit Card,69.8,134.7,0.0,0,75.44,210.14,Churned,Other,Don't know,1,Senior,13-24 Months,Growing,14.009333333333332,75.44,210.14,0.3321595127058152,3.0106017191977075,No Referral,0,2,0,0,1,0,0,1,0,0,1,0,8.979999999999999,60.82,0.0,0.3589987627296088,Low Value,4118.2,1,Churned
18357-JAM,Male,51,No,Jammu & Kashmir,3,23,NO DEAL,Yes,Yes,Yes,Fiber Optic,No,No,No,No,No,No,No,Yes,Month-to-Month,Yes,Bank Withdrawal,75.45,75.45,0.0,0,11.58,87.03,Churned,Competitor,Competitor made better offer,1,Senior,13-24 Months,Growing,3.783913043478261,11.58,87.03,0.8669424336435712,1.1534791252485088,Medium,1,3,0,0,1,1,0,1,0,0,1,0,3.280434782608696,72.16956521739131,0.0,0.1330575663564288,Low Value,3847.95,1,Churned
79910-TAM,Female,42,No,Tamil Nadu,6,33,NO DEAL,Yes,Yes,Yes,Fiber Optic,No,No,No,No,No,No,No,No,Month-to-Month,Yes,Bank Withdrawal,76.95,228.4,0.0,10,115.14,353.54,Churned,Competitor,Competitor made better offer,1,Middle Age,25-48 Months,Established,10.713333333333336,125.14,353.54,0.2176557108106579,4.594411955815465,High,1,2,0,0,1,1,0,1,0,0,1,0,6.921212121212122,70.02878787878788,0.0,0.3539627764892232,Low Value,3231.9,1,Churned
14277-GUJ,Female,33,Yes,Gujarat,14,1,NO DEAL,Yes,No,Yes,Cable,Yes,No,Yes,No,No,Yes,Yes,Yes,Month-to-Month,Yes,Mailed Check,88.9,454.15,0.0,0,207.85,662.0,Churned,Competitor,Competitor offered higher download speeds,1,Middle Age,0-6 Months,New,662.0,207.85,662.0,0.1342900302114803,7.446569178852643,High,1,6,2,2,1,0,0,1,1,0,1,0,454.15,-365.25,0.0,0.3139728096676737,Medium Value,2933.7000000000003,1,Churned
45771-KAR,Female,50,No,Karnataka,3,7,NO DEAL,Yes,No,Yes,DSL,No,No,No,No,No,No,No,Yes,Month-to-Month,No,Credit Card,44.45,44.45,0.0,0,23.34,67.79,Joined,Others,Others,0,Senior,7-12 Months,Growing,9.684285714285716,23.34,67.79,0.6557014308895117,1.5250843644544432,Medium,1,2,0,0,1,0,0,1,0,0,0,0,6.3500000000000005,38.1,0.0,0.3442985691104882,Low Value,2222.5,1,Churned
13318-AND,Male,45,No,Andhra Pradesh,11,25,Deal 5,No,No,Yes,DSL,No,Yes,No,No,No,No,No,No,Month-to-Month,Yes,Mailed Check,31.35,31.35,0.0,80,0.0,111.35,Churned,Attitude,Attitude of service provider,1,Middle Age,25-48 Months,Established,4.454,80.0,111.35,0.2815446789402784,3.551834130781499,High,1,1,0,1,0,0,0,1,0,0,1,0,1.254,30.096,0.0,0.7184553210597217,Low Value,1410.75,1,Churned
27561-UTT,Female,19,No,Uttar Pradesh,6,10,Deal 5,Yes,No,No,No Type,No,No,No,No,No,No,No,No,Month-to-Month,Yes,Credit Card,20.25,20.25,0.0,0,47.25,67.5,Joined,Others,Others,0,Young Adult,7-12 Months,Growing,6.75,47.25,67.5,0.3,3.333333333333333,High,1,1,0,0,1,0,0,0,0,0,1,0,2.025,18.225,0.0,0.7,Low Value,384.75,1,Churned
81488-UTT,Female,77,Yes,Uttar Pradesh,10,7,NO DEAL,Yes,No,Yes,Fiber Optic,No,Yes,No,No,No,Yes,No,Yes,Month-to-Month,Yes,Bank Withdrawal,84.2,519.15,0.0,0,242.64,761.79,Churned,Dissatisfaction,Limited range of services,1,Elder,7-12 Months,Growing,108.82714285714285,242.64,761.79,0.1105291484529857,9.047387173396674,High,1,4,1,1,1,0,0,1,0,0,1,0,74.16428571428571,10.035714285714292,0.0,0.3185129760170125,Medium Value,6483.400000000001,1,Churned
35700-MAH,Female,55,No,Maharashtra,9,32,Deal 5,Yes,No,Yes,Fiber Optic,No,No,No,No,No,No,No,Yes,Month-to-Month,Yes,Bank Withdrawal,69.9,69.9,0.0,0,45.66,115.56,Churned,Competitor,Competitor offered higher download speeds,1,Senior,25-48 Months,Established,3.61125,45.66,115.56,0.6048805815160956,1.6532188841201716,High,1,2,0,0,1,0,0,1,0,0,1,0,2.184375,67.715625,0.0,0.3951194184839044,Low Value,3844.500000000001,1,Churned
76384-UTT,Female,59,Yes,Uttar Pradesh,6,6,Deal 5,Yes,No,Yes,Cable,Yes,Yes,No,No,No,No,No,No,Month-to-Month,No,Credit Card,55.9,365.35,0.0,30,87.06,482.41,Churned,Attitude,Attitude of service provider,1,Senior,0-6 Months,New,80.40166666666667,117.06,482.41,0.1158765365560415,8.629874776386405,High,1,3,0,2,1,0,0,1,1,0,0,0,60.89166666666667,-4.991666666666674,0.0,0.2426566613461578,Low Value,3298.1,1,Churned
76984-MAD,Female,49,Yes,Madhya Pradesh,15,22,Deal 4,Yes,Yes,Yes,Fiber Optic,No,Yes,No,No,Yes,Yes,Yes,Yes,Month-to-Month,Yes,Bank Withdrawal,99.95,1931.75,0.0,0,41.61,1973.36,Churned,Competitor,Competitor had better devices,1,Senior,13-24 Months,Growing,89.69818181818181,41.61,1973.36,0.0506496533830624,19.74347173586793,High,1,7,3,1,1,1,0,1,0,0,1,0,87.80681818181819,12.143181818181816,0.0,0.0210858637045445,Medium Value,4897.55,1,Churned
22124-JAM,Female,66,No,Jammu & Kashmir,14,7,Deal 5,Yes,No,Yes,Fiber Optic,No,No,No,No,No,No,No,Yes,Month-to-Month,No,Mailed Check,69.4,69.4,0.0,0,38.53,107.93,Churned,Competitor,Competitor made better offer,1,Elder,7-12 Months,Growing,15.418571428571427,38.53,107.93,0.6430093579171685,1.555187319884726,High,1,2,0,0,1,0,0,1,0,0,0,0,9.914285714285716,59.485714285714295,0.0,0.3569906420828314,Low Value,4580.400000000001,1,Churned
75095-TAM,Female,68,No,Tamil Nadu,7,3,Deal 2,Yes,Yes,Yes,Fiber Optic,No,Yes,Yes,No,Yes,No,No,No,Month-to-Month,Yes,Bank Withdrawal,95.05,4888.7,0.0,50,1578.0,6516.7,Churned,Price,Price too high,1,Elder,0-6 Months,New,2172.233333333333,1628.0,6516.7,0.0145856031426949,68.5607574960547,High,1,5,1,2,1,1,0,1,0,0,1,0,1629.5666666666666,-1534.5166666666669,0.0,0.2498196940169104,Very High Value,6463.4,1,Churned
71949-WES,Female,23,No,West Bengal,11,5,Deal 4,Yes,Yes,Yes,Fiber Optic,No,No,No,No,No,Yes,Yes,Yes,Month-to-Month,Yes,Bank Withdrawal,84.6,1115.2,0.0,0,467.48,1582.68,Churned,Competitor,Competitor offered more data,1,Young Adult,0-6 Months,New,316.536,467.48,1582.68,0.0534536356054287,18.70780141843972,High,1,5,2,0,1,1,0,1,0,0,1,0,223.04,-138.44000000000003,0.0,0.2953724062981778,Medium Value,1945.8,1,Churned
16194-JAM,Male,25,No,Jammu & Kashmir,12,19,NO DEAL,Yes,No,Yes,Cable,No,No,Yes,No,No,No,No,Yes,Month-to-Month,Yes,Bank Withdrawal,50.15,168.15,0.0,0,40.62,208.77,Churned,Competitor,Competitor made better offer,1,Young Adult,13-24 Months,Growing,10.987894736842106,40.62,208.77,0.2402165062029985,4.162911266201396,High,1,3,0,1,1,0,0,1,0,0,1,0,8.85,41.3,0.0,0.1945681850840638,Low Value,1253.75,1,Churned
74081-KAR,Female,28,No,Karnataka,11,25,Deal 4,Yes,Yes,Yes,Fiber Optic,No,No,No,No,No,No,Yes,Yes,Month-to-Month,Yes,Mailed Check,75.0,999.45,0.0,0,78.39,1077.84,Churned,Competitor,Competitor offered higher download speeds,1,Young Adult,25-48 Months,Established,43.1136,78.39,1077.84,0.06958361166778,14.371199999999998,High,1,4,1,0,1,1,0,1,0,0,1,0,39.978,35.022,0.0,0.0727287909151636,Medium Value,2100.0,1,Churned
21247-ASS,Male,58,Yes,Assam,2,2,NO DEAL,Yes,No,No,No Type,No,No,No,No,No,No,No,No,Month-to-Month,Yes,Credit Card,19.5,19.5,0.0,0,8.02,27.52,Joined,Others,Others,0,Senior,0-6 Months,New,13.76,8.02,27.52,0.7085755813953488,1.4112820512820512,Low,1,1,0,0,1,0,0,0,0,0,1,0,9.75,9.75,0.0,0.2914244186046511,Low Value,1131.0,1,Churned
12814-JHA,Female,62,Yes,Jharkhand,13,10,NO DEAL,Yes,No,Yes,Cable,No,Yes,No,Yes,No,No,No,Yes,One Year,Yes,Credit Card,54.15,2319.8,0.0,0,1891.8,4211.6,Churned,Attitude,Attitude of service provider,1,Elder,7-12 Months,Growing,421.16,1891.8,4211.6,0.0128573463766739,77.77654662973224,High,1,4,0,2,1,0,1,1,0,0,1,0,231.98,-177.83,0.0,0.4491879570709469,High Value,3357.3,1,Churned
68979-MAD,Female,72,Yes,Madhya Pradesh,12,35,NO DEAL,Yes,Yes,Yes,Fiber Optic,No,No,No,No,No,No,No,Yes,Month-to-Month,Yes,Credit Card,74.2,1133.9,43.31,0,352.95,1443.54,Churned,Competitor,Competitor had better devices,1,Elder,25-48 Months,Established,41.244,352.95,1400.23,0.051401415963534,19.454716981132076,High,1,3,0,0,1,1,0,1,0,0,1,0,32.39714285714286,41.80285714285714,0.0381956080783137,0.244503096554304,Medium Value,5342.400000000001,1,Churned
62656-BIH,Male,53,Yes,Bihar,5,21,NO DEAL,Yes,No,Yes,DSL,No,No,No,No,No,Yes,Yes,Yes,Month-to-Month,Yes,Bank Withdrawal,56.25,56.25,0.0,0,26.14,82.39,Churned,Price,Lack of affordable download/upload speed,1,Senior,13-24 Months,Growing,3.923333333333333,26.14,82.39,0.6827284864668042,1.464711111111111,Medium,1,4,2,0,1,0,0,1,0,0,1,0,2.6785714285714284,53.57142857142857,0.0,0.3172715135331957,Low Value,2981.25,1,Churned
94975-TEL,Female,77,Yes,Telangana,11,3,NO DEAL,Yes,Yes,Yes,Fiber Optic,No,Yes,No,Yes,No,No,No,Yes,Month-to-Month,Yes,Bank Withdrawal,85.45,1505.85,0.0,0,42.48,1548.33,Churned,Competitor,Competitor offered more data,1,Elder,0-6 Months,New,516.11,42.48,1548.33,0.0551884934090277,18.119719133996487,High,1,5,0,2,1,1,0,1,0,0,1,0,501.95,-416.5,0.0,0.0274360117029315,Medium Value,6579.650000000001,1,Churned
87077-TAM,Male,62,Yes,Tamil Nadu,3,21,Deal 5,Yes,No,Yes,Cable,No,No,Yes,No,Yes,Yes,Yes,Yes,Month-to-Month,No,Credit Card,69.0,147.8,0.0,0,54.82,202.62,Joined,Others,Others,0,Elder,13-24 Months,Growing,9.64857142857143,54.82,202.62,0.3405389398874741,2.936521739130435,Medium,1,6,3,1,1,0,0,1,0,0,0,0,7.038095238095239,61.96190476190476,0.0,0.2705557200671207,Low Value,4278.0,1,Churned
76732-DEL,Female,30,Yes,Delhi,0,18,NO DEAL,Yes,No,Yes,Fiber Optic,No,No,No,No,Yes,No,No,Yes,Month-to-Month,Yes,Bank Withdrawal,79.35,79.35,0.0,0,13.13,92.48,Churned,Competitor,Competitor had better devices,1,Young Adult,13-24 Months,Growing,5.137777777777778,13.13,92.48,0.8580233564013839,1.1654694391934468,No Referral,0,3,1,0,1,0,0,1,0,0,1,0,4.408333333333333,74.94166666666666,0.0,0.1419766435986159,Low Value,2380.5,1,Churned
62467-ASS,Female,33,Yes,Assam,6,10,NO DEAL,Yes,No,Yes,Fiber Optic,Yes,Yes,Yes,No,Yes,Yes,Yes,Yes,Month-to-Month,Yes,Bank Withdrawal,104.4,1081.45,0.0,0,83.8,1165.25,Churned,Competitor,Competitor made better offer,1,Middle Age,7-12 Months,Growing,116.525,83.8,1165.25,0.0895945076163913,11.16139846743295,High,1,8,3,3,1,0,0,1,1,0,1,0,108.145,-3.745000000000005,0.0,0.0719158978759922,Medium Value,3445.2000000000003,1,Churned
28284-MAH,Male,74,No,Maharashtra,3,1,NO DEAL,Yes,No,Yes,Fiber Optic,No,No,No,No,No,No,No,Yes,Month-to-Month,Yes,Credit Card,70.1,467.55,20.23,0,112.35,559.67,Churned,Attitude,Attitude of service provider,1,Elder,0-6 Months,New,559.67,112.35,539.4399999999999,0.1252523808672968,7.983880171184023,Medium,1,2,0,0,1,0,0,1,0,0,1,0,467.55,-397.4500000000001,0.0432680996684846,0.2007432951560741,Low Value,5187.4,1,Churned
62096-KAR,Female,83,No,Karnataka,12,36,NO DEAL,Yes,Yes,Yes,Fiber Optic,Yes,No,Yes,No,Yes,No,No,Yes,Month-to-Month,Yes,Bank Withdrawal,96.5,1392.25,0.0,0,342.45,1734.7,Stayed,Others,Others,0,Elder,25-48 Months,Established,48.18611111111111,342.45,1734.7,0.0556292154262984,17.97616580310881,High,1,6,1,2,1,1,0,1,1,0,1,0,38.67361111111112,57.826388888888886,0.0,0.1974116561941546,Medium Value,8009.5,1,Churned
85542-WES,Female,27,No,West Bengal,7,2,Deal 5,Yes,No,Yes,Fiber Optic,No,No,No,No,No,No,No,Yes,Month-to-Month,No,Credit Card,70.6,70.6,0.0,0,44.59,115.19,Churned,Attitude,Attitude of support person,1,Young Adult,0-6 Months,New,57.595,44.59,115.19,0.6129004253841479,1.6315864022662891,High,1,2,0,0,1,0,0,1,0,0,0,0,35.3,35.3,0.0,0.3870995746158521,Low Value,1906.2,1,Churned
83985-JAM,Female,62,No,Jammu & Kashmir,14,22,NO DEAL,Yes,Yes,Yes,Fiber Optic,No,No,No,No,No,Yes,Yes,No,Month-to-Month,Yes,Bank Withdrawal,83.65,1465.75,0.0,130,267.71,1863.46,Churned,Competitor,Competitor made better offer,1,Elder,13-24 Months,Growing,84.70272727272727,397.71,1863.46,0.0448896139439537,22.276867901972505,High,1,4,2,0,1,1,0,1,0,0,1,0,66.625,17.025000000000006,0.0,0.2134255631996393,Medium Value,5186.3,1,Churned
81498-TEL,Male,24,Yes,Telangana,3,1,Deal 4,Yes,Yes,Yes,Fiber Optic,No,Yes,Yes,No,Yes,Yes,Yes,Yes,Month-to-Month,Yes,Bank Withdrawal,105.35,1559.25,0.0,0,62.85,1622.1,Stayed,Others,Others,0,Young Adult,0-6 Months,New,1622.1,62.85,1622.1,0.0649466740644843,15.397247271001424,Medium,1,8,3,2,1,1,0,1,0,0,1,0,1559.25,-1453.9,0.0,0.0387460699093767,Medium Value,2528.4,1,Churned
17250-HAR,Female,23,Yes,Haryana,12,2,NO DEAL,Yes,No,Yes,DSL,No,Yes,No,No,No,No,No,Yes,Month-to-Month,No,Credit Card,49.25,97.0,0.0,0,81.5,178.5,Joined,Others,Others,0,Young Adult,0-6 Months,New,89.25,81.5,178.5,0.2759103641456583,3.6243654822335034,High,1,3,0,1,1,0,0,1,0,0,0,0,48.5,0.75,0.0,0.4565826330532213,Low Value,1132.75,1,Churned
33602-WES,Male,39,Yes,West Bengal,10,36,NO DEAL,Yes,No,Yes,DSL,No,No,No,Yes,No,Yes,Yes,Yes,Month-to-Month,No,Credit Card,61.45,229.55,0.0,0,108.96,338.51,Churned,Price,Price too high,1,Middle Age,25-48 Months,Established,9.403055555555556,108.96,338.51,0.181530826268057,5.508706265256306,High,1,5,2,1,1,0,0,1,0,0,0,0,6.376388888888889,55.07361111111111,0.0,0.3218811851939381,Low Value,2396.55,1,Churned
36808-KAR,Female,29,No,Karnataka,11,14,NO DEAL,Yes,No,Yes,Cable,No,Yes,No,No,Yes,No,No,Yes,Month-to-Month,Yes,Bank Withdrawal,83.55,680.05,0.0,0,258.56,938.61,Churned,Dissatisfaction,Product dissatisfaction,1,Young Adult,13-24 Months,Growing,67.04357142857143,258.56,938.61,0.0890146067056605,11.23411131059246,High,1,4,1,1,1,0,0,1,0,0,1,0,48.575,34.975,0.0,0.2754711754615868,Medium Value,2422.95,1,Churned
78396-MAD,Female,50,Yes,Madhya Pradesh,11,16,Deal 4,Yes,Yes,Yes,Fiber Optic,No,No,No,No,Yes,Yes,Yes,Yes,Month-to-Month,Yes,Bank Withdrawal,94.7,1687.95,0.0,0,566.82,2254.77,Churned,Price,Long distance charges,1,Senior,13-24 Months,Growing,140.923125,566.82,2254.77,0.0419998492085667,23.80960929250264,High,1,6,3,0,1,1,0,1,0,0,1,0,105.496875,-10.796875,0.0,0.2513870594339999,High Value,4735.0,1,Churned
14446-JAM,Female,73,Yes,Jammu & Kashmir,13,32,Deal 5,Yes,Yes,Yes,Fiber Optic,No,No,No,No,No,No,No,Yes,Month-to-Month,Yes,Bank Withdrawal,74.35,334.8,0.0,0,228.8,563.6,Churned,Dissatisfaction,Product dissatisfaction,1,Elder,25-48 Months,Established,17.6125,228.8,563.6,0.1319198012775017,7.580363147276397,High,1,3,0,0,1,1,0,1,0,0,1,0,10.4625,63.8875,0.0,0.4059616749467707,Low Value,5427.549999999999,1,Churned
91994-TAM,Male,69,No,Tamil Nadu,8,8,Deal 3,Yes,Yes,Yes,Fiber Optic,No,No,No,No,Yes,Yes,No,Yes,Month-to-Month,Yes,Credit Card,96.15,3019.25,0.0,0,814.4,3833.65,Churned,Price,Price too high,1,Elder,7-12 Months,Growing,479.20625,814.4,3833.65,0.0250805368252187,39.871554862194486,High,1,5,2,0,1,1,0,1,0,0,1,0,377.40625,-281.25625,0.0,0.2124346249657636,High Value,6634.35,1,Churned
89382-ASS,Male,56,No,Assam,5,29,Deal 5,No,No,Yes,DSL,No,No,No,Yes,No,No,No,Yes,Month-to-Month,Yes,Bank Withdrawal,29.75,96.85,0.0,0,0.0,96.85,Joined,Others,Others,0,Senior,25-48 Months,Established,3.339655172413793,0.0,96.85,0.307176045431079,3.2554621848739496,Medium,1,2,0,1,0,0,0,1,0,0,1,0,3.339655172413793,26.410344827586208,0.0,0.0,Low Value,1666.0,1,Churned
63237-DEL,Female,19,No,Delhi,15,10,NO DEAL,Yes,No,Yes,Fiber Optic,No,No,No,No,Yes,No,Yes,Yes,Month-to-Month,Yes,Bank Withdrawal,79.05,79.05,0.0,0,31.34,110.39,Churned,Competitor,Competitor made better offer,1,Young Adult,7-12 Months,Growing,11.039,31.34,110.39,0.7160974725971555,1.3964579380139153,High,1,4,2,0,1,0,0,1,0,0,1,0,7.904999999999999,71.145,0.0,0.2839025274028444,Low Value,1501.95,1,Churned
16032-AND,Female,47,No,Andhra Pradesh,8,18,NO DEAL,Yes,No,Yes,DSL,No,No,No,No,No,No,No,Yes,Month-to-Month,Yes,Bank Withdrawal,46.6,87.9,0.0,0,3.74,91.64,Joined,Others,Others,0,Senior,13-24 Months,Growing,5.091111111111111,3.74,91.64,0.5085115670013095,1.9665236051502144,High,1,2,0,0,1,0,0,1,0,0,1,0,4.883333333333334,41.71666666666667,0.0,0.0408118725447402,Low Value,2190.2000000000003,1,Churned
32176-GUJ,Male,34,No,Gujarat,14,6,Deal 4,Yes,No,Yes,Fiber Optic,No,No,No,No,No,No,No,Yes,Month-to-Month,Yes,Bank Withdrawal,70.3,738.2,0.0,0,317.2,1055.4,Churned,Dissatisfaction,Limited range of services,1,Middle Age,0-6 Months,New,175.9,317.2,1055.4,0.0666098161834375,15.012802275960173,High,1,2,0,0,1,0,0,1,0,0,1,0,123.03333333333336,-52.73333333333335,0.0,0.3005495546712147,Medium Value,2390.2,1,Churned
84666-TEL,Female,21,No,Telangana,6,5,NO DEAL,Yes,Yes,Yes,Fiber Optic,No,No,No,No,Yes,Yes,Yes,Yes,Month-to-Month,Yes,Bank Withdrawal,96.1,4364.1,0.0,0,494.56,4858.66,Churned,Competitor,Competitor offered higher download speeds,1,Young Adult,0-6 Months,New,971.732,494.56,4858.66,0.0197791160525741,50.55837669094693,High,1,6,3,0,1,1,0,1,0,0,1,0,872.82,-776.72,0.0,0.1017893822576595,Very High Value,2018.1,1,Churned
41561-JHA,Male,55,No,Jharkhand,3,5,Deal 2,Yes,Yes,Yes,Fiber Optic,No,No,No,No,Yes,Yes,Yes,Yes,Month-to-Month,Yes,Bank Withdrawal,97.1,3706.95,41.85,0,653.2,4318.3,Churned,Competitor,Competitor offered more data,1,Senior,0-6 Months,New,863.6600000000001,653.2,4276.45,0.0224857003913577,44.47270854788878,Medium,1,6,3,0,1,1,0,1,0,0,1,0,741.39,-644.29,0.0112896046615141,0.1512632285853229,High Value,5340.5,1,Churned
63605-HAR,Male,46,Yes,Haryana,14,30,NO DEAL,Yes,No,Yes,Cable,Yes,No,No,Yes,No,No,No,Yes,Month-to-Month,No,Credit Card,56.65,654.85,0.0,0,95.64,750.49,Churned,Price,Extra data charges,1,Senior,25-48 Months,Established,25.01633333333333,95.64,750.49,0.0754840171088222,13.247837599293913,High,1,4,0,2,1,0,0,1,1,0,0,0,21.828333333333333,34.821666666666665,0.0,0.1274367413289983,Medium Value,2605.9,1,Churned
47957-GUJ,Female,26,No,Gujarat,4,2,Deal 5,Yes,No,No,No Type,No,No,No,No,No,No,No,No,Month-to-Month,Yes,Credit Card,20.45,20.45,0.0,0,42.17,62.62,Joined,Others,Others,0,Young Adult,0-6 Months,New,31.31,42.17,62.62,0.326572979878633,3.0621026894865526,Medium,1,1,0,0,1,0,0,0,0,0,1,0,10.225,10.225,0.0,0.673427020121367,Low Value,531.6999999999999,1,Churned
84837-KAR,Male,31,No,Karnataka,3,10,NO DEAL,Yes,Yes,Yes,Fiber Optic,No,No,No,Yes,No,No,No,Yes,Month-to-Month,Yes,Bank Withdrawal,80.5,2088.8,0.0,0,628.16,2716.96,Churned,Other,Moved,1,Middle Age,7-12 Months,Growing,271.696,628.16,2716.96,0.0296287026676874,33.75105590062112,Medium,1,4,0,1,1,1,0,1,0,0,1,0,208.88,-128.38000000000002,0.0,0.2311995759967021,High Value,2495.5,1,Churned
49201-GUJ,Female,37,No,Gujarat,11,30,NO DEAL,No,No,Yes,DSL,Yes,No,No,No,No,No,No,Yes,Month-to-Month,No,Credit Card,29.9,29.9,0.0,0,0.0,29.9,Joined,Others,Others,0,Middle Age,25-48 Months,Established,0.9966666666666666,0.0,29.9,1.0,1.0,High,1,2,0,1,0,0,0,1,1,0,0,0,0.9966666666666666,28.90333333333333,0.0,0.0,Low Value,1106.3,1,Churned
97198-ASS,Male,35,Yes,Assam,10,24,NO DEAL,Yes,No,Yes,Fiber Optic,No,No,No,No,No,Yes,Yes,Yes,Month-to-Month,Yes,Bank Withdrawal,80.8,713.1,0.0,0,183.06,896.16,Churned,Competitor,Competitor offered more data,1,Middle Age,13-24 Months,Growing,37.34,183.06,896.16,0.0901624709873236,11.091089108910891,High,1,4,2,0,1,0,0,1,0,0,1,0,29.7125,51.08749999999999,0.0,0.204271558650241,Medium Value,2828.0,1,Churned
13621-JAM,Male,67,No,Jammu & Kashmir,4,8,Deal 3,Yes,Yes,Yes,Fiber Optic,No,Yes,No,No,Yes,No,No,Yes,Month-to-Month,Yes,Bank Withdrawal,89.15,2277.65,0.0,0,236.34,2513.99,Churned,Other,Don't know,1,Elder,7-12 Months,Growing,314.24875,236.34,2513.99,0.0354615571263211,28.19955131800336,Medium,1,5,1,1,1,1,0,1,0,0,1,0,284.70625,-195.55625,0.0,0.0940099204849661,High Value,5973.05,1,Churned
39394-HAR,Female,69,Yes,Haryana,0,1,NO DEAL,Yes,Yes,Yes,Fiber Optic,No,No,No,No,Yes,No,No,Yes,Month-to-Month,Yes,Credit Card,83.15,446.05,0.0,0,209.15,655.2,Churned,Dissatisfaction,Service dissatisfaction,1,Elder,0-6 Months,New,655.2,209.15,655.2,0.1269078144078144,7.879735417919423,No Referral,0,4,1,0,1,1,0,1,0,0,1,0,446.05,-362.9,0.0,0.3192155067155067,Medium Value,5737.35,1,Churned
74979-MAD,Female,49,Yes,Madhya Pradesh,10,14,Deal 5,No,No,Yes,Cable,No,No,No,Yes,No,No,No,Yes,Month-to-Month,No,Bank Withdrawal,29.05,44.75,0.0,0,0.0,44.75,Joined,Others,Others,0,Senior,13-24 Months,Growing,3.196428571428572,0.0,44.75,0.6491620111731844,1.540447504302926,High,1,2,0,1,0,0,0,1,0,0,0,0,3.196428571428572,25.853571428571428,0.0,0.0,Low Value,1423.45,1,Churned
31518-CHH,Female,65,No,Chhattisgarh,2,8,Deal 3,Yes,No,Yes,Fiber Optic,No,Yes,No,No,No,No,No,Yes,Month-to-Month,Yes,Bank Withdrawal,74.4,2276.95,44.31,0,1063.04,3295.68,Churned,Competitor,Competitor had better devices,1,Elder,7-12 Months,Growing,411.96,1063.04,3251.37,0.0225750072822604,44.29677419354838,Low,1,3,0,1,1,0,0,1,0,0,1,0,284.61875,-210.21875,0.0194602428687498,0.3225555879211574,High Value,4836.0,1,Churned
92694-MAH,Male,35,Yes,Maharashtra,8,33,Deal 5,Yes,Yes,Yes,Cable,No,No,Yes,No,Yes,Yes,Yes,No,Month-to-Month,Yes,Bank Withdrawal,100.95,329.95,0.0,10,35.82,375.77,Churned,Competitor,Competitor had better devices,1,Middle Age,25-48 Months,Established,11.386969696969697,45.82,375.77,0.2686483753359768,3.722337790985636,High,1,6,3,1,1,1,0,1,0,0,1,0,9.998484848484848,90.95151515151515,0.0,0.1219362908161907,Low Value,3533.25,1,Churned
68299-JAM,Male,75,No,Jammu & Kashmir,10,14,Deal 3,Yes,Yes,Yes,Fiber Optic,No,No,Yes,No,Yes,Yes,No,Yes,Month-to-Month,Yes,Bank Withdrawal,101.1,3744.05,0.0,0,1408.22,5152.27,Churned,Competitor,Competitor made better offer,1,Elder,13-24 Months,Growing,368.0192857142857,1408.22,5152.27,0.0196224188561546,50.96211671612266,High,1,6,2,1,1,1,0,1,0,0,1,0,267.4321428571429,-166.33214285714288,0.0,0.2733203034778845,Very High Value,7582.5,1,Churned
54076-TAM,Female,34,No,Tamil Nadu,2,23,NO DEAL,No,No,Yes,Cable,No,No,No,No,No,No,No,Yes,Month-to-Month,Yes,Mailed Check,25.1,25.1,0.0,0,0.0,25.1,Churned,Competitor,Competitor had better devices,1,Middle Age,13-24 Months,Growing,1.091304347826087,0.0,25.1,1.0,1.0,Low,1,1,0,0,0,0,0,1,0,0,1,0,1.091304347826087,24.008695652173916,0.0,0.0,Low Value,853.4000000000001,1,Churned
48088-JAM,Female,32,No,Jammu & Kashmir,1,26,NO DEAL,Yes,No,Yes,Fiber Optic,No,No,No,No,Yes,Yes,Yes,Yes,Month-to-Month,Yes,Bank Withdrawal,90.25,2755.35,0.0,0,901.8,3657.15,Churned,Competitor,Competitor made better offer,1,Middle Age,25-48 Months,Established,140.6596153846154,901.8,3657.15,0.0246776861763941,40.52243767313019,Low,1,5,3,0,1,0,0,1,0,0,1,0,105.975,-15.724999999999994,0.0,0.2465854558877814,High Value,2888.0,1,Churned
85413-MAH,Female,67,Yes,Maharashtra,7,3,NO DEAL,Yes,No,Yes,Fiber Optic,No,No,No,Yes,No,No,No,Yes,Month-to-Month,Yes,Credit Card,75.65,399.45,0.0,0,148.75,548.2,Stayed,Others,Others,0,Elder,0-6 Months,New,182.73333333333332,148.75,548.2,0.1379970813571689,7.246530072703239,High,1,3,0,1,1,0,0,1,0,0,1,0,133.15,-57.5,0.0,0.2713425757022984,Low Value,5068.55,1,Churned
13300-KAR,Female,52,No,Karnataka,2,11,Deal 1,No,No,Yes,Cable,No,Yes,Yes,No,Yes,Yes,Yes,Yes,Two Year,Yes,Bank Withdrawal,54.2,3937.45,0.0,0,0.0,3937.45,Churned,Competitor,Competitor offered more data,1,Senior,7-12 Months,Growing,357.95,0.0,3937.45,0.0137652541619576,72.64667896678966,Low,1,6,3,2,0,0,1,1,0,0,1,0,357.95,-303.75,0.0,0.0,High Value,2818.4,1,Churned
96644-HAR,Male,60,Yes,Haryana,13,13,NO DEAL,Yes,No,Yes,Fiber Optic,No,No,No,No,No,No,No,Yes,Month-to-Month,Yes,Bank Withdrawal,69.7,316.9,0.0,0,63.0,379.9,Churned,Competitor,Competitor had better devices,1,Senior,13-24 Months,Growing,29.22307692307692,63.0,379.9,0.1834693340352724,5.450502152080344,High,1,2,0,0,1,0,0,1,0,0,1,0,24.376923076923077,45.323076923076925,0.0,0.1658331139773624,Low Value,4182.0,1,Churned
54172-RAJ,Female,64,Yes,Rajasthan,0,9,Deal 5,Yes,Yes,Yes,DSL,No,Yes,No,No,No,No,No,Yes,Month-to-Month,Yes,Credit Card,56.55,118.25,0.0,0,63.48,181.73,Joined,Others,Others,0,Elder,7-12 Months,Growing,20.19222222222222,63.48,181.73,0.3111759203213559,3.2136162687886825,No Referral,0,4,0,1,1,1,0,1,0,0,1,0,13.13888888888889,43.41111111111111,0.0,0.3493094150663071,Low Value,3619.2,1,Churned
62667-PUN,Male,71,Yes,Punjab,5,25,NO DEAL,Yes,No,Yes,Fiber Optic,No,No,Yes,No,Yes,No,No,No,Month-to-Month,Yes,Credit Card,84.85,415.55,0.0,20,136.75,572.3,Churned,Competitor,Competitor had better devices,1,Elder,25-48 Months,Established,22.892,156.75,572.3,0.1482614013629215,6.744843842074249,Medium,1,3,1,1,1,0,0,1,0,0,1,0,16.622,68.228,0.0,0.2738948104141185,Low Value,6024.349999999999,1,Churned
83080-HAR,Female,54,No,Haryana,9,4,NO DEAL,Yes,No,Yes,Fiber Optic,No,No,No,No,No,No,No,Yes,Month-to-Month,Yes,Bank Withdrawal,70.15,194.2,0.0,0,16.89,211.09,Joined,Others,Others,0,Senior,0-6 Months,New,52.7725,16.89,211.09,0.332322705954806,3.0091233071988595,High,1,2,0,0,1,0,0,1,0,0,1,0,48.55,21.60000000000001,0.0,0.0800132644843431,Low Value,3788.1,1,Churned
12443-AND,Female,48,Yes,Andhra Pradesh,15,9,Deal 5,Yes,No,Yes,Fiber Optic,No,No,No,No,No,Yes,Yes,Yes,Month-to-Month,No,Credit Card,-7.0,80.15,0.0,0,4.67,84.82,Churned,Attitude,Attitude of support person,1,Senior,7-12 Months,Growing,9.424444444444443,4.67,84.82,-0.0825277057297807,-12.117142857142856,High,1,4,2,0,1,0,0,1,0,0,0,0,8.905555555555557,-15.905555555555557,0.0,0.0550577693940108,Low Value,-336.0,1,Churned
83399-MAH,Female,43,Yes,Maharashtra,5,24,Deal 4,Yes,Yes,Yes,Fiber Optic,No,No,Yes,No,No,Yes,Yes,No,Month-to-Month,Yes,Bank Withdrawal,88.45,1422.1,0.0,140,284.8,1846.9,Churned,Other,Don't know,1,Middle Age,13-24 Months,Growing,76.95416666666667,424.8,1846.9,0.0478910606963019,20.88072357263991,Medium,1,5,2,1,1,1,0,1,0,0,1,0,59.25416666666666,29.19583333333334,0.0,0.2300070388218095,Medium Value,3803.35,1,Churned
63169-PUN,Female,37,No,Punjab,6,21,Deal 4,Yes,Yes,Yes,Fiber Optic,No,No,No,No,Yes,Yes,Yes,Yes,Month-to-Month,Yes,Bank Withdrawal,92.55,1515.1,0.0,0,301.07,1816.17,Churned,Other,Moved,1,Middle Age,13-24 Months,Growing,86.48428571428572,301.07,1816.17,0.0509588860073671,19.623662884927068,High,1,6,3,0,1,1,0,1,0,0,1,0,72.14761904761905,20.402380952380952,0.0,0.1657719266368236,Medium Value,3424.35,1,Churned
68200-WES,Male,56,No,West Bengal,14,14,Deal 5,Yes,No,Yes,Fiber Optic,No,No,Yes,No,Yes,Yes,Yes,No,Month-to-Month,No,Mailed Check,94.5,575.45,0.0,10,99.48,684.93,Churned,Dissatisfaction,Network reliability,1,Senior,13-24 Months,Growing,48.92357142857143,109.48,684.93,0.1379703035346678,7.247936507936507,High,1,5,3,1,1,0,0,1,0,0,0,0,41.10357142857144,53.396428571428565,0.0,0.1598411516505336,Medium Value,5292.0,1,Churned
25840-KAR,Male,23,Yes,Karnataka,8,11,Deal 5,Yes,Yes,Yes,Fiber Optic,No,Yes,No,No,Yes,Yes,Yes,Yes,Month-to-Month,Yes,Bank Withdrawal,97.95,384.5,0.0,0,39.92,424.42,Churned,Attitude,Attitude of service provider,1,Young Adult,7-12 Months,Growing,38.583636363636366,39.92,424.42,0.2307855426228735,4.333027054619704,High,1,7,3,1,1,1,0,1,0,0,1,0,34.95454545454545,62.99545454545455,0.0,0.0940577729607464,Low Value,2252.85,1,Churned
37901-PUN,Female,29,No,Punjab,7,6,Deal 5,Yes,No,Yes,Fiber Optic,No,No,No,No,Yes,No,No,No,Month-to-Month,No,Bank Withdrawal,79.25,267.6,0.0,10,149.28,426.88,Churned,Competitor,Competitor offered higher download speeds,1,Young Adult,0-6 Months,New,71.14666666666666,159.28,426.88,0.1856493628185907,5.3864984227129336,High,1,2,1,0,1,0,0,1,0,0,0,0,44.6,34.65,0.0,0.3731259370314843,Low Value,2298.25,1,Churned
88107-KAR,Female,31,No,Karnataka,4,28,NO DEAL,Yes,No,No,No Type,No,No,No,No,No,No,No,No,Month-to-Month,Yes,Credit Card,19.1,19.1,0.0,0,34.79,53.89,Churned,Competitor,Competitor made better offer,1,Middle Age,25-48 Months,Established,1.924642857142857,34.79,53.89,0.3544256819447022,2.8214659685863874,Medium,1,1,0,0,1,0,0,0,0,0,1,0,0.6821428571428572,18.417857142857144,0.0,0.6455743180552979,Low Value,592.1,1,Churned
41795-UTT,Female,58,No,Uttar Pradesh,5,10,NO DEAL,Yes,No,No,No Type,No,No,No,No,No,No,No,No,Month-to-Month,No,Credit Card,19.75,19.75,0.0,0,41.28,61.03,Joined,Others,Others,0,Senior,7-12 Months,Growing,6.103,41.28,61.03,0.3236113386858922,3.090126582278481,Medium,1,1,0,0,1,0,0,0,0,0,0,0,1.975,17.775,0.0,0.6763886613141078,Low Value,1145.5,1,Churned
71753-ODI,Female,32,No,Odisha,6,27,NO DEAL,Yes,Yes,Yes,Fiber Optic,No,No,No,No,Yes,No,No,Yes,Month-to-Month,Yes,Bank Withdrawal,84.95,1378.25,0.0,0,109.12,1487.37,Churned,Attitude,Attitude of support person,1,Middle Age,25-48 Months,Established,55.087777777777774,109.12,1487.37,0.0571142351936639,17.50876986462625,High,1,4,1,0,1,1,0,1,0,0,1,0,51.0462962962963,33.903703703703705,0.0,0.0733643948714845,Medium Value,2718.4,1,Churned
16733-ODI,Female,76,Yes,Odisha,10,1,NO DEAL,Yes,No,Yes,DSL,No,No,No,No,No,No,No,Yes,Month-to-Month,Yes,Credit Card,45.85,45.85,0.0,0,40.38,86.23,Joined,Others,Others,0,Elder,0-6 Months,New,86.23,40.38,86.23,0.5317174997100776,1.8806979280261724,High,1,2,0,0,1,0,0,1,0,0,1,0,45.85,0.0,0.0,0.4682825002899223,Low Value,3484.6,1,Churned
91454-TAM,Female,41,No,Tamil Nadu,4,11,NO DEAL,Yes,No,Yes,Cable,No,No,No,No,No,No,No,Yes,Month-to-Month,Yes,Bank Withdrawal,45.65,45.65,0.0,0,36.99,82.64,Churned,Competitor,Competitor offered higher download speeds,1,Middle Age,7-12 Months,Growing,7.512727272727273,36.99,82.64,0.5523959341723136,1.8102957283680177,Medium,1,2,0,0,1,0,0,1,0,0,1,0,4.15,41.5,0.0,0.4476040658276863,Low Value,1871.65,1,Churned
38453-BIH,Female,46,Yes,Bihar,4,32,Deal 5,Yes,No,Yes,Fiber Optic,No,No,No,No,No,No,No,Yes,Month-to-Month,Yes,Mailed Check,71.55,71.55,0.0,0,17.27,88.82,Churned,Competitor,Competitor had better devices,1,Senior,25-48 Months,Established,2.775625,17.27,88.82,0.8055618104030624,1.2413696715583509,Medium,1,2,0,0,1,0,0,1,0,0,1,0,2.2359375,69.31406249999999,0.0,0.1944381895969376,Low Value,3291.3,1,Churned
61008-KAR,Female,46,Yes,Karnataka,3,33,Deal 5,Yes,No,No,No Type,No,No,No,No,No,No,No,No,Month-to-Month,No,Mailed Check,19.65,19.65,0.0,0,17.25,36.9,Churned,Dissatisfaction,Service dissatisfaction,1,Senior,25-48 Months,Established,1.1181818181818182,17.25,36.9,0.532520325203252,1.8778625954198476,Medium,1,1,0,0,1,0,0,0,0,0,0,0,0.5954545454545455,19.05454545454545,0.0,0.467479674796748,Low Value,903.9,1,Churned
39561-KAR,Female,26,No,Karnataka,3,24,NO DEAL,Yes,No,Yes,Cable,No,No,No,No,No,No,No,Yes,Month-to-Month,Yes,Bank Withdrawal,44.35,44.35,0.0,0,40.42,84.77,Churned,Attitude,Attitude of support person,1,Young Adult,13-24 Months,Growing,3.532083333333333,40.42,84.77,0.5231803704140616,1.911386696730552,Medium,1,2,0,0,1,0,0,1,0,0,1,0,1.8479166666666669,42.50208333333333,0.0,0.4768196295859385,Low Value,1153.1,1,Churned
25763-JHA,Female,47,Yes,Jharkhand,9,3,Deal 5,Yes,No,Yes,Cable,No,No,No,No,No,No,No,Yes,Month-to-Month,No,Bank Withdrawal,44.15,44.15,0.0,0,9.82,53.97,Joined,Others,Others,0,Senior,0-6 Months,New,17.99,9.82,53.97,0.8180470631832499,1.22242355605889,High,1,2,0,0,1,0,0,1,0,0,0,0,14.716666666666669,29.43333333333333,0.0,0.18195293681675,Low Value,2075.05,1,Churned
47005-TAM,Male,51,Yes,Tamil Nadu,5,28,Deal 5,No,No,Yes,DSL,No,No,No,No,No,No,No,Yes,One Year,No,Bank Withdrawal,24.1,259.8,0.0,0,0.0,259.8,Churned,Competitor,Competitor offered more data,1,Senior,25-48 Months,Established,9.278571428571428,0.0,259.8,0.0927636643571978,10.780082987551866,Medium,1,1,0,0,0,0,1,1,0,0,0,0,9.278571428571428,14.821428571428571,0.0,0.0,Low Value,1229.1,1,Churned
28266-JAM,Male,32,No,Jammu & Kashmir,6,1,NO DEAL,No,No,Yes,DSL,No,No,No,No,No,No,No,Yes,Month-to-Month,No,Credit Card,25.35,25.35,0.0,0,0.0,25.35,Joined,Others,Others,0,Middle Age,0-6 Months,New,25.35,0.0,25.35,1.0,1.0,High,1,1,0,0,0,0,0,1,0,0,0,0,25.35,0.0,0.0,0.0,Low Value,811.2,1,Churned
12079-MAH,Female,73,Yes,Maharashtra,2,4,NO DEAL,Yes,No,Yes,Fiber Optic,No,No,No,No,Yes,No,No,Yes,Month-to-Month,Yes,Bank Withdrawal,79.9,260.9,0.0,0,8.94,269.84,Churned,Price,Price too high,1,Elder,0-6 Months,New,67.46,8.94,269.84,0.296101393418322,3.3772215269086354,Low,1,3,1,0,1,0,0,1,0,0,1,0,65.225,14.675000000000011,0.0,0.0331307441446783,Low Value,5832.700000000001,1,Churned
51481-UTT,Female,50,No,Uttar Pradesh,7,30,NO DEAL,Yes,No,Yes,Fiber Optic,No,No,No,No,No,No,No,Yes,Month-to-Month,No,Bank Withdrawal,69.75,144.55,0.0,0,52.88,197.43,Churned,Competitor,Competitor had better devices,1,Senior,25-48 Months,Established,6.581,52.88,197.43,0.3532897735906397,2.830537634408602,High,1,2,0,0,1,0,0,1,0,0,0,0,4.818333333333333,64.93166666666667,0.0,0.2678417667021223,Low Value,3487.5,1,Churned
61043-JAM,Female,73,No,Jammu & Kashmir,11,34,NO DEAL,Yes,No,Yes,Fiber Optic,No,No,No,No,No,No,No,Yes,Month-to-Month,Yes,Bank Withdrawal,70.3,235.5,0.0,0,16.62,252.12,Churned,Competitor,Competitor made better offer,1,Elder,25-48 Months,Established,7.415294117647059,16.62,252.12,0.2788354751705537,3.586344238975818,High,1,2,0,0,1,0,0,1,0,0,1,0,6.926470588235294,63.3735294117647,0.0,0.0659209900047596,Low Value,5131.9,1,Churned
23982-TAM,Female,27,Yes,Tamil Nadu,11,20,Deal 2,Yes,Yes,Yes,Fiber Optic,No,Yes,Yes,No,No,No,Yes,No,Month-to-Month,Yes,Bank Withdrawal,83.35,4065.0,0.0,140,824.38,5029.38,Churned,Dissatisfaction,Product dissatisfaction,1,Young Adult,13-24 Months,Growing,251.469,964.38,5029.38,0.0165726192890574,60.34049190161968,High,1,5,1,2,1,1,0,1,0,0,1,0,203.25,-119.9,0.0,0.1917492812235305,Very High Value,2250.45,1,Churned
18355-ODI,Female,30,Yes,Odisha,3,1,Deal 4,Yes,Yes,Yes,Fiber Optic,Yes,No,No,No,No,No,No,Yes,Month-to-Month,Yes,Bank Withdrawal,78.3,909.25,0.0,0,429.6,1338.85,Churned,Competitor,Competitor offered higher download speeds,1,Young Adult,0-6 Months,New,1338.85,429.6,1338.85,0.0584830264779474,17.09897828863346,Medium,1,4,0,1,1,1,0,1,1,0,1,0,909.25,-830.95,0.0,0.3208723904843709,Medium Value,2349.0,1,Churned
25060-TAM,Female,64,No,Tamil Nadu,8,4,NO DEAL,Yes,No,Yes,Fiber Optic,Yes,Yes,No,Yes,Yes,Yes,No,Yes,Month-to-Month,Yes,Credit Card,108.15,4600.7,0.0,0,1368.69,5969.39,Churned,Competitor,Competitor made better offer,1,Elder,0-6 Months,New,1492.3475,1368.69,5969.39,0.0181174290840437,55.19546925566343,High,1,7,2,3,1,0,0,1,1,0,1,0,1150.175,-1042.025,0.0,0.2292847342860828,Very High Value,6921.6,1,Churned
67994-MAD,Male,75,Yes,Madhya Pradesh,12,33,Deal 5,Yes,No,Yes,DSL,No,No,No,No,No,No,No,Yes,Two Year,No,Bank Withdrawal,46.3,46.3,0.0,0,11.51,57.81,Joined,Others,Others,0,Elder,25-48 Months,Established,1.751818181818182,11.51,57.81,0.8008994983566856,1.2485961123110152,High,1,2,0,0,1,0,1,1,0,0,0,0,1.4030303030303028,44.89696969696969,0.0,0.1991005016433143,Low Value,3472.5,1,Churned
33003-KAR,Female,25,No,Karnataka,4,29,Deal 5,Yes,No,Yes,Fiber Optic,No,No,Yes,Yes,No,No,No,Yes,Month-to-Month,No,Credit Card,80.1,217.55,0.0,0,122.01,339.56,Churned,Attitude,Attitude of service provider,1,Young Adult,25-48 Months,Established,11.70896551724138,122.01,339.56,0.2358935092472611,4.239200998751561,Medium,1,4,0,2,1,0,0,1,0,0,0,0,7.501724137931035,72.59827586206896,0.0,0.3593179408646483,Low Value,2002.5,1,Churned
42969-KAR,Female,23,No,Karnataka,11,12,Deal 3,No,No,Yes,DSL,Yes,Yes,Yes,No,Yes,Yes,Yes,Yes,Month-to-Month,Yes,Credit Card,58.6,1502.65,4.48,0,0.0,1498.17,Churned,Attitude,Attitude of support person,1,Young Adult,7-12 Months,Growing,124.8475,0.0,1493.69,0.0391143862178524,25.5660409556314,High,1,7,3,3,0,0,0,1,1,0,1,0,125.22083333333336,-66.62083333333334,0.0029813995275014,0.0,Medium Value,1347.8,1,Churned
89683-UTT,Female,71,Yes,Uttar Pradesh,2,33,NO DEAL,Yes,Yes,Yes,Fiber Optic,No,Yes,No,No,Yes,Yes,No,Yes,Month-to-Month,Yes,Credit Card,99.45,919.4,0.0,0,95.94,1015.34,Churned,Competitor,Competitor had better devices,1,Elder,25-48 Months,Established,30.76787878787879,95.94,1015.34,0.0979474855713357,10.209552538964305,Low,1,6,2,1,1,1,0,1,0,0,1,0,27.86060606060606,71.58939393939394,0.0,0.0944905154923473,Medium Value,7060.95,1,Churned
24101-MAH,Male,42,Yes,Maharashtra,5,22,NO DEAL,Yes,Yes,Yes,Fiber Optic,No,No,No,No,No,No,No,Yes,Month-to-Month,Yes,Credit Card,73.25,131.05,0.0,0,5.92,136.97,Churned,Price,Price too high,1,Middle Age,13-24 Months,Growing,6.225909090909091,5.92,136.97,0.534788639848142,1.8698976109215015,Medium,1,3,0,0,1,1,0,1,0,0,1,0,5.956818181818182,67.29318181818182,0.0,0.0432211433160546,Low Value,3076.5,1,Churned
74028-TEL,Female,42,No,Telangana,14,20,Deal 4,Yes,No,Yes,Fiber Optic,No,No,No,No,No,No,No,Yes,Month-to-Month,No,Bank Withdrawal,69.0,994.8,0.0,0,70.05,1064.85,Churned,Competitor,Competitor had better devices,1,Middle Age,13-24 Months,Growing,53.24249999999999,70.05,1064.85,0.0647978588533596,15.432608695652172,High,1,2,0,0,1,0,0,1,0,0,0,0,49.74,19.260000000000005,0.0,0.0657839132272151,Medium Value,2898.0,1,Churned
29432-TEL,Female,68,No,Telangana,2,8,NO DEAL,Yes,No,Yes,Fiber Optic,No,No,Yes,No,No,Yes,No,Yes,Month-to-Month,Yes,Bank Withdrawal,85.0,85.0,0.0,0,42.5,127.5,Churned,Dissatisfaction,Network reliability,1,Elder,7-12 Months,Growing,15.9375,42.5,127.5,0.6666666666666666,1.5,Low,1,4,1,1,1,0,0,1,0,0,1,0,10.625,74.375,0.0,0.3333333333333333,Low Value,5780.0,1,Churned
39167-TAM,Female,41,No,Tamil Nadu,6,15,NO DEAL,Yes,No,No,No Type,No,No,No,No,No,No,No,No,Month-to-Month,Yes,Mailed Check,20.5,77.6,0.0,0,14.52,92.12,Stayed,Others,Others,0,Middle Age,13-24 Months,Growing,6.141333333333334,14.52,92.12,0.2225358228397742,4.493658536585366,High,1,1,0,0,1,0,0,0,0,0,1,0,5.173333333333333,15.326666666666668,0.0,0.1576204950065132,Low Value,840.5,1,Churned
17901-TEL,Female,75,Yes,Telangana,7,26,Deal 5,No,No,Yes,DSL,No,Yes,No,No,No,No,No,Yes,Month-to-Month,No,Bank Withdrawal,28.45,131.05,0.0,0,0.0,131.05,Churned,Dissatisfaction,Limited range of services,1,Elder,25-48 Months,Established,5.040384615384616,0.0,131.05,0.2170927127050743,4.606326889279438,High,1,2,0,1,0,0,0,1,0,0,0,0,5.040384615384616,23.409615384615385,0.0,0.0,Low Value,2133.75,1,Churned
12340-DEL,Female,51,Yes,Delhi,0,10,NO DEAL,Yes,No,Yes,Cable,No,No,No,No,Yes,Yes,Yes,Yes,Month-to-Month,Yes,Credit Card,62.8,62.8,0.0,0,42.19,104.99,Joined,Others,Others,0,Senior,7-12 Months,Growing,10.499,42.19,104.99,0.5981522049719021,1.6718152866242038,No Referral,0,5,3,0,1,0,0,1,0,0,1,0,6.279999999999999,56.52,0.0,0.4018477950280979,Low Value,3202.8,1,Churned
53732-TAM,Female,20,No,Tamil Nadu,8,8,Deal 2,Yes,No,Yes,DSL,Yes,Yes,Yes,Yes,No,Yes,Yes,Yes,One Year,No,Credit Card,73.9,3160.55,0.0,0,241.5,3402.05,Churned,Price,Price too high,1,Young Adult,7-12 Months,Growing,425.25625,241.5,3402.05,0.0217221969106862,46.03585926928282,High,1,8,2,4,1,0,1,1,1,0,0,0,395.06875,-321.16875000000005,0.0,0.0709866110139474,High Value,1478.0,1,Churned
29261-TEL,Male,29,No,Telangana,9,10,Deal 2,Yes,No,Yes,Cable,No,Yes,No,No,Yes,Yes,Yes,Yes,One Year,Yes,Bank Withdrawal,94.4,5610.25,0.0,0,2844.0,8454.25,Churned,Attitude,Attitude of support person,1,Young Adult,7-12 Months,Growing,845.425,2844.0,8454.25,0.0111659816068841,89.55773305084745,High,1,6,3,1,1,0,1,1,0,0,1,0,561.025,-466.625,0.0,0.3363988526480764,Very High Value,2737.6000000000004,1,Churned
86243-KER,Female,63,Yes,Kerala,15,8,Deal 5,Yes,No,Yes,Fiber Optic,No,No,Yes,No,No,Yes,Yes,Yes,Month-to-Month,Yes,Mailed Check,-5.0,178.7,0.0,0,48.1,226.8,Churned,Attitude,Attitude of service provider,1,Elder,7-12 Months,Growing,28.35,48.1,226.8,-0.0220458553791887,-45.36,High,1,5,2,1,1,0,0,1,0,0,1,0,22.3375,-27.3375,0.0,0.2120811287477954,Low Value,-315.0,1,Churned
62731-KER,Male,69,Yes,Kerala,8,21,NO DEAL,Yes,Yes,Yes,Fiber Optic,No,No,No,Yes,Yes,No,No,Yes,Month-to-Month,Yes,Bank Withdrawal,90.5,1910.6,0.0,0,1014.42,2925.02,Churned,Other,Don't know,1,Elder,13-24 Months,Growing,139.28666666666666,1014.42,2925.02,0.030939959384893,32.320662983425414,High,1,5,1,1,1,1,0,1,0,0,1,0,90.98095238095236,-0.4809523809523739,0.0,0.34680788507429,High Value,6244.5,1,Churned
31476-TEL,Male,42,Yes,Telangana,5,33,Deal 5,Yes,No,No,No Type,No,No,No,No,No,No,No,No,Month-to-Month,No,Credit Card,19.95,19.95,0.0,0,27.08,47.03,Joined,Others,Others,0,Middle Age,25-48 Months,Established,1.4251515151515153,27.08,47.03,0.4241973208590261,2.357393483709273,Medium,1,1,0,0,1,0,0,0,0,0,0,0,0.6045454545454545,19.345454545454544,0.0,0.5758026791409738,Low Value,837.9,1,Churned
47240-DEL,Male,28,No,Delhi,4,32,Deal 3,Yes,No,Yes,DSL,No,No,Yes,Yes,Yes,Yes,Yes,Yes,One Year,Yes,Mailed Check,73.9,2405.05,0.0,0,1099.56,3504.61,Churned,Competitor,Competitor had better devices,1,Young Adult,25-48 Months,Established,109.5190625,1099.56,3504.61,0.0210865117659311,47.42368064952638,Medium,1,7,3,2,1,0,1,1,0,0,1,0,75.1578125,-1.2578125,0.0,0.3137467507083527,High Value,2069.2000000000003,1,Churned
78085-JHA,Female,47,No,Jharkhand,3,33,NO DEAL,Yes,Yes,Yes,Fiber Optic,No,Yes,No,No,No,No,No,Yes,Month-to-Month,Yes,Bank Withdrawal,79.35,1730.35,0.0,0,422.18,2152.53,Churned,Dissatisfaction,Product dissatisfaction,1,Senior,25-48 Months,Established,65.22818181818182,422.18,2152.53,0.0368635977198924,27.127032136105864,Medium,1,4,0,1,1,1,0,1,0,0,1,0,52.43484848484848,26.915151515151518,0.0,0.1961319935146084,High Value,3729.45,1,Churned
64242-GUJ,Male,39,No,Gujarat,5,31,NO DEAL,Yes,Yes,Yes,DSL,No,Yes,No,Yes,Yes,Yes,Yes,Yes,One Year,Yes,Mailed Check,79.45,2587.7,0.0,0,208.01,2795.71,Churned,Dissatisfaction,Product dissatisfaction,1,Middle Age,25-48 Months,Established,90.1841935483871,208.01,2795.71,0.0284185412650096,35.1882945248584,Medium,1,8,3,2,1,1,1,1,0,0,1,0,83.47419354838709,-4.024193548387089,0.0,0.0744032821716129,High Value,3098.55,1,Churned
28189-TEL,Male,66,No,Telangana,2,27,NO DEAL,Yes,No,Yes,Cable,No,Yes,No,No,No,No,No,Yes,Month-to-Month,Yes,Credit Card,49.9,130.1,0.0,0,139.71,269.81,Churned,Other,Moved,1,Elder,25-48 Months,Established,9.992962962962965,139.71,269.81,0.1849449612690411,5.407014028056112,Low,1,3,0,1,1,0,0,1,0,0,1,0,4.818518518518518,45.08148148148148,0.0,0.5178088284348246,Low Value,3293.4,1,Churned
92549-HAR,Male,39,No,Haryana,3,11,NO DEAL,Yes,No,Yes,Fiber Optic,No,No,No,No,Yes,No,No,Yes,Month-to-Month,Yes,Bank Withdrawal,78.9,2384.15,0.0,0,1285.57,3669.72,Churned,Price,Extra data charges,1,Middle Age,7-12 Months,Growing,333.61090909090905,1285.57,3669.72,0.0215002779503613,46.51102661596958,Medium,1,3,1,0,1,0,0,1,0,0,1,0,216.7409090909091,-137.8409090909091,0.0,0.3503182804137645,High Value,3077.1000000000004,1,Churned
94169-JHA,Female,69,No,Jharkhand,5,34,NO DEAL,No,No,Yes,DSL,No,Yes,Yes,No,Yes,Yes,No,Yes,Month-to-Month,Yes,Bank Withdrawal,54.45,2854.55,20.16,0,0.0,2834.39,Churned,Price,Price too high,1,Elder,25-48 Months,Established,83.36441176470588,0.0,2814.23,0.0192104826788127,52.05491276400367,Medium,1,5,2,2,0,0,0,1,0,0,1,0,83.95735294117648,-29.50735294117648,0.0070624091362911,0.0,High Value,3757.05,1,Churned
98812-MAH,Male,57,Yes,Maharashtra,3,10,Deal 5,No,No,Yes,DSL,No,Yes,No,No,No,No,No,Yes,Month-to-Month,No,Bank Withdrawal,29.95,29.95,0.0,0,0.0,29.95,Churned,Competitor,Competitor had better devices,1,Senior,7-12 Months,Growing,2.995,0.0,29.95,1.0,1.0,Medium,1,2,0,1,0,0,0,1,0,0,0,0,2.995,26.955,0.0,0.0,Low Value,1707.15,1,Churned
41031-TAM,Female,60,Yes,Tamil Nadu,12,6,NO DEAL,Yes,No,Yes,Fiber Optic,No,No,No,No,Yes,Yes,Yes,Yes,Month-to-Month,Yes,Bank Withdrawal,90.2,1776.55,0.0,0,993.8,2770.35,Churned,Other,Moved,1,Senior,0-6 Months,New,461.725,993.8,2770.35,0.0325590629342862,30.71341463414634,High,1,5,3,0,1,0,0,1,0,0,1,0,296.09166666666664,-205.89166666666665,0.0,0.3587272366307506,High Value,5412.0,1,Churned
17476-JAM,Male,56,No,Jammu & Kashmir,3,10,NO DEAL,Yes,No,No,No Type,No,No,No,No,No,No,No,No,Two Year,No,Credit Card,19.35,1099.6,14.22,0,1571.17,2656.55,Churned,Price,Price too high,1,Senior,7-12 Months,Growing,265.65500000000003,1571.17,2642.3300000000004,0.0072838832320114,137.2894056847545,Medium,1,1,0,0,1,0,1,0,0,0,0,0,109.96,-90.61,0.0129319752637322,0.591432497035629,High Value,1083.6,1,Churned
86156-TAM,Female,51,Yes,Tamil Nadu,9,9,Deal 5,Yes,Yes,Yes,Fiber Optic,No,Yes,No,No,Yes,Yes,Yes,Yes,Month-to-Month,No,Bank Withdrawal,100.85,819.55,0.0,0,26.16,845.71,Churned,Attitude,Attitude of service provider,1,Senior,7-12 Months,Growing,93.96777777777778,26.16,845.71,0.1192489151127454,8.38582052553297,High,1,7,3,1,1,1,0,1,0,0,0,0,91.0611111111111,9.788888888888891,0.0,0.0309325891854181,Medium Value,5143.349999999999,1,Churned
67594-BIH,Female,70,No,Bihar,3,21,NO DEAL,Yes,Yes,Yes,Fiber Optic,No,No,No,No,Yes,Yes,Yes,Yes,Month-to-Month,Yes,Bank Withdrawal,95.15,997.65,0.0,0,39.82,1037.47,Churned,Price,Extra data charges,1,Elder,13-24 Months,Growing,49.403333333333336,39.82,1037.47,0.0917134953299854,10.903520756699947,Medium,1,6,3,0,1,1,0,1,0,0,1,0,47.50714285714285,47.64285714285715,0.0,0.0383818327276933,Medium Value,6660.5,1,Churned
36159-CHH,Female,43,No,Chhattisgarh,1,28,Deal 4,Yes,Yes,Yes,Fiber Optic,No,Yes,No,No,No,No,No,Yes,Month-to-Month,Yes,Bank Withdrawal,80.5,896.9,0.0,0,126.5,1023.4,Churned,Dissatisfaction,Product dissatisfaction,1,Middle Age,25-48 Months,Established,36.55,126.5,1023.4,0.0786593707250342,12.71304347826087,Low,1,4,0,1,1,1,0,1,0,0,1,0,32.03214285714286,48.46785714285714,0.0,0.1236075825679108,Medium Value,3461.5,1,Churned
42623-MAH,Female,47,No,Maharashtra,7,36,Deal 4,Yes,Yes,Yes,Fiber Optic,No,No,No,No,Yes,No,No,Yes,Month-to-Month,Yes,Bank Withdrawal,85.25,1734.5,0.0,0,27.2,1761.7,Churned,Other,Moved,1,Senior,25-48 Months,Established,48.93611111111111,27.2,1761.7,0.0483907589260373,20.665102639296187,High,1,4,1,0,1,1,0,1,0,0,1,0,48.18055555555556,37.06944444444444,0.0,0.0154396321734688,Medium Value,4006.75,1,Churned
86714-AND,Male,65,No,Andhra Pradesh,12,18,NO DEAL,Yes,Yes,Yes,Cable,No,Yes,No,No,No,Yes,Yes,Yes,One Year,No,Credit Card,88.4,3912.9,0.0,0,1083.28,4996.18,Churned,Competitor,Competitor made better offer,1,Elder,13-24 Months,Growing,277.5655555555556,1083.28,4996.18,0.0176935178476355,56.51787330316742,High,1,6,2,1,1,1,1,1,0,0,0,0,217.38333333333333,-128.98333333333332,0.0,0.2168216517419308,Very High Value,5746.0,1,Churned
49610-HAR,Female,30,Yes,Haryana,7,23,Deal 4,Yes,Yes,Yes,Fiber Optic,No,No,No,No,No,No,Yes,Yes,Month-to-Month,Yes,Credit Card,74.15,811.8,0.0,0,292.4,1104.2,Churned,Attitude,Attitude of support person,1,Young Adult,13-24 Months,Growing,48.00869565217391,292.4,1104.2,0.0671526897301213,14.891436277815238,High,1,4,1,0,1,1,0,1,0,0,1,0,35.29565217391304,38.854347826086965,0.0,0.2648071001630139,Medium Value,2224.5,1,Churned
31918-KAR,Female,37,No,Karnataka,15,34,NO DEAL,No,No,Yes,Cable,Yes,No,Yes,Yes,No,No,No,Yes,Month-to-Month,No,Credit Card,41.35,107.25,0.0,0,0.0,107.25,Joined,Others,Others,0,Middle Age,25-48 Months,Established,3.1544117647058822,0.0,107.25,0.3855477855477855,2.593712212817412,High,1,4,0,3,0,0,0,1,1,0,0,0,3.1544117647058822,38.19558823529412,0.0,0.0,Low Value,1529.95,1,Churned
33564-JAM,Female,30,No,Jammu & Kashmir,3,10,NO DEAL,Yes,Yes,Yes,Fiber Optic,No,No,No,No,Yes,No,No,Yes,Month-to-Month,Yes,Bank Withdrawal,86.45,3029.1,0.0,0,667.45,3696.55,Churned,Competitor,Competitor made better offer,1,Young Adult,7-12 Months,Growing,369.655,667.45,3696.55,0.0233866713557235,42.7593984962406,Medium,1,4,1,0,1,1,0,1,0,0,1,0,302.91,-216.46,0.0,0.1805602521269832,High Value,2593.5,1,Churned
41762-RAJ,Female,30,Yes,Rajasthan,9,13,NO DEAL,Yes,No,Yes,Fiber Optic,Yes,No,No,No,Yes,Yes,Yes,Yes,Month-to-Month,Yes,Bank Withdrawal,95.6,95.6,0.0,0,6.67,102.27,Churned,Other,Don't know,1,Young Adult,13-24 Months,Growing,7.866923076923077,6.67,102.27,0.9347804830351032,1.0697698744769877,High,1,6,3,1,1,0,0,1,1,0,1,0,7.3538461538461535,88.24615384615385,0.0,0.0652195169648968,Low Value,2868.0,1,Churned
66413-TAM,Female,53,No,Tamil Nadu,12,4,NO DEAL,Yes,No,Yes,Fiber Optic,No,No,No,No,Yes,No,No,No,Month-to-Month,Yes,Bank Withdrawal,80.5,232.35,0.0,0,80.58,312.93,Joined,Others,Others,0,Senior,0-6 Months,New,78.2325,80.58,312.93,0.2572460294634582,3.887329192546584,High,1,2,1,0,1,0,0,1,0,0,1,0,58.0875,22.4125,0.0,0.2575016776914965,Low Value,4266.5,1,Churned
46097-AND,Male,28,Yes,Andhra Pradesh,11,33,Deal 5,Yes,Yes,Yes,Fiber Optic,No,No,No,No,No,No,Yes,Yes,Month-to-Month,Yes,Bank Withdrawal,74.9,74.9,0.0,0,1.84,76.74,Churned,Other,Moved,1,Young Adult,25-48 Months,Established,2.325454545454545,1.84,76.74,0.9760229345843108,1.0245660881174898,High,1,4,1,0,1,1,0,1,0,0,1,0,2.26969696969697,72.63030303030304,0.0,0.0239770654156893,Low Value,2097.2000000000003,1,Churned
87000-MAH,Male,42,Yes,Maharashtra,14,13,NO DEAL,Yes,No,Yes,Fiber Optic,No,No,No,Yes,Yes,Yes,Yes,Yes,Month-to-Month,Yes,Bank Withdrawal,96.0,2122.45,0.0,0,594.24,2716.69,Churned,Competitor,Competitor had better devices,1,Middle Age,13-24 Months,Growing,208.97615384615384,594.24,2716.69,0.0353371198038789,28.29885416666667,High,1,6,3,1,1,0,0,1,0,0,1,0,163.2653846153846,-67.26538461538459,0.0,0.2187367715860109,High Value,4032.0,1,Churned
33035-WES,Male,62,No,West Bengal,5,6,Deal 5,No,No,Yes,Cable,No,No,No,No,No,No,No,Yes,Month-to-Month,No,Bank Withdrawal,24.8,24.8,0.0,0,0.0,24.8,Churned,Dissatisfaction,Service dissatisfaction,1,Elder,0-6 Months,New,4.133333333333334,0.0,24.8,1.0,1.0,Medium,1,1,0,0,0,0,0,1,0,0,0,0,4.133333333333334,20.666666666666668,0.0,0.0,Low Value,1537.6,1,Churned
63300-UTT,Male,58,No,Uttar Pradesh,4,1,Deal 5,Yes,No,Yes,Fiber Optic,No,No,No,No,Yes,No,No,Yes,Month-to-Month,No,Bank Withdrawal,78.8,78.8,0.0,0,28.04,106.84,Churned,Attitude,Attitude of service provider,1,Senior,0-6 Months,New,106.84,28.04,106.84,0.7375514788468738,1.3558375634517768,Medium,1,3,1,0,1,0,0,1,0,0,0,0,78.8,0.0,0.0,0.2624485211531261,Low Value,4570.4,1,Churned
88898-HAR,Male,50,No,Haryana,8,31,Deal 5,Yes,No,Yes,Fiber Optic,No,No,No,No,Yes,No,No,No,Month-to-Month,No,Bank Withdrawal,77.85,299.2,0.0,10,171.2,480.4,Churned,Other,Don't know,1,Senior,25-48 Months,Established,15.496774193548386,181.2,480.4,0.1620524562864279,6.170841361592807,High,1,2,1,0,1,0,0,1,0,0,0,0,9.651612903225804,68.19838709677418,0.0,0.3771856786011657,Low Value,3892.5,1,Churned
58240-TAM,Male,41,Yes,Tamil Nadu,6,1,NO DEAL,Yes,No,Yes,Fiber Optic,No,No,No,No,No,No,No,Yes,Month-to-Month,Yes,Bank Withdrawal,70.1,659.65,34.69,0,220.3,845.26,Churned,Dissatisfaction,Network reliability,1,Middle Age,0-6 Months,New,845.26,220.3,810.5699999999999,0.0829330620164209,12.057917261055636,High,1,2,0,0,1,0,0,1,0,0,1,0,659.65,-589.55,0.0525884938982793,0.2606298653668694,Medium Value,2874.1,1,Churned
97615-MAH,Female,23,Yes,Maharashtra,11,10,Deal 5,Yes,No,No,No Type,No,No,No,No,No,No,No,No,Month-to-Month,No,Credit Card,20.2,20.2,0.0,0,41.1,61.3,Joined,Others,Others,0,Young Adult,7-12 Months,Growing,6.13,41.1,61.3,0.3295269168026101,3.0346534653465347,High,1,1,0,0,1,0,0,0,0,0,0,0,2.02,18.18,0.0,0.67047308319739,Low Value,464.6,1,Churned
73718-JAM,Female,41,Yes,Jammu & Kashmir,1,20,NO DEAL,Yes,Yes,Yes,Fiber Optic,No,Yes,Yes,Yes,Yes,Yes,Yes,Yes,Two Year,Yes,Bank Withdrawal,107.95,5293.2,0.0,0,316.05,5609.25,Churned,Competitor,Competitor made better offer,1,Middle Age,13-24 Months,Growing,280.4625,316.05,5609.25,0.0192449971029995,51.96155627605373,Low,1,9,3,3,1,1,1,1,0,0,1,0,264.66,-156.70999999999998,0.0,0.0563444310736729,Very High Value,4425.95,1,Churned
57326-JAM,Female,24,Yes,Jammu & Kashmir,5,9,NO DEAL,Yes,No,Yes,Fiber Optic,Yes,No,No,No,No,No,Yes,Yes,Month-to-Month,Yes,Credit Card,73.6,73.6,0.0,0,6.19,79.79,Churned,Competitor,Competitor made better offer,1,Young Adult,7-12 Months,Growing,8.865555555555556,6.19,79.79,0.9224213560596564,1.084103260869565,Medium,1,4,1,1,1,0,0,1,1,0,1,0,8.177777777777777,65.42222222222222,0.0,0.0775786439403434,Low Value,1766.4,1,Churned
27654-TAM,Female,36,Yes,Tamil Nadu,6,25,NO DEAL,Yes,Yes,Yes,Fiber Optic,No,No,No,No,Yes,Yes,Yes,Yes,Month-to-Month,Yes,Bank Withdrawal,97.65,3207.55,0.0,0,1473.22,4680.77,Churned,Other,Don't know,1,Middle Age,25-48 Months,Established,187.2308,1473.22,4680.77,0.0208619522001721,47.93415258576549,High,1,6,3,0,1,1,0,1,0,0,1,0,128.30200000000002,-30.65200000000001,0.0,0.3147388143403756,High Value,3515.4,1,Churned
42089-MAH,Female,32,No,Maharashtra,2,34,Deal 5,Yes,No,No,No Type,No,No,No,No,No,No,No,No,Month-to-Month,No,Credit Card,20.7,57.5,0.0,0,115.23,172.73,Joined,Others,Others,0,Middle Age,25-48 Months,Established,5.080294117647059,115.23,172.73,0.1198402130492676,8.344444444444445,Low,1,1,0,0,1,0,0,0,0,0,0,0,1.6911764705882353,19.008823529411764,0.0,0.6671105193075899,Low Value,662.4,1,Churned
83333-BIH,Female,19,No,Bihar,4,3,NO DEAL,Yes,Yes,Yes,Fiber Optic,No,Yes,Yes,No,Yes,Yes,Yes,Yes,Month-to-Month,Yes,Bank Withdrawal,107.4,5121.3,0.0,0,249.12,5370.42,Churned,Attitude,Attitude of support person,1,Young Adult,0-6 Months,New,1790.14,249.12,5370.42,0.0199984358765236,50.00391061452514,Medium,1,8,3,2,1,1,0,1,0,0,1,0,1707.1,-1599.7,0.0,0.0463874333850983,Very High Value,2040.6,1,Churned
23608-GUJ,Female,65,Yes,Gujarat,14,32,Deal 2,No,No,Yes,DSL,No,Yes,Yes,No,Yes,Yes,No,Yes,Month-to-Month,No,Credit Card,55.55,2342.2,0.0,0,0.0,2342.2,Churned,Competitor,Competitor had better devices,1,Elder,25-48 Months,Established,73.19375,0.0,2342.2,0.0237170181880283,42.16381638163816,High,1,5,2,2,0,0,0,1,0,0,0,0,73.19375,-17.643749999999997,0.0,0.0,High Value,3610.75,1,Churned
16141-UTT,Female,49,No,Uttar Pradesh,15,35,NO DEAL,Yes,Yes,Yes,Fiber Optic,Yes,No,No,No,No,No,No,Yes,Month-to-Month,Yes,Bank Withdrawal,79.05,434.5,0.0,0,118.44,552.94,Churned,Dissatisfaction,Network reliability,1,Senior,25-48 Months,Established,15.798285714285717,118.44,552.94,0.1429630701341917,6.994813409234663,High,1,4,0,1,1,1,0,1,1,0,1,0,12.414285714285716,66.63571428571429,0.0,0.2142004557456505,Low Value,3873.45,1,Churned
12808-MAH,Male,70,Yes,Maharashtra,4,9,NO DEAL,Yes,Yes,Yes,Fiber Optic,Yes,Yes,No,No,Yes,Yes,No,Yes,Month-to-Month,Yes,Credit Card,102.8,2660.2,0.0,0,912.5,3572.7,Churned,Price,Price too high,1,Elder,7-12 Months,Growing,396.9666666666666,912.5,3572.7,0.0287737565426708,34.753891050583654,Medium,1,7,2,2,1,1,0,1,1,0,1,0,295.5777777777778,-192.77777777777777,0.0,0.2554090743695245,High Value,7196.0,1,Churned
36372-JAM,Male,41,No,Jammu & Kashmir,9,27,NO DEAL,Yes,No,Yes,DSL,No,No,No,No,No,No,No,Yes,Month-to-Month,No,Bank Withdrawal,45.15,416.45,0.0,0,140.58,557.03,Churned,Dissatisfaction,Product dissatisfaction,1,Middle Age,25-48 Months,Established,20.63074074074074,140.58,557.03,0.0810548803475575,12.337320044296789,High,1,2,0,0,1,0,0,1,0,0,0,0,15.424074074074074,29.725925925925925,0.0,0.2523741988761826,Low Value,1851.15,1,Churned
13745-UTT,Female,38,Yes,Uttar Pradesh,0,29,Deal 5,Yes,No,Yes,Fiber Optic,No,No,No,No,No,No,No,Yes,Month-to-Month,Yes,Bank Withdrawal,68.5,68.5,0.0,0,30.62,99.12,Churned,Competitor,Competitor offered more data,1,Middle Age,25-48 Months,Established,3.4179310344827587,30.62,99.12,0.6910815173527037,1.447007299270073,No Referral,0,2,0,0,1,0,0,1,0,0,1,0,2.362068965517241,66.13793103448276,0.0,0.3089184826472962,Low Value,2603.0,1,Churned
86709-TEL,Male,36,No,Telangana,6,19,Deal 5,Yes,Yes,Yes,Fiber Optic,No,No,No,No,No,No,No,Yes,Month-to-Month,Yes,Credit Card,74.75,229.5,0.0,0,105.54,335.04,Churned,Competitor,Competitor had better devices,1,Middle Age,13-24 Months,Growing,17.633684210526315,105.54,335.04,0.2231076886341929,4.482140468227425,High,1,3,0,0,1,1,0,1,0,0,1,0,12.078947368421051,62.67105263157895,0.0,0.3150071633237822,Low Value,2691.0,1,Churned
35841-KAR,Female,53,No,Karnataka,5,4,Deal 5,Yes,Yes,Yes,Fiber Optic,No,Yes,No,Yes,No,No,No,Yes,Month-to-Month,Yes,Bank Withdrawal,85.4,401.1,45.37,0,211.45,567.18,Churned,Dissatisfaction,Network reliability,1,Senior,0-6 Months,New,141.795,211.45,521.81,0.1505694841143905,6.6414519906323175,Medium,1,5,0,2,1,1,0,1,0,0,1,0,100.275,-14.875,0.113113936674146,0.3728093374237455,Low Value,4526.200000000001,1,Churned
54073-JAM,Male,32,No,Jammu & Kashmir,8,34,NO DEAL,Yes,No,Yes,Fiber Optic,No,No,No,No,Yes,No,No,Yes,Month-to-Month,Yes,Bank Withdrawal,79.7,586.05,0.0,0,202.44,788.49,Churned,Attitude,Attitude of support person,1,Middle Age,25-48 Months,Established,23.190882352941177,202.44,788.49,0.1010792781138632,9.893224592220829,High,1,3,1,0,1,0,0,1,0,0,1,0,17.23676470588235,62.46323529411765,0.0,0.2567439029030171,Medium Value,2550.4,1,Churned
48929-JAM,Female,30,Yes,Jammu & Kashmir,9,9,NO DEAL,Yes,Yes,Yes,Cable,No,No,Yes,Yes,No,No,No,Yes,Month-to-Month,Yes,Bank Withdrawal,87.25,3941.7,0.0,0,201.6,4143.3,Churned,Competitor,Competitor made better offer,1,Young Adult,7-12 Months,Growing,460.3666666666667,201.6,4143.3,0.0210580937899741,47.48767908309456,High,1,5,0,2,1,1,0,1,0,0,1,0,437.9666666666666,-350.71666666666664,0.0,0.0486568677141409,High Value,2617.5,1,Churned
12736-ASS,Female,62,No,Assam,10,3,NO DEAL,Yes,No,Yes,Fiber Optic,No,No,No,No,No,No,No,Yes,Month-to-Month,Yes,Bank Withdrawal,69.35,69.35,0.0,0,22.03,91.38,Churned,Attitude,Attitude of service provider,1,Elder,0-6 Months,New,30.46,22.03,91.38,0.7589188006128256,1.3176640230713772,High,1,2,0,0,1,0,0,1,0,0,1,0,23.116666666666664,46.23333333333333,0.0,0.2410811993871744,Low Value,4299.7,1,Churned
66014-JAM,Male,30,Yes,Jammu & Kashmir,9,6,NO DEAL,Yes,No,Yes,Fiber Optic,No,No,No,No,No,Yes,Yes,Yes,Month-to-Month,Yes,Bank Withdrawal,80.8,80.8,0.0,0,41.77,122.57,Churned,Competitor,Competitor made better offer,1,Young Adult,0-6 Months,New,20.42833333333333,41.77,122.57,0.6592151423676267,1.5169554455445544,High,1,4,2,0,1,0,0,1,0,0,1,0,13.466666666666669,67.33333333333333,0.0,0.3407848576323734,Low Value,2424.0,1,Churned
88664-KAR,Female,73,Yes,Karnataka,3,34,Deal 5,Yes,No,Yes,Fiber Optic,Yes,Yes,No,No,No,No,No,Yes,Month-to-Month,No,Bank Withdrawal,80.7,374.8,0.0,0,181.35,556.15,Stayed,Others,Others,0,Elder,25-48 Months,Established,16.35735294117647,181.35,556.15,0.1451047379304144,6.891573729863692,Medium,1,4,0,2,1,0,0,1,1,0,0,0,11.023529411764706,69.6764705882353,0.0,0.3260810932302436,Low Value,5891.1,1,Churned
64095-BIH,Male,27,No,Bihar,2,17,NO DEAL,Yes,No,No,No Type,No,No,No,No,No,No,No,No,One Year,Yes,Bank Withdrawal,-3.0,20.2,0.0,0,44.69,64.89,Joined,Others,Others,0,Young Adult,13-24 Months,Growing,3.817058823529412,44.69,64.89,-0.0462320850670365,-21.63,Low,1,1,0,0,1,0,1,0,0,0,1,0,1.188235294117647,-4.188235294117647,0.0,0.6887039605486207,Low Value,-81.0,1,Churned
41944-UTT,Female,57,Yes,Uttar Pradesh,10,28,Deal 5,Yes,Yes,Yes,Fiber Optic,No,No,No,No,No,Yes,Yes,Yes,Month-to-Month,Yes,Bank Withdrawal,86.0,165.45,0.0,0,86.94,252.39,Churned,Attitude,Attitude of support person,1,Senior,25-48 Months,Established,9.01392857142857,86.94,252.39,0.3407425016839019,2.934767441860465,High,1,5,2,0,1,1,0,1,0,0,1,0,5.908928571428571,80.09107142857142,0.0,0.3444668964697492,Low Value,4902.0,1,Churned
59273-JAM,Female,36,No,Jammu & Kashmir,3,36,Deal 1,Yes,No,Yes,Fiber Optic,Yes,Yes,No,No,No,Yes,Yes,Yes,One Year,Yes,Credit Card,90.6,6056.15,0.0,0,2060.25,8116.4,Churned,Competitor,Competitor made better offer,1,Middle Age,25-48 Months,Established,225.45555555555555,2060.25,8116.4,0.0111625843970233,89.58498896247241,Medium,1,6,2,2,1,0,1,1,1,0,1,0,168.2263888888889,-77.6263888888889,0.0,0.2538379084323099,Very High Value,3261.6,1,Churned
23837-BIH,Female,64,No,Bihar,14,5,Deal 5,Yes,Yes,Yes,Fiber Optic,No,Yes,Yes,No,Yes,Yes,No,Yes,Month-to-Month,Yes,Bank Withdrawal,105.0,294.45,0.0,0,106.29,400.74,Churned,Attitude,Attitude of support person,1,Elder,0-6 Months,New,80.148,106.29,400.74,0.2620152717472676,3.8165714285714287,High,1,7,2,2,1,1,0,1,0,0,1,0,58.89,46.11,0.0,0.2652343165144483,Low Value,6720.0,1,Churned
74061-MAD,Male,81,Yes,Madhya Pradesh,2,18,NO DEAL,Yes,Yes,Yes,Fiber Optic,Yes,Yes,No,No,No,Yes,Yes,Yes,Month-to-Month,Yes,Credit Card,94.7,673.1,0.0,0,67.9,741.0,Churned,Attitude,Attitude of service provider,1,Elder,13-24 Months,Growing,41.16666666666666,67.9,741.0,0.127800269905533,7.824709609292502,Low,1,7,2,2,1,1,0,1,1,0,1,0,37.394444444444446,57.30555555555556,0.0,0.0916329284750337,Medium Value,7670.7,1,Churned
92374-TAM,Female,23,No,Tamil Nadu,12,12,NO DEAL,Yes,No,Yes,Fiber Optic,No,No,No,No,No,No,Yes,Yes,Month-to-Month,Yes,Bank Withdrawal,69.6,69.6,0.0,0,46.21,115.81,Churned,Competitor,Competitor made better offer,1,Young Adult,7-12 Months,Growing,9.650833333333331,46.21,115.81,0.600984370952422,1.6639367816091957,High,1,3,1,0,1,0,0,1,0,0,1,0,5.8,63.8,0.0,0.3990156290475779,Low Value,1600.8,1,Churned
21543-UTT,Male,71,No,Uttar Pradesh,3,23,NO DEAL,Yes,Yes,Yes,Fiber Optic,No,No,No,No,No,No,No,Yes,Month-to-Month,Yes,Bank Withdrawal,73.55,73.55,0.0,0,36.92,110.47,Churned,Price,Price too high,1,Elder,13-24 Months,Growing,4.80304347826087,36.92,110.47,0.6657916176337467,1.5019714479945616,Medium,1,3,0,0,1,1,0,1,0,0,1,0,3.1978260869565216,70.35217391304347,0.0,0.3342083823662533,Low Value,5222.05,1,Churned
34135-JAM,Female,64,Yes,Jammu & Kashmir,7,14,NO DEAL,Yes,Yes,Yes,Fiber Optic,No,No,Yes,Yes,Yes,Yes,Yes,Yes,Month-to-Month,Yes,Bank Withdrawal,105.0,4026.4,0.0,0,725.04,4751.44,Churned,Other,Don't know,1,Elder,13-24 Months,Growing,339.3885714285714,725.04,4751.44,0.0220985638038152,45.25180952380952,High,1,8,3,2,1,1,0,1,0,0,1,0,287.6,-182.6,0.0,0.1525937400030306,High Value,6720.0,1,Churned
75671-PUD,Female,34,Yes,Puducherry,8,13,NO DEAL,Yes,No,Yes,Cable,No,No,No,No,No,No,No,Yes,Month-to-Month,Yes,Bank Withdrawal,45.4,80.95,0.0,0,21.62,102.57,Joined,Others,Others,0,Middle Age,13-24 Months,Growing,7.89,21.62,102.57,0.4426245490884274,2.2592511013215857,High,1,2,0,0,1,0,0,1,0,0,1,0,6.226923076923077,39.17307692307692,0.0,0.2107828799844009,Low Value,1543.6,1,Churned
89326-TAM,Male,61,Yes,Tamil Nadu,7,1,Deal 5,Yes,Yes,Yes,Fiber Optic,No,No,No,No,Yes,Yes,Yes,Yes,Month-to-Month,Yes,Bank Withdrawal,93.3,93.3,0.0,0,7.99,101.29,Churned,Other,Moved,1,Elder,0-6 Months,New,101.29,7.99,101.29,0.9211175831770164,1.0856377277599143,High,1,6,3,0,1,1,0,1,0,0,1,0,93.3,0.0,0.0,0.0788824168229835,Low Value,5691.3,1,Churned
77854-UTT,Female,23,No,Uttar Pradesh,13,6,Deal 2,Yes,No,No,No Type,No,No,No,No,No,No,No,No,One Year,No,Bank Withdrawal,20.8,1021.8,0.0,0,2006.05,3027.85,Churned,Price,Price too high,1,Young Adult,0-6 Months,New,504.64166666666665,2006.05,3027.85,0.0068695609095562,145.56971153846152,High,1,1,0,0,1,0,1,0,0,0,0,0,170.29999999999998,-149.49999999999997,0.0,0.6625328203180475,High Value,478.4,1,Churned
29525-TAM,Female,50,Yes,Tamil Nadu,9,3,Deal 5,No,No,Yes,DSL,No,No,No,No,No,No,No,Yes,Month-to-Month,No,Credit Card,25.0,78.25,0.0,0,0.0,78.25,Joined,Others,Others,0,Senior,0-6 Months,New,26.08333333333333,0.0,78.25,0.3194888178913738,3.13,High,1,1,0,0,0,0,0,1,0,0,0,0,26.08333333333333,-1.083333333333332,0.0,0.0,Low Value,1250.0,1,Churned
95445-AND,Female,35,No,Andhra Pradesh,3,10,Deal 5,No,No,Yes,DSL,No,Yes,No,No,No,No,No,No,Month-to-Month,Yes,Bank Withdrawal,29.95,248.95,0.0,10,0.0,258.95,Churned,Competitor,Competitor offered more data,1,Middle Age,7-12 Months,Growing,25.895,10.0,258.95,0.1156593937053485,8.646076794657763,Medium,1,1,0,1,0,0,0,1,0,0,1,0,24.895,5.055,0.0,0.0386174937246572,Low Value,1048.25,1,Churned
86710-MAH,Female,72,No,Maharashtra,9,14,NO DEAL,Yes,Yes,Yes,Fiber Optic,No,Yes,No,No,Yes,Yes,No,No,Month-to-Month,Yes,Bank Withdrawal,99.7,2967.35,0.0,80,1308.3,4355.65,Churned,Dissatisfaction,Product dissatisfaction,1,Elder,13-24 Months,Growing,311.11785714285713,1388.3,4355.65,0.0228898097872877,43.68756268806419,High,1,5,2,1,1,1,0,1,0,0,1,0,211.95357142857145,-112.25357142857142,0.0,0.3187354355836672,High Value,7178.400000000001,1,Churned
38353-PUN,Male,43,Yes,Punjab,12,23,NO DEAL,No,No,Yes,Cable,No,Yes,No,No,Yes,Yes,Yes,No,Two Year,No,Bank Withdrawal,49.35,3515.25,0.0,100,0.0,3615.25,Churned,Dissatisfaction,Product dissatisfaction,1,Middle Age,13-24 Months,Growing,157.18478260869566,100.0,3615.25,0.0136505082636055,73.25734549138804,High,1,4,3,1,0,0,1,1,0,0,0,0,152.83695652173913,-103.48695652173912,0.0,0.0276606043842057,High Value,2122.05,1,Churned
72188-KAR,Male,66,No,Karnataka,13,19,NO DEAL,Yes,No,Yes,Fiber Optic,No,No,No,No,Yes,No,No,Yes,Month-to-Month,Yes,Bank Withdrawal,-7.0,79.2,0.0,0,20.06,99.26,Churned,Competitor,Competitor made better offer,1,Elder,13-24 Months,Growing,5.224210526315789,20.06,99.26,-0.0705218617771509,-14.18,High,1,3,1,0,1,0,0,1,0,0,1,0,4.16842105263158,-11.16842105263158,0.0,0.2020955067499496,Low Value,-462.0,1,Churned
18415-KAR,Female,33,Yes,Karnataka,7,36,NO DEAL,Yes,No,No,No Type,No,No,No,No,No,No,No,No,Month-to-Month,No,Mailed Check,19.1,19.1,0.0,0,5.02,24.12,Joined,Others,Others,0,Middle Age,25-48 Months,Established,0.67,5.02,24.12,0.7918739635157546,1.26282722513089,High,1,1,0,0,1,0,0,0,0,0,0,0,0.5305555555555556,18.569444444444446,0.0,0.2081260364842454,Low Value,630.3000000000001,1,Churned
35635-TEL,Female,26,Yes,Telangana,10,5,NO DEAL,Yes,No,No,No Type,No,No,No,No,No,No,No,No,Month-to-Month,No,Mailed Check,20.4,20.4,0.0,0,17.81,38.21,Joined,Others,Others,0,Young Adult,0-6 Months,New,7.642,17.81,38.21,0.5338916514001569,1.8730392156862747,High,1,1,0,0,1,0,0,0,0,0,0,0,4.08,16.32,0.0,0.4661083485998429,Low Value,530.4,1,Churned
59558-MAH,Female,37,No,Maharashtra,9,20,Deal 4,No,No,Yes,DSL,No,No,No,Yes,Yes,Yes,Yes,Yes,Month-to-Month,Yes,Bank Withdrawal,49.95,810.2,0.0,0,0.0,810.2,Churned,Other,Don't know,1,Middle Age,13-24 Months,Growing,40.510000000000005,0.0,810.2,0.0616514440878795,16.22022022022022,High,1,5,3,1,0,0,0,1,0,0,1,0,40.510000000000005,9.439999999999998,0.0,0.0,Medium Value,1848.15,1,Churned
67752-MAH,Female,28,No,Maharashtra,0,24,NO DEAL,Yes,No,Yes,Cable,No,No,No,No,No,No,No,Yes,Month-to-Month,No,Credit Card,45.3,45.3,0.0,0,47.36,92.66,Joined,Others,Others,0,Young Adult,13-24 Months,Growing,3.860833333333333,47.36,92.66,0.4888840923807468,2.045474613686534,No Referral,0,2,0,0,1,0,0,1,0,0,0,0,1.8875,43.4125,0.0,0.5111159076192532,Low Value,1268.4,1,Churned
33720-BIH,Female,84,Yes,Bihar,9,24,Deal 2,Yes,Yes,Yes,Fiber Optic,No,Yes,No,No,Yes,No,No,No,Month-to-Month,Yes,Bank Withdrawal,88.05,4367.35,0.0,100,1856.0,6323.35,Churned,Competitor,Competitor made better offer,1,Elder,13-24 Months,Growing,263.47291666666666,1956.0,6323.35,0.0139245811160223,71.81544576944918,High,1,4,1,1,1,1,0,1,0,0,1,0,181.9729166666667,-93.9229166666667,0.0,0.3093297065637676,Very High Value,7396.2,1,Churned
95617-AND,Female,68,No,Andhra Pradesh,14,26,Deal 5,Yes,No,Yes,Cable,No,No,No,No,No,No,No,Yes,Month-to-Month,Yes,Mailed Check,44.45,44.45,0.0,0,48.31,92.76,Churned,Attitude,Attitude of service provider,1,Elder,25-48 Months,Established,3.567692307692308,48.31,92.76,0.4791936179387667,2.086839145106861,High,1,2,0,0,1,0,0,1,0,0,1,0,1.7096153846153848,42.74038461538462,0.0,0.5208063820612333,Low Value,3022.6000000000004,1,Churned
21575-AND,Female,66,No,Andhra Pradesh,10,12,Deal 3,Yes,Yes,Yes,Fiber Optic,No,Yes,No,No,Yes,No,No,Yes,Month-to-Month,Yes,Bank Withdrawal,88.95,2291.2,0.0,0,1191.5,3482.7,Churned,Competitor,Competitor made better offer,1,Elder,7-12 Months,Growing,290.225,1191.5,3482.7,0.0255405288999913,39.15345699831366,High,1,5,1,1,1,1,0,1,0,0,1,0,190.9333333333333,-101.9833333333333,0.0,0.3421196198351853,High Value,5870.7,1,Churned
39517-KAR,Male,57,No,Karnataka,13,19,NO DEAL,Yes,No,No,No Type,No,No,No,No,No,No,No,No,One Year,No,Credit Card,19.3,28.3,0.0,0,31.58,59.88,Churned,Price,Long distance charges,1,Senior,13-24 Months,Growing,3.1515789473684213,31.58,59.88,0.3223112892451569,3.1025906735751296,High,1,1,0,0,1,0,1,0,0,0,0,0,1.4894736842105265,17.810526315789474,0.0,0.5273881095524382,Low Value,1100.1,1,Churned
33304-JAM,Female,58,No,Jammu & Kashmir,0,32,Deal 3,Yes,No,Yes,Fiber Optic,No,Yes,No,No,No,No,No,Yes,Month-to-Month,Yes,Credit Card,73.95,2524.45,0.0,0,52.7,2577.15,Churned,Competitor,Competitor made better offer,1,Senior,25-48 Months,Established,80.5359375,52.7,2577.15,0.0286944880973168,34.8498985801217,No Referral,0,3,0,1,1,0,0,1,0,0,1,0,78.8890625,-4.939062499999992,0.0,0.0204489455406165,High Value,4289.1,1,Churned
84331-ASS,Female,56,Yes,Assam,4,35,Deal 2,Yes,Yes,Yes,Fiber Optic,No,Yes,Yes,Yes,Yes,Yes,Yes,No,Month-to-Month,Yes,Bank Withdrawal,109.55,5124.55,0.0,0,358.14,5482.69,Churned,Competitor,Competitor made better offer,1,Senior,25-48 Months,Established,156.6482857142857,358.14,5482.69,0.0199810676875767,50.04737562756732,Medium,1,8,3,3,1,1,0,1,0,0,1,0,146.4157142857143,-36.865714285714304,0.0,0.0653219496269167,Very High Value,6134.8,1,Churned
18036-TAM,Male,34,No,Tamil Nadu,8,13,NO DEAL,Yes,No,Yes,DSL,No,No,Yes,No,No,No,No,Yes,Month-to-Month,Yes,Bank Withdrawal,50.5,50.5,0.0,0,39.58,90.08,Churned,Competitor,Competitor made better offer,1,Middle Age,13-24 Months,Growing,6.929230769230769,39.58,90.08,0.5606127886323269,1.7837623762376238,High,1,3,0,1,1,0,0,1,0,0,1,0,3.8846153846153846,46.61538461538461,0.0,0.4393872113676731,Low Value,1717.0,1,Churned
51587-RAJ,Female,57,No,Rajasthan,15,7,NO DEAL,Yes,Yes,Yes,Fiber Optic,No,Yes,No,No,Yes,Yes,Yes,Yes,Month-to-Month,Yes,Bank Withdrawal,100.55,1415.55,0.0,0,517.58,1933.13,Churned,Dissatisfaction,Service dissatisfaction,1,Senior,7-12 Months,Growing,276.1614285714286,517.58,1933.13,0.0520140911371713,19.22555942317255,High,1,7,3,1,1,1,0,1,0,0,1,0,202.22142857142856,-101.67142857142856,0.0,0.2677419521708317,Medium Value,5731.349999999999,1,Churned
16794-TEL,Male,47,No,Telangana,9,3,NO DEAL,Yes,No,No,No Type,No,No,No,No,No,No,No,No,Month-to-Month,No,Mailed Check,19.7,19.7,0.0,0,1.91,21.61,Churned,Attitude,Attitude of service provider,1,Senior,0-6 Months,New,7.203333333333333,1.91,21.61,0.911614993058769,1.0969543147208125,High,1,1,0,0,1,0,0,0,0,0,0,0,6.566666666666666,13.133333333333333,0.0,0.0883850069412309,Low Value,925.9,1,Churned
23381-RAJ,Female,61,No,Rajasthan,12,36,Deal 5,Yes,Yes,Yes,Fiber Optic,No,No,Yes,No,No,No,No,Yes,Month-to-Month,Yes,Credit Card,79.55,79.55,0.0,0,5.1,84.65,Churned,Price,Price too high,1,Elder,25-48 Months,Established,2.351388888888889,5.1,84.65,0.939751919669226,1.0641106222501573,High,1,4,0,1,1,1,0,1,0,0,1,0,2.209722222222222,77.34027777777777,0.0,0.0602480803307737,Low Value,4852.55,1,Churned
47841-GUJ,Male,61,No,Gujarat,9,23,NO DEAL,Yes,No,Yes,Cable,No,No,No,No,No,Yes,Yes,Yes,Month-to-Month,Yes,Credit Card,55.7,55.7,0.0,0,48.22,103.92,Churned,Dissatisfaction,Product dissatisfaction,1,Elder,13-24 Months,Growing,4.518260869565218,48.22,103.92,0.5359892224788299,1.865709156193896,High,1,4,2,0,1,0,0,1,0,0,1,0,2.4217391304347826,53.27826086956522,0.0,0.4640107775211701,Low Value,3397.7000000000003,1,Churned
51961-BIH,Male,47,No,Bihar,9,25,Deal 5,Yes,No,Yes,DSL,Yes,No,No,No,No,No,No,Yes,Month-to-Month,No,Credit Card,50.95,123.05,0.0,0,73.92,196.97,Joined,Others,Others,0,Senior,25-48 Months,Established,7.8788,73.92,196.97,0.2586688328171803,3.86594700686948,High,1,3,0,1,1,0,0,1,1,0,0,0,4.922,46.028000000000006,0.0,0.3752855764837285,Low Value,2394.65,1,Churned
27812-TAM,Male,44,Yes,Tamil Nadu,13,14,Deal 5,Yes,No,Yes,DSL,No,No,No,Yes,No,No,No,Yes,Month-to-Month,Yes,Bank Withdrawal,49.2,216.9,0.0,0,36.55,253.45,Churned,Competitor,Competitor offered more data,1,Middle Age,13-24 Months,Growing,18.103571428571428,36.55,253.45,0.1941211284276978,5.151422764227641,High,1,3,0,1,1,0,0,1,0,0,1,0,15.492857142857144,33.707142857142856,0.0,0.1442099033339909,Low Value,2164.8,1,Churned
26279-AND,Female,55,No,Andhra Pradesh,8,9,NO DEAL,Yes,No,Yes,Cable,Yes,Yes,Yes,Yes,Yes,Yes,Yes,No,One Year,No,Bank Withdrawal,85.35,2530.4,0.0,20,1290.3,3840.7,Churned,Competitor,Competitor made better offer,1,Senior,7-12 Months,Growing,426.7444444444444,1310.3,3840.7,0.0222225115213372,44.99941417691857,High,1,8,3,4,1,0,1,1,1,0,0,0,281.1555555555556,-195.8055555555556,0.0,0.3411617673861535,High Value,4694.25,1,Churned
48489-TAM,Female,62,Yes,Tamil Nadu,15,28,Deal 3,Yes,No,Yes,Fiber Optic,No,No,No,No,No,No,No,Yes,Month-to-Month,Yes,Credit Card,70.0,2416.1,11.0,0,158.44,2563.54,Churned,Competitor,Competitor offered more data,1,Elder,25-48 Months,Established,91.555,158.44,2552.54,0.027305990934411,36.622,High,1,2,0,0,1,0,0,1,0,0,1,0,86.28928571428571,-16.28928571428571,0.0045527916890857,0.0618051600521154,High Value,4340.0,1,Churned
23632-HAR,Female,37,Yes,Haryana,2,16,Deal 5,Yes,No,Yes,Fiber Optic,Yes,No,No,No,Yes,Yes,Yes,Yes,Month-to-Month,No,Bank Withdrawal,97.1,184.15,0.0,0,78.7,262.85,Joined,Others,Others,0,Middle Age,13-24 Months,Growing,16.428125,78.7,262.85,0.3694122122883773,2.707003089598353,Low,1,6,3,1,1,0,0,1,1,0,0,0,11.509375,85.59062499999999,0.0,0.2994103100627734,Low Value,3592.7,1,Churned
64246-GUJ,Female,72,Yes,Gujarat,7,35,NO DEAL,Yes,Yes,Yes,Fiber Optic,No,Yes,Yes,No,Yes,Yes,Yes,Yes,One Year,Yes,Bank Withdrawal,103.75,6383.35,0.0,0,440.82,6824.17,Churned,Competitor,Competitor had better devices,1,Elder,25-48 Months,Established,194.97628571428567,440.82,6824.17,0.0152033141026674,65.77513253012049,High,1,8,3,2,1,1,1,1,0,0,1,0,182.3814285714286,-78.63142857142859,0.0,0.0645968667251841,Very High Value,7470.0,1,Churned
98279-GUJ,Female,72,Yes,Gujarat,1,20,NO DEAL,Yes,Yes,Yes,Fiber Optic,No,Yes,Yes,No,Yes,Yes,No,Yes,Month-to-Month,Yes,Bank Withdrawal,103.85,5485.5,0.0,0,2086.08,7571.58,Churned,Competitor,Competitor had better devices,1,Elder,13-24 Months,Growing,378.579,2086.08,7571.58,0.0137157634205806,72.90881078478576,Low,1,7,2,2,1,1,0,1,0,0,1,0,274.275,-170.42499999999998,0.0,0.2755144897102058,Very High Value,7477.2,1,Churned
38920-PUN,Female,50,No,Punjab,8,7,NO DEAL,Yes,No,Yes,Cable,No,No,No,No,No,No,No,No,Month-to-Month,Yes,Bank Withdrawal,43.85,43.85,0.0,10,15.9,69.75,Joined,Others,Others,0,Senior,7-12 Months,Growing,9.964285714285714,25.9,69.75,0.628673835125448,1.5906499429874572,High,1,1,0,0,1,0,0,1,0,0,1,0,6.264285714285714,37.58571428571429,0.0,0.3713261648745519,Low Value,2192.5,1,Churned
94275-WES,Female,25,No,West Bengal,8,32,NO DEAL,Yes,Yes,Yes,Fiber Optic,No,No,Yes,No,Yes,Yes,Yes,No,Month-to-Month,Yes,Bank Withdrawal,99.8,4872.45,0.0,130,2300.06,7302.51,Churned,Attitude,Attitude of support person,1,Young Adult,25-48 Months,Established,228.2034375,2430.06,7302.51,0.0136665338356263,73.17144288577154,High,1,6,3,1,1,1,0,1,0,0,1,0,152.2640625,-52.4640625,0.0,0.3327705131523271,Very High Value,2495.0,1,Churned
34756-PUN,Male,54,Yes,Punjab,8,13,Deal 5,Yes,No,Yes,Fiber Optic,No,No,No,No,No,No,No,Yes,Month-to-Month,Yes,Bank Withdrawal,70.3,70.3,0.0,0,15.92,86.22,Churned,Dissatisfaction,Service dissatisfaction,1,Senior,13-24 Months,Growing,6.632307692307692,15.92,86.22,0.8153560658779865,1.2264580369843527,High,1,2,0,0,1,0,0,1,0,0,1,0,5.407692307692307,64.8923076923077,0.0,0.1846439341220134,Low Value,3796.2,1,Churned
51597-MAD,Female,26,Yes,Madhya Pradesh,10,18,NO DEAL,Yes,No,No,No Type,No,No,No,No,No,No,No,No,Month-to-Month,No,Credit Card,19.9,19.9,0.0,0,1.5,21.4,Joined,Others,Others,0,Young Adult,13-24 Months,Growing,1.1888888888888889,1.5,21.4,0.9299065420560748,1.0753768844221103,High,1,1,0,0,1,0,0,0,0,0,0,0,1.1055555555555554,18.794444444444444,0.0,0.0700934579439252,Low Value,517.4,1,Churned
88107-JAM,Female,58,No,Jammu & Kashmir,10,34,NO DEAL,No,No,Yes,DSL,No,No,No,Yes,No,No,No,No,Month-to-Month,No,Credit Card,30.55,30.55,0.0,40,0.0,70.55,Joined,Others,Others,0,Senior,25-48 Months,Established,2.075,40.0,70.55,0.4330262225372077,2.309328968903437,High,1,1,0,1,0,0,0,1,0,0,0,0,0.8985294117647059,29.65147058823529,0.0,0.5669737774627923,Low Value,1771.9,1,Churned
65882-UTT,Female,71,No,Uttar Pradesh,8,12,NO DEAL,Yes,Yes,Yes,Fiber Optic,No,Yes,Yes,No,Yes,Yes,No,Yes,Month-to-Month,Yes,Bank Withdrawal,104.75,4323.45,0.0,0,681.24,5004.69,Churned,Dissatisfaction,Network reliability,1,Elder,7-12 Months,Growing,417.0575,681.24,5004.69,0.0209303673154581,47.77747016706444,High,1,7,2,2,1,1,0,1,0,0,1,0,360.2875,-255.5375,0.0,0.1361203191406461,Very High Value,7437.25,1,Churned
54321-TAM,Male,33,Yes,Tamil Nadu,2,22,NO DEAL,Yes,Yes,Yes,Fiber Optic,No,No,No,No,No,No,No,Yes,Month-to-Month,No,Bank Withdrawal,74.4,215.8,0.0,0,71.46,287.26,Churned,Other,Don't know,1,Middle Age,13-24 Months,Growing,13.057272727272728,71.46,287.26,0.2589988164032584,3.861021505376344,Low,1,3,0,0,1,1,0,1,0,0,0,0,9.80909090909091,64.5909090909091,0.0,0.2487641857550651,Low Value,2455.2000000000003,1,Churned
72294-JAM,Female,24,No,Jammu & Kashmir,1,2,NO DEAL,Yes,No,Yes,DSL,Yes,Yes,No,No,No,No,No,Yes,Month-to-Month,Yes,Mailed Check,55.25,2139.2,0.0,0,323.2,2462.4,Churned,Competitor,Competitor made better offer,1,Young Adult,0-6 Months,New,1231.2,323.2,2462.4,0.0224374593892137,44.56832579185521,Low,1,4,0,2,1,0,0,1,1,0,1,0,1069.6,-1014.35,0.0,0.1312540610786224,High Value,1326.0,1,Churned
86389-JAM,Female,74,No,Jammu & Kashmir,7,9,NO DEAL,Yes,Yes,Yes,Fiber Optic,No,No,Yes,No,Yes,Yes,No,No,Month-to-Month,Yes,Bank Withdrawal,98.55,1842.8,0.0,120,888.8,2851.6,Churned,Competitor,Competitor made better offer,1,Elder,7-12 Months,Growing,316.84444444444443,1008.8,2851.6,0.0345595455183055,28.93556570268899,High,1,5,2,1,1,1,0,1,0,0,1,0,204.7555555555556,-106.20555555555556,0.0,0.3537663066348716,High Value,7292.7,1,Churned
58833-WES,Female,40,Yes,West Bengal,8,11,NO DEAL,Yes,Yes,Yes,Fiber Optic,No,Yes,No,No,Yes,Yes,Yes,Yes,Month-to-Month,Yes,Bank Withdrawal,102.0,1145.35,0.0,0,86.79,1232.14,Churned,Competitor,Competitor offered more data,1,Middle Age,7-12 Months,Growing,112.01272727272728,86.79,1232.14,0.0827828006557696,12.079803921568628,High,1,7,3,1,1,1,0,1,0,0,1,0,104.12272727272726,-2.1227272727272606,0.0,0.0704384242050416,Medium Value,4080.0,1,Churned
15827-GUJ,Female,31,Yes,Gujarat,9,31,NO DEAL,Yes,No,Yes,DSL,No,Yes,No,No,No,No,No,Yes,Month-to-Month,No,Bank Withdrawal,50.55,50.55,0.0,0,30.96,81.51,Churned,Dissatisfaction,Product dissatisfaction,1,Middle Age,25-48 Months,Established,2.629354838709677,30.96,81.51,0.6201693043798306,1.6124629080118695,High,1,3,0,1,1,0,0,1,0,0,0,0,1.6306451612903226,48.91935483870967,0.0,0.3798306956201693,Low Value,1567.05,1,Churned
11882-BIH,Female,74,No,Bihar,14,15,Deal 5,Yes,No,Yes,Fiber Optic,No,No,No,No,No,Yes,No,Yes,Month-to-Month,No,Bank Withdrawal,78.95,378.4,0.0,0,61.35,439.75,Churned,Attitude,Attitude of support person,1,Elder,13-24 Months,Growing,29.316666666666663,61.35,439.75,0.1795338260375213,5.569981000633312,High,1,3,1,0,1,0,0,1,0,0,0,0,25.226666666666667,53.723333333333336,0.0,0.1395110858442297,Low Value,5842.3,1,Churned
76853-HAR,Female,60,No,Haryana,4,6,NO DEAL,Yes,Yes,Yes,Fiber Optic,No,No,No,Yes,Yes,No,No,Yes,Month-to-Month,Yes,Bank Withdrawal,91.65,1301.0,0.0,0,127.82,1428.82,Churned,Dissatisfaction,Network reliability,1,Senior,0-6 Months,New,238.13666666666663,127.82,1428.82,0.0641438389720188,15.589961811238403,Medium,1,5,1,1,1,1,0,1,0,0,1,0,216.83333333333331,-125.18333333333334,0.0,0.0894584342324435,Medium Value,5499.0,1,Churned
73069-MAH,Male,73,Yes,Maharashtra,10,28,Deal 5,No,No,Yes,DSL,No,Yes,Yes,No,No,Yes,No,Yes,Month-to-Month,Yes,Bank Withdrawal,43.3,43.3,0.0,0,0.0,43.3,Churned,Dissatisfaction,Poor expertise of online support,1,Elder,25-48 Months,Established,1.5464285714285713,0.0,43.3,1.0,1.0,High,1,4,1,2,0,0,0,1,0,0,1,0,1.5464285714285713,41.75357142857143,0.0,0.0,Low Value,3160.9,1,Churned
72067-TEL,Male,64,No,Telangana,2,22,Deal 5,Yes,Yes,Yes,Fiber Optic,No,No,No,No,No,No,No,Yes,Month-to-Month,Yes,Bank Withdrawal,74.9,541.15,0.0,0,327.53,868.68,Churned,Competitor,Competitor had better devices,1,Elder,13-24 Months,Growing,39.485454545454544,327.53,868.68,0.0862227747847308,11.597863818424564,Low,1,3,0,0,1,1,0,1,0,0,1,0,24.597727272727276,50.30227272727274,0.0,0.377043330110052,Medium Value,4793.6,1,Churned
36492-WES,Female,41,Yes,West Bengal,9,15,NO DEAL,Yes,No,Yes,Fiber Optic,No,No,Yes,Yes,No,Yes,Yes,Yes,Month-to-Month,Yes,Bank Withdrawal,87.55,3078.1,0.0,0,997.92,4076.02,Churned,Competitor,Competitor had better devices,1,Middle Age,13-24 Months,Growing,271.73466666666667,997.92,4076.02,0.0214792861664074,46.55648201027984,High,1,6,2,2,1,0,0,1,0,0,1,0,205.20666666666665,-117.65666666666664,0.0,0.2448270616925334,High Value,3589.55,1,Churned
72129-KAR,Male,84,No,Karnataka,9,36,Deal 3,Yes,No,Yes,Fiber Optic,No,No,No,No,Yes,Yes,No,Yes,Month-to-Month,Yes,Bank Withdrawal,91.25,2351.8,0.0,0,901.94,3253.74,Churned,Attitude,Attitude of support person,1,Elder,25-48 Months,Established,90.38166666666666,901.94,3253.74,0.0280446501564353,35.65742465753424,High,1,4,2,0,1,0,0,1,0,0,1,0,65.32777777777778,25.922222222222217,0.0,0.2772010056120034,High Value,7665.0,1,Churned
82558-UTT,Female,51,No,Uttar Pradesh,7,30,NO DEAL,Yes,No,Yes,DSL,No,No,Yes,No,Yes,Yes,Yes,Yes,Month-to-Month,Yes,Bank Withdrawal,70.05,346.4,0.0,0,71.3,417.7,Churned,Price,Price too high,1,Senior,25-48 Months,Established,13.923333333333334,71.3,417.7,0.1677040938472588,5.962883654532477,High,1,6,3,1,1,0,0,1,0,0,1,0,11.546666666666663,58.50333333333333,0.0,0.170696672252813,Low Value,3572.55,1,Churned
86315-TAM,Female,54,No,Tamil Nadu,6,13,Deal 5,Yes,No,No,No Type,No,No,No,No,No,No,No,No,Month-to-Month,No,Bank Withdrawal,20.95,20.95,0.0,0,2.29,23.24,Joined,Others,Others,0,Senior,13-24 Months,Growing,1.7876923076923077,2.29,23.24,0.9014629948364888,1.109307875894988,High,1,1,0,0,1,0,0,0,0,0,0,0,1.6115384615384616,19.338461538461537,0.0,0.0985370051635112,Low Value,1131.3,1,Churned
64339-GUJ,Female,67,No,Gujarat,5,20,NO DEAL,Yes,Yes,Yes,Fiber Optic,No,No,No,Yes,Yes,No,No,No,Month-to-Month,Yes,Credit Card,91.5,3236.35,40.79,90,834.75,4120.31,Stayed,Others,Others,0,Elder,13-24 Months,Growing,206.01550000000003,924.75,4079.52,0.022207066943992,45.03071038251367,Medium,1,4,1,1,1,1,0,1,0,0,1,0,161.8175,-70.3175,0.0126037047908909,0.2244369962454281,High Value,6130.5,1,Churned
82700-BIH,Male,25,No,Bihar,13,27,NO DEAL,Yes,No,Yes,Fiber Optic,No,Yes,Yes,Yes,Yes,Yes,Yes,Yes,One Year,Yes,Bank Withdrawal,105.0,5426.85,0.0,0,2563.08,7989.93,Churned,Other,Don't know,1,Young Adult,25-48 Months,Established,295.92333333333335,2563.08,7989.93,0.0131415419158866,76.09457142857143,High,1,8,3,3,1,0,1,1,0,0,1,0,200.99444444444447,-95.99444444444448,0.0,0.3207887928930541,Very High Value,2625.0,1,Churned
85946-WES,Female,81,Yes,West Bengal,4,30,NO DEAL,Yes,No,Yes,Fiber Optic,Yes,No,No,No,No,Yes,Yes,Yes,Month-to-Month,No,Bank Withdrawal,85.0,3969.4,0.0,0,1691.88,5661.28,Churned,Attitude,Attitude of support person,1,Elder,25-48 Months,Established,188.7093333333333,1691.88,5661.28,0.015014272390696,66.60329411764705,Medium,1,5,2,1,1,0,0,1,1,0,0,0,132.31333333333333,-47.31333333333333,0.0,0.2988511432043637,Very High Value,6885.0,1,Churned
47518-RAJ,Female,35,Yes,Rajasthan,12,29,Deal 5,Yes,No,No,No Type,No,No,No,No,No,No,No,No,Month-to-Month,Yes,Bank Withdrawal,21.0,21.0,0.0,0,16.66,37.66,Churned,Attitude,Attitude of support person,1,Middle Age,25-48 Months,Established,1.2986206896551722,16.66,37.66,0.5576208178438662,1.7933333333333332,High,1,1,0,0,1,0,0,0,0,0,1,0,0.7241379310344828,20.27586206896552,0.0,0.4423791821561338,Low Value,735.0,1,Churned
33167-UTT,Female,52,No,Uttar Pradesh,6,15,NO DEAL,Yes,Yes,Yes,Fiber Optic,No,Yes,Yes,No,Yes,Yes,Yes,Yes,Month-to-Month,Yes,Credit Card,104.5,5921.35,0.0,0,2287.41,8208.76,Churned,Dissatisfaction,Product dissatisfaction,1,Senior,13-24 Months,Growing,547.2506666666667,2287.41,8208.76,0.0127303027497453,78.55272727272728,High,1,8,3,2,1,1,0,1,0,0,1,0,394.7566666666667,-290.2566666666667,0.0,0.2786547541894268,Very High Value,5434.0,1,Churned
36839-MAD,Female,29,No,Madhya Pradesh,1,12,Deal 5,Yes,Yes,Yes,Fiber Optic,Yes,No,No,No,No,No,No,Yes,Month-to-Month,Yes,Bank Withdrawal,81.7,81.7,0.0,0,9.81,91.51,Churned,Dissatisfaction,Service dissatisfaction,1,Young Adult,7-12 Months,Growing,7.625833333333333,9.81,91.51,0.8927986012457655,1.1200734394124847,Low,1,4,0,1,1,1,0,1,1,0,1,0,6.808333333333334,74.89166666666667,0.0,0.1072013987542345,Low Value,2369.3,1,Churned
41455-MAD,Male,25,Yes,Madhya Pradesh,8,19,Deal 5,Yes,No,No,No Type,No,No,No,No,No,No,No,No,Month-to-Month,No,Mailed Check,19.85,64.55,0.0,0,96.03,160.58,Churned,Price,Price too high,1,Young Adult,13-24 Months,Growing,8.451578947368422,96.03,160.58,0.1236143978079462,8.089672544080605,High,1,1,0,0,1,0,0,0,0,0,0,0,3.397368421052632,16.45263157894737,0.0,0.59801967866484,Low Value,496.25000000000006,1,Churned
83845-UTT,Female,39,Yes,Uttar Pradesh,9,15,NO DEAL,Yes,Yes,Yes,Fiber Optic,Yes,No,Yes,No,Yes,Yes,Yes,Yes,One Year,Yes,Credit Card,106.95,5785.5,0.0,0,1579.4,7364.9,Churned,Competitor,Competitor had better devices,1,Middle Age,13-24 Months,Growing,490.9933333333333,1579.4,7364.9,0.0145215820988743,68.86302010285179,High,1,8,3,2,1,1,1,1,1,0,1,0,385.7,-278.75,0.0,0.2144496191394316,Very High Value,4171.05,1,Churned
84577-TEL,Female,59,Yes,Telangana,11,29,NO DEAL,Yes,No,Yes,Cable,No,Yes,No,No,Yes,No,No,Yes,Month-to-Month,Yes,Bank Withdrawal,59.0,114.15,0.0,0,54.04,168.19,Joined,Others,Others,0,Senior,25-48 Months,Established,5.799655172413793,54.04,168.19,0.3507937451691539,2.8506779661016948,High,1,4,1,1,1,0,0,1,0,0,1,0,3.936206896551724,55.06379310344828,0.0,0.3213032879481539,Low Value,3481.0,1,Churned
28574-UTT,Female,23,Yes,Uttar Pradesh,4,7,NO DEAL,Yes,No,Yes,Fiber Optic,No,No,No,No,Yes,No,No,Yes,Month-to-Month,Yes,Bank Withdrawal,80.85,356.1,0.0,0,239.55,595.65,Stayed,Others,Others,0,Young Adult,7-12 Months,Growing,85.09285714285714,239.55,595.65,0.1357340720221606,7.36734693877551,Medium,1,3,1,0,1,0,0,1,0,0,1,0,50.871428571428574,29.97857142857142,0.0,0.4021657013346764,Low Value,1859.55,1,Churned
45398-GUJ,Female,39,No,Gujarat,15,29,Deal 1,Yes,Yes,Yes,Fiber Optic,No,Yes,No,No,Yes,Yes,Yes,No,Two Year,No,Bank Withdrawal,98.3,6859.5,0.0,20,2071.3,8950.8,Churned,Competitor,Competitor had better devices,1,Middle Age,25-48 Months,Established,308.64827586206894,2091.3,8950.8,0.0109822585690664,91.05595116988808,High,1,6,3,1,1,1,1,1,0,0,0,0,236.5344827586207,-138.2344827586207,0.0,0.2336439200965277,Very High Value,3833.7,1,Churned
78303-AND,Female,35,No,Andhra Pradesh,13,35,NO DEAL,Yes,Yes,Yes,Fiber Optic,No,No,Yes,Yes,Yes,Yes,Yes,Yes,Two Year,Yes,Bank Withdrawal,106.6,6428.4,0.0,0,2515.03,8943.43,Churned,Competitor,Competitor offered more data,1,Middle Age,25-48 Months,Established,255.52657142857143,2515.03,8943.43,0.0119193642707551,83.8970919324578,High,1,8,3,2,1,1,1,1,0,0,1,0,183.66857142857145,-77.06857142857143,0.0,0.2812153726254915,Very High Value,3731.0,1,Churned
23855-MAH,Female,53,Yes,Maharashtra,13,9,NO DEAL,Yes,No,Yes,DSL,No,No,No,No,No,No,No,Yes,Month-to-Month,No,Bank Withdrawal,44.9,111.05,0.0,0,10.16,121.21,Joined,Others,Others,0,Senior,7-12 Months,Growing,13.467777777777776,10.16,121.21,0.3704314825509446,2.699554565701559,High,1,2,0,0,1,0,0,1,0,0,0,0,12.338888888888889,32.56111111111111,0.0,0.0838214668756703,Low Value,2379.7,1,Churned
14583-DEL,Female,33,Yes,Delhi,6,24,Deal 4,Yes,Yes,Yes,Fiber Optic,Yes,Yes,No,No,Yes,No,No,Yes,Month-to-Month,Yes,Bank Withdrawal,96.65,1244.5,0.0,0,221.26,1465.76,Churned,Competitor,Competitor made better offer,1,Middle Age,13-24 Months,Growing,61.07333333333333,221.26,1465.76,0.0659384892478987,15.165649249870668,High,1,6,1,2,1,1,0,1,1,0,1,0,51.85416666666666,44.79583333333334,0.0,0.1509524069424735,Medium Value,3189.4500000000003,1,Churned
36345-PUN,Female,48,No,Punjab,7,31,Deal 4,Yes,Yes,Yes,Fiber Optic,No,No,No,No,No,No,No,Yes,Month-to-Month,No,Bank Withdrawal,75.6,1758.6,0.0,0,635.03,2393.63,Churned,Dissatisfaction,Network reliability,1,Senior,25-48 Months,Established,77.21387096774194,635.03,2393.63,0.0315838287454619,31.66177248677249,High,1,3,0,0,1,1,0,1,0,0,0,0,56.729032258064514,18.87096774193548,0.0,0.265299983706755,High Value,3628.8,1,Churned
35607-WES,Female,29,Yes,West Bengal,6,2,NO DEAL,No,No,Yes,DSL,No,No,No,No,No,No,No,Yes,Month-to-Month,Yes,Bank Withdrawal,23.9,300.8,0.0,0,0.0,300.8,Churned,Dissatisfaction,Limited range of services,1,Young Adult,0-6 Months,New,150.4,0.0,300.8,0.0794547872340425,12.585774058577408,High,1,1,0,0,0,0,0,1,0,0,1,0,150.4,-126.5,0.0,0.0,Low Value,693.0999999999999,1,Churned
57446-HAR,Female,38,No,Haryana,4,36,NO DEAL,Yes,Yes,Yes,DSL,No,Yes,No,Yes,No,No,No,Yes,Month-to-Month,Yes,Bank Withdrawal,60.05,1616.15,0.0,0,580.58,2196.73,Churned,Other,Don't know,1,Middle Age,25-48 Months,Established,61.02027777777778,580.58,2196.73,0.0273360859095109,36.581681931723566,Medium,1,5,0,2,1,1,0,1,0,0,1,0,44.89305555555556,15.15694444444444,0.0,0.2642928352596814,High Value,2281.9,1,Churned
43297-MAH,Male,60,No,Maharashtra,12,18,NO DEAL,Yes,No,Yes,Cable,No,No,No,Yes,No,No,No,No,Month-to-Month,Yes,Credit Card,50.2,109.25,0.0,10,12.68,131.93,Joined,Others,Others,0,Senior,13-24 Months,Growing,7.329444444444444,22.68,131.93,0.3805048131584931,2.6280876494023904,High,1,2,0,1,1,0,0,1,0,0,1,0,6.069444444444445,44.13055555555556,0.0,0.1719093458652315,Low Value,3012.0,1,Churned
26602-JAM,Female,27,Yes,Jammu & Kashmir,12,6,NO DEAL,Yes,Yes,Yes,Fiber Optic,Yes,Yes,Yes,No,Yes,No,Yes,Yes,Month-to-Month,Yes,Bank Withdrawal,98.75,4533.7,0.0,0,134.89,4668.59,Churned,Competitor,Competitor made better offer,1,Young Adult,0-6 Months,New,778.0983333333334,134.89,4668.59,0.0211519966413842,47.27686075949367,High,1,8,2,3,1,1,0,1,1,0,1,0,755.6166666666667,-656.8666666666667,0.0,0.0288930919185449,High Value,2666.25,1,Churned
34183-UTT,Male,52,No,Uttar Pradesh,1,28,NO DEAL,Yes,No,Yes,Fiber Optic,No,Yes,No,Yes,Yes,Yes,Yes,Yes,One Year,No,Bank Withdrawal,100.0,1888.65,0.0,0,835.05,2723.7,Churned,Competitor,Competitor offered more data,1,Senior,25-48 Months,Established,97.275,835.05,2723.7,0.0367147630062048,27.237,Low,1,7,3,2,1,0,1,1,0,0,0,0,67.45178571428572,32.54821428571428,0.0,0.3065866284833131,High Value,5200.0,1,Churned
31859-MAH,Male,46,No,Maharashtra,5,35,NO DEAL,Yes,No,No,No Type,No,No,No,No,No,No,No,No,Month-to-Month,No,Credit Card,19.75,19.75,0.0,0,11.91,31.66,Churned,Attitude,Attitude of support person,1,Senior,25-48 Months,Established,0.9045714285714286,11.91,31.66,0.6238155401137081,1.6030379746835444,Medium,1,1,0,0,1,0,0,0,0,0,0,0,0.5642857142857143,19.185714285714287,0.0,0.3761844598862918,Low Value,908.5,1,Churned
59750-AND,Female,49,Yes,Andhra Pradesh,11,4,NO DEAL,Yes,Yes,Yes,Fiber Optic,No,No,No,No,No,No,No,Yes,Month-to-Month,Yes,Credit Card,74.9,136.05,0.0,0,82.16,218.21,Joined,Others,Others,0,Senior,0-6 Months,New,54.5525,82.16,218.21,0.3432473305531369,2.913351134846462,High,1,3,0,0,1,1,0,1,0,0,1,0,34.0125,40.8875,0.0,0.3765180330873928,Low Value,3670.1,1,Churned
18385-KAR,Female,42,No,Karnataka,5,12,Deal 5,Yes,Yes,Yes,Fiber Optic,No,No,No,No,Yes,Yes,Yes,Yes,Month-to-Month,No,Credit Card,95.65,95.65,0.0,0,32.33,127.98,Churned,Attitude,Attitude of service provider,1,Middle Age,7-12 Months,Growing,10.665,32.33,127.98,0.747382403500547,1.338003136434919,Medium,1,6,3,0,1,1,0,1,0,0,0,0,7.970833333333334,87.67916666666667,0.0,0.252617596499453,Low Value,4017.3,1,Churned
15872-KAR,Female,60,No,Karnataka,3,15,Deal 4,Yes,No,No,No Type,No,No,No,No,No,No,No,No,Month-to-Month,No,Credit Card,20.1,221.35,0.0,0,363.66,585.01,Churned,Attitude,Attitude of support person,1,Senior,13-24 Months,Growing,39.00066666666667,363.66,585.01,0.034358387036119,29.104975124378107,Medium,1,1,0,0,1,0,0,0,0,0,0,0,14.756666666666666,5.343333333333336,0.0,0.6216303994803508,Low Value,1206.0,1,Churned
85050-GUJ,Male,72,Yes,Gujarat,3,17,NO DEAL,Yes,Yes,Yes,Fiber Optic,No,No,Yes,No,Yes,Yes,Yes,Yes,Month-to-Month,Yes,Bank Withdrawal,99.25,665.45,0.0,0,300.44,965.89,Churned,Attitude,Attitude of support person,1,Elder,13-24 Months,Growing,56.81705882352941,300.44,965.89,0.102754972098272,9.731889168765743,Medium,1,7,3,1,1,1,0,1,0,0,1,0,39.14411764705883,60.10588235294117,0.0,0.3110499125159179,Medium Value,7146.0,1,Churned
72667-HAR,Female,19,No,Haryana,15,5,NO DEAL,Yes,No,Yes,Cable,No,No,Yes,No,No,No,Yes,Yes,Month-to-Month,No,Bank Withdrawal,48.95,48.95,0.0,0,34.4,83.35,Churned,Competitor,Competitor offered higher download speeds,1,Young Adult,0-6 Months,New,16.669999999999998,34.4,83.35,0.5872825434913018,1.702757916241062,High,1,4,1,1,1,0,0,1,0,0,0,0,9.79,39.16,0.0,0.4127174565086983,Low Value,930.05,1,Churned
13495-BIH,Male,70,Yes,Bihar,5,4,Deal 4,Yes,No,Yes,Fiber Optic,No,No,No,No,No,Yes,No,Yes,Month-to-Month,No,Bank Withdrawal,78.55,1422.65,0.0,0,89.64,1512.29,Churned,Attitude,Attitude of support person,1,Elder,0-6 Months,New,378.0725,89.64,1512.29,0.0519410959538183,19.252577975811587,Medium,1,3,1,0,1,0,0,1,0,0,0,0,355.6625,-277.1125,0.0,0.059274345528966,Medium Value,5498.5,1,Churned
61477-PUN,Male,24,Yes,Punjab,2,3,Deal 5,Yes,No,Yes,Fiber Optic,No,No,No,Yes,Yes,No,No,Yes,Month-to-Month,Yes,Bank Withdrawal,84.8,84.8,0.0,0,37.83,122.63,Churned,Dissatisfaction,Network reliability,1,Young Adult,0-6 Months,New,40.876666666666665,37.83,122.63,0.6915110494984914,1.4461084905660375,Low,1,4,1,1,1,0,0,1,0,0,1,0,28.266666666666666,56.53333333333333,0.0,0.3084889505015086,Low Value,2035.2,1,Churned
93700-MAH,Female,57,No,Maharashtra,8,20,Deal 5,Yes,No,Yes,Cable,Yes,No,No,No,No,No,No,Yes,Month-to-Month,Yes,Credit Card,50.7,50.7,0.0,0,38.05,88.75,Joined,Others,Others,0,Senior,13-24 Months,Growing,4.4375,38.05,88.75,0.5712676056338029,1.7504930966469427,High,1,3,0,1,1,0,0,1,1,0,1,0,2.535,48.165000000000006,0.0,0.4287323943661971,Low Value,2889.9,1,Churned
33206-MAD,Female,56,No,Madhya Pradesh,12,33,Deal 5,Yes,Yes,Yes,Fiber Optic,No,Yes,No,No,Yes,No,No,Yes,Month-to-Month,Yes,Bank Withdrawal,91.65,365.4,0.0,0,87.24,452.64,Churned,Price,Extra data charges,1,Senior,25-48 Months,Established,13.716363636363637,87.24,452.64,0.2024787910922587,4.938788870703764,High,1,5,1,1,1,1,0,1,0,0,1,0,11.072727272727272,80.57727272727273,0.0,0.1927359490986214,Low Value,5132.400000000001,1,Churned
89167-TEL,Female,71,Yes,Telangana,13,6,Deal 3,Yes,Yes,Yes,Fiber Optic,No,Yes,Yes,No,Yes,Yes,Yes,Yes,Month-to-Month,Yes,Bank Withdrawal,104.25,2433.9,0.0,0,1194.24,3628.14,Churned,Competitor,Competitor offered higher download speeds,1,Elder,0-6 Months,New,604.6899999999999,1194.24,3628.14,0.0287337313334105,34.80230215827338,High,1,8,3,2,1,1,0,1,0,0,1,0,405.65,-301.40000000000003,0.0,0.3291603962360879,High Value,7401.75,1,Churned
42870-TAM,Male,84,Yes,Tamil Nadu,4,30,NO DEAL,Yes,Yes,Yes,Fiber Optic,No,No,No,No,No,No,No,Yes,Month-to-Month,Yes,Bank Withdrawal,75.75,75.75,0.0,0,8.35,84.1,Churned,Competitor,Competitor made better offer,1,Elder,25-48 Months,Established,2.803333333333333,8.35,84.1,0.9007134363852557,1.1102310231023105,Medium,1,3,0,0,1,1,0,1,0,0,1,0,2.525,73.225,0.0,0.0992865636147443,Low Value,6363.0,1,Churned
68589-MAD,Male,70,Yes,Madhya Pradesh,15,29,NO DEAL,Yes,Yes,Yes,Fiber Optic,No,No,No,No,Yes,Yes,No,Yes,Month-to-Month,Yes,Bank Withdrawal,96.55,3580.3,0.0,0,122.1,3702.4,Churned,Attitude,Attitude of service provider,1,Elder,25-48 Months,Established,127.6689655172414,122.1,3702.4,0.0260776793431287,38.34697048161574,High,1,5,2,0,1,1,0,1,0,0,1,0,123.45862068965518,-26.90862068965518,0.0,0.0329786084701815,High Value,6758.5,1,Churned
49649-UTT,Male,69,Yes,Uttar Pradesh,8,15,Deal 3,Yes,Yes,Yes,Fiber Optic,No,Yes,Yes,No,Yes,Yes,Yes,No,Month-to-Month,No,Bank Withdrawal,105.75,2710.25,0.0,90,32.76,2833.01,Churned,Dissatisfaction,Product dissatisfaction,1,Elder,13-24 Months,Growing,188.8673333333333,122.76,2833.01,0.0373277891712348,26.7896926713948,High,1,7,3,2,1,1,0,1,0,0,0,0,180.6833333333333,-74.93333333333334,0.0,0.0433320037698419,High Value,7296.75,1,Churned
57712-JAM,Female,29,Yes,Jammu & Kashmir,15,8,Deal 5,Yes,No,Yes,DSL,No,Yes,No,No,No,No,Yes,Yes,Month-to-Month,No,Credit Card,50.65,50.65,0.0,0,14.78,65.43,Churned,Competitor,Competitor made better offer,1,Young Adult,7-12 Months,Growing,8.17875,14.78,65.43,0.7741097355952926,1.291806515301086,High,1,4,1,1,1,0,0,1,0,0,0,0,6.33125,44.31875,0.0,0.2258902644047072,Low Value,1468.85,1,Churned
97413-TEL,Male,44,No,Telangana,3,10,Deal 4,Yes,Yes,Yes,Fiber Optic,No,No,No,No,No,No,No,Yes,Month-to-Month,Yes,Bank Withdrawal,74.9,1107.25,0.0,0,519.45,1626.7,Churned,Dissatisfaction,Lack of self-service on Website,1,Middle Age,7-12 Months,Growing,162.67000000000002,519.45,1626.7,0.046044138439786,21.71829105473965,Medium,1,3,0,0,1,1,0,1,0,0,1,0,110.725,-35.82499999999999,0.0,0.3193274727976886,Medium Value,3295.6000000000004,1,Churned
86369-BIH,Female,59,No,Bihar,1,2,Deal 5,Yes,Yes,Yes,DSL,No,Yes,No,No,No,No,No,No,Month-to-Month,No,Bank Withdrawal,54.3,54.3,0.0,10,34.02,98.32,Joined,Others,Others,0,Senior,0-6 Months,New,49.16,44.02,98.32,0.5522782750203418,1.810681399631676,Low,1,3,0,1,1,1,0,1,0,0,0,0,27.15,27.15,0.0,0.4477217249796583,Low Value,3203.7,1,Churned
53759-AND,Female,51,No,Andhra Pradesh,3,5,NO DEAL,Yes,Yes,Yes,Fiber Optic,No,Yes,No,No,Yes,Yes,Yes,No,Month-to-Month,Yes,Bank Withdrawal,99.15,3615.6,0.0,30,480.6,4126.2,Churned,Competitor,Competitor had better devices,1,Senior,0-6 Months,New,825.24,510.6,4126.2,0.0240293732732296,41.61573373676248,Medium,1,6,3,1,1,1,0,1,0,0,1,0,723.12,-623.97,0.0,0.1237458193979933,High Value,5056.650000000001,1,Churned
79637-TAM,Female,60,No,Tamil Nadu,9,18,NO DEAL,Yes,No,Yes,Cable,No,No,Yes,No,No,No,No,Yes,Month-to-Month,No,Bank Withdrawal,76.35,76.35,0.0,0,7.26,83.61,Churned,Attitude,Attitude of support person,1,Senior,13-24 Months,Growing,4.645,7.26,83.61,0.9131682813060638,1.0950884086444008,High,1,3,0,1,1,0,0,1,0,0,0,0,4.241666666666666,72.10833333333333,0.0,0.0868317186939361,Low Value,4581.0,1,Churned
62359-AND,Female,48,Yes,Andhra Pradesh,5,24,Deal 5,No,No,Yes,Cable,No,Yes,No,Yes,No,No,No,No,Month-to-Month,No,Credit Card,33.6,33.6,0.0,50,0.0,83.6,Joined,Others,Others,0,Senior,13-24 Months,Growing,3.483333333333333,50.0,83.6,0.4019138755980861,2.4880952380952377,Medium,1,2,0,2,0,0,0,1,0,0,0,0,1.4,32.2,0.0,0.5980861244019139,Low Value,1612.8000000000002,1,Churned
58091-MAD,Female,40,No,Madhya Pradesh,2,14,NO DEAL,Yes,Yes,Yes,DSL,No,No,No,No,No,No,No,Yes,Month-to-Month,No,Credit Card,51.75,201.1,0.0,0,39.92,241.02,Churned,Competitor,Competitor had better devices,1,Middle Age,13-24 Months,Growing,17.215714285714288,39.92,241.02,0.2147124719940253,4.6573913043478266,Low,1,3,0,0,1,1,0,1,0,0,0,0,14.364285714285714,37.385714285714286,0.0,0.1656294083478549,Low Value,2070.0,1,Churned
81763-DEL,Male,36,Yes,Delhi,7,7,NO DEAL,Yes,No,Yes,Fiber Optic,Yes,No,Yes,No,No,No,No,Yes,Month-to-Month,Yes,Bank Withdrawal,80.45,137.1,0.0,0,70.82,207.92,Joined,Others,Others,0,Middle Age,7-12 Months,Growing,29.70285714285714,70.82,207.92,0.3869276644863409,2.5844623990055933,High,1,4,0,2,1,0,0,1,1,0,1,0,19.585714285714285,60.864285714285714,0.0,0.3406117737591381,Low Value,2896.2000000000003,1,Churned
69122-WES,Female,81,No,West Bengal,15,15,Deal 4,Yes,No,Yes,Fiber Optic,No,No,No,No,No,No,No,Yes,Month-to-Month,No,Credit Card,71.3,1389.2,0.0,0,114.2,1503.4,Churned,Attitude,Attitude of service provider,1,Elder,13-24 Months,Growing,100.22666666666667,114.2,1503.4,0.0474258347745111,21.085553997194957,High,1,2,0,0,1,0,0,1,0,0,0,0,92.61333333333332,-21.313333333333333,0.0,0.0759611547159771,Medium Value,5775.3,1,Churned
63739-BIH,Female,22,Yes,Bihar,2,12,Deal 5,Yes,No,Yes,Fiber Optic,No,No,No,No,No,Yes,Yes,No,Month-to-Month,Yes,Bank Withdrawal,80.0,412.5,40.0,10,219.95,602.45,Churned,Competitor,Competitor made better offer,1,Young Adult,7-12 Months,Growing,50.20416666666667,229.95,562.45,0.1327911029960992,7.530625000000001,Low,1,3,2,0,1,0,0,1,0,0,1,0,34.375,45.625,0.0969696969696969,0.3816914266744127,Low Value,1760.0,1,Churned
89188-KAR,Female,26,Yes,Karnataka,3,9,NO DEAL,Yes,No,No,No Type,No,No,No,No,No,No,No,No,Month-to-Month,Yes,Mailed Check,20.55,33.6,0.0,0,33.4,67.0,Joined,Others,Others,0,Young Adult,7-12 Months,Growing,7.444444444444445,33.4,67.0,0.3067164179104478,3.2603406326034063,Medium,1,1,0,0,1,0,0,0,0,0,1,0,3.733333333333333,16.816666666666666,0.0,0.4985074626865671,Low Value,534.3000000000001,1,Churned
14389-DEL,Female,78,No,Delhi,4,33,Deal 3,Yes,Yes,Yes,Fiber Optic,Yes,No,No,No,No,Yes,No,Yes,One Year,Yes,Bank Withdrawal,89.05,2177.45,0.0,0,840.75,3018.2,Churned,Competitor,Competitor made better offer,1,Elder,25-48 Months,Established,91.46060606060604,840.75,3018.2,0.0295043403352991,33.893318360471646,Medium,1,5,1,1,1,1,1,1,1,0,1,0,65.98333333333333,23.066666666666663,0.0,0.2785600689152475,High Value,6945.9,1,Churned
53888-ODI,Female,24,Yes,Odisha,4,1,NO DEAL,Yes,No,Yes,Fiber Optic,Yes,No,Yes,No,Yes,Yes,Yes,No,Month-to-Month,Yes,Credit Card,99.0,287.4,0.0,10,100.17,397.57,Churned,Competitor,Competitor offered higher download speeds,1,Young Adult,0-6 Months,New,397.57,110.17,397.57,0.2490127524712629,4.015858585858585,Medium,1,6,3,2,1,0,0,1,1,0,1,0,287.4,-188.4,0.0,0.2771084337349397,Low Value,2376.0,1,Churned
63030-MAH,Male,44,Yes,Maharashtra,13,19,Deal 5,Yes,No,Yes,Cable,No,No,No,No,No,No,No,Yes,Month-to-Month,Yes,Bank Withdrawal,42.9,42.9,0.0,0,4.02,46.92,Churned,Competitor,Competitor had better devices,1,Middle Age,13-24 Months,Growing,2.4694736842105263,4.02,46.92,0.914322250639386,1.0937062937062938,High,1,2,0,0,1,0,0,1,0,0,1,0,2.2578947368421054,40.642105263157895,0.0,0.0856777493606138,Low Value,1887.6,1,Churned
92250-TAM,Female,25,Yes,Tamil Nadu,7,33,NO DEAL,Yes,Yes,Yes,Fiber Optic,No,No,No,No,No,No,No,Yes,Month-to-Month,No,Bank Withdrawal,76.0,76.0,0.0,0,35.01,111.01,Churned,Competitor,Competitor made better offer,1,Young Adult,25-48 Months,Established,3.3639393939393942,35.01,111.01,0.6846230069363121,1.4606578947368425,High,1,3,0,0,1,1,0,1,0,0,0,0,2.303030303030303,73.6969696969697,0.0,0.3153769930636879,Low Value,1900.0,1,Churned
99464-HAR,Male,67,Yes,Haryana,15,24,Deal 2,Yes,No,Yes,Fiber Optic,No,No,No,No,No,Yes,No,No,Month-to-Month,Yes,Bank Withdrawal,80.4,3605.2,0.0,20,2236.52,5861.72,Churned,Competitor,Competitor offered more data,1,Elder,13-24 Months,Growing,244.23833333333332,2256.52,5861.72,0.0137161106296445,72.90696517412935,High,1,2,1,0,1,0,0,1,0,0,1,0,150.21666666666667,-69.81666666666666,0.0,0.3849586810697201,Very High Value,5386.8,1,Churned
94208-AND,Female,43,Yes,Andhra Pradesh,6,1,Deal 5,Yes,Yes,Yes,Fiber Optic,No,No,No,No,Yes,No,No,Yes,Month-to-Month,Yes,Bank Withdrawal,87.05,762.1,0.0,0,364.72,1126.82,Churned,Price,Price too high,1,Middle Age,0-6 Months,New,1126.82,364.72,1126.82,0.0772527999148044,12.94451464675474,High,1,4,1,0,1,1,0,1,0,0,1,0,762.1,-675.0500000000001,0.0,0.3236719263058874,Medium Value,3743.15,1,Churned
14291-PUN,Female,40,No,Punjab,6,33,Deal 5,Yes,No,Yes,DSL,No,No,No,No,No,No,No,Yes,Month-to-Month,No,Mailed Check,44.4,44.4,0.0,0,32.44,76.84,Churned,Competitor,Competitor had better devices,1,Middle Age,25-48 Months,Established,2.3284848484848486,32.44,76.84,0.5778240499739719,1.7306306306306307,High,1,2,0,0,1,0,0,1,0,0,0,0,1.3454545454545457,43.054545454545455,0.0,0.422175950026028,Low Value,1776.0,1,Churned
41173-MAH,Female,76,Yes,Maharashtra,14,23,Deal 5,Yes,No,No,No Type,No,No,No,No,No,No,No,No,Month-to-Month,Yes,Credit Card,20.85,20.85,0.0,0,22.86,43.71,Churned,Attitude,Attitude of support person,1,Elder,13-24 Months,Growing,1.900434782608696,22.86,43.71,0.4770075497597804,2.096402877697842,High,1,1,0,0,1,0,0,0,0,0,1,0,0.9065217391304348,19.943478260869565,0.0,0.5229924502402196,Low Value,1584.6,1,Churned
78290-RAJ,Male,27,No,Rajasthan,1,10,Deal 3,Yes,No,Yes,Fiber Optic,No,Yes,No,No,Yes,No,No,Yes,Month-to-Month,Yes,Credit Card,86.3,3266.0,0.0,0,1569.75,4835.75,Churned,Competitor,Competitor had better devices,1,Young Adult,7-12 Months,Growing,483.575,1569.75,4835.75,0.0178462492891485,56.03418308227115,Low,1,4,1,1,1,0,0,1,0,0,1,0,326.6,-240.3,0.0,0.3246135552913198,Very High Value,2330.1,1,Churned
36479-ODI,Female,71,Yes,Odisha,2,15,NO DEAL,Yes,Yes,Yes,Fiber Optic,No,Yes,No,No,No,No,No,Yes,Month-to-Month,Yes,Bank Withdrawal,79.5,4370.25,0.0,0,2471.58,6841.83,Churned,Attitude,Attitude of support person,1,Elder,13-24 Months,Growing,456.122,2471.58,6841.83,0.0116196982386291,86.06075471698114,Low,1,4,0,1,1,1,0,1,0,0,1,0,291.35,-211.85,0.0,0.3612454562595095,Very High Value,5644.5,1,Churned
79616-WES,Female,51,Yes,West Bengal,11,8,NO DEAL,Yes,Yes,Yes,Fiber Optic,Yes,No,Yes,Yes,Yes,Yes,Yes,Yes,Two Year,No,Bank Withdrawal,108.65,6937.95,0.0,0,2722.2,9660.15,Churned,Attitude,Attitude of support person,1,Senior,7-12 Months,Growing,1207.51875,2722.2,9660.15,0.0112472373617386,88.91072250345144,High,1,9,3,3,1,1,1,1,1,0,0,0,867.24375,-758.59375,0.0,0.281796866508284,Very High Value,5541.150000000001,1,Churned
73715-BIH,Male,29,No,Bihar,4,25,NO DEAL,Yes,No,Yes,Fiber Optic,No,No,No,No,No,No,Yes,Yes,Month-to-Month,No,Bank Withdrawal,68.95,119.75,0.0,0,61.46,181.21,Churned,Competitor,Competitor had better devices,1,Young Adult,25-48 Months,Established,7.2484,61.46,181.21,0.3804977650240053,2.6281363306744017,Medium,1,3,1,0,1,0,0,1,0,0,0,0,4.79,64.16,0.0,0.3391645052701286,Low Value,1999.55,1,Churned
41047-TAM,Female,30,No,Tamil Nadu,5,19,NO DEAL,Yes,No,Yes,Fiber Optic,No,No,Yes,No,No,No,No,Yes,Month-to-Month,Yes,Bank Withdrawal,74.9,74.9,0.0,0,35.25,110.15,Churned,Competitor,Competitor had better devices,1,Young Adult,13-24 Months,Growing,5.797368421052632,35.25,110.15,0.6799818429414435,1.4706275033377836,Medium,1,3,0,1,1,0,0,1,0,0,1,0,3.9421052631578952,70.9578947368421,0.0,0.3200181570585565,Low Value,2247.0,1,Churned
51991-CHH,Female,62,No,Chhattisgarh,3,17,NO DEAL,Yes,Yes,Yes,DSL,No,No,No,No,No,Yes,No,Yes,Month-to-Month,Yes,Credit Card,61.6,1174.35,0.0,0,542.2,1716.55,Churned,Price,Long distance charges,1,Elder,13-24 Months,Growing,100.9735294117647,542.2,1716.55,0.0358859339955142,27.866071428571427,Medium,1,4,1,0,1,1,0,1,0,0,1,0,69.07941176470588,-7.47941176470588,0.0,0.3158661268241531,Medium Value,3819.2,1,Churned
57883-WES,Male,48,Yes,West Bengal,14,33,NO DEAL,Yes,No,Yes,Fiber Optic,No,Yes,No,No,No,Yes,Yes,Yes,Month-to-Month,Yes,Bank Withdrawal,84.4,556.35,0.0,0,131.82,688.17,Churned,Dissatisfaction,Service dissatisfaction,1,Senior,25-48 Months,Established,20.85363636363636,131.82,688.17,0.1226441140997137,8.15367298578199,High,1,5,2,1,1,0,0,1,0,0,1,0,16.85909090909091,67.5409090909091,0.0,0.1915515061685339,Medium Value,4051.2,1,Churned
12660-KER,Female,58,No,Kerala,10,17,NO DEAL,No,No,Yes,Cable,No,No,No,No,No,No,No,Yes,Month-to-Month,Yes,Credit Card,25.1,712.85,0.0,0,0.0,712.85,Churned,Competitor,Competitor offered higher download speeds,1,Senior,13-24 Months,Growing,41.93235294117648,0.0,712.85,0.0352107736550466,28.400398406374503,High,1,1,0,0,0,0,0,1,0,0,1,0,41.93235294117648,-16.832352941176474,0.0,0.0,Medium Value,1455.8000000000002,1,Churned
83939-AND,Female,42,No,Andhra Pradesh,8,27,NO DEAL,Yes,No,No,No Type,No,No,No,No,No,No,No,No,Month-to-Month,No,Bank Withdrawal,20.1,43.15,0.0,0,65.72,108.87,Joined,Others,Others,0,Middle Age,25-48 Months,Established,4.032222222222223,65.72,108.87,0.1846238633232295,5.416417910447761,High,1,1,0,0,1,0,0,0,0,0,0,0,1.598148148148148,18.501851851851853,0.0,0.6036557361991366,Low Value,844.2,1,Churned
33495-UTT,Male,81,No,Uttar Pradesh,14,23,NO DEAL,Yes,Yes,Yes,Fiber Optic,No,No,No,No,Yes,Yes,No,Yes,Month-to-Month,Yes,Bank Withdrawal,93.85,170.85,0.0,0,38.54,209.39,Churned,Dissatisfaction,Poor expertise of online support,1,Elder,13-24 Months,Growing,9.10391304347826,38.54,209.39,0.4482066956397154,2.2311134789557805,High,1,5,2,0,1,1,0,1,0,0,1,0,7.428260869565217,86.42173913043477,0.0,0.1840584555136348,Low Value,7601.849999999999,1,Churned
84978-PUD,Male,72,Yes,Puducherry,11,34,NO DEAL,Yes,Yes,Yes,Fiber Optic,No,No,Yes,No,Yes,Yes,No,No,Month-to-Month,Yes,Bank Withdrawal,99.05,3395.8,0.0,120,729.05,4244.85,Churned,Other,Don't know,1,Elder,25-48 Months,Established,124.84852941176472,849.05,4244.85,0.0233341578618796,42.85562847046946,High,1,5,2,1,1,1,0,1,0,0,1,0,99.87647058823528,-0.8264705882352956,0.0,0.2000188463667738,High Value,7131.599999999999,1,Churned
89219-GUJ,Female,77,No,Gujarat,8,21,NO DEAL,Yes,Yes,Yes,Cable,No,No,Yes,No,Yes,Yes,No,Yes,Month-to-Month,Yes,Credit Card,100.45,1622.45,0.0,0,479.06,2101.51,Churned,Competitor,Competitor offered more data,1,Elder,13-24 Months,Growing,100.07190476190478,479.06,2101.51,0.0477989636023621,20.920955699352916,High,1,6,2,1,1,1,0,1,0,0,1,0,77.25952380952381,23.19047619047619,0.0,0.2279598955037092,Medium Value,7734.650000000001,1,Churned
71254-UTT,Male,24,Yes,Uttar Pradesh,10,12,Deal 5,Yes,No,Yes,DSL,No,No,No,No,No,No,Yes,Yes,Month-to-Month,No,Credit Card,45.95,45.95,0.0,0,5.12,51.07,Churned,Attitude,Attitude of support person,1,Young Adult,7-12 Months,Growing,4.255833333333333,5.12,51.07,0.8997454474251029,1.1114254624591948,High,1,3,1,0,1,0,0,1,0,0,0,0,3.829166666666667,42.12083333333334,0.0,0.1002545525748972,Low Value,1102.8000000000002,1,Churned
55757-KAR,Female,32,Yes,Karnataka,2,9,Deal 5,Yes,No,Yes,Cable,No,No,Yes,Yes,No,No,No,Yes,Month-to-Month,Yes,Mailed Check,55.8,154.55,0.0,0,12.57,167.12,Joined,Others,Others,0,Middle Age,7-12 Months,Growing,18.56888888888889,12.57,167.12,0.3338918142651986,2.994982078853047,Low,1,4,0,2,1,0,0,1,0,0,1,0,17.172222222222224,38.62777777777777,0.0,0.0752154140737194,Low Value,1785.6,1,Churned
75099-RAJ,Male,32,Yes,Rajasthan,14,28,Deal 2,Yes,No,Yes,Fiber Optic,Yes,Yes,No,Yes,Yes,Yes,Yes,Yes,One Year,Yes,Credit Card,105.4,5643.4,0.0,0,2698.92,8342.32,Churned,Dissatisfaction,Product dissatisfaction,1,Middle Age,25-48 Months,Established,297.94,2698.92,8342.32,0.012634375089903,79.14914611005692,High,1,8,3,3,1,0,1,1,1,0,1,0,201.55,-96.14999999999998,0.0,0.3235215143988723,Very High Value,3372.8,1,Churned
66658-PUD,Male,67,No,Puducherry,5,32,Deal 2,Yes,Yes,Yes,Fiber Optic,No,Yes,No,No,Yes,Yes,No,Yes,Month-to-Month,Yes,Bank Withdrawal,101.9,5549.4,0.0,0,420.82,5970.22,Churned,Price,Price too high,1,Elder,25-48 Months,Established,186.569375,420.82,5970.22,0.0170680477436342,58.58900883218842,Medium,1,6,2,1,1,1,0,1,0,0,1,0,173.41875,-71.51874999999998,0.0,0.0704865147348003,Very High Value,6827.3,1,Churned
77491-JAM,Female,27,Yes,Jammu & Kashmir,7,13,NO DEAL,Yes,No,Yes,Cable,No,No,No,No,No,No,Yes,Yes,Month-to-Month,Yes,Mailed Check,45.3,45.3,0.0,0,39.94,85.24,Churned,Competitor,Competitor made better offer,1,Young Adult,13-24 Months,Growing,6.556923076923076,39.94,85.24,0.5314406381980291,1.8816777041942605,High,1,3,1,0,1,0,0,1,0,0,1,0,3.484615384615384,41.815384615384616,0.0,0.4685593618019709,Low Value,1223.1,1,Churned
79008-GUJ,Female,71,No,Gujarat,1,20,NO DEAL,Yes,Yes,Yes,Fiber Optic,No,Yes,Yes,No,Yes,Yes,No,Yes,One Year,Yes,Bank Withdrawal,106.25,6979.8,0.0,0,1214.85,8194.65,Churned,Competitor,Competitor made better offer,1,Elder,13-24 Months,Growing,409.7325,1214.85,8194.65,0.0129657764517093,77.12611764705882,Low,1,7,2,2,1,1,1,1,0,0,1,0,348.99,-242.74,0.0,0.1482491625633797,Very High Value,7543.75,1,Churned
41280-UTT,Male,78,Yes,Uttar Pradesh,10,16,NO DEAL,Yes,Yes,Yes,Fiber Optic,No,Yes,No,No,No,No,No,Yes,Month-to-Month,Yes,Bank Withdrawal,79.4,205.05,0.0,0,125.7,330.75,Churned,Dissatisfaction,Product dissatisfaction,1,Elder,13-24 Months,Growing,20.671875,125.7,330.75,0.2400604686318972,4.165617128463476,High,1,4,0,1,1,1,0,1,0,0,1,0,12.815625,66.58437500000001,0.0,0.3800453514739229,Low Value,6193.200000000001,1,Churned
24121-KAR,Female,40,No,Karnataka,6,11,NO DEAL,Yes,Yes,Yes,Fiber Optic,No,No,Yes,No,Yes,Yes,Yes,Yes,Month-to-Month,Yes,Bank Withdrawal,98.75,2407.3,0.0,0,904.56,3311.86,Churned,Competitor,Competitor had better devices,1,Middle Age,7-12 Months,Growing,301.0781818181818,904.56,3311.86,0.0298170816399243,33.537822784810125,High,1,7,3,1,1,1,0,1,0,0,1,0,218.84545454545457,-120.09545454545456,0.0,0.2731274872730127,High Value,3950.0,1,Churned
98612-WES,Male,27,Yes,West Bengal,7,25,Deal 4,Yes,Yes,No,No Type,No,No,No,No,No,No,No,No,Month-to-Month,Yes,Credit Card,25.4,399.6,0.0,0,687.6,1087.2,Churned,Attitude,Attitude of support person,1,Young Adult,25-48 Months,Established,43.488,687.6,1087.2,0.0233627667402501,42.803149606299215,High,1,2,0,0,1,1,0,0,0,0,1,0,15.984000000000002,9.415999999999997,0.0,0.6324503311258278,Medium Value,685.8,1,Churned
73384-RAJ,Female,31,No,Rajasthan,3,23,Deal 5,Yes,Yes,Yes,Fiber Optic,Yes,No,No,Yes,Yes,Yes,Yes,Yes,Month-to-Month,Yes,Bank Withdrawal,103.35,847.3,0.0,0,157.44,1004.74,Churned,Competitor,Competitor offered more data,1,Middle Age,13-24 Months,Growing,43.68434782608696,157.44,1004.74,0.1028624320719788,9.72172230285438,Medium,1,8,3,2,1,1,0,1,1,0,1,0,36.83913043478261,66.51086956521739,0.0,0.1566972550112466,Medium Value,3203.85,1,Churned
98767-WES,Female,26,No,West Bengal,14,7,NO DEAL,Yes,No,No,No Type,No,No,No,No,No,No,No,No,Month-to-Month,No,Credit Card,20.05,20.05,0.0,0,11.1,31.15,Joined,Others,Others,0,Young Adult,7-12 Months,Growing,4.45,11.1,31.15,0.6436597110754415,1.5536159600997506,High,1,1,0,0,1,0,0,0,0,0,0,0,2.8642857142857143,17.185714285714287,0.0,0.3563402889245586,Low Value,521.3000000000001,1,Churned
88976-TEL,Male,35,Yes,Telangana,10,12,NO DEAL,Yes,Yes,Yes,Fiber Optic,No,No,No,No,Yes,No,No,Yes,Month-to-Month,No,Bank Withdrawal,84.5,84.5,0.0,0,6.89,91.39,Churned,Price,Price too high,1,Middle Age,7-12 Months,Growing,7.615833333333334,6.89,91.39,0.9246088193456614,1.0815384615384616,High,1,4,1,0,1,1,0,1,0,0,0,0,7.041666666666667,77.45833333333333,0.0,0.0753911806543385,Low Value,2957.5,1,Churned
74575-HAR,Female,81,Yes,Haryana,0,13,NO DEAL,Yes,Yes,Yes,Fiber Optic,No,Yes,Yes,No,Yes,Yes,No,Yes,One Year,Yes,Credit Card,104.4,6405.0,0.0,0,2141.71,8546.71,Churned,Competitor,Competitor had better devices,1,Elder,13-24 Months,Growing,657.4392307692307,2141.71,8546.71,0.0122152266778678,81.86503831417623,No Referral,0,7,2,2,1,1,1,1,0,0,1,0,492.6923076923077,-388.2923076923077,0.0,0.2505888230675898,Very High Value,8456.4,1,Churned
91670-UTT,Female,75,Yes,Uttar Pradesh,10,32,NO DEAL,Yes,Yes,Yes,Fiber Optic,No,No,No,No,No,No,No,Yes,Month-to-Month,Yes,Bank Withdrawal,75.75,606.25,0.0,0,110.4,716.65,Churned,Competitor,Competitor offered more data,1,Elder,25-48 Months,Established,22.3953125,110.4,716.65,0.1057001325612223,9.46072607260726,High,1,3,0,0,1,1,0,1,0,0,1,0,18.9453125,56.8046875,0.0,0.1540500941882369,Medium Value,5681.25,1,Churned
27136-JAM,Female,52,Yes,Jammu & Kashmir,3,24,Deal 3,Yes,No,Yes,Fiber Optic,Yes,Yes,No,No,No,No,No,Yes,Month-to-Month,Yes,Bank Withdrawal,79.85,2015.35,0.0,0,670.25,2685.6,Churned,Competitor,Competitor made better offer,1,Senior,13-24 Months,Growing,111.9,670.25,2685.6,0.0297326481977956,33.63306199123356,Medium,1,4,0,2,1,0,0,1,1,0,1,0,83.97291666666666,-4.122916666666669,0.0,0.2495717902889484,High Value,4152.2,1,Churned
77392-KAR,Female,74,Yes,Karnataka,3,11,NO DEAL,No,No,Yes,DSL,No,No,No,No,Yes,Yes,No,Yes,One Year,Yes,Bank Withdrawal,45.25,3264.45,0.0,0,0.0,3264.45,Churned,Attitude,Attitude of service provider,1,Elder,7-12 Months,Growing,296.7681818181818,0.0,3264.45,0.0138614467980823,72.14254143646409,Medium,1,3,2,0,0,0,1,1,0,0,1,0,296.7681818181818,-251.5181818181818,0.0,0.0,High Value,3348.5,1,Churned
79111-MAD,Female,71,Yes,Madhya Pradesh,10,7,Deal 3,Yes,Yes,Yes,Fiber Optic,No,No,No,No,Yes,No,No,Yes,Month-to-Month,Yes,Bank Withdrawal,85.7,3171.15,0.0,0,1724.57,4895.72,Churned,Competitor,Competitor offered higher download speeds,1,Elder,7-12 Months,Growing,699.3885714285715,1724.57,4895.72,0.017505086075184,57.12625437572929,High,1,4,1,0,1,1,0,1,0,0,1,0,453.0214285714286,-367.3214285714286,0.0,0.3522607502063026,Very High Value,6084.7,1,Churned
78909-TAM,Female,74,No,Tamil Nadu,5,30,Deal 2,Yes,Yes,Yes,Fiber Optic,No,Yes,Yes,No,Yes,Yes,No,Yes,Month-to-Month,Yes,Bank Withdrawal,103.0,4414.3,0.0,0,749.49,5163.79,Churned,Competitor,Competitor had better devices,1,Elder,25-48 Months,Established,172.12633333333332,749.49,5163.79,0.0199465896173159,50.13388349514563,Medium,1,7,2,2,1,1,0,1,0,0,1,0,147.14333333333337,-44.14333333333335,0.0,0.1451433927406033,Very High Value,7622.0,1,Churned
64905-UTT,Female,64,No,Uttar Pradesh,11,27,NO DEAL,Yes,Yes,Yes,Fiber Optic,No,Yes,Yes,No,Yes,Yes,Yes,Yes,Month-to-Month,Yes,Bank Withdrawal,105.3,1275.65,0.0,0,203.52,1479.17,Stayed,Others,Others,0,Elder,25-48 Months,Established,54.78407407407408,203.52,1479.17,0.0711885719694152,14.047198480531817,High,1,8,3,2,1,1,0,1,0,0,1,0,47.2462962962963,58.0537037037037,0.0,0.137590675851998,Medium Value,6739.2,1,Churned
94746-ODI,Female,46,Yes,Odisha,3,7,Deal 5,Yes,No,Yes,Fiber Optic,No,No,No,No,No,No,No,Yes,Month-to-Month,No,Bank Withdrawal,69.95,69.95,0.0,0,27.58,97.53,Churned,Other,Moved,1,Senior,7-12 Months,Growing,13.932857142857143,27.58,97.53,0.7172152158310263,1.3942816297355254,Medium,1,2,0,0,1,0,0,1,0,0,0,0,9.992857142857144,59.957142857142856,0.0,0.2827847841689736,Low Value,3217.7000000000003,1,Churned
39810-GUJ,Female,72,No,Gujarat,12,23,NO DEAL,Yes,No,Yes,Fiber Optic,No,No,No,No,Yes,Yes,Yes,No,Month-to-Month,Yes,Bank Withdrawal,90.5,1201.15,29.84,140,339.43,1650.74,Churned,Competitor,Competitor had better devices,1,Elder,13-24 Months,Growing,71.77130434782609,479.43,1620.9,0.0548238971612731,18.240220994475138,High,1,4,3,0,1,0,0,1,0,0,1,0,52.22391304347826,38.27608695652174,0.0248428589268617,0.2904333813925875,Medium Value,6516.0,1,Churned
42776-TAM,Male,44,No,Tamil Nadu,7,2,NO DEAL,Yes,Yes,Yes,Fiber Optic,No,No,No,No,No,No,No,Yes,Month-to-Month,Yes,Bank Withdrawal,74.5,74.5,0.0,0,36.44,110.94,Churned,Attitude,Attitude of service provider,1,Middle Age,0-6 Months,New,55.47,36.44,110.94,0.6715341626104201,1.4891275167785234,High,1,3,0,0,1,1,0,1,0,0,1,0,37.25,37.25,0.0,0.3284658373895799,Low Value,3278.0,1,Churned
86378-RAJ,Female,56,Yes,Rajasthan,7,4,NO DEAL,Yes,Yes,Yes,Fiber Optic,Yes,No,Yes,No,Yes,Yes,Yes,Yes,Month-to-Month,Yes,Bank Withdrawal,102.45,102.45,0.0,0,25.88,128.33,Churned,Attitude,Attitude of service provider,1,Senior,0-6 Months,New,32.0825,25.88,128.33,0.7983324242188108,1.25261102977062,High,1,8,3,2,1,1,0,1,1,0,1,0,25.6125,76.8375,0.0,0.2016675757811891,Low Value,5737.2,1,Churned
25912-BIH,Male,35,No,Bihar,7,2,NO DEAL,Yes,No,Yes,Fiber Optic,No,No,No,No,Yes,No,No,Yes,Month-to-Month,No,Bank Withdrawal,79.0,143.65,0.0,0,97.32,240.97,Churned,Attitude,Attitude of support person,1,Middle Age,0-6 Months,New,120.485,97.32,240.97,0.327841640038179,3.050253164556962,High,1,3,1,0,1,0,0,1,0,0,0,0,71.825,7.174999999999997,0.0,0.4038677013736149,Low Value,2765.0,1,Churned
51140-ASS,Male,80,Yes,Assam,9,4,Deal 5,Yes,No,Yes,Cable,No,No,No,No,No,No,No,Yes,Month-to-Month,Yes,Bank Withdrawal,69.25,69.25,0.0,0,29.68,98.93,Churned,Attitude,Attitude of support person,1,Elder,0-6 Months,New,24.7325,29.68,98.93,0.699989891842717,1.428592057761733,High,1,2,0,0,1,0,0,1,0,0,1,0,17.3125,51.9375,0.0,0.3000101081572829,Low Value,5540.0,1,Churned
31596-BIH,Male,21,No,Bihar,2,11,NO DEAL,Yes,Yes,Yes,Fiber Optic,No,Yes,Yes,No,Yes,Yes,Yes,Yes,Month-to-Month,Yes,Bank Withdrawal,105.5,6985.65,0.0,0,2219.1,9204.75,Churned,Competitor,Competitor had better devices,1,Young Adult,7-12 Months,Growing,836.7954545454545,2219.1,9204.75,0.0114614736956462,87.24881516587678,Low,1,8,3,2,1,1,0,1,0,0,1,0,635.0590909090909,-529.5590909090909,0.0,0.2410820500285178,Very High Value,2215.5,1,Churned
36312-MAH,Male,22,Yes,Maharashtra,4,10,Deal 4,Yes,No,Yes,Fiber Optic,No,No,Yes,No,Yes,Yes,Yes,Yes,Month-to-Month,Yes,Bank Withdrawal,94.9,1048.85,0.0,0,402.2,1451.05,Churned,Competitor,Competitor had better devices,1,Young Adult,7-12 Months,Growing,145.105,402.2,1451.05,0.0654009165776506,15.29030558482613,Medium,1,6,3,1,1,0,0,1,0,0,1,0,104.885,-9.984999999999983,0.0,0.2771785948106544,Medium Value,2087.8,1,Churned
59659-RAJ,Male,74,No,Rajasthan,8,25,NO DEAL,Yes,Yes,Yes,Fiber Optic,No,No,Yes,No,Yes,Yes,No,Yes,Month-to-Month,Yes,Bank Withdrawal,100.8,100.8,0.0,0,17.35,118.15,Churned,Attitude,Attitude of service provider,1,Elder,25-48 Months,Established,4.726,17.35,118.15,0.8531527719001268,1.172123015873016,High,1,6,2,1,1,1,0,1,0,0,1,0,4.032,96.768,0.0,0.146847228099873,Low Value,7459.2,1,Churned
83811-KAR,Female,44,No,Karnataka,2,35,NO DEAL,Yes,No,Yes,Fiber Optic,No,No,No,Yes,Yes,Yes,Yes,Yes,Month-to-Month,Yes,Bank Withdrawal,94.2,167.5,0.0,0,37.58,205.08,Churned,Other,Don't know,1,Middle Age,25-48 Months,Established,5.859428571428571,37.58,205.08,0.4593329432416618,2.177070063694268,Low,1,6,3,1,1,0,0,1,0,0,1,0,4.785714285714286,89.41428571428571,0.0,0.1832455627072362,Low Value,4144.8,1,Churned
52216-BIH,Male,27,No,Bihar,11,33,NO DEAL,Yes,No,Yes,Fiber Optic,No,No,No,No,Yes,Yes,Yes,Yes,Month-to-Month,Yes,Bank Withdrawal,88.45,370.65,0.0,0,196.56,567.21,Churned,Other,Don't know,1,Young Adult,25-48 Months,Established,17.188181818181818,196.56,567.21,0.1559387175825532,6.412775579423403,High,1,5,3,0,1,0,0,1,0,0,1,0,11.23181818181818,77.21818181818182,0.0,0.3465383191410588,Low Value,2388.15,1,Churned
81710-TAM,Male,73,No,Tamil Nadu,7,2,NO DEAL,Yes,Yes,Yes,Fiber Optic,No,No,Yes,No,Yes,Yes,No,Yes,Month-to-Month,No,Bank Withdrawal,101.35,780.5,0.0,0,351.84,1132.34,Churned,Attitude,Attitude of support person,1,Elder,0-6 Months,New,566.17,351.84,1132.34,0.0895049190172563,11.172570300937346,High,1,6,2,1,1,1,0,1,0,0,0,0,390.25,-288.9,0.0,0.3107193952346468,Medium Value,7398.549999999999,1,Churned
47692-ODI,Male,76,Yes,Odisha,10,2,Deal 5,Yes,Yes,Yes,Fiber Optic,No,No,No,No,No,No,No,Yes,Month-to-Month,Yes,Mailed Check,74.85,156.4,0.0,0,90.82,247.22,Churned,Competitor,Competitor made better offer,1,Elder,0-6 Months,New,123.61,90.82,247.22,0.3027667664428444,3.302872411489646,High,1,3,0,0,1,1,0,1,0,0,1,0,78.2,-3.3500000000000085,0.0,0.3673650999110104,Low Value,5688.599999999999,1,Churned
65493-WES,Female,18,Yes,West Bengal,10,6,NO DEAL,Yes,No,No,No Type,No,No,No,No,No,No,No,No,Month-to-Month,No,Credit Card,19.75,19.75,0.0,0,29.33,49.08,Churned,Competitor,Competitor made better offer,1,Teen,0-6 Months,New,8.18,29.33,49.08,0.4024042379788101,2.4850632911392405,High,1,1,0,0,1,0,0,0,0,0,0,0,3.2916666666666665,16.458333333333332,0.0,0.5975957620211899,Low Value,355.5,1,Churned
21544-BIH,Male,56,Yes,Bihar,3,16,NO DEAL,No,No,Yes,DSL,No,No,Yes,No,Yes,Yes,Yes,No,Month-to-Month,Yes,Bank Withdrawal,48.75,442.2,0.0,10,0.0,452.2,Churned,Price,Lack of affordable download/upload speed,1,Senior,13-24 Months,Growing,28.2625,10.0,452.2,0.1078062804068996,9.275897435897436,Medium,1,4,3,1,0,0,0,1,0,0,1,0,27.6375,21.1125,0.0,0.0221141088014153,Low Value,2730.0,1,Churned
87091-JAM,Female,73,Yes,Jammu & Kashmir,14,36,NO DEAL,Yes,Yes,Yes,Fiber Optic,No,No,No,Yes,Yes,Yes,No,Yes,Month-to-Month,No,Bank Withdrawal,99.75,1836.25,0.0,0,454.86,2291.11,Churned,Attitude,Attitude of support person,1,Elder,25-48 Months,Established,63.64194444444445,454.86,2291.11,0.0435378484664638,22.968521303258147,High,1,6,2,1,1,1,0,1,0,0,0,0,51.00694444444444,48.74305555555556,0.0,0.1985325890070751,High Value,7281.75,1,Churned
16274-JAM,Male,23,Yes,Jammu & Kashmir,14,1,NO DEAL,No,No,Yes,Cable,No,No,No,No,No,No,No,No,Month-to-Month,Yes,Bank Withdrawal,25.3,25.3,0.0,10,0.0,35.3,Churned,Competitor,Competitor made better offer,1,Young Adult,0-6 Months,New,35.3,10.0,35.3,0.7167138810198301,1.3952569169960474,High,1,0,0,0,0,0,0,1,0,0,1,0,25.3,0.0,0.0,0.28328611898017,Low Value,581.9,1,Churned
32375-UTT,Female,23,Yes,Uttar Pradesh,1,3,NO DEAL,Yes,No,No,No Type,No,No,No,No,No,No,No,No,Month-to-Month,No,Mailed Check,20.9,20.9,0.0,0,10.21,31.11,Joined,Others,Others,0,Young Adult,0-6 Months,New,10.37,10.21,31.11,0.6718097074895532,1.4885167464114832,Low,1,1,0,0,1,0,0,0,0,0,0,0,6.966666666666666,13.933333333333334,0.0,0.3281902925104468,Low Value,480.7,1,Churned
28237-JHA,Female,52,No,Jharkhand,7,9,Deal 5,Yes,No,Yes,Fiber Optic,No,No,No,No,No,No,No,Yes,Month-to-Month,Yes,Bank Withdrawal,69.85,199.85,0.0,0,104.28,304.13,Joined,Others,Others,0,Senior,7-12 Months,Growing,33.79222222222222,104.28,304.13,0.2296715220464932,4.354044380816035,High,1,2,0,0,1,0,0,1,0,0,1,0,22.20555555555556,47.64444444444444,0.0,0.3428796896064183,Low Value,3632.2,1,Churned
21642-TEL,Male,60,Yes,Telangana,12,29,NO DEAL,Yes,No,Yes,DSL,Yes,No,No,Yes,No,No,No,Yes,Month-to-Month,No,Bank Withdrawal,54.5,54.5,0.0,0,33.21,87.71,Joined,Others,Others,0,Senior,25-48 Months,Established,3.0244827586206893,33.21,87.71,0.6213658647816669,1.6093577981651377,High,1,4,0,2,1,0,0,1,1,0,0,0,1.8793103448275863,52.62068965517241,0.0,0.3786341352183331,Low Value,3270.0,1,Churned
36618-TEL,Female,83,No,Telangana,14,11,NO DEAL,Yes,Yes,Yes,Fiber Optic,No,Yes,Yes,No,No,No,No,Yes,Month-to-Month,Yes,Bank Withdrawal,85.2,3969.35,0.0,0,791.01,4760.36,Churned,Price,Price too high,1,Elder,7-12 Months,Growing,432.76,791.01,4760.36,0.017897806048282,55.87276995305164,High,1,5,0,2,1,1,0,1,0,0,1,0,360.85,-275.65,0.0,0.1661660042517793,High Value,7071.6,1,Churned
52627-WES,Female,61,No,West Bengal,14,8,NO DEAL,Yes,Yes,Yes,Cable,No,No,No,No,Yes,No,No,Yes,Month-to-Month,Yes,Bank Withdrawal,85.6,813.85,0.0,0,301.0,1114.85,Churned,Competitor,Competitor offered more data,1,Elder,7-12 Months,Growing,139.35625,301.0,1114.85,0.0767816298156702,13.023948598130842,High,1,4,1,0,1,1,0,1,0,0,1,0,101.73125,-16.13125000000001,0.0,0.2699914786742611,Medium Value,5221.599999999999,1,Churned
43991-TAM,Female,52,No,Tamil Nadu,6,25,Deal 5,Yes,No,Yes,DSL,No,No,Yes,No,No,No,No,Yes,Month-to-Month,No,Mailed Check,50.45,50.45,0.0,0,9.73,60.18,Churned,Competitor,Competitor made better offer,1,Senior,25-48 Months,Established,2.4072,9.73,60.18,0.8383183781987372,1.192864222001982,High,1,3,0,1,1,0,0,1,0,0,0,0,2.018,48.432,0.0,0.1616816218012629,Low Value,2623.4,1,Churned
46081-TAM,Male,41,Yes,Tamil Nadu,14,29,NO DEAL,Yes,No,Yes,DSL,No,No,No,No,No,No,No,Yes,Month-to-Month,No,Credit Card,45.15,45.15,0.0,0,42.34,87.49,Joined,Others,Others,0,Middle Age,25-48 Months,Established,3.016896551724138,42.34,87.49,0.5160589781689336,1.9377630121816167,High,1,2,0,0,1,0,0,1,0,0,0,0,1.556896551724138,43.59310344827586,0.0,0.4839410218310664,Low Value,1851.15,1,Churned
48378-BIH,Male,56,Yes,Bihar,4,2,NO DEAL,Yes,No,Yes,DSL,No,No,Yes,Yes,No,No,No,Yes,Two Year,No,Credit Card,54.35,2460.15,0.0,0,2079.2,4539.35,Churned,Dissatisfaction,Network reliability,1,Senior,0-6 Months,New,2269.675,2079.2,4539.35,0.0119730798462334,83.52069917203312,Medium,1,4,0,2,1,0,1,1,0,0,0,0,1230.075,-1175.725,0.0,0.4580391465738486,High Value,3043.6,1,Churned
33437-MAD,Female,34,No,Madhya Pradesh,13,35,Deal 5,Yes,No,Yes,Fiber Optic,No,No,No,No,No,No,No,Yes,Month-to-Month,Yes,Bank Withdrawal,69.65,69.65,0.0,0,28.7,98.35,Churned,Dissatisfaction,Network reliability,1,Middle Age,25-48 Months,Established,2.81,28.7,98.35,0.708185053380783,1.4120603015075377,High,1,2,0,0,1,0,0,1,0,0,1,0,1.99,67.66000000000001,0.0,0.2918149466192171,Low Value,2368.1000000000004,1,Churned
46713-MAD,Female,55,Yes,Madhya Pradesh,7,29,NO DEAL,Yes,Yes,Yes,Fiber Optic,No,No,No,Yes,Yes,No,No,Yes,Month-to-Month,Yes,Bank Withdrawal,-2.0,1993.8,0.0,0,268.18,2261.98,Churned,Dissatisfaction,Limited range of services,1,Senior,25-48 Months,Established,77.99931034482759,268.18,2261.98,-0.0008841811156597,-1130.99,High,1,5,1,1,1,1,0,1,0,0,1,0,68.75172413793103,-70.75172413793103,0.0,0.1185598457988134,High Value,-110.0,1,Churned
52413-KER,Male,65,Yes,Kerala,3,17,Deal 5,No,No,Yes,DSL,No,No,Yes,No,No,Yes,Yes,Yes,Month-to-Month,Yes,Bank Withdrawal,41.15,132.2,0.0,0,0.0,132.2,Churned,Price,Long distance charges,1,Elder,13-24 Months,Growing,7.776470588235293,0.0,132.2,0.3112708018154312,3.212636695018226,Medium,1,4,2,1,0,0,0,1,0,0,1,0,7.776470588235293,33.37352941176471,0.0,0.0,Low Value,2674.75,1,Churned
68315-TAM,Male,25,Yes,Tamil Nadu,1,30,Deal 5,Yes,No,Yes,Fiber Optic,No,No,No,No,Yes,Yes,Yes,Yes,Month-to-Month,Yes,Bank Withdrawal,90.55,90.55,0.0,0,7.15,97.7,Churned,Dissatisfaction,Product dissatisfaction,1,Young Adult,25-48 Months,Established,3.256666666666667,7.15,97.7,0.9268167860798362,1.078961899503037,Low,1,5,3,0,1,0,0,1,0,0,1,0,3.018333333333333,87.53166666666667,0.0,0.0731832139201637,Low Value,2263.75,1,Churned
81769-GUJ,Female,71,Yes,Gujarat,4,31,NO DEAL,Yes,Yes,Yes,Fiber Optic,Yes,Yes,Yes,No,Yes,Yes,Yes,Yes,Month-to-Month,Yes,Bank Withdrawal,113.2,4689.5,0.0,0,1145.95,5835.45,Churned,Attitude,Attitude of support person,1,Elder,25-48 Months,Established,188.24032258064517,1145.95,5835.45,0.0193986753378059,51.54991166077738,Medium,1,9,3,3,1,1,0,1,1,0,1,0,151.2741935483871,-38.0741935483871,0.0,0.1963773145173037,Very High Value,8037.2,1,Churned
13744-AND,Female,41,Yes,Andhra Pradesh,8,3,Deal 5,Yes,No,No,No Type,No,No,No,No,No,No,No,No,Month-to-Month,Yes,Bank Withdrawal,19.65,19.65,0.0,0,13.85,33.5,Joined,Others,Others,0,Middle Age,0-6 Months,New,11.166666666666666,13.85,33.5,0.5865671641791045,1.7048346055979644,High,1,1,0,0,1,0,0,0,0,0,1,0,6.55,13.099999999999998,0.0,0.4134328358208955,Low Value,805.65,1,Churned
35004-RAJ,Male,28,No,Rajasthan,4,32,Deal 5,Yes,No,Yes,Fiber Optic,No,No,No,No,Yes,Yes,Yes,No,Month-to-Month,No,Bank Withdrawal,90.55,90.55,0.0,60,15.44,165.99,Churned,Competitor,Competitor made better offer,1,Young Adult,25-48 Months,Established,5.1871875,75.44,165.99,0.5455147900475932,1.8331308669243516,Medium,1,4,3,0,1,0,0,1,0,0,0,0,2.8296875,87.72031249999999,0.0,0.4544852099524067,Low Value,2535.4,1,Churned
16528-PUN,Male,29,No,Punjab,12,34,Deal 5,Yes,No,Yes,Fiber Optic,No,No,Yes,Yes,Yes,Yes,Yes,Yes,Month-to-Month,Yes,Bank Withdrawal,98.1,396.3,0.0,0,22.52,418.82,Churned,Competitor,Competitor made better offer,1,Young Adult,25-48 Months,Established,12.318235294117647,22.52,418.82,0.234229501934005,4.269317023445464,High,1,7,3,2,1,0,0,1,0,0,1,0,11.655882352941177,86.44411764705882,0.0,0.0537701160403037,Low Value,2844.9,1,Churned
71234-HAR,Female,44,No,Haryana,10,34,NO DEAL,Yes,No,No,No Type,No,No,No,No,No,No,No,No,Month-to-Month,Yes,Credit Card,19.4,19.4,0.0,0,23.97,43.37,Joined,Others,Others,0,Middle Age,25-48 Months,Established,1.2755882352941177,23.97,43.37,0.4473138113903619,2.2355670103092784,High,1,1,0,0,1,0,0,0,0,0,1,0,0.5705882352941176,18.82941176470588,0.0,0.552686188609638,Low Value,853.5999999999999,1,Churned
15803-UTT,Female,34,No,Uttar Pradesh,6,31,NO DEAL,Yes,No,No,No Type,No,No,No,No,No,No,No,No,Month-to-Month,No,Credit Card,19.15,19.15,0.0,0,22.37,41.52,Joined,Others,Others,0,Middle Age,25-48 Months,Established,1.3393548387096774,22.37,41.52,0.4612235067437379,2.168146214099217,High,1,1,0,0,1,0,0,0,0,0,0,0,0.6177419354838709,18.532258064516128,0.0,0.538776493256262,Low Value,651.0999999999999,1,Churned
41427-HAR,Male,37,No,Haryana,13,13,Deal 5,Yes,No,No,No Type,No,No,No,No,No,No,No,No,Month-to-Month,No,Bank Withdrawal,20.2,20.2,0.0,0,24.48,44.68,Joined,Others,Others,0,Middle Age,13-24 Months,Growing,3.436923076923077,24.48,44.68,0.4521038495971352,2.211881188118812,High,1,1,0,0,1,0,0,0,0,0,0,0,1.553846153846154,18.646153846153844,0.0,0.5478961504028649,Low Value,747.4,1,Churned
31294-KAR,Male,50,Yes,Karnataka,15,33,Deal 5,Yes,No,Yes,DSL,Yes,No,No,No,No,No,No,Yes,Month-to-Month,No,Bank Withdrawal,49.75,49.75,0.0,0,41.79,91.54,Joined,Others,Others,0,Senior,25-48 Months,Established,2.773939393939394,41.79,91.54,0.5434782608695652,1.84,High,1,3,0,1,1,0,0,1,1,0,0,0,1.5075757575757576,48.24242424242424,0.0,0.4565217391304347,Low Value,2487.5,1,Churned
73510-DEL,Female,47,Yes,Delhi,2,14,NO DEAL,Yes,Yes,Yes,Fiber Optic,No,Yes,No,No,No,No,No,Yes,Month-to-Month,Yes,Bank Withdrawal,82.0,184.65,0.0,0,82.36,267.01,Churned,Competitor,Competitor made better offer,1,Senior,13-24 Months,Growing,19.072142857142858,82.36,267.01,0.3071046028238642,3.2562195121951216,Low,1,4,0,1,1,1,0,1,0,0,1,0,13.189285714285717,68.81071428571428,0.0,0.3084528669338227,Low Value,3854.0,1,Churned
72912-TEL,Female,50,Yes,Telangana,15,16,Deal 4,Yes,Yes,Yes,Cable,No,No,No,Yes,Yes,No,No,Yes,Month-to-Month,No,Bank Withdrawal,90.15,987.95,0.0,0,245.96,1233.91,Churned,Competitor,Competitor had better devices,1,Senior,13-24 Months,Growing,77.119375,245.96,1233.91,0.0730604339052281,13.687298946200777,High,1,5,1,1,1,1,0,1,0,0,0,0,61.746875,28.403125000000003,0.0,0.19933382499534,Medium Value,4507.5,1,Churned
33621-MAD,Female,42,No,Madhya Pradesh,13,12,Deal 5,Yes,No,Yes,Fiber Optic,No,No,No,No,No,No,No,No,Month-to-Month,Yes,Bank Withdrawal,70.35,120.25,0.0,20,15.4,155.65,Joined,Others,Others,0,Middle Age,7-12 Months,Growing,12.970833333333331,35.4,155.65,0.4519755862512046,2.2125088841506755,High,1,1,0,0,1,0,0,1,0,0,1,0,10.020833333333334,60.32916666666666,0.0,0.2274333440411178,Low Value,2954.7,1,Churned
53044-ODI,Female,26,Yes,Odisha,1,8,Deal 5,Yes,Yes,Yes,Fiber Optic,No,Yes,No,No,Yes,No,Yes,Yes,Month-to-Month,Yes,Bank Withdrawal,90.8,455.5,0.0,0,7.45,462.95,Churned,Competitor,Competitor offered more data,1,Young Adult,7-12 Months,Growing,57.86875,7.45,462.95,0.1961334917377686,5.098568281938326,Low,1,6,2,1,1,1,0,1,0,0,1,0,56.9375,33.8625,0.0,0.0160924505886164,Low Value,2360.8,1,Churned
64439-UTT,Female,19,No,Uttar Pradesh,13,5,NO DEAL,Yes,Yes,Yes,Fiber Optic,No,No,No,No,No,No,No,Yes,Month-to-Month,Yes,Bank Withdrawal,74.65,301.4,0.0,0,194.56,495.96,Churned,Dissatisfaction,Product dissatisfaction,1,Young Adult,0-6 Months,New,99.192,194.56,495.96,0.1505161706589241,6.643804420629604,High,1,3,0,0,1,1,0,1,0,0,1,0,60.28,14.370000000000012,0.0,0.3922897007823211,Low Value,1418.35,1,Churned
36369-MAH,Male,54,No,Maharashtra,10,13,Deal 5,Yes,Yes,Yes,Fiber Optic,No,No,No,No,No,No,No,Yes,Month-to-Month,Yes,Bank Withdrawal,75.85,724.65,0.0,0,65.88,790.53,Stayed,Others,Others,0,Senior,13-24 Months,Growing,60.81,65.88,790.53,0.0959482878575133,10.422280817402768,High,1,3,0,0,1,1,0,1,0,0,1,0,55.74230769230769,20.107692307692304,0.0,0.0833364957686615,Medium Value,4095.9,1,Churned
71646-GUJ,Male,31,No,Gujarat,13,34,NO DEAL,Yes,No,Yes,DSL,No,No,No,No,No,No,No,Yes,Month-to-Month,No,Bank Withdrawal,45.75,45.75,0.0,0,24.24,69.99,Churned,Attitude,Attitude of support person,1,Middle Age,25-48 Months,Established,2.058529411764706,24.24,69.99,0.6536648092584656,1.5298360655737704,High,1,2,0,0,1,0,0,1,0,0,0,0,1.3455882352941178,44.40441176470589,0.0,0.3463351907415345,Low Value,1418.25,1,Churned
22522-MAH,Female,83,No,Maharashtra,7,21,Deal 2,Yes,No,Yes,DSL,Yes,Yes,No,Yes,Yes,No,No,Yes,Two Year,Yes,Credit Card,70.2,4481.0,0.0,0,1863.68,6344.68,Churned,Price,Lack of affordable download/upload speed,1,Elder,13-24 Months,Growing,302.1276190476191,1863.68,6344.68,0.011064387802064,90.38005698005698,High,1,6,1,3,1,0,1,1,1,0,1,0,213.3809523809524,-143.18095238095236,0.0,0.2937390065377607,Very High Value,5826.6,1,Churned
77658-AND,Male,44,No,Andhra Pradesh,0,4,Deal 5,No,No,Yes,DSL,No,No,No,No,No,No,No,Yes,Month-to-Month,Yes,Bank Withdrawal,24.4,24.4,0.0,0,0.0,24.4,Joined,Others,Others,0,Middle Age,0-6 Months,New,6.1,0.0,24.4,1.0,1.0,No Referral,0,1,0,0,0,0,0,1,0,0,1,0,6.1,18.3,0.0,0.0,Low Value,1073.6,1,Churned
31589-MAD,Female,32,No,Madhya Pradesh,8,14,Deal 5,Yes,No,Yes,DSL,Yes,No,No,No,No,No,No,Yes,Month-to-Month,Yes,Bank Withdrawal,47.8,92.45,0.0,0,27.46,119.91,Churned,Attitude,Attitude of support person,1,Middle Age,13-24 Months,Growing,8.565,27.46,119.91,0.3986323075640063,2.5085774058577406,High,1,3,0,1,1,0,0,1,1,0,1,0,6.603571428571429,41.19642857142857,0.0,0.2290050871486948,Low Value,1529.6,1,Churned
13123-BIH,Female,46,No,Bihar,13,18,Deal 5,Yes,No,Yes,Fiber Optic,Yes,Yes,No,No,Yes,Yes,Yes,No,Month-to-Month,No,Bank Withdrawal,100.2,198.5,0.0,10,45.12,253.62,Joined,Others,Others,0,Senior,13-24 Months,Growing,14.09,55.12,253.62,0.3950792524248876,2.531137724550898,High,1,6,3,2,1,0,0,1,1,0,0,0,11.02777777777778,89.17222222222222,0.0,0.2173330179007964,Low Value,4609.2,1,Churned
86963-WES,Male,28,No,West Bengal,10,34,NO DEAL,Yes,No,Yes,Fiber Optic,No,No,No,No,No,No,No,Yes,Month-to-Month,Yes,Bank Withdrawal,70.3,208.85,0.0,0,80.13,288.98,Churned,Competitor,Competitor had better devices,1,Young Adult,25-48 Months,Established,8.499411764705883,80.13,288.98,0.243269430410409,4.110668563300143,High,1,2,0,0,1,0,0,1,0,0,1,0,6.142647058823529,64.15735294117647,0.0,0.2772856253027891,Low Value,1968.4,1,Churned
55971-UTT,Female,58,Yes,Uttar Pradesh,10,17,Deal 5,No,No,Yes,Cable,No,No,No,No,No,Yes,Yes,Yes,Month-to-Month,Yes,Bank Withdrawal,35.15,99.75,0.0,0,0.0,99.75,Churned,Attitude,Attitude of support person,1,Senior,13-24 Months,Growing,5.867647058823529,0.0,99.75,0.3523809523809523,2.837837837837838,High,1,3,2,0,0,0,0,1,0,0,1,0,5.867647058823529,29.28235294117647,0.0,0.0,Low Value,2038.7,1,Churned
42864-ODI,Female,29,No,Odisha,2,10,Deal 5,No,No,Yes,DSL,No,Yes,No,No,No,No,No,Yes,Month-to-Month,Yes,Mailed Check,30.25,63.75,0.0,0,0.0,63.75,Joined,Others,Others,0,Young Adult,7-12 Months,Growing,6.375,0.0,63.75,0.4745098039215686,2.107438016528925,Low,1,2,0,1,0,0,0,1,0,0,1,0,6.375,23.875,0.0,0.0,Low Value,877.25,1,Churned
34695-JAM,Female,64,No,Jammu & Kashmir,6,22,Deal 5,Yes,No,Yes,Fiber Optic,No,No,No,No,Yes,Yes,Yes,Yes,Month-to-Month,No,Bank Withdrawal,89.45,853.1,0.0,0,238.59,1091.69,Churned,Competitor,Competitor made better offer,1,Elder,13-24 Months,Growing,49.62227272727273,238.59,1091.69,0.0819371799686724,12.204471771939632,High,1,5,3,0,1,0,0,1,0,0,0,0,38.77727272727273,50.67272727272727,0.0,0.2185510538706042,Medium Value,5724.8,1,Churned
51751-KER,Female,62,No,Kerala,9,25,NO DEAL,Yes,No,Yes,Fiber Optic,No,No,No,No,No,No,No,Yes,Month-to-Month,Yes,Bank Withdrawal,70.15,123.8,0.0,0,67.5,191.3,Joined,Others,Others,0,Elder,25-48 Months,Established,7.652,67.5,191.3,0.3667015159435441,2.7270135424091237,High,1,2,0,0,1,0,0,1,0,0,1,0,4.952,65.19800000000001,0.0,0.3528489283847359,Low Value,4349.3,1,Churned
46518-MAH,Male,74,No,Maharashtra,0,5,NO DEAL,Yes,No,Yes,Fiber Optic,No,No,No,No,No,Yes,No,Yes,Month-to-Month,No,Bank Withdrawal,81.5,1329.2,0.0,0,161.5,1490.7,Churned,Competitor,Competitor made better offer,1,Elder,0-6 Months,New,298.14,161.5,1490.7,0.0546723016032736,18.29079754601227,No Referral,0,3,1,0,1,0,0,1,0,0,0,0,265.84000000000003,-184.34000000000003,0.0,0.1083383645267324,Medium Value,6031.0,1,Churned
76419-KAR,Male,46,Yes,Karnataka,14,28,NO DEAL,Yes,Yes,Yes,Fiber Optic,No,No,No,No,Yes,Yes,Yes,Yes,Month-to-Month,No,Bank Withdrawal,94.9,273.2,0.0,0,8.91,282.11,Joined,Others,Others,0,Senior,25-48 Months,Established,10.075357142857143,8.91,282.11,0.3363936053312538,2.9727081138040043,High,1,6,3,0,1,1,0,1,0,0,0,0,9.757142857142856,85.14285714285715,0.0,0.0315834249051788,Low Value,4365.400000000001,1,Churned
73698-TAM,Female,81,No,Tamil Nadu,8,14,NO DEAL,Yes,No,Yes,Fiber Optic,No,No,No,No,No,No,No,Yes,Month-to-Month,Yes,Bank Withdrawal,71.0,71.0,0.0,0,28.64,99.64,Churned,Competitor,Competitor made better offer,1,Elder,13-24 Months,Growing,7.117142857142857,28.64,99.64,0.7125652348454435,1.4033802816901408,High,1,2,0,0,1,0,0,1,0,0,1,0,5.071428571428571,65.92857142857143,0.0,0.2874347651545564,Low Value,5751.0,1,Churned
56114-GUJ,Male,50,No,Gujarat,13,3,NO DEAL,Yes,No,Yes,DSL,No,No,Yes,No,No,No,No,Yes,Month-to-Month,Yes,Mailed Check,49.55,878.35,0.0,0,342.9,1221.25,Churned,Competitor,Competitor had better devices,1,Senior,0-6 Months,New,407.0833333333333,342.9,1221.25,0.0405731832139201,24.6468213925328,High,1,3,0,1,1,0,0,1,0,0,1,0,292.78333333333336,-243.23333333333332,0.0,0.2807778915046059,Medium Value,2477.5,1,Churned
16741-UTT,Female,34,Yes,Uttar Pradesh,15,4,NO DEAL,Yes,Yes,Yes,Fiber Optic,No,No,No,No,No,No,No,Yes,Month-to-Month,No,Credit Card,75.45,480.75,0.0,0,126.7,607.45,Churned,Competitor,Competitor had better devices,1,Middle Age,0-6 Months,New,151.8625,126.7,607.45,0.1242077537245863,8.051027170311464,High,1,3,0,0,1,1,0,1,0,0,0,0,120.1875,-44.7375,0.0,0.2085768375998024,Medium Value,2565.3,1,Churned
11510-KER,Female,46,No,Kerala,10,4,NO DEAL,Yes,No,Yes,Fiber Optic,No,No,No,Yes,Yes,Yes,Yes,Yes,Month-to-Month,Yes,Bank Withdrawal,95.9,827.45,0.0,0,277.2,1104.65,Stayed,Others,Others,0,Senior,0-6 Months,New,276.1625,277.2,1104.65,0.0868148282261349,11.518769551616268,High,1,6,3,1,1,0,0,1,0,0,1,0,206.8625,-110.9625,0.0,0.2509392115149594,Medium Value,4411.400000000001,1,Churned
39332-TEL,Female,44,Yes,Telangana,6,8,NO DEAL,Yes,No,Yes,Fiber Optic,No,No,No,No,Yes,No,No,No,Month-to-Month,Yes,Bank Withdrawal,80.55,80.55,0.0,60,5.93,146.48,Joined,Others,Others,0,Middle Age,7-12 Months,Growing,18.31,65.93,146.48,0.5499044238121246,1.8184978274363748,High,1,2,1,0,1,0,0,1,0,0,1,0,10.06875,70.48125,0.0,0.4500955761878755,Low Value,3544.2,1,Churned
49304-KAR,Female,32,Yes,Karnataka,6,33,NO DEAL,Yes,Yes,Yes,DSL,No,No,No,No,No,No,No,Yes,Month-to-Month,Yes,Credit Card,49.8,49.8,0.0,0,3.97,53.77,Joined,Others,Others,0,Middle Age,25-48 Months,Established,1.6293939393939394,3.97,53.77,0.9261670076250696,1.0797188755020082,High,1,3,0,0,1,1,0,1,0,0,1,0,1.509090909090909,48.29090909090909,0.0,0.0738329923749302,Low Value,1593.6,1,Churned
16522-JAM,Male,80,Yes,Jammu & Kashmir,2,12,NO DEAL,Yes,Yes,Yes,Fiber Optic,No,No,Yes,No,Yes,Yes,No,Yes,Month-to-Month,Yes,Bank Withdrawal,99.45,1200.15,0.0,0,262.68,1462.83,Churned,Competitor,Competitor made better offer,1,Elder,7-12 Months,Growing,121.9025,262.68,1462.83,0.0679846598716187,14.70920060331825,Low,1,6,2,1,1,1,0,1,0,0,1,0,100.0125,-0.5625,0.0,0.1795697381103751,Medium Value,7956.0,1,Churned
37635-JAM,Female,47,Yes,Jammu & Kashmir,13,27,Deal 4,Yes,Yes,Yes,DSL,Yes,No,No,No,No,Yes,Yes,Yes,Month-to-Month,Yes,Bank Withdrawal,64.65,994.55,0.0,0,713.55,1708.1,Churned,Competitor,Competitor made better offer,1,Senior,25-48 Months,Established,63.26296296296296,713.55,1708.1,0.03784907206838,26.42072699149265,High,1,6,2,1,1,1,0,1,1,0,1,0,36.83518518518518,27.814814814814824,0.0,0.4177448627129559,Medium Value,3038.55,1,Churned
31129-AND,Male,68,No,Andhra Pradesh,15,15,NO DEAL,Yes,No,Yes,Fiber Optic,No,No,No,No,No,No,No,No,Month-to-Month,Yes,Bank Withdrawal,70.35,70.35,0.0,10,14.42,94.77,Joined,Others,Others,0,Elder,13-24 Months,Growing,6.318,24.42,94.77,0.7423235201012979,1.347121535181237,High,1,1,0,0,1,0,0,1,0,0,1,0,4.69,65.66,0.0,0.2576764798987021,Low Value,4783.799999999999,1,Churned
39123-MAH,Female,45,No,Maharashtra,10,9,NO DEAL,No,No,Yes,DSL,No,No,Yes,No,Yes,Yes,Yes,Yes,Month-to-Month,Yes,Bank Withdrawal,48.75,633.4,0.0,0,0.0,633.4,Churned,Attitude,Attitude of support person,1,Middle Age,7-12 Months,Growing,70.37777777777778,0.0,633.4,0.0769655825702557,12.992820512820511,High,1,5,3,1,0,0,0,1,0,0,1,0,70.37777777777778,-21.62777777777778,0.0,0.0,Medium Value,2193.75,1,Churned
31198-RAJ,Male,39,Yes,Rajasthan,13,19,NO DEAL,Yes,Yes,Yes,Fiber Optic,No,No,Yes,No,Yes,No,No,No,Month-to-Month,Yes,Credit Card,89.35,631.85,0.0,60,257.88,949.73,Churned,Price,Price too high,1,Middle Age,13-24 Months,Growing,49.98578947368421,317.88,949.73,0.0940793699261895,10.629322887520988,High,1,4,1,1,1,1,0,1,0,0,1,0,33.25526315789474,56.094736842105256,0.0,0.3347056531856422,Medium Value,3484.65,1,Churned
79611-HAR,Male,61,Yes,Haryana,0,18,NO DEAL,Yes,Yes,Yes,Fiber Optic,No,No,No,No,Yes,Yes,Yes,Yes,Month-to-Month,Yes,Bank Withdrawal,95.7,4816.7,0.0,0,946.0,5762.7,Churned,Dissatisfaction,Network reliability,1,Elder,13-24 Months,Growing,320.15,946.0,5762.7,0.0166067988963506,60.21630094043887,No Referral,0,6,3,0,1,1,0,1,0,0,1,0,267.59444444444443,-171.89444444444445,0.0,0.164159161504156,Very High Value,5837.7,1,Churned
24183-AND,Male,81,No,Andhra Pradesh,5,29,Deal 2,Yes,Yes,Yes,Fiber Optic,No,No,Yes,No,No,Yes,No,Yes,Month-to-Month,Yes,Credit Card,90.85,4515.85,0.0,0,2199.12,6714.97,Churned,Attitude,Attitude of support person,1,Elder,25-48 Months,Established,231.5506896551724,2199.12,6714.97,0.0135294722091089,73.91271326362136,Medium,1,5,1,1,1,1,0,1,0,0,1,0,155.7189655172414,-64.8689655172414,0.0,0.3274951340065555,Very High Value,7358.849999999999,1,Churned
87410-KAR,Female,61,Yes,Karnataka,14,24,Deal 2,Yes,Yes,Yes,Fiber Optic,No,No,No,Yes,Yes,Yes,Yes,No,One Year,Yes,Bank Withdrawal,100.0,4211.55,0.0,140,1692.91,6044.46,Churned,Dissatisfaction,Product dissatisfaction,1,Elder,13-24 Months,Growing,251.8525,1832.91,6044.46,0.016544075070395,60.4446,High,1,6,3,1,1,1,1,1,0,0,1,0,175.48125000000002,-75.48125000000002,0.0,0.3032380063727777,Very High Value,6100.0,1,Churned
82561-CHH,Female,64,No,Chhattisgarh,1,23,Deal 5,Yes,Yes,Yes,Fiber Optic,No,No,No,No,Yes,No,No,No,Month-to-Month,Yes,Bank Withdrawal,85.65,321.65,0.0,10,173.28,504.93,Churned,Competitor,Competitor had better devices,1,Elder,13-24 Months,Growing,21.953478260869566,183.28,504.93,0.1696274731150852,5.895271453590192,Low,1,3,1,0,1,1,0,1,0,0,1,0,13.984782608695651,71.66521739130435,0.0,0.3629810072683342,Low Value,5481.6,1,Churned
61054-ASS,Male,69,Yes,Assam,1,35,NO DEAL,Yes,Yes,Yes,Fiber Optic,No,Yes,No,No,No,No,No,Yes,Month-to-Month,Yes,Bank Withdrawal,79.15,79.15,0.0,0,24.48,103.63,Churned,Competitor,Competitor had better devices,1,Elder,25-48 Months,Established,2.960857142857143,24.48,103.63,0.7637749686384252,1.309286165508528,Low,1,4,0,1,1,1,0,1,0,0,1,0,2.261428571428572,76.88857142857144,0.0,0.2362250313615748,Low Value,5461.35,1,Churned
88924-HAR,Female,70,No,Haryana,14,32,Deal 5,Yes,Yes,Yes,Fiber Optic,No,Yes,No,No,No,No,No,Yes,Month-to-Month,Yes,Credit Card,80.65,633.3,0.0,0,390.8,1024.1,Churned,Competitor,Competitor made better offer,1,Elder,25-48 Months,Established,32.003125,390.8,1024.1,0.0787520749926765,12.69807811531308,High,1,4,0,1,1,1,0,1,0,0,1,0,19.790625,60.85937500000001,0.0,0.3816033590469681,Medium Value,5645.5,1,Churned
99475-KAR,Male,22,Yes,Karnataka,11,11,NO DEAL,Yes,No,Yes,DSL,No,Yes,No,No,No,No,No,Yes,Month-to-Month,No,Credit Card,51.55,106.2,0.0,0,37.22,143.42,Joined,Others,Others,0,Young Adult,7-12 Months,Growing,13.038181818181815,37.22,143.42,0.3594338307070144,2.7821532492725507,High,1,3,0,1,1,0,0,1,0,0,0,0,9.654545454545454,41.89545454545454,0.0,0.2595175010458792,Low Value,1134.1,1,Churned
66239-PUN,Female,76,Yes,Punjab,9,25,Deal 4,Yes,No,Yes,Fiber Optic,No,Yes,No,No,No,No,No,Yes,Month-to-Month,Yes,Credit Card,74.3,1178.25,0.0,0,417.92,1596.17,Churned,Competitor,Competitor had better devices,1,Elder,25-48 Months,Established,63.8468,417.92,1596.17,0.0465489264927921,21.48277254374159,High,1,3,0,1,1,0,0,1,0,0,1,0,47.13,27.169999999999995,0.0,0.2618267477774924,Medium Value,5646.8,1,Churned
74594-TEL,Male,24,No,Telangana,9,12,NO DEAL,Yes,Yes,Yes,Fiber Optic,No,No,No,No,Yes,No,No,No,Month-to-Month,Yes,Mailed Check,84.65,84.65,0.0,40,22.3,146.95,Churned,Dissatisfaction,Lack of self-service on Website,1,Young Adult,7-12 Months,Growing,12.245833333333332,62.3,146.95,0.5760462742429399,1.735971647962197,High,1,3,1,0,1,1,0,1,0,0,1,0,7.054166666666667,77.59583333333333,0.0,0.4239537257570602,Low Value,2031.6,1,Churned
97664-GUJ,Female,19,No,Gujarat,4,6,Deal 4,Yes,Yes,Yes,Fiber Optic,No,No,No,No,Yes,No,No,Yes,Month-to-Month,Yes,Bank Withdrawal,86.1,1235.55,0.0,0,101.64,1337.19,Churned,Competitor,Competitor had better devices,1,Young Adult,0-6 Months,New,222.865,101.64,1337.19,0.0643887555246449,15.530662020905924,Medium,1,4,1,0,1,1,0,1,0,0,1,0,205.925,-119.825,0.0,0.0760101406681174,Medium Value,1635.9,1,Churned
44775-GUJ,Female,58,Yes,Gujarat,10,1,NO DEAL,No,No,Yes,Cable,No,No,No,No,Yes,Yes,Yes,No,Month-to-Month,Yes,Bank Withdrawal,45.4,418.8,0.0,20,0.0,438.8,Churned,Competitor,Competitor had better devices,1,Senior,0-6 Months,New,438.8,20.0,438.8,0.1034639927073837,9.665198237885464,High,1,3,3,0,0,0,0,1,0,0,1,0,418.8,-373.4,0.0,0.0455788514129443,Low Value,2633.2,1,Churned
45324-TAM,Female,36,Yes,Tamil Nadu,8,14,NO DEAL,Yes,No,Yes,Fiber Optic,No,Yes,No,No,No,Yes,Yes,Yes,Month-to-Month,Yes,Bank Withdrawal,84.6,1017.35,0.0,0,30.84,1048.19,Stayed,Others,Others,0,Middle Age,13-24 Months,Growing,74.87071428571429,30.84,1048.19,0.0807105582003262,12.389952718676124,High,1,5,2,1,1,0,0,1,0,0,1,0,72.66785714285714,11.93214285714285,0.0,0.029422146748204,Medium Value,3045.6,1,Churned
78323-KER,Male,34,No,Kerala,1,12,Deal 4,Yes,No,Yes,Fiber Optic,Yes,No,No,No,No,No,No,Yes,Month-to-Month,Yes,Bank Withdrawal,73.2,1441.1,0.0,0,489.25,1930.35,Churned,Attitude,Attitude of support person,1,Middle Age,7-12 Months,Growing,160.86249999999998,489.25,1930.35,0.0379205843499883,26.37090163934426,Low,1,3,0,1,1,0,0,1,1,0,1,0,120.09166666666664,-46.89166666666665,0.0,0.2534514466288497,Medium Value,2488.8,1,Churned
55831-TAM,Male,43,No,Tamil Nadu,11,13,Deal 5,Yes,No,No,No Type,No,No,No,No,No,No,No,No,Month-to-Month,No,Mailed Check,19.95,58.3,0.0,0,15.45,73.75,Joined,Others,Others,0,Middle Age,13-24 Months,Growing,5.673076923076923,15.45,73.75,0.2705084745762712,3.696741854636592,High,1,1,0,0,1,0,0,0,0,0,0,0,4.484615384615385,15.465384615384616,0.0,0.2094915254237288,Low Value,857.85,1,Churned
49119-KAR,Female,43,No,Karnataka,15,27,Deal 4,Yes,Yes,Yes,Cable,No,No,No,No,Yes,Yes,Yes,Yes,Month-to-Month,Yes,Bank Withdrawal,96.05,1148.1,0.0,0,536.52,1684.62,Churned,Attitude,Attitude of support person,1,Middle Age,25-48 Months,Established,62.39333333333333,536.52,1684.62,0.0570158255274186,17.538990109318064,High,1,6,3,0,1,1,0,1,0,0,1,0,42.52222222222222,53.52777777777778,0.0,0.3184813192292623,Medium Value,4130.15,1,Churned
65643-JAM,Female,70,Yes,Jammu & Kashmir,0,14,Deal 3,Yes,Yes,Yes,Fiber Optic,No,No,No,No,No,No,No,Yes,Month-to-Month,Yes,Bank Withdrawal,76.1,1712.7,0.0,0,740.88,2453.58,Churned,Competitor,Competitor made better offer,1,Elder,13-24 Months,Growing,175.25571428571428,740.88,2453.58,0.031015903292332,32.241524310118265,No Referral,0,3,0,0,1,1,0,1,0,0,1,0,122.33571428571427,-46.235714285714295,0.0,0.3019587704497102,High Value,5327.0,1,Churned
92228-BIH,Female,22,Yes,Bihar,10,9,NO DEAL,No,No,Yes,Cable,No,No,No,No,No,No,No,Yes,Month-to-Month,Yes,Credit Card,25.15,25.15,0.0,0,0.0,25.15,Joined,Others,Others,0,Young Adult,7-12 Months,Growing,2.7944444444444443,0.0,25.15,1.0,1.0,High,1,1,0,0,0,0,0,1,0,0,1,0,2.7944444444444443,22.355555555555554,0.0,0.0,Low Value,553.3,1,Churned
76561-RAJ,Male,49,No,Rajasthan,7,18,Deal 5,Yes,No,Yes,Fiber Optic,No,No,No,No,No,No,No,Yes,Month-to-Month,No,Bank Withdrawal,69.65,145.15,0.0,0,15.28,160.43,Churned,Competitor,Competitor made better offer,1,Senior,13-24 Months,Growing,8.912777777777778,15.28,160.43,0.4341457333416443,2.3033740129217515,High,1,2,0,0,1,0,0,1,0,0,0,0,8.06388888888889,61.58611111111112,0.0,0.0952440316649005,Low Value,3412.8500000000004,1,Churned
48222-WES,Male,22,No,West Bengal,5,11,NO DEAL,Yes,No,Yes,Cable,No,Yes,No,Yes,No,Yes,Yes,Yes,One Year,Yes,Credit Card,65.4,2498.4,0.0,0,954.36,3452.76,Churned,Other,Don't know,1,Young Adult,7-12 Months,Growing,313.8872727272728,954.36,3452.76,0.018941368644215,52.79449541284404,Medium,1,6,2,2,1,0,1,1,0,0,1,0,227.12727272727275,-161.72727272727272,0.0,0.2764049629861328,High Value,1438.8000000000002,1,Churned
57185-UTT,Male,38,Yes,Uttar Pradesh,7,24,Deal 2,Yes,Yes,Yes,Fiber Optic,No,Yes,Yes,No,Yes,No,No,Yes,Month-to-Month,Yes,Bank Withdrawal,95.25,3959.35,27.3,0,766.92,4698.97,Churned,Attitude,Attitude of service provider,1,Middle Age,13-24 Months,Growing,195.7904166666667,766.92,4671.67,0.0202703996833348,49.33301837270341,High,1,6,1,2,1,1,0,1,0,0,1,0,164.97291666666666,-69.72291666666666,0.0068950711606703,0.1632102354345739,High Value,3619.5,1,Churned
41677-DEL,Male,60,Yes,Delhi,5,6,Deal 5,Yes,No,Yes,Fiber Optic,No,Yes,No,No,Yes,Yes,Yes,Yes,Month-to-Month,Yes,Bank Withdrawal,96.25,512.45,0.0,0,160.6,673.05,Churned,Competitor,Competitor made better offer,1,Senior,0-6 Months,New,112.175,160.6,673.05,0.1430057202288091,6.992727272727272,Medium,1,6,3,1,1,0,0,1,0,0,1,0,85.40833333333335,10.841666666666654,0.0,0.2386152588960701,Medium Value,5775.0,1,Churned
68719-AND,Female,52,Yes,Andhra Pradesh,6,17,Deal 2,Yes,Yes,Yes,Fiber Optic,Yes,Yes,Yes,No,Yes,No,No,No,Month-to-Month,Yes,Bank Withdrawal,100.55,6215.35,0.0,0,565.74,6781.09,Churned,Price,Price too high,1,Senior,13-24 Months,Growing,398.8876470588235,565.74,6781.09,0.0148279996283783,67.4399801093983,High,1,6,1,3,1,1,0,1,1,0,1,0,365.6088235294118,-265.05882352941177,0.0,0.0834290652387743,Very High Value,5228.599999999999,1,Churned
47613-AND,Male,48,No,Andhra Pradesh,10,9,Deal 5,Yes,No,Yes,DSL,No,Yes,Yes,No,No,No,No,Yes,Month-to-Month,Yes,Mailed Check,55.3,324.25,0.0,0,11.16,335.41,Churned,Competitor,Competitor made better offer,1,Senior,7-12 Months,Growing,37.26777777777778,11.16,335.41,0.1648728421931367,6.065280289330923,High,1,4,0,2,1,0,0,1,0,0,1,0,36.02777777777778,19.27222222222222,0.0,0.0332727110104051,Low Value,2654.4,1,Churned
79282-TAM,Female,58,No,Tamil Nadu,0,17,NO DEAL,Yes,No,No,No Type,No,No,No,No,No,No,No,No,Month-to-Month,No,Credit Card,-10.0,19.5,0.0,0,32.45,51.95,Churned,Attitude,Attitude of support person,1,Senior,13-24 Months,Growing,3.0558823529411767,32.45,51.95,-0.1924927815206929,-5.195,No Referral,0,1,0,0,1,0,0,0,0,0,0,0,1.1470588235294117,-11.147058823529411,0.0,0.6246390760346487,Low Value,-580.0,1,Churned
29419-TEL,Female,37,No,Telangana,3,33,NO DEAL,Yes,No,Yes,Fiber Optic,No,Yes,Yes,No,No,Yes,Yes,Yes,Month-to-Month,Yes,Credit Card,93.2,1573.7,35.7,0,652.16,2190.16,Churned,Competitor,Competitor made better offer,1,Middle Age,25-48 Months,Established,66.36848484848484,652.16,2154.46,0.0425539686598239,23.49957081545064,Medium,1,6,2,2,1,0,0,1,0,0,1,0,47.68787878787879,45.512121212121215,0.022685391116477,0.2977681995835921,High Value,3448.4,1,Churned
28581-JAM,Male,25,No,Jammu & Kashmir,12,3,Deal 5,Yes,No,Yes,Fiber Optic,No,No,No,No,Yes,No,No,No,Month-to-Month,Yes,Bank Withdrawal,80.6,415.55,36.44,40,28.9,448.01,Churned,Competitor,Competitor made better offer,1,Young Adult,0-6 Months,New,149.33666666666667,68.9,411.57,0.1799066985111939,5.558436724565757,High,1,2,1,0,1,0,0,1,0,0,1,0,138.51666666666668,-57.916666666666686,0.0876910119119239,0.1537912100176335,Low Value,2015.0,1,Churned
11799-TAM,Male,33,No,Tamil Nadu,9,20,NO DEAL,No,No,Yes,DSL,No,No,No,No,Yes,Yes,Yes,Yes,Month-to-Month,Yes,Mailed Check,45.3,45.3,0.0,0,0.0,45.3,Churned,Competitor,Competitor had better devices,1,Middle Age,13-24 Months,Growing,2.265,0.0,45.3,1.0,1.0,High,1,4,3,0,0,0,0,1,0,0,1,0,2.265,43.035,0.0,0.0,Low Value,1494.9,1,Churned
27692-GUJ,Female,40,No,Gujarat,6,34,NO DEAL,Yes,Yes,Yes,Fiber Optic,No,No,No,No,No,No,No,Yes,Month-to-Month,No,Credit Card,74.9,147.15,0.0,0,76.56,223.71,Churned,Price,Long distance charges,1,Middle Age,25-48 Months,Established,6.5797058823529415,76.56,223.71,0.3348084573778552,2.9867823765020027,High,1,3,0,0,1,1,0,1,0,0,0,0,4.327941176470588,70.57205882352942,0.0,0.3422287783290867,Low Value,2996.0,1,Churned
53134-UTT,Male,69,No,Uttar Pradesh,4,25,NO DEAL,Yes,Yes,Yes,Fiber Optic,No,No,No,No,No,No,No,Yes,Month-to-Month,Yes,Bank Withdrawal,76.05,231.8,0.0,0,90.75,322.55,Churned,Competitor,Competitor had better devices,1,Elder,25-48 Months,Established,12.902,90.75,322.55,0.235777398852891,4.241288625904011,Medium,1,3,0,0,1,1,0,1,0,0,1,0,9.272,66.77799999999999,0.0,0.2813517284141993,Low Value,5247.45,1,Churned
37131-MAH,Male,52,No,Maharashtra,6,2,NO DEAL,Yes,No,Yes,Fiber Optic,No,No,No,No,Yes,Yes,Yes,Yes,Month-to-Month,Yes,Bank Withdrawal,89.25,89.25,0.0,0,16.64,105.89,Joined,Others,Others,0,Senior,0-6 Months,New,52.945,16.64,105.89,0.8428557937482293,1.1864425770308122,High,1,5,3,0,1,0,0,1,0,0,1,0,44.625,44.625,0.0,0.1571442062517707,Low Value,4641.0,1,Churned
95331-UTT,Male,76,Yes,Uttarakhand,11,25,Deal 5,Yes,No,Yes,DSL,No,Yes,No,No,No,No,No,Yes,Month-to-Month,No,Credit Card,50.15,115.1,0.0,0,13.72,128.82,Churned,Competitor,Competitor had better devices,1,Elder,25-48 Months,Established,5.1528,13.72,128.82,0.3893029032758888,2.568693918245264,High,1,3,0,1,1,0,0,1,0,0,0,0,4.604,45.546,0.0,0.1065052010557367,Low Value,3811.4,1,Churned
92130-BIH,Male,78,Yes,Bihar,13,18,NO DEAL,Yes,No,Yes,DSL,Yes,Yes,No,No,No,No,No,Yes,Month-to-Month,No,Credit Card,54.85,104.2,0.0,0,51.48,155.68,Churned,Price,Extra data charges,1,Elder,13-24 Months,Growing,8.648888888888889,51.48,155.68,0.352325282631038,2.838286235186873,High,1,4,0,2,1,0,0,1,1,0,0,0,5.788888888888889,49.06111111111111,0.0,0.3306783144912641,Low Value,4278.3,1,Churned
83690-AND,Male,63,No,Andhra Pradesh,11,6,NO DEAL,Yes,Yes,Yes,Fiber Optic,No,No,No,No,Yes,No,No,Yes,Month-to-Month,Yes,Bank Withdrawal,84.9,3369.05,0.0,0,713.2,4082.25,Stayed,Others,Others,0,Elder,0-6 Months,New,680.375,713.2,4082.25,0.0207973544001469,48.08303886925795,High,1,4,1,0,1,1,0,1,0,0,1,0,561.5083333333333,-476.60833333333335,0.0,0.1747075754792088,High Value,5348.700000000001,1,Churned
56658-ASS,Female,26,No,Assam,12,29,Deal 5,Yes,No,Yes,DSL,No,No,No,No,No,No,Yes,Yes,Month-to-Month,Yes,Bank Withdrawal,43.3,123.65,0.0,0,146.52,270.17,Churned,Price,Lack of affordable download/upload speed,1,Young Adult,25-48 Months,Established,9.316206896551725,146.52,270.17,0.1602694599696487,6.239491916859123,High,1,3,1,0,1,0,0,1,0,0,1,0,4.263793103448276,39.03620689655172,0.0,0.5423252026501832,Low Value,1125.8,1,Churned
17597-HAR,Female,33,Yes,Haryana,2,6,Deal 5,No,No,Yes,DSL,No,Yes,No,No,No,No,No,Yes,Month-to-Month,Yes,Bank Withdrawal,29.85,29.85,0.0,0,0.0,29.85,Joined,Others,Others,0,Middle Age,0-6 Months,New,4.9750000000000005,0.0,29.85,1.0,1.0,Low,1,2,0,1,0,0,0,1,0,0,1,0,4.9750000000000005,24.875,0.0,0.0,Low Value,985.05,1,Churned
32447-HAR,Female,38,Yes,Haryana,13,18,NO DEAL,Yes,No,Yes,DSL,No,No,No,No,No,No,No,Yes,Month-to-Month,No,Credit Card,-4.0,46.3,0.0,0,48.22,94.52,Churned,Price,Extra data charges,1,Middle Age,13-24 Months,Growing,5.251111111111111,48.22,94.52,-0.0423190859077443,-23.63,High,1,2,0,0,1,0,0,1,0,0,0,0,2.572222222222222,-6.572222222222222,0.0,0.5101565806178586,Low Value,-152.0,1,Churned
36574-WES,Female,51,Yes,West Bengal,7,26,NO DEAL,Yes,No,Yes,Fiber Optic,No,Yes,No,No,No,No,No,Yes,Month-to-Month,No,Bank Withdrawal,75.8,75.8,0.0,0,14.48,90.28,Churned,Competitor,Competitor had better devices,1,Senior,25-48 Months,Established,3.4723076923076923,14.48,90.28,0.8396101019051838,1.1910290237467018,High,1,3,0,1,1,0,0,1,0,0,0,0,2.9153846153846152,72.88461538461539,0.0,0.1603898980948161,Low Value,3865.8,1,Churned
94341-JHA,Male,21,Yes,Jharkhand,9,11,Deal 5,Yes,No,Yes,Fiber Optic,No,No,Yes,No,No,No,No,Yes,Month-to-Month,No,Bank Withdrawal,76.4,151.8,0.0,0,41.0,192.8,Churned,Competitor,Competitor had better devices,1,Young Adult,7-12 Months,Growing,17.527272727272727,41.0,192.8,0.3962655601659751,2.523560209424084,High,1,3,0,1,1,0,0,1,0,0,0,0,13.8,62.60000000000001,0.0,0.212655601659751,Low Value,1604.4,1,Churned
24592-WES,Male,58,Yes,West Bengal,2,4,NO DEAL,Yes,Yes,Yes,Fiber Optic,No,No,Yes,Yes,Yes,Yes,Yes,Yes,Month-to-Month,Yes,Bank Withdrawal,106.15,4512.7,0.0,0,101.22,4613.92,Churned,Other,Don't know,1,Senior,0-6 Months,New,1153.48,101.22,4613.92,0.0230064673856503,43.466038624587846,Low,1,8,3,2,1,1,0,1,0,0,1,0,1128.175,-1022.025,0.0,0.0219379616464958,High Value,6156.700000000001,1,Churned
82427-MAH,Male,36,No,Maharashtra,15,28,Deal 5,Yes,No,No,No Type,No,No,No,No,No,No,No,No,Month-to-Month,No,Credit Card,19.55,19.55,0.0,0,17.94,37.49,Joined,Others,Others,0,Middle Age,25-48 Months,Established,1.3389285714285717,17.94,37.49,0.5214723926380368,1.9176470588235293,High,1,1,0,0,1,0,0,0,0,0,0,0,0.6982142857142858,18.851785714285715,0.0,0.4785276073619632,Low Value,703.8000000000001,1,Churned
63303-TAM,Male,25,No,Tamil Nadu,10,28,Deal 4,Yes,Yes,Yes,Fiber Optic,No,No,No,No,No,No,Yes,Yes,Month-to-Month,Yes,Credit Card,73.75,871.4,0.0,0,179.52,1050.92,Churned,Attitude,Attitude of support person,1,Young Adult,25-48 Months,Established,37.53285714285715,179.52,1050.92,0.0701766071632474,14.249762711864408,High,1,4,1,0,1,1,0,1,0,0,1,0,31.12142857142857,42.62857142857143,0.0,0.1708217561755414,Medium Value,1843.75,1,Churned
23332-ODI,Female,36,No,Odisha,1,17,NO DEAL,Yes,Yes,Yes,Fiber Optic,No,No,No,No,Yes,No,No,Yes,Month-to-Month,Yes,Bank Withdrawal,84.45,1059.55,0.0,0,148.32,1207.87,Churned,Dissatisfaction,Limited range of services,1,Middle Age,13-24 Months,Growing,71.05117647058823,148.32,1207.87,0.0699164645201884,14.302782711663705,Low,1,4,1,0,1,1,0,1,0,0,1,0,62.32647058823529,22.123529411764714,0.0,0.1227946716120112,Medium Value,3040.2000000000003,1,Churned
75936-WES,Female,58,Yes,West Bengal,13,29,NO DEAL,No,No,Yes,DSL,No,Yes,No,No,Yes,Yes,Yes,No,One Year,Yes,Bank Withdrawal,51.8,2541.25,0.0,50,0.0,2591.25,Churned,Other,Moved,1,Senior,25-48 Months,Established,89.35344827586206,50.0,2591.25,0.0199903521466473,50.02413127413128,High,1,4,3,1,0,0,1,1,0,0,1,0,87.62931034482759,-35.82931034482759,0.0,0.019295706705258,High Value,3004.4,1,Churned
59386-JAM,Female,28,No,Jammu & Kashmir,1,13,NO DEAL,No,No,Yes,Cable,No,No,No,No,Yes,Yes,Yes,Yes,Month-to-Month,No,Bank Withdrawal,44.6,97.1,0.0,0,0.0,97.1,Churned,Competitor,Competitor made better offer,1,Young Adult,13-24 Months,Growing,7.469230769230768,0.0,97.1,0.4593202883625129,2.1771300448430493,Low,1,4,3,0,0,0,0,1,0,0,0,0,7.469230769230768,37.13076923076923,0.0,0.0,Low Value,1248.8,1,Churned
28378-MAD,Female,65,No,Madhya Pradesh,12,1,Deal 5,Yes,No,No,No Type,No,No,No,No,No,No,No,No,Month-to-Month,No,Bank Withdrawal,19.45,19.45,0.0,0,46.59,66.04,Joined,Others,Others,0,Elder,0-6 Months,New,66.04,46.59,66.04,0.2945184736523318,3.395372750642674,High,1,1,0,0,1,0,0,0,0,0,0,0,19.45,0.0,0.0,0.705481526347668,Low Value,1264.25,1,Churned
47511-AND,Female,65,No,Andhra Pradesh,1,20,Deal 3,Yes,Yes,Yes,DSL,Yes,No,No,No,No,No,No,Yes,Month-to-Month,No,Bank Withdrawal,54.75,1338.15,0.0,0,414.48,1752.63,Churned,Attitude,Attitude of support person,1,Elder,13-24 Months,Growing,87.6315,414.48,1752.63,0.0312387668817719,32.01150684931507,Low,1,4,0,1,1,1,0,1,1,0,0,0,66.9075,-12.1575,0.0,0.2364903031444172,Medium Value,3558.75,1,Churned
96244-AND,Male,31,Yes,Andhra Pradesh,0,36,NO DEAL,Yes,No,Yes,DSL,No,No,No,Yes,No,No,No,Yes,Month-to-Month,Yes,Mailed Check,49.9,49.9,0.0,0,39.6,89.5,Churned,Price,Extra data charges,1,Middle Age,25-48 Months,Established,2.486111111111111,39.6,89.5,0.5575418994413408,1.7935871743486975,No Referral,0,3,0,1,1,0,0,1,0,0,1,0,1.386111111111111,48.513888888888886,0.0,0.4424581005586592,Low Value,1546.9,1,Churned
73264-BIH,Female,49,Yes,Bihar,2,28,NO DEAL,Yes,Yes,Yes,Fiber Optic,No,No,No,No,No,No,No,Yes,Month-to-Month,Yes,Bank Withdrawal,76.5,837.95,0.0,0,171.6,1009.55,Churned,Dissatisfaction,Network reliability,1,Senior,25-48 Months,Established,36.05535714285714,171.6,1009.55,0.0757763359912832,13.19673202614379,Low,1,3,0,0,1,1,0,1,0,0,1,0,29.92678571428572,46.573214285714286,0.0,0.1699767223020157,Medium Value,3748.5,1,Churned
79473-PUN,Male,59,Yes,Punjab,2,11,NO DEAL,Yes,Yes,Yes,Fiber Optic,No,No,Yes,No,No,No,No,Yes,Month-to-Month,Yes,Credit Card,78.95,2839.65,0.0,0,1387.13,4226.78,Churned,Competitor,Competitor offered higher download speeds,1,Senior,7-12 Months,Growing,384.25272727272727,1387.13,4226.78,0.0186785212383895,53.53742875237492,Low,1,4,0,1,1,1,0,1,0,0,1,0,258.15000000000003,-179.20000000000005,0.0,0.3281765315441069,High Value,4658.05,1,Churned
61027-DEL,Male,74,No,Delhi,6,36,NO DEAL,Yes,Yes,Yes,Fiber Optic,No,Yes,Yes,Yes,Yes,Yes,No,Yes,One Year,No,Credit Card,110.9,7432.05,0.0,0,653.4,8085.45,Churned,Attitude,Attitude of service provider,1,Elder,25-48 Months,Established,224.59583333333333,653.4,8085.45,0.0137159960175376,72.90757439134354,High,1,8,2,3,1,1,1,1,0,0,0,0,206.44583333333333,-95.54583333333332,0.0,0.0808118286551768,Very High Value,8206.6,1,Churned
18027-UTT,Female,58,Yes,Uttar Pradesh,15,30,Deal 5,Yes,No,No,No Type,No,No,No,No,No,No,No,No,Month-to-Month,Yes,Credit Card,19.9,33.7,0.0,0,7.64,41.34,Joined,Others,Others,0,Senior,25-48 Months,Established,1.378,7.64,41.34,0.4813739719400096,2.0773869346733678,High,1,1,0,0,1,0,0,0,0,0,1,0,1.1233333333333335,18.776666666666664,0.0,0.1848089017900338,Low Value,1154.1999999999998,1,Churned
21572-ASS,Female,60,No,Assam,3,10,NO DEAL,Yes,No,Yes,Fiber Optic,No,No,No,No,Yes,No,No,Yes,Month-to-Month,Yes,Bank Withdrawal,79.0,522.95,0.0,0,182.63,705.58,Churned,Attitude,Attitude of support person,1,Senior,7-12 Months,Growing,70.558,182.63,705.58,0.111964624847643,8.931392405063292,Medium,1,3,1,0,1,0,0,1,0,0,1,0,52.295,26.705,0.0,0.2588367017205703,Medium Value,4740.0,1,Churned
64388-JHA,Male,36,No,Jharkhand,13,24,NO DEAL,Yes,No,Yes,DSL,Yes,No,No,No,No,No,No,No,Month-to-Month,Yes,Credit Card,48.8,1054.6,0.0,20,86.9,1161.5,Churned,Competitor,Competitor made better offer,1,Middle Age,13-24 Months,Growing,48.395833333333336,106.9,1161.5,0.0420146362462333,23.801229508196723,High,1,2,0,1,1,0,0,1,1,0,1,0,43.94166666666666,4.858333333333334,0.0,0.0920361601377529,Medium Value,1756.8,1,Churned
86777-HAR,Male,75,No,Haryana,2,22,Deal 3,Yes,No,Yes,Cable,No,Yes,Yes,Yes,Yes,No,No,Yes,One Year,Yes,Credit Card,70.15,2497.35,0.0,0,218.5,2715.85,Churned,Price,Lack of affordable download/upload speed,1,Elder,13-24 Months,Growing,123.44772727272726,218.5,2715.85,0.0258298506913121,38.714896650035634,Low,1,6,1,3,1,0,1,1,0,0,1,0,113.51590909090908,-43.365909090909085,0.0,0.0804536333008082,High Value,5261.25,1,Churned
33124-TAM,Female,53,No,Tamil Nadu,15,26,NO DEAL,Yes,No,Yes,Fiber Optic,No,No,No,No,No,No,No,Yes,Month-to-Month,Yes,Bank Withdrawal,69.2,69.2,0.0,0,10.08,79.28,Churned,Dissatisfaction,Poor expertise of online support,1,Senior,25-48 Months,Established,3.0492307692307694,10.08,79.28,0.8728557013118062,1.145664739884393,High,1,2,0,0,1,0,0,1,0,0,1,0,2.661538461538462,66.53846153846155,0.0,0.1271442986881937,Low Value,3667.6,1,Churned
15757-HAR,Female,41,No,Haryana,6,23,NO DEAL,Yes,No,Yes,DSL,No,No,No,No,No,No,No,Yes,Month-to-Month,Yes,Credit Card,44.15,44.15,0.0,0,8.77,52.92,Churned,Other,Don't know,1,Middle Age,13-24 Months,Growing,2.300869565217391,8.77,52.92,0.834278155706727,1.1986409966024916,High,1,2,0,0,1,0,0,1,0,0,1,0,1.9195652173913045,42.2304347826087,0.0,0.1657218442932728,Low Value,1810.15,1,Churned
91824-DEL,Female,22,Yes,Delhi,7,1,NO DEAL,Yes,No,Yes,Fiber Optic,No,No,No,No,No,No,Yes,Yes,Month-to-Month,Yes,Bank Withdrawal,69.6,69.6,0.0,0,14.19,83.79,Churned,Competitor,Competitor made better offer,1,Young Adult,0-6 Months,New,83.79,14.19,83.79,0.8306480486931613,1.2038793103448278,High,1,3,1,0,1,0,0,1,0,0,1,0,69.6,0.0,0.0,0.1693519513068385,Low Value,1531.1999999999998,1,Churned
36599-BIH,Female,40,No,Bihar,0,29,NO DEAL,Yes,No,Yes,Fiber Optic,No,No,Yes,Yes,No,No,No,Yes,Two Year,Yes,Bank Withdrawal,80.45,3201.55,0.0,0,953.55,4155.1,Churned,Dissatisfaction,Lack of self-service on Website,1,Middle Age,25-48 Months,Established,143.2793103448276,953.55,4155.1,0.0193617482130393,51.64822871348664,No Referral,0,4,0,2,1,0,1,1,0,0,1,0,110.39827586206896,-29.948275862068968,0.0,0.229489061635099,High Value,3218.0,1,Churned
58784-ASS,Female,80,Yes,Assam,2,29,NO DEAL,Yes,No,Yes,DSL,No,No,No,No,No,No,No,No,Month-to-Month,No,Bank Withdrawal,45.0,127.1,0.0,10,90.42,227.52,Churned,Competitor,Competitor made better offer,1,Elder,25-48 Months,Established,7.84551724137931,100.42,227.52,0.1977848101265822,5.056,Low,1,1,0,0,1,0,0,1,0,0,0,0,4.382758620689655,40.61724137931034,0.0,0.4413677918424754,Low Value,3600.0,1,Churned
26038-UTT,Male,38,Yes,Uttar Pradesh,14,14,NO DEAL,Yes,No,Yes,Cable,Yes,Yes,No,No,Yes,No,No,Yes,Month-to-Month,Yes,Bank Withdrawal,65.45,937.6,0.0,0,638.4,1576.0,Churned,Competitor,Competitor had better devices,1,Middle Age,13-24 Months,Growing,112.57142857142856,638.4,1576.0,0.0415291878172588,24.0794499618029,High,1,5,1,2,1,0,0,1,1,0,1,0,66.97142857142858,-1.5214285714285722,0.0,0.4050761421319797,Medium Value,2487.1,1,Churned
83919-PUN,Female,61,Yes,Punjab,0,36,NO DEAL,Yes,Yes,Yes,Fiber Optic,No,Yes,No,No,No,No,No,Yes,Month-to-Month,Yes,Bank Withdrawal,80.15,385.0,0.0,0,57.7,442.7,Churned,Competitor,Competitor had better devices,1,Elder,25-48 Months,Established,12.297222222222222,57.7,442.7,0.1810481138468489,5.523393636930754,No Referral,0,4,0,1,1,1,0,1,0,0,1,0,10.694444444444445,69.45555555555556,0.0,0.1303365710413372,Low Value,4889.150000000001,1,Churned
19793-UTT,Female,63,Yes,Uttar Pradesh,5,34,Deal 1,Yes,Yes,Yes,Fiber Optic,No,Yes,Yes,No,Yes,Yes,Yes,Yes,One Year,No,Bank Withdrawal,104.1,7040.85,0.0,0,548.06,7588.91,Churned,Dissatisfaction,Product dissatisfaction,1,Elder,25-48 Months,Established,223.20323529411763,548.06,7588.91,0.0137173849735996,72.9001921229587,Medium,1,8,3,2,1,1,1,1,0,0,0,0,207.08382352941177,-102.98382352941178,0.0,0.0722185399484247,Very High Value,6558.299999999999,1,Churned
28398-TEL,Male,59,Yes,Telangana,3,23,Deal 5,Yes,No,No,No Type,No,No,No,No,No,No,No,No,Month-to-Month,No,Credit Card,20.0,20.0,0.0,0,25.99,45.99,Joined,Others,Others,0,Senior,13-24 Months,Growing,1.9995652173913043,25.99,45.99,0.4348771472059143,2.2995,Medium,1,1,0,0,1,0,0,0,0,0,0,0,0.8695652173913043,19.130434782608692,0.0,0.5651228527940856,Low Value,1180.0,1,Churned
93496-TAM,Female,43,Yes,Tamil Nadu,9,9,Deal 4,Yes,Yes,Yes,Fiber Optic,No,No,Yes,No,No,No,No,Yes,Month-to-Month,Yes,Bank Withdrawal,81.0,1917.1,0.0,0,430.1,2347.2,Churned,Competitor,Competitor offered more data,1,Middle Age,7-12 Months,Growing,260.79999999999995,430.1,2347.2,0.0345092024539877,28.97777777777777,High,1,4,0,1,1,1,0,1,0,0,1,0,213.0111111111111,-132.0111111111111,0.0,0.1832396046353102,High Value,3483.0,1,Churned
13946-HAR,Female,41,Yes,Haryana,1,3,Deal 5,Yes,No,No,No Type,No,No,No,No,No,No,No,No,Month-to-Month,No,Credit Card,19.65,19.65,0.0,0,23.67,43.32,Joined,Others,Others,0,Middle Age,0-6 Months,New,14.44,23.67,43.32,0.4536011080332409,2.204580152671756,Low,1,1,0,0,1,0,0,0,0,0,0,0,6.55,13.099999999999998,0.0,0.5463988919667591,Low Value,805.65,1,Churned
43542-MAD,Female,27,Yes,Madhya Pradesh,10,12,Deal 2,No,No,Yes,DSL,No,Yes,No,No,No,Yes,Yes,Yes,Month-to-Month,Yes,Bank Withdrawal,41.05,2452.7,0.0,0,0.0,2452.7,Churned,Competitor,Competitor offered higher download speeds,1,Young Adult,7-12 Months,Growing,204.39166666666665,0.0,2452.7,0.0167366575610551,59.74908647990256,High,1,4,2,1,0,0,0,1,0,0,1,0,204.39166666666665,-163.34166666666664,0.0,0.0,High Value,1108.35,1,Churned
38577-BIH,Female,30,Yes,Bihar,6,36,NO DEAL,Yes,No,Yes,DSL,No,No,No,No,No,No,No,Yes,Month-to-Month,Yes,Bank Withdrawal,44.5,90.05,0.0,0,61.74,151.79,Joined,Others,Others,0,Young Adult,25-48 Months,Established,4.216388888888889,61.74,151.79,0.2931681928980829,3.411011235955056,High,1,2,0,0,1,0,0,1,0,0,1,0,2.5013888888888887,41.99861111111111,0.0,0.4067461624612952,Low Value,1335.0,1,Churned
17950-AND,Female,60,No,Andhra Pradesh,6,30,NO DEAL,Yes,No,Yes,Fiber Optic,Yes,No,No,No,No,No,No,Yes,Month-to-Month,Yes,Bank Withdrawal,75.2,3198.6,0.0,0,1462.0,4660.6,Churned,Dissatisfaction,Network reliability,1,Senior,25-48 Months,Established,155.35333333333335,1462.0,4660.6,0.0161352615543063,61.97606382978724,High,1,3,0,1,1,0,0,1,1,0,1,0,106.62,-31.419999999999987,0.0,0.3136935158563275,High Value,4512.0,1,Churned
89663-BIH,Male,38,Yes,Bihar,6,4,NO DEAL,No,No,Yes,DSL,No,No,No,Yes,Yes,No,No,No,Month-to-Month,No,Bank Withdrawal,40.1,40.1,0.0,10,0.0,50.1,Churned,Attitude,Attitude of support person,1,Middle Age,0-6 Months,New,12.525,10.0,50.1,0.8003992015968064,1.2493765586034913,High,1,2,1,1,0,0,0,1,0,0,0,0,10.025,30.075000000000003,0.0,0.1996007984031936,Low Value,1523.8,1,Churned
63752-KAR,Female,47,Yes,Karnataka,3,35,NO DEAL,Yes,Yes,Yes,Fiber Optic,No,No,Yes,No,No,Yes,Yes,No,Month-to-Month,Yes,Bank Withdrawal,91.05,2954.5,0.0,70,1501.44,4525.94,Churned,Competitor,Competitor offered more data,1,Senior,25-48 Months,Established,129.31257142857143,1571.44,4525.94,0.0201173678837987,49.70829214717188,Medium,1,5,2,1,1,1,0,1,0,0,1,0,84.41428571428571,6.635714285714286,0.0,0.3472074309425225,High Value,4279.349999999999,1,Churned
41017-MAH,Female,52,No,Maharashtra,12,1,Deal 5,Yes,No,Yes,DSL,No,No,Yes,No,No,No,No,Yes,Month-to-Month,Yes,Bank Withdrawal,51.05,415.05,0.0,0,30.8,445.85,Churned,Dissatisfaction,Product dissatisfaction,1,Senior,0-6 Months,New,445.85,30.8,445.85,0.1145003925086912,8.733594515181196,High,1,3,0,1,1,0,0,1,0,0,1,0,415.05,-364.0,0.0,0.0690815296624425,Low Value,2654.6,1,Churned
19000-HAR,Female,19,No,Haryana,8,6,NO DEAL,Yes,Yes,Yes,Fiber Optic,No,Yes,Yes,No,Yes,Yes,Yes,Yes,Month-to-Month,Yes,Bank Withdrawal,105.9,6396.45,0.0,0,642.0,7038.45,Churned,Other,Don't know,1,Young Adult,0-6 Months,New,1173.075,642.0,7038.45,0.0150459263047972,66.46317280453258,High,1,8,3,2,1,1,0,1,0,0,1,0,1066.075,-960.175,0.0,0.0912132642840398,Very High Value,2012.1,1,Churned
83736-UTT,Male,43,Yes,Uttar Pradesh,1,25,NO DEAL,Yes,No,Yes,DSL,No,No,No,No,No,No,No,Yes,Month-to-Month,No,Credit Card,45.35,45.35,0.0,0,12.46,57.81,Joined,Others,Others,0,Middle Age,25-48 Months,Established,2.3124,12.46,57.81,0.7844663553018509,1.2747519294377068,Low,1,2,0,0,1,0,0,1,0,0,0,0,1.814,43.536,0.0,0.2155336446981491,Low Value,1950.05,1,Churned
51123-HAR,Female,28,Yes,Haryana,4,7,NO DEAL,Yes,No,Yes,Fiber Optic,No,No,No,No,Yes,No,No,No,Month-to-Month,Yes,Bank Withdrawal,80.65,144.15,0.0,20,11.7,175.85,Churned,Competitor,Competitor had better devices,1,Young Adult,7-12 Months,Growing,25.12142857142857,31.7,175.85,0.4586295137901621,2.1804091754494728,Medium,1,2,1,0,1,0,0,1,0,0,1,0,20.592857142857145,60.057142857142864,0.0,0.1802672732442422,Low Value,2258.2000000000003,1,Churned
15875-MAD,Female,27,Yes,Madhya Pradesh,8,4,NO DEAL,Yes,Yes,Yes,Fiber Optic,Yes,No,Yes,No,Yes,Yes,Yes,Yes,Two Year,Yes,Credit Card,106.05,6981.35,0.0,0,1551.66,8533.01,Churned,Dissatisfaction,Product dissatisfaction,1,Young Adult,0-6 Months,New,2133.2525,1551.66,8533.01,0.0124282052874659,80.46214049976426,High,1,8,3,2,1,1,1,1,1,0,1,0,1745.3375,-1639.2875,0.0,0.1818420463587878,Very High Value,2863.35,1,Churned
51657-TAM,Male,54,No,Tamil Nadu,13,16,NO DEAL,Yes,No,No,No Type,No,No,No,No,No,No,No,No,Month-to-Month,No,Credit Card,20.85,60.65,0.0,0,58.74,119.39,Joined,Others,Others,0,Senior,13-24 Months,Growing,7.461875,58.74,119.39,0.1746377418544266,5.726139088729016,High,1,1,0,0,1,0,0,0,0,0,0,0,3.790625,17.059375000000003,0.0,0.4920010051093056,Low Value,1125.9,1,Churned
88933-TAM,Male,38,No,Tamil Nadu,8,21,NO DEAL,Yes,Yes,Yes,Cable,No,No,No,No,No,No,No,Yes,Month-to-Month,Yes,Bank Withdrawal,50.45,50.45,0.0,0,28.25,78.7,Churned,Competitor,Competitor made better offer,1,Middle Age,13-24 Months,Growing,3.747619047619048,28.25,78.7,0.6410419313850063,1.5599603567888998,High,1,3,0,0,1,1,0,1,0,0,1,0,2.4023809523809527,48.04761904761905,0.0,0.3589580686149936,Low Value,1917.1,1,Churned
94815-RAJ,Female,54,Yes,Rajasthan,1,29,NO DEAL,Yes,Yes,Yes,Fiber Optic,No,Yes,Yes,No,Yes,Yes,Yes,Yes,One Year,Yes,Bank Withdrawal,103.45,3066.45,0.0,0,287.37,3353.82,Churned,Dissatisfaction,Poor expertise of phone support,1,Senior,25-48 Months,Established,115.64896551724138,287.37,3353.82,0.0308454240239488,32.41971967133881,Low,1,8,3,2,1,1,1,1,0,0,1,0,105.7396551724138,-2.289655172413788,0.0,0.0856843837773046,High Value,5586.3,1,Churned
58500-BIH,Female,74,No,Bihar,1,5,NO DEAL,Yes,No,Yes,DSL,No,Yes,No,No,No,No,No,Yes,Month-to-Month,Yes,Bank Withdrawal,50.4,1527.5,0.0,0,139.5,1667.0,Churned,Attitude,Attitude of support person,1,Elder,0-6 Months,New,333.4,139.5,1667.0,0.0302339532093581,33.07539682539683,Low,1,3,0,1,1,0,0,1,0,0,1,0,305.5,-255.1,0.0,0.0836832633473305,Medium Value,3729.6,1,Churned
45307-MAD,Female,73,Yes,Madhya Pradesh,5,9,NO DEAL,Yes,Yes,Yes,Cable,No,No,No,No,No,Yes,No,Yes,Month-to-Month,Yes,Bank Withdrawal,86.65,856.65,0.0,0,465.0,1321.65,Churned,Dissatisfaction,Limited range of services,1,Elder,7-12 Months,Growing,146.85000000000002,465.0,1321.65,0.0655619869103015,15.252740911713792,Medium,1,4,1,0,1,1,0,1,0,0,1,0,95.18333333333334,-8.533333333333331,0.0,0.351832936102599,Medium Value,6325.450000000001,1,Churned
71837-TAM,Female,44,Yes,Tamil Nadu,7,15,Deal 4,Yes,Yes,Yes,Fiber Optic,Yes,Yes,Yes,No,No,Yes,Yes,Yes,Month-to-Month,Yes,Bank Withdrawal,99.7,1238.45,0.0,0,192.84,1431.29,Churned,Price,Lack of affordable download/upload speed,1,Middle Age,13-24 Months,Growing,95.41933333333331,192.84,1431.29,0.0696574418880869,14.355967903711132,High,1,8,2,3,1,1,0,1,1,0,1,0,82.56333333333333,17.13666666666667,0.0,0.1347316057542496,Medium Value,4386.8,1,Churned
22782-ODI,Female,50,Yes,Odisha,2,28,NO DEAL,Yes,No,No,No Type,No,No,No,No,No,No,No,No,Month-to-Month,No,Credit Card,19.3,54.7,0.0,0,30.39,85.09,Joined,Others,Others,0,Senior,25-48 Months,Established,3.0389285714285714,30.39,85.09,0.226818662592549,4.408808290155441,Low,1,1,0,0,1,0,0,0,0,0,0,0,1.9535714285714287,17.34642857142857,0.0,0.3571512516159361,Low Value,965.0,1,Churned
99127-JAM,Female,35,No,Jammu & Kashmir,8,5,NO DEAL,Yes,Yes,Yes,Fiber Optic,No,Yes,No,No,No,No,No,Yes,Month-to-Month,No,Bank Withdrawal,77.95,305.55,0.0,0,123.8,429.35,Churned,Competitor,Competitor made better offer,1,Middle Age,0-6 Months,New,85.87,123.8,429.35,0.1815535111214626,5.508017960230918,High,1,4,0,1,1,1,0,1,0,0,0,0,61.11,16.840000000000003,0.0,0.288342843833702,Low Value,2728.25,1,Churned
61331-UTT,Male,36,Yes,Uttarakhand,2,10,Deal 5,Yes,No,Yes,DSL,Yes,No,No,No,No,No,No,Yes,Month-to-Month,Yes,Credit Card,50.75,50.75,0.0,0,45.77,96.52,Joined,Others,Others,0,Middle Age,7-12 Months,Growing,9.652,45.77,96.52,0.52579776212184,1.901871921182266,Low,1,3,0,1,1,0,0,1,1,0,1,0,5.075,45.675,0.0,0.47420223787816,Low Value,1827.0,1,Churned
56821-MAH,Female,39,No,Maharashtra,3,1,Deal 5,No,No,Yes,DSL,No,No,No,No,No,No,No,Yes,Month-to-Month,Yes,Bank Withdrawal,24.95,100.4,0.0,0,0.0,100.4,Churned,Competitor,Competitor had better devices,1,Middle Age,0-6 Months,New,100.4,0.0,100.4,0.2485059760956175,4.024048096192385,Medium,1,1,0,0,0,0,0,1,0,0,1,0,100.4,-75.45,0.0,0.0,Low Value,973.05,1,Churned
83440-GUJ,Male,53,No,Gujarat,4,14,NO DEAL,Yes,No,No,No Type,No,No,No,No,No,No,No,No,Month-to-Month,No,Bank Withdrawal,20.0,49.65,0.0,0,93.18,142.83,Joined,Others,Others,0,Senior,13-24 Months,Growing,10.202142857142858,93.18,142.83,0.1400266050549604,7.141500000000001,Medium,1,1,0,0,1,0,0,0,0,0,0,0,3.5464285714285717,16.45357142857143,0.0,0.6523839529510607,Low Value,1060.0,1,Churned
32067-PUN,Female,28,No,Punjab,13,33,Deal 4,Yes,Yes,No,No Type,No,No,No,No,No,No,No,No,Month-to-Month,No,Credit Card,24.1,409.9,0.0,0,310.42,720.32,Churned,Price,Long distance charges,1,Young Adult,25-48 Months,Established,21.827878787878788,310.42,720.32,0.033457352287872,29.88879668049793,High,1,2,0,0,1,1,0,0,0,0,0,0,12.42121212121212,11.67878787878788,0.0,0.430947356730342,Medium Value,674.8000000000001,1,Churned
23078-UTT,Female,57,Yes,Uttar Pradesh,3,24,NO DEAL,Yes,No,No,No Type,No,No,No,No,No,No,No,No,Month-to-Month,Yes,Bank Withdrawal,20.3,20.3,0.0,0,6.64,26.94,Joined,Others,Others,0,Senior,13-24 Months,Growing,1.1225,6.64,26.94,0.7535263548626577,1.3270935960591133,Medium,1,1,0,0,1,0,0,0,0,0,1,0,0.8458333333333333,19.454166666666666,0.0,0.2464736451373422,Low Value,1157.1,1,Churned
82326-ODI,Female,27,Yes,Odisha,4,4,NO DEAL,Yes,Yes,Yes,Fiber Optic,No,No,No,No,No,No,No,Yes,Month-to-Month,Yes,Bank Withdrawal,75.55,166.3,0.0,0,82.74,249.04,Churned,Competitor,Competitor made better offer,1,Young Adult,0-6 Months,New,62.26,82.74,249.04,0.3033649212977835,3.296360026472535,Medium,1,3,0,0,1,1,0,1,0,0,1,0,41.575,33.974999999999994,0.0,0.3322357854159974,Low Value,2039.85,1,Churned
53350-TEL,Male,37,Yes,Telangana,6,22,NO DEAL,Yes,Yes,Yes,Fiber Optic,No,No,No,No,No,No,No,Yes,Month-to-Month,No,Bank Withdrawal,74.5,217.45,0.0,0,20.91,238.36,Joined,Others,Others,0,Middle Age,13-24 Months,Growing,10.834545454545456,20.91,238.36,0.3125524416848464,3.1994630872483225,High,1,3,0,0,1,1,0,1,0,0,0,0,9.884090909090908,64.6159090909091,0.0,0.0877244504111428,Low Value,2756.5,1,Churned
84133-KER,Female,38,No,Kerala,10,11,NO DEAL,Yes,No,Yes,Fiber Optic,Yes,No,Yes,Yes,Yes,Yes,Yes,No,Month-to-Month,Yes,Bank Withdrawal,106.6,1934.45,21.72,40,538.65,2491.38,Churned,Dissatisfaction,Network reliability,1,Middle Age,7-12 Months,Growing,226.4890909090909,578.65,2469.6600000000003,0.0427875314082958,23.37129455909944,High,1,7,3,3,1,0,0,1,1,0,1,0,175.85909090909092,-69.25909090909093,0.0112279976220631,0.2322608353603223,High Value,4050.8,1,Churned
19665-JAM,Male,38,No,Jammu & Kashmir,1,3,Deal 5,Yes,No,Yes,DSL,No,No,No,No,No,No,No,No,Month-to-Month,No,Bank Withdrawal,-9.0,45.8,0.0,10,22.11,77.91,Churned,Competitor,Competitor made better offer,1,Middle Age,0-6 Months,New,25.97,32.11,77.91,-0.1155179052753176,-8.656666666666666,Low,1,1,0,0,1,0,0,1,0,0,0,0,15.266666666666666,-24.266666666666666,0.0,0.4121422153767167,Low Value,-342.0,1,Churned
96284-ODI,Female,29,No,Odisha,10,2,NO DEAL,Yes,Yes,Yes,Fiber Optic,No,No,No,No,Yes,No,Yes,Yes,Month-to-Month,Yes,Bank Withdrawal,85.2,1553.9,0.0,0,439.2,1993.1,Churned,Other,Don't know,1,Young Adult,0-6 Months,New,996.55,439.2,1993.1,0.0427474788018664,23.39319248826291,High,1,5,2,0,1,1,0,1,0,0,1,0,776.95,-691.75,0.0,0.2203602428377903,Medium Value,2470.8,1,Churned
24721-MAH,Female,61,No,Maharashtra,2,1,Deal 5,Yes,No,No,No Type,No,No,No,No,No,No,No,No,Month-to-Month,Yes,Credit Card,20.2,20.2,0.0,0,48.25,68.45,Churned,Price,Long distance charges,1,Elder,0-6 Months,New,68.45,48.25,68.45,0.2951059167275383,3.3886138613861387,Low,1,1,0,0,1,0,0,0,0,0,1,0,20.2,0.0,0.0,0.7048940832724616,Low Value,1232.2,1,Churned
84889-GUJ,Female,23,No,Gujarat,12,10,NO DEAL,Yes,No,Yes,DSL,No,No,No,No,No,No,Yes,Yes,Month-to-Month,Yes,Credit Card,-7.0,84.5,0.0,0,99.62,184.12,Churned,Other,Don't know,1,Young Adult,7-12 Months,Growing,18.412,99.62,184.12,-0.0380186834673039,-26.302857142857142,High,1,3,1,0,1,0,0,1,0,0,1,0,8.45,-15.45,0.0,0.5410601781446882,Low Value,-161.0,1,Churned
84012-MAD,Female,28,Yes,Madhya Pradesh,13,27,NO DEAL,Yes,No,No,No Type,No,No,No,No,No,No,No,No,Month-to-Month,No,Bank Withdrawal,20.15,156.25,0.0,0,90.8,247.05,Churned,Price,Price too high,1,Young Adult,25-48 Months,Established,9.15,90.8,247.05,0.0815624367536935,12.260545905707197,High,1,1,0,0,1,0,0,0,0,0,0,0,5.787037037037037,14.36296296296296,0.0,0.3675369358429467,Low Value,564.1999999999999,1,Churned
43274-WES,Male,53,No,West Bengal,9,23,Deal 5,No,No,Yes,Cable,No,Yes,No,Yes,No,Yes,Yes,Yes,Month-to-Month,Yes,Mailed Check,44.65,44.65,0.0,0,0.0,44.65,Churned,Competitor,Competitor had better devices,1,Senior,13-24 Months,Growing,1.941304347826087,0.0,44.65,1.0,1.0,High,1,5,2,2,0,0,0,1,0,0,1,0,1.941304347826087,42.70869565217391,0.0,0.0,Low Value,2366.45,1,Churned
25097-MAH,Male,31,No,Maharashtra,8,8,Deal 5,Yes,Yes,Yes,Fiber Optic,No,No,No,No,Yes,Yes,Yes,Yes,Month-to-Month,Yes,Bank Withdrawal,95.15,196.9,0.0,0,77.02,273.92,Churned,Competitor,Competitor made better offer,1,Middle Age,7-12 Months,Growing,34.24,77.02,273.92,0.3473641939252336,2.8788229111928536,High,1,6,3,0,1,1,0,1,0,0,1,0,24.6125,70.53750000000001,0.0,0.2811769859813083,Low Value,2949.65,1,Churned
67154-HAR,Female,57,No,Haryana,7,5,Deal 5,Yes,No,No,No Type,No,No,No,No,No,No,No,No,Month-to-Month,Yes,Credit Card,20.15,20.15,0.0,0,3.09,23.24,Churned,Price,Long distance charges,1,Senior,0-6 Months,New,4.648,3.09,23.24,0.867039586919105,1.1533498759305212,High,1,1,0,0,1,0,0,0,0,0,1,0,4.029999999999999,16.119999999999997,0.0,0.132960413080895,Low Value,1148.55,1,Churned
85027-KAR,Male,57,No,Karnataka,14,27,Deal 5,Yes,No,No,No Type,No,No,No,No,No,No,No,No,Month-to-Month,Yes,Credit Card,19.75,19.75,0.0,0,1.61,21.36,Joined,Others,Others,0,Senior,25-48 Months,Established,0.7911111111111111,1.61,21.36,0.924625468164794,1.081518987341772,High,1,1,0,0,1,0,0,0,0,0,1,0,0.7314814814814815,19.01851851851852,0.0,0.075374531835206,Low Value,1125.75,1,Churned
97989-JHA,Female,41,Yes,Jharkhand,13,35,Deal 4,Yes,Yes,Yes,Cable,Yes,Yes,No,No,No,No,No,Yes,Month-to-Month,No,Bank Withdrawal,59.0,1254.7,0.0,0,1087.46,2342.16,Churned,Dissatisfaction,Poor expertise of online support,1,Middle Age,25-48 Months,Established,66.91885714285714,1087.46,2342.16,0.0251904225159681,39.697627118644064,High,1,5,0,2,1,1,0,1,1,0,0,0,35.84857142857143,23.151428571428568,0.0,0.464297913037538,High Value,2419.0,1,Churned
56022-RAJ,Female,34,No,Rajasthan,7,17,NO DEAL,Yes,No,No,No Type,No,No,No,No,No,No,No,No,Month-to-Month,Yes,Bank Withdrawal,19.6,35.85,0.0,0,59.62,95.47,Churned,Attitude,Attitude of support person,1,Middle Age,13-24 Months,Growing,5.615882352941177,59.62,95.47,0.2053000942704514,4.870918367346938,High,1,1,0,0,1,0,0,0,0,0,1,0,2.1088235294117648,17.491176470588236,0.0,0.6244893683879753,Low Value,666.4000000000001,1,Churned
35016-ODI,Male,49,Yes,Odisha,15,1,Deal 5,No,No,Yes,Cable,No,No,No,No,No,Yes,Yes,Yes,Month-to-Month,No,Bank Withdrawal,35.9,35.9,0.0,0,0.0,35.9,Churned,Competitor,Competitor offered higher download speeds,1,Senior,0-6 Months,New,35.9,0.0,35.9,1.0,1.0,High,1,3,2,0,0,0,0,1,0,0,0,0,35.9,0.0,0.0,0.0,Low Value,1759.1,1,Churned
53449-MAH,Female,52,No,Maharashtra,8,17,NO DEAL,Yes,No,No,No Type,No,No,No,No,No,No,No,No,Month-to-Month,No,Credit Card,19.9,19.9,0.0,0,2.38,22.28,Joined,Others,Others,0,Senior,13-24 Months,Growing,1.3105882352941176,2.38,22.28,0.893177737881508,1.1195979899497488,High,1,1,0,0,1,0,0,0,0,0,0,0,1.1705882352941177,18.72941176470588,0.0,0.1068222621184919,Low Value,1034.8,1,Churned
15488-RAJ,Male,55,No,Rajasthan,0,10,NO DEAL,No,No,Yes,DSL,Yes,Yes,No,Yes,No,No,No,Yes,Month-to-Month,No,Credit Card,42.4,146.4,0.0,0,0.0,146.4,Stayed,Others,Others,0,Senior,7-12 Months,Growing,14.64,0.0,146.4,0.2896174863387978,3.4528301886792456,No Referral,0,4,0,3,0,0,0,1,1,0,0,0,14.64,27.76,0.0,0.0,Low Value,2332.0,1,Churned
61609-JHA,Male,51,No,Jharkhand,4,36,Deal 5,No,No,Yes,DSL,Yes,Yes,No,No,No,Yes,Yes,Yes,Month-to-Month,Yes,Bank Withdrawal,42.6,72.4,0.0,0,0.0,72.4,Churned,Competitor,Competitor offered more data,1,Senior,25-48 Months,Established,2.011111111111111,0.0,72.4,0.5883977900552486,1.699530516431925,Medium,1,5,2,2,0,0,0,1,1,0,1,0,2.011111111111111,40.58888888888889,0.0,0.0,Low Value,2172.6,1,Churned
87778-UTT,Female,35,Yes,Uttar Pradesh,8,24,Deal 2,Yes,Yes,Yes,Fiber Optic,No,Yes,No,No,Yes,Yes,Yes,Yes,Month-to-Month,Yes,Credit Card,100.85,4740.0,0.0,0,635.4,5375.4,Churned,Competitor,Competitor offered more data,1,Middle Age,13-24 Months,Growing,223.975,635.4,5375.4,0.0187613945008743,53.300941993059,High,1,7,3,1,1,1,0,1,0,0,1,0,197.5,-96.65,0.0,0.1182051568255385,Very High Value,3529.75,1,Churned
92524-AND,Male,65,No,Andhra Pradesh,13,22,Deal 5,No,No,Yes,DSL,No,No,No,No,Yes,No,No,Yes,Month-to-Month,Yes,Credit Card,36.45,93.7,0.0,0,0.0,93.7,Churned,Competitor,Competitor had better devices,1,Elder,13-24 Months,Growing,4.259090909090909,0.0,93.7,0.3890074706510139,2.5706447187928667,High,1,2,1,0,0,0,0,1,0,0,1,0,4.259090909090909,32.190909090909095,0.0,0.0,Low Value,2369.25,1,Churned
47504-HAR,Male,27,No,Haryana,14,33,Deal 3,Yes,Yes,Yes,Fiber Optic,No,No,Yes,Yes,Yes,Yes,Yes,Yes,Month-to-Month,Yes,Bank Withdrawal,104.8,3046.05,0.0,0,136.92,3182.97,Churned,Other,Moved,1,Young Adult,25-48 Months,Established,96.45363636363636,136.92,3182.97,0.0329252239260816,30.371851145038168,High,1,8,3,2,1,1,0,1,0,0,1,0,92.30454545454546,12.495454545454535,0.0,0.0430164280530447,High Value,2829.6,1,Churned
65450-KAR,Male,51,No,Karnataka,3,28,NO DEAL,Yes,No,No,No Type,No,No,No,No,No,No,No,No,Month-to-Month,No,Bank Withdrawal,20.55,20.55,0.0,0,15.91,36.46,Churned,Attitude,Attitude of service provider,1,Senior,25-48 Months,Established,1.3021428571428573,15.91,36.46,0.5636313768513439,1.7742092457420924,Medium,1,1,0,0,1,0,0,0,0,0,0,0,0.7339285714285715,19.81607142857143,0.0,0.436368623148656,Low Value,1048.05,1,Churned
28221-WES,Female,82,Yes,West Bengal,7,36,NO DEAL,Yes,Yes,Yes,Fiber Optic,Yes,No,No,No,No,No,No,Yes,Month-to-Month,Yes,Bank Withdrawal,80.3,80.3,0.0,0,17.51,97.81,Churned,Competitor,Competitor had better devices,1,Elder,25-48 Months,Established,2.7169444444444446,17.51,97.81,0.8209794499539924,1.2180572851805729,High,1,4,0,1,1,1,0,1,1,0,1,0,2.230555555555556,78.06944444444444,0.0,0.1790205500460076,Low Value,6584.599999999999,1,Churned
95169-GUJ,Female,43,No,Gujarat,1,13,Deal 5,Yes,No,Yes,Fiber Optic,No,No,No,No,No,No,No,No,Month-to-Month,Yes,Mailed Check,69.4,69.4,0.0,10,33.46,112.86,Churned,Competitor,Competitor had better devices,1,Middle Age,13-24 Months,Growing,8.681538461538462,43.46,112.86,0.6149211412369308,1.6262247838616712,Low,1,1,0,0,1,0,0,1,0,0,1,0,5.338461538461539,64.06153846153846,0.0,0.3850788587630693,Low Value,2984.2000000000003,1,Churned
21292-HAR,Male,34,No,Haryana,9,28,Deal 5,Yes,Yes,Yes,Fiber Optic,No,No,No,No,No,No,No,Yes,Month-to-Month,Yes,Bank Withdrawal,75.1,552.95,0.0,0,132.93,685.88,Churned,Competitor,Competitor offered more data,1,Middle Age,25-48 Months,Established,24.49571428571429,132.93,685.88,0.1094943721933865,9.13288948069241,High,1,3,0,0,1,1,0,1,0,0,1,0,19.748214285714287,55.35178571428571,0.0,0.193809412725258,Medium Value,2553.4,1,Churned
78978-UTT,Male,54,No,Uttar Pradesh,0,13,Deal 5,Yes,No,No,No Type,No,No,No,No,No,No,No,No,Month-to-Month,No,Credit Card,19.3,19.3,0.0,0,16.36,35.66,Joined,Others,Others,0,Senior,13-24 Months,Growing,2.7430769230769227,16.36,35.66,0.5412226584408302,1.8476683937823832,No Referral,0,1,0,0,1,0,0,0,0,0,0,0,1.484615384615385,17.815384615384616,0.0,0.45877734155917,Low Value,1042.2,1,Churned
58080-BIH,Female,49,No,Bihar,9,24,NO DEAL,Yes,No,Yes,Cable,No,No,Yes,Yes,No,Yes,Yes,Yes,One Year,Yes,Credit Card,62.3,2354.8,0.0,0,1755.98,4110.78,Churned,Dissatisfaction,Poor expertise of phone support,1,Senior,13-24 Months,Growing,171.2825,1755.98,4110.78,0.0151552746680678,65.98362760834671,High,1,6,2,2,1,0,1,1,0,0,1,0,98.11666666666667,-35.81666666666668,0.0,0.4271646743440418,High Value,3052.7,1,Churned
81164-JAM,Male,82,Yes,Jammu & Kashmir,4,17,NO DEAL,No,No,Yes,DSL,No,No,No,No,No,No,No,Yes,Month-to-Month,Yes,Bank Withdrawal,24.8,24.8,0.0,0,0.0,24.8,Churned,Competitor,Competitor made better offer,1,Elder,13-24 Months,Growing,1.4588235294117649,0.0,24.8,1.0,1.0,Medium,1,1,0,0,0,0,0,1,0,0,1,0,1.4588235294117649,23.34117647058824,0.0,0.0,Low Value,2033.6,1,Churned
49082-UTT,Male,31,Yes,Uttar Pradesh,10,22,Deal 5,Yes,No,Yes,Fiber Optic,No,No,Yes,Yes,Yes,Yes,Yes,Yes,Month-to-Month,Yes,Bank Withdrawal,98.7,293.65,0.0,0,98.28,391.93,Churned,Attitude,Attitude of service provider,1,Middle Age,13-24 Months,Growing,17.815,98.28,391.93,0.2518306840507233,3.970921985815602,High,1,7,3,2,1,0,0,1,0,0,1,0,13.34772727272727,85.35227272727273,0.0,0.2507590641185926,Low Value,3059.7000000000003,1,Churned
41399-GUJ,Female,36,No,Gujarat,6,2,Deal 5,Yes,Yes,Yes,Fiber Optic,No,No,No,No,Yes,Yes,Yes,No,Month-to-Month,Yes,Bank Withdrawal,94.75,889.9,0.0,30,90.63,1010.53,Churned,Competitor,Competitor offered more data,1,Middle Age,0-6 Months,New,505.265,120.63,1010.53,0.0937626789902328,10.665224274406333,High,1,5,3,0,1,1,0,1,0,0,1,0,444.95,-350.2,0.0,0.1193730022859291,Medium Value,3411.0,1,Churned
85927-AND,Female,19,No,Andhra Pradesh,14,3,NO DEAL,Yes,Yes,No,No Type,No,No,No,No,No,No,No,No,Two Year,Yes,Credit Card,24.5,740.3,35.05,0,1165.23,1870.48,Churned,Price,Long distance charges,1,Young Adult,0-6 Months,New,623.4933333333333,1165.23,1835.43,0.0130982421624395,76.3461224489796,High,1,2,0,0,1,1,1,0,0,0,1,0,246.76666666666665,-222.26666666666665,0.047345670674051,0.6229577434669176,Medium Value,465.5,1,Churned
78220-TAM,Female,21,Yes,Tamil Nadu,14,10,NO DEAL,Yes,No,Yes,Fiber Optic,No,No,Yes,Yes,Yes,No,Yes,Yes,Month-to-Month,Yes,Credit Card,89.85,244.45,0.0,0,75.3,319.75,Joined,Others,Others,0,Young Adult,7-12 Months,Growing,31.975,75.3,319.75,0.2810007818608288,3.558708959376739,High,1,6,2,2,1,0,0,1,0,0,1,0,24.445,65.405,0.0,0.2354964816262705,Low Value,1886.85,1,Churned
25005-HAR,Female,20,Yes,Haryana,6,5,Deal 5,Yes,No,Yes,DSL,No,No,No,No,No,No,Yes,Yes,Month-to-Month,No,Credit Card,44.3,134.5,0.0,0,133.38,267.88,Churned,Price,Extra data charges,1,Young Adult,0-6 Months,New,53.576,133.38,267.88,0.1653725548753173,6.046952595936795,High,1,3,1,0,1,0,0,1,0,0,0,0,26.9,17.4,0.0,0.4979095117216664,Low Value,886.0,1,Churned
77268-UTT,Female,58,No,Uttar Pradesh,1,35,NO DEAL,Yes,Yes,Yes,Fiber Optic,No,No,No,No,Yes,Yes,Yes,Yes,Month-to-Month,Yes,Bank Withdrawal,97.35,2119.5,0.0,0,190.26,2309.76,Churned,Other,Moved,1,Senior,25-48 Months,Established,65.99314285714286,190.26,2309.76,0.0421472360764754,23.726348228043147,Low,1,6,3,0,1,1,0,1,0,0,1,0,60.55714285714286,36.79285714285714,0.0,0.0823721945137157,High Value,5646.299999999999,1,Churned
17197-WES,Male,38,No,West Bengal,13,5,NO DEAL,Yes,Yes,Yes,Fiber Optic,No,Yes,No,No,Yes,No,No,Yes,Month-to-Month,Yes,Credit Card,90.55,2282.55,0.0,0,862.32,3144.87,Churned,Other,Don't know,1,Middle Age,0-6 Months,New,628.9739999999999,862.32,3144.87,0.0287929230779014,34.73075648812811,High,1,5,1,1,1,1,0,1,0,0,1,0,456.5100000000001,-365.96,0.0,0.2741989335012258,High Value,3440.9,1,Churned
89655-JAM,Female,53,No,Jammu & Kashmir,13,6,Deal 5,Yes,No,No,No Type,No,No,No,No,No,No,No,No,Month-to-Month,Yes,Credit Card,19.6,19.6,0.0,0,14.17,33.77,Churned,Competitor,Competitor made better offer,1,Senior,0-6 Months,New,5.628333333333334,14.17,33.77,0.5803968018951732,1.7229591836734697,High,1,1,0,0,1,0,0,0,0,0,1,0,3.266666666666667,16.333333333333336,0.0,0.4196031981048267,Low Value,1038.8000000000002,1,Churned
26873-TAM,Female,22,Yes,Tamil Nadu,12,3,NO DEAL,Yes,No,Yes,Fiber Optic,Yes,No,No,No,No,No,Yes,Yes,Month-to-Month,No,Bank Withdrawal,75.0,632.95,0.0,0,42.72,675.67,Churned,Dissatisfaction,Network reliability,1,Young Adult,0-6 Months,New,225.22333333333333,42.72,675.67,0.1110009324078322,9.008933333333331,High,1,4,1,1,1,0,0,1,1,0,0,0,210.98333333333332,-135.98333333333335,0.0,0.0632261310995012,Medium Value,1650.0,1,Churned
63165-JAM,Female,70,Yes,Jammu & Kashmir,10,13,Deal 5,Yes,No,Yes,Fiber Optic,No,No,No,No,No,No,No,No,Month-to-Month,Yes,Bank Withdrawal,69.95,69.95,0.0,10,22.5,102.45,Churned,Competitor,Competitor made better offer,1,Elder,13-24 Months,Growing,7.880769230769231,32.5,102.45,0.6827720839433871,1.4646175839885631,High,1,1,0,0,1,0,0,1,0,0,1,0,5.380769230769231,64.56923076923077,0.0,0.317227916056613,Low Value,4896.5,1,Churned
85428-HAR,Female,62,Yes,Haryana,11,18,NO DEAL,Yes,No,No,No Type,No,No,No,No,No,No,No,No,Month-to-Month,No,Credit Card,20.1,39.8,0.0,0,71.0,110.8,Joined,Others,Others,0,Elder,13-24 Months,Growing,6.155555555555555,71.0,110.8,0.1814079422382671,5.512437810945273,High,1,1,0,0,1,0,0,0,0,0,0,0,2.211111111111111,17.88888888888889,0.0,0.6407942238267148,Low Value,1246.2,1,Churned
72344-HAR,Male,40,Yes,Haryana,10,14,Deal 4,No,No,Yes,Cable,No,No,Yes,No,Yes,Yes,Yes,No,Month-to-Month,Yes,Bank Withdrawal,50.75,712.75,0.0,10,0.0,722.75,Churned,Competitor,Competitor had better devices,1,Middle Age,13-24 Months,Growing,51.625,10.0,722.75,0.0702179176755447,14.241379310344827,High,1,4,3,1,0,0,0,1,0,0,1,0,50.910714285714285,-0.1607142857142847,0.0,0.0138360428917329,Medium Value,2030.0,1,Churned
15340-TEL,Female,73,No,Telangana,12,9,NO DEAL,Yes,Yes,Yes,Fiber Optic,No,Yes,No,No,No,No,No,Yes,Month-to-Month,Yes,Bank Withdrawal,80.2,1217.25,0.0,0,181.2,1398.45,Churned,Competitor,Competitor offered higher download speeds,1,Elder,7-12 Months,Growing,155.38333333333333,181.2,1398.45,0.0573492080517716,17.43703241895262,High,1,4,0,1,1,1,0,1,0,0,1,0,135.25,-55.05,0.0,0.129572026171833,Medium Value,5854.6,1,Churned
37816-JAM,Female,73,No,Jammu & Kashmir,2,3,Deal 4,Yes,No,Yes,Fiber Optic,No,Yes,No,No,Yes,Yes,No,Yes,Month-to-Month,Yes,Bank Withdrawal,94.75,2293.6,0.0,0,716.91,3010.51,Churned,Competitor,Competitor made better offer,1,Elder,0-6 Months,New,1003.5033333333334,716.91,3010.51,0.0314730726687504,31.773192612137205,Low,1,5,2,1,1,0,0,1,0,0,1,0,764.5333333333333,-669.7833333333333,0.0,0.2381357311551863,High Value,6916.75,1,Churned
96496-UTT,Female,73,Yes,Uttar Pradesh,0,5,NO DEAL,Yes,No,Yes,Fiber Optic,No,Yes,No,No,No,No,No,Yes,Month-to-Month,Yes,Credit Card,75.3,1147.45,0.0,0,119.85,1267.3,Churned,Competitor,Competitor offered more data,1,Elder,0-6 Months,New,253.46,119.85,1267.3,0.059417659591257,16.830013280212484,No Referral,0,3,0,1,1,0,0,1,0,0,1,0,229.49,-154.19,0.0,0.0945711354848891,Medium Value,5496.9,1,Churned
52641-JHA,Female,44,Yes,Jharkhand,7,29,NO DEAL,Yes,No,Yes,Fiber Optic,No,No,No,No,No,No,No,Yes,Month-to-Month,No,Mailed Check,71.1,71.1,0.0,0,37.51,108.61,Joined,Others,Others,0,Middle Age,25-48 Months,Established,3.745172413793104,37.51,108.61,0.6546358530522051,1.5275668073136428,High,1,2,0,0,1,0,0,1,0,0,0,0,2.451724137931034,68.64827586206896,0.0,0.3453641469477948,Low Value,3128.4,1,Churned
39047-KAR,Female,20,No,Karnataka,9,8,NO DEAL,Yes,No,Yes,Fiber Optic,No,No,No,No,No,No,Yes,Yes,Month-to-Month,Yes,Credit Card,71.35,71.35,0.0,0,35.28,106.63,Churned,Attitude,Attitude of support person,1,Young Adult,7-12 Months,Growing,13.32875,35.28,106.63,0.669136265591297,1.4944639103013315,High,1,3,1,0,1,0,0,1,0,0,1,0,8.91875,62.43124999999999,0.0,0.330863734408703,Low Value,1427.0,1,Churned
68556-MAH,Male,68,No,Maharashtra,4,23,NO DEAL,Yes,No,No,No Type,No,No,No,No,No,No,No,No,Month-to-Month,No,Credit Card,20.2,20.2,0.0,0,13.08,33.28,Joined,Others,Others,0,Elder,13-24 Months,Growing,1.4469565217391305,13.08,33.28,0.6069711538461539,1.6475247524752477,Medium,1,1,0,0,1,0,0,0,0,0,0,0,0.8782608695652173,19.321739130434786,0.0,0.3930288461538461,Low Value,1373.6,1,Churned
92887-CHH,Female,69,Yes,Chhattisgarh,1,11,Deal 5,Yes,No,Yes,Fiber Optic,No,No,No,No,No,No,No,Yes,Month-to-Month,Yes,Bank Withdrawal,70.55,70.55,0.0,0,18.2,88.75,Churned,Attitude,Attitude of service provider,1,Elder,7-12 Months,Growing,8.068181818181818,18.2,88.75,0.7949295774647887,1.2579730687455706,Low,1,2,0,0,1,0,0,1,0,0,1,0,6.413636363636363,64.13636363636364,0.0,0.2050704225352112,Low Value,4867.95,1,Churned
23113-JAM,Female,65,No,Jammu & Kashmir,11,10,NO DEAL,Yes,No,No,No Type,No,No,No,No,No,No,No,No,Month-to-Month,No,Bank Withdrawal,19.5,146.3,0.0,0,190.2,336.5,Churned,Competitor,Competitor made better offer,1,Elder,7-12 Months,Growing,33.65,190.2,336.5,0.0579494799405646,17.256410256410255,High,1,1,0,0,1,0,0,0,0,0,0,0,14.63,4.869999999999999,0.0,0.5652303120356612,Low Value,1267.5,1,Churned
27634-JAM,Female,59,No,Jammu & Kashmir,6,20,NO DEAL,Yes,No,Yes,Fiber Optic,No,No,No,No,Yes,No,No,Yes,Month-to-Month,Yes,Bank Withdrawal,79.65,79.65,0.0,0,22.48,102.13,Churned,Competitor,Competitor made better offer,1,Senior,13-24 Months,Growing,5.1065,22.48,102.13,0.7798883775580144,1.282234777150031,High,1,3,1,0,1,0,0,1,0,0,1,0,3.9825,75.6675,0.0,0.2201116224419857,Low Value,4699.35,1,Churned
52456-JAM,Female,77,Yes,Jammu & Kashmir,1,23,Deal 5,Yes,Yes,Yes,Fiber Optic,No,No,No,No,No,Yes,No,Yes,Month-to-Month,Yes,Bank Withdrawal,84.45,762.5,0.0,0,116.19,878.69,Churned,Competitor,Competitor made better offer,1,Elder,13-24 Months,Growing,38.203913043478266,116.19,878.69,0.0961089804140254,10.4048549437537,Low,1,4,1,0,1,1,0,1,0,0,1,0,33.15217391304348,51.297826086956526,0.0,0.1322309346868634,Medium Value,6502.650000000001,1,Churned
72507-UTT,Female,71,No,Uttar Pradesh,0,12,NO DEAL,Yes,No,Yes,Fiber Optic,No,No,No,No,No,No,No,Yes,Month-to-Month,Yes,Bank Withdrawal,69.65,69.65,0.0,0,7.23,76.88,Churned,Other,Don't know,1,Elder,7-12 Months,Growing,6.406666666666666,7.23,76.88,0.9059573361082208,1.1038047379755922,No Referral,0,2,0,0,1,0,0,1,0,0,1,0,5.804166666666667,63.84583333333334,0.0,0.0940426638917794,Low Value,4945.150000000001,1,Churned
93960-MAD,Male,72,Yes,Madhya Pradesh,1,17,NO DEAL,Yes,Yes,Yes,Fiber Optic,No,No,No,No,No,Yes,Yes,Yes,Month-to-Month,Yes,Bank Withdrawal,85.25,2287.25,0.0,0,841.59,3128.84,Churned,Competitor,Competitor had better devices,1,Elder,13-24 Months,Growing,184.0494117647059,841.59,3128.84,0.0272465194768668,36.70193548387097,Low,1,5,2,0,1,1,0,1,0,0,1,0,134.5441176470588,-49.29411764705881,0.0,0.2689782794901625,High Value,6138.0,1,Churned
61025-MAH,Female,45,No,Maharashtra,4,16,Deal 5,Yes,No,Yes,DSL,No,No,Yes,No,No,No,No,Yes,Month-to-Month,Yes,Bank Withdrawal,49.85,49.85,0.0,0,42.55,92.4,Joined,Others,Others,0,Middle Age,13-24 Months,Growing,5.775,42.55,92.4,0.5395021645021645,1.8535606820461383,Medium,1,3,0,1,1,0,0,1,0,0,1,0,3.115625,46.734375,0.0,0.4604978354978354,Low Value,2243.25,1,Churned
41652-JAM,Female,43,No,Jammu & Kashmir,13,28,NO DEAL,Yes,Yes,Yes,Fiber Optic,No,No,No,No,No,No,No,Yes,Month-to-Month,Yes,Bank Withdrawal,74.75,799.65,0.0,0,56.3,855.95,Churned,Other,Don't know,1,Middle Age,25-48 Months,Established,30.56964285714286,56.3,855.95,0.0873298673987966,11.450836120401338,High,1,3,0,0,1,1,0,1,0,0,1,0,28.55892857142857,46.19107142857143,0.0,0.0657748700274548,Medium Value,3214.25,1,Churned
72036-PUN,Male,25,No,Punjab,11,33,Deal 4,No,No,Yes,Cable,No,No,No,No,No,Yes,Yes,Yes,Month-to-Month,Yes,Bank Withdrawal,-3.0,446.1,0.0,0,0.0,446.1,Churned,Attitude,Attitude of service provider,1,Young Adult,25-48 Months,Established,13.51818181818182,0.0,446.1,-0.0067249495628782,-148.70000000000002,High,1,3,2,0,0,0,0,1,0,0,1,0,13.51818181818182,-16.51818181818182,0.0,0.0,Low Value,-75.0,1,Churned
64852-HAR,Female,47,No,Haryana,5,22,Deal 5,Yes,No,No,No Type,No,No,No,No,No,No,No,No,Month-to-Month,Yes,Mailed Check,20.3,20.3,0.0,0,26.37,46.67,Churned,Price,Long distance charges,1,Senior,13-24 Months,Growing,2.121363636363637,26.37,46.67,0.4349689307906578,2.299014778325123,Medium,1,1,0,0,1,0,0,0,0,0,1,0,0.9227272727272728,19.37727272727273,0.0,0.5650310692093422,Low Value,954.1,1,Churned
51695-MAH,Male,68,Yes,Maharashtra,5,12,Deal 5,Yes,No,Yes,Cable,No,No,No,No,No,No,No,Yes,Month-to-Month,No,Bank Withdrawal,45.1,45.1,0.0,0,15.28,60.38,Churned,Attitude,Attitude of support person,1,Elder,7-12 Months,Growing,5.031666666666667,15.28,60.38,0.7469360715468698,1.3388026607538803,Medium,1,2,0,0,1,0,0,1,0,0,0,0,3.758333333333333,41.34166666666667,0.0,0.2530639284531301,Low Value,3066.8,1,Churned
72185-JAM,Male,56,No,Jammu & Kashmir,13,36,NO DEAL,Yes,Yes,Yes,Fiber Optic,No,No,No,No,No,No,No,Yes,Month-to-Month,Yes,Bank Withdrawal,74.35,265.35,0.0,0,191.28,456.63,Churned,Attitude,Attitude of support person,1,Senior,25-48 Months,Established,12.684166666666666,191.28,456.63,0.16282329238114,6.141627437794217,High,1,3,0,0,1,1,0,1,0,0,1,0,7.370833333333334,66.97916666666666,0.0,0.4188949477695289,Low Value,4163.599999999999,1,Churned
52380-JAM,Male,56,Yes,Jammu & Kashmir,8,23,NO DEAL,Yes,No,Yes,Fiber Optic,No,No,No,No,No,Yes,Yes,No,Month-to-Month,Yes,Bank Withdrawal,80.2,181.1,0.0,10,52.94,244.04,Churned,Competitor,Competitor made better offer,1,Senior,13-24 Months,Growing,10.610434782608696,62.94,244.04,0.3286346500573677,3.0428927680798004,High,1,3,2,0,1,0,0,1,0,0,1,0,7.873913043478261,72.32608695652175,0.0,0.2579085395836748,Low Value,4491.2,1,Churned
11290-JAM,Female,70,Yes,Jammu & Kashmir,0,36,Deal 5,Yes,Yes,Yes,Fiber Optic,No,No,No,No,Yes,Yes,No,Yes,Month-to-Month,Yes,Bank Withdrawal,95.45,396.1,0.0,0,126.44,522.54,Churned,Competitor,Competitor made better offer,1,Elder,25-48 Months,Established,14.515,126.44,522.54,0.1826654418800475,5.4744892613934,No Referral,0,5,2,0,1,1,0,1,0,0,1,0,11.002777777777778,84.44722222222222,0.0,0.2419719064569219,Low Value,6681.5,1,Churned
73468-JHA,Female,21,Yes,Jharkhand,4,12,Deal 5,Yes,Yes,Yes,Fiber Optic,No,No,No,No,No,No,Yes,Yes,Month-to-Month,Yes,Bank Withdrawal,72.2,305.55,0.0,0,119.92,425.47,Churned,Dissatisfaction,Service dissatisfaction,1,Young Adult,7-12 Months,Growing,35.45583333333334,119.92,425.47,0.169694690577479,5.892936288088642,Medium,1,4,1,0,1,1,0,1,0,0,1,0,25.4625,46.7375,0.0,0.2818530096128986,Low Value,1516.2,1,Churned
83934-PUN,Male,61,Yes,Punjab,13,33,NO DEAL,Yes,Yes,Yes,Fiber Optic,No,Yes,Yes,No,Yes,Yes,Yes,Yes,Month-to-Month,Yes,Bank Withdrawal,105.65,4284.8,0.0,0,1296.75,5581.55,Churned,Attitude,Attitude of support person,1,Elder,25-48 Months,Established,169.1378787878788,1296.75,5581.55,0.0189284338579785,52.83057264552768,High,1,8,3,2,1,1,0,1,0,0,1,0,129.84242424242424,-24.19242424242424,0.0,0.2323279375800628,Very High Value,6444.650000000001,1,Churned
58181-HAR,Female,77,No,Haryana,15,19,NO DEAL,Yes,Yes,Yes,Fiber Optic,No,Yes,Yes,No,Yes,Yes,No,Yes,Month-to-Month,Yes,Bank Withdrawal,106.4,2483.5,0.0,0,405.26,2888.76,Churned,Dissatisfaction,Product dissatisfaction,1,Elder,13-24 Months,Growing,152.04000000000002,405.26,2888.76,0.0368324125230202,27.15,High,1,7,2,2,1,1,0,1,0,0,1,0,130.71052631578948,-24.310526315789478,0.0,0.140288566720669,High Value,8192.800000000001,1,Churned
88971-HAR,Male,38,No,Haryana,5,15,NO DEAL,Yes,No,Yes,Fiber Optic,No,Yes,No,Yes,Yes,Yes,Yes,Yes,Month-to-Month,Yes,Bank Withdrawal,101.5,906.85,0.0,0,332.46,1239.31,Stayed,Others,Others,0,Middle Age,13-24 Months,Growing,82.62066666666666,332.46,1239.31,0.0819004123262137,12.209950738916255,Medium,1,7,3,2,1,0,0,1,0,0,1,0,60.45666666666667,41.04333333333333,0.0,0.2682621781475175,Medium Value,3857.0,1,Churned
63463-UTT,Female,64,No,Uttar Pradesh,9,18,NO DEAL,Yes,Yes,Yes,Fiber Optic,Yes,No,No,No,No,No,No,Yes,Month-to-Month,Yes,Credit Card,79.65,604.7,0.0,0,282.24,886.94,Churned,Attitude,Attitude of support person,1,Elder,13-24 Months,Growing,49.27444444444445,282.24,886.94,0.0898031433918867,11.13546767106089,High,1,4,0,1,1,1,0,1,1,0,1,0,33.59444444444445,46.05555555555556,0.0,0.3182176922903466,Medium Value,5097.6,1,Churned
77101-RAJ,Female,26,No,Rajasthan,4,33,NO DEAL,Yes,No,Yes,Fiber Optic,No,Yes,No,No,No,Yes,Yes,Yes,Month-to-Month,Yes,Credit Card,85.95,514.6,0.0,0,243.84,758.44,Stayed,Others,Others,0,Young Adult,25-48 Months,Established,22.983030303030304,243.84,758.44,0.1133247191603818,8.824200116346713,Medium,1,5,2,1,1,0,0,1,0,0,1,0,15.593939393939394,70.35606060606061,0.0,0.3215020304836242,Medium Value,2234.7000000000003,1,Churned
54633-UTT,Male,53,Yes,Uttar Pradesh,5,20,Deal 5,Yes,Yes,Yes,Fiber Optic,No,No,No,No,Yes,Yes,Yes,Yes,Month-to-Month,Yes,Bank Withdrawal,93.85,93.85,0.0,0,16.15,110.0,Churned,Competitor,Competitor offered more data,1,Senior,13-24 Months,Growing,5.5,16.15,110.0,0.8531818181818182,1.1720831113478956,Medium,1,6,3,0,1,1,0,1,0,0,1,0,4.6925,89.1575,0.0,0.1468181818181818,Low Value,4974.049999999999,1,Churned
41500-KAR,Male,31,No,Karnataka,1,31,Deal 5,Yes,No,No,No Type,No,No,No,No,No,No,No,No,Month-to-Month,No,Credit Card,19.85,51.6,0.0,0,54.94,106.54,Joined,Others,Others,0,Middle Age,25-48 Months,Established,3.4367741935483878,54.94,106.54,0.1863149990613854,5.367254408060453,Low,1,1,0,0,1,0,0,0,0,0,0,0,1.664516129032258,18.185483870967744,0.0,0.5156748639008822,Low Value,615.35,1,Churned
96389-JAM,Female,56,Yes,Jammu & Kashmir,15,1,NO DEAL,Yes,Yes,Yes,Fiber Optic,No,No,No,No,No,No,No,Yes,Month-to-Month,Yes,Credit Card,75.4,1747.85,0.0,0,425.52,2173.37,Churned,Attitude,Attitude of support person,1,Senior,0-6 Months,New,2173.37,425.52,2173.37,0.0346926662280237,28.824535809018563,High,1,3,0,0,1,1,0,1,0,0,1,0,1747.85,-1672.4499999999998,0.0,0.1957881078693457,High Value,4222.400000000001,1,Churned
86218-HAR,Female,71,Yes,Haryana,7,23,NO DEAL,Yes,Yes,Yes,Cable,No,Yes,Yes,No,Yes,Yes,No,Yes,Two Year,Yes,Bank Withdrawal,80.55,5265.1,0.0,0,1432.2,6697.3,Churned,Attitude,Attitude of support person,1,Elder,13-24 Months,Growing,291.18695652173915,1432.2,6697.3,0.0120272348558374,83.14463066418374,High,1,7,2,2,1,1,1,1,0,0,1,0,228.91739130434783,-148.36739130434785,0.0,0.2138473713287444,Very High Value,5719.05,1,Churned
24881-HAR,Female,47,Yes,Haryana,7,33,NO DEAL,Yes,Yes,Yes,Cable,No,No,Yes,No,Yes,Yes,Yes,Yes,Month-to-Month,Yes,Bank Withdrawal,97.85,1105.4,0.0,0,303.27,1408.67,Churned,Competitor,Competitor offered more data,1,Senior,25-48 Months,Established,42.6869696969697,303.27,1408.67,0.0694626846599984,14.396218702095045,High,1,7,3,1,1,1,0,1,0,0,1,0,33.4969696969697,64.3530303030303,0.0,0.2152881796304315,Medium Value,4598.95,1,Churned
96254-UTT,Male,46,Yes,Uttar Pradesh,12,14,NO DEAL,Yes,Yes,Yes,Fiber Optic,Yes,Yes,No,No,No,Yes,Yes,Yes,Month-to-Month,Yes,Bank Withdrawal,93.7,4154.8,0.0,0,725.88,4880.68,Churned,Price,Extra data charges,1,Senior,13-24 Months,Growing,348.62,725.88,4880.68,0.0191981445208454,52.08836712913554,High,1,7,2,2,1,1,0,1,1,0,1,0,296.7714285714286,-203.0714285714286,0.0,0.1487251776391814,Very High Value,4310.2,1,Churned
27461-MAD,Male,22,Yes,Madhya Pradesh,7,6,Deal 5,Yes,No,Yes,Cable,No,No,No,No,No,No,No,Yes,Month-to-Month,Yes,Credit Card,44.55,44.55,0.0,0,23.04,67.59,Joined,Others,Others,0,Young Adult,0-6 Months,New,11.265,23.04,67.59,0.659121171770972,1.5171717171717174,High,1,2,0,0,1,0,0,1,0,0,1,0,7.425,37.125,0.0,0.3408788282290279,Low Value,980.1,1,Churned
97952-ODI,Female,61,Yes,Odisha,9,19,Deal 3,Yes,Yes,Yes,Fiber Optic,No,Yes,No,No,No,Yes,Yes,Yes,Month-to-Month,Yes,Bank Withdrawal,89.95,2625.55,0.0,0,847.84,3473.39,Churned,Attitude,Attitude of service provider,1,Elder,13-24 Months,Growing,182.81,847.84,3473.39,0.0258968903578348,38.61467481934408,High,1,6,2,1,1,1,0,1,0,0,1,0,138.18684210526317,-48.236842105263165,0.0,0.2440958256919033,High Value,5486.95,1,Churned
71205-AND,Female,48,No,Andhra Pradesh,7,32,NO DEAL,Yes,No,Yes,DSL,No,No,No,Yes,No,No,No,No,Month-to-Month,No,Bank Withdrawal,50.25,593.75,0.0,120,558.96,1272.71,Churned,Price,Extra data charges,1,Senior,25-48 Months,Established,39.7721875,678.96,1272.71,0.0394826786934965,25.327562189054728,High,1,2,0,1,1,0,0,1,0,0,0,0,18.5546875,31.6953125,0.0,0.5334758114574413,Medium Value,2412.0,1,Churned
72285-JAM,Female,45,No,Jammu & Kashmir,9,20,NO DEAL,Yes,No,Yes,Fiber Optic,No,No,No,No,No,Yes,Yes,Yes,Month-to-Month,No,Bank Withdrawal,-1.0,159.45,0.0,0,10.22,169.67,Churned,Competitor,Competitor made better offer,1,Middle Age,13-24 Months,Growing,8.4835,10.22,169.67,-0.0058937938350916,-169.67,High,1,4,2,0,1,0,0,1,0,0,0,0,7.972499999999999,-8.9725,0.0,0.0602345729946366,Low Value,-45.0,1,Churned
13703-TEL,Male,36,Yes,Telangana,5,20,NO DEAL,Yes,Yes,Yes,Fiber Optic,No,No,No,No,No,No,No,Yes,Month-to-Month,Yes,Bank Withdrawal,75.5,438.0,0.0,0,127.38,565.38,Churned,Dissatisfaction,Product dissatisfaction,1,Middle Age,13-24 Months,Growing,28.269,127.38,565.38,0.1335385050762319,7.488476821192052,Medium,1,3,0,0,1,1,0,1,0,0,1,0,21.9,53.6,0.0,0.2252997983657009,Low Value,2718.0,1,Churned
47429-UTT,Female,57,Yes,Uttar Pradesh,13,3,NO DEAL,Yes,Yes,Yes,Fiber Optic,Yes,Yes,Yes,Yes,Yes,Yes,Yes,Yes,One Year,Yes,Bank Withdrawal,118.35,7804.15,0.0,0,1518.22,9322.37,Churned,Competitor,Competitor had better devices,1,Senior,0-6 Months,New,3107.456666666667,1518.22,9322.37,0.0126952695505542,78.76949725390791,High,1,10,3,4,1,1,1,1,1,0,1,0,2601.383333333333,-2483.0333333333333,0.0,0.1628577282386346,Very High Value,6745.95,1,Churned
77311-MAD,Male,47,Yes,Madhya Pradesh,9,19,Deal 5,Yes,No,No,No Type,No,No,No,No,No,No,No,No,Month-to-Month,No,Credit Card,20.25,20.25,0.0,0,40.46,60.71,Joined,Others,Others,0,Senior,13-24 Months,Growing,3.195263157894737,40.46,60.71,0.333552956679295,2.9980246913580246,High,1,1,0,0,1,0,0,0,0,0,0,0,1.0657894736842106,19.184210526315788,0.0,0.666447043320705,Low Value,951.75,1,Churned
46162-AND,Female,76,Yes,Andhra Pradesh,4,11,Deal 4,Yes,No,Yes,Fiber Optic,No,No,No,No,No,Yes,No,Yes,Month-to-Month,Yes,Bank Withdrawal,79.25,793.55,0.0,0,75.1,868.65,Churned,Competitor,Competitor had better devices,1,Elder,7-12 Months,Growing,78.96818181818182,75.1,868.65,0.0912335232832556,10.960883280757098,Medium,1,3,1,0,1,0,0,1,0,0,1,0,72.14090909090909,7.109090909090909,0.0,0.0864559949346687,Medium Value,6023.0,1,Churned
28901-TEL,Female,63,Yes,Telangana,10,34,NO DEAL,Yes,Yes,Yes,Fiber Optic,No,No,No,No,Yes,Yes,No,Yes,Month-to-Month,Yes,Bank Withdrawal,96.4,1581.2,47.2,0,513.76,2047.76,Churned,Dissatisfaction,Poor expertise of phone support,1,Elder,25-48 Months,Established,60.228235294117646,513.76,2000.56,0.0470758291987342,21.24232365145228,High,1,5,2,0,1,1,0,1,0,0,1,0,46.50588235294118,49.89411764705883,0.0298507462686567,0.2508887760284408,Medium Value,6073.200000000001,1,Churned
88272-PUN,Female,50,Yes,Punjab,2,17,Deal 4,Yes,Yes,Yes,DSL,Yes,No,No,No,Yes,No,No,Yes,Month-to-Month,Yes,Bank Withdrawal,64.7,941.0,0.0,0,285.6,1226.6,Churned,Competitor,Competitor offered more data,1,Senior,13-24 Months,Growing,72.15294117647058,285.6,1226.6,0.0527474319256481,18.95826893353941,Low,1,5,1,1,1,1,0,1,1,0,1,0,55.35294117647059,9.347058823529416,0.0,0.2328387412359367,Medium Value,3235.0,1,Churned
37529-MAH,Female,72,No,Maharashtra,6,4,NO DEAL,Yes,Yes,Yes,Fiber Optic,No,No,No,No,No,No,No,Yes,Month-to-Month,Yes,Bank Withdrawal,77.0,237.75,0.0,0,145.02,382.77,Churned,Competitor,Competitor had better devices,1,Elder,0-6 Months,New,95.6925,145.02,382.77,0.2011651905844241,4.9710389610389605,High,1,3,0,0,1,1,0,1,0,0,1,0,59.4375,17.5625,0.0,0.3788698173838075,Low Value,5544.0,1,Churned
39400-UTT,Female,32,No,Uttar Pradesh,10,5,NO DEAL,No,No,Yes,DSL,No,No,No,No,No,No,Yes,Yes,Month-to-Month,No,Mailed Check,25.2,25.2,0.0,0,0.0,25.2,Churned,Other,Don't know,1,Middle Age,0-6 Months,New,5.04,0.0,25.2,1.0,1.0,High,1,2,1,0,0,0,0,1,0,0,0,0,5.04,20.16,0.0,0.0,Low Value,806.4,1,Churned
29093-ASS,Male,57,Yes,Assam,6,6,NO DEAL,Yes,No,No,No Type,No,No,No,No,No,No,No,No,Month-to-Month,Yes,Mailed Check,20.45,20.45,0.0,0,11.61,32.06,Joined,Others,Others,0,Senior,0-6 Months,New,5.343333333333334,11.61,32.06,0.637866500311915,1.5677261613691933,High,1,1,0,0,1,0,0,0,0,0,1,0,3.408333333333333,17.041666666666664,0.0,0.3621334996880848,Low Value,1165.65,1,Churned
69142-UTT,Male,61,Yes,Uttar Pradesh,11,27,NO DEAL,No,No,Yes,DSL,No,No,No,No,No,No,No,Yes,Month-to-Month,Yes,Credit Card,24.45,47.5,0.0,0,0.0,47.5,Churned,Competitor,Competitor offered more data,1,Elder,25-48 Months,Established,1.7592592592592593,0.0,47.5,0.5147368421052632,1.9427402862985683,High,1,1,0,0,0,0,0,1,0,0,1,0,1.7592592592592593,22.69074074074074,0.0,0.0,Low Value,1491.45,1,Churned
83817-UTT,Male,48,No,Uttar Pradesh,8,18,NO DEAL,Yes,No,No,No Type,No,No,No,No,No,No,No,No,Month-to-Month,Yes,Mailed Check,21.05,21.05,0.0,0,10.14,31.19,Joined,Others,Others,0,Senior,13-24 Months,Growing,1.7327777777777778,10.14,31.19,0.6748957999358769,1.4817102137767222,High,1,1,0,0,1,0,0,0,0,0,1,0,1.1694444444444445,19.88055555555556,0.0,0.3251042000641231,Low Value,1010.4,1,Churned
39322-UTT,Female,44,No,Uttar Pradesh,12,33,NO DEAL,Yes,No,Yes,Fiber Optic,Yes,No,Yes,Yes,Yes,Yes,Yes,No,One Year,Yes,Bank Withdrawal,103.75,3361.05,0.0,100,516.78,3977.83,Churned,Attitude,Attitude of service provider,1,Middle Age,25-48 Months,Established,120.54030303030302,616.78,3977.83,0.0260820598165331,38.34053012048193,High,1,7,3,3,1,0,1,1,1,0,1,0,101.85,1.8999999999999917,0.0,0.1550543889507595,High Value,4565.0,1,Churned
32391-HAR,Female,75,No,Haryana,13,36,Deal 2,Yes,Yes,Yes,Fiber Optic,No,No,Yes,No,Yes,Yes,No,Yes,Month-to-Month,Yes,Bank Withdrawal,97.8,4913.3,0.0,0,993.99,5907.29,Churned,Price,Long distance charges,1,Elder,25-48 Months,Established,164.0913888888889,993.99,5907.29,0.0165558149337513,60.40173824130879,High,1,6,2,1,1,1,0,1,0,0,1,0,136.48055555555555,-38.68055555555556,0.0,0.1682649742944734,Very High Value,7335.0,1,Churned
66343-TEL,Female,42,No,Telangana,8,30,Deal 5,Yes,No,Yes,Cable,No,No,Yes,No,No,No,No,Yes,Month-to-Month,Yes,Mailed Check,50.45,50.45,0.0,0,23.7,74.15,Churned,Dissatisfaction,Network reliability,1,Middle Age,25-48 Months,Established,2.4716666666666667,23.7,74.15,0.6803776129467296,1.4697720515361743,High,1,3,0,1,1,0,0,1,0,0,1,0,1.6816666666666669,48.76833333333334,0.0,0.3196223870532703,Low Value,2118.9,1,Churned
38452-MAH,Female,34,No,Maharashtra,6,14,Deal 5,Yes,No,Yes,DSL,Yes,No,No,No,No,No,No,Yes,Month-to-Month,No,Bank Withdrawal,47.95,47.95,0.0,0,46.23,94.18,Joined,Others,Others,0,Middle Age,13-24 Months,Growing,6.727142857142858,46.23,94.18,0.5091314504141007,1.9641293013555787,High,1,3,0,1,1,0,0,1,1,0,0,0,3.4250000000000003,44.525000000000006,0.0,0.4908685495858992,Low Value,1630.3000000000002,1,Churned
91510-ASS,Female,67,No,Assam,9,7,NO DEAL,Yes,Yes,Yes,Fiber Optic,No,No,No,No,Yes,Yes,No,Yes,Month-to-Month,Yes,Bank Withdrawal,93.2,2931.0,17.88,0,1079.68,3992.8,Churned,Competitor,Competitor made better offer,1,Elder,7-12 Months,Growing,570.4,1079.68,3974.92,0.0233420156281306,42.8412017167382,High,1,5,2,0,1,1,0,1,0,0,1,0,418.7142857142857,-325.51428571428573,0.006100307062436,0.2704067321178121,High Value,6244.400000000001,1,Churned
44718-JAM,Male,52,Yes,Jammu & Kashmir,15,18,NO DEAL,Yes,No,No,No Type,No,No,No,No,No,No,No,No,Month-to-Month,Yes,Mailed Check,20.2,20.2,0.0,0,13.27,33.47,Churned,Price,Long distance charges,1,Senior,13-24 Months,Growing,1.8594444444444445,13.27,33.47,0.6035255452644159,1.6569306930693068,High,1,1,0,0,1,0,0,0,0,0,1,0,1.1222222222222222,19.077777777777776,0.0,0.3964744547355841,Low Value,1050.4,1,Churned
97474-WES,Female,75,No,West Bengal,6,33,NO DEAL,Yes,Yes,Yes,Cable,No,No,Yes,Yes,Yes,Yes,No,No,One Year,Yes,Bank Withdrawal,107.55,4533.9,0.0,140,595.12,5269.02,Churned,Dissatisfaction,Service dissatisfaction,1,Elder,25-48 Months,Established,159.66727272727277,735.12,5269.02,0.0204117653757245,48.99135285913529,High,1,6,2,2,1,1,1,1,0,0,1,0,137.39090909090908,-29.84090909090908,0.0,0.1395174055137387,Very High Value,8066.25,1,Churned
66552-TAM,Female,49,No,Tamil Nadu,10,21,Deal 5,Yes,No,No,No Type,No,No,No,No,No,No,No,No,Month-to-Month,No,Mailed Check,19.65,19.65,0.0,0,6.08,25.73,Churned,Competitor,Competitor made better offer,1,Senior,13-24 Months,Growing,1.2252380952380952,6.08,25.73,0.7636999611348619,1.3094147582697202,High,1,1,0,0,1,0,0,0,0,0,0,0,0.9357142857142856,18.71428571428571,0.0,0.2363000388651379,Low Value,962.85,1,Churned
91344-GUJ,Female,59,Yes,Gujarat,0,11,NO DEAL,Yes,No,Yes,Fiber Optic,No,Yes,No,No,No,Yes,Yes,No,Month-to-Month,Yes,Bank Withdrawal,86.3,1180.95,0.0,10,410.2,1601.15,Churned,Attitude,Attitude of service provider,1,Senior,7-12 Months,Growing,145.5590909090909,420.2,1601.15,0.0538987602660587,18.55330243337196,No Referral,0,4,2,1,1,0,0,1,0,0,1,0,107.35909090909092,-21.059090909090912,0.0,0.2624363738562907,Medium Value,5091.7,1,Churned
58100-CHH,Male,74,No,Chhattisgarh,10,12,NO DEAL,Yes,Yes,Yes,Fiber Optic,No,No,Yes,No,No,Yes,No,Yes,Month-to-Month,Yes,Bank Withdrawal,89.8,914.3,0.0,0,168.8,1083.1,Churned,Competitor,Competitor made better offer,1,Elder,7-12 Months,Growing,90.25833333333333,168.8,1083.1,0.082910165266365,12.061247216035634,High,1,5,1,1,1,1,0,1,0,0,1,0,76.19166666666666,13.608333333333334,0.0,0.1558489520819869,Medium Value,6645.2,1,Churned
89920-KER,Male,22,Yes,Kerala,0,9,Deal 5,No,No,Yes,DSL,No,No,Yes,No,Yes,Yes,Yes,Yes,Month-to-Month,Yes,Bank Withdrawal,49.25,90.35,0.0,0,0.0,90.35,Churned,Dissatisfaction,Limited range of services,1,Young Adult,7-12 Months,Growing,10.038888888888888,0.0,90.35,0.5451023796347537,1.834517766497462,No Referral,0,5,3,1,0,0,0,1,0,0,1,0,10.038888888888888,39.21111111111111,0.0,0.0,Low Value,1083.5,1,Churned
41196-MAH,Female,29,Yes,Maharashtra,11,10,Deal 5,Yes,No,Yes,DSL,No,No,No,No,No,No,No,No,Month-to-Month,Yes,Bank Withdrawal,45.0,45.0,0.0,10,40.63,95.63,Joined,Others,Others,0,Young Adult,7-12 Months,Growing,9.563,50.63,95.63,0.4705636306598348,2.125111111111111,High,1,1,0,0,1,0,0,1,0,0,1,0,4.5,40.5,0.0,0.5294363693401652,Low Value,1305.0,1,Churned
62467-GUJ,Female,44,Yes,Gujarat,8,4,Deal 5,Yes,No,Yes,Fiber Optic,No,No,Yes,No,Yes,Yes,Yes,Yes,Month-to-Month,Yes,Bank Withdrawal,95.35,660.9,34.29,0,338.52,965.13,Churned,Competitor,Competitor made better offer,1,Middle Age,0-6 Months,New,241.2825,338.52,930.84,0.0987949809870172,10.121971683272156,High,1,6,3,1,1,0,0,1,0,0,1,0,165.225,-69.875,0.0518837948252383,0.3507506760747256,Medium Value,4195.4,1,Churned
28787-ASS,Male,78,No,Assam,0,26,NO DEAL,Yes,Yes,Yes,Fiber Optic,No,No,No,No,No,No,No,No,Month-to-Month,Yes,Mailed Check,74.4,306.6,0.0,20,42.44,369.04,Churned,Competitor,Competitor made better offer,1,Elder,25-48 Months,Established,14.193846153846154,62.44,369.04,0.2016041621504444,4.960215053763441,No Referral,0,2,0,0,1,1,0,1,0,0,1,0,11.792307692307691,62.60769230769231,0.0,0.169195751138088,Low Value,5803.200000000001,1,Churned
72092-PUN,Female,54,Yes,Punjab,7,8,Deal 5,Yes,Yes,Yes,Cable,No,No,No,No,No,No,No,Yes,Month-to-Month,Yes,Mailed Check,50.65,151.3,0.0,0,67.68,218.98,Churned,Dissatisfaction,Lack of self-service on Website,1,Senior,7-12 Months,Growing,27.3725,67.68,218.98,0.2312996620695954,4.323395853899309,High,1,3,0,0,1,1,0,1,0,0,1,0,18.9125,31.7375,0.0,0.3090693213992145,Low Value,2735.1,1,Churned
83023-KAR,Male,31,Yes,Karnataka,15,20,NO DEAL,Yes,Yes,Yes,Fiber Optic,No,No,No,No,No,No,No,Yes,Month-to-Month,Yes,Bank Withdrawal,74.35,74.35,0.0,0,14.02,88.37,Churned,Competitor,Competitor had better devices,1,Middle Age,13-24 Months,Growing,4.4185,14.02,88.37,0.8413488740522801,1.188567585743107,High,1,3,0,0,1,1,0,1,0,0,1,0,3.7175,70.6325,0.0,0.1586511259477198,Low Value,2304.85,1,Churned
92852-DEL,Male,67,No,Delhi,14,33,Deal 2,Yes,Yes,Yes,Fiber Optic,No,Yes,No,No,Yes,Yes,No,No,Month-to-Month,Yes,Bank Withdrawal,101.0,4388.4,0.0,150,1343.75,5882.15,Churned,Dissatisfaction,Product dissatisfaction,1,Elder,25-48 Months,Established,178.2469696969697,1493.75,5882.15,0.0171705923854373,58.23910891089108,High,1,5,2,1,1,1,0,1,0,0,1,0,132.98181818181817,-31.98181818181817,0.0,0.2539462611460095,Very High Value,6767.0,1,Churned
96510-TEL,Female,76,No,Telangana,7,5,Deal 5,Yes,No,Yes,Fiber Optic,No,No,No,No,No,No,No,Yes,Month-to-Month,Yes,Bank Withdrawal,69.6,69.6,0.0,0,34.51,104.11,Churned,Competitor,Competitor had better devices,1,Elder,0-6 Months,New,20.822,34.51,104.11,0.6685236768802227,1.4958333333333331,High,1,2,0,0,1,0,0,1,0,0,1,0,13.919999999999998,55.67999999999999,0.0,0.3314763231197771,Low Value,5289.599999999999,1,Churned
15584-KAR,Male,55,No,Karnataka,15,24,NO DEAL,Yes,No,Yes,Fiber Optic,No,No,No,No,No,No,No,Yes,Month-to-Month,Yes,Bank Withdrawal,71.65,71.65,0.0,0,17.54,89.19,Churned,Competitor,Competitor had better devices,1,Senior,13-24 Months,Growing,3.71625,17.54,89.19,0.8033411817468327,1.2448011165387298,High,1,2,0,0,1,0,0,1,0,0,1,0,2.985416666666667,68.66458333333334,0.0,0.1966588182531674,Low Value,3940.750000000001,1,Churned
31678-GUJ,Female,57,No,Gujarat,7,3,NO DEAL,Yes,Yes,Yes,Fiber Optic,No,No,No,No,No,Yes,Yes,Yes,Month-to-Month,Yes,Bank Withdrawal,84.9,764.95,0.0,0,232.0,996.95,Churned,Price,Long distance charges,1,Senior,0-6 Months,New,332.31666666666666,232.0,996.95,0.0851597371984553,11.74263839811543,High,1,5,2,0,1,1,0,1,0,0,1,0,254.98333333333332,-170.08333333333334,0.0,0.2327097647825868,Medium Value,4839.3,1,Churned
23059-WES,Male,48,Yes,West Bengal,5,6,NO DEAL,Yes,No,Yes,Fiber Optic,No,No,No,No,Yes,No,No,Yes,Month-to-Month,Yes,Credit Card,77.95,3384.0,0.0,0,1428.84,4812.84,Churned,Competitor,Competitor made better offer,1,Senior,0-6 Months,New,802.14,1428.84,4812.84,0.0161962583422677,61.74265554842848,Medium,1,3,1,0,1,0,0,1,0,0,1,0,564.0,-486.05,0.0,0.2968808437429874,Very High Value,3741.6,1,Churned
23691-WES,Male,59,Yes,West Bengal,11,24,NO DEAL,Yes,No,Yes,Fiber Optic,No,Yes,No,No,Yes,Yes,Yes,Yes,Month-to-Month,Yes,Bank Withdrawal,95.9,2448.75,0.0,0,131.75,2580.5,Churned,Competitor,Competitor offered more data,1,Senior,13-24 Months,Growing,107.52083333333331,131.75,2580.5,0.0371633404378996,26.908237747653803,High,1,6,3,1,1,0,0,1,0,0,1,0,102.03125,-6.131249999999994,0.0,0.0510559968998256,High Value,5658.1,1,Churned
19898-HAR,Male,31,Yes,Haryana,3,30,Deal 5,Yes,No,No,No Type,No,No,No,No,No,No,No,No,Month-to-Month,No,Credit Card,19.45,19.45,0.0,0,29.15,48.6,Joined,Others,Others,0,Middle Age,25-48 Months,Established,1.62,29.15,48.6,0.4002057613168724,2.4987146529562985,Medium,1,1,0,0,1,0,0,0,0,0,0,0,0.6483333333333333,18.801666666666662,0.0,0.5997942386831275,Low Value,602.9499999999999,1,Churned
13685-PUN,Male,25,Yes,Punjab,5,21,Deal 3,Yes,Yes,Yes,Fiber Optic,No,No,Yes,No,Yes,Yes,Yes,No,Month-to-Month,Yes,Bank Withdrawal,100.05,3480.0,0.0,20,785.06,4285.06,Churned,Dissatisfaction,Poor expertise of online support,1,Young Adult,13-24 Months,Growing,204.05047619047625,805.06,4285.06,0.0233485645475209,42.82918540729636,Medium,1,6,3,1,1,1,0,1,0,0,1,0,165.71428571428572,-65.66428571428573,0.0,0.1878760157384027,High Value,2501.25,1,Churned
51432-BIH,Male,83,Yes,Bihar,4,29,NO DEAL,Yes,No,Yes,DSL,No,No,Yes,No,Yes,No,No,Yes,Month-to-Month,Yes,Bank Withdrawal,60.05,1236.15,0.0,0,727.02,1963.17,Churned,Competitor,Competitor had better devices,1,Elder,25-48 Months,Established,67.6955172413793,727.02,1963.17,0.030588283235787,32.692256452955874,Medium,1,4,1,1,1,0,0,1,0,0,1,0,42.62586206896552,17.42413793103448,0.0,0.3703296199514051,Medium Value,4984.15,1,Churned
12505-GUJ,Male,29,No,Gujarat,0,7,NO DEAL,Yes,No,Yes,Fiber Optic,No,Yes,No,No,Yes,Yes,Yes,Yes,Month-to-Month,No,Bank Withdrawal,95.65,167.3,0.0,0,33.52,200.82,Churned,Dissatisfaction,Limited range of services,1,Young Adult,7-12 Months,Growing,28.68857142857143,33.52,200.82,0.476297181555622,2.0995295347621536,No Referral,0,6,3,1,1,0,0,1,0,0,0,0,23.9,71.75,0.0,0.1669156458520068,Low Value,2773.8500000000004,1,Churned
45007-MAH,Female,80,No,Maharashtra,8,31,NO DEAL,Yes,No,Yes,Fiber Optic,No,No,No,No,Yes,Yes,No,Yes,Month-to-Month,Yes,Bank Withdrawal,91.4,449.75,0.0,0,22.95,472.7,Churned,Dissatisfaction,Network reliability,1,Elder,25-48 Months,Established,15.248387096774191,22.95,472.7,0.1933573090755236,5.171772428884026,High,1,4,2,0,1,0,0,1,0,0,1,0,14.508064516129032,76.89193548387098,0.0,0.0485508779352654,Low Value,7312.0,1,Churned
28896-KAR,Male,49,Yes,Karnataka,1,35,NO DEAL,Yes,No,Yes,Fiber Optic,No,Yes,No,No,No,Yes,Yes,Yes,Month-to-Month,Yes,Credit Card,83.55,477.55,0.0,0,161.46,639.01,Churned,Dissatisfaction,Product dissatisfaction,1,Senior,25-48 Months,Established,18.257428571428573,161.46,639.01,0.1307491275566892,7.648234590065829,Low,1,5,2,1,1,0,0,1,0,0,1,0,13.644285714285717,69.90571428571428,0.0,0.2526721021580257,Medium Value,4093.95,1,Churned
41760-KER,Male,42,No,Kerala,2,11,Deal 4,Yes,Yes,Yes,Fiber Optic,Yes,No,No,No,Yes,Yes,Yes,Yes,Month-to-Month,Yes,Bank Withdrawal,101.35,2317.1,0.0,0,227.26,2544.36,Churned,Price,Extra data charges,1,Middle Age,7-12 Months,Growing,231.30545454545452,227.26,2544.36,0.0398331997044443,25.10468672915639,Low,1,7,3,1,1,1,0,1,1,0,1,0,210.64545454545453,-109.29545454545452,0.0,0.0893191215079627,High Value,4256.7,1,Churned
31816-RAJ,Female,58,Yes,Rajasthan,2,35,NO DEAL,Yes,No,Yes,Cable,Yes,No,No,No,No,No,No,Yes,Month-to-Month,Yes,Bank Withdrawal,75.7,189.2,0.0,0,84.32,273.52,Churned,Other,Don't know,1,Senior,25-48 Months,Established,7.814857142857142,84.32,273.52,0.2767622111728576,3.6132100396301183,Low,1,3,0,1,1,0,0,1,1,0,1,0,5.405714285714286,70.29428571428572,0.0,0.3082772740567417,Low Value,4390.6,1,Churned
57919-TEL,Male,66,No,Telangana,7,5,Deal 3,Yes,Yes,Yes,Cable,No,No,No,No,Yes,No,No,Yes,Month-to-Month,Yes,Bank Withdrawal,83.75,2070.6,0.0,0,933.4,3004.0,Churned,Competitor,Competitor offered higher download speeds,1,Elder,0-6 Months,New,600.8,933.4,3004.0,0.0278794940079893,35.86865671641791,High,1,4,1,0,1,1,0,1,0,0,1,0,414.12,-330.37,0.0,0.3107190412782956,High Value,5527.5,1,Churned
71914-WES,Female,55,Yes,West Bengal,2,3,NO DEAL,Yes,No,Yes,Fiber Optic,No,Yes,No,Yes,Yes,Yes,Yes,Yes,Month-to-Month,Yes,Bank Withdrawal,99.85,990.9,0.0,0,432.8,1423.7,Churned,Dissatisfaction,Service dissatisfaction,1,Senior,0-6 Months,New,474.56666666666666,432.8,1423.7,0.0701341574769965,14.25838758137206,Low,1,7,3,2,1,0,0,1,0,0,1,0,330.3,-230.45,0.0,0.3039966285031959,Medium Value,5491.75,1,Churned
68969-WES,Female,61,No,West Bengal,6,34,NO DEAL,Yes,Yes,Yes,Fiber Optic,No,No,No,No,No,No,No,Yes,Month-to-Month,Yes,Bank Withdrawal,76.05,318.9,0.0,0,169.76,488.66,Churned,Price,Long distance charges,1,Elder,25-48 Months,Established,14.372352941176471,169.76,488.66,0.1556296811689108,6.425509533201842,High,1,3,0,0,1,1,0,1,0,0,1,0,9.379411764705882,66.67058823529412,0.0,0.3473990095362828,Low Value,4639.05,1,Churned
13005-HAR,Male,69,No,Haryana,2,14,NO DEAL,Yes,Yes,Yes,Fiber Optic,No,Yes,No,No,No,No,No,No,Month-to-Month,Yes,Credit Card,80.45,5224.35,0.0,140,3008.94,8373.29,Churned,Attitude,Attitude of support person,1,Elder,13-24 Months,Growing,598.0921428571429,3148.94,8373.29,0.0096079318881825,104.08067122436296,Low,1,3,0,1,1,1,0,1,0,0,1,0,373.16785714285714,-292.7178571428572,0.0,0.3760696213794099,Very High Value,5551.05,1,Churned
88215-KAR,Female,19,No,Karnataka,5,10,Deal 5,Yes,Yes,Yes,DSL,No,No,No,No,No,No,No,Yes,Month-to-Month,Yes,Bank Withdrawal,50.05,50.05,0.0,0,43.05,93.1,Joined,Others,Others,0,Young Adult,7-12 Months,Growing,9.31,43.05,93.1,0.5375939849624061,1.86013986013986,Medium,1,3,0,0,1,1,0,1,0,0,1,0,5.005,45.045,0.0,0.462406015037594,Low Value,950.95,1,Churned
55330-WES,Female,59,Yes,West Bengal,14,23,NO DEAL,Yes,Yes,Yes,DSL,Yes,No,No,No,No,No,No,Yes,Month-to-Month,No,Credit Card,56.7,113.55,0.0,0,11.34,124.89,Churned,Competitor,Competitor offered higher download speeds,1,Senior,13-24 Months,Growing,5.43,11.34,124.89,0.453999519577228,2.2026455026455025,High,1,4,0,1,1,1,0,1,1,0,0,0,4.9369565217391305,51.76304347826087,0.0,0.0907999039154456,Low Value,3345.3,1,Churned
21041-DEL,Male,75,Yes,Delhi,15,15,NO DEAL,Yes,Yes,Yes,Fiber Optic,No,No,No,No,No,No,No,Yes,Month-to-Month,Yes,Bank Withdrawal,73.65,73.65,0.0,0,39.88,113.53,Churned,Attitude,Attitude of service provider,1,Elder,13-24 Months,Growing,7.568666666666667,39.88,113.53,0.6487272086673126,1.5414799728445348,High,1,3,0,0,1,1,0,1,0,0,1,0,4.91,68.74000000000001,0.0,0.3512727913326874,Low Value,5523.75,1,Churned
96646-TEL,Male,26,Yes,Telangana,14,20,Deal 5,Yes,No,Yes,Fiber Optic,No,Yes,No,Yes,No,Yes,Yes,Yes,Month-to-Month,Yes,Bank Withdrawal,89.35,461.7,0.0,0,50.55,512.25,Churned,Dissatisfaction,Network reliability,1,Young Adult,13-24 Months,Growing,25.6125,50.55,512.25,0.1744265495363592,5.733072188024623,High,1,6,2,2,1,0,0,1,0,0,1,0,23.085,66.26499999999999,0.0,0.0986822840409956,Low Value,2323.1,1,Churned
47567-JAM,Female,74,Yes,Jammu & Kashmir,10,11,NO DEAL,Yes,No,Yes,Fiber Optic,No,No,No,No,No,No,No,Yes,Month-to-Month,Yes,Credit Card,69.05,318.5,0.0,0,150.25,468.75,Churned,Competitor,Competitor made better offer,1,Elder,7-12 Months,Growing,42.61363636363637,150.25,468.75,0.1473066666666666,6.788559015206372,High,1,2,0,0,1,0,0,1,0,0,1,0,28.954545454545453,40.095454545454544,0.0,0.3205333333333333,Low Value,5109.7,1,Churned
92815-BIH,Female,65,Yes,Bihar,6,14,Deal 4,Yes,Yes,Yes,Fiber Optic,Yes,No,No,No,Yes,Yes,No,Yes,Month-to-Month,Yes,Bank Withdrawal,100.8,1308.1,0.0,0,93.86,1401.96,Churned,Attitude,Attitude of support person,1,Elder,13-24 Months,Growing,100.14,93.86,1401.96,0.0718993409227082,13.908333333333331,High,1,6,2,1,1,1,0,1,1,0,1,0,93.43571428571428,7.364285714285714,0.0,0.0669491283631487,Medium Value,6552.0,1,Churned
67408-GUJ,Male,73,Yes,Gujarat,2,5,NO DEAL,Yes,Yes,Yes,Cable,No,No,No,No,No,Yes,No,Yes,Month-to-Month,Yes,Bank Withdrawal,85.6,1345.55,0.0,0,678.75,2024.3,Churned,Competitor,Competitor had better devices,1,Elder,0-6 Months,New,404.86,678.75,2024.3,0.0422862223978659,23.64836448598131,Low,1,4,1,0,1,1,0,1,0,0,1,0,269.11,-183.51,0.0,0.3353010917354147,Medium Value,6248.799999999999,1,Churned
71197-PUN,Female,38,No,Punjab,0,33,Deal 5,Yes,No,Yes,Cable,Yes,No,Yes,No,Yes,Yes,Yes,Yes,Month-to-Month,Yes,Bank Withdrawal,77.4,206.15,0.0,0,133.26,339.41,Joined,Others,Others,0,Middle Age,25-48 Months,Established,10.285151515151515,133.26,339.41,0.2280427801184408,4.385142118863049,No Referral,0,7,3,2,1,0,0,1,1,0,1,0,6.246969696969697,71.1530303030303,0.0,0.392622491971362,Low Value,2941.2000000000003,1,Churned
12170-AND,Female,38,Yes,Andhra Pradesh,15,2,Deal 4,Yes,Yes,Yes,Cable,Yes,Yes,No,Yes,Yes,No,No,No,One Year,No,Mailed Check,77.5,1625.0,18.39,80,368.97,2055.58,Churned,Other,Don't know,1,Middle Age,0-6 Months,New,1027.79,448.97,2037.19,0.0377022543515698,26.523612903225807,High,1,6,1,3,1,1,1,1,1,0,0,0,812.5,-735.0,0.011316923076923,0.2184152404674106,Medium Value,2945.0,1,Churned
87704-GUJ,Female,38,Yes,Gujarat,9,24,Deal 5,Yes,No,No,No Type,No,No,No,No,No,No,No,No,Two Year,No,Credit Card,20.45,20.45,0.0,0,43.82,64.27,Joined,Others,Others,0,Middle Age,13-24 Months,Growing,2.6779166666666665,43.82,64.27,0.3181888906177065,3.142787286063569,High,1,1,0,0,1,0,1,0,0,0,0,0,0.8520833333333333,19.597916666666663,0.0,0.6818111093822935,Low Value,777.1,1,Churned
65531-MAH,Female,55,No,Maharashtra,10,22,NO DEAL,Yes,No,No,No Type,No,No,No,No,No,No,No,No,Month-to-Month,No,Credit Card,19.8,19.8,0.0,0,11.96,31.76,Joined,Others,Others,0,Senior,13-24 Months,Growing,1.4436363636363636,11.96,31.76,0.6234256926952141,1.6040404040404042,High,1,1,0,0,1,0,0,0,0,0,0,0,0.9,18.9,0.0,0.3765743073047859,Low Value,1089.0,1,Churned
97734-BIH,Female,20,Yes,Bihar,1,2,Deal 5,Yes,No,Yes,DSL,Yes,No,No,No,No,No,Yes,Yes,One Year,Yes,Bank Withdrawal,49.75,331.3,0.0,0,252.98,584.28,Churned,Competitor,Competitor offered higher download speeds,1,Young Adult,0-6 Months,New,292.14,252.98,584.28,0.0851475320052029,11.7443216080402,Low,1,4,1,1,1,0,1,1,1,0,1,0,165.65,-115.9,0.0,0.4329773396316834,Low Value,995.0,1,Churned
29416-JAM,Female,28,Yes,Jammu & Kashmir,15,5,NO DEAL,Yes,Yes,Yes,Fiber Optic,No,No,Yes,No,Yes,No,Yes,Yes,Month-to-Month,Yes,Mailed Check,89.85,2165.05,0.0,0,671.28,2836.33,Churned,Competitor,Competitor made better offer,1,Young Adult,0-6 Months,New,567.266,671.28,2836.33,0.0316782602870611,31.567390094602118,High,1,6,2,1,1,1,0,1,0,0,1,0,433.0100000000001,-343.1600000000001,0.0,0.2366720374568544,High Value,2515.8,1,Churned
85917-TAM,Male,53,Yes,Tamil Nadu,7,15,Deal 5,Yes,No,No,No Type,No,No,No,No,No,No,No,No,Month-to-Month,Yes,Credit Card,19.5,19.5,0.0,0,33.02,52.52,Joined,Others,Others,0,Senior,13-24 Months,Growing,3.5013333333333336,33.02,52.52,0.3712871287128713,2.6933333333333334,High,1,1,0,0,1,0,0,0,0,0,1,0,1.3,18.2,0.0,0.6287128712871287,Low Value,1033.5,1,Churned
39659-JAM,Female,61,No,Jammu & Kashmir,8,10,NO DEAL,Yes,No,Yes,Fiber Optic,No,No,No,No,Yes,No,No,Yes,Month-to-Month,Yes,Bank Withdrawal,79.1,79.1,0.0,0,42.3,121.4,Churned,Competitor,Competitor made better offer,1,Elder,7-12 Months,Growing,12.14,42.3,121.4,0.6515650741350906,1.5347661188369155,High,1,3,1,0,1,0,0,1,0,0,1,0,7.909999999999999,71.19,0.0,0.3484349258649094,Low Value,4825.099999999999,1,Churned
44580-HAR,Female,82,No,Haryana,8,17,NO DEAL,Yes,Yes,Yes,DSL,Yes,Yes,Yes,Yes,Yes,Yes,No,Yes,Two Year,No,Credit Card,92.45,6440.25,0.0,0,1855.44,8295.69,Churned,Competitor,Competitor made better offer,1,Elder,13-24 Months,Growing,487.9817647058824,1855.44,8295.69,0.0111443412181506,89.7316387236344,High,1,9,2,4,1,1,1,1,1,0,0,0,378.8382352941176,-286.38823529411764,0.0,0.2236631310957858,Very High Value,7580.900000000001,1,Churned
99855-HAR,Female,48,Yes,Haryana,0,2,Deal 5,Yes,Yes,Yes,Fiber Optic,No,No,No,No,No,Yes,Yes,Yes,Month-to-Month,Yes,Bank Withdrawal,85.3,264.8,0.0,0,42.84,307.64,Churned,Other,Don't know,1,Senior,0-6 Months,New,153.82,42.84,307.64,0.2772721362631647,3.606565064478312,No Referral,0,5,2,0,1,1,0,1,0,0,1,0,132.4,-47.10000000000001,0.0,0.1392536731244311,Low Value,4094.4,1,Churned
29969-ASS,Female,53,Yes,Assam,11,10,Deal 5,Yes,Yes,Yes,Cable,No,No,No,No,No,No,No,No,Month-to-Month,Yes,Mailed Check,50.6,249.95,0.0,20,185.5,455.45,Churned,Competitor,Competitor made better offer,1,Senior,7-12 Months,Growing,45.545,205.5,455.45,0.111098913162806,9.00098814229249,High,1,2,0,0,1,1,0,1,0,0,1,0,24.995,25.605000000000004,0.0,0.4512021078054671,Low Value,2681.8,1,Churned
57111-KAR,Male,44,No,Karnataka,4,7,Deal 5,Yes,Yes,Yes,Fiber Optic,No,No,No,No,No,Yes,Yes,Yes,Month-to-Month,Yes,Bank Withdrawal,86.6,86.6,0.0,0,5.43,92.03,Churned,Competitor,Competitor offered higher download speeds,1,Middle Age,7-12 Months,Growing,13.147142857142857,5.43,92.03,0.9409975008149516,1.06270207852194,Medium,1,5,2,0,1,1,0,1,0,0,1,0,12.37142857142857,74.22857142857143,0.0,0.0590024991850483,Low Value,3810.4,1,Churned
16244-UTT,Female,19,Yes,Uttar Pradesh,5,7,NO DEAL,Yes,No,No,No Type,No,No,No,No,No,No,No,No,Month-to-Month,No,Credit Card,19.55,19.55,0.0,0,5.1,24.65,Joined,Others,Others,0,Young Adult,7-12 Months,Growing,3.521428571428572,5.1,24.65,0.7931034482758621,1.2608695652173911,Medium,1,1,0,0,1,0,0,0,0,0,0,0,2.792857142857143,16.757142857142856,0.0,0.2068965517241379,Low Value,371.45,1,Churned
41013-TEL,Female,35,Yes,Telangana,4,19,NO DEAL,Yes,Yes,Yes,DSL,No,No,No,No,No,No,No,Yes,Month-to-Month,Yes,Bank Withdrawal,49.1,679.55,0.0,0,145.65,825.2,Churned,Competitor,Competitor had better devices,1,Middle Age,13-24 Months,Growing,43.43157894736842,145.65,825.2,0.0595007270964614,16.80651731160896,Medium,1,3,0,0,1,1,0,1,0,0,1,0,35.76578947368421,13.334210526315792,0.0,0.1765026660203587,Medium Value,1718.5,1,Churned
51214-MAH,Male,28,No,Maharashtra,12,22,NO DEAL,Yes,No,Yes,Fiber Optic,No,No,Yes,No,No,No,No,No,Month-to-Month,Yes,Credit Card,73.6,232.5,0.0,10,82.02,324.52,Joined,Others,Others,0,Young Adult,13-24 Months,Growing,14.75090909090909,92.02,324.52,0.2267964994453346,4.409239130434782,High,1,2,0,1,1,0,0,1,0,0,1,0,10.568181818181818,63.031818181818174,0.0,0.2835572537902132,Low Value,2060.8,1,Churned
82718-TAM,Male,32,Yes,Tamil Nadu,12,7,NO DEAL,Yes,No,No,No Type,No,No,No,No,No,No,No,No,Month-to-Month,No,Bank Withdrawal,20.7,20.7,0.0,0,45.86,66.56,Joined,Others,Others,0,Middle Age,7-12 Months,Growing,9.508571428571427,45.86,66.56,0.3109975961538461,3.215458937198068,High,1,1,0,0,1,0,0,0,0,0,0,0,2.957142857142857,17.742857142857144,0.0,0.6890024038461539,Low Value,662.4,1,Churned
62886-RAJ,Female,78,No,Rajasthan,4,10,NO DEAL,Yes,Yes,Yes,Fiber Optic,No,Yes,Yes,No,No,Yes,No,Yes,Month-to-Month,Yes,Bank Withdrawal,94.25,3217.55,0.0,0,97.92,3315.47,Churned,Competitor,Competitor had better devices,1,Elder,7-12 Months,Growing,331.547,97.92,3315.47,0.0284273421264556,35.177400530503974,Medium,1,6,1,2,1,1,0,1,0,0,1,0,321.755,-227.505,0.0,0.0295342741753054,High Value,7351.5,1,Churned
15731-MAD,Female,79,No,Madhya Pradesh,6,4,Deal 2,Yes,Yes,Yes,Cable,No,Yes,Yes,No,No,No,No,Yes,Month-to-Month,Yes,Bank Withdrawal,84.2,4146.05,0.0,0,2222.58,6368.63,Churned,Competitor,Competitor offered more data,1,Elder,0-6 Months,New,1592.1575,2222.58,6368.63,0.0132210538216225,75.63693586698338,High,1,5,0,2,1,1,0,1,0,0,1,0,1036.5125,-952.3125,0.0,0.3489887149983591,Very High Value,6651.8,1,Churned
38636-TEL,Female,54,No,Telangana,8,13,Deal 3,Yes,Yes,Yes,Fiber Optic,No,Yes,Yes,No,Yes,Yes,Yes,Yes,Month-to-Month,Yes,Bank Withdrawal,104.65,2542.45,0.0,0,72.0,2614.45,Churned,Competitor,Competitor made better offer,1,Senior,13-24 Months,Growing,201.1115384615385,72.0,2614.45,0.0400275392529977,24.982799808886764,High,1,8,3,2,1,1,0,1,0,0,1,0,195.5730769230769,-90.9230769230769,0.0,0.0275392529977624,High Value,5651.1,1,Churned
63305-KAR,Male,40,Yes,Karnataka,6,16,Deal 2,No,No,Yes,Cable,No,Yes,Yes,No,Yes,Yes,Yes,Yes,One Year,Yes,Credit Card,53.95,2375.4,0.0,0,0.0,2375.4,Churned,Competitor,Competitor offered more data,1,Middle Age,13-24 Months,Growing,148.4625,0.0,2375.4,0.0227119643007493,44.02965708989805,High,1,6,3,2,0,0,1,1,0,0,1,0,148.4625,-94.5125,0.0,0.0,High Value,2158.0,1,Churned
42965-UTT,Male,64,No,Uttarakhand,5,33,NO DEAL,Yes,Yes,Yes,Fiber Optic,No,No,Yes,No,Yes,Yes,No,Yes,Month-to-Month,Yes,Bank Withdrawal,100.05,4871.05,0.0,0,421.59,5292.64,Churned,Attitude,Attitude of support person,1,Elder,25-48 Months,Established,160.38303030303032,421.59,5292.64,0.0189036095407962,52.89995002498751,Medium,1,6,2,1,1,1,0,1,0,0,1,0,147.60757575757577,-47.557575757575776,0.0,0.0796558995132863,Very High Value,6403.2,1,Churned
51365-JHA,Female,32,No,Jharkhand,1,27,NO DEAL,Yes,Yes,Yes,Fiber Optic,Yes,No,No,No,No,No,No,No,Month-to-Month,Yes,Bank Withdrawal,78.95,927.35,0.0,80,304.08,1311.43,Churned,Attitude,Attitude of support person,1,Middle Age,25-48 Months,Established,48.57148148148149,384.08,1311.43,0.0602014594755343,16.610892970234325,Low,1,3,0,1,1,1,0,1,1,0,1,0,34.346296296296295,44.60370370370371,0.0,0.2928711406632454,Medium Value,2526.4,1,Churned
68955-HAR,Male,34,No,Haryana,11,34,NO DEAL,Yes,No,Yes,DSL,No,No,Yes,Yes,Yes,Yes,Yes,Yes,Month-to-Month,Yes,Bank Withdrawal,74.4,299.7,0.0,0,115.56,415.26,Churned,Attitude,Attitude of support person,1,Middle Age,25-48 Months,Established,12.213529411764704,115.56,415.26,0.1791648605692819,5.5814516129032254,High,1,7,3,2,1,0,0,1,0,0,1,0,8.814705882352941,65.58529411764707,0.0,0.2782834850455136,Low Value,2529.6000000000004,1,Churned
47183-TAM,Female,27,Yes,Tamil Nadu,14,26,NO DEAL,Yes,No,Yes,Fiber Optic,No,Yes,Yes,No,No,No,No,Yes,Month-to-Month,No,Bank Withdrawal,79.7,165.0,0.0,0,57.72,222.72,Churned,Competitor,Competitor had better devices,1,Young Adult,25-48 Months,Established,8.566153846153846,57.72,222.72,0.3578484195402299,2.794479297365119,High,1,4,0,2,1,0,0,1,0,0,0,0,6.346153846153846,73.35384615384616,0.0,0.2591594827586206,Low Value,2151.9,1,Churned
59387-MAH,Female,68,No,Maharashtra,14,1,Deal 5,Yes,No,Yes,Fiber Optic,No,No,No,No,No,No,No,Yes,Month-to-Month,Yes,Bank Withdrawal,71.65,71.65,0.0,0,28.46,100.11,Churned,Competitor,Competitor offered more data,1,Elder,0-6 Months,New,100.11,28.46,100.11,0.7157127160123864,1.3972086531751569,High,1,2,0,0,1,0,0,1,0,0,1,0,71.65,0.0,0.0,0.2842872839876136,Low Value,4872.200000000001,1,Churned
51858-TAM,Male,42,No,Tamil Nadu,15,18,Deal 4,No,No,Yes,DSL,No,No,Yes,Yes,Yes,Yes,Yes,Yes,Month-to-Month,Yes,Bank Withdrawal,55.0,771.95,0.0,0,0.0,771.95,Stayed,Others,Others,0,Middle Age,13-24 Months,Growing,42.88611111111111,0.0,771.95,0.0712481378327611,14.035454545454549,High,1,6,3,2,0,0,0,1,0,0,1,0,42.88611111111111,12.113888888888887,0.0,0.0,Medium Value,2310.0,1,Churned
51301-WES,Female,24,Yes,West Bengal,13,6,Deal 5,No,No,Yes,DSL,No,No,Yes,No,No,No,Yes,Yes,Month-to-Month,Yes,Bank Withdrawal,29.65,118.5,0.0,0,0.0,118.5,Churned,Dissatisfaction,Limited range of services,1,Young Adult,0-6 Months,New,19.75,0.0,118.5,0.250210970464135,3.996627318718381,High,1,3,1,1,0,0,0,1,0,0,1,0,19.75,9.9,0.0,0.0,Low Value,711.5999999999999,1,Churned
53624-WES,Male,66,No,West Bengal,12,6,NO DEAL,Yes,Yes,Yes,Fiber Optic,No,No,Yes,Yes,Yes,Yes,No,No,One Year,Yes,Bank Withdrawal,106.0,6441.4,0.0,110,2063.4,8614.8,Churned,Price,Long distance charges,1,Elder,0-6 Months,New,1435.8,2173.4,8614.8,0.0123044063704322,81.27169811320753,High,1,6,2,2,1,1,1,1,0,0,1,0,1073.5666666666666,-967.5666666666666,0.0,0.2522867623160143,Very High Value,6996.0,1,Churned
67941-PUN,Female,46,No,Punjab,9,13,Deal 5,Yes,Yes,Yes,DSL,No,Yes,No,No,No,No,No,No,Month-to-Month,No,Credit Card,54.15,101.65,0.0,10,42.6,154.25,Joined,Others,Others,0,Senior,13-24 Months,Growing,11.865384615384617,52.6,154.25,0.3510534846029173,2.8485687903970454,High,1,3,0,1,1,1,0,1,0,0,0,0,7.81923076923077,46.33076923076923,0.0,0.3410048622366288,Low Value,2490.9,1,Churned
82965-TEL,Female,38,No,Telangana,8,20,NO DEAL,Yes,No,Yes,Cable,No,No,No,No,No,No,No,No,Month-to-Month,No,Credit Card,44.75,148.05,0.0,10,104.67,262.72,Joined,Others,Others,0,Middle Age,13-24 Months,Growing,13.136,114.67,262.72,0.1703334348355663,5.870837988826816,High,1,1,0,0,1,0,0,1,0,0,0,0,7.402500000000001,37.3475,0.0,0.4364722898903775,Low Value,1700.5,1,Churned
33855-HAR,Female,25,No,Haryana,10,16,NO DEAL,No,No,Yes,DSL,No,Yes,No,No,No,No,No,Yes,Month-to-Month,No,Bank Withdrawal,30.2,30.2,0.0,0,0.0,30.2,Churned,Competitor,Competitor had better devices,1,Young Adult,13-24 Months,Growing,1.8875,0.0,30.2,1.0,1.0,High,1,2,0,1,0,0,0,1,0,0,0,0,1.8875,28.3125,0.0,0.0,Low Value,755.0,1,Churned
57402-PUD,Male,26,No,Puducherry,9,4,NO DEAL,Yes,Yes,Yes,Fiber Optic,No,No,No,No,No,No,Yes,Yes,Month-to-Month,No,Credit Card,75.0,209.1,0.0,0,103.47,312.57,Churned,Dissatisfaction,Limited range of services,1,Young Adult,0-6 Months,New,78.1425,103.47,312.57,0.2399462520395431,4.1676,High,1,4,1,0,1,1,0,1,0,0,0,0,52.275,22.725,0.0,0.3310298493137537,Low Value,1950.0,1,Churned
55065-KAR,Female,72,No,Karnataka,6,6,NO DEAL,Yes,No,Yes,DSL,No,No,No,Yes,Yes,No,No,Yes,Month-to-Month,No,Bank Withdrawal,59.4,1023.9,0.0,0,589.28,1613.18,Churned,Price,Price too high,1,Elder,0-6 Months,New,268.86333333333334,589.28,1613.18,0.0368216813994718,27.15791245791246,High,1,4,1,1,1,0,0,1,0,0,0,0,170.65,-111.25,0.0,0.3652909160788008,Medium Value,4276.8,1,Churned
97143-JAM,Female,78,No,Jammu & Kashmir,6,16,NO DEAL,Yes,Yes,Yes,Fiber Optic,No,No,No,No,No,No,No,No,Month-to-Month,Yes,Bank Withdrawal,74.4,1692.6,0.0,0,111.98,1804.58,Churned,Competitor,Competitor had better devices,1,Elder,13-24 Months,Growing,112.78625,111.98,1804.58,0.0412284298839619,24.25510752688172,High,1,2,0,0,1,1,0,1,0,0,1,0,105.7875,-31.38749999999999,0.0,0.0620532201398663,Medium Value,5803.200000000001,1,Churned
99862-BIH,Female,30,No,Bihar,12,9,Deal 5,Yes,No,Yes,Fiber Optic,No,No,No,Yes,No,No,No,Yes,Month-to-Month,No,Bank Withdrawal,74.0,74.0,0.0,0,23.7,97.7,Joined,Others,Others,0,Young Adult,7-12 Months,Growing,10.855555555555556,23.7,97.7,0.7574206755373593,1.3202702702702702,High,1,3,0,1,1,0,0,1,0,0,0,0,8.222222222222221,65.77777777777777,0.0,0.2425793244626407,Low Value,2220.0,1,Churned
81098-GUJ,Male,31,Yes,Gujarat,13,11,NO DEAL,Yes,No,Yes,DSL,Yes,No,No,No,No,No,No,Yes,Month-to-Month,No,Credit Card,51.25,51.25,0.0,0,39.3,90.55,Joined,Others,Others,0,Middle Age,7-12 Months,Growing,8.231818181818182,39.3,90.55,0.5659856432909994,1.766829268292683,High,1,3,0,1,1,0,0,1,1,0,0,0,4.659090909090909,46.59090909090909,0.0,0.4340143567090005,Low Value,1588.75,1,Churned
34284-UTT,Female,82,No,Uttar Pradesh,5,25,Deal 3,Yes,Yes,Yes,Fiber Optic,No,No,No,No,No,No,No,Yes,Month-to-Month,Yes,Bank Withdrawal,76.25,2841.55,0.0,0,997.15,3838.7,Churned,Other,Don't know,1,Elder,25-48 Months,Established,153.548,997.15,3838.7,0.0198634954541902,50.34360655737704,Medium,1,3,0,0,1,1,0,1,0,0,1,0,113.662,-37.412000000000006,0.0,0.259762419569125,High Value,6252.5,1,Churned
22210-UTT,Male,70,No,Uttar Pradesh,13,23,NO DEAL,Yes,Yes,Yes,Fiber Optic,No,No,No,No,No,No,No,Yes,Month-to-Month,Yes,Credit Card,74.4,527.9,32.46,0,62.44,557.88,Churned,Attitude,Attitude of service provider,1,Elder,13-24 Months,Growing,24.25565217391304,62.44,525.42,0.1333620133362013,7.498387096774193,High,1,3,0,0,1,1,0,1,0,0,1,0,22.95217391304348,51.447826086956525,0.0614889183557492,0.1119237111923711,Low Value,5208.0,1,Churned
41235-WES,Female,37,No,West Bengal,8,10,Deal 5,Yes,No,Yes,DSL,No,No,No,No,No,No,No,Yes,Month-to-Month,Yes,Bank Withdrawal,44.8,44.8,0.0,0,27.46,72.26,Joined,Others,Others,0,Middle Age,7-12 Months,Growing,7.226000000000001,27.46,72.26,0.6199833933019651,1.6129464285714288,High,1,2,0,0,1,0,0,1,0,0,1,0,4.48,40.32,0.0,0.3800166066980349,Low Value,1657.6,1,Churned
63868-PUN,Female,20,No,Punjab,15,12,NO DEAL,Yes,Yes,Yes,Fiber Optic,No,No,No,No,Yes,Yes,Yes,Yes,Month-to-Month,Yes,Bank Withdrawal,94.2,4186.3,0.0,0,287.28,4473.58,Churned,Competitor,Competitor had better devices,1,Young Adult,7-12 Months,Growing,372.79833333333335,287.28,4473.58,0.0210569610915642,47.49023354564756,High,1,6,3,0,1,1,0,1,0,0,1,0,348.8583333333333,-254.65833333333336,0.0,0.0642170252907067,High Value,1884.0,1,Churned
81235-JHA,Female,42,Yes,Jharkhand,9,32,Deal 5,Yes,No,Yes,DSL,No,No,No,No,No,No,No,Yes,Month-to-Month,Yes,Credit Card,44.9,44.9,0.0,0,15.76,60.66,Joined,Others,Others,0,Middle Age,25-48 Months,Established,1.895625,15.76,60.66,0.7401912298054731,1.351002227171492,High,1,2,0,0,1,0,0,1,0,0,1,0,1.403125,43.496875,0.0,0.2598087701945268,Low Value,1885.8,1,Churned
34169-RAJ,Male,51,Yes,Rajasthan,14,30,Deal 5,Yes,Yes,No,No Type,No,No,No,No,No,No,No,No,Month-to-Month,No,Credit Card,24.85,62.0,0.0,0,80.5,142.5,Joined,Others,Others,0,Senior,25-48 Months,Established,4.75,80.5,142.5,0.1743859649122807,5.73440643863179,High,1,2,0,0,1,1,0,0,0,0,0,0,2.066666666666667,22.78333333333333,0.0,0.5649122807017544,Low Value,1267.35,1,Churned
49203-PUN,Female,43,Yes,Punjab,9,7,NO DEAL,Yes,Yes,Yes,Cable,No,Yes,No,No,No,Yes,Yes,No,Month-to-Month,Yes,Bank Withdrawal,91.15,2995.45,0.0,0,1198.77,4194.22,Churned,Dissatisfaction,Poor expertise of online support,1,Middle Age,7-12 Months,Growing,599.1742857142857,1198.77,4194.22,0.0217322887211448,46.0144816236972,High,1,5,2,1,1,1,0,1,0,0,1,0,427.9214285714285,-336.7714285714285,0.0,0.2858147641277758,High Value,3919.45,1,Churned
83616-MAH,Male,44,No,Maharashtra,7,33,NO DEAL,No,No,Yes,Cable,No,Yes,No,No,No,No,No,Yes,Month-to-Month,Yes,Bank Withdrawal,31.05,347.25,0.0,0,0.0,347.25,Churned,Other,Don't know,1,Middle Age,25-48 Months,Established,10.522727272727272,0.0,347.25,0.0894168466522678,11.183574879227052,High,1,2,0,1,0,0,0,1,0,0,1,0,10.522727272727272,20.527272727272727,0.0,0.0,Low Value,1366.2,1,Churned
23148-CHH,Female,74,Yes,Chhattisgarh,4,9,Deal 5,Yes,No,Yes,DSL,No,No,No,No,No,No,No,Yes,Two Year,No,Bank Withdrawal,44.0,44.0,0.0,0,28.67,72.67,Joined,Others,Others,0,Elder,7-12 Months,Growing,8.074444444444445,28.67,72.67,0.6054768129902298,1.651590909090909,Medium,1,2,0,0,1,0,1,1,0,0,0,0,4.888888888888889,39.11111111111112,0.0,0.3945231870097702,Low Value,3256.0,1,Churned
58044-KAR,Female,31,No,Karnataka,5,13,Deal 5,Yes,No,No,No Type,No,No,No,No,No,No,No,No,Month-to-Month,No,Credit Card,20.35,41.85,0.0,0,10.84,52.69,Joined,Others,Others,0,Middle Age,13-24 Months,Growing,4.053076923076923,10.84,52.69,0.3862212943632568,2.589189189189189,Medium,1,1,0,0,1,0,0,0,0,0,0,0,3.2192307692307693,17.130769230769232,0.0,0.205731637881951,Low Value,630.85,1,Churned
13183-JAM,Female,70,No,Jammu & Kashmir,5,24,NO DEAL,Yes,Yes,Yes,Fiber Optic,No,Yes,No,No,Yes,No,No,Yes,Month-to-Month,Yes,Bank Withdrawal,89.5,2196.15,0.0,0,461.5,2657.65,Churned,Competitor,Competitor had better devices,1,Elder,13-24 Months,Growing,110.73541666666668,461.5,2657.65,0.033676368220044,29.69441340782123,Medium,1,5,1,1,1,1,0,1,0,0,1,0,91.50625,-2.0062500000000085,0.0,0.1736496528888303,High Value,6265.0,1,Churned
54368-KAR,Female,66,No,Karnataka,11,32,Deal 5,Yes,No,Yes,Fiber Optic,No,No,No,No,Yes,No,No,Yes,Month-to-Month,Yes,Bank Withdrawal,78.95,78.95,0.0,0,23.96,102.91,Churned,Competitor,Competitor offered higher download speeds,1,Elder,25-48 Months,Established,3.2159375,23.96,102.91,0.7671752016324944,1.3034832172260924,High,1,3,1,0,1,0,0,1,0,0,1,0,2.4671875,76.48281250000001,0.0,0.2328247983675056,Low Value,5210.7,1,Churned
83264-BIH,Male,35,Yes,Bihar,0,23,NO DEAL,No,No,Yes,Cable,Yes,Yes,Yes,Yes,No,No,No,Yes,Month-to-Month,Yes,Mailed Check,43.25,219.0,0.0,0,0.0,219.0,Churned,Dissatisfaction,Network reliability,1,Middle Age,13-24 Months,Growing,9.521739130434783,0.0,219.0,0.1974885844748858,5.063583815028902,No Referral,0,5,0,4,0,0,0,1,1,0,1,0,9.521739130434783,33.72826086956522,0.0,0.0,Low Value,1513.75,1,Churned
75802-MAH,Female,61,No,Maharashtra,4,3,NO DEAL,Yes,No,No,No Type,No,No,No,No,No,No,No,No,Month-to-Month,No,Credit Card,20.05,20.05,0.0,0,13.51,33.56,Joined,Others,Others,0,Elder,0-6 Months,New,11.186666666666667,13.51,33.56,0.5974374255065554,1.6738154613466334,Medium,1,1,0,0,1,0,0,0,0,0,0,0,6.683333333333334,13.366666666666667,0.0,0.4025625744934445,Low Value,1223.05,1,Churned
79397-HAR,Female,83,No,Haryana,5,8,Deal 2,Yes,Yes,Yes,Fiber Optic,Yes,No,Yes,No,Yes,No,No,Yes,Month-to-Month,Yes,Bank Withdrawal,93.8,4750.95,0.0,0,1129.14,5880.09,Churned,Dissatisfaction,Limited range of services,1,Elder,7-12 Months,Growing,735.01125,1129.14,5880.09,0.0159521367870219,62.68752665245203,Medium,1,6,1,2,1,1,0,1,1,0,1,0,593.86875,-500.06875,0.0,0.1920276730458207,Very High Value,7785.4,1,Churned
15363-WES,Male,58,No,West Bengal,9,8,NO DEAL,Yes,No,Yes,Fiber Optic,No,No,No,No,Yes,No,No,Yes,Month-to-Month,Yes,Bank Withdrawal,79.0,303.15,0.0,0,110.28,413.43,Churned,Dissatisfaction,Limited range of services,1,Senior,7-12 Months,Growing,51.67875,110.28,413.43,0.1910843431778051,5.233291139240507,High,1,3,1,0,1,0,0,1,0,0,1,0,37.89375,41.10625,0.0,0.2667440679195994,Low Value,4582.0,1,Churned
58848-PUN,Male,58,Yes,Punjab,14,18,NO DEAL,Yes,No,Yes,Cable,Yes,No,No,No,No,No,No,Yes,Month-to-Month,Yes,Credit Card,49.8,49.8,0.0,0,38.21,88.01,Joined,Others,Others,0,Senior,13-24 Months,Growing,4.889444444444445,38.21,88.01,0.5658447903647312,1.767269076305221,High,1,3,0,1,1,0,0,1,1,0,1,0,2.7666666666666666,47.03333333333333,0.0,0.4341552096352687,Low Value,2888.4,1,Churned
81484-TAM,Female,43,No,Tamil Nadu,10,22,NO DEAL,Yes,No,Yes,Fiber Optic,No,Yes,No,Yes,Yes,Yes,Yes,Yes,Month-to-Month,No,Bank Withdrawal,100.55,4398.15,0.0,0,1888.48,6286.63,Churned,Dissatisfaction,Network reliability,1,Middle Age,13-24 Months,Growing,285.7559090909091,1888.48,6286.63,0.0159942608360918,62.52242665340627,High,1,7,3,2,1,0,0,1,0,0,0,0,199.91590909090908,-99.36590909090908,0.0,0.3003962377299125,Very High Value,4323.65,1,Churned
41067-HAR,Female,22,Yes,Haryana,5,8,NO DEAL,Yes,No,Yes,Cable,No,No,No,No,Yes,Yes,Yes,Yes,Month-to-Month,Yes,Credit Card,64.7,1093.1,0.0,0,689.35,1782.45,Churned,Competitor,Competitor offered higher download speeds,1,Young Adult,7-12 Months,Growing,222.80625,689.35,1782.45,0.0362983533899969,27.549459041731065,Medium,1,5,3,0,1,0,0,1,0,0,1,0,136.6375,-71.93749999999999,0.0,0.3867429661421078,Medium Value,1423.4,1,Churned
58967-BIH,Female,39,Yes,Bihar,12,9,NO DEAL,Yes,No,Yes,Cable,No,No,No,No,No,No,No,Yes,Month-to-Month,Yes,Bank Withdrawal,44.2,403.35,0.0,0,377.28,780.63,Churned,Competitor,Competitor offered higher download speeds,1,Middle Age,7-12 Months,Growing,86.73666666666666,377.28,780.63,0.0566209343735188,17.66131221719457,High,1,2,0,0,1,0,0,1,0,0,1,0,44.81666666666667,-0.6166666666666671,0.0,0.483301948426271,Medium Value,1723.8000000000002,1,Churned
87547-PUN,Male,74,No,Punjab,7,22,Deal 5,Yes,Yes,Yes,Fiber Optic,No,Yes,No,No,Yes,No,No,Yes,Month-to-Month,Yes,Bank Withdrawal,90.6,90.6,0.0,0,13.02,103.62,Churned,Other,Don't know,1,Elder,13-24 Months,Growing,4.71,13.02,103.62,0.8743485813549506,1.1437086092715234,High,1,5,1,1,1,1,0,1,0,0,1,0,4.118181818181818,86.48181818181817,0.0,0.1256514186450492,Low Value,6704.4,1,Churned
78333-HAR,Female,76,No,Haryana,11,11,NO DEAL,No,No,Yes,DSL,No,No,Yes,No,No,Yes,No,No,Month-to-Month,Yes,Bank Withdrawal,39.65,39.65,0.0,20,0.0,59.65,Churned,Competitor,Competitor offered more data,1,Elder,7-12 Months,Growing,5.422727272727273,20.0,59.65,0.6647108130762783,1.5044136191677175,High,1,2,1,1,0,0,0,1,0,0,1,0,3.6045454545454554,36.04545454545455,0.0,0.3352891869237217,Low Value,3013.4,1,Churned
26445-JAM,Female,49,No,Jammu & Kashmir,4,20,NO DEAL,Yes,Yes,Yes,Fiber Optic,No,Yes,No,No,Yes,No,No,Yes,Month-to-Month,Yes,Bank Withdrawal,90.1,521.3,0.0,0,6.9,528.2,Churned,Competitor,Competitor made better offer,1,Senior,13-24 Months,Growing,26.410000000000004,6.9,528.2,0.1705793260128739,5.86237513873474,Medium,1,5,1,1,1,1,0,1,0,0,1,0,26.065,64.035,0.0,0.0130632336236274,Low Value,4414.9,1,Churned
14850-PUN,Female,37,No,Punjab,7,15,NO DEAL,Yes,Yes,Yes,Fiber Optic,No,No,No,Yes,Yes,Yes,Yes,Yes,Month-to-Month,Yes,Bank Withdrawal,99.85,1776.95,0.0,0,656.82,2433.77,Churned,Dissatisfaction,Product dissatisfaction,1,Middle Age,13-24 Months,Growing,162.25133333333332,656.82,2433.77,0.0410268842166679,24.374261392088133,High,1,7,3,1,1,1,0,1,0,0,1,0,118.46333333333334,-18.613333333333344,0.0,0.2698775973078804,High Value,3694.45,1,Churned
91869-KAR,Male,47,Yes,Karnataka,5,21,NO DEAL,Yes,Yes,No,No Type,No,No,No,No,No,No,No,No,Month-to-Month,No,Credit Card,23.15,245.2,0.0,0,340.01,585.21,Churned,Competitor,Competitor made better offer,1,Senior,13-24 Months,Growing,27.86714285714286,340.01,585.21,0.0395584491037405,25.27904967602592,Medium,1,2,0,0,1,1,0,0,0,0,0,0,11.676190476190476,11.473809523809525,0.0,0.5810051092770117,Low Value,1088.05,1,Churned
28033-ASS,Female,51,Yes,Assam,5,20,NO DEAL,Yes,Yes,Yes,Fiber Optic,No,No,No,No,Yes,No,No,Yes,Month-to-Month,Yes,Bank Withdrawal,84.05,966.55,0.0,0,214.2,1180.75,Stayed,Others,Others,0,Senior,13-24 Months,Growing,59.0375,214.2,1180.75,0.0711835697649798,14.04818560380726,Medium,1,4,1,0,1,1,0,1,0,0,1,0,48.3275,35.7225,0.0,0.1814101206860046,Medium Value,4286.55,1,Churned
35990-GUJ,Female,62,Yes,Gujarat,9,25,Deal 4,Yes,No,Yes,Cable,No,Yes,Yes,Yes,No,No,No,No,Month-to-Month,Yes,Credit Card,83.8,1029.75,44.58,80,343.56,1408.73,Churned,Competitor,Competitor had better devices,1,Elder,25-48 Months,Established,56.3492,423.56,1364.15,0.0594862038857694,16.810620525059665,High,1,4,0,3,1,0,0,1,0,0,1,0,41.19,42.61,0.043292061179898,0.3006679775400538,Medium Value,5195.599999999999,1,Churned
89154-RAJ,Female,47,No,Rajasthan,5,3,Deal 5,Yes,No,Yes,Cable,No,Yes,No,No,No,No,No,Yes,Month-to-Month,No,Credit Card,49.2,103.7,0.0,0,58.56,162.26,Joined,Others,Others,0,Senior,0-6 Months,New,54.086666666666666,58.56,162.26,0.3032170590410453,3.297967479674796,Medium,1,3,0,1,1,0,0,1,0,0,0,0,34.56666666666667,14.633333333333333,0.0,0.3609022556390978,Low Value,2312.4,1,Churned
29100-MAH,Male,28,Yes,Maharashtra,11,9,Deal 5,Yes,No,Yes,DSL,No,No,No,No,Yes,No,Yes,Yes,Month-to-Month,No,Credit Card,55.15,159.15,0.0,0,68.31,227.46,Churned,Dissatisfaction,Network reliability,1,Young Adult,7-12 Months,Growing,25.273333333333333,68.31,227.46,0.2424602127846654,4.12438803263826,High,1,4,2,0,1,0,0,1,0,0,0,0,17.683333333333334,37.46666666666667,0.0,0.3003165391717225,Low Value,1544.2,1,Churned
17893-TAM,Male,67,No,Tamil Nadu,13,16,NO DEAL,Yes,Yes,Yes,Fiber Optic,No,No,Yes,No,No,No,No,Yes,Month-to-Month,Yes,Bank Withdrawal,81.25,585.95,0.0,0,40.16,626.11,Churned,Price,Price too high,1,Elder,13-24 Months,Growing,39.131875,40.16,626.11,0.1297695293159348,7.705969230769231,High,1,4,0,1,1,1,0,1,0,0,1,0,36.621875,44.628125,0.0,0.0641420836594208,Medium Value,5443.75,1,Churned
28195-UTT,Male,38,No,Uttar Pradesh,13,24,NO DEAL,Yes,Yes,Yes,Fiber Optic,No,No,No,No,No,No,No,Yes,Month-to-Month,Yes,Bank Withdrawal,75.1,75.1,0.0,0,5.94,81.04,Churned,Dissatisfaction,Lack of self-service on Website,1,Middle Age,13-24 Months,Growing,3.376666666666667,5.94,81.04,0.9267028627838104,1.0790945406125168,High,1,3,0,0,1,1,0,1,0,0,1,0,3.1291666666666664,71.97083333333333,0.0,0.0732971372161895,Low Value,2853.8,1,Churned
11965-BIH,Female,38,Yes,Bihar,4,21,Deal 3,Yes,Yes,Yes,Fiber Optic,Yes,No,No,No,Yes,Yes,Yes,No,Month-to-Month,Yes,Credit Card,-8.0,3204.65,35.82,110,1074.24,4353.07,Churned,Competitor,Competitor made better offer,1,Middle Age,13-24 Months,Growing,207.2890476190476,1184.24,4317.25,-0.0018377834493817,-544.13375,Medium,1,6,3,1,1,1,0,1,1,0,1,0,152.60238095238097,-160.60238095238097,0.0111775076841464,0.2720470840119732,High Value,-304.0,1,Churned
54463-JAM,Male,52,No,Jammu & Kashmir,6,7,NO DEAL,Yes,No,Yes,Fiber Optic,No,No,No,No,Yes,No,No,Yes,Month-to-Month,Yes,Mailed Check,80.05,80.05,0.0,0,39.79,119.84,Churned,Competitor,Competitor made better offer,1,Senior,7-12 Months,Growing,17.12,39.79,119.84,0.6679739652870493,1.497064334790756,High,1,3,1,0,1,0,0,1,0,0,1,0,11.435714285714283,68.61428571428571,0.0,0.3320260347129505,Low Value,4162.599999999999,1,Churned
77099-KAR,Female,19,No,Karnataka,11,1,Deal 5,Yes,No,Yes,Cable,No,Yes,Yes,No,No,No,Yes,Yes,Month-to-Month,Yes,Mailed Check,56.15,168.15,0.0,0,87.87,256.02,Churned,Competitor,Competitor had better devices,1,Young Adult,0-6 Months,New,256.02,87.87,256.02,0.2193188032184985,4.559572573463936,High,1,5,1,2,1,0,0,1,0,0,1,0,168.15,-112.0,0.0,0.343215373798922,Low Value,1066.85,1,Churned
88869-JAM,Male,29,No,Jammu & Kashmir,9,5,Deal 5,Yes,No,Yes,Cable,No,No,No,No,No,No,No,Yes,Month-to-Month,Yes,Bank Withdrawal,70.7,141.45,0.0,0,19.52,160.97,Churned,Competitor,Competitor made better offer,1,Young Adult,0-6 Months,New,32.194,19.52,160.97,0.4392122755793005,2.2768033946251767,High,1,2,0,0,1,0,0,1,0,0,1,0,28.29,42.41,0.0,0.1212648319562651,Low Value,2050.3,1,Churned
72185-DEL,Female,40,No,Delhi,1,3,NO DEAL,Yes,No,Yes,Fiber Optic,Yes,No,No,No,Yes,No,No,Yes,Month-to-Month,No,Bank Withdrawal,84.95,668.4,0.0,0,258.48,926.88,Churned,Other,Moved,1,Middle Age,0-6 Months,New,308.96,258.48,926.88,0.0916515622302779,10.910888758092996,Low,1,4,1,1,1,0,0,1,1,0,0,0,222.8,-137.84999999999997,0.0,0.2788710512687726,Medium Value,3398.0,1,Churned
29093-PUN,Female,58,No,Punjab,15,5,Deal 4,Yes,No,Yes,Fiber Optic,No,No,Yes,No,Yes,Yes,Yes,Yes,Month-to-Month,Yes,Mailed Check,96.65,1162.85,0.0,0,592.8,1755.65,Churned,Competitor,Competitor had better devices,1,Senior,0-6 Months,New,351.13,592.8,1755.65,0.0550508358727536,18.165028453181584,High,1,6,3,1,1,0,0,1,0,0,1,0,232.57,-135.92,0.0,0.337652721214365,Medium Value,5605.700000000001,1,Churned
87132-UTT,Female,55,Yes,Uttar Pradesh,11,9,NO DEAL,Yes,Yes,Yes,Fiber Optic,Yes,Yes,No,No,Yes,Yes,Yes,Yes,One Year,No,Bank Withdrawal,106.55,5763.3,0.0,0,476.82,6240.12,Churned,Dissatisfaction,Product dissatisfaction,1,Senior,7-12 Months,Growing,693.3466666666667,476.82,6240.12,0.0170749921475869,58.56518066635383,High,1,8,3,2,1,1,1,1,1,0,0,0,640.3666666666667,-533.8166666666667,0.0,0.0764119920770754,Very High Value,5860.25,1,Churned
21710-JAM,Male,58,Yes,Jammu & Kashmir,12,26,NO DEAL,Yes,Yes,Yes,Fiber Optic,No,No,No,No,No,Yes,Yes,Yes,Month-to-Month,No,Bank Withdrawal,86.45,830.85,0.0,0,176.5,1007.35,Churned,Competitor,Competitor made better offer,1,Senior,25-48 Months,Established,38.74423076923077,176.5,1007.35,0.0858192286692807,11.6524002313476,High,1,5,2,0,1,1,0,1,0,0,0,0,31.95576923076923,54.49423076923077,0.0,0.1752121904005559,Medium Value,5014.1,1,Churned
93519-MAD,Female,36,Yes,Madhya Pradesh,3,5,Deal 3,Yes,Yes,Yes,Fiber Optic,No,Yes,Yes,No,Yes,Yes,Yes,No,Month-to-Month,Yes,Bank Withdrawal,105.7,2979.5,0.0,80,853.44,3912.94,Churned,Dissatisfaction,Service dissatisfaction,1,Middle Age,0-6 Months,New,782.588,933.44,3912.94,0.0270129365643224,37.01929990539262,Medium,1,7,3,2,1,1,0,1,0,0,1,0,595.9,-490.2,0.0,0.2385520861551672,High Value,3805.2,1,Churned
96905-JHA,Female,56,No,Jharkhand,8,25,NO DEAL,Yes,No,Yes,DSL,Yes,No,Yes,Yes,No,No,No,Yes,One Year,Yes,Credit Card,60.35,2896.4,0.0,0,1627.68,4524.08,Churned,Dissatisfaction,Poor expertise of phone support,1,Senior,25-48 Months,Established,180.9632,1627.68,4524.08,0.0133397287404289,74.96404308202153,High,1,5,0,3,1,0,1,1,1,0,1,0,115.856,-55.50600000000001,0.0,0.3597814362257078,High Value,3379.6,1,Churned
11114-PUN,Male,51,No,Punjab,5,9,Deal 5,Yes,No,Yes,DSL,No,No,Yes,No,No,No,No,No,Month-to-Month,Yes,Bank Withdrawal,49.15,169.05,0.0,10,122.37,301.42,Churned,Competitor,Competitor had better devices,1,Senior,7-12 Months,Growing,33.49111111111111,132.37,301.42,0.1630615088580717,6.13265513733469,Medium,1,2,0,1,1,0,0,1,0,0,1,0,18.78333333333333,30.366666666666664,0.0,0.4391546679052485,Low Value,2506.65,1,Churned
24514-HAR,Female,70,Yes,Haryana,3,18,NO DEAL,Yes,Yes,Yes,Fiber Optic,No,No,Yes,No,Yes,Yes,Yes,Yes,Month-to-Month,Yes,Bank Withdrawal,101.95,700.85,0.0,0,242.62,943.47,Churned,Other,Don't know,1,Elder,13-24 Months,Growing,52.415,242.62,943.47,0.1080585498214039,9.254242275625309,Medium,1,7,3,1,1,1,0,1,0,0,1,0,38.93611111111111,63.01388888888889,0.0,0.2571570903155373,Medium Value,7136.5,1,Churned
77678-JHA,Female,41,Yes,Jharkhand,1,29,NO DEAL,Yes,No,Yes,DSL,Yes,No,No,No,No,No,No,Yes,Month-to-Month,No,Bank Withdrawal,49.55,49.55,0.0,0,10.83,60.38,Joined,Others,Others,0,Middle Age,25-48 Months,Established,2.0820689655172413,10.83,60.38,0.8206359721762172,1.218567103935419,Low,1,3,0,1,1,0,0,1,1,0,0,0,1.7086206896551723,47.84137931034483,0.0,0.1793640278237827,Low Value,2031.55,1,Churned
78021-UTT,Female,45,Yes,Uttar Pradesh,12,35,Deal 5,Yes,Yes,No,No Type,No,No,No,No,No,No,No,No,Month-to-Month,Yes,Credit Card,25.0,25.0,0.0,0,3.39,28.39,Joined,Others,Others,0,Middle Age,25-48 Months,Established,0.8111428571428572,3.39,28.39,0.8805917576611483,1.1356,High,1,2,0,0,1,1,0,0,0,0,1,0,0.7142857142857143,24.285714285714285,0.0,0.1194082423388517,Low Value,1125.0,1,Churned
61190-JAM,Female,43,Yes,Jammu & Kashmir,1,2,NO DEAL,No,No,Yes,DSL,No,Yes,No,No,No,No,No,Yes,Month-to-Month,No,Mailed Check,29.2,309.1,0.0,0,0.0,309.1,Churned,Competitor,Competitor made better offer,1,Middle Age,0-6 Months,New,154.55,0.0,309.1,0.0944678097703008,10.585616438356166,Low,1,2,0,1,0,0,0,1,0,0,0,0,154.55,-125.35,0.0,0.0,Low Value,1255.6,1,Churned
29371-WES,Female,23,No,West Bengal,14,9,Deal 5,Yes,No,Yes,DSL,No,No,No,No,No,Yes,Yes,Yes,Month-to-Month,Yes,Bank Withdrawal,55.3,108.65,0.0,0,87.86,196.51,Joined,Others,Others,0,Young Adult,7-12 Months,Growing,21.834444444444443,87.86,196.51,0.2814106152358658,3.5535262206148284,High,1,4,2,0,1,0,0,1,0,0,1,0,12.072222222222225,43.227777777777774,0.0,0.4471019286550303,Low Value,1271.9,1,Churned
95040-TAM,Male,66,No,Tamil Nadu,7,18,NO DEAL,Yes,Yes,Yes,Fiber Optic,No,Yes,Yes,No,Yes,No,No,No,Month-to-Month,No,Bank Withdrawal,93.8,3019.5,0.0,50,65.72,3135.22,Churned,Other,Don't know,1,Elder,13-24 Months,Growing,174.17888888888888,115.72,3135.22,0.0299181556637173,33.42452025586354,High,1,5,1,2,1,1,0,1,0,0,0,0,167.75,-73.95,0.0,0.0369096905480317,High Value,6190.8,1,Churned
21712-MAD,Male,76,No,Madhya Pradesh,3,34,NO DEAL,No,No,Yes,Cable,No,Yes,No,No,No,No,No,Yes,Month-to-Month,Yes,Bank Withdrawal,30.35,1359.7,0.0,0,0.0,1359.7,Churned,Competitor,Competitor had better devices,1,Elder,25-48 Months,Established,39.99117647058824,0.0,1359.7,0.0223211002427005,44.80065897858319,Medium,1,2,0,1,0,0,0,1,0,0,1,0,39.99117647058824,-9.641176470588237,0.0,0.0,Medium Value,2306.6,1,Churned
74656-ASS,Female,74,No,Assam,11,24,NO DEAL,Yes,Yes,Yes,Fiber Optic,No,Yes,No,No,No,Yes,No,Yes,Month-to-Month,Yes,Bank Withdrawal,-1.0,2187.55,23.33,0,909.0,3073.22,Churned,Dissatisfaction,Poor expertise of online support,1,Elder,13-24 Months,Growing,128.05083333333332,909.0,3049.89,-0.0003253916088011,-3073.22,High,1,5,1,1,1,1,0,1,0,0,1,0,91.14791666666667,-92.14791666666667,0.0106648990880208,0.2957809724002838,High Value,-74.0,1,Churned
74542-BIH,Female,42,No,Bihar,4,7,NO DEAL,Yes,Yes,Yes,Fiber Optic,No,No,No,No,No,Yes,Yes,Yes,Month-to-Month,Yes,Bank Withdrawal,83.3,803.3,0.0,0,267.3,1070.6,Churned,Attitude,Attitude of support person,1,Middle Age,7-12 Months,Growing,152.94285714285712,267.3,1070.6,0.0778068372875023,12.85234093637455,Medium,1,5,2,0,1,1,0,1,0,0,1,0,114.75714285714284,-31.457142857142856,0.0,0.2496730805155987,Medium Value,3498.6,1,Churned
83102-BIH,Female,45,Yes,Bihar,9,31,NO DEAL,Yes,No,Yes,Fiber Optic,Yes,No,No,No,No,Yes,Yes,Yes,Month-to-Month,Yes,Credit Card,84.6,84.6,0.0,0,26.85,111.45,Churned,Dissatisfaction,Poor expertise of phone support,1,Middle Age,25-48 Months,Established,3.5951612903225807,26.85,111.45,0.7590847913862718,1.3173758865248228,High,1,5,2,1,1,0,0,1,1,0,1,0,2.729032258064516,81.87096774193547,0.0,0.2409152086137281,Low Value,3807.0,1,Churned
54563-WES,Female,38,Yes,West Bengal,2,14,Deal 2,Yes,Yes,Yes,Fiber Optic,No,Yes,Yes,No,Yes,Yes,Yes,No,Month-to-Month,Yes,Bank Withdrawal,106.4,5127.95,0.0,0,1690.59,6818.54,Churned,Competitor,Competitor had better devices,1,Middle Age,13-24 Months,Growing,487.0385714285714,1690.59,6818.54,0.0156045135762201,64.08402255639098,Low,1,7,3,2,1,1,0,1,0,0,1,0,366.2821428571429,-259.88214285714287,0.0,0.2479401748761465,Very High Value,4043.2,1,Churned
79433-KAR,Female,51,No,Karnataka,13,23,Deal 5,Yes,No,Yes,Fiber Optic,No,No,No,No,Yes,No,No,Yes,Month-to-Month,Yes,Mailed Check,79.65,152.7,0.0,0,58.08,210.78,Churned,Price,Lack of affordable download/upload speed,1,Senior,13-24 Months,Growing,9.164347826086956,58.08,210.78,0.3778821520068318,2.646327683615819,High,1,3,1,0,1,0,0,1,0,0,1,0,6.639130434782608,73.0108695652174,0.0,0.2755479647025334,Low Value,4062.15,1,Churned
39778-BIH,Female,39,No,Bihar,10,11,Deal 5,Yes,No,Yes,Fiber Optic,No,No,No,No,No,Yes,Yes,Yes,Month-to-Month,No,Bank Withdrawal,78.65,78.65,0.0,0,46.09,124.74,Churned,Competitor,Competitor had better devices,1,Middle Age,7-12 Months,Growing,11.34,46.09,124.74,0.6305114638447973,1.586013986013986,High,1,4,2,0,1,0,0,1,0,0,0,0,7.15,71.5,0.0,0.3694885361552029,Low Value,3067.3500000000004,1,Churned
94258-ASS,Female,27,No,Assam,5,33,Deal 2,Yes,Yes,Yes,Fiber Optic,Yes,Yes,No,No,Yes,No,Yes,Yes,One Year,Yes,Bank Withdrawal,94.8,4837.6,0.0,0,2283.27,7120.87,Churned,Competitor,Competitor made better offer,1,Young Adult,25-48 Months,Established,215.7839393939394,2283.27,7120.87,0.0133129800150824,75.11466244725739,Medium,1,7,2,2,1,1,1,1,1,0,1,0,146.5939393939394,-51.7939393939394,0.0,0.3206448088506039,Very High Value,2559.6,1,Churned
78104-TAM,Female,44,Yes,Tamil Nadu,1,20,Deal 3,Yes,Yes,Yes,Fiber Optic,No,No,Yes,No,Yes,Yes,Yes,Yes,Month-to-Month,Yes,Credit Card,98.6,2933.2,0.0,0,804.75,3737.95,Churned,Competitor,Competitor had better devices,1,Middle Age,13-24 Months,Growing,186.8975,804.75,3737.95,0.0263780949450902,37.91024340770791,Low,1,7,3,1,1,1,0,1,0,0,1,0,146.66,-48.06,0.0,0.215291804331251,High Value,4338.4,1,Churned
28782-PUN,Male,58,Yes,Punjab,8,7,Deal 5,Yes,No,Yes,DSL,No,No,No,No,No,No,No,Yes,Month-to-Month,Yes,Mailed Check,44.95,44.95,0.0,0,13.63,58.58,Joined,Others,Others,0,Senior,7-12 Months,Growing,8.368571428571428,13.63,58.58,0.7673267326732673,1.303225806451613,High,1,2,0,0,1,0,0,1,0,0,1,0,6.421428571428572,38.52857142857143,0.0,0.2326732673267326,Low Value,2607.1000000000004,1,Churned
49265-BIH,Female,18,Yes,Bihar,4,4,Deal 5,Yes,No,Yes,Cable,Yes,No,Yes,No,No,No,Yes,Yes,Month-to-Month,No,Credit Card,55.9,157.55,0.0,0,99.84,257.39,Joined,Others,Others,0,Teen,0-6 Months,New,64.3475,99.84,257.39,0.217180154629162,4.604472271914132,Medium,1,5,1,2,1,0,0,1,1,0,0,0,39.3875,16.512499999999996,0.0,0.3878938575702242,Low Value,1006.2,1,Churned
39161-JAM,Female,72,No,Jammu & Kashmir,5,9,Deal 5,Yes,Yes,Yes,Fiber Optic,No,No,No,No,No,Yes,No,Yes,Month-to-Month,Yes,Bank Withdrawal,84.55,646.85,0.0,0,150.01,796.86,Churned,Competitor,Competitor made better offer,1,Elder,7-12 Months,Growing,88.54,150.01,796.86,0.1061039580352885,9.424719101123596,Medium,1,4,1,0,1,1,0,1,0,0,1,0,71.87222222222222,12.677777777777775,0.0,0.1882513866927691,Medium Value,6087.599999999999,1,Churned
84770-UTT,Female,38,Yes,Uttar Pradesh,2,21,NO DEAL,Yes,No,No,No Type,No,No,No,No,No,No,No,No,Month-to-Month,No,Mailed Check,20.15,20.15,0.0,0,27.59,47.74,Joined,Others,Others,0,Middle Age,13-24 Months,Growing,2.273333333333333,27.59,47.74,0.422077922077922,2.3692307692307697,Low,1,1,0,0,1,0,0,0,0,0,0,0,0.9595238095238094,19.19047619047619,0.0,0.577922077922078,Low Value,765.6999999999999,1,Churned
61811-KER,Female,35,Yes,Kerala,7,31,NO DEAL,Yes,No,Yes,DSL,No,Yes,No,Yes,No,No,No,Yes,Month-to-Month,No,Credit Card,56.5,235.1,0.0,0,170.84,405.94,Churned,Dissatisfaction,Lack of self-service on Website,1,Middle Age,25-48 Months,Established,13.09483870967742,170.84,405.94,0.1391831305118983,7.1847787610619465,High,1,4,0,2,1,0,0,1,0,0,0,0,7.583870967741936,48.91612903225806,0.0,0.4208503719761541,Low Value,1977.5,1,Churned
26030-BIH,Female,81,No,Bihar,9,21,Deal 3,Yes,Yes,Yes,Fiber Optic,No,Yes,No,No,No,No,No,Yes,Month-to-Month,Yes,Credit Card,79.6,2718.3,0.0,0,878.56,3596.86,Churned,Dissatisfaction,Product dissatisfaction,1,Elder,13-24 Months,Growing,171.27904761904762,878.56,3596.86,0.0221304137497706,45.18668341708543,High,1,4,0,1,1,1,0,1,0,0,1,0,129.44285714285715,-49.84285714285716,0.0,0.2442574912562624,High Value,6447.599999999999,1,Churned
81169-TEL,Female,62,Yes,Telangana,4,2,NO DEAL,Yes,No,No,No Type,No,No,No,No,No,No,No,No,Month-to-Month,No,Bank Withdrawal,18.85,18.85,0.0,0,7.8,26.65,Joined,Others,Others,0,Elder,0-6 Months,New,13.325,7.8,26.65,0.7073170731707318,1.4137931034482756,Medium,1,1,0,0,1,0,0,0,0,0,0,0,9.425,9.425,0.0,0.2926829268292683,Low Value,1168.7,1,Churned
76820-ASS,Male,43,No,Assam,12,18,Deal 5,No,No,Yes,DSL,No,No,Yes,No,Yes,Yes,Yes,Yes,Month-to-Month,Yes,Bank Withdrawal,50.35,50.35,0.0,0,0.0,50.35,Churned,Competitor,Competitor offered more data,1,Middle Age,13-24 Months,Growing,2.7972222222222225,0.0,50.35,1.0,1.0,High,1,5,3,1,0,0,0,1,0,0,1,0,2.7972222222222225,47.55277777777778,0.0,0.0,Low Value,2165.05,1,Churned
14158-MAH,Male,60,No,Maharashtra,9,33,NO DEAL,No,No,Yes,DSL,No,No,No,No,No,No,No,Yes,Month-to-Month,No,Bank Withdrawal,25.25,58.9,0.0,0,0.0,58.9,Churned,Competitor,Competitor had better devices,1,Senior,25-48 Months,Established,1.784848484848485,0.0,58.9,0.4286926994906621,2.3326732673267325,High,1,1,0,0,0,0,0,1,0,0,0,0,1.784848484848485,23.465151515151515,0.0,0.0,Low Value,1515.0,1,Churned
28719-BIH,Female,69,Yes,Bihar,4,35,NO DEAL,Yes,No,Yes,Fiber Optic,No,No,No,No,Yes,Yes,No,Yes,Month-to-Month,No,Bank Withdrawal,89.7,1047.7,0.0,0,43.56,1091.26,Churned,Attitude,Attitude of support person,1,Elder,25-48 Months,Established,31.178857142857144,43.56,1091.26,0.0821985594633726,12.16566332218506,Medium,1,4,2,0,1,0,0,1,0,0,0,0,29.934285714285718,59.76571428571429,0.0,0.0399171599802063,Medium Value,6189.3,1,Churned
58127-KER,Female,63,Yes,Kerala,14,2,NO DEAL,Yes,No,Yes,Fiber Optic,No,No,No,No,Yes,No,No,No,Month-to-Month,No,Bank Withdrawal,79.55,79.55,0.0,10,32.13,121.68,Churned,Competitor,Competitor made better offer,1,Elder,0-6 Months,New,60.84,42.13,121.68,0.6537639710716633,1.529604022627279,High,1,2,1,0,1,0,0,1,0,0,0,0,39.775,39.775,0.0,0.3462360289283366,Low Value,5011.65,1,Churned
34402-MAD,Female,44,No,Madhya Pradesh,5,36,Deal 5,Yes,Yes,Yes,Fiber Optic,No,No,No,No,Yes,Yes,Yes,Yes,Month-to-Month,Yes,Bank Withdrawal,93.55,536.4,0.0,0,262.8,799.2,Churned,Other,Moved,1,Middle Age,25-48 Months,Established,22.200000000000003,262.8,799.2,0.1170545545545545,8.543025120256548,Medium,1,6,3,0,1,1,0,1,0,0,1,0,14.9,78.65,0.0,0.3288288288288288,Medium Value,4116.2,1,Churned
86986-BIH,Male,77,Yes,Bihar,5,31,NO DEAL,Yes,No,Yes,DSL,No,No,Yes,No,No,No,No,Yes,Month-to-Month,No,Bank Withdrawal,50.35,237.25,0.0,0,93.45,330.7,Churned,Dissatisfaction,Product dissatisfaction,1,Elder,25-48 Months,Established,10.667741935483871,93.45,330.7,0.1522527970970668,6.568023833167825,Medium,1,3,0,1,1,0,0,1,0,0,0,0,7.653225806451613,42.69677419354839,0.0,0.2825824009676444,Low Value,3876.95,1,Churned
83094-KER,Female,52,No,Kerala,8,2,NO DEAL,Yes,Yes,Yes,DSL,No,No,No,Yes,Yes,Yes,Yes,Yes,One Year,No,Credit Card,74.05,872.65,48.61,0,510.96,1335.0,Churned,Other,Don't know,1,Senior,0-6 Months,New,667.5,510.96,1286.39,0.0554681647940074,18.028359216745443,High,1,7,3,1,1,1,1,1,0,0,0,0,436.325,-362.275,0.0557038904486334,0.3827415730337078,Medium Value,3850.6,1,Churned
71050-PUN,Female,29,Yes,Punjab,0,11,NO DEAL,No,No,Yes,Cable,Yes,Yes,No,Yes,Yes,No,No,Yes,Month-to-Month,Yes,Credit Card,48.95,1880.85,0.0,0,0.0,1880.85,Churned,Price,Price too high,1,Young Adult,7-12 Months,Growing,170.98636363636362,0.0,1880.85,0.0260254672089746,38.42390194075587,No Referral,0,5,1,3,0,0,0,1,1,0,1,0,170.98636363636362,-122.03636363636362,0.0,0.0,Medium Value,1419.5500000000002,1,Churned
65580-UTT,Male,54,No,Uttar Pradesh,6,2,NO DEAL,Yes,No,No,No Type,No,No,No,No,No,No,No,No,Month-to-Month,Yes,Credit Card,19.1,53.05,0.0,0,48.96,102.01,Joined,Others,Others,0,Senior,0-6 Months,New,51.005,48.96,102.01,0.1872365454367218,5.340837696335078,High,1,1,0,0,1,0,0,0,0,0,1,0,26.525,-7.424999999999997,0.0,0.4799529457896284,Low Value,1031.4,1,Churned
31072-ASS,Female,49,No,Assam,10,33,NO DEAL,Yes,No,Yes,Cable,No,No,No,Yes,Yes,Yes,Yes,Yes,Month-to-Month,Yes,Bank Withdrawal,69.35,191.35,0.0,0,106.92,298.27,Churned,Other,Don't know,1,Senior,25-48 Months,Established,9.038484848484847,106.92,298.27,0.2325074596841787,4.300937274693584,High,1,6,3,1,1,0,0,1,0,0,1,0,5.798484848484848,63.55151515151515,0.0,0.3584671606262782,Low Value,3398.15,1,Churned
72137-JAM,Male,23,Yes,Jammu & Kashmir,1,9,NO DEAL,Yes,Yes,Yes,Fiber Optic,No,No,Yes,No,No,Yes,Yes,Yes,Month-to-Month,Yes,Credit Card,90.7,1597.25,0.0,0,514.62,2111.87,Churned,Competitor,Competitor made better offer,1,Young Adult,7-12 Months,Growing,234.6522222222222,514.62,2111.87,0.0429477193198445,23.28412348401323,Low,1,6,2,1,1,1,0,1,0,0,1,0,177.47222222222223,-86.77222222222223,0.0,0.2436797719556601,High Value,2086.1,1,Churned
25151-JAM,Female,67,No,Jammu & Kashmir,9,27,NO DEAL,No,No,Yes,Cable,Yes,No,No,No,No,No,No,No,Month-to-Month,No,Credit Card,30.75,805.1,0.0,140,0.0,945.1,Churned,Competitor,Competitor made better offer,1,Elder,25-48 Months,Established,35.00370370370371,140.0,945.1,0.0325362395513702,30.734959349593492,High,1,1,0,1,0,0,0,1,1,0,0,0,29.81851851851852,0.9314814814814802,0.0,0.1481324727542059,Medium Value,2060.25,1,Churned
62802-TEL,Female,52,Yes,Telangana,0,33,Deal 5,Yes,Yes,Yes,Fiber Optic,No,No,No,No,Yes,Yes,Yes,Yes,Month-to-Month,Yes,Bank Withdrawal,96.6,291.9,0.0,0,29.85,321.75,Churned,Price,Price too high,1,Senior,25-48 Months,Established,9.75,29.85,321.75,0.3002331002331002,3.330745341614907,No Referral,0,6,3,0,1,1,0,1,0,0,1,0,8.845454545454544,87.75454545454545,0.0,0.0927738927738927,Low Value,5023.2,1,Churned
45987-MAH,Female,68,Yes,Maharashtra,12,8,NO DEAL,Yes,Yes,Yes,Cable,No,No,No,No,No,No,No,Yes,Month-to-Month,No,Credit Card,50.55,50.55,0.0,0,22.56,73.11,Churned,Dissatisfaction,Product dissatisfaction,1,Elder,7-12 Months,Growing,9.13875,22.56,73.11,0.6914238818219122,1.4462908011869438,High,1,3,0,0,1,1,0,1,0,0,0,0,6.31875,44.23125,0.0,0.3085761181780878,Low Value,3437.4,1,Churned
12345-TEL,Female,71,Yes,Telangana,9,34,NO DEAL,Yes,Yes,Yes,Cable,No,No,No,No,Yes,Yes,Yes,Yes,Month-to-Month,Yes,Bank Withdrawal,95.25,1233.65,48.09,0,412.1,1597.66,Churned,Competitor,Competitor had better devices,1,Elder,25-48 Months,Established,46.99,412.1,1549.5700000000002,0.0596184419713831,16.773333333333333,High,1,6,3,0,1,1,0,1,0,0,1,0,36.28382352941177,58.96617647058823,0.0389818830300328,0.2579397368651653,Medium Value,6762.75,1,Churned
65528-UTT,Male,24,Yes,Uttar Pradesh,14,5,NO DEAL,Yes,No,No,No Type,No,No,No,No,No,No,No,No,Month-to-Month,Yes,Credit Card,19.4,1182.55,0.0,0,2822.47,4005.02,Churned,Price,Long distance charges,1,Young Adult,0-6 Months,New,801.004,2822.47,4005.02,0.0048439208792964,206.4443298969072,High,1,1,0,0,1,0,0,0,0,0,1,0,236.51,-217.11,0.0,0.7047330600096878,High Value,465.6,1,Churned
35279-BIH,Male,57,Yes,Bihar,0,19,NO DEAL,Yes,Yes,Yes,Fiber Optic,No,Yes,Yes,Yes,Yes,Yes,Yes,No,Month-to-Month,No,Bank Withdrawal,111.1,6014.85,0.0,50,2523.96,8588.81,Churned,Dissatisfaction,Product dissatisfaction,1,Senior,13-24 Months,Growing,452.04263157894735,2573.96,8588.81,0.0129354357588536,77.3070207020702,No Referral,0,8,3,3,1,1,0,1,0,0,0,0,316.571052631579,-205.471052631579,0.0,0.2996876167944104,Very High Value,6332.7,1,Churned
24315-KER,Male,67,Yes,Kerala,7,6,NO DEAL,Yes,Yes,Yes,Fiber Optic,No,Yes,Yes,No,Yes,Yes,No,Yes,Month-to-Month,Yes,Bank Withdrawal,105.3,7299.65,0.0,0,3207.56,10507.21,Churned,Competitor,Competitor offered more data,1,Elder,0-6 Months,New,1751.2016666666666,3207.56,10507.21,0.0100216898681952,99.78357075023742,High,1,7,2,2,1,1,0,1,0,0,1,0,1216.6083333333331,-1111.3083333333334,0.0,0.305272284459909,Very High Value,7055.099999999999,1,Churned
79166-JAM,Female,63,No,Jammu & Kashmir,14,33,Deal 5,Yes,No,Yes,Fiber Optic,No,No,No,No,Yes,No,No,No,Month-to-Month,Yes,Credit Card,81.0,389.6,0.0,10,101.0,500.6,Churned,Competitor,Competitor made better offer,1,Elder,25-48 Months,Established,15.16969696969697,111.0,500.6,0.1618058330003995,6.180246913580247,High,1,2,1,0,1,0,0,1,0,0,1,0,11.806060606060608,69.19393939393939,0.0,0.2217339192968437,Low Value,5103.0,1,Churned
17371-TAM,Female,55,Yes,Tamil Nadu,10,6,Deal 2,Yes,Yes,Yes,Fiber Optic,Yes,Yes,No,Yes,Yes,Yes,Yes,Yes,One Year,No,Bank Withdrawal,108.55,5610.7,0.0,0,1471.5,7082.2,Churned,Other,Moved,1,Senior,0-6 Months,New,1180.3666666666666,1471.5,7082.2,0.0153271582276693,65.2436665131276,High,1,9,3,3,1,1,1,1,1,0,0,0,935.1166666666668,-826.5666666666667,0.0,0.2077744203778486,Very High Value,5970.25,1,Churned
89804-MAH,Male,34,No,Maharashtra,4,31,Deal 5,Yes,No,No,No Type,No,No,No,No,No,No,No,No,Month-to-Month,No,Credit Card,19.4,50.6,0.0,0,30.32,80.92,Joined,Others,Others,0,Middle Age,25-48 Months,Established,2.6103225806451613,30.32,80.92,0.2397429560059317,4.171134020618557,Medium,1,1,0,0,1,0,0,0,0,0,0,0,1.632258064516129,17.76774193548387,0.0,0.3746910528917449,Low Value,659.5999999999999,1,Churned
18312-RAJ,Female,33,No,Rajasthan,1,14,NO DEAL,Yes,Yes,Yes,Fiber Optic,No,No,No,No,No,Yes,Yes,Yes,Month-to-Month,Yes,Bank Withdrawal,85.45,1451.6,0.0,0,811.92,2263.52,Churned,Attitude,Attitude of support person,1,Middle Age,13-24 Months,Growing,161.68,811.92,2263.52,0.0377509365943309,26.48940901111761,Low,1,5,2,0,1,1,0,1,0,0,1,0,103.68571428571428,-18.23571428571428,0.0,0.358697957164063,High Value,2819.85,1,Churned
74978-MAH,Female,28,Yes,Maharashtra,1,21,NO DEAL,Yes,No,No,No Type,No,No,No,No,No,No,No,No,Month-to-Month,No,Bank Withdrawal,19.75,19.75,0.0,0,30.38,50.13,Joined,Others,Others,0,Young Adult,13-24 Months,Growing,2.387142857142857,30.38,50.13,0.3939756632754837,2.538227848101266,Low,1,1,0,0,1,0,0,0,0,0,0,0,0.9404761904761904,18.80952380952381,0.0,0.6060243367245162,Low Value,553.0,1,Churned
55872-HAR,Male,65,Yes,Haryana,4,24,Deal 4,Yes,Yes,Yes,DSL,Yes,No,No,No,No,No,No,Yes,Month-to-Month,Yes,Mailed Check,55.7,899.8,0.0,0,609.9,1509.7,Churned,Price,Price too high,1,Elder,13-24 Months,Growing,62.90416666666667,609.9,1509.7,0.0368947473007882,27.104129263913823,Medium,1,4,0,1,1,1,0,1,1,0,1,0,37.49166666666667,18.208333333333336,0.0,0.4039875471948069,Medium Value,3620.5,1,Churned
99996-HAR,Male,22,Yes,Haryana,2,8,Deal 5,Yes,No,Yes,DSL,Yes,Yes,No,No,No,No,Yes,Yes,Month-to-Month,Yes,Credit Card,53.55,53.55,0.0,0,16.06,69.61,Joined,Others,Others,0,Young Adult,7-12 Months,Growing,8.70125,16.06,69.61,0.7692860221232581,1.299906629318394,Low,1,5,1,2,1,0,0,1,1,0,1,0,6.69375,46.85625,0.0,0.2307139778767418,Low Value,1178.1,1,Churned
65616-MAH,Male,35,Yes,Maharashtra,7,27,NO DEAL,Yes,No,Yes,DSL,No,No,No,No,No,No,No,Yes,Month-to-Month,Yes,Mailed Check,45.7,45.7,0.0,0,10.41,56.11,Churned,Dissatisfaction,Poor expertise of phone support,1,Middle Age,25-48 Months,Established,2.078148148148148,10.41,56.11,0.8144715736945287,1.2277899343544856,High,1,2,0,0,1,0,0,1,0,0,1,0,1.6925925925925926,44.00740740740741,0.0,0.1855284263054714,Low Value,1599.5,1,Churned
21065-HAR,Male,27,No,Haryana,5,10,NO DEAL,Yes,No,No,No Type,No,No,No,No,No,No,No,No,Month-to-Month,No,Credit Card,20.3,20.3,0.0,0,10.84,31.14,Joined,Others,Others,0,Young Adult,7-12 Months,Growing,3.114,10.84,31.14,0.6518946692357097,1.5339901477832512,Medium,1,1,0,0,1,0,0,0,0,0,0,0,2.03,18.27,0.0,0.3481053307642903,Low Value,548.1,1,Churned
35146-HAR,Female,21,No,Haryana,0,3,NO DEAL,Yes,Yes,Yes,Fiber Optic,No,No,No,No,No,Yes,Yes,Yes,Month-to-Month,Yes,Credit Card,85.45,85.45,0.0,0,31.03,116.48,Churned,Price,Price too high,1,Young Adult,0-6 Months,New,38.82666666666667,31.03,116.48,0.7336023351648352,1.3631363370392042,No Referral,0,5,2,0,1,1,0,1,0,0,1,0,28.48333333333333,56.96666666666667,0.0,0.2663976648351648,Low Value,1794.45,1,Churned
43566-BIH,Female,66,Yes,Bihar,2,12,NO DEAL,Yes,Yes,Yes,Fiber Optic,No,Yes,No,Yes,Yes,Yes,Yes,No,Month-to-Month,Yes,Credit Card,103.6,1806.35,0.0,10,22.86,1839.21,Stayed,Others,Others,0,Elder,7-12 Months,Growing,153.2675,32.86,1839.21,0.0563285323590019,17.75299227799228,Low,1,7,3,2,1,1,0,1,0,0,1,0,150.52916666666667,-46.929166666666674,0.0,0.0178663665378069,Medium Value,6837.599999999999,1,Churned
24441-UTT,Female,45,No,Uttar Pradesh,8,34,NO DEAL,Yes,Yes,Yes,Fiber Optic,No,Yes,No,No,Yes,Yes,Yes,Yes,Month-to-Month,Yes,Credit Card,98.7,2249.1,0.0,0,332.35,2581.45,Stayed,Others,Others,0,Middle Age,25-48 Months,Established,75.925,332.35,2581.45,0.0382343256696817,26.154508611955418,High,1,7,3,1,1,1,0,1,0,0,1,0,66.14999999999999,32.55000000000001,0.0,0.1287454725057623,High Value,4441.5,1,Churned
62857-PUN,Female,74,No,Punjab,12,9,Deal 5,Yes,No,Yes,Fiber Optic,No,No,No,No,Yes,Yes,No,Yes,Month-to-Month,Yes,Bank Withdrawal,89.5,676.7,0.0,0,95.41,772.11,Churned,Dissatisfaction,Network reliability,1,Elder,7-12 Months,Growing,85.79,95.41,772.11,0.1159161259406043,8.626927374301676,High,1,4,2,0,1,0,0,1,0,0,1,0,75.1888888888889,14.311111111111105,0.0,0.1235704757094196,Medium Value,6623.0,1,Churned
57417-WES,Female,41,No,West Bengal,6,6,NO DEAL,No,No,Yes,Cable,No,No,No,No,No,No,No,Yes,Month-to-Month,Yes,Mailed Check,24.45,24.45,0.0,0,0.0,24.45,Churned,Price,Extra data charges,1,Middle Age,0-6 Months,New,4.075,0.0,24.45,1.0,1.0,High,1,1,0,0,0,0,0,1,0,0,1,0,4.075,20.375,0.0,0.0,Low Value,1002.45,1,Churned
31412-HAR,Female,81,Yes,Haryana,14,29,NO DEAL,Yes,No,No,No Type,No,No,No,No,No,No,No,No,Two Year,No,Bank Withdrawal,19.2,37.2,0.0,0,14.06,51.26,Joined,Others,Others,0,Elder,25-48 Months,Established,1.7675862068965515,14.06,51.26,0.3745610612563402,2.669791666666667,High,1,1,0,0,1,0,1,0,0,0,0,0,1.2827586206896553,17.917241379310344,0.0,0.2742879438158408,Low Value,1555.2,1,Churned
59675-JAM,Female,37,No,Jammu & Kashmir,14,11,NO DEAL,Yes,Yes,Yes,Fiber Optic,No,Yes,No,No,Yes,Yes,Yes,Yes,One Year,No,Mailed Check,100.45,4941.8,0.0,0,1292.13,6233.93,Churned,Dissatisfaction,Poor expertise of online support,1,Middle Age,7-12 Months,Growing,566.7209090909091,1292.13,6233.93,0.0161134308534102,62.06002986560478,High,1,7,3,1,1,1,1,1,0,0,0,0,449.2545454545455,-348.80454545454546,0.0,0.2072737422460631,Very High Value,3716.65,1,Churned
66411-MAH,Male,66,No,Maharashtra,0,7,Deal 4,Yes,Yes,Yes,Fiber Optic,Yes,Yes,Yes,No,No,No,No,Yes,Month-to-Month,No,Credit Card,90.2,1454.15,0.0,0,205.02,1659.17,Churned,Dissatisfaction,Product dissatisfaction,1,Elder,7-12 Months,Growing,237.02428571428567,205.02,1659.17,0.054364531663422,18.394345898004435,No Referral,0,6,0,3,1,1,0,1,1,0,0,0,207.7357142857143,-117.53571428571428,0.0,0.1235678080003857,Medium Value,5953.2,1,Churned
11679-PUN,Female,38,Yes,Punjab,13,35,Deal 4,Yes,Yes,Yes,Fiber Optic,Yes,No,No,No,Yes,Yes,Yes,Yes,Month-to-Month,Yes,Bank Withdrawal,98.7,973.25,0.0,0,373.6,1346.85,Churned,Attitude,Attitude of support person,1,Middle Age,25-48 Months,Established,38.481428571428566,373.6,1346.85,0.0732821026840405,13.645896656534951,High,1,7,3,1,1,1,0,1,1,0,1,0,27.807142857142857,70.89285714285714,0.0,0.2773879793592457,Medium Value,3750.6,1,Churned
67930-KAR,Female,51,No,Karnataka,13,2,NO DEAL,Yes,No,Yes,Fiber Optic,No,No,No,No,Yes,Yes,Yes,Yes,Month-to-Month,Yes,Bank Withdrawal,90.8,2361.8,0.0,0,399.62,2761.42,Churned,Other,Don't know,1,Senior,0-6 Months,New,1380.71,399.62,2761.42,0.0328816333625453,30.412114537444936,High,1,5,3,0,1,0,0,1,0,0,1,0,1180.9,-1090.1,0.0,0.1447154000478014,High Value,4630.8,1,Churned
96578-KAR,Female,71,No,Karnataka,8,31,NO DEAL,Yes,No,No,No Type,No,No,No,No,No,No,No,No,Month-to-Month,Yes,Bank Withdrawal,19.45,19.45,0.0,0,22.92,42.37,Churned,Dissatisfaction,Limited range of services,1,Elder,25-48 Months,Established,1.366774193548387,22.92,42.37,0.4590512154826528,2.1784061696658097,High,1,1,0,0,1,0,0,0,0,0,1,0,0.6274193548387097,18.82258064516129,0.0,0.5409487845173473,Low Value,1380.95,1,Churned
55762-TEL,Female,28,No,Telangana,14,29,NO DEAL,Yes,Yes,Yes,Fiber Optic,No,No,No,No,No,Yes,Yes,Yes,Month-to-Month,Yes,Bank Withdrawal,85.15,1139.2,38.48,0,298.2,1398.92,Churned,Dissatisfaction,Poor expertise of phone support,1,Young Adult,25-48 Months,Established,48.23862068965518,298.2,1360.44,0.0608683841820833,16.42889019377569,High,1,5,2,0,1,1,0,1,0,0,1,0,39.282758620689656,45.86724137931035,0.0337780898876404,0.2131644411403082,Medium Value,2384.2000000000003,1,Churned
52555-TAM,Female,65,Yes,Tamil Nadu,3,9,NO DEAL,Yes,Yes,Yes,Fiber Optic,No,No,No,No,Yes,Yes,Yes,Yes,Month-to-Month,Yes,Bank Withdrawal,93.55,2264.05,0.0,0,321.12,2585.17,Churned,Price,Price too high,1,Elder,7-12 Months,Growing,287.24111111111114,321.12,2585.17,0.0361871753114882,27.634099412079102,Medium,1,6,3,0,1,1,0,1,0,0,1,0,251.56111111111116,-158.01111111111112,0.0,0.1242162024160886,High Value,6080.75,1,Churned
15091-MAD,Male,63,Yes,Madhya Pradesh,9,26,Deal 4,Yes,No,Yes,Fiber Optic,No,No,Yes,No,Yes,Yes,Yes,Yes,Month-to-Month,Yes,Credit Card,95.9,1777.9,0.0,0,622.63,2400.53,Churned,Competitor,Competitor had better devices,1,Elder,25-48 Months,Established,92.32807692307694,622.63,2400.53,0.0399495111496211,25.031595411887384,High,1,6,3,1,1,0,0,1,0,0,1,0,68.38076923076923,27.519230769230774,0.0,0.2593718887079103,High Value,6041.700000000001,1,Churned
33710-GUJ,Female,37,No,Gujarat,0,8,NO DEAL,Yes,No,Yes,Fiber Optic,No,No,Yes,No,No,No,No,Yes,Month-to-Month,Yes,Bank Withdrawal,75.15,496.9,0.0,0,60.83,557.73,Churned,Dissatisfaction,Service dissatisfaction,1,Middle Age,7-12 Months,Growing,69.71625,60.83,557.73,0.1347426173955139,7.421556886227544,No Referral,0,3,0,1,1,0,0,1,0,0,1,0,62.1125,13.037500000000009,0.0,0.1090671113262689,Low Value,2780.55,1,Churned
23147-PUN,Male,24,No,Punjab,14,6,NO DEAL,No,No,Yes,Cable,Yes,No,No,Yes,Yes,Yes,Yes,Yes,Month-to-Month,Yes,Bank Withdrawal,54.45,706.85,0.0,0,0.0,706.85,Churned,Dissatisfaction,Network reliability,1,Young Adult,0-6 Months,New,117.80833333333334,0.0,706.85,0.07703190210087,12.981634527089073,High,1,6,3,2,0,0,0,1,1,0,1,0,117.80833333333334,-63.35833333333333,0.0,0.0,Medium Value,1306.8000000000002,1,Churned
54997-UTT,Female,55,No,Uttar Pradesh,7,23,NO DEAL,Yes,No,Yes,DSL,No,No,No,No,No,No,No,Yes,Month-to-Month,Yes,Credit Card,44.0,44.0,0.0,0,26.15,70.15,Joined,Others,Others,0,Senior,13-24 Months,Growing,3.0500000000000003,26.15,70.15,0.6272273699215966,1.594318181818182,High,1,2,0,0,1,0,0,1,0,0,1,0,1.9130434782608696,42.08695652173913,0.0,0.3727726300784034,Low Value,2420.0,1,Churned
66734-WES,Female,81,No,West Bengal,3,1,NO DEAL,Yes,Yes,Yes,Fiber Optic,No,Yes,Yes,No,Yes,Yes,No,Yes,Month-to-Month,Yes,Bank Withdrawal,104.85,1531.4,0.0,0,419.44,1950.84,Churned,Dissatisfaction,Product dissatisfaction,1,Elder,0-6 Months,New,1950.84,419.44,1950.84,0.05374607861229,18.606008583690983,Medium,1,7,2,2,1,1,0,1,0,0,1,0,1531.4,-1426.5500000000002,0.0,0.215004818437186,Medium Value,8492.85,1,Churned
27008-WES,Female,53,No,West Bengal,9,4,NO DEAL,Yes,No,Yes,Fiber Optic,No,No,Yes,No,Yes,Yes,Yes,Yes,Month-to-Month,No,Bank Withdrawal,94.4,94.4,0.0,0,18.34,112.74,Churned,Price,Lack of affordable download/upload speed,1,Senior,0-6 Months,New,28.185,18.34,112.74,0.837324818165691,1.194279661016949,High,1,6,3,1,1,0,0,1,0,0,0,0,23.6,70.80000000000001,0.0,0.162675181834309,Low Value,5003.200000000001,1,Churned
32997-AND,Female,38,Yes,Andhra Pradesh,11,23,NO DEAL,No,No,Yes,DSL,No,No,No,No,No,No,No,Yes,Month-to-Month,No,Bank Withdrawal,24.6,24.6,0.0,0,0.0,24.6,Churned,Price,Price too high,1,Middle Age,13-24 Months,Growing,1.0695652173913044,0.0,24.6,1.0,1.0,High,1,1,0,0,0,0,0,1,0,0,0,0,1.0695652173913044,23.530434782608697,0.0,0.0,Low Value,934.8,1,Churned
49834-ODI,Female,63,No,Odisha,7,19,NO DEAL,Yes,No,Yes,Fiber Optic,No,No,No,No,Yes,No,No,Yes,Month-to-Month,Yes,Bank Withdrawal,78.85,292.8,0.0,0,147.72,440.52,Churned,Other,Moved,1,Elder,13-24 Months,Growing,23.18526315789473,147.72,440.52,0.1789930082629619,5.586810399492708,High,1,3,1,0,1,0,0,1,0,0,1,0,15.410526315789474,63.43947368421052,0.0,0.3353309724870607,Low Value,4967.549999999999,1,Churned
27663-HAR,Female,20,Yes,Haryana,1,3,NO DEAL,Yes,No,Yes,Fiber Optic,No,No,No,No,No,No,No,Yes,Month-to-Month,Yes,Bank Withdrawal,70.7,151.65,0.0,0,18.24,169.89,Churned,Other,Moved,1,Young Adult,0-6 Months,New,56.63,18.24,169.89,0.4161516275236918,2.402970297029703,Low,1,2,0,0,1,0,0,1,0,0,1,0,50.55,20.15,0.0,0.107363588204132,Low Value,1414.0,1,Churned
56728-RAJ,Male,40,No,Rajasthan,0,1,NO DEAL,Yes,No,Yes,DSL,No,No,No,No,No,No,No,Yes,Month-to-Month,No,Credit Card,45.6,45.6,0.0,0,37.44,83.04,Joined,Others,Others,0,Middle Age,0-6 Months,New,83.04,37.44,83.04,0.5491329479768786,1.8210526315789477,No Referral,0,2,0,0,1,0,0,1,0,0,0,0,45.6,0.0,0.0,0.4508670520231213,Low Value,1824.0,1,Churned
63252-JAM,Male,72,Yes,Jammu & Kashmir,0,14,NO DEAL,Yes,Yes,Yes,Fiber Optic,No,No,No,No,No,No,No,No,Month-to-Month,Yes,Bank Withdrawal,76.45,76.45,0.0,10,3.84,90.29,Churned,Competitor,Competitor made better offer,1,Elder,13-24 Months,Growing,6.449285714285715,13.84,90.29,0.8467161368922361,1.1810333551340746,No Referral,0,2,0,0,1,1,0,1,0,0,1,0,5.460714285714286,70.98928571428571,0.0,0.1532838631077638,Low Value,5504.400000000001,1,Churned
76034-MAD,Male,71,Yes,Madhya Pradesh,2,3,NO DEAL,Yes,Yes,Yes,Fiber Optic,No,No,No,No,Yes,Yes,No,Yes,Month-to-Month,Yes,Bank Withdrawal,94.45,2653.65,0.0,0,181.25,2834.9,Churned,Competitor,Competitor had better devices,1,Elder,0-6 Months,New,944.9666666666668,181.25,2834.9,0.0333168718473314,30.014822657490736,Low,1,5,2,0,1,1,0,1,0,0,1,0,884.5500000000001,-790.1,0.0,0.0639352358107869,High Value,6705.95,1,Churned
37799-TAM,Female,37,No,Tamil Nadu,7,31,Deal 4,Yes,No,Yes,Fiber Optic,No,No,Yes,Yes,Yes,Yes,Yes,Yes,One Year,No,Bank Withdrawal,98.6,1704.95,0.0,0,91.8,1796.75,Churned,Competitor,Competitor had better devices,1,Middle Age,25-48 Months,Established,57.95967741935484,91.8,1796.75,0.054876860999026,18.22261663286004,High,1,7,3,2,1,0,1,1,0,0,0,0,54.9983870967742,43.6016129032258,0.0,0.0510922498956449,Medium Value,3648.2,1,Churned
47624-TAM,Female,62,Yes,Tamil Nadu,7,29,NO DEAL,Yes,No,Yes,DSL,No,No,No,No,No,Yes,Yes,Yes,Month-to-Month,No,Mailed Check,-5.0,189.1,0.0,0,100.59,289.69,Joined,Others,Others,0,Elder,25-48 Months,Established,9.989310344827588,100.59,289.69,-0.0172598294728848,-57.938,High,1,4,2,0,1,0,0,1,0,0,0,0,6.520689655172413,-11.520689655172411,0.0,0.3472332493354966,Low Value,-310.0,1,Churned
39642-RAJ,Female,54,No,Rajasthan,4,34,Deal 5,Yes,No,Yes,DSL,No,No,No,No,Yes,No,No,Yes,Month-to-Month,Yes,Credit Card,54.7,169.45,0.0,0,8.64,178.09,Churned,Competitor,Competitor had better devices,1,Senior,25-48 Months,Established,5.2379411764705885,8.64,178.09,0.3071480711999551,3.255758683729433,Medium,1,3,1,0,1,0,0,1,0,0,1,0,4.983823529411764,49.71617647058824,0.0,0.0485147958897186,Low Value,2953.8,1,Churned
82479-TEL,Female,72,Yes,Telangana,8,26,NO DEAL,Yes,Yes,Yes,Fiber Optic,No,No,No,No,No,No,No,Yes,Month-to-Month,No,Bank Withdrawal,74.95,308.7,0.0,0,112.44,421.14,Churned,Competitor,Competitor offered more data,1,Elder,25-48 Months,Established,16.197692307692307,112.44,421.14,0.1779693213658166,5.618945963975984,High,1,3,0,0,1,1,0,1,0,0,0,0,11.873076923076924,63.07692307692308,0.0,0.2669895996580709,Low Value,5396.400000000001,1,Churned
56232-UTT,Female,79,Yes,Uttar Pradesh,3,35,NO DEAL,Yes,Yes,Yes,Fiber Optic,No,No,No,No,Yes,Yes,No,Yes,Month-to-Month,Yes,Bank Withdrawal,95.4,2025.1,0.0,0,785.4,2810.5,Stayed,Others,Others,0,Elder,25-48 Months,Established,80.3,785.4,2810.5,0.0339441380537271,29.46016771488469,Medium,1,5,2,0,1,1,0,1,0,0,1,0,57.86,37.540000000000006,0.0,0.2794520547945205,High Value,7536.6,1,Churned
68167-MAH,Female,56,No,Maharashtra,15,25,Deal 5,Yes,Yes,Yes,Fiber Optic,No,No,No,No,No,Yes,Yes,Yes,Month-to-Month,Yes,Bank Withdrawal,85.0,85.0,0.0,0,30.52,115.52,Churned,Other,Don't know,1,Senior,25-48 Months,Established,4.6208,30.52,115.52,0.735803324099723,1.3590588235294117,High,1,5,2,0,1,1,0,1,0,0,1,0,3.4,81.6,0.0,0.264196675900277,Low Value,4760.0,1,Churned
43397-UTT,Female,41,No,Uttar Pradesh,6,33,NO DEAL,Yes,Yes,Yes,Fiber Optic,No,No,No,No,No,No,No,Yes,Month-to-Month,Yes,Credit Card,74.4,896.75,0.0,0,37.96,934.71,Churned,Competitor,Competitor made better offer,1,Middle Age,25-48 Months,Established,28.32454545454545,37.96,934.71,0.0795968803158198,12.563306451612902,High,1,3,0,0,1,1,0,1,0,0,1,0,27.174242424242426,47.225757575757584,0.0,0.0406115265697382,Medium Value,3050.4,1,Churned
78682-KER,Female,65,Yes,Kerala,14,25,NO DEAL,Yes,Yes,Yes,Fiber Optic,No,No,No,No,No,No,No,Yes,Month-to-Month,Yes,Bank Withdrawal,74.95,2869.85,0.0,0,599.64,3469.49,Churned,Dissatisfaction,Product dissatisfaction,1,Elder,25-48 Months,Established,138.7796,599.64,3469.49,0.0216025986528279,46.29072715143428,High,1,3,0,0,1,1,0,1,0,0,1,0,114.794,-39.844,0.0,0.1728323182946196,High Value,4871.75,1,Churned
