State,County,City,Postal_Code,Vehicle_Location,Census_Tract
WA,King,Seattle,98103.0,POINT (-122.34301 47.659185),53033004800.0
WA,King,Bothell,98011.0,POINT (-122.20578 47.762405),53033021804.0
WA,Yakima,Yakima,98908.0,POINT (-120.6027202 46.5965625),53077002900.0
WA,King,Kirkland,98034.0,POINT (-122.209285 47.71124),53033021903.0
WA,Thurston,Olympia,98501.0,POINT (-122.89692 47.043535),53067010700.0
WA,Snohomish,Marysville,98271.0,POINT (-122.1713847 48.10433),53061940001.0
WA,King,Kent,98042.0,POINT (-122.111625 47.36078),53033031707.0
WA,King,Woodinville,98072.0,POINT (-122.151665 47.75855),53033021906.0
WA,Island,Coupeville,98239.0,POINT (-122.6880708 48.2179983),53029971000.0
WA,King,Bellevue,98004.0,POINT (-122.201905 47.61385),53033023806.0
WA,King,Kirkland,98033.0,POINT (-122.20264 47.6785),53033022603.0
WA,Kitsap,Port Orchard,98367.0,POINT (-122.6851642 47.506453),53035092902.0
WA,Kitsap,Port Orchard,98366.0,POINT (-122.639265 47.5373),53035092600.0
WA,Snohomish,Mukilteo,98275.0,POINT (-122.299965 47.94171),53061041301.0
WA,King,Redmond,98052.0,POINT (-122.12302 47.67668),53033032323.0
WA,Thurston,Rochester,98579.0,POINT (-123.09573 46.82158),53067012730.0
WA,King,Seattle,98112.0,POINT (-122.306935 47.62441),53033006400.0
WA,King,Seattle,98125.0,POINT (-122.296385 47.71558),53033000201.0
WA,Kitsap,Bremerton,98311.0,POINT (-122.6468815 47.6344364),53035091204.0
WA,Kitsap,Poulsbo,98370.0,POINT (-122.64177 47.737525),53035091100.0
WA,King,Kent,98042.0,POINT (-122.111625 47.36078),53033031708.0
WA,Snohomish,Marysville,98271.0,POINT (-122.1713847 48.10433),53061052808.0
WA,Kitsap,Bremerton,98312.0,POINT (-122.65223 47.57192),53035080700.0
WA,King,Seattle,98108.0,POINT (-122.326965 47.55015),53033010001.0
WA,Snohomish,Lake Stevens,98258.0,POINT (-122.112265 48.0047),53061052607.0
WA,Kitsap,Silverdale,98383.0,POINT (-122.668076 47.665978),53035091302.0
WA,King,Kirkland,98033.0,POINT (-122.20264 47.6785),53033022401.0
WA,Kitsap,Kingston,98346.0,POINT (-122.50156 47.8019),53035090102.0
WA,King,Kirkland,98033.0,POINT (-122.20264 47.6785),53033022006.0
WA,Thurston,Olympia,98506.0,POINT (-122.8874781 47.0519573),53067010200.0
WA,Yakima,Yakima,98908.0,POINT (-120.6027202 46.5965625),53077002801.0
WA,King,Enumclaw,98022.0,POINT (-121.98953 47.20347),53033031400.0
WA,King,Seattle,98109.0,POINT (-122.34848 47.632405),53033007301.0
WA,King,Bellevue,98006.0,POINT (-122.16937 47.571015),53033024704.0
WA,King,Seattle,98133.0,POINT (-122.34584 47.76726),53033000404.0
WA,King,Auburn,98002.0,POINT (-122.222855 47.305065),53033030600.0
WA,Yakima,Moxee,98936.0,POINT (-120.3795117 46.55609),53077001702.0
WA,King,Seattle,98125.0,POINT (-122.296385 47.71558),53033000900.0
WA,Yakima,Tieton,98947.0,POINT (-120.75692 46.70383),53077002900.0
WA,Kitsap,Silverdale,98383.0,POINT (-122.668076 47.665978),53035091205.0
WA,Kitsap,Port Orchard,98367.0,POINT (-122.6851642 47.506453),53035092901.0
WA,King,Renton,98057.0,POINT (-122.21024 47.4797047),53033026200.0
WA,King,Bellevue,98008.0,POINT (-122.11832 47.6245),53033023300.0
WA,King,Tukwila,98188.0,POINT (-122.29179 47.43473),53033028200.0
WA,King,Seatac,98188.0,POINT (-122.29179 47.43473),53033028300.0
WA,Thurston,Tumwater,98501.0,POINT (-122.89692 47.043535),53067011720.0
WA,Kitsap,Suquamish,98392.0,POINT (-122.55717 47.733415),53035940100.0
WA,Yakima,Yakima,98908.0,POINT (-120.6027202 46.5965625),53077000800.0
WA,Island,Oak Harbor,98277.0,POINT (-122.67499 48.287295),53029970500.0
WA,Snohomish,Bothell,98012.0,POINT (-122.1876761 47.820517),53061052107.0
WA,King,Shoreline,98133.0,POINT (-122.34584 47.76726),53033020700.0
WA,King,Shoreline,98177.0,POINT (-122.382425 47.77279),53033020100.0
WA,Kitsap,Seabeck,98380.0,POINT (-122.847462 47.63836),53035092000.0
WA,King,Renton,98058.0,POINT (-122.1298876 47.4451257),53033029304.0
WA,Snohomish,Monroe,98272.0,POINT (-121.972215 47.85674),53061052203.0
WA,Kitsap,Bainbridge Island,98110.0,POINT (-122.5235781 47.6293323),53035091002.0
WA,King,Shoreline,98155.0,POINT (-122.3175 47.7578146),53033021300.0
WA,Thurston,Yelm,98597.0,POINT (-122.61023 46.94126),53067012530.0
WA,King,Kirkland,98033.0,POINT (-122.20264 47.6785),53033022604.0
WA,King,Kenmore,98028.0,POINT (-122.2504747 47.7617128),53033022102.0
WA,Thurston,Olympia,98502.0,POINT (-122.92145 47.045935),53067011100.0
WA,Thurston,Olympia,98501.0,POINT (-122.89692 47.043535),53067010400.0
WA,King,Seattle,98112.0,POINT (-122.306935 47.62441),53033006300.0
WA,King,Tukwila,98168.0,POINT (-122.286465 47.476),53033026200.0
WA,Snohomish,Stanwood,98292.0,POINT (-122.3684051 48.2414921),53061053202.0
WA,Kitsap,Seabeck,98380.0,POINT (-122.847462 47.63836),53035091301.0
WA,Kitsap,Poulsbo,98370.0,POINT (-122.64177 47.737525),53035090502.0
WA,King,Seattle,98109.0,POINT (-122.34848 47.632405),53033006000.0
WA,King,Renton,98056.0,POINT (-122.180505 47.500055),53033025201.0
WA,Kitsap,Poulsbo,98370.0,POINT (-122.64177 47.737525),53035090201.0
WA,Kitsap,Bremerton,98312.0,POINT (-122.65223 47.57192),53035080900.0
WA,King,Medina,98039.0,POINT (-122.228025 47.61598),53033024200.0
WA,Thurston,Olympia,98502.0,POINT (-122.92145 47.045935),53067010600.0
WA,Kitsap,Kingston,98346.0,POINT (-122.50156 47.8019),53035090101.0
WA,King,Seattle,98122.0,POINT (-122.30839 47.610365),53033008800.0
WA,King,Bellevue,98006.0,POINT (-122.16937 47.571015),53033024901.0
WA,Snohomish,Bothell,98021.0,POINT (-122.179458 47.802589),53061051918.0
WA,Snohomish,Bothell,98021.0,POINT (-122.179458 47.802589),53061051917.0
WA,Snohomish,Snohomish,98296.0,POINT (-122.15134 47.8851158),53061052107.0
WA,King,Kirkland,98033.0,POINT (-122.20264 47.6785),53033022701.0
WA,Kitsap,Poulsbo,98370.0,POINT (-122.64177 47.737525),53035940100.0
WA,Yakima,Toppenish,98948.0,POINT (-120.31287 46.37534),53077940002.0
WA,King,Renton,98056.0,POINT (-122.180505 47.500055),53033025601.0
WA,Kitsap,Bainbridge Island,98110.0,POINT (-122.5235781 47.6293323),53035090901.0
WA,King,Seattle,98144.0,POINT (-122.30823 47.581975),53033009500.0
WA,Snohomish,Everett,98204.0,POINT (-122.240535 47.91139),53061041812.0
WA,Thurston,Olympia,98501.0,POINT (-122.89692 47.043535),53067011821.0
WA,Snohomish,Lynnwood,98036.0,POINT (-122.3164188 47.819664),53061051930.0
WA,Snohomish,Bothell,98012.0,POINT (-122.1876761 47.820517),53061051927.0
WA,King,Issaquah,98029.0,POINT (-121.999595 47.547635),53033032221.0
WA,Snohomish,Bothell,98012.0,POINT (-122.1876761 47.820517),53061051934.0
WA,Kitsap,Bremerton,98310.0,POINT (-122.611365 47.575195),53035080102.0
WA,King,Seattle,98107.0,POINT (-122.378895 47.66905),53033003202.0
WA,Snohomish,Bothell,98012.0,POINT (-122.1876761 47.820517),53061051922.0
WA,Kitsap,Bremerton,98310.0,POINT (-122.611365 47.575195),53035080400.0
WA,King,Seattle,98117.0,POINT (-122.37275 47.68968),53033001500.0
WA,Kitsap,Poulsbo,98370.0,POINT (-122.64177 47.737525),53035090501.0
WA,King,Auburn,98092.0,POINT (-122.1820969 47.3198995),53033029602.0
WA,Snohomish,Lynnwood,98036.0,POINT (-122.3164188 47.819664),53061051913.0
WA,Snohomish,Lynnwood,98036.0,POINT (-122.3164188 47.819664),53061051402.0
WA,King,Bellevue,98007.0,POINT (-122.147385 47.599975),53033023603.0
WA,Thurston,Lacey,98503.0,POINT (-122.8285 47.03646),53067011422.0
WA,Yakima,Yakima,98903.0,POINT (-120.477805 46.553505),53077002803.0
WA,Snohomish,Bothell,98012.0,POINT (-122.1876761 47.820517),53061052009.0
WA,Yakima,Selah,98942.0,POINT (-120.54188 46.654175),53077003400.0
WA,King,Seattle,98199.0,POINT (-122.394185 47.639195),53033005700.0
WA,Kitsap,Bremerton,98310.0,POINT (-122.611365 47.575195),53035091800.0
WA,King,Seattle,98146.0,POINT (-122.355145 47.505655),53033012100.0
WA,King,Bellevue,98004.0,POINT (-122.201905 47.61385),53033023801.0
WA,King,Seattle,98105.0,POINT (-122.319115 47.66132),53033004101.0
WA,Thurston,Tumwater,98501.0,POINT (-122.89692 47.043535),53067010802.0
WA,Thurston,Lacey,98503.0,POINT (-122.8285 47.03646),53067011200.0
WA,King,Seattle,98101.0,POINT (-122.33589 47.61099),53033008102.0
WA,Yakima,Yakima,98902.0,POINT (-120.524012 46.5973939),53077000800.0
WA,Kitsap,Port Orchard,98367.0,POINT (-122.6851642 47.506453),53035092701.0
WA,Thurston,Lacey,98516.0,POINT (-122.7510253 47.08149),53067012225.0
WA,Kitsap,Bremerton,98312.0,POINT (-122.65223 47.57192),53035091400.0
WA,King,Bothell,98011.0,POINT (-122.20578 47.762405),53033021802.0
WA,Yakima,Selah,98942.0,POINT (-120.54188 46.654175),53077003100.0
WA,Thurston,Olympia,98502.0,POINT (-122.92145 47.045935),53067012002.0
WA,King,Bellevue,98007.0,POINT (-122.147385 47.599975),53033023201.0
WA,Thurston,Olympia,98513.0,POINT (-122.81709 46.988575),53067011623.0
WA,Thurston,Olympia,98512.0,POINT (-122.9131017 47.0135926),53067011000.0
WA,Thurston,Lacey,98513.0,POINT (-122.81709 46.988575),53067011622.0
WA,Thurston,Olympia,98501.0,POINT (-122.89692 47.043535),53067011722.0
WA,Thurston,Tumwater,98512.0,POINT (-122.9131017 47.0135926),53067010910.0
WA,Thurston,Olympia,98506.0,POINT (-122.8874781 47.0519573),53067012211.0
WA,King,Seattle,98103.0,POINT (-122.34301 47.659185),53033005100.0
WA,King,Bellevue,98006.0,POINT (-122.16937 47.571015),53033024701.0
WA,Thurston,Olympia,98503.0,POINT (-122.8285 47.03646),53067011628.0
WA,Yakima,Yakima,98902.0,POINT (-120.524012 46.5973939),53077000500.0
WA,King,Seattle,98115.0,POINT (-122.3185 47.67949),53033004201.0
WA,Kitsap,Port Orchard,98366.0,POINT (-122.639265 47.5373),53035092500.0
WA,King,Renton,98056.0,POINT (-122.180505 47.500055),53033025304.0
WA,Kitsap,Port Orchard,98366.0,POINT (-122.639265 47.5373),53035092300.0
WA,Thurston,Olympia,98501.0,POINT (-122.89692 47.043535),53067011720.0
WA,Snohomish,Edmonds,98020.0,POINT (-122.37507 47.80807),53061050501.0
WA,King,Shoreline,98177.0,POINT (-122.382425 47.77279),53033020800.0
WA,Thurston,Lacey,98503.0,POINT (-122.8285 47.03646),53067011626.0
WA,Kitsap,Hansville,98340.0,POINT (-122.57781 47.903975),53035090101.0
WA,Snohomish,Bothell,98012.0,POINT (-122.1876761 47.820517),53061051921.0
WA,Kitsap,Bainbridge Island,98110.0,POINT (-122.5235781 47.6293323),53035090902.0
WA,Snohomish,Lake Stevens,98258.0,POINT (-122.112265 48.0047),53061053603.0
WA,Yakima,Yakima,98908.0,POINT (-120.6027202 46.5965625),53077003400.0
WA,King,Seattle,98119.0,POINT (-122.363815 47.63046),53033007001.0
WA,Thurston,Olympia,98513.0,POINT (-122.81709 46.988575),53067012420.0
WA,King,Seattle,98178.0,POINT (-122.234385 47.494545),53033011901.0
WA,Snohomish,Bothell,98012.0,POINT (-122.1876761 47.820517),53061052007.0
WA,King,Bellevue,98007.0,POINT (-122.147385 47.599975),53033023401.0
WA,King,Kirkland,98034.0,POINT (-122.209285 47.71124),53033021904.0
WA,Kitsap,Silverdale,98383.0,POINT (-122.668076 47.665978),53035091201.0
WA,King,Kirkland,98034.0,POINT (-122.209285 47.71124),53033022201.0
WA,Snohomish,Edmonds,98026.0,POINT (-122.335685 47.80372),53061050102.0
WA,King,Redmond,98052.0,POINT (-122.12302 47.67668),53033022803.0
WA,Thurston,Tenino,98589.0,POINT (-122.853421 46.8553318),53067012620.0
WA,King,Sammamish,98074.0,POINT (-122.0313266 47.6285782),53033032318.0
WA,King,Seattle,98117.0,POINT (-122.37275 47.68968),53033003000.0
WA,Yakima,Selah,98942.0,POINT (-120.54188 46.654175),53077003004.0
WA,King,Kent,98031.0,POINT (-122.2012521 47.3931814),53033029203.0
WA,King,Seattle,98133.0,POINT (-122.34584 47.76726),53033000602.0
WA,Snohomish,Woodway,98020.0,POINT (-122.37507 47.80807),53061050600.0
WA,Kitsap,Port Orchard,98366.0,POINT (-122.639265 47.5373),53035092704.0
WA,Snohomish,Edmonds,98020.0,POINT (-122.37507 47.80807),53061050502.0
WA,Kitsap,Silverdale,98383.0,POINT (-122.668076 47.665978),53035090400.0
WA,Kitsap,Bainbridge Island,98110.0,POINT (-122.5235781 47.6293323),53035090700.0
WA,Snohomish,Marysville,98270.0,POINT (-122.17673 48.05542),53061052809.0
WA,Kitsap,Bremerton,98311.0,POINT (-122.6468815 47.6344364),53035091600.0
WA,Thurston,Rochester,98579.0,POINT (-123.09573 46.82158),53067012720.0
WA,King,Kirkland,98034.0,POINT (-122.209285 47.71124),53033021905.0
WA,Whitman,Pullman,99163.0,POINT (-117.17912 46.730885),53075000202.0
WA,Thurston,Rainier,98576.0,POINT (-122.6898776 46.8908492),53067012530.0
WA,Yakima,Yakima,98908.0,POINT (-120.6027202 46.5965625),53077000904.0
WA,Island,Oak Harbor,98277.0,POINT (-122.67499 48.287295),53029971000.0
WA,Skagit,Mount Vernon,98273.0,POINT (-122.338975 48.41333),53057952500.0
WA,Kittitas,Cle Elum,98922.0,POINT (-120.938305 47.195355),53037975104.0
WA,King,Seattle,98115.0,POINT (-122.3185 47.67949),53033001900.0
WA,Thurston,Yelm,98597.0,POINT (-122.61023 46.94126),53067012422.0
WA,Thurston,Olympia,98501.0,POINT (-122.89692 47.043535),53067010100.0
WA,King,Bellevue,98006.0,POINT (-122.16937 47.571015),53033023902.0
WA,King,Renton,98059.0,POINT (-122.15734 47.487175),53033025602.0
WA,King,Renton,98059.0,POINT (-122.15734 47.487175),53033025601.0
WA,Snohomish,Everett,98204.0,POINT (-122.240535 47.91139),53061041809.0
WA,King,Seattle,98103.0,POINT (-122.34301 47.659185),53033002900.0
WA,Skagit,Burlington,98233.0,POINT (-122.33079 48.474765),53057951600.0
WA,King,Kirkland,98034.0,POINT (-122.209285 47.71124),53033022005.0
WA,Whitman,Pullman,99163.0,POINT (-117.17912 46.730885),53075000601.0
WA,Snohomish,Lake Stevens,98258.0,POINT (-122.112265 48.0047),53061052706.0
WA,Snohomish,Everett,98208.0,POINT (-122.2247757 47.9156409),53061041607.0
WA,King,Burien,98166.0,POINT (-122.34102 47.46593),53033027800.0
WA,Skagit,Anacortes,98221.0,POINT (-122.615305 48.501275),53057940700.0
WA,King,Seattle,98102.0,POINT (-122.3223156 47.6402108),53033006500.0
WA,King,Seattle,98121.0,POINT (-122.344125 47.61546),53033007202.0
WA,Skagit,La Conner,98257.0,POINT (-122.5135345 48.3829111),53057940801.0
WA,King,Burien,98146.0,POINT (-122.355145 47.505655),53033026700.0
WA,Walla Walla,Walla Walla,99362.0,POINT (-118.34332 46.063985),53071920902.0
WA,King,Kirkland,98033.0,POINT (-122.20264 47.6785),53033022501.0
WA,Skagit,Anacortes,98221.0,POINT (-122.615305 48.501275),53057940302.0
WA,Thurston,Yelm,98597.0,POINT (-122.61023 46.94126),53067012412.0
WA,King,Seattle,98125.0,POINT (-122.296385 47.71558),53033002200.0
WA,King,Seattle,98177.0,POINT (-122.382425 47.77279),53033001600.0
WA,Spokane,Spokane,99205.0,POINT (-117.42694 47.67946),53063001200.0
WA,Snohomish,Monroe,98272.0,POINT (-121.972215 47.85674),53061053801.0
WA,King,Seattle,98125.0,POINT (-122.296385 47.71558),53033001100.0
WA,Thurston,Yelm,98597.0,POINT (-122.61023 46.94126),53067012532.0
WA,Snohomish,Everett,98208.0,POINT (-122.2247757 47.9156409),53061052119.0
WA,Kittitas,Cle Elum,98922.0,POINT (-120.938305 47.195355),53037975201.0
WA,King,Seattle,98125.0,POINT (-122.296385 47.71558),53033000800.0
WA,Snohomish,Lynnwood,98087.0,POINT (-122.2551991 47.8650827),53061051804.0
WA,King,Kirkland,98033.0,POINT (-122.20264 47.6785),53033022606.0
WA,Snohomish,Bothell,98012.0,POINT (-122.1876761 47.820517),53061052005.0
WA,Snohomish,Everett,98208.0,POINT (-122.2247757 47.9156409),53061041609.0
WA,Snohomish,Bothell,98021.0,POINT (-122.179458 47.802589),53061051916.0
WA,King,Bellevue,98005.0,POINT (-122.16085 47.624515),53033023500.0
WA,Walla Walla,Walla Walla,99362.0,POINT (-118.34332 46.063985),53071920702.0
WA,King,Redmond,98052.0,POINT (-122.12302 47.67668),53033032313.0
WA,Skagit,Mount Vernon,98274.0,POINT (-122.32284 48.41653),53057952600.0
WA,King,Redmond,98052.0,POINT (-122.12302 47.67668),53033022605.0
WA,Snohomish,Everett,98208.0,POINT (-122.2247757 47.9156409),53061052114.0
WA,King,Seattle,98109.0,POINT (-122.34848 47.632405),53033006701.0
WA,King,Bellevue,98006.0,POINT (-122.16937 47.571015),53033024904.0
WA,Snohomish,Everett,98203.0,POINT (-122.213105 47.95479),53061041202.0
WA,Snohomish,Snohomish,98296.0,POINT (-122.15134 47.8851158),53061052122.0
WA,Skagit,Mount Vernon,98274.0,POINT (-122.32284 48.41653),53057952401.0
WA,Snohomish,Lynnwood,98036.0,POINT (-122.3164188 47.819664),53061051931.0
WA,King,Auburn,98092.0,POINT (-122.1820969 47.3198995),53033031208.0
WA,King,Bellevue,98004.0,POINT (-122.201905 47.61385),53033024001.0
WA,Skagit,Concrete,98237.0,POINT (-121.759005 48.5374),53057951102.0
WA,King,Redmond,98052.0,POINT (-122.12302 47.67668),53033032321.0
WA,King,Seattle,98177.0,POINT (-122.382425 47.77279),53033000500.0
WA,Yakima,Yakima,98901.0,POINT (-120.500225 46.6043),53077001602.0
WA,Snohomish,Lynnwood,98037.0,POINT (-122.297265 47.84182),53061051701.0
WA,Snohomish,Mill Creek,98012.0,POINT (-122.1876761 47.820517),53061052006.0
WA,Thurston,Lacey,98503.0,POINT (-122.8285 47.03646),53067011300.0
WA,Snohomish,Everett,98208.0,POINT (-122.2247757 47.9156409),53061041606.0
WA,Snohomish,Edmonds,98026.0,POINT (-122.335685 47.80372),53061042005.0
WA,Island,Freeland,98249.0,POINT (-122.544745 48.03024),53029971800.0
WA,King,Tukwila,98168.0,POINT (-122.286465 47.476),53033027200.0
WA,Snohomish,Everett,98203.0,POINT (-122.213105 47.95479),53061041304.0
WA,Kitsap,Bremerton,98310.0,POINT (-122.611365 47.575195),53035080300.0
WA,King,Seattle,98133.0,POINT (-122.34584 47.76726),53033000402.0
WA,Yakima,Yakima,98908.0,POINT (-120.6027202 46.5965625),53077000402.0
WA,King,Kirkland,98033.0,POINT (-122.20264 47.6785),53033022702.0
WA,King,Seattle,98125.0,POINT (-122.296385 47.71558),53033000202.0
WA,Thurston,Olympia,98502.0,POINT (-122.92145 47.045935),53067011902.0
WA,Walla Walla,Walla Walla,99362.0,POINT (-118.34332 46.063985),53071920301.0
WA,Chelan,Leavenworth,98826.0,POINT (-120.6619153 47.5970083),53007960203.0
WA,Snohomish,Marysville,98270.0,POINT (-122.17673 48.05542),53061052903.0
WA,Snohomish,Edmonds,98020.0,POINT (-122.37507 47.80807),53061050300.0
WA,King,Seatac,98148.0,POINT (-122.32863 47.46233),53033028500.0
WA,Thurston,Olympia,98503.0,POINT (-122.8285 47.03646),53067011500.0
WA,Chelan,Wenatchee,98801.0,POINT (-120.32009 47.42255),53007960803.0
WA,Grant,Moses Lake,98837.0,POINT (-119.2599876 47.1240154),53025010903.0
WA,Spokane,Spokane,99207.0,POINT (-117.39787 47.67936),53063002600.0
WA,Skagit,Burlington,98233.0,POINT (-122.33079 48.474765),53057951800.0
WA,Grant,Coulee City,99115.0,POINT (-119.28953 47.61327),53025010100.0
WA,Snohomish,Snohomish,98296.0,POINT (-122.15134 47.8851158),53061052108.0
WA,King,Bothell,98011.0,POINT (-122.20578 47.762405),53033022102.0
WA,Skagit,Sedro-Woolley,98284.0,POINT (-122.235035 48.503325),53057950803.0
WA,King,Seattle,98116.0,POINT (-122.38679 47.56484),53033009600.0
WA,Snohomish,Bothell,98012.0,POINT (-122.1876761 47.820517),53061051928.0
WA,Thurston,Lacey,98503.0,POINT (-122.8285 47.03646),53067011421.0
WA,Chelan,Wenatchee,98801.0,POINT (-120.32009 47.42255),53007961304.0
WA,King,Bellevue,98006.0,POINT (-122.16937 47.571015),53033025001.0
WA,King,Bothell,98011.0,POINT (-122.20578 47.762405),53033022001.0
WA,King,Seattle,98112.0,POINT (-122.306935 47.62441),53033006500.0
WA,Snohomish,Lynnwood,98087.0,POINT (-122.2551991 47.8650827),53061050102.0
WA,Skagit,Bow,98232.0,POINT (-122.4410546 48.5620007),53057950802.0
WA,Kittitas,Ellensburg,98926.0,POINT (-120.544475 46.994),53037975202.0
WA,Snohomish,Snohomish,98296.0,POINT (-122.15134 47.8851158),53061052113.0
WA,Kitsap,Silverdale,98315.0,POINT (-122.7061052 47.68848),53035090300.0
WA,King,Renton,98055.0,POINT (-122.197 47.43876),53033029309.0
WA,King,Issaquah,98029.0,POINT (-121.999595 47.547635),53033032220.0
WA,Snohomish,Edmonds,98026.0,POINT (-122.335685 47.80372),53061050900.0
WA,King,Des Moines,98198.0,POINT (-122.3219166 47.4013897),53033028700.0
WA,Walla Walla,Walla Walla,99362.0,POINT (-118.34332 46.063985),53071920801.0
WA,King,Bellevue,98008.0,POINT (-122.11832 47.6245),53033023100.0
WA,Snohomish,Edmonds,98026.0,POINT (-122.335685 47.80372),53061042003.0
WA,Kitsap,Silverdale,98383.0,POINT (-122.668076 47.665978),53035091206.0
WA,Snohomish,Edmonds,98026.0,POINT (-122.335685 47.80372),53061050200.0
WA,King,Seattle,98109.0,POINT (-122.34848 47.632405),53033007203.0
WA,Snohomish,Lynnwood,98037.0,POINT (-122.297265 47.84182),53061051500.0
WA,Snohomish,Bothell,98021.0,POINT (-122.179458 47.802589),53061051938.0
WA,Stevens,Rice,99167.0,POINT (-118.1659989 48.428418),53065950102.0
WA,Snohomish,Edmonds,98020.0,POINT (-122.37507 47.80807),53061050700.0
WA,Thurston,Olympia,98501.0,POINT (-122.89692 47.043535),53067010802.0
WA,Snohomish,Mukilteo,98275.0,POINT (-122.299965 47.94171),53061042006.0
WA,King,Seattle,98103.0,POINT (-122.34301 47.659185),53033003500.0
WA,Snohomish,Marysville,98270.0,POINT (-122.17673 48.05542),53061052710.0
WA,Stevens,Chewelah,99109.0,POINT (-117.722145 48.27719),53065950800.0
WA,Skagit,Anacortes,98221.0,POINT (-122.615305 48.501275),53057940600.0
WA,Kitsap,Bremerton,98312.0,POINT (-122.65223 47.57192),53035080600.0
WA,Snohomish,Mountlake Terrace,98043.0,POINT (-122.30842 47.78416),53061051200.0
WA,King,Redmond,98052.0,POINT (-122.12302 47.67668),53033032325.0
WA,Snohomish,Everett,98203.0,POINT (-122.213105 47.95479),53061040900.0
WA,Island,Clinton,98236.0,POINT (-122.359364 47.9796552),53029972100.0
WA,King,Seattle,98115.0,POINT (-122.3185 47.67949),53033002000.0
WA,King,Vashon,98070.0,POINT (-122.46049 47.44873),53033027702.0
WA,King,Redmond,98052.0,POINT (-122.12302 47.67668),53033022802.0
WA,King,Bellevue,98005.0,POINT (-122.16085 47.624515),53033023604.0
WA,Thurston,Tenino,98589.0,POINT (-122.853421 46.8553318),53067012610.0
WA,Snohomish,Mill Creek,98012.0,POINT (-122.1876761 47.820517),53061052005.0
WA,Snohomish,Everett,98201.0,POINT (-122.20722 47.979935),53061040400.0
WA,Thurston,Olympia,98513.0,POINT (-122.81709 46.988575),53067012331.0
WA,Yakima,Yakima,98901.0,POINT (-120.500225 46.6043),53077000100.0
WA,Thurston,Lacey,98516.0,POINT (-122.7510253 47.08149),53067012330.0
WA,Snohomish,Edmonds,98020.0,POINT (-122.37507 47.80807),53061050403.0
WA,Kitsap,Poulsbo,98370.0,POINT (-122.64177 47.737525),53035090202.0
WA,Kittitas,Cle Elum,98922.0,POINT (-120.938305 47.195355),53037975101.0
WA,Kittitas,South Cle Elum,98943.0,POINT (-120.953125 47.18617),53037975102.0
WA,Island,Langley,98260.0,POINT (-122.408015 48.03557),53029971900.0
WA,King,Sammamish,98074.0,POINT (-122.0313266 47.6285782),53033032316.0
WA,Snohomish,Everett,98204.0,POINT (-122.240535 47.91139),53061041813.0
WA,Kitsap,Port Orchard,98367.0,POINT (-122.6851642 47.506453),53035092802.0
WA,Snohomish,Bothell,98021.0,POINT (-122.179458 47.802589),53061051914.0
WA,King,Kirkland,98033.0,POINT (-122.20264 47.6785),53033022402.0
WA,Chelan,Cashmere,98815.0,POINT (-120.4687 47.5173233),53007960501.0
WA,Chelan,Entiat,98822.0,POINT (-120.209155 47.68998),53007960100.0
WA,Grant,Moses Lake,98837.0,POINT (-119.2599876 47.1240154),53025011001.0
WA,King,Kirkland,98033.0,POINT (-122.20264 47.6785),53033022703.0
WA,King,Bellevue,98006.0,POINT (-122.16937 47.571015),53033025006.0
WA,King,Seattle,98125.0,POINT (-122.296385 47.71558),53033000601.0
WA,Clark,Vancouver,98683.0,POINT (-122.4853873 45.6083347),53011041329.0
WA,King,Kent,98030.0,POINT (-122.199755 47.37483),53033029507.0
WA,Thurston,Olympia,98501.0,POINT (-122.89692 47.043535),53067012610.0
WA,Thurston,Olympia,98512.0,POINT (-122.9131017 47.0135926),53067011822.0
WA,Skagit,Anacortes,98221.0,POINT (-122.615305 48.501275),53057940301.0
WA,Snohomish,Granite Falls,98252.0,POINT (-121.96994 48.08334),53061053604.0
WA,Snohomish,Brier,98036.0,POINT (-122.3164188 47.819664),53061051914.0
WA,Stevens,Colville,99114.0,POINT (-117.90431 48.547075),53065950600.0
WA,King,Bellevue,98004.0,POINT (-122.201905 47.61385),53033023805.0
WA,Thurston,Olympia,98516.0,POINT (-122.7510253 47.08149),53067012221.0
WA,Snohomish,Mukilteo,98275.0,POINT (-122.299965 47.94171),53061042001.0
WA,Skagit,Burlington,98233.0,POINT (-122.33079 48.474765),53057951700.0
WA,King,Seattle,98119.0,POINT (-122.363815 47.63046),53033005902.0
WA,King,Auburn,98092.0,POINT (-122.1820969 47.3198995),53033031206.0
WA,Kitsap,Bainbridge Island,98110.0,POINT (-122.5235781 47.6293323),53035090800.0
WA,King,Bellevue,98005.0,POINT (-122.16085 47.624515),53033022805.0
WA,Snohomish,Lynnwood,98037.0,POINT (-122.297265 47.84182),53061051802.0
WA,Clark,Vancouver,98682.0,POINT (-122.5146473 45.67862),53011040713.0
WA,Island,Langley,98260.0,POINT (-122.408015 48.03557),53029971800.0
WA,Douglas,Waterville,98858.0,POINT (-120.071735 47.64645),53017950200.0
WA,Thurston,Lacey,98516.0,POINT (-122.7510253 47.08149),53067012226.0
WA,Snohomish,Lynnwood,98036.0,POINT (-122.3164188 47.819664),53061051932.0
WA,Snohomish,Woodinville,98072.0,POINT (-122.151665 47.75855),53061052107.0
WA,King,Seattle,98103.0,POINT (-122.34301 47.659185),53033001800.0
WA,King,Seattle,98107.0,POINT (-122.378895 47.66905),53033004703.0
WA,Snohomish,Marysville,98270.0,POINT (-122.17673 48.05542),53061052904.0
WA,King,Seattle,98112.0,POINT (-122.306935 47.62441),53033007700.0
WA,Clark,La Center,98629.0,POINT (-122.6706246 45.8662548),53011040201.0
WA,Pierce,Lakewood,98498.0,POINT (-122.547645 47.176685),53053072106.0
WA,King,Bellevue,98006.0,POINT (-122.16937 47.571015),53033024905.0
WA,King,Bellevue,98005.0,POINT (-122.16085 47.624515),53033023601.0
WA,King,Seattle,98102.0,POINT (-122.3223156 47.6402108),53033007501.0
WA,King,Woodinville,98072.0,POINT (-122.151665 47.75855),53033021802.0
WA,Clark,Brush Prairie,98606.0,POINT (-122.5485715 45.7336587),53011040715.0
WA,King,Seattle,98103.0,POINT (-122.34301 47.659185),53033005000.0
WA,King,Kent,98031.0,POINT (-122.2012521 47.3931814),53033029406.0
WA,Thurston,Olympia,98501.0,POINT (-122.89692 47.043535),53067010300.0
WA,Jefferson,Port Townsend,98368.0,POINT (-122.7644197 48.1195874),53031950604.0
WA,King,Seattle,98109.0,POINT (-122.34848 47.632405),53033007002.0
WA,King,Shoreline,98155.0,POINT (-122.3175 47.7578146),53033020500.0
WA,Clark,Vancouver,98662.0,POINT (-122.5918493 45.6617058),53011041313.0
WA,King,Seattle,98117.0,POINT (-122.37275 47.68968),53033003302.0
WA,King,Bothell,98011.0,POINT (-122.20578 47.762405),53033021905.0
WA,King,North Bend,98045.0,POINT (-121.7814012 47.4935316),53033032705.0
WA,King,Kirkland,98034.0,POINT (-122.209285 47.71124),53033022300.0
WA,Clark,Vancouver,98685.0,POINT (-122.7033368 45.7042923),53011040907.0
WA,King,Seattle,98102.0,POINT (-122.3223156 47.6402108),53033006600.0
WA,King,Bellevue,98004.0,POINT (-122.201905 47.61385),53033023807.0
WA,King,Seattle,98122.0,POINT (-122.30839 47.610365),53033007503.0
WA,Clark,Vancouver,98686.0,POINT (-122.6483953 45.7010427),53011040811.0
WA,King,Kirkland,98034.0,POINT (-122.209285 47.71124),53033022603.0
WA,King,Seattle,98133.0,POINT (-122.34584 47.76726),53033001300.0
WA,King,Kenmore,98028.0,POINT (-122.2504747 47.7617128),53033021701.0
WA,King,Renton,98056.0,POINT (-122.180505 47.500055),53033024704.0
WA,King,Normandy Park,98166.0,POINT (-122.34102 47.46593),53033028600.0
WA,Clark,Vancouver,98682.0,POINT (-122.5146473 45.67862),53011040604.0
WA,King,Burien,98166.0,POINT (-122.34102 47.46593),53033027600.0
WA,Clark,Vancouver,98685.0,POINT (-122.7033368 45.7042923),53011040910.0
WA,King,Renton,98056.0,POINT (-122.180505 47.500055),53033025202.0
WA,King,Bellevue,98006.0,POINT (-122.16937 47.571015),53033025007.0
WA,Clark,Vancouver,98682.0,POINT (-122.5146473 45.67862),53011040714.0
WA,Cowlitz,Woodland,98674.0,POINT (-122.73125 45.923065),53015001503.0
WA,King,Kirkland,98034.0,POINT (-122.209285 47.71124),53033022003.0
WA,King,Kent,98031.0,POINT (-122.2012521 47.3931814),53033029305.0
WA,King,Bellevue,98008.0,POINT (-122.11832 47.6245),53033023000.0
WA,King,Shoreline,98155.0,POINT (-122.3175 47.7578146),53033021100.0
WA,Kitsap,Olalla,98359.0,POINT (-122.54483 47.41801),53035092803.0
WA,King,Seattle,98122.0,POINT (-122.30839 47.610365),53033007800.0
WA,Clark,Vancouver,98685.0,POINT (-122.7033368 45.7042923),53011040909.0
WA,King,Sammamish,98074.0,POINT (-122.0313266 47.6285782),53033032225.0
WA,King,Kent,98031.0,POINT (-122.2012521 47.3931814),53033029306.0
WA,King,Kent,98042.0,POINT (-122.111625 47.36078),53033031800.0
WA,King,Seattle,98106.0,POINT (-122.356145 47.52104),53033011300.0
WA,Jefferson,Sequim,98382.0,POINT (-123.105015 48.08104),53031950501.0
WA,King,Renton,98058.0,POINT (-122.1298876 47.4451257),53033025702.0
WA,Kitsap,Olalla,98359.0,POINT (-122.54483 47.41801),53035092802.0
WA,King,Seatac,98188.0,POINT (-122.29179 47.43473),53033028403.0
WA,King,North Bend,98045.0,POINT (-121.7814012 47.4935316),53033032704.0
WA,Snohomish,Everett,98201.0,POINT (-122.20722 47.979935),53061040100.0
WA,King,Sammamish,98074.0,POINT (-122.0313266 47.6285782),53033032317.0
WA,King,Bellevue,98004.0,POINT (-122.201905 47.61385),53033023902.0
WA,King,Bellevue,98006.0,POINT (-122.16937 47.571015),53033024902.0
WA,Clark,Vancouver,98662.0,POINT (-122.5918493 45.6617058),53011040709.0
WA,Island,Oak Harbor,98277.0,POINT (-122.67499 48.287295),53029970300.0
WA,King,Seattle,98199.0,POINT (-122.394185 47.639195),53033005600.0
WA,King,Renton,98059.0,POINT (-122.15734 47.487175),53033025101.0
WA,King,Seattle,98177.0,POINT (-122.382425 47.77279),53033001702.0
WA,King,Seattle,98119.0,POINT (-122.363815 47.63046),53033006900.0
WA,Kitsap,Bremerton,98310.0,POINT (-122.611365 47.575195),53035080101.0
WA,King,Pacific,98047.0,POINT (-122.250215 47.25014),53033030902.0
WA,King,Redmond,98052.0,POINT (-122.12302 47.67668),53033032330.0
WA,Cowlitz,Ariel,98603.0,POINT (-122.358279 45.9897564),53015001501.0
WA,King,Seattle,98125.0,POINT (-122.296385 47.71558),53033000700.0
WA,King,Seattle,98109.0,POINT (-122.34848 47.632405),53033006800.0
WA,King,Auburn,98001.0,POINT (-122.2849393 47.3384055),53033029902.0
WA,Cowlitz,Longview,98632.0,POINT (-122.9379953 46.1372997),53015000801.0
WA,King,Kirkland,98034.0,POINT (-122.209285 47.71124),53033022006.0
WA,Stevens,Nine Mile Falls,99026.0,POINT (-117.5967686 47.8204962),53065951402.0
WA,King,Seattle,98112.0,POINT (-122.306935 47.62441),53033006100.0
WA,King,Shoreline,98155.0,POINT (-122.3175 47.7578146),53033020401.0
WA,Clark,Vancouver,98682.0,POINT (-122.5146473 45.67862),53011041333.0
WA,King,Kent,98031.0,POINT (-122.2012521 47.3931814),53033029408.0
WA,King,Shoreline,98155.0,POINT (-122.3175 47.7578146),53033020600.0
WA,King,Renton,98058.0,POINT (-122.1298876 47.4451257),53033031910.0
WA,Snohomish,Lake Stevens,98258.0,POINT (-122.112265 48.0047),53061052605.0
WA,Snohomish,Lynnwood,98087.0,POINT (-122.2551991 47.8650827),53061041816.0
WA,King,Seattle,98104.0,POINT (-122.329075 47.6018),53033009100.0
WA,King,Burien,98168.0,POINT (-122.286465 47.476),53033027000.0
WA,King,Kenmore,98028.0,POINT (-122.2504747 47.7617128),53033022101.0
WA,King,Bellevue,98005.0,POINT (-122.16085 47.624515),53033023702.0
WA,King,Bellevue,98005.0,POINT (-122.16085 47.624515),53033023701.0
WA,King,Seattle,98115.0,POINT (-122.3185 47.67949),53033002600.0
WA,King,Sammamish,98075.0,POINT (-122.03309 47.58153),53033032216.0
WA,Clark,Vancouver,98682.0,POINT (-122.5146473 45.67862),53011041326.0
WA,King,Seattle,98133.0,POINT (-122.34584 47.76726),53033000601.0
WA,King,Seattle,98125.0,POINT (-122.296385 47.71558),53033001202.0
WA,King,Renton,98055.0,POINT (-122.197 47.43876),53033025805.0
WA,King,Sammamish,98075.0,POINT (-122.03309 47.58153),53033032217.0
WA,King,Issaquah,98027.0,POINT (-122.03646 47.534065),53033032104.0
WA,King,Seattle,98125.0,POINT (-122.296385 47.71558),53033001000.0
WA,King,Seattle,98101.0,POINT (-122.33589 47.61099),53033008401.0
WA,King,Shoreline,98133.0,POINT (-122.34584 47.76726),53033021000.0
WA,King,Kenmore,98028.0,POINT (-122.2504747 47.7617128),53033021600.0
WA,King,Burien,98166.0,POINT (-122.34102 47.46593),53033027500.0
WA,King,Woodinville,98072.0,POINT (-122.151665 47.75855),53033032319.0
WA,Jefferson,Brinnon,98320.0,POINT (-122.9415583 47.6484648),53031950702.0
WA,Cowlitz,Kalama,98625.0,POINT (-122.839465 46.009825),53015001601.0
WA,King,Lake Forest Park,98155.0,POINT (-122.3175 47.7578146),53033020402.0
WA,King,Kirkland,98034.0,POINT (-122.209285 47.71124),53033022203.0
WA,King,Seattle,98109.0,POINT (-122.34848 47.632405),53033007101.0
WA,Clark,Washougal,98671.0,POINT (-122.3538285 45.5838634),53011040513.0
WA,Snohomish,Edmonds,98026.0,POINT (-122.335685 47.80372),53061050101.0
WA,King,Seattle,98177.0,POINT (-122.382425 47.77279),53033001400.0
WA,Thurston,Olympia,98516.0,POINT (-122.7510253 47.08149),53067012330.0
WA,King,Bellevue,98007.0,POINT (-122.147385 47.599975),53033023604.0
WA,Jefferson,Port Townsend,98368.0,POINT (-122.7644197 48.1195874),53031950501.0
WA,Clark,Vancouver,98685.0,POINT (-122.7033368 45.7042923),53011040904.0
WA,King,Auburn,98001.0,POINT (-122.2849393 47.3384055),53033030501.0
WA,Clark,Vancouver,98685.0,POINT (-122.7033368 45.7042923),53011040908.0
WA,King,Seattle,98115.0,POINT (-122.3185 47.67949),53033003601.0
WA,King,Issaquah,98027.0,POINT (-122.03646 47.534065),53033025006.0
WA,King,Renton,98057.0,POINT (-122.21024 47.4797047),53033025704.0
WA,Clark,Vancouver,98663.0,POINT (-122.666325 45.641205),53011041900.0
WA,King,Seattle,98104.0,POINT (-122.329075 47.6018),53033008401.0
WA,Clark,Vancouver,98683.0,POINT (-122.4853873 45.6083347),53011041310.0
WA,King,Burien,98168.0,POINT (-122.286465 47.476),53033027400.0
WA,King,Bellevue,98004.0,POINT (-122.201905 47.61385),53033023901.0
WA,King,Seattle,98102.0,POINT (-122.3223156 47.6402108),53033007502.0
WA,King,Burien,98166.0,POINT (-122.34102 47.46593),53033027901.0
WA,Snohomish,Mill Creek,98012.0,POINT (-122.1876761 47.820517),53061052004.0
WA,King,Redmond,98052.0,POINT (-122.12302 47.67668),53033032331.0
WA,King,Sammamish,98075.0,POINT (-122.03309 47.58153),53033032224.0
WA,King,Lake Forest Park,98155.0,POINT (-122.3175 47.7578146),53033021400.0
WA,King,Redmond,98052.0,POINT (-122.12302 47.67668),53033032324.0
WA,King,Seattle,98133.0,POINT (-122.34584 47.76726),53033001400.0
WA,King,Newcastle,98059.0,POINT (-122.15734 47.487175),53033025005.0
WA,King,Shoreline,98177.0,POINT (-122.382425 47.77279),53033020200.0
WA,King,Redmond,98052.0,POINT (-122.12302 47.67668),53033022606.0
WA,King,Bellevue,98004.0,POINT (-122.201905 47.61385),53033024002.0
WA,Jefferson,Port Townsend,98368.0,POINT (-122.7644197 48.1195874),53031950602.0
WA,Snohomish,Lake Stevens,98258.0,POINT (-122.112265 48.0047),53061053604.0
WA,King,Kent,98030.0,POINT (-122.199755 47.37483),53033029505.0
WA,King,Kent,98030.0,POINT (-122.199755 47.37483),53033029702.0
WA,Snohomish,Everett,98208.0,POINT (-122.2247757 47.9156409),53061041701.0
WA,Clark,Camas,98607.0,POINT (-122.405565 45.59009),53011041328.0
WA,Snohomish,Edmonds,98026.0,POINT (-122.335685 47.80372),53061050300.0
WA,King,Seattle,98122.0,POINT (-122.30839 47.610365),53033007901.0
WA,King,Seattle,98112.0,POINT (-122.306935 47.62441),53033006200.0
WA,King,Federal Way,98023.0,POINT (-122.363215 47.3084),53033030312.0
WA,King,Duvall,98019.0,POINT (-121.9810747 47.7377962),53033032401.0
WA,King,Seattle,98109.0,POINT (-122.34848 47.632405),53033006703.0
WA,King,Seattle,98101.0,POINT (-122.33589 47.61099),53033008300.0
WA,Clark,Battle Ground,98604.0,POINT (-122.53218 45.77945),53011040414.0
WA,King,Bellevue,98004.0,POINT (-122.201905 47.61385),53033023701.0
WA,Clark,Vancouver,98684.0,POINT (-122.51692 45.6228),53011041319.0
WA,Clark,Vancouver,98684.0,POINT (-122.51692 45.6228),53011041335.0
WA,King,Kent,98031.0,POINT (-122.2012521 47.3931814),53033029405.0
WA,King,Kent,98031.0,POINT (-122.2012521 47.3931814),53033029407.0
WA,King,Beaux Arts,98004.0,POINT (-122.201905 47.61385),53033023901.0
WA,Thurston,Olympia,98502.0,POINT (-122.92145 47.045935),53067011901.0
WA,King,Sammamish,98029.0,POINT (-121.999595 47.547635),53033032222.0
WA,Snohomish,Lynnwood,98036.0,POINT (-122.3164188 47.819664),53061051922.0
WA,King,Newcastle,98056.0,POINT (-122.180505 47.500055),53033024704.0
WA,King,Seattle,98101.0,POINT (-122.33589 47.61099),53033008200.0
WA,Clark,Vancouver,98660.0,POINT (-122.675975 45.630465),53011042300.0
WA,King,Kent,98031.0,POINT (-122.2012521 47.3931814),53033029403.0
WA,Clark,Battle Ground,98604.0,POINT (-122.53218 45.77945),53011040407.0
WA,Jefferson,Port Ludlow,98365.0,POINT (-122.6872285 47.9281524),53031950302.0
WA,King,Seattle,98121.0,POINT (-122.344125 47.61546),53033007302.0
WA,King,Seattle,98144.0,POINT (-122.30823 47.581975),53033008900.0
WA,King,Kirkland,98033.0,POINT (-122.20264 47.6785),53033022502.0
WA,King,Seattle,98178.0,POINT (-122.234385 47.494545),53033011902.0
WA,King,Sammamish,98074.0,POINT (-122.0313266 47.6285782),53033032217.0
WA,Snohomish,Monroe,98272.0,POINT (-121.972215 47.85674),53061053803.0
WA,King,Seattle,98104.0,POINT (-122.329075 47.6018),53033009300.0
WA,King,Woodinville,98072.0,POINT (-122.151665 47.75855),53033032320.0
WA,King,Kent,98042.0,POINT (-122.111625 47.36078),53033031704.0
WA,Clark,Battle Ground,98604.0,POINT (-122.53218 45.77945),53011040408.0
WA,King,Covington,98042.0,POINT (-122.111625 47.36078),53033031709.0
WA,King,Bellevue,98005.0,POINT (-122.16085 47.624515),53033023603.0
WA,King,Federal Way,98023.0,POINT (-122.363215 47.3084),53033030201.0
WA,King,Seattle,98122.0,POINT (-122.30839 47.610365),53033007700.0
WA,King,Seattle,98107.0,POINT (-122.378895 47.66905),53033003301.0
WA,Snohomish,Lynnwood,98037.0,POINT (-122.297265 47.84182),53061051927.0
WA,Snohomish,Lake Stevens,98258.0,POINT (-122.112265 48.0047),53061052711.0
WA,King,Renton,98057.0,POINT (-122.21024 47.4797047),53033025302.0
WA,Clark,Vancouver,98682.0,POINT (-122.5146473 45.67862),53011041312.0
WA,King,Auburn,98092.0,POINT (-122.1820969 47.3198995),53033031207.0
WA,King,Seattle,98125.0,POINT (-122.296385 47.71558),53033001201.0
WA,King,Newcastle,98056.0,POINT (-122.180505 47.500055),53033025001.0
WA,King,Bothell,98011.0,POINT (-122.20578 47.762405),53033021803.0
WA,King,Federal Way,98023.0,POINT (-122.363215 47.3084),53033030310.0
WA,Snohomish,Arlington,98223.0,POINT (-122.12324 48.19485),53061053505.0
WA,Clark,Vancouver,98682.0,POINT (-122.5146473 45.67862),53011041332.0
WA,King,Newcastle,98056.0,POINT (-122.180505 47.500055),53033024703.0
WA,Snohomish,Edmonds,98026.0,POINT (-122.335685 47.80372),53061042004.0
WA,Clark,Vancouver,98664.0,POINT (-122.589388 45.6228731),53011041205.0
WA,King,Seattle,98119.0,POINT (-122.363815 47.63046),53033005901.0
WA,Clark,Vancouver,98682.0,POINT (-122.5146473 45.67862),53011041334.0
WA,Snohomish,Bothell,98012.0,POINT (-122.1876761 47.820517),53061041704.0
WA,King,Seattle,98107.0,POINT (-122.378895 47.66905),53033004800.0
WA,King,Seattle,98117.0,POINT (-122.37275 47.68968),53033001702.0
WA,King,Seattle,98104.0,POINT (-122.329075 47.6018),53033008300.0
WA,King,Kirkland,98034.0,POINT (-122.209285 47.71124),53033022204.0
WA,King,Seattle,98144.0,POINT (-122.30823 47.581975),53033009400.0
WA,Pierce,University Place,98467.0,POINT (-122.5404512 47.2074166),53053072315.0
WA,King,Kent,98030.0,POINT (-122.199755 47.37483),53033029604.0
WA,Kitsap,Bremerton,98337.0,POINT (-122.635905 47.57097),53035081200.0
WA,Clark,Vancouver,98683.0,POINT (-122.4853873 45.6083347),53011041309.0
WA,King,Seattle,98146.0,POINT (-122.355145 47.505655),53033012000.0
WA,Cowlitz,Longview,98632.0,POINT (-122.9379953 46.1372997),53015000802.0
WA,King,Seattle,98122.0,POINT (-122.30839 47.610365),53033007502.0
WA,King,Seatac,98188.0,POINT (-122.29179 47.43473),53033028100.0
WA,King,Auburn,98002.0,POINT (-122.222855 47.305065),53033030802.0
WA,Island,Oak Harbor,98277.0,POINT (-122.67499 48.287295),53029970402.0
WA,King,Seattle,98104.0,POINT (-122.329075 47.6018),53033008102.0
WA,Clark,Camas,98607.0,POINT (-122.405565 45.59009),53011040608.0
WA,King,Renton,98055.0,POINT (-122.197 47.43876),53033029305.0
WA,Clark,Vancouver,98684.0,POINT (-122.51692 45.6228),53011041320.0
WA,Clark,Battle Ground,98604.0,POINT (-122.53218 45.77945),53011040203.0
WA,King,Seattle,98144.0,POINT (-122.30823 47.581975),53033009000.0
WA,Clark,Vancouver,98664.0,POINT (-122.589388 45.6228731),53011043100.0
WA,King,Renton,98055.0,POINT (-122.197 47.43876),53033029308.0
WA,King,Mercer Island,98040.0,POINT (-122.2377542 47.582905),53033024302.0
WA,King,Seattle,98119.0,POINT (-122.363815 47.63046),53033006800.0
WA,Thurston,Yelm,98597.0,POINT (-122.61023 46.94126),53067012421.0
WA,King,Seattle,98117.0,POINT (-122.37275 47.68968),53033002900.0
WA,Clark,Vancouver,98661.0,POINT (-122.641835 45.638545),53011042602.0
WA,Clallam,Sequim,98382.0,POINT (-123.105015 48.08104),53009001702.0
WA,King,Bellevue,98007.0,POINT (-122.147385 47.599975),53033023300.0
WA,Clark,Vancouver,98683.0,POINT (-122.4853873 45.6083347),53011041322.0
WA,Yakima,Toppenish,98948.0,POINT (-120.31287 46.37534),53077940006.0
WA,King,Sammamish,98075.0,POINT (-122.03309 47.58153),53033032215.0
WA,King,Seattle,98105.0,POINT (-122.319115 47.66132),53033004500.0
WA,King,Seattle,98103.0,POINT (-122.34301 47.659185),53033005401.0
WA,King,Seattle,98112.0,POINT (-122.306935 47.62441),53033007600.0
WA,Cowlitz,Silverlake,98645.0,POINT (-122.76217 46.30967),53015001800.0
WA,King,Seattle,98105.0,POINT (-122.319115 47.66132),53033005201.0
WA,King,Federal Way,98003.0,POINT (-122.31327 47.32329),53033030203.0
WA,Snohomish,Mill Creek,98012.0,POINT (-122.1876761 47.820517),53061041704.0
WA,King,Federal Way,98003.0,POINT (-122.31327 47.32329),53033030314.0
WA,Clark,Vancouver,98686.0,POINT (-122.6483953 45.7010427),53011040812.0
WA,Snohomish,Mukilteo,98275.0,POINT (-122.299965 47.94171),53061042005.0
WA,Clark,Vancouver,98682.0,POINT (-122.5146473 45.67862),53011041313.0
WA,King,Renton,98058.0,POINT (-122.1298876 47.4451257),53033025804.0
WA,King,Lake Forest Park,98155.0,POINT (-122.3175 47.7578146),53033021300.0
WA,Snohomish,Lake Stevens,98258.0,POINT (-122.112265 48.0047),53061053505.0
WA,Clark,Vancouver,98684.0,POINT (-122.51692 45.6228),53011041321.0
WA,Cowlitz,Kelso,98626.0,POINT (-122.90724 46.14458),53015000901.0
WA,King,Kent,98030.0,POINT (-122.199755 47.37483),53033029701.0
WA,King,Seattle,98102.0,POINT (-122.3223156 47.6402108),53033007406.0
WA,Snohomish,Lynnwood,98087.0,POINT (-122.2551991 47.8650827),53061041703.0
WA,King,Tukwila,98178.0,POINT (-122.234385 47.494545),53033026300.0
WA,Snohomish,Bothell,98021.0,POINT (-122.179458 47.802589),53061051926.0
WA,Island,Oak Harbor,98277.0,POINT (-122.67499 48.287295),53029970401.0
WA,King,Renton,98055.0,POINT (-122.197 47.43876),53033025703.0
WA,Clark,Ridgefield,98642.0,POINT (-122.74291 45.818445),53011040304.0
WA,King,Bellevue,98008.0,POINT (-122.11832 47.6245),53033023403.0
WA,King,Auburn,98002.0,POINT (-122.222855 47.305065),53033030503.0
WA,Clark,Vancouver,98684.0,POINT (-122.51692 45.6228),53011041337.0
WA,King,Shoreline,98133.0,POINT (-122.34584 47.76726),53033020600.0
WA,King,Shoreline,98133.0,POINT (-122.34584 47.76726),53033020301.0
WA,Snohomish,Lynnwood,98087.0,POINT (-122.2551991 47.8650827),53061041812.0
WA,Snohomish,Snohomish,98290.0,POINT (-122.091505 47.915555),53061052206.0
WA,King,Seattle,98103.0,POINT (-122.34301 47.659185),53033002700.0
WA,Jefferson,Port Townsend,98368.0,POINT (-122.7644197 48.1195874),53031950502.0
WA,King,Renton,98057.0,POINT (-122.21024 47.4797047),53033025303.0
WA,King,Issaquah,98027.0,POINT (-122.03646 47.534065),53033032103.0
WA,King,Seattle,98119.0,POINT (-122.363815 47.63046),53033005804.0
WA,Pierce,Tacoma,98407.0,POINT (-122.5113356 47.2923828),53053060400.0
WA,Clark,Vancouver,98664.0,POINT (-122.589388 45.6228731),53011041206.0
WA,King,Seattle,98199.0,POINT (-122.394185 47.639195),53033005803.0
WA,King,Seattle,98177.0,POINT (-122.382425 47.77279),53033000402.0
WA,King,Seattle,98125.0,POINT (-122.296385 47.71558),53033000102.0
WA,King,Seattle,98101.0,POINT (-122.33589 47.61099),53033008101.0
WA,Kitsap,Poulsbo,98370.0,POINT (-122.64177 47.737525),53035090400.0
WA,Clark,Vancouver,98685.0,POINT (-122.7033368 45.7042923),53011040905.0
WA,King,Auburn,98002.0,POINT (-122.222855 47.305065),53033030700.0
WA,Cowlitz,Longview,98632.0,POINT (-122.9379953 46.1372997),53015000601.0
WA,Cowlitz,Kalama,98625.0,POINT (-122.839465 46.009825),53015001602.0
WA,Clark,Vancouver,98686.0,POINT (-122.6483953 45.7010427),53011040803.0
WA,King,Kent,98030.0,POINT (-122.199755 47.37483),53033029508.0
WA,Thurston,Olympia,98502.0,POINT (-122.92145 47.045935),53067012001.0
WA,Snohomish,Monroe,98272.0,POINT (-121.972215 47.85674),53061052206.0
WA,King,Bellevue,98006.0,POINT (-122.16937 47.571015),53033024800.0
WA,King,Bellevue,98007.0,POINT (-122.147385 47.599975),53033022805.0
WA,King,Kent,98030.0,POINT (-122.199755 47.37483),53033029603.0
WA,King,Seattle,98109.0,POINT (-122.34848 47.632405),53033007303.0
WA,King,Burien,98146.0,POINT (-122.355145 47.505655),53033026802.0
WA,King,Bellevue,98008.0,POINT (-122.11832 47.6245),53033022901.0
WA,Clark,Ridgefield,98642.0,POINT (-122.74291 45.818445),53011040303.0
WA,King,Seattle,98108.0,POINT (-122.326965 47.55015),53033010402.0
WA,King,Des Moines,98198.0,POINT (-122.3219166 47.4013897),53033029003.0
WA,King,Burien,98146.0,POINT (-122.355145 47.505655),53033027500.0
WA,Clark,Camas,98607.0,POINT (-122.405565 45.59009),53011041400.0
WA,Kitsap,Bremerton,98312.0,POINT (-122.65223 47.57192),53035091301.0
WA,Snohomish,Arlington,98223.0,POINT (-122.12324 48.19485),53061053507.0
WA,Clark,Ridgefield,98642.0,POINT (-122.74291 45.818445),53011040305.0
WA,Clark,Camas,98607.0,POINT (-122.405565 45.59009),53011041325.0
WA,Thurston,Olympia,98506.0,POINT (-122.8874781 47.0519573),53067012100.0
WA,King,Seattle,98109.0,POINT (-122.34848 47.632405),53033006702.0
WA,Snohomish,Lake Stevens,98258.0,POINT (-122.112265 48.0047),53061052604.0
WA,Clark,Vancouver,98683.0,POINT (-122.4853873 45.6083347),53011041325.0
WA,King,Renton,98059.0,POINT (-122.15734 47.487175),53033031913.0
WA,King,Federal Way,98023.0,POINT (-122.363215 47.3084),53033030308.0
WA,Yakima,Yakima,98903.0,POINT (-120.477805 46.553505),53077001201.0
WA,King,Des Moines,98198.0,POINT (-122.3219166 47.4013897),53033028801.0
WA,King,Shoreline,98133.0,POINT (-122.34584 47.76726),53033020900.0
WA,Clark,Battle Ground,98604.0,POINT (-122.53218 45.77945),53011040504.0
WA,King,Bellevue,98008.0,POINT (-122.11832 47.6245),53033023202.0
WA,Thurston,Yelm,98597.0,POINT (-122.61023 46.94126),53067012531.0
WA,King,Burien,98166.0,POINT (-122.34102 47.46593),53033028600.0
WA,King,Renton,98055.0,POINT (-122.197 47.43876),53033025806.0
WA,Snohomish,Mill Creek,98012.0,POINT (-122.1876761 47.820517),53061052008.0
WA,Snohomish,Bothell,98012.0,POINT (-122.1876761 47.820517),53061051933.0
WA,King,Kenmore,98028.0,POINT (-122.2504747 47.7617128),53033021702.0
WA,King,Renton,98058.0,POINT (-122.1298876 47.4451257),53033025803.0
WA,Island,Freeland,98249.0,POINT (-122.544745 48.03024),53029971301.0
WA,King,Redmond,98053.0,POINT (-122.0370611 47.6887161),53033032328.0
WA,Snohomish,Lynnwood,98036.0,POINT (-122.3164188 47.819664),53061051916.0
WA,King,Bellevue,98004.0,POINT (-122.201905 47.61385),53033023808.0
WA,Clark,Washougal,98671.0,POINT (-122.3538285 45.5838634),53011040510.0
WA,Jefferson,Port Townsend,98368.0,POINT (-122.7644197 48.1195874),53031950603.0
WA,King,Kirkland,98034.0,POINT (-122.209285 47.71124),53033022205.0
WA,Pierce,Tacoma,98409.0,POINT (-122.47913 47.2198),53053062600.0
WA,King,Seattle,98119.0,POINT (-122.363815 47.63046),53033006000.0
WA,King,Kent,98030.0,POINT (-122.199755 47.37483),53033029504.0
WA,King,Seatac,98188.0,POINT (-122.29179 47.43473),53033028402.0
WA,King,Kent,98031.0,POINT (-122.2012521 47.3931814),53033029307.0
WA,Clark,Vancouver,98684.0,POINT (-122.51692 45.6228),53011041317.0
WA,Clark,Battle Ground,98604.0,POINT (-122.53218 45.77945),53011040505.0
WA,Clark,Vancouver,98664.0,POINT (-122.589388 45.6228731),53011041208.0
WA,Clark,Vancouver,98682.0,POINT (-122.5146473 45.67862),53011041335.0
WA,Clark,Vancouver,98662.0,POINT (-122.5918493 45.6617058),53011040703.0
WA,Snohomish,Snohomish,98296.0,POINT (-122.15134 47.8851158),53061052121.0
WA,King,Kent,98030.0,POINT (-122.199755 47.37483),53033029506.0
WA,King,Seattle,98177.0,POINT (-122.382425 47.77279),53033000403.0
WA,Pierce,Steilacoom,98388.0,POINT (-122.5970685 47.1686632),53053072109.0
WA,Pierce,Lakewood,98439.0,POINT (-122.529685 47.127165),53053072000.0
WA,Island,Oak Harbor,98277.0,POINT (-122.67499 48.287295),53029970602.0
WA,Clark,Vancouver,98660.0,POINT (-122.675975 45.630465),53011042400.0
WA,Clark,Battle Ground,98604.0,POINT (-122.53218 45.77945),53011040416.0
WA,Clark,Vancouver,98660.0,POINT (-122.675975 45.630465),53011041900.0
WA,Clark,Vancouver,98665.0,POINT (-122.66592 45.678565),53011041008.0
WA,Kitsap,Bremerton,98312.0,POINT (-122.65223 47.57192),53035081000.0
WA,Clark,Vancouver,98682.0,POINT (-122.5146473 45.67862),53011040706.0
WA,King,Seattle,98107.0,POINT (-122.378895 47.66905),53033004702.0
WA,Clark,Camas,98607.0,POINT (-122.405565 45.59009),53011040609.0
WA,Clark,Brush Prairie,98606.0,POINT (-122.5485715 45.7336587),53011040603.0
WA,Clark,Camas,98607.0,POINT (-122.405565 45.59009),53011040605.0
WA,King,Kent,98031.0,POINT (-122.2012521 47.3931814),53033029702.0
WA,Cowlitz,Kelso,98626.0,POINT (-122.90724 46.14458),53015001700.0
WA,King,Seattle,98125.0,POINT (-122.296385 47.71558),53033002000.0
WA,King,Des Moines,98198.0,POINT (-122.3219166 47.4013897),53033030003.0
WA,Thurston,Olympia,98512.0,POINT (-122.9131017 47.0135926),53067010910.0
WA,King,Seattle,98133.0,POINT (-122.34584 47.76726),53033001702.0
WA,Snohomish,Snohomish,98296.0,POINT (-122.15134 47.8851158),53061052120.0
WA,Yakima,Selah,98942.0,POINT (-120.54188 46.654175),53077003200.0
WA,Spokane,Cheney,99004.0,POINT (-117.57579 47.492775),53063013501.0
WA,King,Kirkland,98034.0,POINT (-122.209285 47.71124),53033022605.0
WA,King,Redmond,98052.0,POINT (-122.12302 47.67668),53033022902.0
WA,Benton,Richland,99354.0,POINT (-119.28753 46.29747),53005010201.0
WA,Kitsap,Bremerton,98312.0,POINT (-122.65223 47.57192),53035081100.0
WA,King,Burien,98166.0,POINT (-122.34102 47.46593),53033027902.0
WA,Skagit,Anacortes,98221.0,POINT (-122.615305 48.501275),53057940402.0
WA,Cowlitz,Woodland,98674.0,POINT (-122.73125 45.923065),53015001504.0
WA,Thurston,Tumwater,98512.0,POINT (-122.9131017 47.0135926),53067010920.0
WA,Clark,Camas,98607.0,POINT (-122.405565 45.59009),53011040610.0
WA,King,Renton,98056.0,POINT (-122.180505 47.500055),53033025500.0
WA,King,Seattle,98122.0,POINT (-122.30839 47.610365),53033008600.0
WA,Snohomish,Snohomish,98290.0,POINT (-122.091505 47.915555),53061052401.0
WA,Snohomish,Everett,98201.0,POINT (-122.20722 47.979935),53061041000.0
WA,Yakima,Yakima,98902.0,POINT (-120.524012 46.5973939),53077001000.0
WA,King,Seattle,98125.0,POINT (-122.296385 47.71558),53033000101.0
WA,Clark,Washougal,98671.0,POINT (-122.3538285 45.5838634),53011040512.0
WA,Clark,Vancouver,98682.0,POINT (-122.5146473 45.67862),53011041330.0
WA,King,Duvall,98019.0,POINT (-121.9810747 47.7377962),53033032402.0
WA,Cowlitz,Kalama,98625.0,POINT (-122.839465 46.009825),53015001503.0
WA,Thurston,Olympia,98512.0,POINT (-122.9131017 47.0135926),53067012730.0
WA,King,Tukwila,98168.0,POINT (-122.286465 47.476),53033028100.0
WA,King,Seattle,98122.0,POINT (-122.30839 47.610365),53033008700.0
WA,Thurston,Olympia,98516.0,POINT (-122.7510253 47.08149),53067011500.0
WA,Thurston,Olympia,98502.0,POINT (-122.92145 47.045935),53067010520.0
WA,Jefferson,Port Ludlow,98365.0,POINT (-122.6872285 47.9281524),53031950301.0
WA,King,Clyde Hill,98004.0,POINT (-122.201905 47.61385),53033024100.0
WA,Snohomish,Bothell,98012.0,POINT (-122.1876761 47.820517),53061041703.0
WA,King,Beaux Arts,98004.0,POINT (-122.201905 47.61385),53033024001.0
WA,Yakima,Yakima,98908.0,POINT (-120.6027202 46.5965625),53077000903.0
WA,Thurston,Olympia,98512.0,POINT (-122.9131017 47.0135926),53067011821.0
WA,Clark,Ridgefield,98642.0,POINT (-122.74291 45.818445),53011040403.0
WA,Kitsap,Bremerton,98310.0,POINT (-122.611365 47.575195),53035080200.0
WA,Spokane,Spokane,99223.0,POINT (-117.369705 47.62637),53063004701.0
WA,Clark,Vancouver,98682.0,POINT (-122.5146473 45.67862),53011041331.0
WA,Clark,Vancouver,98684.0,POINT (-122.51692 45.6228),53011041336.0
WA,King,Bellevue,98006.0,POINT (-122.16937 47.571015),53033025008.0
WA,Pierce,Lakebay,98349.0,POINT (-122.7658848 47.2739449),53053072602.0
WA,Cowlitz,Longview,98632.0,POINT (-122.9379953 46.1372997),53015001900.0
WA,Clark,Vancouver,98683.0,POINT (-122.4853873 45.6083347),53011041328.0
WA,Clark,Vancouver,98665.0,POINT (-122.66592 45.678565),53011041007.0
WA,Thurston,Rochester,98579.0,POINT (-123.09573 46.82158),53067012710.0
WA,Kittitas,Cle Elum,98922.0,POINT (-120.938305 47.195355),53037975102.0
WA,Thurston,Olympia,98513.0,POINT (-122.81709 46.988575),53067012332.0
WA,King,Tukwila,98178.0,POINT (-122.234385 47.494545),53033026200.0
WA,King,Bellevue,98007.0,POINT (-122.147385 47.599975),53033022804.0
WA,King,Seattle,98106.0,POINT (-122.356145 47.52104),53033011402.0
WA,King,Seattle,98133.0,POINT (-122.34584 47.76726),53033000300.0
WA,King,Fall City,98024.0,POINT (-121.8947186 47.56345),53033032601.0
WA,Clark,Vancouver,98663.0,POINT (-122.666325 45.641205),53011041003.0
WA,King,Seattle,98122.0,POINT (-122.30839 47.610365),53033008402.0
WA,Thurston,Olympia,98512.0,POINT (-122.9131017 47.0135926),53067011810.0
WA,Snohomish,Lynnwood,98037.0,POINT (-122.297265 47.84182),53061051928.0
WA,King,Seattle,98107.0,POINT (-122.378895 47.66905),53033003302.0
WA,King,Burien,98148.0,POINT (-122.32863 47.46233),53033028500.0
WA,Snohomish,Everett,98204.0,POINT (-122.240535 47.91139),53061041901.0
WA,Yakima,Yakima,98902.0,POINT (-120.524012 46.5973939),53077001100.0
WA,King,Seattle,98125.0,POINT (-122.296385 47.71558),53033000300.0
WA,King,Seattle,98115.0,POINT (-122.3185 47.67949),53033004500.0
WA,Snohomish,Bothell,98021.0,POINT (-122.179458 47.802589),53061051922.0
WA,Yakima,Yakima,98902.0,POINT (-120.524012 46.5973939),53077000700.0
WA,King,Seattle,98107.0,POINT (-122.378895 47.66905),53033003400.0
WA,King,Seattle,98102.0,POINT (-122.3223156 47.6402108),53033006100.0
WA,Snohomish,Snohomish,98296.0,POINT (-122.15134 47.8851158),53061041610.0
WA,King,Bellevue,98007.0,POINT (-122.147385 47.599975),53033023702.0
WA,King,Seattle,98108.0,POINT (-122.326965 47.55015),53033011200.0
WA,King,Auburn,98002.0,POINT (-122.222855 47.305065),53033030504.0
WA,King,Kent,98030.0,POINT (-122.199755 47.37483),53033029203.0
WA,Cowlitz,Silverlake,98645.0,POINT (-122.76217 46.30967),53015002004.0
WA,Island,Langley,98260.0,POINT (-122.408015 48.03557),53029972000.0
WA,Clark,Vancouver,98682.0,POINT (-122.5146473 45.67862),53011040603.0
WA,King,Kirkland,98034.0,POINT (-122.209285 47.71124),53033021906.0
WA,King,Covington,98042.0,POINT (-122.111625 47.36078),53033032005.0
WA,King,Renton,98056.0,POINT (-122.180505 47.500055),53033025401.0
WA,Snohomish,Everett,98208.0,POINT (-122.2247757 47.9156409),53061041703.0
WA,Clark,Vancouver,98682.0,POINT (-122.5146473 45.67862),53011040712.0
WA,King,Des Moines,98198.0,POINT (-122.3219166 47.4013897),53033029001.0
WA,Yakima,Sunnyside,98944.0,POINT (-120.011515 46.32189),53077002003.0
WA,King,Seattle,98134.0,POINT (-122.329815 47.57981),53033009300.0
WA,Cowlitz,Longview,98632.0,POINT (-122.9379953 46.1372997),53015980000.0
WA,Snohomish,Bothell,98021.0,POINT (-122.179458 47.802589),53061051937.0
WA,King,Renton,98058.0,POINT (-122.1298876 47.4451257),53033025805.0
WA,Clark,Vancouver,98683.0,POINT (-122.4853873 45.6083347),53011041323.0
WA,King,Covington,98042.0,POINT (-122.111625 47.36078),53033031710.0
WA,Clark,Vancouver,98660.0,POINT (-122.675975 45.630465),53011042100.0
WA,King,Sammamish,98075.0,POINT (-122.03309 47.58153),53033032213.0
WA,King,Covington,98042.0,POINT (-122.111625 47.36078),53033031705.0
WA,Snohomish,Lake Stevens,98258.0,POINT (-122.112265 48.0047),53061052606.0
WA,Thurston,Olympia,98513.0,POINT (-122.81709 46.988575),53067012610.0
WA,Snohomish,Snohomish,98290.0,POINT (-122.091505 47.915555),53061052402.0
WA,Snohomish,Snohomish,98290.0,POINT (-122.091505 47.915555),53061052203.0
WA,King,Federal Way,98003.0,POINT (-122.31327 47.32329),53033030204.0
WA,Cowlitz,Kelso,98626.0,POINT (-122.90724 46.14458),53015001300.0
WA,King,Burien,98168.0,POINT (-122.286465 47.476),53033027100.0
WA,Clark,Vancouver,98664.0,POINT (-122.589388 45.6228731),53011041207.0
WA,Snohomish,Monroe,98272.0,POINT (-121.972215 47.85674),53061052207.0
WA,King,Seattle,98115.0,POINT (-122.3185 47.67949),53033004401.0
WA,Pierce,University Place,98466.0,POINT (-122.537565 47.231645),53053072309.0
WA,Kitsap,Bremerton,98311.0,POINT (-122.6468815 47.6344364),53035091205.0
WA,King,Seattle,98105.0,POINT (-122.319115 47.66132),53033004401.0
WA,Clark,Vancouver,98686.0,POINT (-122.6483953 45.7010427),53011040412.0
WA,King,Kent,98030.0,POINT (-122.199755 47.37483),53033029602.0
WA,Cowlitz,Castle Rock,98611.0,POINT (-122.90778 46.2744),53015002003.0
WA,King,Federal Way,98003.0,POINT (-122.31327 47.32329),53033030304.0
WA,King,Seattle,98112.0,POINT (-122.306935 47.62441),53033007800.0
WA,Snohomish,Stanwood,98292.0,POINT (-122.3684051 48.2414921),53061053302.0
WA,Lewis,Chehalis,98532.0,POINT (-122.96692 46.66113),53041971300.0
WA,King,Sammamish,98074.0,POINT (-122.0313266 47.6285782),53033032216.0
WA,Clark,Brush Prairie,98606.0,POINT (-122.5485715 45.7336587),53011040505.0
WA,King,Enumclaw,98022.0,POINT (-121.98953 47.20347),53033031302.0
WA,King,Tukwila,98168.0,POINT (-122.286465 47.476),53033027300.0
WA,Yakima,Naches,98937.0,POINT (-120.69918 46.7305),53077003002.0
WA,King,Seattle,98117.0,POINT (-122.37275 47.68968),53033003400.0
WA,Clallam,Sequim,98382.0,POINT (-123.105015 48.08104),53009001902.0
WA,Kitsap,Kingston,98346.0,POINT (-122.50156 47.8019),53035940000.0
WA,Spokane,Spokane,99212.0,POINT (-117.288055 47.68043),53063011302.0
WA,King,Mercer Island,98040.0,POINT (-122.2377542 47.582905),53033024500.0
WA,Clark,Vancouver,98686.0,POINT (-122.6483953 45.7010427),53011040411.0
WA,Snohomish,Everett,98208.0,POINT (-122.2247757 47.9156409),53061041814.0
WA,Klickitat,White Salmon,98672.0,POINT (-121.48347 45.72977),53039950301.0
WA,King,Burien,98168.0,POINT (-122.286465 47.476),53033028000.0
WA,King,Bellevue,98007.0,POINT (-122.147385 47.599975),53033023000.0
WA,Yakima,Yakima,98908.0,POINT (-120.6027202 46.5965625),53077002804.0
WA,Yakima,Yakima,98902.0,POINT (-120.524012 46.5973939),53077001202.0
WA,King,Seattle,98117.0,POINT (-122.37275 47.68968),53033001600.0
WA,Snohomish,Snohomish,98290.0,POINT (-122.091505 47.915555),53061052606.0
WA,King,Auburn,98001.0,POINT (-122.2849393 47.3384055),53033030801.0
WA,Clark,Vancouver,98682.0,POINT (-122.5146473 45.67862),53011040707.0
WA,King,Seattle,98133.0,POINT (-122.34584 47.76726),53033001201.0
WA,King,Issaquah,98027.0,POINT (-122.03646 47.534065),53033032102.0
WA,Clark,Vancouver,98660.0,POINT (-122.675975 45.630465),53011042500.0
WA,Yakima,Grandview,98930.0,POINT (-119.91556 46.249215),53077001801.0
WA,Kitsap,Port Orchard,98367.0,POINT (-122.6851642 47.506453),53035092101.0
WA,Kitsap,Port Orchard,98366.0,POINT (-122.639265 47.5373),53035092200.0
WA,King,Auburn,98002.0,POINT (-122.222855 47.305065),53033030501.0
WA,Clark,Vancouver,98686.0,POINT (-122.6483953 45.7010427),53011040409.0
WA,Island,Oak Harbor,98277.0,POINT (-122.67499 48.287295),53029970700.0
WA,Snohomish,Everett,98203.0,POINT (-122.213105 47.95479),53061041303.0
WA,Clark,Vancouver,98661.0,POINT (-122.641835 45.638545),53011042900.0
WA,Snohomish,Bothell,98012.0,POINT (-122.1876761 47.820517),53061051935.0
WA,Clark,Vancouver,98684.0,POINT (-122.51692 45.6228),53011041322.0
WA,Clark,Battle Ground,98604.0,POINT (-122.53218 45.77945),53011040415.0
WA,Snohomish,Lake Stevens,98258.0,POINT (-122.112265 48.0047),53061052707.0
WA,Snohomish,Snohomish,98296.0,POINT (-122.15134 47.8851158),53061052008.0
WA,Snohomish,Everett,98201.0,POINT (-122.20722 47.979935),53061040200.0
WA,Grays Harbor,Ocean Shores,98569.0,POINT (-124.1599804 47.0075271),53027000201.0
WA,Snohomish,Marysville,98271.0,POINT (-122.1713847 48.10433),53061052803.0
WA,Thurston,Olympia,98506.0,POINT (-122.8874781 47.0519573),53067012223.0
WA,Snohomish,Everett,98201.0,POINT (-122.20722 47.979935),53061040800.0
WA,Clark,Yacolt,98675.0,POINT (-122.4066726 45.8651816),53011040102.0
WA,Clark,Amboy,98601.0,POINT (-122.4467982 45.9105287),53011040101.0
WA,King,Des Moines,98198.0,POINT (-122.3219166 47.4013897),53033028902.0
WA,King,Burien,98146.0,POINT (-122.355145 47.505655),53033027600.0
WA,Snohomish,Lake Stevens,98258.0,POINT (-122.112265 48.0047),53061052505.0
WA,Jefferson,Quilcene,98376.0,POINT (-122.8756509 47.823013),53031950202.0
WA,Pierce,Puyallup,98371.0,POINT (-122.299155 47.19178),53053073408.0
WA,Cowlitz,Longview,98632.0,POINT (-122.9379953 46.1372997),53015000400.0
WA,King,Seattle,98104.0,POINT (-122.329075 47.6018),53033009200.0
WA,Grays Harbor,Aberdeen,98520.0,POINT (-123.8206 46.97789),53027001100.0
WA,King,Renton,98056.0,POINT (-122.180505 47.500055),53033025302.0
WA,King,Renton,98058.0,POINT (-122.1298876 47.4451257),53033025704.0
WA,Kitsap,Bremerton,98337.0,POINT (-122.635905 47.57097),53035080600.0
WA,King,Seattle,98122.0,POINT (-122.30839 47.610365),53033007406.0
WA,Clark,Vancouver,98665.0,POINT (-122.66592 45.678565),53011040810.0
WA,Clark,Vancouver,98684.0,POINT (-122.51692 45.6228),53011041323.0
WA,Cowlitz,Longview,98632.0,POINT (-122.9379953 46.1372997),53015000902.0
WA,Cowlitz,Castle Rock,98611.0,POINT (-122.90778 46.2744),53015002001.0
WA,Snohomish,Everett,98208.0,POINT (-122.2247757 47.9156409),53061041610.0
WA,King,Shoreline,98133.0,POINT (-122.34584 47.76726),53033020800.0
WA,Clark,Washougal,98671.0,POINT (-122.3538285 45.5838634),53011040509.0
WA,Clallam,Sequim,98382.0,POINT (-123.105015 48.08104),53009002301.0
WA,King,Federal Way,98003.0,POINT (-122.31327 47.32329),53033030102.0
WA,Thurston,Olympia,98513.0,POINT (-122.81709 46.988575),53067012320.0
WA,Cowlitz,Woodland,98674.0,POINT (-122.73125 45.923065),53015001501.0
WA,Pierce,Sumner,98390.0,POINT (-122.23825 47.201625),53053073301.0
WA,King,Lake Forest Park,98155.0,POINT (-122.3175 47.7578146),53033021500.0
WA,King,Seattle,98144.0,POINT (-122.30823 47.581975),53033009300.0
WA,King,Seattle,98122.0,POINT (-122.30839 47.610365),53033007902.0
WA,Thurston,Centralia,98531.0,POINT (-122.962555 46.716875),53067012710.0
WA,Snohomish,Darrington,98241.0,POINT (-121.604165 48.252975),53061053700.0
WA,Snohomish,Stanwood,98292.0,POINT (-122.3684051 48.2414921),53061053201.0
WA,Benton,Kennewick,99336.0,POINT (-119.113535 46.204945),53005011001.0
WA,Snohomish,Snohomish,98296.0,POINT (-122.15134 47.8851158),53061052112.0
WA,Clark,Vancouver,98665.0,POINT (-122.66592 45.678565),53011041010.0
WA,King,Tukwila,98188.0,POINT (-122.29179 47.43473),53033028300.0
WA,King,Seattle,98106.0,POINT (-122.356145 47.52104),53033010800.0
WA,Clark,Washougal,98671.0,POINT (-122.3538285 45.5838634),53011040605.0
WA,King,Seattle,98119.0,POINT (-122.363815 47.63046),53033007002.0
WA,Clark,Vancouver,98662.0,POINT (-122.5918493 45.6617058),53011040806.0
WA,Snohomish,Lake Stevens,98258.0,POINT (-122.112265 48.0047),53061052504.0
WA,King,Seattle,98106.0,POINT (-122.356145 47.52104),53033011401.0
WA,Snohomish,Arlington,98223.0,POINT (-122.12324 48.19485),53061053101.0
WA,Pierce,Lakewood,98498.0,POINT (-122.547645 47.176685),53053071902.0
WA,Jefferson,Nordland,98358.0,POINT (-122.691675 48.05815),53031950400.0
WA,Kitsap,Bremerton,98311.0,POINT (-122.6468815 47.6344364),53035091900.0
WA,Snohomish,Bothell,98011.0,POINT (-122.20578 47.762405),53061051938.0
WA,Clark,La Center,98629.0,POINT (-122.6706246 45.8662548),53011040203.0
WA,King,Shoreline,98155.0,POINT (-122.3175 47.7578146),53033021400.0
WA,Clark,Ridgefield,98642.0,POINT (-122.74291 45.818445),53011040412.0
WA,King,Seattle,98103.0,POINT (-122.34301 47.659185),53033005402.0
WA,Kitsap,Bremerton,98312.0,POINT (-122.65223 47.57192),53035092000.0
WA,Kitsap,Poulsbo,98370.0,POINT (-122.64177 47.737525),53035091205.0
WA,Klickitat,Bingen,98605.0,POINT (-121.648859 45.7491397),53039950302.0
WA,King,Seatac,98198.0,POINT (-122.3219166 47.4013897),53033028801.0
WA,King,Des Moines,98198.0,POINT (-122.3219166 47.4013897),53033028901.0
WA,Pierce,Puyallup,98374.0,POINT (-122.275748 47.1395924),53053071207.0
WA,Clark,Vancouver,98661.0,POINT (-122.641835 45.638545),53011042700.0
WA,King,Seatac,98168.0,POINT (-122.286465 47.476),53033027300.0
WA,Clark,Woodland,98674.0,POINT (-122.73125 45.923065),53011040201.0
WA,Clark,Vancouver,98660.0,POINT (-122.675975 45.630465),53011042000.0
WA,Pierce,Gig Harbor,98335.0,POINT (-122.5835454 47.3234488),53053072405.0
WA,King,Federal Way,98003.0,POINT (-122.31327 47.32329),53033030003.0
WA,King,Federal Way,98023.0,POINT (-122.363215 47.3084),53033030101.0
WA,Clallam,Sequim,98382.0,POINT (-123.105015 48.08104),53009002002.0
WA,King,Woodinville,98072.0,POINT (-122.151665 47.75855),53033032321.0
WA,King,Newcastle,98059.0,POINT (-122.15734 47.487175),53033025001.0
WA,Clark,Vancouver,98663.0,POINT (-122.666325 45.641205),53011041800.0
WA,King,Bellevue,98004.0,POINT (-122.201905 47.61385),53033023702.0
WA,Kitsap,Bremerton,98337.0,POINT (-122.635905 47.57097),53035080500.0
WA,Clark,Vancouver,98682.0,POINT (-122.5146473 45.67862),53011040711.0
WA,Snohomish,Everett,98204.0,POINT (-122.240535 47.91139),53061041815.0
WA,Asotin,Clarkston,99403.0,POINT (-117.045685 46.4163),53003960200.0
WA,Thurston,Lacey,98516.0,POINT (-122.7510253 47.08149),53067012221.0
WA,Thurston,Rainier,98576.0,POINT (-122.6898776 46.8908492),53067012531.0
WA,Yakima,Yakima,98908.0,POINT (-120.6027202 46.5965625),53077000902.0
WA,Cowlitz,Castle Rock,98611.0,POINT (-122.90778 46.2744),53015002004.0
WA,Pierce,Milton,98354.0,POINT (-122.31774 47.246525),53053070703.0
WA,Yakima,Yakima,98908.0,POINT (-120.6027202 46.5965625),53077001100.0
WA,Kitsap,Bremerton,98380.0,POINT (-122.847462 47.63836),53035092000.0
WA,King,Renton,98059.0,POINT (-122.15734 47.487175),53033025103.0
WA,King,Shoreline,98155.0,POINT (-122.3175 47.7578146),53033021000.0
WA,Cowlitz,Longview,98632.0,POINT (-122.9379953 46.1372997),53015000705.0
WA,King,Seattle,98103.0,POINT (-122.34301 47.659185),53033004600.0
WA,King,Bellevue,98004.0,POINT (-122.201905 47.61385),53033023601.0
WA,King,Ravensdale,98051.0,POINT (-121.98104 47.358625),53033031501.0
WA,King,Seattle,98112.0,POINT (-122.306935 47.62441),53033007502.0
WA,Thurston,Lacey,98516.0,POINT (-122.7510253 47.08149),53067012224.0
WA,Thurston,Rochester,98579.0,POINT (-123.09573 46.82158),53067012610.0
WA,Snohomish,Snohomish,98290.0,POINT (-122.091505 47.915555),53061052502.0
WA,King,Seattle,98125.0,POINT (-122.296385 47.71558),53033000602.0
WA,King,Seattle,98103.0,POINT (-122.34301 47.659185),53033001900.0
WA,King,Kent,98042.0,POINT (-122.111625 47.36078),53033029307.0
WA,King,Normandy Park,98198.0,POINT (-122.3219166 47.4013897),53033028600.0
WA,Clark,Vancouver,98665.0,POINT (-122.66592 45.678565),53011041009.0
WA,King,Issaquah,98027.0,POINT (-122.03646 47.534065),53033025007.0
WA,King,Seattle,98122.0,POINT (-122.30839 47.610365),53033008401.0
WA,Island,Camano Island,98282.0,POINT (-122.5310901 48.2192797),53029971600.0
WA,Clark,Camas,98607.0,POINT (-122.405565 45.59009),53011041500.0
WA,Pierce,Bonney Lake,98391.0,POINT (-122.183805 47.18062),53053070309.0
WA,Cowlitz,Longview,98632.0,POINT (-122.9379953 46.1372997),53015002100.0
WA,Snohomish,Lake Stevens,98258.0,POINT (-122.112265 48.0047),53061052506.0
WA,King,Seattle,98133.0,POINT (-122.34584 47.76726),53033000403.0
WA,Thurston,Olympia,98502.0,POINT (-122.92145 47.045935),53067010510.0
WA,Snohomish,Arlington,98223.0,POINT (-122.12324 48.19485),53061053506.0
WA,King,Auburn,98092.0,POINT (-122.1820969 47.3198995),53033031000.0
WA,King,Federal Way,98003.0,POINT (-122.31327 47.32329),53033030313.0
WA,King,Shoreline,98155.0,POINT (-122.3175 47.7578146),53033020402.0
WA,King,Seattle,98105.0,POINT (-122.319115 47.66132),53033004302.0
WA,King,Seattle,98199.0,POINT (-122.394185 47.639195),53033005801.0
WA,Snohomish,Snohomish,98290.0,POINT (-122.091505 47.915555),53061052105.0
WA,King,Seatac,98148.0,POINT (-122.32863 47.46233),53033028700.0
WA,King,Sammamish,98029.0,POINT (-121.999595 47.547635),53033032211.0
WA,King,Shoreline,98177.0,POINT (-122.382425 47.77279),53033020900.0
WA,Yakima,Yakima,98901.0,POINT (-120.500225 46.6043),53077001601.0
WA,Pierce,Tacoma,98407.0,POINT (-122.5113356 47.2923828),53053060500.0
WA,King,Sammamish,98075.0,POINT (-122.03309 47.58153),53033032207.0
WA,King,Normandy Park,98166.0,POINT (-122.34102 47.46593),53033027800.0
WA,King,Seattle,98109.0,POINT (-122.34848 47.632405),53033006600.0
WA,Snohomish,Tulalip,98271.0,POINT (-122.1713847 48.10433),53061940001.0
WA,Thurston,Tenino,98589.0,POINT (-122.853421 46.8553318),53067012530.0
WA,Pierce,Lake Tapps,98391.0,POINT (-122.183805 47.18062),53053070307.0
WA,King,Shoreline,98133.0,POINT (-122.34584 47.76726),53033020302.0
WA,King,Seattle,98102.0,POINT (-122.3223156 47.6402108),53033006200.0
WA,Kitsap,Silverdale,98383.0,POINT (-122.668076 47.665978),53035091204.0
WA,San Juan,Friday Harbor,98250.0,POINT (-123.0219704 48.5316467),53055960302.0
WA,King,Bothell,98011.0,POINT (-122.20578 47.762405),53033021702.0
WA,Clallam,Port Angeles,98362.0,POINT (-123.424865 48.110695),53009001400.0
WA,Spokane,Spokane,99223.0,POINT (-117.369705 47.62637),53063005000.0
WA,King,Seattle,98102.0,POINT (-122.3223156 47.6402108),53033007405.0
WA,Snohomish,Stanwood,98292.0,POINT (-122.3684051 48.2414921),53061940002.0
WA,Thurston,Olympia,98512.0,POINT (-122.9131017 47.0135926),53067011901.0
WA,Snohomish,Marysville,98271.0,POINT (-122.1713847 48.10433),53061052807.0
WA,Kitsap,Indianola,98342.0,POINT (-122.5271049 47.7517942),53035940000.0
WA,Kitsap,Gig Harbor,98329.0,POINT (-122.6657985 47.383359),53035092902.0
WA,Whatcom,Bellingham,98225.0,POINT (-122.486115 48.761615),53073001101.0
WA,Yakima,Yakima,98902.0,POINT (-120.524012 46.5973939),53077001201.0
WA,Clark,Vancouver,98661.0,POINT (-122.641835 45.638545),53011042601.0
WA,King,Seattle,98119.0,POINT (-122.363815 47.63046),53033007102.0
WA,King,Seattle,98115.0,POINT (-122.3185 47.67949),53033002500.0
WA,Clark,Vancouver,98663.0,POINT (-122.666325 45.641205),53011041011.0
WA,Thurston,Lacey,98503.0,POINT (-122.8285 47.03646),53067011410.0
WA,Yakima,Granger,98932.0,POINT (-120.1934 46.345135),53077940003.0
WA,Snohomish,Edmonds,98026.0,POINT (-122.335685 47.80372),53061051601.0
WA,Snohomish,Bothell,98012.0,POINT (-122.1876761 47.820517),53061052010.0
WA,King,Tukwila,98168.0,POINT (-122.286465 47.476),53033028200.0
WA,King,Maple Valley,98038.0,POINT (-122.05191 47.357985),53033032006.0
WA,Clark,Ridgefield,98642.0,POINT (-122.74291 45.818445),53011040301.0
WA,Snohomish,Mukilteo,98275.0,POINT (-122.299965 47.94171),53061041304.0
WA,King,Seattle,98144.0,POINT (-122.30823 47.581975),53033010002.0
WA,Snohomish,Lynnwood,98087.0,POINT (-122.2551991 47.8650827),53061042004.0
WA,Franklin,Pasco,99301.0,POINT (-119.0982 46.232395),53021020603.0
WA,Snohomish,Lynnwood,98037.0,POINT (-122.297265 47.84182),53061051601.0
WA,Thurston,Lacey,98516.0,POINT (-122.7510253 47.08149),53067011200.0
WA,Pierce,Gig Harbor,98335.0,POINT (-122.5835454 47.3234488),53053072406.0
WA,Thurston,Olympia,98506.0,POINT (-122.8874781 47.0519573),53067010300.0
WA,Whatcom,Bellingham,98226.0,POINT (-122.45493 48.76809),53073000803.0
WA,Snohomish,Lynnwood,98036.0,POINT (-122.3164188 47.819664),53061051401.0
WA,Skagit,Anacortes,98221.0,POINT (-122.615305 48.501275),53057940201.0
WA,Snohomish,Sultan,98294.0,POINT (-121.814825 47.868195),53061053802.0
WA,Pierce,Fox Island,98333.0,POINT (-122.6066806 47.2254086),53053072410.0
WA,King,Seattle,98105.0,POINT (-122.319115 47.66132),53033005303.0
WA,King,Federal Way,98003.0,POINT (-122.31327 47.32329),53033030403.0
WA,King,Seattle,98106.0,POINT (-122.356145 47.52104),53033009900.0
WA,Snohomish,Monroe,98272.0,POINT (-121.972215 47.85674),53061053802.0
WA,Yakima,Sunnyside,98944.0,POINT (-120.011515 46.32189),53077002005.0
WA,Jefferson,Port Hadlock,98339.0,POINT (-122.7759694 48.041403),53031950302.0
WA,King,Issaquah,98027.0,POINT (-122.03646 47.534065),53033023404.0
WA,King,North Bend,98045.0,POINT (-121.7814012 47.4935316),53033032800.0
WA,Island,Oak Harbor,98277.0,POINT (-122.67499 48.287295),53029970800.0
WA,Thurston,Lacey,98503.0,POINT (-122.8285 47.03646),53067011627.0
WA,King,Seattle,98108.0,POINT (-122.326965 47.55015),53033009300.0
WA,Yakima,Yakima,98901.0,POINT (-120.500225 46.6043),53077001503.0
WA,King,Auburn,98092.0,POINT (-122.1820969 47.3198995),53033031101.0
WA,King,Federal Way,98003.0,POINT (-122.31327 47.32329),53033030007.0
WA,Cowlitz,Kelso,98626.0,POINT (-122.90724 46.14458),53015001200.0
WA,Clark,Battle Ground,98604.0,POINT (-122.53218 45.77945),53011040413.0
WA,Pierce,Tacoma,98404.0,POINT (-122.4096963 47.2174975),53053063301.0
WA,King,Covington,98042.0,POINT (-122.111625 47.36078),53033032006.0
WA,Clallam,Port Angeles,98363.0,POINT (-123.46101 48.118925),53009000600.0
WA,Kitsap,Bainbridge Island,98110.0,POINT (-122.5235781 47.6293323),53035091001.0
WA,King,Covington,98042.0,POINT (-122.111625 47.36078),53033031707.0
WA,King,Mercer Island,98040.0,POINT (-122.2377542 47.582905),53033024602.0
WA,King,Maple Valley,98038.0,POINT (-122.05191 47.357985),53033031604.0
WA,Kitsap,Keyport,98345.0,POINT (-122.6250117 47.7021263),53035091100.0
WA,King,Renton,98059.0,POINT (-122.15734 47.487175),53033025104.0
WA,Yakima,Grandview,98930.0,POINT (-119.91556 46.249215),53077001901.0
WA,Skagit,Mount Vernon,98273.0,POINT (-122.338975 48.41333),53057952200.0
WA,Skagit,Sedro-Woolley,98284.0,POINT (-122.235035 48.503325),53057951502.0
WA,King,Redmond,98053.0,POINT (-122.0370611 47.6887161),53033032315.0
WA,Kitsap,Bremerton,98311.0,POINT (-122.6468815 47.6344364),53035091500.0
WA,Snohomish,Mill Creek,98012.0,POINT (-122.1876761 47.820517),53061041609.0
WA,Grant,Ephrata,98823.0,POINT (-119.55513 47.31936),53025010401.0
WA,Snohomish,Lynnwood,98087.0,POINT (-122.2551991 47.8650827),53061051802.0
WA,Spokane,Spokane Valley,99027.0,POINT (-117.10722 47.698585),53063013201.0
WA,Clark,Ridgefield,98642.0,POINT (-122.74291 45.818445),53011040409.0
WA,Pierce,Gig Harbor,98332.0,POINT (-122.589645 47.342345),53053072504.0
WA,Clark,Battle Ground,98604.0,POINT (-122.53218 45.77945),53011040102.0
WA,King,Kirkland,98034.0,POINT (-122.209285 47.71124),53033022101.0
WA,King,Kent,98031.0,POINT (-122.2012521 47.3931814),53033029603.0
WA,Clark,Vancouver,98682.0,POINT (-122.5146473 45.67862),53011041336.0
WA,Thurston,Yelm,98597.0,POINT (-122.61023 46.94126),53067012510.0
WA,Snohomish,Everett,98204.0,POINT (-122.240535 47.91139),53061041810.0
WA,Clark,Ridgefield,98642.0,POINT (-122.74291 45.818445),53011040905.0
WA,Pierce,Tacoma,98405.0,POINT (-122.45153 47.251135),53053061300.0
WA,Whitman,Pullman,99163.0,POINT (-117.17912 46.730885),53075000300.0
WA,Snohomish,Snohomish,98296.0,POINT (-122.15134 47.8851158),53061052105.0
WA,Whatcom,Bellingham,98225.0,POINT (-122.486115 48.761615),53073000401.0
WA,Stevens,Colville,99114.0,POINT (-117.90431 48.547075),53065950102.0
WA,King,Seattle,98105.0,POINT (-122.319115 47.66132),53033004402.0
WA,King,Federal Way,98003.0,POINT (-122.31327 47.32329),53033030005.0
WA,Spokane,Deer Park,99006.0,POINT (-117.47501 47.956285),53063010304.0
WA,King,Renton,98057.0,POINT (-122.21024 47.4797047),53033026003.0
WA,Grant,Moses Lake,98837.0,POINT (-119.2599876 47.1240154),53025010904.0
WA,Kitsap,Port Orchard,98367.0,POINT (-122.6851642 47.506453),53035092704.0
WA,King,Seattle,98119.0,POINT (-122.363815 47.63046),53033007101.0
WA,King,Pacific,98047.0,POINT (-122.250215 47.25014),53033030901.0
WA,King,Seatac,98188.0,POINT (-122.29179 47.43473),53033028802.0
WA,Cowlitz,Kelso,98626.0,POINT (-122.90724 46.14458),53015000902.0
WA,Benton,Kennewick,99336.0,POINT (-119.113535 46.204945),53005011100.0
WA,Spokane,Spokane Valley,99037.0,POINT (-117.19651 47.65942),53063012902.0
WA,King,Kent,98032.0,POINT (-122.235475 47.3809),53033029203.0
WA,King,Federal Way,98023.0,POINT (-122.363215 47.3084),53033030102.0
WA,Snohomish,Everett,98208.0,POINT (-122.2247757 47.9156409),53061041808.0
WA,Snohomish,Lynnwood,98037.0,POINT (-122.297265 47.84182),53061051702.0
WA,Yakima,Grandview,98930.0,POINT (-119.91556 46.249215),53077001902.0
WA,King,Algona,98001.0,POINT (-122.2849393 47.3384055),53033030901.0
WA,Yakima,Toppenish,98948.0,POINT (-120.31287 46.37534),53077940005.0
WA,Snohomish,Snohomish,98296.0,POINT (-122.15134 47.8851158),53061052114.0
WA,Pierce,Tacoma,98404.0,POINT (-122.4096963 47.2174975),53053940004.0
WA,Okanogan,Omak,98841.0,POINT (-119.529965 48.41147),53047970602.0
WA,King,Sammamish,98029.0,POINT (-121.999595 47.547635),53033032223.0
WA,King,Shoreline,98133.0,POINT (-122.34584 47.76726),53033020200.0
WA,Snohomish,Lynnwood,98036.0,POINT (-122.3164188 47.819664),53061051929.0
WA,Mason,Shelton,98584.0,POINT (-123.105305 47.211085),53045961000.0
WA,Clark,Brush Prairie,98606.0,POINT (-122.5485715 45.7336587),53011040713.0
WA,Snohomish,Everett,98208.0,POINT (-122.2247757 47.9156409),53061041601.0
WA,King,Seattle,98101.0,POINT (-122.33589 47.61099),53033007302.0
WA,Pierce,Auburn,98092.0,POINT (-122.1820969 47.3198995),53053070315.0
WA,Snohomish,Everett,98208.0,POINT (-122.2247757 47.9156409),53061041605.0
WA,King,Normandy Park,98198.0,POINT (-122.3219166 47.4013897),53033028901.0
WA,Cowlitz,Castle Rock,98611.0,POINT (-122.90778 46.2744),53015001700.0
WA,Clark,Vancouver,98662.0,POINT (-122.5918493 45.6617058),53011040706.0
WA,King,Seattle,98108.0,POINT (-122.326965 47.55015),53033010900.0
WA,Whatcom,Bellingham,98226.0,POINT (-122.45493 48.76809),53073000203.0
WA,San Juan,Friday Harbor,98250.0,POINT (-123.0219704 48.5316467),53055960400.0
WA,King,Maple Valley,98038.0,POINT (-122.05191 47.357985),53033032008.0
WA,King,Des Moines,98148.0,POINT (-122.32863 47.46233),53033028700.0
WA,Yakima,Yakima,98902.0,POINT (-120.524012 46.5973939),53077000100.0
WA,Snohomish,Edmonds,98026.0,POINT (-122.335685 47.80372),53061050800.0
WA,Snohomish,Marysville,98271.0,POINT (-122.1713847 48.10433),53061053101.0
WA,Pierce,Joint Base Lewis Mcchord,98433.0,POINT (-122.596275 47.097005),53053072907.0
WA,Snohomish,Bothell,98021.0,POINT (-122.179458 47.802589),53061051932.0
WA,King,Carnation,98014.0,POINT (-121.9105947 47.6483005),53033032315.0
WA,Island,Camano Island,98282.0,POINT (-122.5310901 48.2192797),53029971500.0
WA,King,Maple Valley,98038.0,POINT (-122.05191 47.357985),53033032011.0
WA,Klickitat,Klickitat,98635.0,POINT (-121.2837218 45.6947484),53039950200.0
WA,Clark,Vancouver,98686.0,POINT (-122.6483953 45.7010427),53011040904.0
WA,King,Normandy Park,98148.0,POINT (-122.32863 47.46233),53033028600.0
WA,Thurston,Olympia,98501.0,POINT (-122.89692 47.043535),53067011200.0
WA,Clark,Vancouver,98661.0,POINT (-122.641835 45.638545),53011041700.0
WA,Yakima,Mabton,98935.0,POINT (-119.996825 46.21362),53077002701.0
WA,King,Auburn,98092.0,POINT (-122.1820969 47.3198995),53033029604.0
WA,Clark,Vancouver,98684.0,POINT (-122.51692 45.6228),53011041334.0
WA,King,Tukwila,98168.0,POINT (-122.286465 47.476),53033026300.0
WA,Island,Camano Island,98282.0,POINT (-122.5310901 48.2192797),53029971400.0
WA,King,Sammamish,98074.0,POINT (-122.0313266 47.6285782),53033032215.0
WA,Yakima,Yakima,98902.0,POINT (-120.524012 46.5973939),53077000600.0
WA,Yakima,Wapato,98951.0,POINT (-120.421245 46.44554),53077940001.0
WA,King,Kent,98042.0,POINT (-122.111625 47.36078),53033031601.0
WA,King,Seattle,98117.0,POINT (-122.37275 47.68968),53033001400.0
WA,Yakima,Yakima,98902.0,POINT (-120.524012 46.5973939),53077000301.0
WA,Snohomish,Snohomish,98290.0,POINT (-122.091505 47.915555),53061052301.0
WA,Pierce,Gig Harbor,98332.0,POINT (-122.589645 47.342345),53053072508.0
WA,Yakima,Zillah,98953.0,POINT (-120.26034 46.404935),53077002201.0
WA,Spokane,Spokane,99201.0,POINT (-117.431895 47.667155),53063002300.0
WA,Benton,Kennewick,99336.0,POINT (-119.113535 46.204945),53005010809.0
WA,King,Burien,98168.0,POINT (-122.286465 47.476),53033026400.0
WA,Pierce,University Place,98466.0,POINT (-122.537565 47.231645),53053072311.0
WA,King,Seattle,98107.0,POINT (-122.378895 47.66905),53033004701.0
WA,Pierce,Tacoma,98406.0,POINT (-122.490985 47.26365),53053060700.0
WA,Clark,Vancouver,98662.0,POINT (-122.5918493 45.6617058),53011041104.0
WA,San Juan,Friday Harbor,98250.0,POINT (-123.0219704 48.5316467),53055960301.0
WA,Grays Harbor,Amanda Park,98526.0,POINT (-123.9252642 47.4710694),53027000300.0
WA,Snohomish,Bothell,98012.0,POINT (-122.1876761 47.820517),53061052008.0
WA,Snohomish,Snohomish,98290.0,POINT (-122.091505 47.915555),53061052302.0
WA,Snohomish,Lake Stevens,98258.0,POINT (-122.112265 48.0047),53061052603.0
WA,Cowlitz,Longview,98632.0,POINT (-122.9379953 46.1372997),53015000602.0
WA,Pierce,Tacoma,98404.0,POINT (-122.4096963 47.2174975),53053940007.0
WA,King,Kenmore,98028.0,POINT (-122.2504747 47.7617128),53033021500.0
WA,Thurston,Olympia,98501.0,POINT (-122.89692 47.043535),53067011721.0
WA,Yakima,Yakima,98903.0,POINT (-120.477805 46.553505),53077001100.0
WA,Grays Harbor,Aberdeen,98520.0,POINT (-123.8206 46.97789),53027000800.0
WA,Spokane,Spokane,99208.0,POINT (-117.40725 47.718625),53063010702.0
WA,King,Enumclaw,98022.0,POINT (-121.98953 47.20347),53033031502.0
WA,Yakima,Sunnyside,98944.0,POINT (-120.011515 46.32189),53077002006.0
WA,Yakima,Yakima,98908.0,POINT (-120.6027202 46.5965625),53077000401.0
WA,Whatcom,Lummi Island,98262.0,POINT (-122.6888403 48.7199947),53073010900.0
WA,Mason,Shelton,98584.0,POINT (-123.105305 47.211085),53045961300.0
WA,Clark,Vancouver,98661.0,POINT (-122.641835 45.638545),53011042800.0
WA,Pierce,Lakewood,98499.0,POINT (-122.5181098 47.1712579),53053071901.0
WA,King,Seattle,98136.0,POINT (-122.388675 47.5415),53033010602.0
WA,Kitsap,Port Orchard,98366.0,POINT (-122.639265 47.5373),53035092801.0
WA,King,Kent,98032.0,POINT (-122.235475 47.3809),53033029803.0
WA,Clallam,Forks,98331.0,POINT (-124.2553016 47.80892),53009000300.0
WA,King,Seattle,98108.0,POINT (-122.326965 47.55015),53033010401.0
WA,Snohomish,Arlington,98223.0,POINT (-122.12324 48.19485),53061053102.0
WA,Spokane,Spokane Valley,99212.0,POINT (-117.288055 47.68043),53063012200.0
WA,Whatcom,Deming,98244.0,POINT (-122.2147543 48.8233229),53073010101.0
WA,Kitsap,Port Orchard,98367.0,POINT (-122.6851642 47.506453),53035092801.0
WA,Pierce,Lake Tapps,98391.0,POINT (-122.183805 47.18062),53053070314.0
WA,King,Seattle,98117.0,POINT (-122.37275 47.68968),53033003100.0
WA,Island,Coupeville,98239.0,POINT (-122.6880708 48.2179983),53029971100.0
WA,Whatcom,Bellingham,98226.0,POINT (-122.45493 48.76809),53073000102.0
WA,Clark,Vancouver,98665.0,POINT (-122.66592 45.678565),53011040809.0
WA,King,Mercer Island,98040.0,POINT (-122.2377542 47.582905),53033024601.0
WA,Clark,Vancouver,98686.0,POINT (-122.6483953 45.7010427),53011040808.0
WA,Whatcom,Ferndale,98248.0,POINT (-122.6011039 48.85324),53073000202.0
WA,Snohomish,Granite Falls,98252.0,POINT (-121.96994 48.08334),53061053605.0
WA,Jefferson,Port Hadlock,98339.0,POINT (-122.7759694 48.041403),53031950400.0
WA,Walla Walla,Walla Walla,99362.0,POINT (-118.34332 46.063985),53071920802.0
WA,King,Bellevue,98005.0,POINT (-122.16085 47.624515),53033023401.0
WA,King,Burien,98148.0,POINT (-122.32863 47.46233),53033028000.0
WA,Pierce,Gig Harbor,98335.0,POINT (-122.5835454 47.3234488),53053072408.0
WA,Snohomish,Everett,98201.0,POINT (-122.20722 47.979935),53061040300.0
WA,King,Seattle,98115.0,POINT (-122.3185 47.67949),53033002700.0
WA,Stevens,Colville,99114.0,POINT (-117.90431 48.547075),53065950500.0
WA,King,Snoqualmie,98065.0,POINT (-121.8740496 47.5345546),53033032604.0
WA,Spokane,Spokane,99223.0,POINT (-117.369705 47.62637),53063013401.0
WA,Clallam,Sequim,98382.0,POINT (-123.105015 48.08104),53009002100.0
WA,Pierce,Graham,98338.0,POINT (-122.2953401 47.0763961),53053073116.0
WA,Clallam,Port Angeles,98363.0,POINT (-123.46101 48.118925),53009000800.0
WA,Mason,Shelton,98584.0,POINT (-123.105305 47.211085),53045960202.0
WA,Lewis,Centralia,98531.0,POINT (-122.962555 46.716875),53041970300.0
WA,King,Seattle,98117.0,POINT (-122.37275 47.68968),53033003301.0
WA,Snohomish,Everett,98208.0,POINT (-122.2247757 47.9156409),53061041813.0
WA,Thurston,Bucoda,98530.0,POINT (-122.872497218 46.794825),53067012620.0
WA,Cowlitz,Kelso,98626.0,POINT (-122.90724 46.14458),53015001601.0
WA,Island,Camano Island,98282.0,POINT (-122.5310901 48.2192797),53029971700.0
WA,Jefferson,Port Hadlock,98339.0,POINT (-122.7759694 48.041403),53031950501.0
WA,Snohomish,Arlington,98223.0,POINT (-122.12324 48.19485),53061052701.0
WA,King,Federal Way,98023.0,POINT (-122.363215 47.3084),53033030304.0
WA,Snohomish,Edmonds,98026.0,POINT (-122.335685 47.80372),53061050402.0
WA,Pierce,Bonney Lake,98391.0,POINT (-122.183805 47.18062),53053070308.0
WA,Snohomish,Granite Falls,98252.0,POINT (-121.96994 48.08334),53061053606.0
WA,Snohomish,Mountlake Terrace,98043.0,POINT (-122.30842 47.78416),53061051301.0
WA,Yakima,Yakima,98903.0,POINT (-120.477805 46.553505),53077001202.0
WA,Benton,Richland,99354.0,POINT (-119.28753 46.29747),53005010100.0
WA,King,Tukwila,98168.0,POINT (-122.286465 47.476),53033027100.0
WA,Snohomish,Mountlake Terrace,98043.0,POINT (-122.30842 47.78416),53061051000.0
WA,Clark,Woodland,98674.0,POINT (-122.73125 45.923065),53011040202.0
WA,Clark,Vancouver,98663.0,POINT (-122.666325 45.641205),53011042500.0
WA,King,Renton,98057.0,POINT (-122.21024 47.4797047),53033026004.0
WA,King,Renton,98056.0,POINT (-122.180505 47.500055),53033024703.0
WA,Yakima,Granger,98932.0,POINT (-120.1934 46.345135),53077002104.0
WA,Pierce,Tacoma,98406.0,POINT (-122.490985 47.26365),53053060908.0
WA,King,Seattle,98166.0,POINT (-122.34102 47.46593),53033027600.0
WA,Clark,Vancouver,98660.0,POINT (-122.675975 45.630465),53011041003.0
WA,King,Sammamish,98029.0,POINT (-121.999595 47.547635),53033032215.0
WA,Skamania,Washougal,98671.0,POINT (-122.3538285 45.5838634),53059950200.0
WA,Clark,Brush Prairie,98606.0,POINT (-122.5485715 45.7336587),53011040504.0
WA,Snohomish,Everett,98201.0,POINT (-122.20722 47.979935),53061040500.0
WA,King,Seattle,98104.0,POINT (-122.329075 47.6018),53033008200.0
WA,King,Renton,98056.0,POINT (-122.180505 47.500055),53033025402.0
WA,King,Sammamish,98075.0,POINT (-122.03309 47.58153),53033032218.0
WA,King,Black Diamond,98010.0,POINT (-122.00498 47.31187),53033031603.0
WA,Snohomish,Bothell,98021.0,POINT (-122.179458 47.802589),53061051913.0
WA,King,Seattle,98121.0,POINT (-122.344125 47.61546),53033007201.0
WA,King,Seatac,98168.0,POINT (-122.286465 47.476),53033028100.0
WA,King,Seattle,98126.0,POINT (-122.37439 47.54468),53033009801.0
WA,King,Sammamish,98075.0,POINT (-122.03309 47.58153),53033032211.0
WA,King,Maple Valley,98038.0,POINT (-122.05191 47.357985),53033031603.0
WA,King,Seatac,98198.0,POINT (-122.3219166 47.4013897),53033028300.0
WA,King,Mercer Island,98040.0,POINT (-122.2377542 47.582905),53033024301.0
WA,King,Seattle,98125.0,POINT (-122.296385 47.71558),53033002100.0
WA,King,Covington,98042.0,POINT (-122.111625 47.36078),53033032007.0
WA,King,Maple Valley,98038.0,POINT (-122.05191 47.357985),53033032010.0
WA,King,Kent,98031.0,POINT (-122.2012521 47.3931814),53033029207.0
WA,King,Tukwila,98032.0,POINT (-122.235475 47.3809),53033028300.0
WA,King,Auburn,98002.0,POINT (-122.222855 47.305065),53033031102.0
WA,King,Carnation,98014.0,POINT (-121.9105947 47.6483005),53033032500.0
WA,Clark,Yacolt,98675.0,POINT (-122.4066726 45.8651816),53011040504.0
WA,King,Seattle,98115.0,POINT (-122.3185 47.67949),53033002100.0
WA,King,Seattle,98126.0,POINT (-122.37439 47.54468),53033009900.0
WA,King,Kent,98032.0,POINT (-122.235475 47.3809),53033029102.0
WA,King,Seattle,98121.0,POINT (-122.344125 47.61546),53033008002.0
WA,Snohomish,Everett,98203.0,POINT (-122.213105 47.95479),53061041400.0
WA,King,Issaquah,98029.0,POINT (-121.999595 47.547635),53033032219.0
WA,Island,Oak Harbor,98277.0,POINT (-122.67499 48.287295),53029970601.0
WA,King,Seattle,98117.0,POINT (-122.37275 47.68968),53033001701.0
WA,Snohomish,Monroe,98272.0,POINT (-121.972215 47.85674),53061052113.0
WA,King,Seattle,98103.0,POINT (-122.34301 47.659185),53033003601.0
WA,King,Bothell,98011.0,POINT (-122.20578 47.762405),53033021701.0
WA,King,Seattle,98116.0,POINT (-122.38679 47.56484),53033009702.0
WA,King,Kent,98042.0,POINT (-122.111625 47.36078),53033029406.0
WA,Kitsap,Port Orchard,98367.0,POINT (-122.6851642 47.506453),53035092102.0
WA,King,Seattle,98121.0,POINT (-122.344125 47.61546),53033008003.0
WA,King,Shoreline,98155.0,POINT (-122.3175 47.7578146),53033020302.0
WA,King,Seattle,98144.0,POINT (-122.30823 47.581975),53033010001.0
WA,Kitsap,Bremerton,98312.0,POINT (-122.65223 47.57192),53035092102.0
WA,King,Seattle,98116.0,POINT (-122.38679 47.56484),53033009701.0
WA,King,Seattle,98115.0,POINT (-122.3185 47.67949),53033004301.0
WA,Snohomish,Stanwood,98292.0,POINT (-122.3684051 48.2414921),53061053301.0
WA,King,Seattle,98126.0,POINT (-122.37439 47.54468),53033009600.0
WA,King,Federal Way,98023.0,POINT (-122.363215 47.3084),53033030306.0
WA,King,Kent,98032.0,POINT (-122.235475 47.3809),53033029804.0
WA,Snohomish,Edmonds,98026.0,POINT (-122.335685 47.80372),53061050404.0
WA,Clark,Camas,98607.0,POINT (-122.405565 45.59009),53011040603.0
WA,Kitsap,Port Orchard,98366.0,POINT (-122.639265 47.5373),53035092701.0
WA,King,Seattle,98101.0,POINT (-122.33589 47.61099),53033007202.0
WA,King,Federal Way,98023.0,POINT (-122.363215 47.3084),53033030305.0
WA,Snohomish,Bothell,98012.0,POINT (-122.1876761 47.820517),53061051936.0
WA,King,Kent,98032.0,POINT (-122.235475 47.3809),53033029206.0
WA,Snohomish,Edmonds,98020.0,POINT (-122.37507 47.80807),53061050800.0
WA,Clark,Brush Prairie,98606.0,POINT (-122.5485715 45.7336587),53011040511.0
WA,King,Kent,98032.0,POINT (-122.235475 47.3809),53033029701.0
WA,King,Black Diamond,98010.0,POINT (-122.00498 47.31187),53033031605.0
WA,King,Issaquah,98027.0,POINT (-122.03646 47.534065),53033032219.0
WA,King,Seattle,98117.0,POINT (-122.37275 47.68968),53033003202.0
WA,King,Seattle,98199.0,POINT (-122.394185 47.639195),53033005804.0
WA,King,Bellevue,98007.0,POINT (-122.147385 47.599975),53033023403.0
WA,King,Kent,98032.0,POINT (-122.235475 47.3809),53033029205.0
WA,King,Seattle,98121.0,POINT (-122.344125 47.61546),53033008004.0
WA,Cowlitz,Longview,98632.0,POINT (-122.9379953 46.1372997),53015000702.0
WA,Kitsap,Bremerton,98311.0,POINT (-122.6468815 47.6344364),53035091701.0
WA,King,Federal Way,98003.0,POINT (-122.31327 47.32329),53033030006.0
WA,Snohomish,Gold Bar,98251.0,POINT (-121.69427 47.858175),53061053803.0
WA,Snohomish,Snohomish,98290.0,POINT (-122.091505 47.915555),53061053606.0
WA,Clallam,Sequim,98382.0,POINT (-123.105015 48.08104),53009001901.0
WA,King,Maple Valley,98051.0,POINT (-121.98104 47.358625),53033031603.0
WA,King,Seattle,98126.0,POINT (-122.37439 47.54468),53033010702.0
WA,Jefferson,Quilcene,98376.0,POINT (-122.8756509 47.823013),53031950301.0
WA,Snohomish,Arlington,98223.0,POINT (-122.12324 48.19485),53061052803.0
WA,King,Kent,98031.0,POINT (-122.2012521 47.3931814),53033029208.0
WA,Snohomish,Woodinville,98072.0,POINT (-122.151665 47.75855),53061051912.0
WA,King,Federal Way,98023.0,POINT (-122.363215 47.3084),53033030311.0
WA,King,Seattle,98116.0,POINT (-122.38679 47.56484),53033009801.0
WA,Snohomish,Arlington,98223.0,POINT (-122.12324 48.19485),53061053511.0
WA,King,Auburn,98002.0,POINT (-122.222855 47.305065),53033030801.0
WA,Clark,Vancouver,98662.0,POINT (-122.5918493 45.6617058),53011041203.0
WA,King,Maple Valley,98038.0,POINT (-122.05191 47.357985),53033032007.0
WA,Snohomish,Mountlake Terrace,98043.0,POINT (-122.30842 47.78416),53061051929.0
WA,Snohomish,Monroe,98272.0,POINT (-121.972215 47.85674),53061052208.0
WA,Jefferson,Chimacum,98325.0,POINT (-122.7811346 48.0162652),53031950301.0
WA,King,Seattle,98121.0,POINT (-122.344125 47.61546),53033008101.0
WA,Thurston,Olympia,98516.0,POINT (-122.7510253 47.08149),53067012211.0
WA,King,Seattle,98144.0,POINT (-122.30823 47.581975),53033010101.0
WA,Kitsap,Bremerton,98311.0,POINT (-122.6468815 47.6344364),53035091702.0
WA,Cowlitz,Toutle,98649.0,POINT (-122.7331471 46.3243192),53015001800.0
WA,King,Sammamish,98074.0,POINT (-122.0313266 47.6285782),53033032224.0
WA,King,Seattle,98108.0,POINT (-122.326965 47.55015),53033011002.0
WA,Snohomish,Woodinville,98072.0,POINT (-122.151665 47.75855),53061051926.0
WA,King,Seattle,98105.0,POINT (-122.319115 47.66132),53033004301.0
WA,King,Seatac,98198.0,POINT (-122.3219166 47.4013897),53033028802.0
WA,Yakima,Yakima,98901.0,POINT (-120.500225 46.6043),53077000200.0
WA,Snohomish,Arlington,98223.0,POINT (-122.12324 48.19485),53061053508.0
WA,King,Federal Way,98003.0,POINT (-122.31327 47.32329),53033030309.0
WA,Clark,Camas,98607.0,POINT (-122.405565 45.59009),53011040511.0
WA,Thurston,Centralia,98531.0,POINT (-122.962555 46.716875),53067012620.0
WA,King,Seattle,98108.0,POINT (-122.326965 47.55015),53033010101.0
WA,Thurston,Lacey,98503.0,POINT (-122.8285 47.03646),53067011628.0
WA,King,Seattle,98122.0,POINT (-122.30839 47.610365),53033007405.0
WA,King,Seattle,98106.0,POINT (-122.356145 47.52104),53033010701.0
WA,King,Sammamish,98075.0,POINT (-122.03309 47.58153),53033032221.0
WA,King,Tukwila,98188.0,POINT (-122.29179 47.43473),53033026200.0
WA,King,Seattle,98109.0,POINT (-122.34848 47.632405),53033008003.0
WA,King,Seattle,98122.0,POINT (-122.30839 47.610365),53033009000.0
WA,King,Bellevue,98005.0,POINT (-122.16085 47.624515),53033022804.0
WA,Yakima,Outlook,98938.0,POINT (-120.093285 46.331365),53077002104.0
WA,King,Seattle,98118.0,POINT (-122.28339 47.549285),53033010302.0
WA,King,Issaquah,98029.0,POINT (-121.999595 47.547635),53033032218.0
WA,Thurston,Tumwater,98501.0,POINT (-122.89692 47.043535),53067010801.0
WA,Snohomish,Brier,98036.0,POINT (-122.3164188 47.819664),53061051913.0
WA,King,Seattle,98126.0,POINT (-122.37439 47.54468),53033011401.0
WA,Snohomish,Edmonds,98020.0,POINT (-122.37507 47.80807),53061050402.0
WA,King,Kent,98032.0,POINT (-122.235475 47.3809),53033028300.0
WA,King,Kent,98032.0,POINT (-122.235475 47.3809),53033029004.0
WA,Clallam,Port Angeles,98362.0,POINT (-123.424865 48.110695),53009001100.0
WA,King,Auburn,98001.0,POINT (-122.2849393 47.3384055),53033029805.0
WA,Cowlitz,Longview,98632.0,POINT (-122.9379953 46.1372997),53015000501.0
WA,Clallam,Port Angeles,98362.0,POINT (-123.424865 48.110695),53009001200.0
WA,Yakima,Yakima,98901.0,POINT (-120.500225 46.6043),53077001502.0
WA,King,Federal Way,98003.0,POINT (-122.31327 47.32329),53033030008.0
WA,King,Seattle,98101.0,POINT (-122.33589 47.61099),53033008002.0
WA,King,Renton,98055.0,POINT (-122.197 47.43876),53033025704.0
WA,King,Seattle,98103.0,POINT (-122.34301 47.659185),53033004500.0
WA,Clallam,Port Angeles,98362.0,POINT (-123.424865 48.110695),53009001300.0
WA,Kitsap,Poulsbo,98370.0,POINT (-122.64177 47.737525),53035940000.0
WA,King,Federal Way,98001.0,POINT (-122.2849393 47.3384055),53033030407.0
WA,King,Lake Forest Park,98155.0,POINT (-122.3175 47.7578146),53033020401.0
WA,King,Auburn,98092.0,POINT (-122.1820969 47.3198995),53033029702.0
WA,Cowlitz,Longview,98632.0,POINT (-122.9379953 46.1372997),53015000703.0
WA,Cowlitz,Castle Rock,98611.0,POINT (-122.90778 46.2744),53015001900.0
WA,Island,Freeland,98249.0,POINT (-122.544745 48.03024),53029971900.0
WA,Kitsap,Kingston,98370.0,POINT (-122.64177 47.737525),53035090102.0
WA,King,Seattle,98102.0,POINT (-122.3223156 47.6402108),53033007403.0
WA,Snohomish,Monroe,98272.0,POINT (-121.972215 47.85674),53061052204.0
WA,King,Seattle,98118.0,POINT (-122.28339 47.549285),53033011002.0
WA,Island,Freeland,98249.0,POINT (-122.544745 48.03024),53029971302.0
WA,Yakima,Sunnyside,98944.0,POINT (-120.011515 46.32189),53077002101.0
WA,Yakima,Cowiche,98923.0,POINT (-120.713895 46.67108),53077002900.0
WA,Thurston,Olympia,98516.0,POINT (-122.7510253 47.08149),53067012224.0
WA,Snohomish,Lynnwood,98036.0,POINT (-122.3164188 47.819664),53061051500.0
WA,Clark,Battle Ground,98604.0,POINT (-122.53218 45.77945),53011040403.0
WA,Clark,La Center,98629.0,POINT (-122.6706246 45.8662548),53011040202.0
WA,Snohomish,Arlington,98223.0,POINT (-122.12324 48.19485),53061053509.0
WA,Clark,Brush Prairie,98606.0,POINT (-122.5485715 45.7336587),53011040709.0
WA,Clark,Vancouver,98665.0,POINT (-122.66592 45.678565),53011041005.0
WA,King,Seattle,98107.0,POINT (-122.378895 47.66905),53033003201.0
WA,King,Seattle,98103.0,POINT (-122.34301 47.659185),53033004901.0
WA,Snohomish,Mountlake Terrace,98043.0,POINT (-122.30842 47.78416),53061051100.0
WA,King,Seattle,98103.0,POINT (-122.34301 47.659185),53033002800.0
WA,King,Des Moines,98198.0,POINT (-122.3219166 47.4013897),53033030102.0
WA,Kitsap,Kingston,98346.0,POINT (-122.50156 47.8019),53035090202.0
WA,King,Bellevue,98008.0,POINT (-122.11832 47.6245),53033022803.0
WA,Kitsap,Indianola,98370.0,POINT (-122.64177 47.737525),53035940000.0
WA,King,Seattle,98126.0,POINT (-122.37439 47.54468),53033011402.0
WA,Snohomish,Arlington,98223.0,POINT (-122.12324 48.19485),53061053400.0
WA,Clark,Vancouver,98660.0,POINT (-122.675975 45.630465),53011041005.0
WA,Yakima,Grandview,98930.0,POINT (-119.91556 46.249215),53077001802.0
WA,Island,Coupeville,98239.0,POINT (-122.6880708 48.2179983),53029971302.0
WA,Snohomish,Lynnwood,98087.0,POINT (-122.2551991 47.8650827),53061051803.0
WA,King,Seattle,98115.0,POINT (-122.3185 47.67949),53033002400.0
WA,King,Renton,98059.0,POINT (-122.15734 47.487175),53033031912.0
WA,Snohomish,Lynnwood,98037.0,POINT (-122.297265 47.84182),53061050101.0
WA,King,Seattle,98122.0,POINT (-122.30839 47.610365),53033008900.0
WA,Clark,Washougal,98671.0,POINT (-122.3538285 45.5838634),53011040511.0
WA,King,Seatac,98188.0,POINT (-122.29179 47.43473),53033028801.0
WA,Clark,Camas,98607.0,POINT (-122.405565 45.59009),53011041321.0
WA,Clark,Vancouver,98661.0,POINT (-122.641835 45.638545),53011041203.0
WA,Clark,Vancouver,98661.0,POINT (-122.641835 45.638545),53011041600.0
WA,Cowlitz,Silverlake,98645.0,POINT (-122.76217 46.30967),53015002003.0
WA,King,Milton,98354.0,POINT (-122.31774 47.246525),53033030403.0
WA,Clark,Vancouver,98662.0,POINT (-122.5918493 45.6617058),53011041206.0
WA,Clark,Camas,98607.0,POINT (-122.405565 45.59009),53011040604.0
WA,Snohomish,Marysville,98271.0,POINT (-122.1713847 48.10433),53061940002.0
WA,King,Hunts Point,98004.0,POINT (-122.201905 47.61385),53033024100.0
WA,King,Seatac,98198.0,POINT (-122.3219166 47.4013897),53033029101.0
WA,Klickitat,Goldendale,98620.0,POINT (-120.82557 45.821475),53039950103.0
WA,King,Kent,98032.0,POINT (-122.235475 47.3809),53033029702.0
WA,Cowlitz,Kelso,98626.0,POINT (-122.90724 46.14458),53015001100.0
WA,King,Seattle,98103.0,POINT (-122.34301 47.659185),53033003602.0
WA,Kitsap,Port Orchard,98366.0,POINT (-122.639265 47.5373),53035092400.0
WA,King,Seatac,98148.0,POINT (-122.32863 47.46233),53033028801.0
WA,Kitsap,Bremerton,98312.0,POINT (-122.65223 47.57192),53035081200.0
WA,King,Issaquah,98027.0,POINT (-122.03646 47.534065),53033032220.0
WA,Kitsap,Poulsbo,98392.0,POINT (-122.55717 47.733415),53035940100.0
WA,King,Kent,98032.0,POINT (-122.235475 47.3809),53033030003.0
WA,Yakima,Yakima,98901.0,POINT (-120.500225 46.6043),53077001701.0
WA,King,Seattle,98118.0,POINT (-122.28339 47.549285),53033011001.0
WA,Snohomish,Lynnwood,98037.0,POINT (-122.297265 47.84182),53061051602.0
WA,Snohomish,Snohomish,98290.0,POINT (-122.091505 47.915555),53061053605.0
WA,King,Des Moines,98032.0,POINT (-122.235475 47.3809),53033030003.0
WA,Clark,Washougal,98671.0,POINT (-122.3538285 45.5838634),53011041500.0
WA,King,Kent,98032.0,POINT (-122.235475 47.3809),53033029101.0
WA,Snohomish,Everett,98204.0,POINT (-122.240535 47.91139),53061041907.0
WA,King,Mercer Island,98040.0,POINT (-122.2377542 47.582905),53033024400.0
WA,Clallam,Port Angeles,98362.0,POINT (-123.424865 48.110695),53009001000.0
WA,Snohomish,Snohomish,98290.0,POINT (-122.091505 47.915555),53061053603.0
WA,King,Seattle,98133.0,POINT (-122.34584 47.76726),53033001701.0
WA,Clallam,Sequim,98382.0,POINT (-123.105015 48.08104),53009001701.0
WA,Thurston,Centralia,98531.0,POINT (-122.962555 46.716875),53067012720.0
WA,Snohomish,Woodinville,98077.0,POINT (-122.07326 47.75425),53061051912.0
WA,King,Kent,98031.0,POINT (-122.2012521 47.3931814),53033029604.0
WA,Clallam,Port Angeles,98362.0,POINT (-123.424865 48.110695),53009000900.0
WA,King,Seattle,98105.0,POINT (-122.319115 47.66132),53033004202.0
WA,King,Seattle,98155.0,POINT (-122.3175 47.7578146),53033000202.0
WA,Kitsap,Bremerton,98370.0,POINT (-122.64177 47.737525),53035091100.0
WA,Yakima,Yakima,98908.0,POINT (-120.6027202 46.5965625),53077003003.0
WA,Stevens,Colville,99114.0,POINT (-117.90431 48.547075),53065950300.0
WA,Yakima,Naches,98937.0,POINT (-120.69918 46.7305),53077003003.0
WA,Cowlitz,Kelso,98626.0,POINT (-122.90724 46.14458),53015001000.0
WA,Clark,Yacolt,98675.0,POINT (-122.4066726 45.8651816),53011040101.0
WA,Thurston,Tumwater,98501.0,POINT (-122.89692 47.043535),53067010400.0
WA,Thurston,Tumwater,98501.0,POINT (-122.89692 47.043535),53067011722.0
WA,Yakima,Yakima,98903.0,POINT (-120.477805 46.553505),53077003003.0
WA,Cowlitz,Longview,98632.0,POINT (-122.9379953 46.1372997),53015000706.0
WA,Clark,Vancouver,98686.0,POINT (-122.6483953 45.7010427),53011040909.0
WA,Snohomish,Bothell,98036.0,POINT (-122.3164188 47.819664),53061051914.0
WA,King,Federal Way,98023.0,POINT (-122.363215 47.3084),53033030309.0
WA,Stevens,Chewelah,99109.0,POINT (-117.722145 48.27719),53065950700.0
WA,King,Seattle,98118.0,POINT (-122.28339 47.549285),53033011700.0
WA,King,Seattle,98126.0,POINT (-122.37439 47.54468),53033009802.0
WA,King,Seattle,98103.0,POINT (-122.34301 47.659185),53033001701.0
WA,King,Seattle,98118.0,POINT (-122.28339 47.549285),53033010102.0
WA,King,Seattle,98118.0,POINT (-122.28339 47.549285),53033011102.0
WA,Yakima,Sunnyside,98944.0,POINT (-120.011515 46.32189),53077002004.0
WA,King,Seattle,98115.0,POINT (-122.3185 47.67949),53033002200.0
WA,King,Seattle,98126.0,POINT (-122.37439 47.54468),53033011500.0
WA,Clark,Vancouver,98661.0,POINT (-122.641835 45.638545),53011041110.0
WA,Thurston,Olympia,98516.0,POINT (-122.7510253 47.08149),53067012225.0
WA,King,Yarrow Point,98004.0,POINT (-122.201905 47.61385),53033024100.0
WA,King,Seattle,98105.0,POINT (-122.319115 47.66132),53033004201.0
WA,King,Seattle,98118.0,POINT (-122.28339 47.549285),53033010200.0
WA,King,Auburn,98092.0,POINT (-122.1820969 47.3198995),53033031102.0
WA,King,Snoqualmie,98065.0,POINT (-121.8740496 47.5345546),53033032605.0
WA,King,Seattle,98118.0,POINT (-122.28339 47.549285),53033010301.0
WA,Clallam,Port Angeles,98363.0,POINT (-123.46101 48.118925),53009000700.0
WA,King,Seattle,98126.0,POINT (-122.37439 47.54468),53033011601.0
WA,King,Seattle,98105.0,POINT (-122.319115 47.66132),53033004102.0
WA,King,Snoqualmie,98065.0,POINT (-121.8740496 47.5345546),53033032703.0
WA,Jefferson,Chimacum,98325.0,POINT (-122.7811346 48.0162652),53031950501.0
WA,Yakima,Zillah,98953.0,POINT (-120.26034 46.404935),53077002202.0
WA,King,Seattle,98116.0,POINT (-122.38679 47.56484),53033010501.0
WA,King,Seattle,98136.0,POINT (-122.388675 47.5415),53033012000.0
WA,King,Seattle,98116.0,POINT (-122.38679 47.56484),53033009802.0
WA,Clark,Vancouver,98661.0,POINT (-122.641835 45.638545),53011041105.0
WA,Thurston,Olympia,98513.0,POINT (-122.81709 46.988575),53067011622.0
WA,Clark,Vancouver,98662.0,POINT (-122.5918493 45.6617058),53011041107.0
WA,King,Seattle,98126.0,POINT (-122.37439 47.54468),53033010501.0
WA,Clark,Vancouver,98661.0,POINT (-122.641835 45.638545),53011041112.0
WA,King,Renton,98058.0,POINT (-122.1298876 47.4451257),53033025602.0
WA,King,Seattle,98103.0,POINT (-122.34301 47.659185),53033004902.0
WA,Clark,Vancouver,98663.0,POINT (-122.666325 45.641205),53011042000.0
WA,King,Seattle,98136.0,POINT (-122.388675 47.5415),53033011602.0
WA,King,Seattle,98115.0,POINT (-122.3185 47.67949),53033003602.0
WA,King,Kirkland,98004.0,POINT (-122.201905 47.61385),53033024100.0
WA,Kitsap,Bremerton,98311.0,POINT (-122.6468815 47.6344364),53035091800.0
WA,Clark,Washougal,98671.0,POINT (-122.3538285 45.5838634),53011040507.0
WA,King,Seattle,98118.0,POINT (-122.28339 47.549285),53033011101.0
WA,King,Seattle,98115.0,POINT (-122.3185 47.67949),53033003900.0
WA,King,Seattle,98136.0,POINT (-122.388675 47.5415),53033010501.0
WA,Snohomish,Marysville,98270.0,POINT (-122.17673 48.05542),53061052104.0
WA,King,Seattle,98105.0,POINT (-122.319115 47.66132),53033005305.0
WA,Thurston,Olympia,98516.0,POINT (-122.7510253 47.08149),53067012226.0
WA,King,Seattle,98117.0,POINT (-122.37275 47.68968),53033003201.0
WA,King,Snoqualmie,98065.0,POINT (-121.8740496 47.5345546),53033032603.0
WA,King,Seattle,98116.0,POINT (-122.38679 47.56484),53033010502.0
WA,King,Seattle,98126.0,POINT (-122.37439 47.54468),53033011602.0
WA,King,Seattle,98118.0,POINT (-122.28339 47.549285),53033010101.0
WA,Snohomish,Marysville,98270.0,POINT (-122.17673 48.05542),53061052810.0
WA,King,Seattle,98115.0,POINT (-122.3185 47.67949),53033004000.0
WA,King,Seattle,98144.0,POINT (-122.30823 47.581975),53033010102.0
WA,Thurston,Olympia,98513.0,POINT (-122.81709 46.988575),53067011624.0
WA,King,Auburn,98001.0,POINT (-122.2849393 47.3384055),53033030405.0
WA,Snohomish,Snohomish,98290.0,POINT (-122.091505 47.915555),53061052607.0
WA,King,Seattle,98136.0,POINT (-122.388675 47.5415),53033011601.0
WA,Cowlitz,Longview,98632.0,POINT (-122.9379953 46.1372997),53015000502.0
WA,Thurston,Olympia,98512.0,POINT (-122.9131017 47.0135926),53067012610.0
WA,Kitsap,Hansville,98340.0,POINT (-122.57781 47.903975),53035090102.0
WA,Snohomish,Marysville,98271.0,POINT (-122.1713847 48.10433),53061053102.0
WA,King,Sammamish,98053.0,POINT (-122.0370611 47.6887161),53033032215.0
WA,Snohomish,Mukilteo,98275.0,POINT (-122.299965 47.94171),53061041901.0
WA,King,Seattle,98105.0,POINT (-122.319115 47.66132),53033005306.0
WA,Thurston,Olympia,98501.0,POINT (-122.89692 47.043535),53067011300.0
WA,Snohomish,Everett,98208.0,POINT (-122.2247757 47.9156409),53061041805.0
WA,King,Seattle,98136.0,POINT (-122.388675 47.5415),53033010502.0
WA,King,Seattle,98105.0,POINT (-122.319115 47.66132),53033005202.0
WA,King,Seattle,98115.0,POINT (-122.3185 47.67949),53033003800.0
WA,Thurston,Lacey,98503.0,POINT (-122.8285 47.03646),53067011625.0
WA,Clark,Vancouver,98662.0,POINT (-122.5918493 45.6617058),53011041114.0
WA,Thurston,Lacey,98513.0,POINT (-122.81709 46.988575),53067011623.0
WA,Snohomish,Mountlake Terrace,98043.0,POINT (-122.30842 47.78416),53061051302.0
WA,Thurston,Tumwater,98512.0,POINT (-122.9131017 47.0135926),53067011000.0
WA,Snohomish,Sultan,98294.0,POINT (-121.814825 47.868195),53061053801.0
WA,Jefferson,Port Townsend,98368.0,POINT (-122.7644197 48.1195874),53031950400.0
WA,Kitsap,Silverdale,98383.0,POINT (-122.668076 47.665978),53035091400.0
WA,King,Renton,98059.0,POINT (-122.15734 47.487175),53033025202.0
WA,Snohomish,Arlington,98223.0,POINT (-122.12324 48.19485),53061053700.0
WA,Clark,Vancouver,98661.0,POINT (-122.641835 45.638545),53011041111.0
WA,King,Seattle,98115.0,POINT (-122.3185 47.67949),53033004202.0
WA,King,Seattle,98119.0,POINT (-122.363815 47.63046),53033005801.0
WA,Yakima,Mabton,98935.0,POINT (-119.996825 46.21362),53077001802.0
WA,King,Seattle,98102.0,POINT (-122.3223156 47.6402108),53033007404.0
WA,Snohomish,Marysville,98270.0,POINT (-122.17673 48.05542),53061052707.0
WA,Snohomish,Lynnwood,98087.0,POINT (-122.2551991 47.8650827),53061041815.0
WA,Snohomish,Marysville,98270.0,POINT (-122.17673 48.05542),53061052711.0
WA,King,Seattle,98118.0,POINT (-122.28339 47.549285),53033010401.0
WA,King,Seattle,98116.0,POINT (-122.38679 47.56484),53033010602.0
WA,King,Seattle,98118.0,POINT (-122.28339 47.549285),53033011801.0
WA,King,Seattle,98104.0,POINT (-122.329075 47.6018),53033008500.0
WA,Snohomish,Arlington,98223.0,POINT (-122.12324 48.19485),53061053302.0
WA,King,Covington,98042.0,POINT (-122.111625 47.36078),53033031708.0
WA,Kitsap,Bremerton,98312.0,POINT (-122.65223 47.57192),53035091302.0
WA,Snohomish,Arlington,98223.0,POINT (-122.12324 48.19485),53061053510.0
WA,Thurston,Olympia,98506.0,POINT (-122.8874781 47.0519573),53067012224.0
WA,King,Seattle,98136.0,POINT (-122.388675 47.5415),53033010601.0
WA,Thurston,Olympia,98501.0,POINT (-122.89692 47.043535),53067011626.0
WA,King,Seattle,98105.0,POINT (-122.319115 47.66132),53033005100.0
WA,Clark,Amboy,98601.0,POINT (-122.4467982 45.9105287),53011040202.0
WA,King,Skykomish,98288.0,POINT (-121.357795 47.708165),53033032800.0
WA,King,Seattle,98126.0,POINT (-122.37439 47.54468),53033010601.0
WA,King,Auburn,98092.0,POINT (-122.1820969 47.3198995),53033031202.0
WA,Clark,Vancouver,98661.0,POINT (-122.641835 45.638545),53011041113.0
WA,Yakima,Union Gap,98903.0,POINT (-120.477805 46.553505),53077001400.0
WA,King,Seattle,98112.0,POINT (-122.306935 47.62441),53033007501.0
WA,Clallam,Sequim,98382.0,POINT (-123.105015 48.08104),53009002001.0
WA,Snohomish,Everett,98203.0,POINT (-122.213105 47.95479),53061041000.0
WA,Clark,Vancouver,98665.0,POINT (-122.66592 45.678565),53011040808.0
WA,King,Seattle,98126.0,POINT (-122.37439 47.54468),53033012000.0
WA,Whitman,Pullman,99163.0,POINT (-117.17912 46.730885),53075000400.0
WA,Yakima,Granger,98932.0,POINT (-120.1934 46.345135),53077002103.0
WA,King,Seattle,98115.0,POINT (-122.3185 47.67949),53033004102.0
WA,Island,Greenbank,98253.0,POINT (-122.6084879 48.0755577),53029971301.0
WA,King,Kent,98042.0,POINT (-122.111625 47.36078),53033029507.0
WA,Snohomish,Lynnwood,98036.0,POINT (-122.3164188 47.819664),53061051701.0
WA,Thurston,Tumwater,98512.0,POINT (-122.9131017 47.0135926),53067011822.0
WA,Snohomish,Woodinville,98077.0,POINT (-122.07326 47.75425),53061052113.0
WA,Yakima,Sunnyside,98944.0,POINT (-120.011515 46.32189),53077002103.0
WA,Island,Oak Harbor,98277.0,POINT (-122.67499 48.287295),53029970100.0
WA,King,Seattle,98155.0,POINT (-122.3175 47.7578146),53033000101.0
WA,King,Seattle,98115.0,POINT (-122.3185 47.67949),53033000900.0
WA,Yakima,Wapato,98951.0,POINT (-120.421245 46.44554),53077940007.0
WA,Yakima,Yakima,98902.0,POINT (-120.524012 46.5973939),53077000302.0
WA,King,Seattle,98136.0,POINT (-122.388675 47.5415),53033012100.0
WA,Snohomish,Everett,98203.0,POINT (-122.213105 47.95479),53061041100.0
WA,King,Enumclaw,98022.0,POINT (-121.98953 47.20347),53033031301.0
WA,King,Seattle,98108.0,POINT (-122.326965 47.55015),53033011700.0
WA,Snohomish,Tulalip,98271.0,POINT (-122.1713847 48.10433),53061940002.0
WA,Yakima,Yakima,98908.0,POINT (-120.6027202 46.5965625),53077001000.0
WA,King,Seattle,98144.0,POINT (-122.30823 47.581975),53033007800.0
WA,King,Shoreline,98020.0,POINT (-122.37507 47.80807),53033020200.0
WA,Yakima,Yakima,98908.0,POINT (-120.6027202 46.5965625),53077003002.0
WA,Snohomish,Marysville,98270.0,POINT (-122.17673 48.05542),53061052906.0
WA,King,Seattle,98105.0,POINT (-122.319115 47.66132),53033005307.0
WA,Klickitat,Goldendale,98620.0,POINT (-120.82557 45.821475),53039950102.0
WA,Snohomish,Everett,98201.0,POINT (-122.20722 47.979935),53061040700.0
WA,King,Carnation,98014.0,POINT (-121.9105947 47.6483005),53033032402.0
WA,King,Seattle,98146.0,POINT (-122.355145 47.505655),53033026801.0
WA,King,Seattle,98178.0,POINT (-122.234385 47.494545),53033025302.0
WA,Mason,Belfair,98528.0,POINT (-122.8551647 47.4495785),53045960402.0
WA,Spokane,Spokane,99202.0,POINT (-117.383045 47.661935),53063003100.0
WA,Pierce,South Hill,98374.0,POINT (-122.275748 47.1395924),53053071210.0
WA,Snohomish,Everett,98204.0,POINT (-122.240535 47.91139),53061041805.0
WA,Whatcom,Bellingham,98229.0,POINT (-122.4569227 48.7470973),53073000700.0
WA,Yakima,Yakima,98902.0,POINT (-120.524012 46.5973939),53077001400.0
WA,Benton,Richland,99352.0,POINT (-119.2952071 46.272495),53005010811.0
WA,Pierce,Gig Harbor,98329.0,POINT (-122.6657985 47.383359),53053072601.0
WA,Pierce,Lakewood,98499.0,POINT (-122.5181098 47.1712579),53053071806.0
WA,Grant,Mattawa,99349.0,POINT (-119.901675 46.7377996),53025011406.0
WA,King,Seattle,98126.0,POINT (-122.37439 47.54468),53033010701.0
WA,King,Redmond,98072.0,POINT (-122.151665 47.75855),53033032327.0
WA,Yakima,Outlook,98938.0,POINT (-120.093285 46.331365),53077002103.0
WA,Spokane,Spokane Valley,99216.0,POINT (-117.21264 47.6587754),53063012701.0
WA,Spokane,Liberty Lake,99019.0,POINT (-117.0923638 47.6643385),53063013205.0
WA,Kittitas,Ellensburg,98926.0,POINT (-120.544475 46.994),53037975404.0
WA,Pierce,Roy,98580.0,POINT (-122.522985 46.9876),53053073005.0
WA,Pierce,Puyallup,98374.0,POINT (-122.275748 47.1395924),53053073111.0
WA,Okanogan,Mazama,98833.0,POINT (-120.405315 48.59203),53047970900.0
WA,Benton,Kennewick,99338.0,POINT (-119.1973001 46.1911488),53005010815.0
WA,Whatcom,Bellingham,98225.0,POINT (-122.486115 48.761615),53073000201.0
WA,Pierce,Tacoma,98404.0,POINT (-122.4096963 47.2174975),53053063200.0
WA,Whatcom,Lynden,98264.0,POINT (-122.4584536 48.9461196),53073010302.0
WA,Spokane,Spokane,99201.0,POINT (-117.431895 47.667155),53063002400.0
WA,Pierce,Tacoma,98445.0,POINT (-122.40872 47.165675),53053071604.0
WA,King,Kirkland,98034.0,POINT (-122.209285 47.71124),53033022401.0
WA,Pierce,Fircrest,98466.0,POINT (-122.537565 47.231645),53053072305.0
WA,King,Seattle,98168.0,POINT (-122.286465 47.476),53033026400.0
WA,Okanogan,Twisp,98856.0,POINT (-120.12477 48.365635),53047971000.0
WA,Snohomish,Snohomish,98290.0,POINT (-122.091505 47.915555),53061052104.0
WA,Whatcom,Bellingham,98229.0,POINT (-122.4569227 48.7470973),53073000805.0
WA,Pierce,Tacoma,98404.0,POINT (-122.4096963 47.2174975),53053063302.0
WA,Okanogan,Winthrop,98862.0,POINT (-120.1774093 48.4741766),53047970900.0
WA,Mason,Belfair,98528.0,POINT (-122.8551647 47.4495785),53045960401.0
WA,Chelan,Chelan,98816.0,POINT (-120.015875 47.839895),53007960303.0
WA,Pierce,Gig Harbor,98329.0,POINT (-122.6657985 47.383359),53053072503.0
WA,King,Redmond,98053.0,POINT (-122.0370611 47.6887161),53033032332.0
WA,King,Redmond,98053.0,POINT (-122.0370611 47.6887161),53033032333.0
WA,Snohomish,Everett,98204.0,POINT (-122.240535 47.91139),53061041905.0
WA,King,Seattle,98107.0,POINT (-122.378895 47.66905),53033003500.0
WA,Pierce,Gig Harbor,98332.0,POINT (-122.589645 47.342345),53053072506.0
WA,King,Seattle,98146.0,POINT (-122.355145 47.505655),53033026600.0
WA,King,Seattle,98146.0,POINT (-122.355145 47.505655),53033026700.0
WA,King,Woodinville,98072.0,POINT (-122.151665 47.75855),53033032327.0
WA,Grant,Warden,98857.0,POINT (-119.044355 46.965685),53025011300.0
WA,Pierce,Lakewood,98499.0,POINT (-122.5181098 47.1712579),53053071902.0
WA,Snohomish,Marysville,98270.0,POINT (-122.17673 48.05542),53061052708.0
WA,Pacific,Naselle,98638.0,POINT (-123.8035716 46.3722551),53049950400.0
WA,Benton,Richland,99354.0,POINT (-119.28753 46.29747),53005010500.0
WA,King,Redmond,98053.0,POINT (-122.0370611 47.6887161),53033032327.0
WA,Pierce,Lakewood,98498.0,POINT (-122.547645 47.176685),53053072112.0
WA,Pacific,Long Beach,98631.0,POINT (-124.05412 46.3466),53049950501.0
WA,Douglas,East Wenatchee,98802.0,POINT (-120.28619 47.417755),53017950800.0
WA,Pierce,Tacoma,98444.0,POINT (-122.43827 47.153995),53053071705.0
WA,Spokane,Spokane,99218.0,POINT (-117.411805 47.745795),53063010505.0
WA,Snohomish,Marysville,98271.0,POINT (-122.1713847 48.10433),53061052805.0
WA,Spokane,Rockford,99030.0,POINT (-117.1298544 47.4529378),53063014300.0
WA,Whatcom,Bellingham,98225.0,POINT (-122.486115 48.761615),53073001000.0
WA,King,Seattle,98178.0,POINT (-122.234385 47.494545),53033026001.0
WA,Lewis,Winlock,98596.0,POINT (-122.94 46.491135),53041971600.0
WA,King,Vashon,98070.0,POINT (-122.46049 47.44873),53033027701.0
WA,Walla Walla,Walla Walla,99362.0,POINT (-118.34332 46.063985),53071920200.0
WA,Pierce,Graham,98338.0,POINT (-122.2953401 47.0763961),53053073129.0
WA,Pierce,Puyallup,98373.0,POINT (-122.2987976 47.13795),53053071307.0
WA,Pierce,Bonney Lake,98391.0,POINT (-122.183805 47.18062),53053070312.0
WA,Spokane,Newman Lake,99025.0,POINT (-117.06237 47.704775),53063010102.0
WA,Pierce,Puyallup,98371.0,POINT (-122.299155 47.19178),53053071207.0
WA,Chelan,Wenatchee,98801.0,POINT (-120.32009 47.42255),53007960700.0
WA,King,Seattle,98118.0,POINT (-122.28339 47.549285),53033011802.0
WA,San Juan,Anacortes,98221.0,POINT (-122.615305 48.501275),53055960502.0
WA,Skagit,Bow,98232.0,POINT (-122.4410546 48.5620007),53057950801.0
WA,Asotin,Clarkston,99403.0,POINT (-117.045685 46.4163),53003960500.0
WA,King,Woodinville,98072.0,POINT (-122.151665 47.75855),53033032326.0
WA,Pierce,Puyallup,98374.0,POINT (-122.275748 47.1395924),53053073129.0
WA,King,Seattle,98168.0,POINT (-122.286465 47.476),53033026500.0
WA,Lewis,Chehalis,98532.0,POINT (-122.96692 46.66113),53041971400.0
WA,Franklin,Pasco,99301.0,POINT (-119.0982 46.232395),53021020102.0
WA,Pierce,Orting,98360.0,POINT (-122.2032237 47.0942956),53053070404.0
WA,Pierce,Gig Harbor,98332.0,POINT (-122.589645 47.342345),53053072509.0
WA,King,Seattle,98178.0,POINT (-122.234385 47.494545),53033026004.0
WA,Pacific,Long Beach,98631.0,POINT (-124.05412 46.3466),53049950600.0
WA,Douglas,East Wenatchee,98802.0,POINT (-120.28619 47.417755),53017950700.0
WA,Franklin,Othello,99344.0,POINT (-119.168765 46.826175),53021020801.0
WA,San Juan,Lopez Island,98261.0,POINT (-122.9109264 48.5262809),53055960501.0
WA,Pierce,Tacoma,98466.0,POINT (-122.537565 47.231645),53053072305.0
WA,Pierce,Edgewood,98372.0,POINT (-122.28718 47.190465),53053073502.0
WA,Pierce,Tacoma,98405.0,POINT (-122.45153 47.251135),53053061200.0
WA,Spokane,Spokane Valley,99206.0,POINT (-117.2459114 47.6525293),53063012600.0
WA,Spokane,Liberty Lake,99019.0,POINT (-117.0923638 47.6643385),53063013203.0
WA,Grant,Moses Lake,98837.0,POINT (-119.2599876 47.1240154),53025011002.0
WA,Pacific,Ocean Park,98640.0,POINT (-124.04853 46.4972),53049950701.0
WA,Whatcom,Bellingham,98229.0,POINT (-122.4569227 48.7470973),53073000904.0
WA,Pierce,Bonney Lake,98391.0,POINT (-122.183805 47.18062),53053070208.0
WA,Spokane,Spokane,99223.0,POINT (-117.369705 47.62637),53063013502.0
WA,Skagit,Clearlake,98235.0,POINT (-122.234180327 48.461412932),53057951300.0
WA,Pierce,Buckley,98321.0,POINT (-122.029685 47.161465),53053070205.0
WA,King,Seattle,98108.0,POINT (-122.326965 47.55015),53033011300.0
WA,Spokane,Nine Mile Falls,99026.0,POINT (-117.5967686 47.8204962),53063010601.0
WA,Pierce,Puyallup,98372.0,POINT (-122.28718 47.190465),53053071210.0
WA,Clark,Ridgefield,98642.0,POINT (-122.74291 45.818445),53011040910.0
WA,Benton,Richland,99352.0,POINT (-119.2952071 46.272495),53005010500.0
WA,King,Renton,98059.0,POINT (-122.15734 47.487175),53033025006.0
WA,King,Seattle,98178.0,POINT (-122.234385 47.494545),53033026101.0
WA,Okanogan,Oroville,98844.0,POINT (-119.43496 48.935165),53047970302.0
WA,King,Seattle,98103.0,POINT (-122.34301 47.659185),53033001300.0
WA,Whitman,Pullman,99163.0,POINT (-117.17912 46.730885),53075000100.0
WA,Spokane,Spokane,99207.0,POINT (-117.39787 47.67936),53063001500.0
WA,Franklin,Pasco,99301.0,POINT (-119.0982 46.232395),53021020501.0
WA,Spokane,Spokane Valley,99206.0,POINT (-117.2459114 47.6525293),53063011702.0
WA,Clallam,Port Angeles,98362.0,POINT (-123.424865 48.110695),53009001600.0
WA,Whatcom,Bellingham,98225.0,POINT (-122.486115 48.761615),53073001102.0
WA,Snohomish,Everett,98208.0,POINT (-122.2247757 47.9156409),53061041704.0
WA,Benton,Richland,99354.0,POINT (-119.28753 46.29747),53005010300.0
WA,Snohomish,Sultan,98294.0,POINT (-121.814825 47.868195),53061053803.0
WA,Chelan,Leavenworth,98826.0,POINT (-120.6619153 47.5970083),53007960202.0
WA,Chelan,Chelan,98816.0,POINT (-120.015875 47.839895),53007960301.0
WA,Spokane,Spokane,99224.0,POINT (-117.460225 47.64927),53063003601.0
WA,Clallam,Neah Bay,98357.0,POINT (-124.625235 48.36824),53009940000.0
WA,Snohomish,Bothell,98012.0,POINT (-122.1876761 47.820517),53061052114.0
WA,Pierce,Edgewood,98372.0,POINT (-122.28718 47.190465),53053073501.0
WA,Whatcom,Bellingham,98229.0,POINT (-122.4569227 48.7470973),53073001202.0
WA,Benton,West Richland,99353.0,POINT (-119.3535873 46.2778489),53005010708.0
WA,Whatcom,Bellingham,98229.0,POINT (-122.4569227 48.7470973),53073000809.0
WA,Pend Oreille,Newport,99156.0,POINT (-117.049135 48.181095),53051970200.0
WA,King,Seattle,98178.0,POINT (-122.234385 47.494545),53033026102.0
WA,Spokane,Spokane,99208.0,POINT (-117.40725 47.718625),53063010603.0
WA,Franklin,Pasco,99301.0,POINT (-119.0982 46.232395),53021020202.0
WA,Pierce,Anderson Island,98303.0,POINT (-122.68607 47.158295),53053072603.0
WA,Spokane,Greenacres,99016.0,POINT (-117.1407 47.673675),53063013102.0
WA,Pierce,Puyallup,98374.0,POINT (-122.275748 47.1395924),53053073122.0
WA,Whatcom,Lynden,98264.0,POINT (-122.4584536 48.9461196),53073010303.0
WA,Pierce,South Hill,98374.0,POINT (-122.275748 47.1395924),53053070401.0
WA,King,Seattle,98103.0,POINT (-122.34301 47.659185),53033001702.0
WA,Chelan,Manson,98831.0,POINT (-120.1531 47.885505),53007960400.0
WA,Columbia,Dayton,99328.0,POINT (-117.977095 46.320425),53013960200.0
WA,Wahkiakum,Cathlamet,98612.0,POINT (-123.380635 46.20034),53069950100.0
WA,King,Seattle,98146.0,POINT (-122.355145 47.505655),53033026500.0
WA,Pierce,South Hill,98374.0,POINT (-122.275748 47.1395924),53053073123.0
WA,Pierce,South Hill,98373.0,POINT (-122.2987976 47.13795),53053071307.0
WA,Pierce,South Hill,98374.0,POINT (-122.275748 47.1395924),53053073129.0
WA,Spokane,Spokane,99203.0,POINT (-117.425265 47.635365),53063004200.0
WA,Benton,Richland,99352.0,POINT (-119.2952071 46.272495),53005010818.0
WA,Yakima,Yakima,98908.0,POINT (-120.6027202 46.5965625),53077002803.0
WA,Pierce,Roy,98580.0,POINT (-122.522985 46.9876),53053073001.0
WA,Kittitas,Ellensburg,98926.0,POINT (-120.544475 46.994),53037975203.0
WA,Pierce,Puyallup,98374.0,POINT (-122.275748 47.1395924),53053070401.0
WA,Lewis,Chehalis,98532.0,POINT (-122.96692 46.66113),53041970100.0
WA,Clallam,Port Angeles,98363.0,POINT (-123.46101 48.118925),53009001500.0
WA,Snohomish,Arlington,98223.0,POINT (-122.12324 48.19485),53061052709.0
WA,Whatcom,Bellingham,98225.0,POINT (-122.486115 48.761615),53073000600.0
WA,Spokane,Nine Mile Falls,99026.0,POINT (-117.5967686 47.8204962),53063010404.0
WA,Pierce,Puyallup,98371.0,POINT (-122.299155 47.19178),53053940010.0
WA,Chelan,Leavenworth,98826.0,POINT (-120.6619153 47.5970083),53007960201.0
WA,San Juan,Eastsound,98245.0,POINT (-122.907229 48.7016716),53055960103.0
WA,Pierce,Tacoma,98403.0,POINT (-122.460375 47.26455),53053061502.0
WA,Pierce,South Hill,98374.0,POINT (-122.275748 47.1395924),53053073111.0
WA,Pierce,Puyallup,98371.0,POINT (-122.299155 47.19178),53053073404.0
WA,Pierce,Tacoma,98445.0,POINT (-122.40872 47.165675),53053071603.0
WA,King,Seattle,98146.0,POINT (-122.355145 47.505655),53033026802.0
WA,Pierce,Bonney Lake,98391.0,POINT (-122.183805 47.18062),53053070310.0
WA,Mason,Allyn,98524.0,POINT (-122.8386266 47.3819798),53045960403.0
WA,Spokane,Spokane,99204.0,POINT (-117.43167 47.64724),53063004001.0
WA,Thurston,Olympia,98513.0,POINT (-122.81709 46.988575),53067012530.0
WA,Skagit,Anacortes,98221.0,POINT (-122.615305 48.501275),53057940500.0
WA,Douglas,East Wenatchee,98802.0,POINT (-120.28619 47.417755),53017950500.0
WA,Pierce,Tacoma,98406.0,POINT (-122.490985 47.26365),53053060907.0
WA,King,Kent,98031.0,POINT (-122.2012521 47.3931814),53033029504.0
WA,King,Renton,98055.0,POINT (-122.197 47.43876),53033026200.0
WA,Pierce,South Hill,98373.0,POINT (-122.2987976 47.13795),53053071206.0
WA,Whatcom,Bellingham,98225.0,POINT (-122.486115 48.761615),53073000402.0
WA,Chelan,Wenatchee,98801.0,POINT (-120.32009 47.42255),53007960801.0
WA,Pierce,Joint Base Lewis Mcchord,98433.0,POINT (-122.596275 47.097005),53053072903.0
WA,King,Seattle,98118.0,POINT (-122.28339 47.549285),53033011902.0
WA,Spokane,Mica,99023.0,POINT (-117.212705 47.550885),53063013300.0
WA,Kittitas,Kittitas,98934.0,POINT (-120.4197951 46.9842785),53037975700.0
WA,Benton,Richland,99352.0,POINT (-119.2952071 46.272495),53005010819.0
WA,Lewis,Centralia,98531.0,POINT (-122.962555 46.716875),53041970400.0
WA,Lewis,Rochester,98579.0,POINT (-123.09573 46.82158),53041970100.0
WA,King,Seattle,98055.0,POINT (-122.197 47.43876),53033026004.0
WA,King,Seattle,98108.0,POINT (-122.326965 47.55015),53033026400.0
WA,Pacific,Seaview,98644.0,POINT (-124.05586 46.331995),53049950501.0
WA,Kittitas,Ellensburg,98926.0,POINT (-120.544475 46.994),53037975500.0
WA,Snohomish,Everett,98201.0,POINT (-122.20722 47.979935),53061040900.0
WA,Pierce,Parkland,98446.0,POINT (-122.377475 47.096645),53053071305.0
WA,San Juan,Lopez Island,98261.0,POINT (-122.9109264 48.5262809),53055960502.0
WA,Lewis,Mineral,98355.0,POINT (-122.1844551 46.7169232),53041971800.0
WA,Benton,Kennewick,99338.0,POINT (-119.1973001 46.1911488),53005010814.0
WA,Pierce,Eatonville,98328.0,POINT (-122.270565 46.86822),53053073200.0
WA,Spokane,Spokane Valley,99206.0,POINT (-117.2459114 47.6525293),53063012802.0
WA,Kitsap,Port Orchard,98329.0,POINT (-122.6657985 47.383359),53035092902.0
WA,King,Redmond,98052.0,POINT (-122.12302 47.67668),53033032322.0
WA,Douglas,Orondo,98843.0,POINT (-120.19487 47.704215),53017950101.0
WA,Clark,Vancouver,98662.0,POINT (-122.5918493 45.6617058),53011041113.0
WA,Pierce,Lakewood,98498.0,POINT (-122.547645 47.176685),53053072107.0
WA,Spokane,Spokane,99217.0,POINT (-117.35609 47.68401),53063010204.0
WA,King,Renton,98178.0,POINT (-122.234385 47.494545),53033026101.0
WA,Chelan,Wenatchee,98801.0,POINT (-120.32009 47.42255),53007961001.0
WA,Klickitat,Husum,98672.0,POINT (-121.48347 45.72977),53039950302.0
WA,Pierce,Tacoma,98445.0,POINT (-122.40872 47.165675),53053071601.0
WA,Spokane,Spokane,99224.0,POINT (-117.460225 47.64927),53063005000.0
WA,Kitsap,Bremerton,98312.0,POINT (-122.65223 47.57192),53035080800.0
WA,King,Seattle,98106.0,POINT (-122.356145 47.52104),53033026500.0
WA,Pierce,Buckley,98321.0,POINT (-122.029685 47.161465),53053070311.0
WA,King,Kent,98031.0,POINT (-122.2012521 47.3931814),53033029206.0
WA,King,Redmond,98033.0,POINT (-122.20264 47.6785),53033022605.0
WA,Pierce,Lakewood,98498.0,POINT (-122.547645 47.176685),53053072108.0
WA,Walla Walla,Burbank,99323.0,POINT (-119.0127002 46.1971863),53071920000.0
WA,Spokane,Medical Lake,99224.0,POINT (-117.460225 47.64927),53063010403.0
WA,Clark,Vancouver,98664.0,POINT (-122.589388 45.6228731),53011043000.0
WA,Pierce,Tacoma,98403.0,POINT (-122.460375 47.26455),53053060600.0
WA,Spokane,Spokane,99203.0,POINT (-117.425265 47.635365),53063004300.0
WA,King,Bothell,98072.0,POINT (-122.151665 47.75855),53033021802.0
WA,Kitsap,Poulsbo,98370.0,POINT (-122.64177 47.737525),53035090101.0
WA,King,Seattle,98136.0,POINT (-122.388675 47.5415),53033011500.0
WA,Spokane,Spokane,99205.0,POINT (-117.42694 47.67946),53063002000.0
WA,Klickitat,White Salmon,98672.0,POINT (-121.48347 45.72977),53039950302.0
WA,Whatcom,Bellingham,98229.0,POINT (-122.4569227 48.7470973),53073000808.0
WA,Grays Harbor,Montesano,98563.0,POINT (-123.60535 46.982215),53027000402.0
WA,Pierce,Gig Harbor,98329.0,POINT (-122.6657985 47.383359),53053072602.0
WA,Douglas,East Wenatchee,98802.0,POINT (-120.28619 47.417755),53017950600.0
WA,Pierce,Tacoma,98402.0,POINT (-122.44131 47.25207),53053061601.0
WA,San Juan,Eastsound,98245.0,POINT (-122.907229 48.7016716),53055960101.0
WA,Pierce,Tacoma,98408.0,POINT (-122.438105 47.20322),53053063100.0
WA,Grant,Ephrata,98823.0,POINT (-119.55513 47.31936),53025011200.0
WA,King,Kent,98031.0,POINT (-122.2012521 47.3931814),53033029602.0
WA,Spokane,Medical Lake,99022.0,POINT (-117.6773 47.573335),53063013900.0
WA,Grays Harbor,Aberdeen,98520.0,POINT (-123.8206 46.97789),53027001602.0
WA,Thurston,Olympia,98503.0,POINT (-122.8285 47.03646),53067011627.0
WA,King,Seattle,98103.0,POINT (-122.34301 47.659185),53033003400.0
WA,Spokane,Spokane,99208.0,POINT (-117.40725 47.718625),53063010604.0
WA,Pacific,Ilwaco,98624.0,POINT (-124.03897 46.30954),53049950502.0
WA,King,Fall City,98024.0,POINT (-121.8947186 47.56345),53033032500.0
WA,Pierce,Puyallup,98372.0,POINT (-122.28718 47.190465),53053073501.0
WA,Spokane,Spokane,99204.0,POINT (-117.43167 47.64724),53063003200.0
WA,Jefferson,Chimacum,98325.0,POINT (-122.7811346 48.0162652),53031950400.0
WA,Mason,Shelton,98584.0,POINT (-123.105305 47.211085),53045961101.0
WA,Whitman,Garfield,99130.0,POINT (-117.14329 47.00897),53075000700.0
WA,Benton,West Richland,99353.0,POINT (-119.3535873 46.2778489),53005010703.0
WA,Thurston,Lacey,98503.0,POINT (-122.8285 47.03646),53067011500.0
WA,Skamania,Underwood,98651.0,POINT (-121.5312858 45.7348285),53059950400.0
WA,Snohomish,Marysville,98270.0,POINT (-122.17673 48.05542),53061052709.0
WA,Pierce,Tacoma,98406.0,POINT (-122.490985 47.26365),53053060800.0
WA,Spokane,Spokane,99224.0,POINT (-117.460225 47.64927),53063013503.0
WA,Pierce,Puyallup,98374.0,POINT (-122.275748 47.1395924),53053073123.0
WA,Spokane,Spokane Valley,99206.0,POINT (-117.2459114 47.6525293),53063012401.0
WA,Spokane,Mead,99021.0,POINT (-117.35761 47.76885),53063010203.0
WA,Whatcom,Blaine,98230.0,POINT (-122.74499 48.99505),53073010409.0
WA,Benton,Kennewick,99337.0,POINT (-119.14533 46.187395),53005011505.0
WA,Pierce,Lakewood,98498.0,POINT (-122.547645 47.176685),53053072111.0
WA,Spokane,Spokane,99223.0,POINT (-117.369705 47.62637),53063004900.0
WA,Chelan,Wenatchee,98801.0,POINT (-120.32009 47.42255),53007961200.0
WA,Spokane,Spokane,99206.0,POINT (-117.2459114 47.6525293),53063012402.0
WA,Whitman,Endicott,99125.0,POINT (-117.68591 46.929075),53075000900.0
WA,Pierce,Graham,98338.0,POINT (-122.2953401 47.0763961),53053073118.0
WA,King,Bothell,98028.0,POINT (-122.2504747 47.7617128),53033022102.0
WA,King,Redmond,98053.0,POINT (-122.0370611 47.6887161),53033032326.0
WA,Franklin,Pasco,99301.0,POINT (-119.0982 46.232395),53021020608.0
WA,Spokane,Spokane,99224.0,POINT (-117.460225 47.64927),53063003800.0
WA,Pierce,Gig Harbor,98335.0,POINT (-122.5835454 47.3234488),53053072407.0
WA,Pierce,Auburn,98092.0,POINT (-122.1820969 47.3198995),53053070316.0
WA,Whatcom,Bellingham,98229.0,POINT (-122.4569227 48.7470973),53073000903.0
WA,Klickitat,Roosevelt,99356.0,POINT (-120.21683 45.74239),53039950101.0
WA,Pierce,South Hill,98374.0,POINT (-122.275748 47.1395924),53053071211.0
WA,Skamania,Carson,98610.0,POINT (-121.8239085 45.7428006),53059950500.0
WA,Pierce,South Hill,98374.0,POINT (-122.275748 47.1395924),53053071207.0
WA,Lewis,Toledo,98591.0,POINT (-122.846675 46.44142),53041971600.0
WA,Thurston,Olympia,98513.0,POINT (-122.81709 46.988575),53067012330.0
WA,Snohomish,Everett,98204.0,POINT (-122.240535 47.91139),53061041906.0
WA,Whatcom,Bellingham,98226.0,POINT (-122.45493 48.76809),53073000101.0
WA,Grant,Moses Lake,98837.0,POINT (-119.2599876 47.1240154),53025011102.0
WA,Skagit,Mount Vernon,98273.0,POINT (-122.338975 48.41333),53057951900.0
WA,Thurston,Tumwater,98501.0,POINT (-122.89692 47.043535),53067011821.0
WA,Cowlitz,Kalama,98625.0,POINT (-122.839465 46.009825),53015001700.0
WA,Spokane,Spokane,99203.0,POINT (-117.425265 47.635365),53063004500.0
WA,Pierce,Puyallup,98371.0,POINT (-122.299155 47.19178),53053071205.0
WA,King,Renton,98055.0,POINT (-122.197 47.43876),53033025302.0
WA,Pierce,Lake Tapps,98391.0,POINT (-122.183805 47.18062),53053070315.0
WA,Douglas,East Wenatchee,98802.0,POINT (-120.28619 47.417755),53017950300.0
WA,Yakima,Yakima,98903.0,POINT (-120.477805 46.553505),53077940003.0
WA,Chelan,Cashmere,98815.0,POINT (-120.4687 47.5173233),53007960600.0
WA,Benton,Richland,99354.0,POINT (-119.28753 46.29747),53005010400.0
WA,Douglas,East Wenatchee,98802.0,POINT (-120.28619 47.417755),53017950200.0
WA,Skagit,Sedro-Woolley,98284.0,POINT (-122.235035 48.503325),53057951503.0
WA,Pierce,Dupont,98327.0,POINT (-122.643815 47.097455),53053072802.0
WA,San Juan,Eastsound,98245.0,POINT (-122.907229 48.7016716),53055960102.0
WA,Pend Oreille,Newport,99156.0,POINT (-117.049135 48.181095),53051970500.0
WA,Skagit,Sedro-Woolley,98284.0,POINT (-122.235035 48.503325),53057951300.0
WA,Spokane,Cheney,99004.0,POINT (-117.57579 47.492775),53063014002.0
WA,Spokane,Spokane,99206.0,POINT (-117.2459114 47.6525293),53063012401.0
WA,Pierce,South Hill,98374.0,POINT (-122.275748 47.1395924),53053071212.0
WA,Pierce,Tacoma,98407.0,POINT (-122.5113356 47.2923828),53053060300.0
WA,Whatcom,Bellingham,98229.0,POINT (-122.4569227 48.7470973),53073000902.0
WA,Pierce,Tacoma,98445.0,POINT (-122.40872 47.165675),53053071305.0
WA,Clark,Vancouver,98661.0,POINT (-122.641835 45.638545),53011043100.0
WA,Skagit,Sedro Woolley,98284.0,POINT (-122.235035 48.503325),53057951501.0
WA,Pierce,Tacoma,98445.0,POINT (-122.40872 47.165675),53053071505.0
WA,Jefferson,Chimacum,98325.0,POINT (-122.7811346 48.0162652),53031950302.0
WA,King,Redmond,98033.0,POINT (-122.20264 47.6785),53033022606.0
WA,Snohomish,Gold Bar,98251.0,POINT (-121.69427 47.858175),53061053801.0
CA,Marin,San Rafael,94901.0,POINT (-122.5260879 37.9702346),6041111002.0
WA,Grant,Quincy,98848.0,POINT (-119.8508676 47.2335835),53025010500.0
WA,Pierce,Spanaway,98387.0,POINT (-122.435115 47.1045),53053071411.0
WA,Thurston,Olympia,98512.0,POINT (-122.9131017 47.0135926),53067010920.0
WA,Stevens,Deer Park,99006.0,POINT (-117.47501 47.956285),53065951401.0
WA,Lewis,Centralia,98531.0,POINT (-122.962555 46.716875),53041970700.0
WA,Clark,Vancouver,98661.0,POINT (-122.641835 45.638545),53011041205.0
WA,Pierce,Buckley,98321.0,POINT (-122.029685 47.161465),53053070207.0
WA,Lewis,Winlock,98596.0,POINT (-122.94 46.491135),53041971501.0
WA,Spokane,Spokane Valley,99216.0,POINT (-117.21264 47.6587754),53063011800.0
WA,Whatcom,Glacier,98244.0,POINT (-122.2147543 48.8233229),53073010103.0
WA,Mason,Belfair,98528.0,POINT (-122.8551647 47.4495785),53045960500.0
WA,Spokane,Colbert,99005.0,POINT (-117.4015511 47.8159901),53063010305.0
WA,Clallam,Sequim,98382.0,POINT (-123.105015 48.08104),53009001600.0
WA,Spokane,Spokane,99218.0,POINT (-117.411805 47.745795),53063010506.0
WA,King,Seattle,98117.0,POINT (-122.37275 47.68968),53033003500.0
WA,Pierce,Puyallup,98372.0,POINT (-122.28718 47.190465),53053073405.0
WA,Pierce,Vaughn,98394.0,POINT (-122.769655 47.320505),53053072601.0
WA,Kitsap,Bremerton,98380.0,POINT (-122.847462 47.63836),53035091301.0
WA,Whatcom,Bellingham,98225.0,POINT (-122.486115 48.761615),53073000501.0
WA,Grant,Othello,99344.0,POINT (-119.168765 46.826175),53025011401.0
WA,Spokane,Spokane,99208.0,POINT (-117.40725 47.718625),53063010507.0
WA,Pierce,Spanaway,98387.0,POINT (-122.435115 47.1045),53053071409.0
WA,Clallam,Sequim,98382.0,POINT (-123.105015 48.08104),53009001800.0
WA,Walla Walla,College Place,99324.0,POINT (-118.38409 46.043895),53071920200.0
WA,Pierce,South Hill,98374.0,POINT (-122.275748 47.1395924),53053073110.0
WA,Pierce,Puyallup,98373.0,POINT (-122.2987976 47.13795),53053071304.0
WA,Pierce,Spanaway,98387.0,POINT (-122.435115 47.1045),53053071403.0
WA,Pierce,Puyallup,98373.0,POINT (-122.2987976 47.13795),53053073120.0
WA,Kittitas,Snoqualmie Pass,98068.0,POINT (-121.3988798 47.392842),53037975101.0
WA,Spokane,Spokane Valley,99206.0,POINT (-117.2459114 47.6525293),53063011900.0
WA,Whatcom,Bellingham,98225.0,POINT (-122.486115 48.761615),53073000502.0
WA,Pierce,Steilacoom,98388.0,POINT (-122.5970685 47.1686632),53053072111.0
WA,Lewis,Ashford,98304.0,POINT (-122.01843 46.756945),53041971800.0
WA,Kittitas,Vantage,98950.0,POINT (-119.9899 46.94468),53037975700.0
WA,Spokane,Spokane Valley,99206.0,POINT (-117.2459114 47.6525293),53063012402.0
WA,Clark,Vancouver,98686.0,POINT (-122.6483953 45.7010427),53011040403.0
WA,Kittitas,Ellensburg,98926.0,POINT (-120.544475 46.994),53037975403.0
WA,Whatcom,Lynden,98264.0,POINT (-122.4584536 48.9461196),53073010301.0
WA,Spokane,Spokane Valley,99212.0,POINT (-117.288055 47.68043),53063012100.0
WA,Walla Walla,Walla Walla,99362.0,POINT (-118.34332 46.063985),53071920100.0
WA,Spokane,Spokane,99204.0,POINT (-117.43167 47.64724),53063004002.0
WA,King,Seattle,98108.0,POINT (-122.326965 47.55015),53033011001.0
WA,Clark,Vancouver,98662.0,POINT (-122.5918493 45.6617058),53011041312.0
WA,Pierce,South Hill,98374.0,POINT (-122.275748 47.1395924),53053073122.0
WA,Skagit,La Conner,98257.0,POINT (-122.5135345 48.3829111),53057952100.0
WA,Whatcom,Bellingham,98229.0,POINT (-122.4569227 48.7470973),53073000807.0
WA,Mason,Union,98592.0,POINT (-123.06842 47.33529),53045960500.0
WA,Pierce,Lakewood,98499.0,POINT (-122.5181098 47.1712579),53053071805.0
WA,Grant,Moses Lake,98837.0,POINT (-119.2599876 47.1240154),53025011200.0
WA,Snohomish,Edmonds,98020.0,POINT (-122.37507 47.80807),53061050600.0
WA,Whatcom,Bellingham,98229.0,POINT (-122.4569227 48.7470973),53073001101.0
WA,Franklin,Connell,99326.0,POINT (-118.860645 46.660455),53021020802.0
WA,Spokane,Spokane Valley,99016.0,POINT (-117.1407 47.673675),53063013101.0
WA,Lewis,Chehalis,98532.0,POINT (-122.96692 46.66113),53041971502.0
WA,Whatcom,Bellingham,98225.0,POINT (-122.486115 48.761615),53073001203.0
WA,San Juan,Olga,98279.0,POINT (-122.791154 48.6391921),53055960101.0
WA,Benton,Kennewick,99336.0,POINT (-119.113535 46.204945),53005010902.0
WA,Chelan,Peshastin,98847.0,POINT (-120.60008 47.568765),53007960502.0
WA,Pierce,Tacoma,98404.0,POINT (-122.4096963 47.2174975),53053061900.0
WA,Snohomish,Lynnwood,98087.0,POINT (-122.2551991 47.8650827),53061051928.0
WA,Pierce,Tacoma,98406.0,POINT (-122.490985 47.26365),53053060500.0
WA,Pierce,Tacoma,98465.0,POINT (-122.53569 47.249445),53053061001.0
WA,Benton,Kennewick,99336.0,POINT (-119.113535 46.204945),53005011300.0
WA,King,Renton,98059.0,POINT (-122.15734 47.487175),53033025500.0
WA,Snohomish,Lake Stevens,98258.0,POINT (-122.112265 48.0047),53061052709.0
WA,Spokane,Medical Lake,99022.0,POINT (-117.6773 47.573335),53063014100.0
WA,Mason,Shelton,98584.0,POINT (-123.105305 47.211085),53045960900.0
WA,Adams,Othello,99344.0,POINT (-119.168765 46.826175),53001950301.0
WA,Klickitat,Murdock,98617.0,POINT (-121.1798228 45.6209509),53039950200.0
WA,Spokane,Mead,99005.0,POINT (-117.4015511 47.8159901),53063010203.0
WA,Benton,Prosser,99350.0,POINT (-119.769315 46.204995),53005011702.0
WA,Grays Harbor,Hoquiam,98550.0,POINT (-123.8868787 46.9805308),53027001300.0
WA,Pierce,Tacoma,98444.0,POINT (-122.43827 47.153995),53053071706.0
WA,Pierce,Puyallup,98373.0,POINT (-122.2987976 47.13795),53053071206.0
WA,Benton,Richland,99352.0,POINT (-119.2952071 46.272495),53005010817.0
WA,Lewis,Vader,98593.0,POINT (-122.954905 46.400235),53041971600.0
WA,Kittitas,Ellensburg,98926.0,POINT (-120.544475 46.994),53037975402.0
WA,Whitman,Palouse,99161.0,POINT (-117.07428 46.91147),53075000700.0
WA,Walla Walla,Walla Walla,99362.0,POINT (-118.34332 46.063985),53071920901.0
WA,Lewis,Centralia,98531.0,POINT (-122.962555 46.716875),53041970600.0
WA,Mason,Shelton,98584.0,POINT (-123.105305 47.211085),53045961102.0
WA,Pierce,Tacoma,98401.0,POINT (-122.437085 47.25303),53053061601.0
WA,Spokane,Cheney,99004.0,POINT (-117.57579 47.492775),53063014100.0
WA,Pierce,South Prairie,98385.0,POINT (-122.096795 47.137975),53053070204.0
WA,Pierce,Graham,98338.0,POINT (-122.2953401 47.0763961),53053073119.0
WA,Skagit,Mount Vernon,98274.0,POINT (-122.32284 48.41653),53057952403.0
WA,King,Seattle,98164.0,POINT (-122.332645 47.605785),53033008102.0
WA,Chelan,Leavenworth,98826.0,POINT (-120.6619153 47.5970083),53007960501.0
WA,Kittitas,Ellensburg,98926.0,POINT (-120.544475 46.994),53037975300.0
WA,Snohomish,Everett,98203.0,POINT (-122.213105 47.95479),53061041201.0
WA,Snohomish,Everett,98203.0,POINT (-122.213105 47.95479),53061041500.0
WA,Pierce,Pacific,98047.0,POINT (-122.250215 47.25014),53053073301.0
WA,Klickitat,Bz Corner,98672.0,POINT (-121.48347 45.72977),53039950302.0
WA,Adams,Lind,99341.0,POINT (-118.616395 46.97191),53001950200.0
WA,Snohomish,Lynnwood,98087.0,POINT (-122.2551991 47.8650827),53061041901.0
WA,Snohomish,Index,98256.0,POINT (-121.5563475 47.8202753),53061053801.0
WA,Yakima,Naches,98937.0,POINT (-120.69918 46.7305),53077003004.0
WA,Adams,Ritzville,99169.0,POINT (-118.376715 47.12569),53001950100.0
WA,Benton,Richland,99352.0,POINT (-119.2952071 46.272495),53005010810.0
WA,Pierce,Tacoma,98404.0,POINT (-122.4096963 47.2174975),53053062300.0
WA,Pierce,Puyallup,98372.0,POINT (-122.28718 47.190465),53053940010.0
WA,Mason,Belfair,98528.0,POINT (-122.8551647 47.4495785),53045960302.0
WA,Spokane,Spokane,99207.0,POINT (-117.39787 47.67936),53063000302.0
WA,King,Bothell,98034.0,POINT (-122.209285 47.71124),53033022001.0
WA,Pierce,Tacoma,98422.0,POINT (-122.38578 47.28971),53053940002.0
WA,Pierce,Lakewood,98499.0,POINT (-122.5181098 47.1712579),53053071807.0
WA,Mason,Shelton,98584.0,POINT (-123.105305 47.211085),53045960800.0
WA,Pierce,Puyallup,98374.0,POINT (-122.275748 47.1395924),53053071212.0
WA,Pierce,Puyallup,98373.0,POINT (-122.2987976 47.13795),53053071310.0
WA,Pacific,Raymond,98577.0,POINT (-123.72855 46.686115),53049950200.0
WA,King,Seattle,98125.0,POINT (-122.296385 47.71558),53033001900.0
WA,Skamania,North Bonneville,98639.0,POINT (-121.9755204 45.6395805),53059950200.0
WA,King,Snoqualmie,98065.0,POINT (-121.8740496 47.5345546),53033032705.0
WA,Kitsap,Olalla,98359.0,POINT (-122.54483 47.41801),53035092701.0
WA,Pierce,Tacoma,98404.0,POINT (-122.4096963 47.2174975),53053062000.0
WA,Spokane,Spokane,99203.0,POINT (-117.425265 47.635365),53063004400.0
WA,Lewis,Toledo,98591.0,POINT (-122.846675 46.44142),53041971200.0
WA,Grant,Moses Lake,98837.0,POINT (-119.2599876 47.1240154),53025010200.0
WA,Lewis,Mossyrock,98564.0,POINT (-122.48444 46.530395),53041971700.0
WA,Pierce,Tacoma,98404.0,POINT (-122.4096963 47.2174975),53053071601.0
WA,Spokane,Spokane,99036.0,POINT (-117.24097 47.532105),53063013300.0
WA,Pierce,Tacoma,98444.0,POINT (-122.43827 47.153995),53053071504.0
WA,Spokane,Spokane,99216.0,POINT (-117.21264 47.6587754),53063011400.0
WA,Pierce,Tacoma,98408.0,POINT (-122.438105 47.20322),53053063501.0
WA,Pierce,Spanaway,98387.0,POINT (-122.435115 47.1045),53053071416.0
WA,Pacific,Ilwaco,98624.0,POINT (-124.03897 46.30954),53049950501.0
WA,Pierce,South Hill,98373.0,POINT (-122.2987976 47.13795),53053071304.0
WA,Lewis,Centralia,98531.0,POINT (-122.962555 46.716875),53041970500.0
WA,Pierce,Bonney Lake,98391.0,POINT (-122.183805 47.18062),53053070209.0
WA,Benton,Prosser,99350.0,POINT (-119.769315 46.204995),53005011801.0
WA,Pierce,Puyallup,98374.0,POINT (-122.275748 47.1395924),53053073110.0
WA,Whatcom,Bellingham,98229.0,POINT (-122.4569227 48.7470973),53073000803.0
WA,Franklin,Pasco,99301.0,POINT (-119.0982 46.232395),53021020101.0
WA,Island,Clinton,98236.0,POINT (-122.359364 47.9796552),53029972000.0
WA,Clallam,Sequim,98382.0,POINT (-123.105015 48.08104),53009002302.0
WA,King,Seattle,98178.0,POINT (-122.234385 47.494545),53033011700.0
WA,King,Issaquah,98029.0,POINT (-121.999595 47.547635),53033032223.0
WA,Pierce,Tacoma,98465.0,POINT (-122.53569 47.249445),53053061002.0
WA,Clark,Vancouver,98662.0,POINT (-122.5918493 45.6617058),53011040408.0
WA,Clark,Yacolt,98675.0,POINT (-122.4066726 45.8651816),53011040203.0
WA,King,Seattle,98105.0,POINT (-122.319115 47.66132),53033004600.0
WA,King,Kent,98031.0,POINT (-122.2012521 47.3931814),53033029505.0
WA,Pierce,Tacoma,98405.0,POINT (-122.45153 47.251135),53053061100.0
WA,Okanogan,Tonasket,98855.0,POINT (-119.438935 48.70556),53047970302.0
WA,Lewis,Packwood,98361.0,POINT (-121.66915 46.60968),53041972000.0
WA,King,Kent,98092.0,POINT (-122.1820969 47.3198995),53033029602.0
WA,Walla Walla,College Place,99324.0,POINT (-118.38409 46.043895),53071920301.0
WA,Kittitas,Ellensburg,98926.0,POINT (-120.544475 46.994),53037975600.0
WA,King,Seattle,98118.0,POINT (-122.28339 47.549285),53033011901.0
WA,Skagit,Mount Vernon,98273.0,POINT (-122.338975 48.41333),53057952304.0
WA,Grant,Royal City,99357.0,POINT (-119.630615 46.899585),53025011405.0
WA,Benton,Prosser,99350.0,POINT (-119.769315 46.204995),53005011802.0
WA,Pierce,Fircrest,98466.0,POINT (-122.537565 47.231645),53053072313.0
WA,Whatcom,Maple Falls,98266.0,POINT (-122.1486861 48.9492931),53073010102.0
WA,Snohomish,Granite Falls,98252.0,POINT (-121.96994 48.08334),53061053505.0
WA,Whatcom,Sedro Woolley,98284.0,POINT (-122.235035 48.503325),53073000807.0
WA,Benton,Kennewick,99336.0,POINT (-119.113535 46.204945),53005010816.0
WA,Grant,Quincy,98848.0,POINT (-119.8508676 47.2335835),53025010600.0
WA,Okanogan,Winthrop,98862.0,POINT (-120.1774093 48.4741766),53047971000.0
WA,Snohomish,Marysville,98270.0,POINT (-122.17673 48.05542),53061052805.0
WA,Chelan,Wenatchee,98801.0,POINT (-120.32009 47.42255),53007961303.0
WA,Spokane,Spokane Valley,99212.0,POINT (-117.288055 47.68043),53063012300.0
WA,Okanogan,Riverside,98849.0,POINT (-119.509725 48.50223),53047970303.0
WA,Skagit,Mount Vernon,98274.0,POINT (-122.32284 48.41653),53057952405.0
WA,Pierce,Tacoma,98409.0,POINT (-122.47913 47.2198),53053061700.0
WA,Benton,Prosser,99350.0,POINT (-119.769315 46.204995),53005011701.0
WA,King,Renton,98059.0,POINT (-122.15734 47.487175),53033031904.0
WA,Clark,Vancouver,98662.0,POINT (-122.5918493 45.6617058),53011040812.0
WA,Kittitas,Easton,98925.0,POINT (-121.1761632 47.24106),53037975201.0
WA,Grant,Ephrata,98823.0,POINT (-119.55513 47.31936),53025010402.0
WA,Pierce,Fife,98424.0,POINT (-122.36151 47.241885),53053940002.0
WA,Island,Greenbank,98253.0,POINT (-122.6084879 48.0755577),53029971302.0
WA,Skagit,Anacortes,98221.0,POINT (-122.615305 48.501275),53057940401.0
WA,Spokane,Spokane,99201.0,POINT (-117.431895 47.667155),53063002000.0
WA,King,Kent,98042.0,POINT (-122.111625 47.36078),53033029405.0
WA,King,Carnation,98053.0,POINT (-122.0370611 47.6887161),53033032315.0
WA,King,Renton,98055.0,POINT (-122.197 47.43876),53033026004.0
WA,Grays Harbor,Cosmopolis,98537.0,POINT (-123.7758 46.952755),53027000900.0
WA,Spokane,Mead,99021.0,POINT (-117.35761 47.76885),53063011202.0
WA,Spokane,Cheney,99004.0,POINT (-117.57579 47.492775),53063013503.0
WA,Asotin,Asotin,99402.0,POINT (-117.04437 46.338085),53003960100.0
WA,Spokane,Spokane,99204.0,POINT (-117.43167 47.64724),53063004100.0
WA,Clark,Vancouver,98662.0,POINT (-122.5918493 45.6617058),53011040714.0
WA,Mason,Grapeview,98546.0,POINT (-122.9529423 47.3248964),53045961200.0
WA,Pierce,Tacoma,98445.0,POINT (-122.40872 47.165675),53053071306.0
WA,Kitsap,Silverdale,98311.0,POINT (-122.6468815 47.6344364),53035091204.0
WA,Spokane,Valleyford,99036.0,POINT (-117.24097 47.532105),53063013300.0
WA,Pierce,Tacoma,98444.0,POINT (-122.43827 47.153995),53053063502.0
WA,Chelan,Malaga,98828.0,POINT (-120.199045 47.36607),53007961200.0
WA,Spokane,Spokane,99207.0,POINT (-117.39787 47.67936),53063002501.0
WA,Pierce,Puyallup,98374.0,POINT (-122.275748 47.1395924),53053071211.0
WA,King,Renton,98058.0,POINT (-122.1298876 47.4451257),53033031906.0
WA,Spokane,Reardan,99029.0,POINT (-117.877905 47.667915),53063010404.0
WA,Spokane,Spokane,99202.0,POINT (-117.383045 47.661935),53063003200.0
WA,Whatcom,Ferndale,98248.0,POINT (-122.6011039 48.85324),53073010600.0
WA,Spokane,Spokane,99208.0,POINT (-117.40725 47.718625),53063010508.0
WA,Skagit,Bow,98232.0,POINT (-122.4410546 48.5620007),53057951900.0
WA,King,Kent,98042.0,POINT (-122.111625 47.36078),53033032006.0
WA,King,Renton,98058.0,POINT (-122.1298876 47.4451257),53033031911.0
WA,Lewis,Morton,98356.0,POINT (-122.27838 46.556285),53041971900.0
WA,Pierce,Tacoma,98421.0,POINT (-122.40594 47.261725),53053060200.0
WA,Whatcom,Bellingham,98226.0,POINT (-122.45493 48.76809),53073000804.0
WA,Spokane,Mead,99021.0,POINT (-117.35761 47.76885),53063010204.0
WA,Grays Harbor,Elma,98541.0,POINT (-123.410105 47.00679),53027000501.0
WA,King,Woodinville,98072.0,POINT (-122.151665 47.75855),53033032311.0
WA,Spokane,Liberty Lake,99019.0,POINT (-117.0923638 47.6643385),53063013204.0
WA,Whatcom,Point Roberts,98281.0,POINT (-123.0651 48.98823),53073011000.0
WA,Snohomish,Stanwood,98292.0,POINT (-122.3684051 48.2414921),53061053101.0
WA,Pierce,Lake Tapps,98391.0,POINT (-122.183805 47.18062),53053070313.0
WA,King,Woodinville,98072.0,POINT (-122.151665 47.75855),53033032322.0
WA,Adams,Othello,99344.0,POINT (-119.168765 46.826175),53001950500.0
WA,Chelan,Wenatchee,98801.0,POINT (-120.32009 47.42255),53007960804.0
WA,Grays Harbor,Grayland,98547.0,POINT (-124.084295 46.746475),53027001602.0
IL,Lake,Libertyville,60048.0,POINT (-87.95161 42.28444),17097864106.0
WA,Lewis,Silver Creek,98585.0,POINT (-122.5000729 46.5596671),53041971700.0
WA,King,Renton,98058.0,POINT (-122.1298876 47.4451257),53033031909.0
WA,Whatcom,Bellingham,98226.0,POINT (-122.45493 48.76809),53073000700.0
WA,Pierce,Tacoma,98406.0,POINT (-122.490985 47.26365),53053061001.0
WA,King,North Bend,98045.0,POINT (-121.7814012 47.4935316),53033032706.0
WA,Pierce,Graham,98338.0,POINT (-122.2953401 47.0763961),53053073130.0
WA,Okanogan,Brewster,98812.0,POINT (-119.783035 48.097155),53047970800.0
WA,Lewis,Silver Creek,98585.0,POINT (-122.5000729 46.5596671),53041971800.0
WA,Whitman,Pullman,99163.0,POINT (-117.17912 46.730885),53075000700.0
WA,Pierce,Orting,98360.0,POINT (-122.2032237 47.0942956),53053070206.0
WA,Spokane,Chattaroy,99003.0,POINT (-117.357645 47.89189),53063010201.0
WA,Pierce,Bonney Lake,98391.0,POINT (-122.183805 47.18062),53053070311.0
WA,Spokane,Spokane,99205.0,POINT (-117.42694 47.67946),53063001100.0
WA,Spokane,Spokane Valley,99206.0,POINT (-117.2459114 47.6525293),53063012801.0
WA,Pierce,Eatonville,98328.0,POINT (-122.270565 46.86822),53053073117.0
WA,King,Renton,98058.0,POINT (-122.1298876 47.4451257),53033029307.0
WA,Spokane,Spokane Valley,99216.0,POINT (-117.21264 47.6587754),53063012702.0
WA,Pierce,Sumner,98390.0,POINT (-122.23825 47.201625),53053073302.0
WA,Mason,Belfair,98528.0,POINT (-122.8551647 47.4495785),53045960301.0
WA,Skagit,Mount Vernon,98273.0,POINT (-122.338975 48.41333),53057952100.0
WA,Skagit,La Conner,98257.0,POINT (-122.5135345 48.3829111),53057940802.0
WA,Pierce,Tacoma,98404.0,POINT (-122.4096963 47.2174975),53053062400.0
WA,King,Woodinville,98072.0,POINT (-122.151665 47.75855),53033032307.0
WA,King,Auburn,98092.0,POINT (-122.1820969 47.3198995),53033031204.0
WA,Pierce,South Hill,98373.0,POINT (-122.2987976 47.13795),53053071310.0
WA,Grays Harbor,Aberdeen,98520.0,POINT (-123.8206 46.97789),53027001000.0
WA,Spokane,Spokane,99223.0,POINT (-117.369705 47.62637),53063003900.0
WA,Whatcom,Lynden,98264.0,POINT (-122.4584536 48.9461196),53073010202.0
WA,Skagit,Mount Vernon,98274.0,POINT (-122.32284 48.41653),53057952700.0
WA,Kitsap,Bremerton,98337.0,POINT (-122.635905 47.57097),53035081400.0
WA,Grant,Royal City,99357.0,POINT (-119.630615 46.899585),53025011404.0
WA,King,Renton,98055.0,POINT (-122.197 47.43876),53033025303.0
WA,Lewis,Chehalis,98532.0,POINT (-122.96692 46.66113),53041971000.0
WA,Skagit,Mount Vernon,98274.0,POINT (-122.32284 48.41653),53057951200.0
WA,Thurston,Rainier,98576.0,POINT (-122.6898776 46.8908492),53067012421.0
WA,Pierce,Puyallup,98374.0,POINT (-122.275748 47.1395924),53053071210.0
WA,Spokane,Spokane,99217.0,POINT (-117.35609 47.68401),53063010101.0
WA,Franklin,Pasco,99301.0,POINT (-119.0982 46.232395),53021020300.0
WA,Chelan,Wenatchee,98801.0,POINT (-120.32009 47.42255),53007961301.0
WA,Snohomish,Snohomish,98296.0,POINT (-122.15134 47.8851158),53061041609.0
WA,Spokane,Spokane,99208.0,POINT (-117.40725 47.718625),53063010701.0
WA,Spokane,Colbert,99005.0,POINT (-117.4015511 47.8159901),53063010204.0
WA,Spokane,Spokane Valley,99216.0,POINT (-117.21264 47.6587754),53063011400.0
WA,Chelan,Wenatchee,98801.0,POINT (-120.32009 47.42255),53007961102.0
WA,Skagit,Mount Vernon,98273.0,POINT (-122.338975 48.41333),53057952303.0
WA,Lewis,Ethel,98542.0,POINT (-122.71614 46.5308781),53041971200.0
WA,Spokane,Airway Heights,99001.0,POINT (-117.587785 47.64677),53063010401.0
WA,Pierce,Dupont,98327.0,POINT (-122.643815 47.097455),53053072801.0
WA,Skagit,Mount Vernon,98273.0,POINT (-122.338975 48.41333),53057952600.0
WA,Douglas,East Wenatchee,98802.0,POINT (-120.28619 47.417755),53017950400.0
NE,Douglas,Omaha,68135.0,POINT (-96.1699821 41.1973705),31055007461.0
WA,Spokane,Spokane Valley,99037.0,POINT (-117.19651 47.65942),53063013002.0
WA,Whatcom,Bellingham,98226.0,POINT (-122.45493 48.76809),53073010600.0
WA,Lewis,Chehalis,98532.0,POINT (-122.96692 46.66113),53041970800.0
WA,Chelan,Chelan,98816.0,POINT (-120.015875 47.839895),53007960302.0
WA,Spokane,Spokane,99203.0,POINT (-117.425265 47.635365),53063003100.0
WA,Island,Oak Harbor,98277.0,POINT (-122.67499 48.287295),53029970900.0
WA,Pierce,Tacoma,98402.0,POINT (-122.44131 47.25207),53053060200.0
WA,Pierce,Spanaway,98387.0,POINT (-122.435115 47.1045),53053071408.0
WA,Pierce,Tacoma,98445.0,POINT (-122.40872 47.165675),53053071408.0
WA,Spokane,Spokane,99201.0,POINT (-117.431895 47.667155),53063003500.0
WA,Pierce,Puyallup,98372.0,POINT (-122.28718 47.190465),53053073406.0
WA,King,Bellevue,98007.0,POINT (-122.147385 47.599975),53033023202.0
WA,King,Maple Valley,98038.0,POINT (-122.05191 47.357985),53033032002.0
WA,Pierce,South Hill,98375.0,POINT (-122.3085456 47.1042426),53053071304.0
WA,Walla Walla,College Place,99324.0,POINT (-118.38409 46.043895),53071920302.0
WA,Whitman,Rosalia,99170.0,POINT (-117.369475 47.2369),53075000900.0
WA,Pierce,Puyallup,98372.0,POINT (-122.28718 47.190465),53053070401.0
WA,Grays Harbor,Westport,98595.0,POINT (-124.107315 46.886855),53027001601.0
WA,Spokane,Spokane Valley,99212.0,POINT (-117.288055 47.68043),53063012401.0
WA,Spokane,Greenacres,99016.0,POINT (-117.1407 47.673675),53063013101.0
WA,Skagit,Sedro-Woolley,98284.0,POINT (-122.235035 48.503325),53057951400.0
WA,Whatcom,Everson,98247.0,POINT (-122.357585 48.90942),53073010701.0
WA,Whitman,Pullman,99163.0,POINT (-117.17912 46.730885),53075000500.0
WA,Benton,Richland,99352.0,POINT (-119.2952071 46.272495),53005012000.0
WA,Lewis,Winlock,98596.0,POINT (-122.94 46.491135),53041971300.0
WA,Spokane,Spokane,99202.0,POINT (-117.383045 47.661935),53063014500.0
WA,Pierce,Tacoma,98402.0,POINT (-122.44131 47.25207),53053061602.0
WA,Benton,Kennewick,99337.0,POINT (-119.14533 46.187395),53005011100.0
WA,Okanogan,Oroville,98844.0,POINT (-119.43496 48.935165),53047970301.0
WA,Grays Harbor,Elma,98541.0,POINT (-123.410105 47.00679),53027000502.0
WA,Spokane,Mead,99021.0,POINT (-117.35761 47.76885),53063010504.0
WA,Spokane,Spokane Valley,99037.0,POINT (-117.19651 47.65942),53063013003.0
WA,Walla Walla,Walla Walla,99362.0,POINT (-118.34332 46.063985),53071920701.0
WA,Spokane,Medical Lake,99004.0,POINT (-117.57579 47.492775),53063013900.0
WA,Pierce,Tacoma,98402.0,POINT (-122.44131 47.25207),53053061400.0
WA,Pierce,Puyallup,98375.0,POINT (-122.3085456 47.1042426),53053073121.0
WA,Spokane,Spokane,99205.0,POINT (-117.42694 47.67946),53063002400.0
WA,Skamania,Stevenson,98648.0,POINT (-121.8849392 45.6980854),53059950200.0
WA,Snohomish,Edmonds,98020.0,POINT (-122.37507 47.80807),53061050200.0
WA,Thurston,Lacey,98516.0,POINT (-122.7510253 47.08149),53067011500.0
WA,Snohomish,Everett,98208.0,POINT (-122.2247757 47.9156409),53061052120.0
WA,Spokane,Spokane,99224.0,POINT (-117.460225 47.64927),53063014200.0
WA,King,Renton,98058.0,POINT (-122.1298876 47.4451257),53033029308.0
WA,Walla Walla,Walla Walla,99362.0,POINT (-118.34332 46.063985),53071920600.0
WA,King,Issaquah,98027.0,POINT (-122.03646 47.534065),53033031904.0
WA,Whatcom,Bellingham,98226.0,POINT (-122.45493 48.76809),53073000202.0
WA,Spokane,Spokane,99217.0,POINT (-117.35609 47.68401),53063011400.0
WA,Spokane,Spokane Valley,99216.0,POINT (-117.21264 47.6587754),53063012801.0
WA,Spokane,Spokane Valley,99216.0,POINT (-117.21264 47.6587754),53063013101.0
WA,Spokane,Spokane,99021.0,POINT (-117.35761 47.76885),53063010204.0
WA,Pierce,Orting,98360.0,POINT (-122.2032237 47.0942956),53053070403.0
WA,Snohomish,Lynnwood,98036.0,POINT (-122.3164188 47.819664),53061051927.0
WA,Pierce,Bonney Lake,98391.0,POINT (-122.183805 47.18062),53053070204.0
WA,Mason,Shelton,98584.0,POINT (-123.105305 47.211085),53045960600.0
WA,Snohomish,Snohomish,98296.0,POINT (-122.15134 47.8851158),53061052119.0
WA,Benton,Richland,99352.0,POINT (-119.2952071 46.272495),53005010820.0
WA,Pierce,Tacoma,98445.0,POINT (-122.40872 47.165675),53053063402.0
WA,Klickitat,Trout Lake,98650.0,POINT (-121.5317803 45.9914877),53039950302.0
WA,Mason,Shelton,98584.0,POINT (-123.105305 47.211085),53045960500.0
WA,Spokane,Spokane,99224.0,POINT (-117.460225 47.64927),53063013600.0
WA,Stevens,Colville,99114.0,POINT (-117.90431 48.547075),53065950200.0
WA,Okanogan,Methow,98834.0,POINT (-120.0041169 48.1305433),53047971000.0
WA,Lewis,Winlock,98596.0,POINT (-122.94 46.491135),53041971502.0
WA,Pierce,Tacoma,98407.0,POINT (-122.5113356 47.2923828),53053060904.0
WA,Clark,Vancouver,98661.0,POINT (-122.641835 45.638545),53011041800.0
WA,Pierce,Gig Harbor,98335.0,POINT (-122.5835454 47.3234488),53053072507.0
WA,Franklin,Pasco,99301.0,POINT (-119.0982 46.232395),53021020404.0
WA,Lewis,Chehalis,98532.0,POINT (-122.96692 46.66113),53041971100.0
WA,Franklin,Pasco,99301.0,POINT (-119.0982 46.232395),53021020402.0
WA,Spokane,Spokane,99218.0,POINT (-117.411805 47.745795),53063010902.0
WA,King,Seattle,98122.0,POINT (-122.30839 47.610365),53033008500.0
WA,Pierce,Tacoma,98465.0,POINT (-122.53569 47.249445),53053061100.0
WA,Okanogan,Tonasket,98855.0,POINT (-119.438935 48.70556),53047970400.0
WA,Pierce,Puyallup,98375.0,POINT (-122.3085456 47.1042426),53053073127.0
WA,Spokane,Spokane Valley,99216.0,POINT (-117.21264 47.6587754),53063012902.0
CA,San Diego,San Diego,92131.0,POINT (-117.090485 32.932535),6073017045.0
WA,Skagit,Mount Vernon,98274.0,POINT (-122.32284 48.41653),53057952303.0
WA,Pacific,Ocean Park,98640.0,POINT (-124.04853 46.4972),53049950801.0
WA,Spokane,Spokane Valley,99216.0,POINT (-117.21264 47.6587754),53063011702.0
WA,Pierce,Tacoma,98409.0,POINT (-122.47913 47.2198),53053062801.0
WA,Douglas,Rock Island,98850.0,POINT (-120.144655 47.37695),53017950300.0
WA,Clallam,Clallam Bay,98326.0,POINT (-124.2601571 48.2537459),53009002400.0
WA,Spokane,Spokane,99223.0,POINT (-117.369705 47.62637),53063004601.0
WA,Pierce,Tacoma,98422.0,POINT (-122.38578 47.28971),53053940005.0
WA,Pierce,Tacoma,98422.0,POINT (-122.38578 47.28971),53053940001.0
WA,King,Renton,98058.0,POINT (-122.1298876 47.4451257),53033031913.0
WA,King,Kent,98042.0,POINT (-122.111625 47.36078),53033031705.0
WA,King,Kent,98058.0,POINT (-122.1298876 47.4451257),53033029307.0
WA,Pierce,Puyallup,98374.0,POINT (-122.275748 47.1395924),53053071209.0
WA,Snohomish,Bothell,98012.0,POINT (-122.1876761 47.820517),53061052006.0
WA,Stevens,Kettle Falls,99141.0,POINT (-118.056575 48.604475),53065950102.0
WA,Mason,Shelton,98584.0,POINT (-123.105305 47.211085),53045961200.0
WA,Whatcom,Bellingham,98226.0,POINT (-122.45493 48.76809),53073010701.0
WA,King,Woodinville,98077.0,POINT (-122.07326 47.75425),53033032326.0
WA,Chelan,Chelan,98816.0,POINT (-120.015875 47.839895),53007960100.0
WA,Spokane,Spokane,99224.0,POINT (-117.460225 47.64927),53063013502.0
WA,Skagit,Anacortes,98221.0,POINT (-122.615305 48.501275),53057940403.0
WA,Franklin,Pasco,99301.0,POINT (-119.0982 46.232395),53021020504.0
WA,Spokane,Veradale,99037.0,POINT (-117.19651 47.65942),53063012402.0
WA,Pierce,Sumner,98390.0,POINT (-122.23825 47.201625),53053940010.0
WA,Snohomish,Stanwood,98292.0,POINT (-122.3684051 48.2414921),53061053400.0
WA,King,Redmond,98072.0,POINT (-122.151665 47.75855),53033032321.0
WA,Pierce,Tacoma,98446.0,POINT (-122.377475 47.096645),53053071306.0
WA,King,Redmond,98072.0,POINT (-122.151665 47.75855),53033032326.0
WA,Asotin,Clarkston,99403.0,POINT (-117.045685 46.4163),53003960600.0
WA,Benton,Kennewick,99336.0,POINT (-119.113535 46.204945),53005011401.0
WA,Pierce,Buckley,98321.0,POINT (-122.029685 47.161465),53053070309.0
WA,Spokane,Elk,99009.0,POINT (-117.34985 48.017715),53063010201.0
WA,Pierce,Spanaway,98387.0,POINT (-122.435115 47.1045),53053071417.0
WA,Spokane,Cheney,99022.0,POINT (-117.6773 47.573335),53063014100.0
WA,Spokane,Spokane,99208.0,POINT (-117.40725 47.718625),53063011000.0
WA,Grays Harbor,Mccleary,98557.0,POINT (-123.26743 47.052405),53027000600.0
WA,Pierce,Tacoma,98418.0,POINT (-122.439165 47.22468),53053061800.0
WA,Pierce,Bonney Lake,98391.0,POINT (-122.183805 47.18062),53053070313.0
WA,King,Seattle,98168.0,POINT (-122.286465 47.476),53033027000.0
WA,King,Duvall,98014.0,POINT (-121.9105947 47.6483005),53033032500.0
WA,Spokane,Valleyford,99036.0,POINT (-117.24097 47.532105),53063013502.0
WA,Skagit,Burlington,98233.0,POINT (-122.33079 48.474765),53057950803.0
WA,Pierce,Tacoma,98422.0,POINT (-122.38578 47.28971),53053940011.0
WA,Pierce,South Hill,98375.0,POINT (-122.3085456 47.1042426),53053073128.0
WA,Spokane,Spokane,99208.0,POINT (-117.40725 47.718625),53063010506.0
WA,Grays Harbor,Montesano,98563.0,POINT (-123.60535 46.982215),53027000401.0
WA,Lincoln,Harrington,99134.0,POINT (-118.2539532 47.4808),53043960400.0
WA,Pierce,Tacoma,98445.0,POINT (-122.40872 47.165675),53053071412.0
WA,Franklin,Mesa,99343.0,POINT (-119.1511997 46.592392),53021020801.0
WA,King,Redmond,98053.0,POINT (-122.0370611 47.6887161),53033032313.0
WA,Grant,Electric City,99123.0,POINT (-119.0352296 47.9315504),53025010100.0
WA,Spokane,Mead,99021.0,POINT (-117.35761 47.76885),53063010102.0
WA,Pierce,Buckley,98321.0,POINT (-122.029685 47.161465),53053070206.0
WA,Benton,Kennewick,99338.0,POINT (-119.1973001 46.1911488),53005011505.0
WA,Spokane,Spokane Valley,99016.0,POINT (-117.1407 47.673675),53063013102.0
WA,Skagit,Sedro-Woolley,98284.0,POINT (-122.235035 48.503325),53057951000.0
WA,Mason,Tahuya,98588.0,POINT (-122.98528 47.438745),53045960301.0
WA,Pierce,Tacoma,98444.0,POINT (-122.43827 47.153995),53053071503.0
WA,Snohomish,Lynnwood,98037.0,POINT (-122.297265 47.84182),53061050200.0
WA,King,Medina,98039.0,POINT (-122.228025 47.61598),53033024002.0
WA,Pierce,Vaughn,98394.0,POINT (-122.769655 47.320505),53053072602.0
WA,Pierce,Puyallup,98375.0,POINT (-122.3085456 47.1042426),53053073128.0
WA,Grant,Quincy,98848.0,POINT (-119.8508676 47.2335835),53025010700.0
WA,Spokane,Spokane,99203.0,POINT (-117.425265 47.635365),53063004100.0
WA,King,Kirkland,98011.0,POINT (-122.20578 47.762405),53033022204.0
WA,Skagit,Burlington,98233.0,POINT (-122.33079 48.474765),53057951900.0
WA,Kittitas,Ronald,98940.0,POINT (-121.0551802 47.2555714),53037975101.0
WA,Pierce,Tacoma,98406.0,POINT (-122.490985 47.26365),53053060906.0
WA,Pierce,Tacoma,98418.0,POINT (-122.439165 47.22468),53053062501.0
WA,Lewis,Glenoma,98356.0,POINT (-122.27838 46.556285),53041971900.0
WA,Grant,Moses Lake,98837.0,POINT (-119.2599876 47.1240154),53025010800.0
WA,Douglas,East Wenatchee,98802.0,POINT (-120.28619 47.417755),53017950101.0
WA,Spokane,Spokane,99207.0,POINT (-117.39787 47.67936),53063001800.0
WA,Skagit,Sedro-Woolley,98284.0,POINT (-122.235035 48.503325),53057951600.0
WA,Pierce,Puyallup,98372.0,POINT (-122.28718 47.190465),53053071207.0
WA,Pierce,Enumclaw,98022.0,POINT (-121.98953 47.20347),53053070100.0
WA,Pierce,Tacoma,98422.0,POINT (-122.38578 47.28971),53053940008.0
WA,Pierce,Roy,98580.0,POINT (-122.522985 46.9876),53053073006.0
WA,Pierce,Spanaway,98387.0,POINT (-122.435115 47.1045),53053071503.0
WA,Skagit,Mount Vernon,98273.0,POINT (-122.338975 48.41333),53057952700.0
WA,Lewis,Centralia,98531.0,POINT (-122.962555 46.716875),53041970200.0
WA,Grant,Mattawa,99349.0,POINT (-119.901675 46.7377996),53025011403.0
WA,Grays Harbor,Hoquiam,98550.0,POINT (-123.8868787 46.9805308),53027001400.0
WA,Spokane,Spokane,99203.0,POINT (-117.425265 47.635365),53063004001.0
WA,Pierce,Tacoma,98444.0,POINT (-122.43827 47.153995),53053071603.0
WA,Pierce,Parkland,98446.0,POINT (-122.377475 47.096645),53053071306.0
MO,Platte,Platte City,64079.0,POINT (-94.77962 39.36557),29165030401.0
WA,Pierce,Puyallup,98375.0,POINT (-122.3085456 47.1042426),53053073120.0
WA,Stevens,Evans,99126.0,POINT (-117.9557577 48.6879951),53065950101.0
WA,Franklin,Pasco,99301.0,POINT (-119.0982 46.232395),53021020201.0
WA,Clark,Vancouver,98684.0,POINT (-122.51692 45.6228),53011040608.0
WA,Pierce,Orting,98360.0,POINT (-122.2032237 47.0942956),53053070100.0
WA,Pierce,South Hill,98375.0,POINT (-122.3085456 47.1042426),53053073126.0
WA,Pierce,Tacoma,98444.0,POINT (-122.43827 47.153995),53053063402.0
WA,King,Kirkland,98011.0,POINT (-122.20578 47.762405),53033022201.0
WA,Pierce,South Hill,98375.0,POINT (-122.3085456 47.1042426),53053073131.0
WA,Snohomish,Edmonds,98087.0,POINT (-122.2551991 47.8650827),53061051601.0
WA,Pierce,Lakewood,98498.0,POINT (-122.547645 47.176685),53053072000.0
WA,Spokane,Nine Mile Falls,99026.0,POINT (-117.5967686 47.8204962),53063010508.0
WA,Benton,Richland,99352.0,POINT (-119.2952071 46.272495),53005010600.0
WA,Spokane,Greenacres,99016.0,POINT (-117.1407 47.673675),53063013003.0
WA,Chelan,Cashmere,98815.0,POINT (-120.4687 47.5173233),53007960502.0
WA,King,Auburn,98001.0,POINT (-122.2849393 47.3384055),53033029901.0
WA,Pierce,Parkland,98446.0,POINT (-122.377475 47.096645),53053071412.0
CA,Kern,Ridgecrest,93555.0,POINT (-117.67228 35.62073),6029005300.0
WA,Benton,Benton City,99320.0,POINT (-119.4897 46.26394),53005011900.0
WA,Whatcom,Ferndale,98248.0,POINT (-122.6011039 48.85324),53073010504.0
WA,Whatcom,Lynden,98264.0,POINT (-122.4584536 48.9461196),53073010701.0
WA,King,Redmond,98052.0,POINT (-122.12302 47.67668),53033032326.0
WA,Pierce,South Hill,98373.0,POINT (-122.2987976 47.13795),53053073120.0
WA,Snohomish,Monroe,98272.0,POINT (-121.972215 47.85674),53061052210.0
WA,Lewis,Toledo,98591.0,POINT (-122.846675 46.44142),53041971700.0
IL,Lake,Highland Park,60035.0,POINT (-87.80154 42.18617),17097865501.0
WA,Pierce,Tacoma,98445.0,POINT (-122.40872 47.165675),53053071506.0
WA,Spokane,Spokane,99201.0,POINT (-117.431895 47.667155),53063003601.0
WA,Whatcom,Bellingham,98226.0,POINT (-122.45493 48.76809),53073000302.0
WA,Snohomish,Everett,98208.0,POINT (-122.2247757 47.9156409),53061052121.0
WA,King,Seattle,98115.0,POINT (-122.3185 47.67949),53033001100.0
WA,Pend Oreille,Newport,99156.0,POINT (-117.049135 48.181095),53051970400.0
WA,Spokane,Spokane Valley,99206.0,POINT (-117.2459114 47.6525293),53063012000.0
WA,King,Renton,98058.0,POINT (-122.1298876 47.4451257),53033031908.0
WA,Snohomish,Everett,98204.0,POINT (-122.240535 47.91139),53061041808.0
WA,Whatcom,Bellingham,98225.0,POINT (-122.486115 48.761615),53073000301.0
WA,Pierce,Tacoma,98405.0,POINT (-122.45153 47.251135),53053061700.0
WA,Spokane,Cheney,99004.0,POINT (-117.57579 47.492775),53063014001.0
WA,Pierce,Tacoma,98403.0,POINT (-122.460375 47.26455),53053060500.0
WA,Chelan,Peshastin,98847.0,POINT (-120.60008 47.568765),53007960501.0
WA,Pierce,Lakebay,98349.0,POINT (-122.7658848 47.2739449),53053072603.0
WA,Spokane,Colbert,99005.0,POINT (-117.4015511 47.8159901),53063010303.0
WA,Grays Harbor,Montesano,98563.0,POINT (-123.60535 46.982215),53027000700.0
WA,Skagit,Rockport,98283.0,POINT (-121.5988788 48.486229),53057951102.0
WA,Pierce,Tacoma,98444.0,POINT (-122.43827 47.153995),53053071704.0
WA,Franklin,Pasco,99301.0,POINT (-119.0982 46.232395),53021020607.0
WA,King,Kirkland,98072.0,POINT (-122.151665 47.75855),53033021906.0
WA,Spokane,Edwall,99008.0,POINT (-117.95109 47.5052517),53063014100.0
WA,Mason,Hoodsport,98548.0,POINT (-123.2021319 47.4168231),53045960201.0
WA,Benton,Kennewick,99337.0,POINT (-119.14533 46.187395),53005011401.0
WA,Benton,Richland,99354.0,POINT (-119.28753 46.29747),53005010204.0
WA,Kittitas,Roslyn,98941.0,POINT (-120.994415 47.222225),53037975104.0
WA,Skagit,Mount Vernon,98273.0,POINT (-122.338975 48.41333),53057951300.0
WA,Spokane,Colbert,99005.0,POINT (-117.4015511 47.8159901),53063010504.0
WA,Spokane,Spokane,99203.0,POINT (-117.425265 47.635365),53063004702.0
WA,Thurston,Olympia,98516.0,POINT (-122.7510253 47.08149),53067012320.0
AZ,Maricopa,Tempe,85281.0,POINT (-111.9455244 33.42316),4013318800.0
WA,King,Bellevue,98027.0,POINT (-122.03646 47.534065),53033025008.0
WA,Pierce,Puyallup,98371.0,POINT (-122.299155 47.19178),53053073407.0
WA,Mason,Lilliwaup,98555.0,POINT (-123.0686855 47.4998342),53045960201.0
WA,Wahkiakum,Naselle,98638.0,POINT (-123.8035716 46.3722551),53069950100.0
WA,Pierce,Tacoma,98408.0,POINT (-122.438105 47.20322),53053062502.0
WA,Okanogan,Tonasket,98855.0,POINT (-119.438935 48.70556),53047970500.0
WA,Spokane,Colbert,99005.0,POINT (-117.4015511 47.8159901),53063010203.0
WA,King,Kent,98042.0,POINT (-122.111625 47.36078),53033031204.0
WA,Pierce,Tacoma,98418.0,POINT (-122.439165 47.22468),53053062400.0
WA,Grays Harbor,Montesano,98563.0,POINT (-123.60535 46.982215),53027000800.0
WA,Spokane,Spokane,99208.0,POINT (-117.40725 47.718625),53063011203.0
WA,Spokane,Spokane,99202.0,POINT (-117.383045 47.661935),53063004601.0
WA,Spokane,Fairchild Air Force Base,99011.0,POINT (-117.6673524 47.6263925),53063013800.0
WA,Pierce,South Hill,98375.0,POINT (-122.3085456 47.1042426),53053073120.0
WA,Kittitas,Ellensburg,98926.0,POINT (-120.544475 46.994),53037975700.0
WA,Mason,Allyn,98524.0,POINT (-122.8386266 47.3819798),53045960401.0
WA,Franklin,Connell,99326.0,POINT (-118.860645 46.660455),53021020801.0
WA,King,Duvall,98019.0,POINT (-121.9810747 47.7377962),53033032500.0
WA,Spokane,Rosalia,99170.0,POINT (-117.369475 47.2369),53063014300.0
WA,Pierce,Puyallup,98372.0,POINT (-122.28718 47.190465),53053073502.0
WA,Pierce,South Hill,98375.0,POINT (-122.3085456 47.1042426),53053073121.0
WA,Pierce,Puyallup,98375.0,POINT (-122.3085456 47.1042426),53053073126.0
WA,Pierce,Joint Base Lewis Mcchord,98438.0,POINT (-122.49046 47.12834),53053072901.0
WA,Skamania,Stevenson,98648.0,POINT (-121.8849392 45.6980854),53059950300.0
WA,Lewis,Onalaska,98570.0,POINT (-122.71921 46.577),53041971200.0
WA,Kittitas,Cle Elum,98922.0,POINT (-120.938305 47.195355),53037975103.0
WA,King,Redmond,98072.0,POINT (-122.151665 47.75855),53033032322.0
WA,Snohomish,Granite Falls,98252.0,POINT (-121.96994 48.08334),53061053603.0
WA,Spokane,Cheney,99004.0,POINT (-117.57579 47.492775),53063014200.0
WA,King,Seattle,98178.0,POINT (-122.234385 47.494545),53033026003.0
WA,Franklin,Pasco,99301.0,POINT (-119.0982 46.232395),53021020401.0
WA,Clallam,Port Angeles,98362.0,POINT (-123.424865 48.110695),53009001800.0
WA,King,Seattle,98168.0,POINT (-122.286465 47.476),53033028100.0
WA,King,Enumclaw,98022.0,POINT (-121.98953 47.20347),53033031202.0
WA,Okanogan,Omak,98841.0,POINT (-119.529965 48.41147),53047970601.0
WA,King,Maple Valley,98038.0,POINT (-122.05191 47.357985),53033031904.0
WA,Benton,Kennewick,99337.0,POINT (-119.14533 46.187395),53005011506.0
WA,Whatcom,Lynden,98264.0,POINT (-122.4584536 48.9461196),53073010600.0
VA,Goochland,Henrico,23238.0,POINT (-77.6332497 37.6170135),51075400102.0
WA,King,Issaquah,98027.0,POINT (-122.03646 47.534065),53033032002.0
WA,Pierce,Puyallup,98375.0,POINT (-122.3085456 47.1042426),53053071309.0
WA,Pierce,South Hill,98375.0,POINT (-122.3085456 47.1042426),53053071309.0
WA,King,Woodinville,98077.0,POINT (-122.07326 47.75425),53033032311.0
WA,Pierce,Tacoma,98433.0,POINT (-122.596275 47.097005),53053072908.0
CA,Orange,Buena Park,90621.0,POINT (-117.99744 33.86722),6059110604.0
WA,Pierce,Puyallup,98375.0,POINT (-122.3085456 47.1042426),53053073132.0
WA,King,Woodinville,98052.0,POINT (-122.12302 47.67668),53033032322.0
WA,Spokane,Spokane Valley,99037.0,POINT (-117.19651 47.65942),53063013001.0
WA,Grant,Moses Lake,98837.0,POINT (-119.2599876 47.1240154),53025010901.0
WA,Mason,Hoodsport,98548.0,POINT (-123.2021319 47.4168231),53045960100.0
WA,Spokane,Spokane,99005.0,POINT (-117.4015511 47.8159901),53063010303.0
WA,Spokane,Spokane Valley,99206.0,POINT (-117.2459114 47.6525293),53063012500.0
WA,Whatcom,Bellingham,98225.0,POINT (-122.486115 48.761615),53073001202.0
WA,King,Maple Valley,98038.0,POINT (-122.05191 47.357985),53033032003.0
WA,Snohomish,Lynnwood,98036.0,POINT (-122.3164188 47.819664),53061051702.0
WA,King,Seattle,98133.0,POINT (-122.34584 47.76726),53033021000.0
WA,Franklin,Eltopia,99330.0,POINT (-119.0189476 46.4536241),53021020608.0
WA,Snohomish,Monroe,98272.0,POINT (-121.972215 47.85674),53061052211.0
WA,King,Redmond,98053.0,POINT (-122.0370611 47.6887161),53033032215.0
WA,Pend Oreille,Newport,99156.0,POINT (-117.049135 48.181095),53051970300.0
WA,Thurston,Oakville,98568.0,POINT (-123.23165 46.8410324),53067012720.0
WA,Thurston,Lacey,98503.0,POINT (-122.8285 47.03646),53067012330.0
WA,Pierce,South Hill,98373.0,POINT (-122.2987976 47.13795),53053071306.0
KY,Oldham,Goshen,40026.0,POINT (-85.58403 38.40466),21185030802.0
WA,Whatcom,Bellingham,98226.0,POINT (-122.45493 48.76809),53073000807.0
WA,Yakima,Yakima,98903.0,POINT (-120.477805 46.553505),53077002801.0
WA,Skagit,Mount Vernon,98273.0,POINT (-122.338975 48.41333),53057951200.0
WA,Spokane,Spokane,99218.0,POINT (-117.411805 47.745795),53063010800.0
WA,Lewis,Chehalis,98532.0,POINT (-122.96692 46.66113),53041971200.0
WA,Kitsap,Bremerton,98314.0,POINT (-122.6498459 47.561889),53035081400.0
WA,Lewis,Chehalis,98532.0,POINT (-122.96692 46.66113),53041970200.0
WA,Pacific,Ocean Park,98640.0,POINT (-124.04853 46.4972),53049950702.0
WA,Pend Oreille,Elk,99009.0,POINT (-117.34985 48.017715),53051970500.0
WA,King,Woodinville,98052.0,POINT (-122.12302 47.67668),53033032321.0
WA,Snohomish,Snohomish,98290.0,POINT (-122.091505 47.915555),53061052211.0
WA,Skagit,Bellingham,98229.0,POINT (-122.4569227 48.7470973),53057950802.0
WA,Benton,Kennewick,99338.0,POINT (-119.1973001 46.1911488),53005010810.0
WA,King,Federal Way,98003.0,POINT (-122.31327 47.32329),53033030406.0
WA,Whitman,Pullman,99163.0,POINT (-117.17912 46.730885),53075000602.0
WA,Spokane,Spokane,99205.0,POINT (-117.42694 47.67946),53063000600.0
WA,Mason,Tahuya,98588.0,POINT (-122.98528 47.438745),53045960302.0
WA,Whatcom,Bellingham,98226.0,POINT (-122.45493 48.76809),53073000201.0
WA,King,Woodinville,98053.0,POINT (-122.0370611 47.6887161),53033032326.0
WA,Spokane,Spokane,99202.0,POINT (-117.383045 47.661935),53063002900.0
WA,Pierce,Orting,98360.0,POINT (-122.2032237 47.0942956),53053073130.0
WA,Grant,Quincy,98848.0,POINT (-119.8508676 47.2335835),53025011200.0
WA,Whatcom,Ferndale,98248.0,POINT (-122.6011039 48.85324),53073010505.0
WA,Asotin,Clarkston,99403.0,POINT (-117.045685 46.4163),53003960400.0
WA,King,Carnation,98014.0,POINT (-121.9105947 47.6483005),53033032401.0
WA,Whatcom,Nooksack,98276.0,POINT (-122.321835 48.927085),53073010202.0
WA,Chelan,Wenatchee,98801.0,POINT (-120.32009 47.42255),53007961002.0
WA,Lewis,Onalaska,98570.0,POINT (-122.71921 46.577),53041971100.0
WA,Spokane,Spokane,99212.0,POINT (-117.288055 47.68043),53063012300.0
WA,Whitman,Pullman,99163.0,POINT (-117.17912 46.730885),53075000201.0
WA,Okanogan,Okanogan,98840.0,POINT (-119.5875704 48.3648226),53047970700.0
WA,Adams,Othello,99344.0,POINT (-119.168765 46.826175),53001950400.0
WA,Lewis,Onalaska,98570.0,POINT (-122.71921 46.577),53041971800.0
WA,Spokane,Spokane,99205.0,POINT (-117.42694 47.67946),53063000900.0
WA,King,Seattle,98168.0,POINT (-122.286465 47.476),53033027100.0
WA,Pierce,South Hill,98375.0,POINT (-122.3085456 47.1042426),53053073127.0
WA,Whitman,Uniontown,99113.0,POINT (-117.12633 46.566005),53075001000.0
WA,Benton,Richland,99352.0,POINT (-119.2952071 46.272495),53005010400.0
WA,Grays Harbor,Pacific Beach,98571.0,POINT (-124.1960702 47.1969484),53027000202.0
WA,Benton,Kennewick,99337.0,POINT (-119.14533 46.187395),53005011504.0
WA,King,Issaquah,98006.0,POINT (-122.16937 47.571015),53033025006.0
WA,Pacific,Raymond,98577.0,POINT (-123.72855 46.686115),53049950400.0
WA,Pierce,Spanaway,98387.0,POINT (-122.435115 47.1045),53053071413.0
NC,Hoke,Raeford,28376.0,POINT (-79.22972 34.978705),37093970106.0
WA,Whitman,Colfax,99111.0,POINT (-117.3631029 46.8783751),53075000700.0
WA,Grays Harbor,Oakville,98568.0,POINT (-123.23165 46.8410324),53027000700.0
WA,Grays Harbor,Hoquiam,98550.0,POINT (-123.8868787 46.9805308),53027001500.0
WA,Lewis,Chehalis,98532.0,POINT (-122.96692 46.66113),53041970900.0
WA,Snohomish,Marysville,98270.0,POINT (-122.17673 48.05542),53061052905.0
WA,Kittitas,Easton,98925.0,POINT (-121.1761632 47.24106),53037975101.0
WA,Grays Harbor,Taholah,98587.0,POINT (-124.1921647 47.253853),53027940000.0
WA,San Juan,Lopez Is,98261.0,POINT (-122.9109264 48.5262809),53055960502.0
WA,Pierce,Kapowsin,98344.0,POINT (-122.23469 46.98436),53053073119.0
WA,Spokane,Spokane,99217.0,POINT (-117.35609 47.68401),53063011204.0
WA,Spokane,Spokane,99207.0,POINT (-117.39787 47.67936),53063002502.0
WA,Spokane,Chattaroy,99003.0,POINT (-117.357645 47.89189),53063010304.0
WA,King,Seattle,98155.0,POINT (-122.3175 47.7578146),53033020500.0
WA,Pierce,Spanaway,98387.0,POINT (-122.435115 47.1045),53053073128.0
WA,Benton,Kennewick,99336.0,POINT (-119.113535 46.204945),53005011201.0
WA,Whitman,Colfax,99111.0,POINT (-117.3631029 46.8783751),53075000800.0
WA,Snohomish,Lynnwood,98087.0,POINT (-122.2551991 47.8650827),53061041704.0
WA,Spokane,Veradale,99037.0,POINT (-117.19651 47.65942),53063013001.0
WA,Spokane,Spokane Valley,99216.0,POINT (-117.21264 47.6587754),53063012901.0
WA,San Juan,Waldron,98297.0,POINT (-123.0257673 48.7106423),53055960103.0
WA,Snohomish,Marysville,98271.0,POINT (-122.1713847 48.10433),53061052701.0
WA,Spokane,Deer Park,99006.0,POINT (-117.47501 47.956285),53063010301.0
WA,Whatcom,Everson,98247.0,POINT (-122.357585 48.90942),53073010702.0
WA,Pacific,North Cove,98547.0,POINT (-124.084295 46.746475),53049950301.0
WA,Klickitat,Wishram,98673.0,POINT (-120.964478 45.661388),53039950200.0
WA,Adams,Hatton,99344.0,POINT (-119.168765 46.826175),53001950200.0
WA,Lewis,Curtis,98538.0,POINT (-123.1267988 46.567008),53041971502.0
WA,Spokane,Mica,99023.0,POINT (-117.212705 47.550885),53063012402.0
WA,Pend Oreille,Cusick,99119.0,POINT (-117.3446295 48.5624298),53051970200.0
WA,Lewis,Cinebar,98533.0,POINT (-122.5278704 46.5863832),53041971800.0
WA,San Juan,Shaw Island,98286.0,POINT (-122.9631224 48.5845356),53055960502.0
MD,Anne Arundel,Annapolis,21401.0,POINT (-76.5275938 38.9800393),24003702500.0
WA,Benton,Kennewick,99337.0,POINT (-119.14533 46.187395),53005011402.0
WA,Spokane,Cheney,99004.0,POINT (-117.57579 47.492775),53063013900.0
WA,Clallam,Port Angeles,98363.0,POINT (-123.46101 48.118925),53009002400.0
WA,Pierce,Tacoma,98408.0,POINT (-122.438105 47.20322),53053062501.0
WA,Spokane,Spokane,99208.0,POINT (-117.40725 47.718625),53063011104.0
WA,Pierce,Tacoma,98407.0,POINT (-122.5113356 47.2923828),53053060903.0
WA,King,Seattle,98155.0,POINT (-122.3175 47.7578146),53033021100.0
WA,King,Issaquah,98027.0,POINT (-122.03646 47.534065),53033031912.0
WA,Lewis,Salkum,98582.0,POINT (-122.631295 46.52821),53041971200.0
WA,Pierce,Parkland,98446.0,POINT (-122.377475 47.096645),53053071100.0
WA,Skamania,White Salmon,98672.0,POINT (-121.48347 45.72977),53059950400.0
WA,Franklin,Pasco,99301.0,POINT (-119.0982 46.232395),53021020606.0
WA,Whatcom,Sumas,98295.0,POINT (-122.26024 48.99634),53073010202.0
MD,Frederick,Frederick,21701.0,POINT (-77.409075 39.416495),24021750805.0
WA,King,Kirkland,98052.0,POINT (-122.12302 47.67668),53033022605.0
WA,Walla Walla,Waitsburg,99361.0,POINT (-118.15324 46.268335),53071920100.0
DC,District of Columbia,Washington,20003.0,POINT (-76.985835 38.88411),11001007202.0
WA,Snohomish,Everett,98208.0,POINT (-122.2247757 47.9156409),53061052010.0
WA,Franklin,Pasco,99301.0,POINT (-119.0982 46.232395),53021020403.0
NE,Douglas,Omaha,68102.0,POINT (-95.9358025 41.2591649),31055001800.0
WA,Spokane,Spokane,99205.0,POINT (-117.42694 47.67946),53063001900.0
WA,Spokane,Spokane,99217.0,POINT (-117.35609 47.68401),53063010102.0
WA,Spokane,Medical Lake,99022.0,POINT (-117.6773 47.573335),53063010403.0
WA,Lincoln,Wilbur,99185.0,POINT (-118.70598 47.755985),53043960300.0
WA,Spokane,Spokane,99208.0,POINT (-117.40725 47.718625),53063000302.0
WA,Skagit,Anacortes,98221.0,POINT (-122.615305 48.501275),53057950100.0
WY,Laramie,Cheyenne,82001.0,POINT (-104.826975 41.146015),56021000702.0
WA,Spokane,Spokane,99005.0,POINT (-117.4015511 47.8159901),53063010508.0
WA,Mason,Elma,98541.0,POINT (-123.410105 47.00679),53045960202.0
WA,Klickitat,Snowden,98672.0,POINT (-121.48347 45.72977),53039950302.0
CA,Los Angeles,Gardena,90249.0,POINT (-118.320495 33.89614),6037603706.0
WA,Pierce,Tacoma,98433.0,POINT (-122.596275 47.097005),53053072903.0
WA,Pierce,South Hill,98375.0,POINT (-122.3085456 47.1042426),53053071310.0
WA,Mason,Shelton,98584.0,POINT (-123.105305 47.211085),53045960700.0
WA,Cowlitz,Silver Lake,98645.0,POINT (-122.76217 46.30967),53015002003.0
WA,Pend Oreille,Ione,99139.0,POINT (-117.42018 48.74178),53051970100.0
WA,Pierce,Tacoma,98409.0,POINT (-122.47913 47.2198),53053062901.0
WA,Okanogan,Carlton,98814.0,POINT (-120.1158629 48.2496045),53047971000.0
WA,Whitman,Lamont,99017.0,POINT (-117.90409 47.201595),53075000900.0
WA,Island,Coupeville,98239.0,POINT (-122.6880708 48.2179983),53029971301.0
WA,Pierce,Buckley,98321.0,POINT (-122.029685 47.161465),53053070204.0
WA,Klickitat,Lyle,98635.0,POINT (-121.2837218 45.6947484),53039950200.0
WA,Pacific,Long Beach,98631.0,POINT (-124.05412 46.3466),53049950702.0
WA,King,Issaquah,98059.0,POINT (-122.15734 47.487175),53033031912.0
WA,Pierce,Puyallup,98375.0,POINT (-122.3085456 47.1042426),53053071310.0
WA,Pierce,Tacoma,98446.0,POINT (-122.377475 47.096645),53053071412.0
WA,Franklin,Pasco,99301.0,POINT (-119.0982 46.232395),53021020503.0
WA,Spokane,Spokane,99205.0,POINT (-117.42694 47.67946),53063001300.0
WA,King,Bellevue,98005.0,POINT (-122.16085 47.624515),53033023801.0
WA,Pierce,Spanaway,98387.0,POINT (-122.435115 47.1045),53053073117.0
WA,Spokane,Veradale,99016.0,POINT (-117.1407 47.673675),53063013003.0
WA,Spokane,Spokane,99217.0,POINT (-117.35609 47.68401),53063011202.0
CA,Contra Costa,Pittsburg,94565.0,POINT (-121.884755 38.02894),6013313204.0
WA,Pierce,Tacoma,98409.0,POINT (-122.47913 47.2198),53053062902.0
WA,Benton,Kennewick,99336.0,POINT (-119.113535 46.204945),53005010901.0
WA,Pierce,Tacoma,98444.0,POINT (-122.43827 47.153995),53053071707.0
WA,Spokane,Spangle,99031.0,POINT (-117.37668 47.42844),53063014200.0
WA,King,Seattle,98166.0,POINT (-122.34102 47.46593),53033027500.0
WA,Lewis,Salkum,98582.0,POINT (-122.631295 46.52821),53041971800.0
WA,Skagit,Mount Vernon,98274.0,POINT (-122.32284 48.41653),53057952500.0
WA,Okanogan,Oroville,98844.0,POINT (-119.43496 48.935165),53047970303.0
WA,Grant,Moses Lake,98837.0,POINT (-119.2599876 47.1240154),53025010700.0
WA,Okanogan,Riverside,98849.0,POINT (-119.509725 48.50223),53047970500.0
WA,Spokane,Spokane,99212.0,POINT (-117.288055 47.68043),53063012401.0
WA,Snohomish,Lynnwood,98087.0,POINT (-122.2551991 47.8650827),53061042005.0
WA,Spokane,Spokane,99205.0,POINT (-117.42694 47.67946),53063002100.0
WA,Spokane,Otis Orchards,99027.0,POINT (-117.10722 47.698585),53063010101.0
WA,Pierce,Tacoma,98446.0,POINT (-122.377475 47.096645),53053071305.0
WA,Benton,Benton City,99320.0,POINT (-119.4897 46.26394),53005010701.0
WA,Benton,Richland,99352.0,POINT (-119.2952071 46.272495),53005010100.0
WA,Pierce,Carbonado,98323.0,POINT (-122.052435 47.07902),53053070206.0
WA,Pierce,Lakewood,98499.0,POINT (-122.5181098 47.1712579),53053072106.0
WA,Spokane,Spokane,99202.0,POINT (-117.383045 47.661935),53063002502.0
WA,Spokane,Greenacres,99016.0,POINT (-117.1407 47.673675),53063013300.0
WA,Pierce,University Place,98466.0,POINT (-122.537565 47.231645),53053072307.0
WA,King,Woodinville,98052.0,POINT (-122.12302 47.67668),53033032326.0
WA,Pierce,Tacoma,98402.0,POINT (-122.44131 47.25207),53053061502.0
WA,King,Snoqualmie,98024.0,POINT (-121.8947186 47.56345),53033032605.0
WA,Grant,Moses Lake,98837.0,POINT (-119.2599876 47.1240154),53025011101.0
WA,King,Renton,98038.0,POINT (-122.05191 47.357985),53033031800.0
WA,Spokane,Deer Park,99006.0,POINT (-117.47501 47.956285),53063010303.0
WA,Whatcom,Bellingham,98226.0,POINT (-122.45493 48.76809),53073010702.0
WA,King,Fall City,98024.0,POINT (-121.8947186 47.56345),53033032605.0
WA,Pierce,Tacoma,98407.0,POINT (-122.5113356 47.2923828),53053060908.0
WA,Pierce,Fife,98424.0,POINT (-122.36151 47.241885),53053940013.0
WA,Pierce,Gig Harbor,98335.0,POINT (-122.5835454 47.3234488),53053072409.0
WA,Pierce,University Place,98467.0,POINT (-122.5404512 47.2074166),53053072313.0
WA,King,Tukwila,98168.0,POINT (-122.286465 47.476),53033026400.0
WA,Franklin,Pasco,99301.0,POINT (-119.0982 46.232395),53021020605.0
WA,King,Kent,98031.0,POINT (-122.2012521 47.3931814),53033029701.0
WA,Spokane,Spokane,99208.0,POINT (-117.40725 47.718625),53063010601.0
WA,Benton,Kennewick,99337.0,POINT (-119.14533 46.187395),53005011501.0
WA,Whatcom,Ferndale,98248.0,POINT (-122.6011039 48.85324),53073010301.0
WA,King,Duvall,98072.0,POINT (-122.151665 47.75855),53033032311.0
WA,Benton,Kennewick,99338.0,POINT (-119.1973001 46.1911488),53005010811.0
GA,DeKalb,Decatur,30030.0,POINT (-84.29717 33.77357),13089022700.0
WA,Spokane,Spokane,99223.0,POINT (-117.369705 47.62637),53063002900.0
WA,Whatcom,Bellingham,98226.0,POINT (-122.45493 48.76809),53073940002.0
WA,Pierce,Joint Base Lewis Mcchord,98433.0,POINT (-122.596275 47.097005),53053072908.0
WA,Pierce,Edgewood,98371.0,POINT (-122.299155 47.19178),53053940009.0
WA,Spokane,Spokane,99205.0,POINT (-117.42694 47.67946),53063000700.0
WA,Snohomish,Edmonds,98026.0,POINT (-122.335685 47.80372),53061050403.0
WA,Pierce,Puyallup,98375.0,POINT (-122.3085456 47.1042426),53053073131.0
WA,Whatcom,Ferndale,98248.0,POINT (-122.6011039 48.85324),53073940001.0
WA,Whitman,Colfax,99111.0,POINT (-117.3631029 46.8783751),53075000300.0
WA,Skagit,Mount Vernon,98273.0,POINT (-122.338975 48.41333),53057952301.0
WA,Spokane,Chattaroy,99021.0,POINT (-117.35761 47.76885),53063010204.0
WA,Whatcom,Bellingham,98225.0,POINT (-122.486115 48.761615),53073001204.0
WA,King,Federal Way,98003.0,POINT (-122.31327 47.32329),53033030404.0
WA,Grays Harbor,Aberdeen,98520.0,POINT (-123.8206 46.97789),53027000300.0
WA,King,Ravensdale,98051.0,POINT (-121.98104 47.358625),53033031603.0
WA,San Juan,Orcas Is,98245.0,POINT (-122.907229 48.7016716),53055960102.0
WA,Spokane,Spokane,99224.0,POINT (-117.460225 47.64927),53063013501.0
WA,Franklin,Pasco,99301.0,POINT (-119.0982 46.232395),53021020700.0
WA,King,Seattle,98155.0,POINT (-122.3175 47.7578146),53033021000.0
WA,Whatcom,Ferndale,98248.0,POINT (-122.6011039 48.85324),53073010503.0
WA,Pierce,Tacoma,98407.0,POINT (-122.5113356 47.2923828),53053060800.0
WA,Pierce,University Place,98467.0,POINT (-122.5404512 47.2074166),53053072312.0
WA,Pierce,Tacoma,98402.0,POINT (-122.44131 47.25207),53053061501.0
WA,Benton,West Richland,99353.0,POINT (-119.3535873 46.2778489),53005010705.0
WA,Spokane,Spokane,99224.0,POINT (-117.460225 47.64927),53063013700.0
WA,Lincoln,Davenport,99122.0,POINT (-118.15232 47.651205),53043960200.0
WA,Pierce,Ruston,98407.0,POINT (-122.5113356 47.2923828),53053060300.0
WA,Whatcom,Blaine,98230.0,POINT (-122.74499 48.99505),53073010411.0
WA,Snohomish,Bothell,98021.0,POINT (-122.179458 47.802589),53061051931.0
IL,Madison,Saint Jacob,62281.0,POINT (-89.76839 38.71653),17119403531.0
WA,King,Baring,98224.0,POINT (-121.420466209 47.754705),53033032800.0
WA,Ferry,Kettle Falls,99141.0,POINT (-118.056575 48.604475),53019970100.0
WA,Spokane,Spokane,99207.0,POINT (-117.39787 47.67936),53063000301.0
WA,Spokane,Otis Orchards,99027.0,POINT (-117.10722 47.698585),53063013201.0
WA,Pierce,Eatonville,98328.0,POINT (-122.270565 46.86822),53053073119.0
WA,Pierce,Tacoma,98408.0,POINT (-122.438105 47.20322),53053063200.0
WA,Pierce,South Hill,98375.0,POINT (-122.3085456 47.1042426),53053073132.0
WA,Pacific,South Bend,98586.0,POINT (-123.81213 46.66546),53049950302.0
WA,Island,Clinton,98236.0,POINT (-122.359364 47.9796552),53029971800.0
WA,Skagit,Sedro-Woolley,98284.0,POINT (-122.235035 48.503325),53057950802.0
WA,Spokane,Spokane,99223.0,POINT (-117.369705 47.62637),53063004800.0
WA,Pacific,Ocean Park,98640.0,POINT (-124.04853 46.4972),53049950802.0
WA,Pierce,Graham,98338.0,POINT (-122.2953401 47.0763961),53053073117.0
WA,Pierce,Fife,98424.0,POINT (-122.36151 47.241885),53053940012.0
WA,Spokane,Spokane,99217.0,POINT (-117.35609 47.68401),53063011302.0
WA,Walla Walla,Walla Walla,99362.0,POINT (-118.34332 46.063985),53071920500.0
WA,Asotin,Clarkston,99403.0,POINT (-117.045685 46.4163),53003960300.0
WA,Pierce,Tacoma,98404.0,POINT (-122.4096963 47.2174975),53053063401.0
WA,Spokane,Elk,99009.0,POINT (-117.34985 48.017715),53063010304.0
WA,Pierce,University Place,98466.0,POINT (-122.537565 47.231645),53053072310.0
WA,King,Auburn,98092.0,POINT (-122.1820969 47.3198995),53033031605.0
WA,King,Auburn,98092.0,POINT (-122.1820969 47.3198995),53033031603.0
WA,Pierce,Puyallup,98372.0,POINT (-122.28718 47.190465),53053073407.0
WA,King,Auburn,98001.0,POINT (-122.2849393 47.3384055),53033029806.0
WA,Grant,Quincy,98848.0,POINT (-119.8508676 47.2335835),53025011404.0
WA,Ferry,Republic,99166.0,POINT (-118.732885 48.64804),53019970200.0
WA,King,Maple Valley,98058.0,POINT (-122.1298876 47.4451257),53033032002.0
WA,Whatcom,Ferndale,98248.0,POINT (-122.6011039 48.85324),53073000201.0
WA,Pierce,Spanaway,98387.0,POINT (-122.435115 47.1045),53053073133.0
WA,Skagit,Mount Vernon,98274.0,POINT (-122.32284 48.41653),53057952404.0
WA,Whatcom,Custer,98240.0,POINT (-122.6410958 48.919121),53073010407.0
WA,Spokane,Spokane,99208.0,POINT (-117.40725 47.718625),53063000800.0
WA,King,Fall City,98024.0,POINT (-121.8947186 47.56345),53033032221.0
WA,Grays Harbor,Aberdeen,98520.0,POINT (-123.8206 46.97789),53027001200.0
WA,Pierce,Lakewood,98498.0,POINT (-122.547645 47.176685),53053072105.0
WA,Spokane,Newman Lake,99025.0,POINT (-117.06237 47.704775),53063013201.0
WA,Pacific,Oysterville,98640.0,POINT (-124.04853 46.4972),53049950801.0
WA,King,Carnation,98014.0,POINT (-121.9105947 47.6483005),53033032601.0
WA,King,Fall City,98024.0,POINT (-121.8947186 47.56345),53033032603.0
WA,Pierce,Puyallup,98371.0,POINT (-122.299155 47.19178),53053073502.0
WA,Pierce,Tacoma,98443.0,POINT (-122.364635 47.19449),53053940004.0
CA,San Diego,Oceanside,92058.0,POINT (-117.368405 33.20734),6073018601.0
WA,Pierce,Tacoma,98406.0,POINT (-122.490985 47.26365),53053061200.0
WA,Stevens,Rice,99167.0,POINT (-118.1659989 48.428418),53065950900.0
WA,Pierce,Buckley,98321.0,POINT (-122.029685 47.161465),53053070307.0
WA,Snohomish,Everett,98204.0,POINT (-122.240535 47.91139),53061041904.0
WA,Grays Harbor,Hoquiam,98550.0,POINT (-123.8868787 46.9805308),53027000300.0
WA,Spokane,Deer Park,99003.0,POINT (-117.357645 47.89189),53063010304.0
WA,King,Issaquah,98075.0,POINT (-122.03309 47.58153),53033032213.0
WA,Klickitat,Dallesport,98617.0,POINT (-121.1798228 45.6209509),53039950200.0
WA,Spokane,Spokane,99217.0,POINT (-117.35609 47.68401),53063011203.0
WA,Pierce,Tacoma,98404.0,POINT (-122.4096963 47.2174975),53053940006.0
WA,Pend Oreille,Usk,99180.0,POINT (-117.2823094 48.312794),53051970200.0
WA,King,Enumclaw,98022.0,POINT (-121.98953 47.20347),53033031501.0
WA,Pacific,Surfside,98640.0,POINT (-124.04853 46.4972),53049950801.0
WA,Pierce,Tacoma,98466.0,POINT (-122.537565 47.231645),53053072310.0
WA,King,Seattle,98168.0,POINT (-122.286465 47.476),53033026801.0
WA,Pacific,Nahcotta,98640.0,POINT (-124.04853 46.4972),53049950802.0
WA,Spokane,Spokane,99205.0,POINT (-117.42694 47.67946),53063001000.0
WA,Yakima,Zillah,98932.0,POINT (-120.1934 46.345135),53077002104.0
WA,Skagit,Sedro-Woolley,98284.0,POINT (-122.235035 48.503325),53057951501.0
WA,Spokane,Spokane,99207.0,POINT (-117.39787 47.67936),53063000400.0
WA,King,Auburn,98001.0,POINT (-122.2849393 47.3384055),53033029804.0
WA,Whatcom,Blaine,98230.0,POINT (-122.74499 48.99505),53073010405.0
WA,Pierce,Tacoma,98405.0,POINT (-122.45153 47.251135),53053061501.0
WA,Spokane,Spokane Valley,99212.0,POINT (-117.288055 47.68043),53063011701.0
WA,King,Seattle,98106.0,POINT (-122.356145 47.52104),53033026600.0
WA,Grays Harbor,Aberdeen,98520.0,POINT (-123.8206 46.97789),53027000900.0
WA,Pierce,Fife,98424.0,POINT (-122.36151 47.241885),53053940009.0
WA,King,Black Diamond,98042.0,POINT (-122.111625 47.36078),53033031605.0
WA,Grays Harbor,Ocean Shores,98569.0,POINT (-124.1599804 47.0075271),53027000202.0
WA,Benton,West Richland,99353.0,POINT (-119.3535873 46.2778489),53005010707.0
WA,Skagit,Sedro-Woolley,98284.0,POINT (-122.235035 48.503325),53057950900.0
WA,Pierce,Tacoma,98409.0,POINT (-122.47913 47.2198),53053062802.0
WA,Pierce,Spanaway,98387.0,POINT (-122.435115 47.1045),53053073114.0
WA,Lewis,Morton,98356.0,POINT (-122.27838 46.556285),53041971800.0
WA,Pierce,Eatonville,98328.0,POINT (-122.270565 46.86822),53053073005.0
WA,Walla Walla,Touchet,99360.0,POINT (-118.6712246 46.040628),53071920100.0
WA,Skagit,Sedro-Woolley,98284.0,POINT (-122.235035 48.503325),53057951200.0
WA,King,Seatac,98158.0,POINT (-122.3016997 47.4559666),53033028402.0
WA,Adams,Othello,99344.0,POINT (-119.168765 46.826175),53001950303.0
WA,Pierce,Tacoma,98466.0,POINT (-122.537565 47.231645),53053072311.0
WA,Pierce,Spanaway,98387.0,POINT (-122.435115 47.1045),53053071414.0
WA,Benton,Benton City,99320.0,POINT (-119.4897 46.26394),53005011801.0
WA,Spokane,Chattaroy,99006.0,POINT (-117.47501 47.956285),53063010304.0
WA,Spokane,Spokane Valley,99212.0,POINT (-117.288055 47.68043),53063013401.0
WA,Whatcom,Blaine,98230.0,POINT (-122.74499 48.99505),53073010410.0
WA,Lewis,Toledo,98591.0,POINT (-122.846675 46.44142),53041971300.0
WA,Pierce,Lakewood,98499.0,POINT (-122.5181098 47.1712579),53053071808.0
WA,Grays Harbor,Elma,98541.0,POINT (-123.410105 47.00679),53027000700.0
WA,Whatcom,Everson,98247.0,POINT (-122.357585 48.90942),53073010202.0
WA,Pierce,Tacoma,98445.0,POINT (-122.40872 47.165675),53053071100.0
WA,Grays Harbor,Westport,98595.0,POINT (-124.107315 46.886855),53027001602.0
WA,Pierce,Puyallup,98372.0,POINT (-122.28718 47.190465),53053073404.0
WA,Stevens,Nine Mile Falls,99026.0,POINT (-117.5967686 47.8204962),53065951401.0
WA,Benton,West Richland,99353.0,POINT (-119.3535873 46.2778489),53005010807.0
OR,Multnomah,Portland,97214.0,POINT (-122.65567 45.516115),41051001101.0
WA,Spokane,Spokane,99207.0,POINT (-117.39787 47.67936),53063001400.0
WA,Grant,Soap Lake,98851.0,POINT (-119.485115 47.38686),53025010300.0
WA,Pierce,University Place,98467.0,POINT (-122.5404512 47.2074166),53053072314.0
VA,Stafford,Stafford,22554.0,POINT (-77.410205 38.42543),51179010105.0
WA,Whatcom,Maple Falls,98266.0,POINT (-122.1486861 48.9492931),53073010101.0
WA,Spokane,Spokane Valley,99016.0,POINT (-117.1407 47.673675),53063013003.0
WA,King,Snoqualmie,98065.0,POINT (-121.8740496 47.5345546),53033032800.0
WA,Spokane,Spokane,99212.0,POINT (-117.288055 47.68043),53063011301.0
WA,Pierce,Tacoma,98408.0,POINT (-122.438105 47.20322),53053063401.0
WA,King,Redmond,98014.0,POINT (-121.9105947 47.6483005),53033032315.0
WA,Benton,Richland,99354.0,POINT (-119.28753 46.29747),53005010203.0
WA,Pierce,Tacoma,98408.0,POINT (-122.438105 47.20322),53053062400.0
WA,Spokane,Spokane,99202.0,POINT (-117.383045 47.661935),53063002600.0
WA,Thurston,Olympia,98503.0,POINT (-122.8285 47.03646),53067011422.0
WA,Benton,Richland,99352.0,POINT (-119.2952071 46.272495),53005010705.0
WA,Pierce,Tacoma,98406.0,POINT (-122.490985 47.26365),53053061002.0
WA,Spokane,Spokane,99202.0,POINT (-117.383045 47.661935),53063003000.0
FL,Sarasota,Sarasota,34242.0,POINT (-82.5623852 27.27967),12115001903.0
WA,Snohomish,Stanwood,98292.0,POINT (-122.3684051 48.2414921),53061053102.0
WA,Spokane,Veradale,99037.0,POINT (-117.19651 47.65942),53063013003.0
WA,Spokane,Spokane,99212.0,POINT (-117.288055 47.68043),53063011600.0
WA,Snohomish,Everett,98206.0,POINT (-122.319018929 48.01306),53061052104.0
WA,King,Redmond,98053.0,POINT (-122.0370611 47.6887161),53033032318.0
WA,King,Renton,98058.0,POINT (-122.1298876 47.4451257),53033031800.0
WA,Spokane,Greenacres,99016.0,POINT (-117.1407 47.673675),53063013001.0
WA,Lewis,Centralia,98531.0,POINT (-122.962555 46.716875),53041971100.0
WA,Pierce,South Hill,98373.0,POINT (-122.2987976 47.13795),53053071305.0
WA,Spokane,Spokane,99206.0,POINT (-117.2459114 47.6525293),53063011600.0
WA,Pierce,Tacoma,98406.0,POINT (-122.490985 47.26365),53053061100.0
WA,Pacific,Long Beach,98634.0,POINT (-122.12302 47.67668),53049950501.0
WA,Spokane,Chattaroy,99003.0,POINT (-117.357645 47.89189),53063010305.0
WA,King,Issaquah,98006.0,POINT (-122.16937 47.571015),53033025007.0
WA,Spokane,Spokane,99224.0,POINT (-117.460225 47.64927),53063010403.0
WA,Franklin,Pasco,99301.0,POINT (-119.0982 46.232395),53021020103.0
WA,Pierce,Edgewood,98371.0,POINT (-122.299155 47.19178),53053073501.0
WA,Pierce,Bonney Lake,98391.0,POINT (-122.183805 47.18062),53053070307.0
WA,Lincoln,Seven Bays,99122.0,POINT (-118.15232 47.651205),53043960200.0
WA,Whatcom,Ferndale,98248.0,POINT (-122.6011039 48.85324),53073010506.0
WA,Asotin,Clarkston,99403.0,POINT (-117.045685 46.4163),53003960100.0
WA,Clallam,Port Angeles,98363.0,POINT (-123.46101 48.118925),53009000900.0
WA,Whatcom,Bellingham,98225.0,POINT (-122.486115 48.761615),53073000302.0
WA,Whatcom,Everson,98247.0,POINT (-122.357585 48.90942),53073010201.0
WA,King,Maple Valley,98010.0,POINT (-122.00498 47.31187),53033031605.0
WA,Pierce,Lakewood,98439.0,POINT (-122.529685 47.127165),53053072901.0
WA,Garfield,Pomeroy,99347.0,POINT (-117.60089 46.473565),53023970300.0
WA,Stevens,Loon Lake,99148.0,POINT (-117.63454 48.05954),53065951301.0
WA,Spokane,Spokane,99207.0,POINT (-117.39787 47.67936),53063001600.0
WA,Stevens,Springdale,99173.0,POINT (-117.74368 48.05388),53065951100.0
WA,Benton,Richland,99352.0,POINT (-119.2952071 46.272495),53005010807.0
WA,Skagit,Concrete,98237.0,POINT (-121.759005 48.5374),53057951101.0
WA,Mason,Grapeview,98546.0,POINT (-122.9529423 47.3248964),53045960500.0
WA,King,Maple Valley,98038.0,POINT (-122.05191 47.357985),53033032005.0
WA,Clark,Brush Prairie,98606.0,POINT (-122.5485715 45.7336587),53011040604.0
MD,Calvert,Chesapeake Beach,20732.0,POINT (-76.538445 38.692985),24009860402.0
WA,Okanogan,Pateros,98846.0,POINT (-119.903265 48.05164),53047971000.0
WA,Snohomish,Arlington,98223.0,POINT (-122.12324 48.19485),53061052711.0
WA,Spokane,Spokane,99208.0,POINT (-117.40725 47.718625),53063010303.0
WA,Spokane,Spokane,99223.0,POINT (-117.369705 47.62637),53063004702.0
WA,Grant,Soap Lake,98851.0,POINT (-119.485115 47.38686),53025010200.0
WA,Pierce,Spanaway,98387.0,POINT (-122.435115 47.1045),53053073115.0
WA,Mason,Shelton,98584.0,POINT (-123.105305 47.211085),53045960201.0
WA,Okanogan,Nespelem,99155.0,POINT (-118.976655 48.166365),53047940100.0
WA,Pacific,Ilwaco,98624.0,POINT (-124.03897 46.30954),53049950400.0
WA,Clallam,Forks,98331.0,POINT (-124.2553016 47.80892),53009002400.0
WA,Whatcom,Custer,98240.0,POINT (-122.6410958 48.919121),53073010408.0
WA,Chelan,Wenatchee,98801.0,POINT (-120.32009 47.42255),53007961101.0
WA,Snohomish,Lynnwood,98036.0,POINT (-122.3164188 47.819664),53061051914.0
WA,King,Auburn,98001.0,POINT (-122.2849393 47.3384055),53033030406.0
WA,Pacific,Frances,98577.0,POINT (-123.72855 46.686115),53049950400.0
WA,Pacific,Menlo,98577.0,POINT (-123.72855 46.686115),53049950400.0
WA,Klickitat,Glenwood,98619.0,POINT (-121.294825 46.01829),53039950101.0
WA,Lewis,Randle,98377.0,POINT (-121.920025 46.53731),53041972000.0
WA,Spokane,Spokane,99217.0,POINT (-117.35609 47.68401),53063014400.0
WA,Pacific,Oysterville,98641.0,POINT (-124.028715 46.54778),53049950801.0
WA,Spokane,Spokane,99208.0,POINT (-117.40725 47.718625),53063000301.0
WA,Spokane,Spokane,99208.0,POINT (-117.40725 47.718625),53063011103.0
WA,Spokane,Greenacres,99016.0,POINT (-117.1407 47.673675),53063013205.0
WA,Pierce,Tacoma,98444.0,POINT (-122.43827 47.153995),53053071703.0
WA,Pierce,Gig Harbor,98332.0,POINT (-122.589645 47.342345),53053072507.0
WA,Ferry,Republic,99166.0,POINT (-118.732885 48.64804),53019940000.0
WA,King,Duvall,98014.0,POINT (-121.9105947 47.6483005),53033032402.0
CA,San Diego,San Diego,92102.0,POINT (-117.139715 32.7116),6073004400.0
WA,Whatcom,Deming,98244.0,POINT (-122.2147543 48.8233229),53073010103.0
WA,Pierce,University Place,98466.0,POINT (-122.537565 47.231645),53053072313.0
WA,Pierce,Spanaway,98387.0,POINT (-122.435115 47.1045),53053071415.0
WA,Grays Harbor,Copalis Beach,98535.0,POINT (-124.17386 47.11043),53027000202.0
WA,Spokane,Spokane Valley,99216.0,POINT (-117.21264 47.6587754),53063010101.0
WA,Pierce,Eatonville,98328.0,POINT (-122.270565 46.86822),53053073006.0
WA,Snohomish,Everett,98203.0,POINT (-122.213105 47.95479),53061041601.0
MS,Harrison,Biloxi,39531.0,POINT (-88.983145 30.40376),28047001203.0
WA,Spokane,Mead,99021.0,POINT (-117.35761 47.76885),53063010507.0
WA,Spokane,Colbert,99003.0,POINT (-117.357645 47.89189),53063010204.0
WA,Skamania,Carson,98610.0,POINT (-121.8239085 45.7428006),53059950400.0
WA,Spokane,Spokane,99223.0,POINT (-117.369705 47.62637),53063004602.0
WA,King,North Bend,98065.0,POINT (-121.8740496 47.5345546),53033032800.0
CA,San Diego,Oceanside,92057.0,POINT (-117.3104971 33.2320955),6073019303.0
WA,King,Maple Valley,98010.0,POINT (-122.00498 47.31187),53033031604.0
WA,King,Renton,98058.0,POINT (-122.1298876 47.4451257),53033032002.0
CA,San Bernardino,Twentynine Palms,92277.0,POINT (-116.0545 34.1375),6071010433.0
WA,Spokane,Spangle,99031.0,POINT (-117.37668 47.42844),53063014300.0
WA,King,Snoqualmie Pass,98045.0,POINT (-121.7814012 47.4935316),53033032706.0
WA,Pierce,Tacoma,98409.0,POINT (-122.47913 47.2198),53053063000.0
TX,Bexar,San Antonio,78251.0,POINT (-98.6491367 29.4670473),48029171918.0
WA,Spokane,Cheney,99224.0,POINT (-117.460225 47.64927),53063013501.0
WA,Ferry,Danville,99121.0,POINT (-118.5109334 48.9895316),53019970100.0
WA,Pierce,Fife,98424.0,POINT (-122.36151 47.241885),53053940010.0
WA,Pierce,Tacoma,98409.0,POINT (-122.47913 47.2198),53053072312.0
WA,Pierce,South Hill,98375.0,POINT (-122.3085456 47.1042426),53053071413.0
MD,Carroll,Westminster,21157.0,POINT (-76.9964102 39.5793016),24013507602.0
WA,Pierce,Lakewood,98499.0,POINT (-122.5181098 47.1712579),53053071803.0
WA,Pierce,Spanaway,98387.0,POINT (-122.435115 47.1045),53053073005.0
WA,Whatcom,Blaine,98230.0,POINT (-122.74499 48.99505),53073010504.0
CA,Riverside,Wildomar,92595.0,POINT (-117.27478 33.60154),6065043271.0
WA,Spokane,Spokane,99218.0,POINT (-117.411805 47.745795),53063010901.0
WA,Spokane,Spokane,99205.0,POINT (-117.42694 47.67946),53063000500.0
WA,Spokane,Liberty Lake,99019.0,POINT (-117.0923638 47.6643385),53063013101.0
WA,King,Renton,98042.0,POINT (-122.111625 47.36078),53033031800.0
WA,Pierce,Tacoma,98466.0,POINT (-122.537565 47.231645),53053072309.0
WA,Pierce,Sumner,98390.0,POINT (-122.23825 47.201625),53053070401.0
WA,Pierce,Orting,98360.0,POINT (-122.2032237 47.0942956),53053073110.0
WA,Pierce,University Place,98466.0,POINT (-122.537565 47.231645),53053061001.0
WA,Spokane,Spokane,99208.0,POINT (-117.40725 47.718625),53063000201.0
WA,Lincoln,Odessa,99159.0,POINT (-118.689355 47.331045),53043960400.0
WA,Stevens,Valley,99181.0,POINT (-117.72382 48.174085),53065951100.0
WA,Spokane,Greenacres,99016.0,POINT (-117.1407 47.673675),53063012402.0
WA,Benton,Grandview,98930.0,POINT (-119.91556 46.249215),53005011802.0
WA,Snohomish,Marysville,98292.0,POINT (-122.3684051 48.2414921),53061053102.0
WA,Pierce,Graham,98338.0,POINT (-122.2953401 47.0763961),53053073115.0
WA,Spokane,Spokane,99208.0,POINT (-117.40725 47.718625),53063011102.0
WA,Yakima,Sunnyside,98944.0,POINT (-120.011515 46.32189),53077002104.0
WA,King,Woodinville,98077.0,POINT (-122.07326 47.75425),53033032307.0
WA,Benton,Benton City,99320.0,POINT (-119.4897 46.26394),53005010807.0
WA,Spokane,Spokane,99224.0,POINT (-117.460225 47.64927),53063003900.0
WA,Grays Harbor,Aberdeen,98520.0,POINT (-123.8206 46.97789),53027001300.0
WA,Pacific,Tokeland,98590.0,POINT (-123.9965452 46.711147),53049950301.0
WA,Spokane,Spokane,99208.0,POINT (-117.40725 47.718625),53063010901.0
WA,Whatcom,Deming,98244.0,POINT (-122.2147543 48.8233229),53073010102.0
WA,Whatcom,Blaine,98230.0,POINT (-122.74499 48.99505),53073010407.0
WA,King,Kent,98001.0,POINT (-122.2849393 47.3384055),53033029806.0
WA,Snohomish,Everett,98201.0,POINT (-122.20722 47.979935),53061041500.0
WA,Whatcom,Blaine,98230.0,POINT (-122.74499 48.99505),53073010301.0
WA,Douglas,Bridgeport Bar,98812.0,POINT (-119.783035 48.097155),53017950101.0
WA,Whatcom,Ferndale,98248.0,POINT (-122.6011039 48.85324),53073010407.0
WA,Mason,Shelton,98584.0,POINT (-123.105305 47.211085),53045960100.0
WA,Yakima,Wapato,98951.0,POINT (-120.421245 46.44554),53077940003.0
WA,Pierce,Graham,98338.0,POINT (-122.2953401 47.0763961),53053073124.0
WA,Spokane,Spokane,99208.0,POINT (-117.40725 47.718625),53063000400.0
WA,Lewis,Pe Ell,98572.0,POINT (-123.2983149 46.570015),53041971502.0
WA,Spokane,Spokane Valley,99037.0,POINT (-117.19651 47.65942),53063012702.0
WA,Grays Harbor,Cosmopolis,98537.0,POINT (-123.7758 46.952755),53027000700.0
WA,King,Redmond,98014.0,POINT (-121.9105947 47.6483005),53033032500.0
WA,Snohomish,Woodway,98020.0,POINT (-122.37507 47.80807),53061050700.0
WA,Stevens,Loon Lake,99148.0,POINT (-117.63454 48.05954),53065951302.0
WA,King,Kent,98042.0,POINT (-122.111625 47.36078),53033031605.0
WA,Stevens,Colville,99114.0,POINT (-117.90431 48.547075),53065950101.0
AL,Lee,Smiths Station,36877.0,POINT (-85.077007 32.513543),1081041901.0
WA,Lewis,Glenoma,98336.0,POINT (-122.1228547 46.5337193),53041971900.0
WA,Lincoln,Lincoln,99147.0,POINT (-118.4270914 47.8271662),53043960300.0
WA,Pierce,Graham,98338.0,POINT (-122.2953401 47.0763961),53053073132.0
WA,Skagit,Burlington,98233.0,POINT (-122.33079 48.474765),53057950802.0
WA,King,Auburn,98002.0,POINT (-122.222855 47.305065),53033031101.0
WA,Spokane,Veradale,99037.0,POINT (-117.19651 47.65942),53063012902.0
WA,King,Woodinville,98077.0,POINT (-122.07326 47.75425),53033032327.0
WA,Spokane,Latah,99018.0,POINT (-117.15512 47.28057),53063014300.0
WA,King,Duvall,98019.0,POINT (-121.9810747 47.7377962),53033032311.0
WA,King,Renton,98058.0,POINT (-122.1298876 47.4451257),53033031904.0
WA,Okanogan,Omak,98841.0,POINT (-119.529965 48.41147),53047940200.0
WA,Spokane,Spokane,99004.0,POINT (-117.57579 47.492775),53063014100.0
WA,Franklin,Connell,99326.0,POINT (-118.860645 46.660455),53021020700.0
HI,Hawaii,Kailua Kona,96740.0,POINT (-155.97182 19.61021),15001021513.0
WA,Stevens,Valley,99181.0,POINT (-117.72382 48.174085),53065951302.0
CA,Santa Clara,Palo Alto,94303.0,POINT (-122.10567 37.424955),6085510801.0
TX,Nueces,Corpus Christi,78412.0,POINT (-97.3636795 27.7040957),48355002708.0
WA,Whatcom,Custer,98240.0,POINT (-122.6410958 48.919121),53073010410.0
WA,Snohomish,Mill Creek,98012.0,POINT (-122.1876761 47.820517),53061051933.0
WA,Ferry,Inchelium,99138.0,POINT (-118.2012541 48.2960833),53019940000.0
WA,Pierce,South Hill,98374.0,POINT (-122.275748 47.1395924),53053073130.0
WA,King,Auburn,98001.0,POINT (-122.2849393 47.3384055),53033030404.0
WA,Klickitat,Maryhill,98620.0,POINT (-120.82557 45.821475),53039950103.0
WA,Pierce,Orting,98360.0,POINT (-122.2032237 47.0942956),53053070401.0
WA,Stevens,Hunters,99137.0,POINT (-118.1989261 48.1169085),53065950900.0
CA,Kings,Lemoore,93245.0,POINT (-119.784425 36.302985),6031980000.0
WA,Okanogan,Omak,98841.0,POINT (-119.529965 48.41147),53047970500.0
WA,Pierce,Edgewood,98371.0,POINT (-122.299155 47.19178),53053073502.0
WA,Whatcom,Blaine,98230.0,POINT (-122.74499 48.99505),53073010408.0
WA,Spokane,Spokane,99218.0,POINT (-117.411805 47.745795),53063011102.0
WA,King,Issaquah,98027.0,POINT (-122.03646 47.534065),53033032003.0
WA,Spokane,Spokane,99224.0,POINT (-117.460225 47.64927),53063014100.0
WA,Spokane,Spokane Valley,99212.0,POINT (-117.288055 47.68043),53063011500.0
WA,Douglas,Mansfield,98830.0,POINT (-119.640515 47.81343),53017950102.0
WA,King,Bellevue,98027.0,POINT (-122.03646 47.534065),53033025006.0
WA,Snohomish,Snohomish,98290.0,POINT (-122.091505 47.915555),53061052504.0
WA,King,Maple Valley,98027.0,POINT (-122.03646 47.534065),53033032003.0
WA,Spokane,Spokane,99201.0,POINT (-117.431895 47.667155),53063003602.0
WA,Pierce,South Hill,98375.0,POINT (-122.3085456 47.1042426),53053073111.0
WA,Pacific,North Cove,98590.0,POINT (-123.9965452 46.711147),53049950301.0
WA,Lincoln,Ford,99013.0,POINT (-117.8112946 47.8321008),53043960200.0
NC,Cumberland,Fayetteville,28305.0,POINT (-78.90195 35.058245),37051000900.0
WA,King,Pacific,98001.0,POINT (-122.2849393 47.3384055),53033030404.0
WA,Clallam,Sekiu,98381.0,POINT (-124.3719568 48.2843699),53009002400.0
WA,Pierce,Puyallup,98371.0,POINT (-122.299155 47.19178),53053940009.0
WA,Okanogan,Tonasket,98855.0,POINT (-119.438935 48.70556),53047970303.0
WA,Spokane,Spokane,99217.0,POINT (-117.35609 47.68401),53063000202.0
WA,Ferry,Curlew,99118.0,POINT (-118.6027554 48.8784431),53019970100.0
WA,Whatcom,Acme,98220.0,POINT (-122.20984 48.65409),53073010103.0
WA,Mason,Grapeview,98546.0,POINT (-122.9529423 47.3248964),53045960403.0
WA,Pierce,Tacoma,98446.0,POINT (-122.377475 47.096645),53053071100.0
WA,King,Auburn,98092.0,POINT (-122.1820969 47.3198995),53033031601.0
WA,Benton,Kennewick,99336.0,POINT (-119.113535 46.204945),53005011002.0
WA,King,Kent,98032.0,POINT (-122.235475 47.3809),53033029806.0
CA,San Diego,San Diego,92106.0,POINT (-117.229395 32.727105),6073021401.0
DC,District of Columbia,Washington,20002.0,POINT (-76.983055 38.898725),11001007903.0
WA,Douglas,Palisades,98845.0,POINT (-119.880648 47.4480973),53017950200.0
WA,Okanogan,Coulee Dam,99116.0,POINT (-118.95252 47.998715),53047940100.0
WA,Okanogan,Chelan,98816.0,POINT (-120.015875 47.839895),53047971000.0
FL,Hillsborough,Lithia,33547.0,POINT (-82.25597 27.847705),12057013923.0
WA,King,Seatac,98032.0,POINT (-122.235475 47.3809),53033028300.0
WA,Pierce,Joint Base Lewis Mcchord,98433.0,POINT (-122.596275 47.097005),53053072909.0
WA,Pierce,Sumner,98390.0,POINT (-122.23825 47.201625),53053070312.0
TX,El Paso,El Paso,79911.0,POINT (-106.5736496 31.9168048),48141010220.0
CA,Santa Clara,Santa Clara,95051.0,POINT (-121.987335 37.35245),6085505302.0
WA,Pierce,Tacoma,98418.0,POINT (-122.439165 47.22468),53053061900.0
WA,Douglas,Coulee Dam,99116.0,POINT (-118.95252 47.998715),53017950102.0
WA,Chelan,Wenatchee,98801.0,POINT (-120.32009 47.42255),53007960501.0
WA,Spokane,Spokane,99036.0,POINT (-117.24097 47.532105),53063013502.0
WA,Yakima,Union Gap,98903.0,POINT (-120.477805 46.553505),53077001300.0
WA,Skagit,Mount Vernon,98273.0,POINT (-122.338975 48.41333),53057951800.0
WA,Whitman,Tekoa,99033.0,POINT (-117.071775 47.22265),53075000900.0
WA,King,Seattle,98155.0,POINT (-122.3175 47.7578146),53033021400.0
WA,Spokane,Spokane,99217.0,POINT (-117.35609 47.68401),53063011301.0
WA,Clallam,Port Angeles,98362.0,POINT (-123.424865 48.110695),53009001500.0
WA,Pierce,Graham,98338.0,POINT (-122.2953401 47.0763961),53053071415.0
WA,Lincoln,Davenport,99122.0,POINT (-118.15232 47.651205),53043960100.0
WA,Yakima,Union Gap,98903.0,POINT (-120.477805 46.553505),53077940003.0
WA,Pierce,Ashford,98304.0,POINT (-122.01843 46.756945),53053073200.0
CO,El Paso,Colorado Springs,80925.0,POINT (-104.6378786 38.738801),8041004603.0
WA,Pacific,Long Beach,98634.0,POINT (-122.12302 47.67668),53049950600.0
WA,Klickitat,White Salmon,98635.0,POINT (-121.2837218 45.6947484),53039950302.0
WA,Lewis,Onalaska,98532.0,POINT (-122.96692 46.66113),53041971100.0
CA,Santa Barbara,Lompoc,93436.0,POINT (-120.454675 34.642185),6083002808.0
WA,Snohomish,Edmonds,98026.0,POINT (-122.335685 47.80372),53061050700.0
WA,Pierce,University Place,98466.0,POINT (-122.537565 47.231645),53053061002.0
WA,Lewis,Curtis,98532.0,POINT (-122.96692 46.66113),53041971502.0
WA,King,Snoqualmie,98024.0,POINT (-121.8947186 47.56345),53033032601.0
WA,King,Issaquah,98027.0,POINT (-122.03646 47.534065),53033032221.0
WA,King,Redmond,98074.0,POINT (-122.0313266 47.6285782),53033032316.0
WA,Snohomish,Brier,98036.0,POINT (-122.3164188 47.819664),53061051929.0
WA,Pierce,Puyallup,98373.0,POINT (-122.2987976 47.13795),53053071211.0
WA,Douglas,Coulee City,99115.0,POINT (-119.28953 47.61327),53017950200.0
WA,Clark,Vancouver,98682.0,POINT (-122.5146473 45.67862),53011041317.0
WA,Thurston,Olympia,98501.0,POINT (-122.89692 47.043535),53067010801.0
CA,Riverside,Menifee,92585.0,POINT (-117.174435 33.747155),6065042726.0
WA,Pacific,Chinook,98614.0,POINT (-123.9490486 46.2769106),53049950400.0
WA,Lincoln,Reardan,99029.0,POINT (-117.877905 47.667915),53043960200.0
WA,King,Issaquah,98027.0,POINT (-122.03646 47.534065),53033032604.0
WA,Pierce,Graham,98338.0,POINT (-122.2953401 47.0763961),53053073005.0
WA,King,Preston,98024.0,POINT (-121.8947186 47.56345),53033032221.0
WA,King,Seattle,98155.0,POINT (-122.3175 47.7578146),53033020402.0
CT,New Haven,Madison,6443.0,POINT (-72.596155 41.27962),9009194201.0
LA,Vernon,Leesville,71446.0,POINT (-93.26513 31.1462298),22115950600.0
WA,Kitsap,Bremerton,98312.0,POINT (-122.65223 47.57192),53035092101.0
WA,Okanogan,Malott,98840.0,POINT (-119.5875704 48.3648226),53047940200.0
VA,Chesapeake,Chesapeake,23321.0,POINT (-76.41109 36.82498),51550021504.0
WA,Spokane,Spokane,99202.0,POINT (-117.383045 47.661935),53063004100.0
WA,Clark,Ridgefield,98642.0,POINT (-122.74291 45.818445),53011040201.0
OR,Polk,Salem,97304.0,POINT (-123.056605 44.947255),41053005301.0
WA,Pierce,Tacoma,98421.0,POINT (-122.40594 47.261725),53053940002.0
WA,Stevens,Clayton,99110.0,POINT (-117.56666 47.99692),53065951301.0
WA,Skagit,Sedro Woolley,98284.0,POINT (-122.235035 48.503325),53057951502.0
WA,King,Renton,98178.0,POINT (-122.234385 47.494545),53033026001.0
MO,Ray,Rayville,64084.0,POINT (-94.0634059 39.3493941),29177080001.0
TX,Wichita,Wichita Falls,76310.0,POINT (-98.573275 33.85102),48485012402.0
WA,Okanogan,Twisp,98856.0,POINT (-120.12477 48.365635),53047970900.0
WA,Pacific,Menlo,98577.0,POINT (-123.72855 46.686115),53049950301.0
MT,Yellowstone,Billings,59106.0,POINT (-108.6228949 45.7923815),30111001403.0
WA,Benton,Kennewick,99336.0,POINT (-119.113535 46.204945),53005011202.0
WA,Skagit,Marblemount,98267.0,POINT (-121.421895 48.55832),53057951102.0
WA,Pierce,Fircrest,98466.0,POINT (-122.537565 47.231645),53053072309.0
WA,Lincoln,Grand Coulee,99133.0,POINT (-119.0018959 47.9419302),53043960300.0
WA,King,Snoqualmie,98024.0,POINT (-121.8947186 47.56345),53033032603.0
WA,Snohomish,Bothell,98012.0,POINT (-122.1876761 47.820517),53061051937.0
WA,Spokane,Spokane,99206.0,POINT (-117.2459114 47.6525293),53063011301.0
HI,Kauai,Kekaha,96752.0,POINT (-159.71248 21.969958),15007040900.0
WA,Stevens,Deer Park,99006.0,POINT (-117.47501 47.956285),53065951402.0
WA,King,Maple Valley,98045.0,POINT (-121.7814012 47.4935316),53033032003.0
VA,Fairfax,Springfield,22151.0,POINT (-77.17982 38.80105),51059430400.0
WA,King,Bellevue,98027.0,POINT (-122.03646 47.534065),53033024800.0
WA,Snohomish,Lynnwood,98036.0,POINT (-122.3164188 47.819664),53061051802.0
NC,Harnett,Spring Lake,28390.0,POINT (-78.9769553 35.1704689),37085071204.0
WA,Benton,Richland,99352.0,POINT (-119.2952071 46.272495),53005010300.0
WA,Whatcom,Blaine,98230.0,POINT (-122.74499 48.99505),53073010406.0
GA,Houston,Warner Robins,31088.0,POINT (-83.6782758 32.5697274),13153021124.0
WA,Pierce,Graham,98338.0,POINT (-122.2953401 47.0763961),53053073114.0
AZ,Maricopa,Phoenix,85086.0,POINT (-112.1287004 33.8075013),4013610301.0
CA,Sacramento,Sacramento,95833.0,POINT (-121.48028 38.61391),6067007011.0
WA,Spokane,Deer Park,99003.0,POINT (-117.357645 47.89189),53063010305.0
CA,Santa Cruz,Santa Cruz,95062.0,POINT (-121.9862948 36.9773045),6087100900.0
WA,San Juan,Deer Harbor,98243.0,POINT (-122.9947196 48.6236846),53055960103.0
WA,Pierce,Tacoma,98406.0,POINT (-122.490985 47.26365),53053060600.0
WA,Kittitas,Thorp,98946.0,POINT (-120.6732673 47.067819),53037975203.0
VA,Loudoun,Aldie,20105.0,POINT (-77.55783 38.9221),51107611029.0
MD,Anne Arundel,Edgewater,21037.0,POINT (-76.560315 38.9342),24003701400.0
CA,Orange,Irvine,92620.0,POINT (-117.74619 33.70468),6059052433.0
WA,Kittitas,Roslyn,98940.0,POINT (-121.0551802 47.2555714),53037975104.0
WA,King,Preston,98050.0,POINT (-121.9364687 47.52601),53033032221.0
WA,Okanogan,Okanogan,98840.0,POINT (-119.5875704 48.3648226),53047970500.0
TX,Dallas,Dallas,75244.0,POINT (-96.83346 32.935185),48113013806.0
WA,Skagit,Lyman,98263.0,POINT (-122.059765 48.52525),53057951000.0
WA,King,Bellevue,98027.0,POINT (-122.03646 47.534065),53033024902.0
NV,Clark,Laughlin,89029.0,POINT (-114.6281946 35.1419938),32003005702.0
WA,Spokane,Spokane,99037.0,POINT (-117.19651 47.65942),53063012402.0
NY,Saratoga,Greenfield Center,12833.0,POINT (-73.8434301 43.1317017),36091060601.0
WA,King,Snoqualmie,98024.0,POINT (-121.8947186 47.56345),53033032604.0
WA,Benton,Kennewick,99338.0,POINT (-119.1973001 46.1911488),53005011002.0
WA,King,Ravensdale,98038.0,POINT (-122.05191 47.357985),53033032010.0
WA,Spokane,Greenacres,99023.0,POINT (-117.212705 47.550885),53063013300.0
WA,King,Renton,98055.0,POINT (-122.197 47.43876),53033026003.0
WA,King,Preston,98027.0,POINT (-122.03646 47.534065),53033032221.0
CA,Santa Clara,Cupertino,95014.0,POINT (-122.02869 37.320015),6085508102.0
WA,King,Seattle,98108.0,POINT (-122.326965 47.55015),53033026500.0
WA,Grant,Marlin,98832.0,POINT (-118.985845 47.40771),53025010200.0
WA,Pierce,University Place,98467.0,POINT (-122.5404512 47.2074166),53053062802.0
WA,Spokane,Waverly,99039.0,POINT (-117.227815 47.34298),53063014300.0
CA,San Diego,San Diego,92154.0,POINT (-117.09543 32.57934),6073010017.0
NJ,Burlington,Joint Base Mdl,8641.0,POINT (-74.579845 40.03558),34005702101.0
WA,Klickitat,Centerville,98613.0,POINT (-120.90481 45.75199),53039950102.0
VA,Williamsburg,Williamsburg,23185.0,POINT (-76.7089719 37.2717562),51830370300.0
IL,Rock Island,Rock Island,61201.0,POINT (-90.572925 41.50521),17161023200.0
NV,Clark,Las Vegas,89138.0,POINT (-115.3565227 36.1658838),32003005824.0
WA,Pacific,Seaview,98644.0,POINT (-124.05586 46.331995),53049950502.0
WA,Pierce,Tacoma,98422.0,POINT (-122.38578 47.28971),53053060200.0
OH,Hamilton,Cincinnati,45243.0,POINT (-84.361765 39.18712),39061024100.0
WA,Thurston,Lacey,98506.0,POINT (-122.8874781 47.0519573),53067012224.0
WA,Kitsap,Bremerton,98312.0,POINT (-122.65223 47.57192),53035081400.0
WA,Snohomish,Edmonds,98036.0,POINT (-122.3164188 47.819664),53061050403.0
WA,Skagit,Bellingham,98229.0,POINT (-122.4569227 48.7470973),53057950803.0
DE,Kent,Dover,19901.0,POINT (-75.5183205 39.1601351),10001041101.0
WA,Benton,Benton City,99320.0,POINT (-119.4897 46.26394),53005010814.0
VA,Fairfax,Vienna,22180.0,POINT (-77.2638 38.902685),51059461000.0
WA,Spokane,Spokane,99031.0,POINT (-117.37668 47.42844),53063014200.0
WA,Franklin,Mesa,99343.0,POINT (-119.1511997 46.592392),53021020802.0
CO,El Paso,Colorado Springs,80919.0,POINT (-104.83059 38.928275),8041003706.0
WA,Walla Walla,College Place,99324.0,POINT (-118.38409 46.043895),53071920902.0
OR,Deschutes,Redmond,97756.0,POINT (-121.17697 44.27553),41017001004.0
GA,Rockdale,Conyers,30013.0,POINT (-83.97812 33.62498),13247060312.0
WA,Spokane,Spokane,99212.0,POINT (-117.288055 47.68043),53063012200.0
WA,Mason,McCleary,98557.0,POINT (-123.26743 47.052405),53045961300.0
WA,Pierce,Tacoma,98466.0,POINT (-122.537565 47.231645),53053072313.0
HI,Honolulu,Kailua,96734.0,POINT (-157.74382 21.39805),15003981801.0
WA,Grant,Hartline,99135.0,POINT (-119.108275 47.68987),53025010100.0
CA,Ventura,Port Hueneme,93041.0,POINT (-119.192955 34.15075),6111004600.0
IL,Cook,Skokie,60077.0,POINT (-87.75373 42.02925),17031807300.0
WA,Pierce,Puyallup,98373.0,POINT (-122.2987976 47.13795),53053071207.0
WA,Skamania,Stevenson,98648.0,POINT (-121.8849392 45.6980854),53059950400.0
WA,Pierce,University Place,98467.0,POINT (-122.5404512 47.2074166),53053072307.0
WA,King,Kent,98042.0,POINT (-122.111625 47.36078),53033032005.0
WA,Stevens,Addy,99101.0,POINT (-117.83807 48.35699),53065950800.0
DC,District of Columbia,Washington,20007.0,POINT (-77.06634 38.910755),11001000802.0
VA,Virginia Beach,Virginia Beach,23455.0,POINT (-76.13548 36.868475),51810040404.0
PA,Philadelphia,Philadelphia,19131.0,POINT (-75.23034 39.973795),42101012203.0
WA,Cowlitz,Cougar,98616.0,POINT (-122.303465 46.050445),53015001501.0
MD,Anne Arundel,Odenton,21113.0,POINT (-76.719755 39.0635653),24003740701.0
TX,Bexar,San Antonio,78254.0,POINT (-98.66992 29.5366501),48029181703.0
WA,Franklin,Mesa,99343.0,POINT (-119.1511997 46.592392),53021020608.0
WA,Pierce,University Place,98467.0,POINT (-122.5404512 47.2074166),53053071803.0
WA,Snohomish,Granite Falls,98252.0,POINT (-121.96994 48.08334),53061053506.0
WA,Klickitat,Murdock,98635.0,POINT (-121.2837218 45.6947484),53039950200.0
CT,New London,Mystic,6355.0,POINT (-71.967835 41.354655),9011702100.0
WA,Clark,Vancouver,98686.0,POINT (-122.6483953 45.7010427),53011040709.0
MD,Anne Arundel,Arnold,21012.0,POINT (-76.500015 39.052025),24003731103.0
CA,San Diego,San Diego,92103.0,POINT (-117.16304 32.746955),6073000301.0
WA,Skagit,Concrete,98237.0,POINT (-121.759005 48.5374),53057951000.0
WA,Walla Walla,Walla Walla,99362.0,POINT (-118.34332 46.063985),53071920302.0
VA,Alexandria,Alexandria,22304.0,POINT (-77.1236347 38.8112512),51510200600.0
IN,Lake,Hobart,46342.0,POINT (-87.2523 41.52783),18089042100.0
WA,Pend Oreille,Elk,99009.0,POINT (-117.34985 48.017715),53051970400.0
WA,Snohomish,Edmonds,98026.0,POINT (-122.335685 47.80372),53061051000.0
WA,Clallam,Bell Hill,98382.0,POINT (-123.105015 48.08104),53009002002.0
CA,Kings,Lemoore,93245.0,POINT (-119.784425 36.302985),6031000405.0
WA,Pierce,Bonney Lake,98391.0,POINT (-122.183805 47.18062),53053070314.0
WA,Pierce,Gig Harbor,98335.0,POINT (-122.5835454 47.3234488),53053072504.0
WA,Lincoln,Deer Meadows,99122.0,POINT (-118.15232 47.651205),53043960200.0
WA,Klickitat,Wahkiacus,98670.0,POINT (-121.1276987 45.8669769),53039950200.0
TX,El Paso,El Paso,79927.0,POINT (-106.2824352 31.6669558),48141004006.0
WA,Grant,Royal City,99357.0,POINT (-119.630615 46.899585),53025010700.0
WA,Pierce,Wilkeson,98396.0,POINT (-122.0527005 47.109146868),53053070206.0
WA,Spokane,Spangle,99004.0,POINT (-117.57579 47.492775),53063014200.0
WA,Clallam,Beaver,98305.0,POINT (-124.347425 48.05613),53009002400.0
MD,Prince George's,Fort Washington,20744.0,POINT (-77.0021959 38.7186373),24033801410.0
CT,New London,Old Lyme,6371.0,POINT (-72.27884 41.28689),9011660101.0
WA,Spokane,Spokane,99217.0,POINT (-117.35609 47.68401),53063000201.0
WA,Grays Harbor,Satsop,98583.0,POINT (-123.483025 47.002225),53027000501.0
WA,Wahkiakum,Rosburg,98643.0,POINT (-123.6450789 46.3346014),53069950100.0
WA,Stevens,Deer Park,99006.0,POINT (-117.47501 47.956285),53065951301.0
WA,Mason,Shelton,98584.0,POINT (-123.105305 47.211085),53045940000.0
AZ,Maricopa,Chandler,85248.0,POINT (-111.848015 33.243785),4013812900.0
WA,San Juan,Orcas Is,98245.0,POINT (-122.907229 48.7016716),53055960103.0
WA,King,Kent,98038.0,POINT (-122.05191 47.357985),53033031800.0
WA,Snohomish,Startup,98294.0,POINT (-121.814825 47.868195),53061053803.0
WA,Thurston,Lacey,98503.0,POINT (-122.8285 47.03646),53067011622.0
WA,Pierce,Tacoma,98405.0,POINT (-122.45153 47.251135),53053061400.0
WA,Chelan,Leavenworth,98847.0,POINT (-120.60008 47.568765),53007960502.0
WA,Whatcom,Nooksack,98276.0,POINT (-122.321835 48.927085),53073010201.0
WA,Spokane,Newman Lake,99025.0,POINT (-117.06237 47.704775),53063010101.0
WA,Spokane,Spokane,99224.0,POINT (-117.460225 47.64927),53063010404.0
WA,Pierce,Bonney Lake,98391.0,POINT (-122.183805 47.18062),53053070401.0
WA,San Juan,Orcas Is,98279.0,POINT (-122.791154 48.6391921),53055960101.0
WA,Klickitat,Alderdale,99350.0,POINT (-119.769315 46.204995),53039950101.0
CA,Alameda,Berkeley,94707.0,POINT (-122.27822 37.89127),6001421400.0
WA,Lewis,Napavine,98565.0,POINT (-122.9056795 46.57584759),53041971300.0
WA,King,Black Diamond,98092.0,POINT (-122.1820969 47.3198995),53033031603.0
MD,Montgomery,Silver Spring,20906.0,POINT (-77.0683461 39.0679087),24031703401.0
WA,Pierce,Longbranch,98351.0,POINT (-122.7736637 47.1835998),53053072603.0
WA,Benton,Prosser,99350.0,POINT (-119.769315 46.204995),53005011600.0
WA,Benton,Pros,99350.0,POINT (-119.769315 46.204995),53005011702.0
WA,King,Bellevue,98033.0,POINT (-122.20264 47.6785),53033023701.0
WA,Pierce,Parkland,98446.0,POINT (-122.377475 47.096645),53053940004.0
WA,Clark,Orchards,98682.0,POINT (-122.5146473 45.67862),53011040706.0
MD,St. Mary's,Lexington Park,20653.0,POINT (-76.4655642 38.2668073),24037875905.0
CA,San Diego,San Diego,92154.0,POINT (-117.09543 32.57934),6073010015.0
WA,Whatcom,Everson,98247.0,POINT (-122.357585 48.90942),53073010101.0
WA,King,Kent,98031.0,POINT (-122.2012521 47.3931814),53033029506.0
WA,Pierce,South Prairie,98385.0,POINT (-122.096795 47.137975),53053070206.0
NC,Onslow,Mccutcheon Field,28545.0,POINT (-77.435 34.71242),37133001000.0
WA,Snohomish,Everett,98208.0,POINT (-122.2247757 47.9156409),53061041500.0
VA,Chesapeake,Chesapeake,23321.0,POINT (-76.41109 36.82498),51550021505.0
CA,San Diego,San Diego,92101.0,POINT (-117.160635 32.717795),6073005802.0
WA,Spokane,Spokane,99223.0,POINT (-117.369705 47.62637),53063004500.0
WA,Skagit,Darrington,98241.0,POINT (-121.604165 48.252975),53057951102.0
CA,San Diego,San Diego,92124.0,POINT (-117.09703 32.8238199),6073009506.0
MO,Platte,Platte City,64079.0,POINT (-94.77962 39.36557),29165030501.0
WA,Spokane,Spokane,99218.0,POINT (-117.411805 47.745795),53063010702.0
VA,Fairfax,Alexandria,22308.0,POINT (-77.061349 38.7383059),51059415500.0
WA,Pierce,Tacoma,98409.0,POINT (-122.47913 47.2198),53053071803.0
WA,Snohomish,Woodinville,98077.0,POINT (-122.07326 47.75425),53061052112.0
WA,Kittitas,Cle Elum,98922.0,POINT (-120.938305 47.195355),53037975300.0
WA,Yakima,Wapato,98951.0,POINT (-120.421245 46.44554),53077940002.0
WA,Lewis,Silver Creek,98585.0,POINT (-122.5000729 46.5596671),53041971200.0
WA,Benton,West Richland,99353.0,POINT (-119.3535873 46.2778489),53005010701.0
WA,Pierce,Sumner,98390.0,POINT (-122.23825 47.201625),53053070313.0
WA,King,Maple Valley,98027.0,POINT (-122.03646 47.534065),53033032002.0
WA,Skagit,Bow,98232.0,POINT (-122.4410546 48.5620007),53057950803.0
MD,Prince George's,Upper Marlboro,20774.0,POINT (-76.8140927 38.8899714),24033803514.0
WA,Pierce,Orting,98360.0,POINT (-122.2032237 47.0942956),53053073119.0
VA,Norfolk,Norfolk,23518.0,POINT (-76.237105 36.920595),51710006501.0
CA,Orange,Buena Park,90620.0,POINT (-118.017035 33.83478),6059086801.0
WA,Pierce,Tacoma,98444.0,POINT (-122.43827 47.153995),53053063401.0
WA,Yakima,Sunnyside,98944.0,POINT (-120.011515 46.32189),53077001801.0
WA,King,Kirkland,98033.0,POINT (-122.20264 47.6785),53033022605.0
WA,Stevens,Chewelah,99109.0,POINT (-117.722145 48.27719),53065951302.0
WA,Grays Harbor,Copalis Crossing,98536.0,POINT (-124.1853792 47.1587097),53027000202.0
GA,Gwinnett,Suwanee,30024.0,POINT (-84.074925 34.06329),13135050224.0
WA,King,Gold Bar,98251.0,POINT (-121.69427 47.858175),53033032800.0
NH,Rockingham,Portsmouth,3804.0,POINT (-70.873801 42.8822726),33015069200.0
WA,Wahkiakum,Skamokawa,98647.0,POINT (-123.4553939 46.2724165),53069950100.0
VA,Norfolk,Norfolk,23508.0,POINT (-76.29834 36.882625),51710002400.0
MD,Harford,Edgewood,21040.0,POINT (-76.316985 39.425185),24025301601.0
WA,Wahkiakum,Grays River,98621.0,POINT (-123.5689506 46.3598681),53069950100.0
WA,Whitman,Uniontown,99179.0,POINT (-117.085225 46.53802),53075001000.0
WA,Stevens,Fruitland,99129.0,POINT (-118.2672241 48.0307304),53065941000.0
WA,Kitsap,Bremerton,98311.0,POINT (-122.6468815 47.6344364),53035091100.0
IL,Cook,Chicago,60605.0,POINT (-87.626255 41.869255),17031839000.0
WA,Grays Harbor,Moclips,98562.0,POINT (-124.064733792 47.337628),53027000202.0
WA,Snohomish,Stanwood,98271.0,POINT (-122.1713847 48.10433),53061940002.0
WY,Sheridan,Sheridan,82801.0,POINT (-106.9536599 44.7936462),56033000100.0
CA,Solano,Vacaville,95688.0,POINT (-121.993505 38.353465),6095253203.0
WA,Lincoln,Creston,99117.0,POINT (-118.521405 47.75863),53043960300.0
AZ,Maricopa,Anthem,85086.0,POINT (-112.1287004 33.8075013),4013610302.0
WA,Pacific,Bay Center,98527.0,POINT (-123.95362 46.629685),53049950301.0
NY,Jefferson,Felts Mills,13638.0,POINT (-75.7609913 44.021459),36045061101.0
WA,Whatcom,Sumas,98295.0,POINT (-122.26024 48.99634),53073010101.0
WA,Benton,Rich,99352.0,POINT (-119.2952071 46.272495),53005010817.0
WA,King,Maple Valley,98038.0,POINT (-122.05191 47.357985),53033031800.0
WA,Spokane,Valleyford,99036.0,POINT (-117.24097 47.532105),53063014300.0
LA,St. Tammany,Slidell,70461.0,POINT (-89.72511 30.2952043),22103040807.0
PA,Cumberland,Mechanicsburg,17050.0,POINT (-76.9969844 40.2471783),42041011303.0
WA,Benton,Richland,99352.0,POINT (-119.2952071 46.272495),53005010703.0
WA,King,Bellevue,98004.0,POINT (-122.201905 47.61385),53033023701.0
WA,King,Redmond,98053.0,POINT (-122.0370611 47.6887161),53033032328.0
WA,King,Seattle,98144.0,POINT (-122.30823 47.581975),53033009400.0
WA,King,Seattle,98126.0,POINT (-122.37439 47.54468),53033026600.0
WA,King,Kent,98042.0,POINT (-122.111625 47.36078),53033031601.0
WA,King,Seattle,98103.0,POINT (-122.34301 47.659185),53033005402.0
WA,Pierce,Sumner,98390.0,POINT (-122.23825 47.201625),53053073302.0
WA,Pierce,University Place,98467.0,POINT (-122.5404512 47.2074166),53053072315.0
WA,King,Seattle,98178.0,POINT (-122.234385 47.494545),53033026001.0
WA,Pierce,Gig Harbor,98332.0,POINT (-122.589645 47.342345),53053072504.0
WA,Spokane,Spokane Valley,99037.0,POINT (-117.19651 47.65942),53063012902.0
WA,Pierce,Tacoma,98403.0,POINT (-122.460375 47.26455),53053060600.0
WA,Pierce,Tacoma,98422.0,POINT (-122.38578 47.28971),53053940008.0
WA,Snohomish,Bothell,98012.0,POINT (-122.1876761 47.820517),53061051936.0
WA,Whatcom,Bellingham,98229.0,POINT (-122.4569227 48.7470973),53073000903.0
WA,King,Renton,98056.0,POINT (-122.180505 47.500055),53033025401.0
WA,Yakima,Yakima,98908.0,POINT (-120.6027202 46.5965625),53077003002.0
WA,Pierce,Puyallup,98374.0,POINT (-122.275748 47.1395924),53053071210.0
WA,Whitman,Pullman,99163.0,POINT (-117.17912 46.730885),53075000400.0
WA,Pierce,Spanaway,98387.0,POINT (-122.435115 47.1045),53053071417.0
WA,King,Carnation,98014.0,POINT (-121.9105947 47.6483005),53033032500.0
WA,King,Maple Valley,98038.0,POINT (-122.05191 47.357985),53033032002.0
WA,Snohomish,Stanwood,98292.0,POINT (-122.3684051 48.2414921),53061053201.0
WA,King,Redmond,98053.0,POINT (-122.0370611 47.6887161),53033032332.0
WA,King,Sammamish,98075.0,POINT (-122.03309 47.58153),53033032218.0
WA,Pierce,Lake Tapps,98391.0,POINT (-122.183805 47.18062),53053070313.0
WA,Pierce,Tacoma,98408.0,POINT (-122.438105 47.20322),53053063401.0
WA,King,Redmond,98053.0,POINT (-122.0370611 47.6887161),53033032315.0
WA,Snohomish,Edmonds,98026.0,POINT (-122.335685 47.80372),53061050200.0
WA,King,Auburn,98002.0,POINT (-122.222855 47.305065),53033030501.0
WA,San Juan,Friday Harbor,98250.0,POINT (-123.0219704 48.5316467),53055960301.0
WA,King,Kent,98032.0,POINT (-122.235475 47.3809),53033029205.0
WA,King,Seattle,98102.0,POINT (-122.3223156 47.6402108),53033006100.0
WA,King,Seattle,98105.0,POINT (-122.319115 47.66132),53033004102.0
WA,Snohomish,Mountlake Terrace,98043.0,POINT (-122.30842 47.78416),53061051302.0
WA,Snohomish,Lynnwood,98087.0,POINT (-122.2551991 47.8650827),53061041816.0
WA,Whatcom,Blaine,98230.0,POINT (-122.74499 48.99505),53073010407.0
WA,King,Federal Way,98003.0,POINT (-122.31327 47.32329),53033030406.0
WA,Pierce,Gig Harbor,98335.0,POINT (-122.5835454 47.3234488),53053072406.0
WA,Snohomish,Edmonds,98020.0,POINT (-122.37507 47.80807),53061050700.0
WA,Snohomish,Arlington,98223.0,POINT (-122.12324 48.19485),53061053400.0
WA,King,Fall City,98024.0,POINT (-121.8947186 47.56345),53033032500.0
WA,Pierce,Gig Harbor,98335.0,POINT (-122.5835454 47.3234488),53053072408.0
WA,King,Seattle,98103.0,POINT (-122.34301 47.659185),53033003500.0
WA,Grant,Ephrata,98823.0,POINT (-119.55513 47.31936),53025010401.0
WA,King,Redmond,98052.0,POINT (-122.12302 47.67668),53033022606.0
WA,Snohomish,Edmonds,98026.0,POINT (-122.335685 47.80372),53061050300.0
WA,King,Newcastle,98059.0,POINT (-122.15734 47.487175),53033025005.0
WA,King,Redmond,98052.0,POINT (-122.12302 47.67668),53033032313.0
WA,Whatcom,Bellingham,98229.0,POINT (-122.4569227 48.7470973),53073000904.0
WA,Franklin,Pasco,99301.0,POINT (-119.0982 46.232395),53021020605.0
WA,Thurston,Olympia,98516.0,POINT (-122.7510253 47.08149),53067012221.0
WA,Benton,Richland,99352.0,POINT (-119.2952071 46.272495),53005010810.0
WA,King,Auburn,98001.0,POINT (-122.2849393 47.3384055),53033029806.0
WA,Pierce,Tacoma,98465.0,POINT (-122.53569 47.249445),53053061002.0
WA,Thurston,Lacey,98516.0,POINT (-122.7510253 47.08149),53067012221.0
WA,Pierce,Puyallup,98372.0,POINT (-122.28718 47.190465),53053071210.0
WA,Snohomish,Mountlake Terrace,98043.0,POINT (-122.30842 47.78416),53061051301.0
WA,Kittitas,Ellensburg,98926.0,POINT (-120.544475 46.994),53037975202.0
WA,Pierce,Puyallup,98375.0,POINT (-122.3085456 47.1042426),53053073127.0
VA,Fairfax,Alexandria,22308.0,POINT (-77.061349 38.7383059),51059415500.0
WA,San Juan,Eastsound,98245.0,POINT (-122.907229 48.7016716),53055960101.0
WA,King,Redmond,98052.0,POINT (-122.12302 47.67668),53033032331.0
WA,Whatcom,Bellingham,98226.0,POINT (-122.45493 48.76809),53073010702.0
WA,Snohomish,Marysville,98271.0,POINT (-122.1713847 48.10433),53061940002.0
WA,Pierce,Tacoma,98422.0,POINT (-122.38578 47.28971),53053940005.0
WA,Pierce,Spanaway,98387.0,POINT (-122.435115 47.1045),53053073005.0
WA,Pierce,Graham,98338.0,POINT (-122.2953401 47.0763961),53053073116.0
WA,Snohomish,Snohomish,98296.0,POINT (-122.15134 47.8851158),53061052107.0
WA,Snohomish,Everett,98208.0,POINT (-122.2247757 47.9156409),53061041607.0
WA,King,Seattle,98109.0,POINT (-122.34848 47.632405),53033007203.0
WA,Spokane,Spokane,99224.0,POINT (-117.460225 47.64927),53063013503.0
WA,Lincoln,Davenport,99122.0,POINT (-118.15232 47.651205),53043960200.0
WA,Pierce,University Place,98466.0,POINT (-122.537565 47.231645),53053072309.0
WA,Benton,Richland,99354.0,POINT (-119.28753 46.29747),53005010201.0
WA,King,Kent,98042.0,POINT (-122.111625 47.36078),53033031800.0
WA,Grant,Moses Lake,98837.0,POINT (-119.2599876 47.1240154),53025011001.0
WA,Snohomish,Snohomish,98290.0,POINT (-122.091505 47.915555),53061052301.0
WA,Island,Freeland,98249.0,POINT (-122.544745 48.03024),53029971800.0
WA,Snohomish,Mill Creek,98012.0,POINT (-122.1876761 47.820517),53061052004.0
WA,Clallam,Sequim,98382.0,POINT (-123.105015 48.08104),53009001902.0
WA,King,Auburn,98092.0,POINT (-122.1820969 47.3198995),53033031605.0
WA,Mason,Shelton,98584.0,POINT (-123.105305 47.211085),53045960500.0
WA,Snohomish,Everett,98208.0,POINT (-122.2247757 47.9156409),53061041606.0
WA,Spokane,Spokane,99223.0,POINT (-117.369705 47.62637),53063003900.0
WA,Skagit,Anacortes,98221.0,POINT (-122.615305 48.501275),53057940401.0
WA,King,Sammamish,98074.0,POINT (-122.0313266 47.6285782),53033032216.0
WA,Thurston,Olympia,98502.0,POINT (-122.92145 47.045935),53067011901.0
WA,Snohomish,Lynnwood,98036.0,POINT (-122.3164188 47.819664),53061051930.0
WA,Pierce,Bonney Lake,98391.0,POINT (-122.183805 47.18062),53053070209.0
WA,Spokane,Spokane,99223.0,POINT (-117.369705 47.62637),53063004800.0
WA,Snohomish,Lynnwood,98037.0,POINT (-122.297265 47.84182),53061051602.0
WA,King,Fall City,98024.0,POINT (-121.8947186 47.56345),53033032601.0
WA,Pierce,Edgewood,98372.0,POINT (-122.28718 47.190465),53053073502.0
WA,Chelan,Entiat,98822.0,POINT (-120.209155 47.68998),53007960100.0
WA,Snohomish,Edmonds,98026.0,POINT (-122.335685 47.80372),53061050900.0
WA,Whatcom,Bellingham,98225.0,POINT (-122.486115 48.761615),53073001102.0
WA,Okanogan,Omak,98841.0,POINT (-119.529965 48.41147),53047970602.0
WA,King,Seattle,98109.0,POINT (-122.34848 47.632405),53033007002.0
WA,Snohomish,Snohomish,98290.0,POINT (-122.091505 47.915555),53061053603.0
WA,King,Seattle,98121.0,POINT (-122.344125 47.61546),53033008002.0
WA,Snohomish,Snohomish,98296.0,POINT (-122.15134 47.8851158),53061052108.0
WA,Pierce,Tacoma,98409.0,POINT (-122.47913 47.2198),53053062802.0
WA,King,Seattle,98105.0,POINT (-122.319115 47.66132),53033005306.0
WA,Kitsap,Poulsbo,98370.0,POINT (-122.64177 47.737525),53035940100.0
WA,Whatcom,Bellingham,98225.0,POINT (-122.486115 48.761615),53073000201.0
WA,Spokane,Liberty Lake,99019.0,POINT (-117.0923638 47.6643385),53063013205.0
WA,Snohomish,Lynnwood,98087.0,POINT (-122.2551991 47.8650827),53061041815.0
WA,King,Seattle,98103.0,POINT (-122.34301 47.659185),53033005000.0
WA,Clark,Vancouver,98661.0,POINT (-122.641835 45.638545),53011041110.0
WA,Snohomish,Everett,98203.0,POINT (-122.213105 47.95479),53061040900.0
WA,King,Ravensdale,98051.0,POINT (-121.98104 47.358625),53033031501.0
WA,Pierce,Auburn,98092.0,POINT (-122.1820969 47.3198995),53053070316.0
WA,Skagit,Mount Vernon,98273.0,POINT (-122.338975 48.41333),53057952304.0
WA,Snohomish,Bothell,98021.0,POINT (-122.179458 47.802589),53061051937.0
WA,Benton,Benton City,99320.0,POINT (-119.4897 46.26394),53005010807.0
WA,King,Kenmore,98028.0,POINT (-122.2504747 47.7617128),53033022102.0
WA,Benton,West Richland,99353.0,POINT (-119.3535873 46.2778489),53005010705.0
WA,Snohomish,Snohomish,98290.0,POINT (-122.091505 47.915555),53061052504.0
WA,Douglas,East Wenatchee,98802.0,POINT (-120.28619 47.417755),53017950800.0
WA,Pierce,University Place,98467.0,POINT (-122.5404512 47.2074166),53053072314.0
WA,King,Bellevue,98006.0,POINT (-122.16937 47.571015),53033024905.0
WA,Pierce,Wilkeson,98396.0,POINT (-122.0527005 47.109146868),53053070206.0
WA,King,Seattle,98109.0,POINT (-122.34848 47.632405),53033006701.0
WA,Clallam,Sequim,98382.0,POINT (-123.105015 48.08104),53009002002.0
WA,Whatcom,Blaine,98230.0,POINT (-122.74499 48.99505),53073010411.0
WA,San Juan,Eastsound,98245.0,POINT (-122.907229 48.7016716),53055960103.0
WA,Skagit,Anacortes,98221.0,POINT (-122.615305 48.501275),53057950100.0
WA,Snohomish,Edmonds,98026.0,POINT (-122.335685 47.80372),53061050403.0
WA,Pierce,University Place,98467.0,POINT (-122.5404512 47.2074166),53053072312.0
WA,Pierce,Bonney Lake,98391.0,POINT (-122.183805 47.18062),53053070309.0
WA,Snohomish,Edmonds,98020.0,POINT (-122.37507 47.80807),53061050300.0
WA,Yakima,Yakima,98903.0,POINT (-120.477805 46.553505),53077002801.0
WA,Pierce,Lake Tapps,98391.0,POINT (-122.183805 47.18062),53053070315.0
WA,Chelan,Wenatchee,98801.0,POINT (-120.32009 47.42255),53007960700.0
WA,King,Redmond,98052.0,POINT (-122.12302 47.67668),53033032324.0
WA,Pierce,Puyallup,98374.0,POINT (-122.275748 47.1395924),53053071207.0
WA,Snohomish,Bothell,98012.0,POINT (-122.1876761 47.820517),53061052107.0
WA,Kitsap,Poulsbo,98370.0,POINT (-122.64177 47.737525),53035090502.0
WA,Kitsap,Port Orchard,98366.0,POINT (-122.639265 47.5373),53035092300.0
WA,Snohomish,Lake Stevens,98258.0,POINT (-122.112265 48.0047),53061052605.0
WA,King,Federal Way,98003.0,POINT (-122.31327 47.32329),53033030008.0
WA,Pierce,Lakewood,98498.0,POINT (-122.547645 47.176685),53053072107.0
WA,King,Sammamish,98074.0,POINT (-122.0313266 47.6285782),53033032317.0
WA,Pierce,Puyallup,98371.0,POINT (-122.299155 47.19178),53053073408.0
WA,King,Seattle,98178.0,POINT (-122.234385 47.494545),53033026101.0
WA,King,Sammamish,98029.0,POINT (-121.999595 47.547635),53033032223.0
WA,Mason,Shelton,98584.0,POINT (-123.105305 47.211085),53045961101.0
WA,San Juan,Friday Harbor,98250.0,POINT (-123.0219704 48.5316467),53055960400.0
WA,Spokane,Spokane,99224.0,POINT (-117.460225 47.64927),53063003800.0
WA,Thurston,Tumwater,98501.0,POINT (-122.89692 47.043535),53067010802.0
WA,Snohomish,Snohomish,98296.0,POINT (-122.15134 47.8851158),53061052122.0
WA,Pierce,Lakewood,98499.0,POINT (-122.5181098 47.1712579),53053072106.0
WA,King,Redmond,98053.0,POINT (-122.0370611 47.6887161),53033032333.0
WA,King,North Bend,98045.0,POINT (-121.7814012 47.4935316),53033032704.0
WA,Franklin,Pasco,99301.0,POINT (-119.0982 46.232395),53021020603.0
WA,Snohomish,Bothell,98012.0,POINT (-122.1876761 47.820517),53061051928.0
WA,Pierce,South Hill,98374.0,POINT (-122.275748 47.1395924),53053073129.0
WA,King,Bellevue,98007.0,POINT (-122.147385 47.599975),53033023000.0
WA,Pierce,Gig Harbor,98335.0,POINT (-122.5835454 47.3234488),53053072407.0
WA,King,Federal Way,98003.0,POINT (-122.31327 47.32329),53033030003.0
WA,Wahkiakum,Cathlamet,98612.0,POINT (-123.380635 46.20034),53069950100.0
WA,Pierce,Bonney Lake,98391.0,POINT (-122.183805 47.18062),53053070310.0
WA,Pierce,Tacoma,98407.0,POINT (-122.5113356 47.2923828),53053060500.0
WA,Snohomish,Woodinville,98072.0,POINT (-122.151665 47.75855),53061051912.0
WA,Whatcom,Bellingham,98225.0,POINT (-122.486115 48.761615),53073000402.0
WA,King,Kent,98042.0,POINT (-122.111625 47.36078),53033031705.0
WA,Pierce,Puyallup,98375.0,POINT (-122.3085456 47.1042426),53053073128.0
WA,Thurston,Olympia,98513.0,POINT (-122.81709 46.988575),53067012331.0
WA,Skagit,La Conner,98257.0,POINT (-122.5135345 48.3829111),53057952100.0
WA,King,Renton,98055.0,POINT (-122.197 47.43876),53033025704.0
WA,Kitsap,Port Orchard,98367.0,POINT (-122.6851642 47.506453),53035092902.0
WA,Spokane,Spokane,99223.0,POINT (-117.369705 47.62637),53063013502.0
WA,King,Renton,98059.0,POINT (-122.15734 47.487175),53033025103.0
WA,Spokane,Spokane,99203.0,POINT (-117.425265 47.635365),53063004500.0
WA,Pend Oreille,Newport,99156.0,POINT (-117.049135 48.181095),53051970300.0
WA,Franklin,Pasco,99301.0,POINT (-119.0982 46.232395),53021020103.0
WA,Grays Harbor,Aberdeen,98520.0,POINT (-123.8206 46.97789),53027001000.0
WA,King,Seattle,98108.0,POINT (-122.326965 47.55015),53033010900.0
WA,King,North Bend,98045.0,POINT (-121.7814012 47.4935316),53033032800.0
WA,Island,Oak Harbor,98277.0,POINT (-122.67499 48.287295),53029970200.0
WA,Walla Walla,Walla Walla,99362.0,POINT (-118.34332 46.063985),53071920200.0
WA,King,Renton,98056.0,POINT (-122.180505 47.500055),53033024704.0
WA,Whatcom,Bellingham,98229.0,POINT (-122.4569227 48.7470973),53073000700.0
WA,Spokane,Liberty Lake,99019.0,POINT (-117.0923638 47.6643385),53063013203.0
WA,Pierce,Tacoma,98405.0,POINT (-122.45153 47.251135),53053061300.0
WA,Pierce,Puyallup,98371.0,POINT (-122.299155 47.19178),53053071205.0
WA,Whatcom,Bellingham,98229.0,POINT (-122.4569227 48.7470973),53073001202.0
WA,Pierce,University Place,98466.0,POINT (-122.537565 47.231645),53053072311.0
WA,King,Bellevue,98007.0,POINT (-122.147385 47.599975),53033023604.0
WA,Mason,Belfair,98528.0,POINT (-122.8551647 47.4495785),53045960500.0
WA,King,Seattle,98117.0,POINT (-122.37275 47.68968),53033003000.0
WA,King,Sammamish,98074.0,POINT (-122.0313266 47.6285782),53033032215.0
WA,Grant,Moses Lake,98837.0,POINT (-119.2599876 47.1240154),53025011102.0
WA,Stevens,Valley,99181.0,POINT (-117.72382 48.174085),53065951100.0
WA,King,Issaquah,98029.0,POINT (-121.999595 47.547635),53033032220.0
WA,Spokane,Spokane Valley,99016.0,POINT (-117.1407 47.673675),53063013102.0
WA,King,Bellevue,98004.0,POINT (-122.201905 47.61385),53033023807.0
WA,Franklin,Pasco,99301.0,POINT (-119.0982 46.232395),53021020607.0
WA,King,Burien,98148.0,POINT (-122.32863 47.46233),53033028500.0
WA,Snohomish,Everett,98201.0,POINT (-122.20722 47.979935),53061040500.0
WA,Benton,Richland,99352.0,POINT (-119.2952071 46.272495),53005010820.0
WA,King,Seattle,98103.0,POINT (-122.34301 47.659185),53033002800.0
WA,Chelan,Leavenworth,98826.0,POINT (-120.6619153 47.5970083),53007960201.0
WA,Skagit,Mount Vernon,98274.0,POINT (-122.32284 48.41653),53057951200.0
WA,King,Redmond,98053.0,POINT (-122.0370611 47.6887161),53033032313.0
WA,King,Woodinville,98072.0,POINT (-122.151665 47.75855),53033032307.0
WA,King,Sammamish,98075.0,POINT (-122.03309 47.58153),53033032224.0
WA,Island,Oak Harbor,98277.0,POINT (-122.67499 48.287295),53029970500.0
WA,King,Renton,98058.0,POINT (-122.1298876 47.4451257),53033029307.0
WA,King,Maple Valley,98038.0,POINT (-122.05191 47.357985),53033032006.0
WA,Walla Walla,Touchet,99360.0,POINT (-118.6712246 46.040628),53071920100.0
WA,King,Kirkland,98033.0,POINT (-122.20264 47.6785),53033022502.0
WA,Snohomish,Bothell,98021.0,POINT (-122.179458 47.802589),53061051918.0
WA,King,Seattle,98107.0,POINT (-122.378895 47.66905),53033004701.0
WA,Whatcom,Bellingham,98226.0,POINT (-122.45493 48.76809),53073000101.0
WA,Snohomish,Marysville,98271.0,POINT (-122.1713847 48.10433),53061052807.0
WA,Island,Langley,98260.0,POINT (-122.408015 48.03557),53029971900.0
WA,Snohomish,Mill Creek,98012.0,POINT (-122.1876761 47.820517),53061052005.0
WA,Snohomish,Lynnwood,98036.0,POINT (-122.3164188 47.819664),53061051702.0
WA,Snohomish,Everett,98201.0,POINT (-122.20722 47.979935),53061040800.0
WA,Snohomish,Brier,98036.0,POINT (-122.3164188 47.819664),53061051913.0
WA,Whitman,Pullman,99163.0,POINT (-117.17912 46.730885),53075001000.0
WA,Pierce,Puyallup,98374.0,POINT (-122.275748 47.1395924),53053071209.0
WA,Clallam,Sequim,98382.0,POINT (-123.105015 48.08104),53009001800.0
WA,Snohomish,Bothell,98012.0,POINT (-122.1876761 47.820517),53061051935.0
WA,Pierce,Tacoma,98418.0,POINT (-122.439165 47.22468),53053061900.0
WA,Snohomish,Edmonds,98020.0,POINT (-122.37507 47.80807),53061050403.0
WA,Pierce,Sumner,98390.0,POINT (-122.23825 47.201625),53053073301.0
WA,King,Seattle,98146.0,POINT (-122.355145 47.505655),53033026500.0
WA,Pierce,Bonney Lake,98391.0,POINT (-122.183805 47.18062),53053070308.0
WA,Clallam,Sequim,98382.0,POINT (-123.105015 48.08104),53009002100.0
WA,Franklin,Pasco,99301.0,POINT (-119.0982 46.232395),53021020102.0
WA,Snohomish,Edmonds,98026.0,POINT (-122.335685 47.80372),53061050800.0
WA,King,Redmond,98052.0,POINT (-122.12302 47.67668),53033022902.0
WA,King,Preston,98027.0,POINT (-122.03646 47.534065),53033032221.0
WA,Pierce,Spanaway,98387.0,POINT (-122.435115 47.1045),53053071411.0
WA,Pierce,Lakewood,98499.0,POINT (-122.5181098 47.1712579),53053071902.0
WA,King,Auburn,98001.0,POINT (-122.2849393 47.3384055),53033029805.0
WA,Kitsap,Bremerton,98312.0,POINT (-122.65223 47.57192),53035091400.0
WA,Snohomish,Bothell,98021.0,POINT (-122.179458 47.802589),53061051938.0
WA,Snohomish,Lake Stevens,98258.0,POINT (-122.112265 48.0047),53061052504.0
WA,Mason,Shelton,98584.0,POINT (-123.105305 47.211085),53045961102.0
WA,Clark,Vancouver,98683.0,POINT (-122.4853873 45.6083347),53011041310.0
WA,King,Kent,98032.0,POINT (-122.235475 47.3809),53033028300.0
WA,Pierce,Gig Harbor,98335.0,POINT (-122.5835454 47.3234488),53053072507.0
WA,Spokane,Chattaroy,99021.0,POINT (-117.35761 47.76885),53063010204.0
WA,Skagit,Bellingham,98229.0,POINT (-122.4569227 48.7470973),53057950803.0
WA,Pacific,Raymond,98577.0,POINT (-123.72855 46.686115),53049950200.0
WA,Whatcom,Ferndale,98248.0,POINT (-122.6011039 48.85324),53073010505.0
WA,Thurston,Olympia,98506.0,POINT (-122.8874781 47.0519573),53067012224.0
WA,Pierce,Tacoma,98422.0,POINT (-122.38578 47.28971),53053940011.0
WA,Pierce,Tacoma,98407.0,POINT (-122.5113356 47.2923828),53053060904.0
WA,King,Issaquah,98029.0,POINT (-121.999595 47.547635),53033032218.0
WA,King,Duvall,98019.0,POINT (-121.9810747 47.7377962),53033032401.0
CA,Los Angeles,Long Beach,90802.0,POINT (-118.1893 33.769135),6037576001.0
WA,King,Lake Forest Park,98155.0,POINT (-122.3175 47.7578146),53033021300.0
WA,Cowlitz,Kalama,98625.0,POINT (-122.839465 46.009825),53015001601.0
WA,Pierce,Carbonado,98323.0,POINT (-122.052435 47.07902),53053070206.0
WA,Snohomish,Mountlake Terrace,98043.0,POINT (-122.30842 47.78416),53061051200.0
WA,Pierce,Edgewood,98371.0,POINT (-122.299155 47.19178),53053940009.0
WA,Pierce,Lakewood,98499.0,POINT (-122.5181098 47.1712579),53053071901.0
WA,King,Seattle,98119.0,POINT (-122.363815 47.63046),53033005801.0
WA,King,Maple Valley,98038.0,POINT (-122.05191 47.357985),53033032003.0
WA,Pierce,University Place,98466.0,POINT (-122.537565 47.231645),53053072313.0
WA,King,Seattle,98118.0,POINT (-122.28339 47.549285),53033011101.0
WA,King,Sammamish,98075.0,POINT (-122.03309 47.58153),53033032207.0
WA,King,Maple Valley,98038.0,POINT (-122.05191 47.357985),53033032011.0
WA,Kitsap,Bremerton,98312.0,POINT (-122.65223 47.57192),53035091302.0
WA,King,Redmond,98072.0,POINT (-122.151665 47.75855),53033032327.0
WA,King,Renton,98056.0,POINT (-122.180505 47.500055),53033025201.0
WA,Spokane,Spokane,99201.0,POINT (-117.431895 47.667155),53063002300.0
WA,Clallam,Port Angeles,98362.0,POINT (-123.424865 48.110695),53009001000.0
WA,Snohomish,Everett,98208.0,POINT (-122.2247757 47.9156409),53061041601.0
WA,Whatcom,Sedro Woolley,98284.0,POINT (-122.235035 48.503325),53073000807.0
WA,King,Maple Valley,98051.0,POINT (-121.98104 47.358625),53033031603.0
WA,King,Seattle,98116.0,POINT (-122.38679 47.56484),53033009600.0
WA,Island,Coupeville,98239.0,POINT (-122.6880708 48.2179983),53029971000.0
WA,Pierce,Ruston,98407.0,POINT (-122.5113356 47.2923828),53053060300.0
WA,Snohomish,Everett,98203.0,POINT (-122.213105 47.95479),53061041100.0
WA,Island,Camano Island,98282.0,POINT (-122.5310901 48.2192797),53029971500.0
WA,Snohomish,Bothell,98012.0,POINT (-122.1876761 47.820517),53061052010.0
WA,Benton,Richland,99354.0,POINT (-119.28753 46.29747),53005010100.0
WA,Pierce,South Hill,98373.0,POINT (-122.2987976 47.13795),53053071310.0
WA,Spokane,Spokane,99204.0,POINT (-117.43167 47.64724),53063004100.0
WA,Whatcom,Ferndale,98248.0,POINT (-122.6011039 48.85324),53073010506.0
WA,Pierce,Tacoma,98422.0,POINT (-122.38578 47.28971),53053940001.0
WA,Franklin,Pasco,99301.0,POINT (-119.0982 46.232395),53021020503.0
WA,Whitman,Pullman,99163.0,POINT (-117.17912 46.730885),53075000201.0
WA,Spokane,Spokane,99224.0,POINT (-117.460225 47.64927),53063013700.0
WA,Pierce,Tacoma,98465.0,POINT (-122.53569 47.249445),53053061001.0
WA,Snohomish,Bothell,98021.0,POINT (-122.179458 47.802589),53061051916.0
WA,Snohomish,Bothell,98012.0,POINT (-122.1876761 47.820517),53061051921.0
WA,Pacific,North Cove,98590.0,POINT (-123.9965452 46.711147),53049950301.0
WA,King,Maple Valley,98038.0,POINT (-122.05191 47.357985),53033032007.0
WA,Kitsap,Bremerton,98312.0,POINT (-122.65223 47.57192),53035081000.0
WA,Benton,Kennewick,99336.0,POINT (-119.113535 46.204945),53005010816.0
WA,Snohomish,Lynnwood,98036.0,POINT (-122.3164188 47.819664),53061051931.0
WA,Pierce,Lakewood,98498.0,POINT (-122.547645 47.176685),53053071902.0
WA,Kittitas,Cle Elum,98922.0,POINT (-120.938305 47.195355),53037975104.0
WA,King,Renton,98058.0,POINT (-122.1298876 47.4451257),53033032002.0
WA,Pierce,Eatonville,98328.0,POINT (-122.270565 46.86822),53053073200.0
WA,Benton,West Richland,99353.0,POINT (-119.3535873 46.2778489),53005010707.0
WA,Benton,Kennewick,99336.0,POINT (-119.113535 46.204945),53005011300.0
WA,Snohomish,Everett,98201.0,POINT (-122.20722 47.979935),53061040700.0
WA,Snohomish,Snohomish,98290.0,POINT (-122.091505 47.915555),53061052206.0
WA,Whatcom,Bellingham,98225.0,POINT (-122.486115 48.761615),53073000301.0
WA,Lewis,Mineral,98355.0,POINT (-122.1844551 46.7169232),53041971800.0
WA,Thurston,Lacey,98503.0,POINT (-122.8285 47.03646),53067011300.0
WA,Thurston,Lacey,98516.0,POINT (-122.7510253 47.08149),53067012225.0
WA,Thurston,Olympia,98501.0,POINT (-122.89692 47.043535),53067010100.0
WA,Whatcom,Ferndale,98248.0,POINT (-122.6011039 48.85324),53073010503.0
WA,Snohomish,Mountlake Terrace,98043.0,POINT (-122.30842 47.78416),53061051100.0
WA,King,Seattle,98116.0,POINT (-122.38679 47.56484),53033009701.0
WA,Skagit,Anacortes,98221.0,POINT (-122.615305 48.501275),53057940500.0
WA,Thurston,Lacey,98503.0,POINT (-122.8285 47.03646),53067011410.0
WA,King,Maple Valley,98038.0,POINT (-122.05191 47.357985),53033032010.0
WA,King,Auburn,98001.0,POINT (-122.2849393 47.3384055),53033030404.0
WA,Snohomish,Monroe,98272.0,POINT (-121.972215 47.85674),53061052203.0
WA,King,Bothell,98011.0,POINT (-122.20578 47.762405),53033021803.0
WA,Whatcom,Ferndale,98248.0,POINT (-122.6011039 48.85324),53073940001.0
WA,King,Fall City,98024.0,POINT (-121.8947186 47.56345),53033032603.0
WA,Thurston,Olympia,98513.0,POINT (-122.81709 46.988575),53067012420.0
WA,Pierce,Tacoma,98405.0,POINT (-122.45153 47.251135),53053061400.0
WA,Pierce,Tacoma,98405.0,POINT (-122.45153 47.251135),53053061700.0
WA,Snohomish,Bothell,98012.0,POINT (-122.1876761 47.820517),53061052007.0
WA,Spokane,Spokane,99223.0,POINT (-117.369705 47.62637),53063004900.0
WA,Pierce,Puyallup,98373.0,POINT (-122.2987976 47.13795),53053071206.0
WA,Pierce,Tacoma,98407.0,POINT (-122.5113356 47.2923828),53053060800.0
WA,Snohomish,Snohomish,98296.0,POINT (-122.15134 47.8851158),53061052112.0
WA,Snohomish,Snohomish,98296.0,POINT (-122.15134 47.8851158),53061052008.0
WA,King,Newcastle,98056.0,POINT (-122.180505 47.500055),53033024703.0
WA,King,Auburn,98092.0,POINT (-122.1820969 47.3198995),53033031204.0
WA,Snohomish,Mukilteo,98275.0,POINT (-122.299965 47.94171),53061042001.0
WA,King,Bellevue,98007.0,POINT (-122.147385 47.599975),53033022804.0
WA,Snohomish,Bothell,98012.0,POINT (-122.1876761 47.820517),53061051922.0
WA,King,Sammamish,98029.0,POINT (-121.999595 47.547635),53033032222.0
WA,Okanogan,Oroville,98844.0,POINT (-119.43496 48.935165),53047970302.0
WA,Pierce,Puyallup,98371.0,POINT (-122.299155 47.19178),53053073407.0
WA,Pierce,Orting,98360.0,POINT (-122.2032237 47.0942956),53053070100.0
WA,Snohomish,Monroe,98272.0,POINT (-121.972215 47.85674),53061052207.0
WA,Grant,Soap Lake,98851.0,POINT (-119.485115 47.38686),53025010300.0
WA,Snohomish,Bothell,98021.0,POINT (-122.179458 47.802589),53061051926.0
WA,King,Auburn,98092.0,POINT (-122.1820969 47.3198995),53033031202.0
WA,Snohomish,Lynnwood,98036.0,POINT (-122.3164188 47.819664),53061051701.0
WA,Skamania,Underwood,98651.0,POINT (-121.5312858 45.7348285),53059950400.0
WA,King,Enumclaw,98022.0,POINT (-121.98953 47.20347),53033031502.0
WA,Thurston,Olympia,98502.0,POINT (-122.92145 47.045935),53067010600.0
WA,Kitsap,Bainbridge Island,98110.0,POINT (-122.5235781 47.6293323),53035090902.0
WA,Island,Coupeville,98239.0,POINT (-122.6880708 48.2179983),53029971302.0
WA,Kitsap,Bainbridge Island,98110.0,POINT (-122.5235781 47.6293323),53035091001.0
WA,San Juan,Lopez Island,98261.0,POINT (-122.9109264 48.5262809),53055960501.0
WA,Kitsap,Bainbridge Island,98110.0,POINT (-122.5235781 47.6293323),53035090901.0
WA,King,Kent,98032.0,POINT (-122.235475 47.3809),53033029803.0
WA,King,Yarrow Point,98004.0,POINT (-122.201905 47.61385),53033024100.0
WA,Spokane,Spokane,99224.0,POINT (-117.460225 47.64927),53063013600.0
WA,King,Sammamish,98074.0,POINT (-122.0313266 47.6285782),53033032318.0
WA,Franklin,Pasco,99301.0,POINT (-119.0982 46.232395),53021020700.0
WA,Snohomish,Snohomish,98296.0,POINT (-122.15134 47.8851158),53061052121.0
WA,Pierce,Tacoma,98409.0,POINT (-122.47913 47.2198),53053062901.0
MD,Montgomery,Gaithersburg,20878.0,POINT (-77.23908 39.12004),24031700826.0
WA,Pierce,Lake Tapps,98391.0,POINT (-122.183805 47.18062),53053070314.0
WA,Grays Harbor,Hoquiam,98550.0,POINT (-123.8868787 46.9805308),53027001500.0
WA,Pierce,Tacoma,98444.0,POINT (-122.43827 47.153995),53053071705.0
WA,King,Seattle,98121.0,POINT (-122.344125 47.61546),53033008004.0
WA,Whitman,Pullman,99163.0,POINT (-117.17912 46.730885),53075000300.0
WA,Island,Coupeville,98239.0,POINT (-122.6880708 48.2179983),53029971100.0
WA,Snohomish,Bothell,98021.0,POINT (-122.179458 47.802589),53061051917.0
WA,Stevens,Nine Mile Falls,99026.0,POINT (-117.5967686 47.8204962),53065951401.0
WA,Whatcom,Bellingham,98225.0,POINT (-122.486115 48.761615),53073001101.0
WA,Kittitas,Cle Elum,98922.0,POINT (-120.938305 47.195355),53037975201.0
WA,King,Redmond,98053.0,POINT (-122.0370611 47.6887161),53033032327.0
WA,Skagit,Mount Vernon,98273.0,POINT (-122.338975 48.41333),53057952500.0
WA,King,Kent,98032.0,POINT (-122.235475 47.3809),53033029206.0
WA,Snohomish,Bothell,98012.0,POINT (-122.1876761 47.820517),53061051934.0
WA,San Juan,Eastsound,98245.0,POINT (-122.907229 48.7016716),53055960102.0
WA,King,Issaquah,98029.0,POINT (-121.999595 47.547635),53033032219.0
WA,Klickitat,Lyle,98635.0,POINT (-121.2837218 45.6947484),53039950200.0
WA,Thurston,Olympia,98513.0,POINT (-122.81709 46.988575),53067011624.0
WA,King,Seattle,98103.0,POINT (-122.34301 47.659185),53033004901.0
WA,Island,Clinton,98236.0,POINT (-122.359364 47.9796552),53029972100.0
WA,King,Woodinville,98072.0,POINT (-122.151665 47.75855),53033032327.0
WA,Snohomish,Mountlake Terrace,98043.0,POINT (-122.30842 47.78416),53061051000.0
WA,Spokane,Cheney,99004.0,POINT (-117.57579 47.492775),53063013501.0
WA,King,Vashon,98070.0,POINT (-122.46049 47.44873),53033027702.0
WA,King,Seattle,98144.0,POINT (-122.30823 47.581975),53033008900.0
WA,King,Auburn,98001.0,POINT (-122.2849393 47.3384055),53033030406.0
WA,King,Woodinville,98072.0,POINT (-122.151665 47.75855),53033032326.0
WA,Benton,Kennewick,99338.0,POINT (-119.1973001 46.1911488),53005011505.0
WA,San Juan,Lopez Island,98261.0,POINT (-122.9109264 48.5262809),53055960502.0
WA,Lewis,Chehalis,98532.0,POINT (-122.96692 46.66113),53041971400.0
WA,Pierce,Tacoma,98408.0,POINT (-122.438105 47.20322),53053063100.0
WA,King,Bellevue,98005.0,POINT (-122.16085 47.624515),53033023601.0
WA,Pierce,Auburn,98092.0,POINT (-122.1820969 47.3198995),53053070315.0
WA,Pierce,Tacoma,98409.0,POINT (-122.47913 47.2198),53053063000.0
WA,Pierce,Bonney Lake,98391.0,POINT (-122.183805 47.18062),53053070208.0
WA,King,Kent,98032.0,POINT (-122.235475 47.3809),53033029203.0
WA,Pend Oreille,Newport,99156.0,POINT (-117.049135 48.181095),53051970500.0
WA,Clark,Vancouver,98686.0,POINT (-122.6483953 45.7010427),53011040812.0
WA,Snohomish,Lynnwood,98037.0,POINT (-122.297265 47.84182),53061051702.0
WA,Kitsap,Bremerton,98312.0,POINT (-122.65223 47.57192),53035092101.0
WA,Clark,La Center,98629.0,POINT (-122.6706246 45.8662548),53011040202.0
WA,Snohomish,Everett,98204.0,POINT (-122.240535 47.91139),53061041812.0
WA,Whatcom,Bellingham,98229.0,POINT (-122.4569227 48.7470973),53073000805.0
WA,Clallam,Port Angeles,98362.0,POINT (-123.424865 48.110695),53009001800.0
WA,Franklin,Pasco,99301.0,POINT (-119.0982 46.232395),53021020300.0
WA,Snohomish,Brier,98036.0,POINT (-122.3164188 47.819664),53061051914.0
WA,Snohomish,Edmonds,98026.0,POINT (-122.335685 47.80372),53061050101.0
WA,Benton,Richland,99352.0,POINT (-119.2952071 46.272495),53005010819.0
WA,Spokane,Spokane,99203.0,POINT (-117.425265 47.635365),53063004200.0
WA,Pierce,Lakewood,98498.0,POINT (-122.547645 47.176685),53053072105.0
WA,Whatcom,Bellingham,98225.0,POINT (-122.486115 48.761615),53073001204.0
WA,King,Auburn,98092.0,POINT (-122.1820969 47.3198995),53033031208.0
WA,Benton,Benton City,99320.0,POINT (-119.4897 46.26394),53005010701.0
WA,Pierce,Tacoma,98409.0,POINT (-122.47913 47.2198),53053062801.0
WA,Snohomish,Lynnwood,98036.0,POINT (-122.3164188 47.819664),53061051932.0
WA,Klickitat,White Salmon,98672.0,POINT (-121.48347 45.72977),53039950302.0
WA,King,Redmond,98052.0,POINT (-122.12302 47.67668),53033032326.0
WA,Whatcom,Bellingham,98226.0,POINT (-122.45493 48.76809),53073940002.0
WA,Spokane,Spokane,99208.0,POINT (-117.40725 47.718625),53063010604.0
WA,King,Seattle,98199.0,POINT (-122.394185 47.639195),53033005700.0
WA,Yakima,Grandview,98930.0,POINT (-119.91556 46.249215),53077001902.0
WA,King,Snoqualmie,98065.0,POINT (-121.8740496 47.5345546),53033032604.0
WA,Clallam,Neah Bay,98357.0,POINT (-124.625235 48.36824),53009940000.0
WA,Pierce,Graham,98338.0,POINT (-122.2953401 47.0763961),53053073118.0
WA,Spokane,Spokane,99202.0,POINT (-117.383045 47.661935),53063003000.0
WA,Benton,Benton City,99320.0,POINT (-119.4897 46.26394),53005011900.0
WA,Pierce,Tacoma,98443.0,POINT (-122.364635 47.19449),53053940004.0
WA,Pierce,Lake Tapps,98391.0,POINT (-122.183805 47.18062),53053070307.0
WA,Clark,Ridgefield,98642.0,POINT (-122.74291 45.818445),53011040301.0
WA,Pacific,Surfside,98640.0,POINT (-124.04853 46.4972),53049950801.0
WA,King,Kent,98031.0,POINT (-122.2012521 47.3931814),53033029208.0
WA,Thurston,Olympia,98506.0,POINT (-122.8874781 47.0519573),53067012211.0
WA,Clallam,Sequim,98382.0,POINT (-123.105015 48.08104),53009001901.0
WA,Pierce,Tacoma,98409.0,POINT (-122.47913 47.2198),53053062600.0
WA,Pierce,Tacoma,98404.0,POINT (-122.4096963 47.2174975),53053062000.0
WA,Snohomish,Marysville,98271.0,POINT (-122.1713847 48.10433),53061940001.0
WA,Pierce,Tacoma,98445.0,POINT (-122.40872 47.165675),53053071506.0
WA,King,Seattle,98107.0,POINT (-122.378895 47.66905),53033003201.0
WA,Spokane,Spokane,99223.0,POINT (-117.369705 47.62637),53063004702.0
WA,Clark,Ridgefield,98642.0,POINT (-122.74291 45.818445),53011040303.0
WA,Spokane,Spokane,99208.0,POINT (-117.40725 47.718625),53063010702.0
WA,Pierce,Tacoma,98404.0,POINT (-122.4096963 47.2174975),53053061900.0
WA,Spokane,Newman Lake,99025.0,POINT (-117.06237 47.704775),53063010101.0
WA,Pierce,Tacoma,98407.0,POINT (-122.5113356 47.2923828),53053060300.0
WA,Yakima,Yakima,98903.0,POINT (-120.477805 46.553505),53077002803.0
WA,King,Snoqualmie,98065.0,POINT (-121.8740496 47.5345546),53033032800.0
WA,Benton,Richland,99352.0,POINT (-119.2952071 46.272495),53005010811.0
WA,King,Federal Way,98003.0,POINT (-122.31327 47.32329),53033030007.0
WA,Clallam,Port Angeles,98362.0,POINT (-123.424865 48.110695),53009001100.0
WA,Whatcom,Bellingham,98226.0,POINT (-122.45493 48.76809),53073000804.0
WA,King,Kent,98042.0,POINT (-122.111625 47.36078),53033031204.0
WA,King,Renton,98055.0,POINT (-122.197 47.43876),53033025302.0
WA,Whatcom,Blaine,98230.0,POINT (-122.74499 48.99505),53073010405.0
WA,Benton,Kennewick,99337.0,POINT (-119.14533 46.187395),53005011504.0
WA,Whatcom,Blaine,98230.0,POINT (-122.74499 48.99505),53073010504.0
WA,Clark,Camas,98607.0,POINT (-122.405565 45.59009),53011040608.0
WA,Benton,West Richland,99353.0,POINT (-119.3535873 46.2778489),53005010708.0
WA,Whatcom,Bellingham,98226.0,POINT (-122.45493 48.76809),53073000102.0
WA,Whatcom,Bellingham,98226.0,POINT (-122.45493 48.76809),53073000803.0
WA,King,Federal Way,98023.0,POINT (-122.363215 47.3084),53033030312.0
WA,King,Seattle,98199.0,POINT (-122.394185 47.639195),53033005803.0
WA,Pierce,Lakewood,98499.0,POINT (-122.5181098 47.1712579),53053071803.0
WA,Snohomish,Lynnwood,98036.0,POINT (-122.3164188 47.819664),53061051929.0
WA,Clark,Vancouver,98684.0,POINT (-122.51692 45.6228),53011041317.0
WA,King,Seattle,98112.0,POINT (-122.306935 47.62441),53033007700.0
WA,Snohomish,Snohomish,98296.0,POINT (-122.15134 47.8851158),53061052114.0
WA,King,Black Diamond,98010.0,POINT (-122.00498 47.31187),53033031603.0
WA,Pierce,Gig Harbor,98329.0,POINT (-122.6657985 47.383359),53053072503.0
WA,Grays Harbor,Aberdeen,98520.0,POINT (-123.8206 46.97789),53027000800.0
WA,Spokane,Otis Orchards,99027.0,POINT (-117.10722 47.698585),53063013201.0
WA,Clark,Ridgefield,98642.0,POINT (-122.74291 45.818445),53011040403.0
WA,King,Renton,98055.0,POINT (-122.197 47.43876),53033029309.0
WA,Okanogan,Twisp,98856.0,POINT (-120.12477 48.365635),53047971000.0
WA,Pierce,Tacoma,98406.0,POINT (-122.490985 47.26365),53053060800.0
WA,Island,Langley,98260.0,POINT (-122.408015 48.03557),53029972000.0
WA,Klickitat,White Salmon,98672.0,POINT (-121.48347 45.72977),53039950301.0
WA,Pacific,Ocean Park,98640.0,POINT (-124.04853 46.4972),53049950702.0
WA,Thurston,Lacey,98513.0,POINT (-122.81709 46.988575),53067011623.0
WA,Spokane,Spokane Valley,99206.0,POINT (-117.2459114 47.6525293),53063012401.0
WA,King,Vashon,98070.0,POINT (-122.46049 47.44873),53033027701.0
WA,Snohomish,Lynnwood,98036.0,POINT (-122.3164188 47.819664),53061051500.0
WA,Spokane,Spokane,99223.0,POINT (-117.369705 47.62637),53063004601.0
WA,Ferry,Kettle Falls,99141.0,POINT (-118.056575 48.604475),53019970100.0
WA,King,Renton,98059.0,POINT (-122.15734 47.487175),53033025104.0
WA,Snohomish,Everett,98204.0,POINT (-122.240535 47.91139),53061041815.0
WA,Pierce,Tacoma,98408.0,POINT (-122.438105 47.20322),53053063200.0
WA,Pierce,Tacoma,98404.0,POINT (-122.4096963 47.2174975),53053062400.0
WA,Pierce,Lakewood,98498.0,POINT (-122.547645 47.176685),53053072000.0
WA,Pierce,Gig Harbor,98335.0,POINT (-122.5835454 47.3234488),53053072405.0
WA,Snohomish,Arlington,98223.0,POINT (-122.12324 48.19485),53061053510.0
WA,Clark,Washougal,98671.0,POINT (-122.3538285 45.5838634),53011040513.0
WA,King,North Bend,98045.0,POINT (-121.7814012 47.4935316),53033032706.0
WA,Skagit,La Conner,98257.0,POINT (-122.5135345 48.3829111),53057940801.0
WA,King,Seattle,98121.0,POINT (-122.344125 47.61546),53033007302.0
WA,Spokane,Spokane Valley,99212.0,POINT (-117.288055 47.68043),53063012300.0
WA,Benton,Richland,99354.0,POINT (-119.28753 46.29747),53005010204.0
WA,Snohomish,Snohomish,98296.0,POINT (-122.15134 47.8851158),53061052113.0
WA,Benton,Richland,99352.0,POINT (-119.2952071 46.272495),53005010817.0
WA,Snohomish,Mukilteo,98275.0,POINT (-122.299965 47.94171),53061041301.0
WA,Snohomish,Edmonds,98020.0,POINT (-122.37507 47.80807),53061050800.0
WA,King,Seattle,98115.0,POINT (-122.3185 47.67949),53033002500.0
WA,Snohomish,Mukilteo,98275.0,POINT (-122.299965 47.94171),53061042006.0
WA,Grays Harbor,Westport,98595.0,POINT (-124.107315 46.886855),53027001601.0
WA,Skagit,Anacortes,98221.0,POINT (-122.615305 48.501275),53057940403.0
WA,King,Seattle,98122.0,POINT (-122.30839 47.610365),53033007700.0
WA,Island,Clinton,98236.0,POINT (-122.359364 47.9796552),53029972000.0
WA,Pierce,Tacoma,98406.0,POINT (-122.490985 47.26365),53053060906.0
WA,Chelan,Cashmere,98815.0,POINT (-120.4687 47.5173233),53007960501.0
WA,Skamania,Stevenson,98648.0,POINT (-121.8849392 45.6980854),53059950300.0
WA,Kittitas,Ellensburg,98926.0,POINT (-120.544475 46.994),53037975300.0
WA,Chelan,Chelan,98816.0,POINT (-120.015875 47.839895),53007960301.0
WA,Whatcom,Bellingham,98226.0,POINT (-122.45493 48.76809),53073000807.0
WA,Jefferson,Port Townsend,98368.0,POINT (-122.7644197 48.1195874),53031950604.0
WA,San Juan,Friday Harbor,98250.0,POINT (-123.0219704 48.5316467),53055960302.0
WA,King,Seattle,98146.0,POINT (-122.355145 47.505655),53033026801.0
WA,Skagit,Anacortes,98221.0,POINT (-122.615305 48.501275),53057940301.0
WA,Pierce,Graham,98338.0,POINT (-122.2953401 47.0763961),53053073132.0
WA,Chelan,Chelan,98816.0,POINT (-120.015875 47.839895),53007960302.0
WA,King,Bellevue,98008.0,POINT (-122.11832 47.6245),53033023100.0
WA,Mason,Grapeview,98546.0,POINT (-122.9529423 47.3248964),53045960403.0
WA,King,Federal Way,98003.0,POINT (-122.31327 47.32329),53033030407.0
WA,Clark,Vancouver,98662.0,POINT (-122.5918493 45.6617058),53011041114.0
WA,Whatcom,Bellingham,98226.0,POINT (-122.45493 48.76809),53073000203.0
WA,Clallam,Port Angeles,98362.0,POINT (-123.424865 48.110695),53009001600.0
WA,Snohomish,Marysville,98270.0,POINT (-122.17673 48.05542),53061052707.0
WA,Pierce,Parkland,98446.0,POINT (-122.377475 47.096645),53053071412.0
WA,King,Issaquah,98027.0,POINT (-122.03646 47.534065),53033031904.0
WA,Clark,Vancouver,98660.0,POINT (-122.675975 45.630465),53011042400.0
WA,Thurston,Lacey,98503.0,POINT (-122.8285 47.03646),53067011628.0
WA,Pierce,Tacoma,98444.0,POINT (-122.43827 47.153995),53053063501.0
WA,Spokane,Spokane,99203.0,POINT (-117.425265 47.635365),53063004300.0
WA,Whatcom,Ferndale,98248.0,POINT (-122.6011039 48.85324),53073010600.0
WA,Whatcom,Everson,98247.0,POINT (-122.357585 48.90942),53073010201.0
WA,Pierce,Gig Harbor,98332.0,POINT (-122.589645 47.342345),53053072509.0
WA,Snohomish,Everett,98204.0,POINT (-122.240535 47.91139),53061041904.0
WA,Snohomish,Marysville,98271.0,POINT (-122.1713847 48.10433),53061052805.0
WA,Snohomish,Lake Stevens,98258.0,POINT (-122.112265 48.0047),53061052604.0
WA,King,Duvall,98019.0,POINT (-121.9810747 47.7377962),53033032402.0
WA,Snohomish,Monroe,98272.0,POINT (-121.972215 47.85674),53061052113.0
WA,King,Seattle,98109.0,POINT (-122.34848 47.632405),53033007303.0
WA,Lewis,Mossyrock,98564.0,POINT (-122.48444 46.530395),53041971700.0
WA,Snohomish,Lake Stevens,98258.0,POINT (-122.112265 48.0047),53061052606.0
WA,Thurston,Olympia,98501.0,POINT (-122.89692 47.043535),53067010400.0
WA,King,Mercer Island,98040.0,POINT (-122.2377542 47.582905),53033024500.0
WA,Grant,Moses Lake,98837.0,POINT (-119.2599876 47.1240154),53025011101.0
WA,Snohomish,Edmonds,98026.0,POINT (-122.335685 47.80372),53061042003.0
WA,Snohomish,Everett,98203.0,POINT (-122.213105 47.95479),53061041000.0
WA,Snohomish,Monroe,98272.0,POINT (-121.972215 47.85674),53061053801.0
WA,King,Seattle,98121.0,POINT (-122.344125 47.61546),53033007201.0
WA,Snohomish,Lynnwood,98036.0,POINT (-122.3164188 47.819664),53061051402.0
WA,Snohomish,Everett,98203.0,POINT (-122.213105 47.95479),53061041201.0
WA,King,Seattle,98115.0,POINT (-122.3185 47.67949),53033003602.0
WA,Spokane,Spokane,99201.0,POINT (-117.431895 47.667155),53063003500.0
WA,King,Duvall,98019.0,POINT (-121.9810747 47.7377962),53033032327.0
WA,Mason,Union,98592.0,POINT (-123.06842 47.33529),53045960500.0
WA,King,Maple Valley,98045.0,POINT (-121.7814012 47.4935316),53033032003.0
WA,Clark,Vancouver,98661.0,POINT (-122.641835 45.638545),53011041105.0
WA,Pierce,Tacoma,98406.0,POINT (-122.490985 47.26365),53053060700.0
WA,Skagit,Burlington,98233.0,POINT (-122.33079 48.474765),53057951800.0
WA,Pierce,Fife,98424.0,POINT (-122.36151 47.241885),53053940002.0
WA,Spokane,Deer Park,99006.0,POINT (-117.47501 47.956285),53063010303.0
WA,King,Carnation,98014.0,POINT (-121.9105947 47.6483005),53033032315.0
WA,Pierce,Steilacoom,98388.0,POINT (-122.5970685 47.1686632),53053072109.0
WA,Grant,Quincy,98848.0,POINT (-119.8508676 47.2335835),53025010500.0
WA,Yakima,Yakima,98901.0,POINT (-120.500225 46.6043),53077001602.0
WA,Clallam,Sequim,98382.0,POINT (-123.105015 48.08104),53009002301.0
WA,Pierce,Puyallup,98375.0,POINT (-122.3085456 47.1042426),53053073132.0
WA,King,Mercer Island,98040.0,POINT (-122.2377542 47.582905),53033024301.0
WA,Franklin,Othello,99344.0,POINT (-119.168765 46.826175),53021020801.0
WA,King,Redmond,98052.0,POINT (-122.12302 47.67668),53033032330.0
WA,Skagit,Burlington,98233.0,POINT (-122.33079 48.474765),53057951700.0
WA,Island,Camano Island,98282.0,POINT (-122.5310901 48.2192797),53029971700.0
WA,King,Seattle,98118.0,POINT (-122.28339 47.549285),53033010301.0
WA,King,Seattle,98178.0,POINT (-122.234385 47.494545),53033026102.0
WA,King,Seattle,98102.0,POINT (-122.3223156 47.6402108),53033006500.0
WA,Pierce,Gig Harbor,98332.0,POINT (-122.589645 47.342345),53053072508.0
WA,King,Seattle,98106.0,POINT (-122.356145 47.52104),53033026500.0
WA,Thurston,Olympia,98503.0,POINT (-122.8285 47.03646),53067011500.0
WA,Snohomish,Marysville,98270.0,POINT (-122.17673 48.05542),53061052104.0
WA,Snohomish,Marysville,98270.0,POINT (-122.17673 48.05542),53061052906.0
WA,Thurston,Lacey,98503.0,POINT (-122.8285 47.03646),53067011500.0
WA,Benton,Kennewick,99338.0,POINT (-119.1973001 46.1911488),53005010815.0
WA,King,Kirkland,98011.0,POINT (-122.20578 47.762405),53033022201.0
WA,Lewis,Winlock,98596.0,POINT (-122.94 46.491135),53041971501.0
WA,Pierce,Fox Island,98333.0,POINT (-122.6066806 47.2254086),53053072410.0
WA,Skagit,Concrete,98237.0,POINT (-121.759005 48.5374),53057951102.0
WA,King,Bellevue,98007.0,POINT (-122.147385 47.599975),53033022805.0
WA,Pierce,Puyallup,98372.0,POINT (-122.28718 47.190465),53053073406.0
WA,Whatcom,Ferndale,98248.0,POINT (-122.6011039 48.85324),53073010407.0
WA,Thurston,Olympia,98506.0,POINT (-122.8874781 47.0519573),53067010300.0
WA,Pierce,Lakewood,98499.0,POINT (-122.5181098 47.1712579),53053071808.0
WA,Skagit,Bow,98232.0,POINT (-122.4410546 48.5620007),53057951900.0
WA,Whatcom,Lummi Island,98262.0,POINT (-122.6888403 48.7199947),53073010900.0
WA,Spokane,Spokane,99208.0,POINT (-117.40725 47.718625),53063010601.0
WA,Skagit,Anacortes,98221.0,POINT (-122.615305 48.501275),53057940302.0
WA,Spokane,Spokane,99205.0,POINT (-117.42694 47.67946),53063001300.0
WA,Clark,Battle Ground,98604.0,POINT (-122.53218 45.77945),53011040416.0
WA,Kitsap,Kingston,98346.0,POINT (-122.50156 47.8019),53035090202.0
WA,Whatcom,Everson,98247.0,POINT (-122.357585 48.90942),53073010101.0
WA,Chelan,Wenatchee,98801.0,POINT (-120.32009 47.42255),53007960501.0
WA,King,Burien,98168.0,POINT (-122.286465 47.476),53033027100.0
WA,King,Shoreline,98177.0,POINT (-122.382425 47.77279),53033020800.0
WA,Spokane,Otis Orchards,99027.0,POINT (-117.10722 47.698585),53063010101.0
WA,Stevens,Nine Mile Falls,99026.0,POINT (-117.5967686 47.8204962),53065951402.0
WA,King,Kent,98032.0,POINT (-122.235475 47.3809),53033029101.0
WA,Clark,Ridgefield,98642.0,POINT (-122.74291 45.818445),53011040305.0
WA,King,Seattle,98119.0,POINT (-122.363815 47.63046),53033005901.0
WA,Snohomish,Lake Stevens,98258.0,POINT (-122.112265 48.0047),53061053603.0
WA,Snohomish,Everett,98201.0,POINT (-122.20722 47.979935),53061040100.0
WA,King,Kent,98031.0,POINT (-122.2012521 47.3931814),53033029305.0
WA,King,Renton,98058.0,POINT (-122.1298876 47.4451257),53033031800.0
WA,Snohomish,Mukilteo,98275.0,POINT (-122.299965 47.94171),53061042005.0
WA,Cowlitz,Castle Rock,98611.0,POINT (-122.90778 46.2744),53015002003.0
WA,King,Woodinville,98072.0,POINT (-122.151665 47.75855),53033032311.0
WA,King,Maple Valley,98059.0,POINT (-122.15734 47.487175),53033031904.0
WA,Clark,Battle Ground,98604.0,POINT (-122.53218 45.77945),53011040504.0
WA,Douglas,East Wenatchee,98802.0,POINT (-120.28619 47.417755),53017950300.0
WA,Spokane,Spokane,99202.0,POINT (-117.383045 47.661935),53063014500.0
WA,Pierce,Spanaway,98387.0,POINT (-122.435115 47.1045),53053071413.0
WA,Whatcom,Bellingham,98225.0,POINT (-122.486115 48.761615),53073001203.0
WA,King,North Bend,98045.0,POINT (-121.7814012 47.4935316),53033032705.0
WA,Pierce,Tacoma,98408.0,POINT (-122.438105 47.20322),53053063501.0
WA,Snohomish,Bothell,98021.0,POINT (-122.179458 47.802589),53061051914.0
WA,Thurston,Olympia,98502.0,POINT (-122.92145 47.045935),53067010510.0
WA,Pierce,Gig Harbor,98332.0,POINT (-122.589645 47.342345),53053072507.0
WA,Spokane,Spokane,99201.0,POINT (-117.431895 47.667155),53063003602.0
WA,Spokane,Spokane,99207.0,POINT (-117.39787 47.67936),53063001500.0
WA,Whatcom,Bellingham,98229.0,POINT (-122.4569227 48.7470973),53073000902.0
WA,Okanogan,Winthrop,98862.0,POINT (-120.1774093 48.4741766),53047970900.0
WA,King,Federal Way,98003.0,POINT (-122.31327 47.32329),53033030403.0
WA,Clallam,Sequim,98382.0,POINT (-123.105015 48.08104),53009001702.0
WA,Snohomish,Marysville,98270.0,POINT (-122.17673 48.05542),53061052905.0
WA,Whatcom,Custer,98240.0,POINT (-122.6410958 48.919121),53073010408.0
WA,Whatcom,Everson,98247.0,POINT (-122.357585 48.90942),53073010701.0
WA,Pierce,University Place,98467.0,POINT (-122.5404512 47.2074166),53053072313.0
WA,King,Kirkland,98033.0,POINT (-122.20264 47.6785),53033022402.0
WA,King,Seattle,98116.0,POINT (-122.38679 47.56484),53033010502.0
WA,Pacific,Naselle,98638.0,POINT (-123.8035716 46.3722551),53049950400.0
WA,Snohomish,Edmonds,98026.0,POINT (-122.335685 47.80372),53061050402.0
WA,King,Seattle,98117.0,POINT (-122.37275 47.68968),53033003400.0
WA,King,Bellevue,98027.0,POINT (-122.03646 47.534065),53033025008.0
WA,King,Seattle,98112.0,POINT (-122.306935 47.62441),53033007600.0
WA,Pierce,Tacoma,98407.0,POINT (-122.5113356 47.2923828),53053060400.0
WA,Skagit,Mount Vernon,98274.0,POINT (-122.32284 48.41653),53057952403.0
WA,Snohomish,Edmonds,98020.0,POINT (-122.37507 47.80807),53061050501.0
WA,Clark,Washougal,98671.0,POINT (-122.3538285 45.5838634),53011040605.0
WA,Snohomish,Granite Falls,98252.0,POINT (-121.96994 48.08334),53061053604.0
WA,Spokane,Spokane,99224.0,POINT (-117.460225 47.64927),53063010404.0
WA,King,Bellevue,98027.0,POINT (-122.03646 47.534065),53033024902.0
WA,Whatcom,Everson,98247.0,POINT (-122.357585 48.90942),53073010202.0
WA,King,Sammamish,98029.0,POINT (-121.999595 47.547635),53033032211.0
WA,Pierce,Gig Harbor,98335.0,POINT (-122.5835454 47.3234488),53053072409.0
WA,King,Bothell,98011.0,POINT (-122.20578 47.762405),53033021802.0
WA,Snohomish,Stanwood,98292.0,POINT (-122.3684051 48.2414921),53061053301.0
WA,Pierce,Steilacoom,98388.0,POINT (-122.5970685 47.1686632),53053072111.0
WA,Douglas,East Wenatchee,98802.0,POINT (-120.28619 47.417755),53017950400.0
WA,Yakima,White Swan,98952.0,POINT (-120.72956 46.377845),53077940003.0
WA,King,Shoreline,98155.0,POINT (-122.3175 47.7578146),53033020402.0
WA,Chelan,Manson,98831.0,POINT (-120.1531 47.885505),53007960400.0
WA,Pierce,Spanaway,98387.0,POINT (-122.435115 47.1045),53053073128.0
WA,King,Kent,98031.0,POINT (-122.2012521 47.3931814),53033029602.0
WA,Franklin,Pasco,99301.0,POINT (-119.0982 46.232395),53021020606.0
WA,San Juan,Shaw Island,98286.0,POINT (-122.9631224 48.5845356),53055960502.0
WA,King,Seatac,98188.0,POINT (-122.29179 47.43473),53033028402.0
WA,Spokane,Spokane,99223.0,POINT (-117.369705 47.62637),53063013401.0
WA,Kitsap,Bremerton,98310.0,POINT (-122.611365 47.575195),53035091800.0
WA,Snohomish,Everett,98208.0,POINT (-122.2247757 47.9156409),53061041500.0
WA,Snohomish,Marysville,98271.0,POINT (-122.1713847 48.10433),53061053101.0
WA,Walla Walla,College Place,99324.0,POINT (-118.38409 46.043895),53071920302.0
WA,Pierce,Tacoma,98445.0,POINT (-122.40872 47.165675),53053071412.0
WA,Whatcom,Sumas,98295.0,POINT (-122.26024 48.99634),53073010202.0
WA,King,Kent,98032.0,POINT (-122.235475 47.3809),53033029701.0
WA,King,Auburn,98001.0,POINT (-122.2849393 47.3384055),53033029902.0
WA,Stevens,Deer Park,99006.0,POINT (-117.47501 47.956285),53065951402.0
WA,Snohomish,Gold Bar,98251.0,POINT (-121.69427 47.858175),53061053801.0
WA,King,Seattle,98199.0,POINT (-122.394185 47.639195),53033005600.0
WA,Spokane,Colbert,99005.0,POINT (-117.4015511 47.8159901),53063010305.0
WA,King,Fall City,98024.0,POINT (-121.8947186 47.56345),53033032221.0
WA,King,Redmond,98053.0,POINT (-122.0370611 47.6887161),53033032326.0
WA,Island,Oak Harbor,98277.0,POINT (-122.67499 48.287295),53029970900.0
WA,King,Seattle,98104.0,POINT (-122.329075 47.6018),53033009300.0
WA,Thurston,Olympia,98513.0,POINT (-122.81709 46.988575),53067012610.0
WA,Spokane,Edwall,99008.0,POINT (-117.95109 47.5052517),53063014100.0
WA,Snohomish,Arlington,98223.0,POINT (-122.12324 48.19485),53061053508.0
WA,King,Seattle,98105.0,POINT (-122.319115 47.66132),53033004201.0
WA,Snohomish,Everett,98208.0,POINT (-122.2247757 47.9156409),53061041704.0
WA,Island,Oak Harbor,98277.0,POINT (-122.67499 48.287295),53029970300.0
WA,Whatcom,Deming,98244.0,POINT (-122.2147543 48.8233229),53073010103.0
WA,Snohomish,Bothell,98012.0,POINT (-122.1876761 47.820517),53061051927.0
WA,Stevens,Chewelah,99109.0,POINT (-117.722145 48.27719),53065951302.0
WA,King,Seattle,98117.0,POINT (-122.37275 47.68968),53033003302.0
WA,Grays Harbor,Hoquiam,98550.0,POINT (-123.8868787 46.9805308),53027001300.0
WA,Whatcom,Bellingham,98226.0,POINT (-122.45493 48.76809),53073000700.0
WA,Snohomish,Lynnwood,98037.0,POINT (-122.297265 47.84182),53061051601.0
WA,Lewis,Chehalis,98532.0,POINT (-122.96692 46.66113),53041971000.0
WA,Spokane,Cheney,99004.0,POINT (-117.57579 47.492775),53063014200.0
WA,Mason,Hoodsport,98548.0,POINT (-123.2021319 47.4168231),53045960201.0
WA,Snohomish,Arlington,98223.0,POINT (-122.12324 48.19485),53061053507.0
WA,Thurston,Olympia,98503.0,POINT (-122.8285 47.03646),53067011628.0
WA,Grays Harbor,Montesano,98563.0,POINT (-123.60535 46.982215),53027000401.0
NC,Moore,Southern Pines,28387.0,POINT (-79.3887 35.176905),37125950801.0
WA,Stevens,Loon Lake,99148.0,POINT (-117.63454 48.05954),53065951301.0
WA,Spokane,Spokane,99223.0,POINT (-117.369705 47.62637),53063005000.0
WA,Snohomish,Lynnwood,98037.0,POINT (-122.297265 47.84182),53061051701.0
WA,King,Maple Valley,98038.0,POINT (-122.05191 47.357985),53033031604.0
WA,King,Kirkland,98033.0,POINT (-122.20264 47.6785),53033022701.0
WA,King,Kirkland,98034.0,POINT (-122.209285 47.71124),53033022203.0
WA,Spokane,Spokane,99217.0,POINT (-117.35609 47.68401),53063014400.0
WA,King,Seattle,98144.0,POINT (-122.30823 47.581975),53033010101.0
WA,Pierce,Puyallup,98372.0,POINT (-122.28718 47.190465),53053073501.0
WA,Douglas,Orondo,98843.0,POINT (-120.19487 47.704215),53017950101.0
WA,Skagit,Anacortes,98221.0,POINT (-122.615305 48.501275),53057940700.0
WA,Okanogan,Mazama,98833.0,POINT (-120.405315 48.59203),53047970900.0
WA,Kitsap,Bainbridge Island,98110.0,POINT (-122.5235781 47.6293323),53035091002.0
WA,King,Kirkland,98034.0,POINT (-122.209285 47.71124),53033022300.0
WA,Whatcom,Nooksack,98276.0,POINT (-122.321835 48.927085),53073010201.0
WA,Pierce,Buckley,98321.0,POINT (-122.029685 47.161465),53053070205.0
WA,Clark,Camas,98607.0,POINT (-122.405565 45.59009),53011040605.0
WA,King,Seattle,98108.0,POINT (-122.326965 47.55015),53033010402.0
WA,Pierce,Tacoma,98404.0,POINT (-122.4096963 47.2174975),53053940006.0
WA,King,Seattle,98103.0,POINT (-122.34301 47.659185),53033005100.0
WA,King,Bellevue,98006.0,POINT (-122.16937 47.571015),53033024800.0
WA,Kitsap,Poulsbo,98370.0,POINT (-122.64177 47.737525),53035090201.0
WA,Pierce,University Place,98467.0,POINT (-122.5404512 47.2074166),53053072307.0
WA,King,Renton,98057.0,POINT (-122.21024 47.4797047),53033025704.0
WA,Lewis,Centralia,98531.0,POINT (-122.962555 46.716875),53041970700.0
WA,Whatcom,Bellingham,98229.0,POINT (-122.4569227 48.7470973),53073000808.0
WA,Kittitas,Ellensburg,98926.0,POINT (-120.544475 46.994),53037975700.0
WA,Grant,Moses Lake,98837.0,POINT (-119.2599876 47.1240154),53025011200.0
WA,Pierce,Tacoma,98408.0,POINT (-122.438105 47.20322),53053062502.0
WA,Franklin,Pasco,99301.0,POINT (-119.0982 46.232395),53021020501.0
WA,Pierce,Tacoma,98403.0,POINT (-122.460375 47.26455),53053061502.0
WA,King,Issaquah,98027.0,POINT (-122.03646 47.534065),53033032102.0
WA,Thurston,Yelm,98597.0,POINT (-122.61023 46.94126),53067012422.0
WA,King,Seattle,98136.0,POINT (-122.388675 47.5415),53033011602.0
WA,Cowlitz,Longview,98632.0,POINT (-122.9379953 46.1372997),53015000501.0
WA,Whatcom,Bellingham,98229.0,POINT (-122.4569227 48.7470973),53073000803.0
WA,Snohomish,Marysville,98270.0,POINT (-122.17673 48.05542),53061052904.0
WA,Pierce,Gig Harbor,98332.0,POINT (-122.589645 47.342345),53053072506.0
WA,Mason,Shelton,98584.0,POINT (-123.105305 47.211085),53045961000.0
WA,Thurston,Lacey,98513.0,POINT (-122.81709 46.988575),53067011622.0
WA,King,Kirkland,98033.0,POINT (-122.20264 47.6785),53033022604.0
WA,Benton,Kennewick,99336.0,POINT (-119.113535 46.204945),53005010902.0
WA,King,Kent,98030.0,POINT (-122.199755 47.37483),53033029701.0
WA,Skagit,Bow,98232.0,POINT (-122.4410546 48.5620007),53057950801.0
WA,Clark,Brush Prairie,98606.0,POINT (-122.5485715 45.7336587),53011040715.0
WA,Snohomish,Lynnwood,98037.0,POINT (-122.297265 47.84182),53061051802.0
WA,King,Seattle,98107.0,POINT (-122.378895 47.66905),53033004703.0
WA,King,Seattle,98136.0,POINT (-122.388675 47.5415),53033010501.0
NY,Ulster,Kingston,12401.0,POINT (-74.002205 41.93112),36111952200.0
WA,Snohomish,Lake Stevens,98258.0,POINT (-122.112265 48.0047),53061052506.0
WA,Thurston,Olympia,98501.0,POINT (-122.89692 47.043535),53067010700.0
WA,Pierce,Tacoma,98407.0,POINT (-122.5113356 47.2923828),53053060903.0
WA,Snohomish,Marysville,98270.0,POINT (-122.17673 48.05542),53061052711.0
WA,Spokane,Cheney,99004.0,POINT (-117.57579 47.492775),53063014100.0
WA,Okanogan,Tonasket,98855.0,POINT (-119.438935 48.70556),53047970303.0
WA,King,Auburn,98002.0,POINT (-122.222855 47.305065),53033030503.0
WA,King,Kent,98031.0,POINT (-122.2012521 47.3931814),53033029306.0
WA,Skagit,Mount Vernon,98273.0,POINT (-122.338975 48.41333),53057952700.0
WA,King,Seattle,98122.0,POINT (-122.30839 47.610365),53033008600.0
WA,Pierce,Graham,98338.0,POINT (-122.2953401 47.0763961),53053073130.0
WA,Snohomish,Mountlake Terrace,98043.0,POINT (-122.30842 47.78416),53061051929.0
WA,Jefferson,Port Ludlow,98365.0,POINT (-122.6872285 47.9281524),53031950301.0
WA,Snohomish,Bothell,98012.0,POINT (-122.1876761 47.820517),53061052008.0
WA,Cowlitz,Woodland,98674.0,POINT (-122.73125 45.923065),53015001504.0
WA,Snohomish,Woodinville,98077.0,POINT (-122.07326 47.75425),53061051912.0
WA,Franklin,Pasco,99301.0,POINT (-119.0982 46.232395),53021020504.0
WA,Snohomish,Everett,98208.0,POINT (-122.2247757 47.9156409),53061052010.0
WA,Kittitas,Ellensburg,98926.0,POINT (-120.544475 46.994),53037975404.0
WA,King,Seattle,98103.0,POINT (-122.34301 47.659185),53033004902.0
WA,Pierce,Lakebay,98349.0,POINT (-122.7658848 47.2739449),53053072602.0
WA,Skagit,Anacortes,98221.0,POINT (-122.615305 48.501275),53057940600.0
WA,King,Seattle,98108.0,POINT (-122.326965 47.55015),53033009300.0
WA,King,Seattle,98103.0,POINT (-122.34301 47.659185),53033001701.0
WA,Thurston,Tumwater,98501.0,POINT (-122.89692 47.043535),53067010801.0
WA,Island,Oak Harbor,98277.0,POINT (-122.67499 48.287295),53029970100.0
WA,Pierce,Puyallup,98374.0,POINT (-122.275748 47.1395924),53053073123.0
WA,Skagit,Mount Vernon,98274.0,POINT (-122.32284 48.41653),53057952700.0
WA,King,Seattle,98136.0,POINT (-122.388675 47.5415),53033010602.0
WA,Spokane,Cheney,99004.0,POINT (-117.57579 47.492775),53063013900.0
WA,Kitsap,Bainbridge Island,98110.0,POINT (-122.5235781 47.6293323),53035090700.0
WA,Snohomish,Lynnwood,98087.0,POINT (-122.2551991 47.8650827),53061042004.0
WA,King,Seattle,98105.0,POINT (-122.319115 47.66132),53033004302.0
WA,Snohomish,Everett,98204.0,POINT (-122.240535 47.91139),53061041905.0
WA,Snohomish,Lynnwood,98037.0,POINT (-122.297265 47.84182),53061051927.0
WA,Whatcom,Bellingham,98226.0,POINT (-122.45493 48.76809),53073000202.0
WA,Lewis,Napavine,98565.0,POINT (-122.9056795 46.57584759),53041971300.0
WA,Spokane,Spokane,99205.0,POINT (-117.42694 47.67946),53063001000.0
WA,Whatcom,Maple Falls,98266.0,POINT (-122.1486861 48.9492931),53073010102.0
WA,Clark,Camas,98607.0,POINT (-122.405565 45.59009),53011040604.0
WA,Clark,Vancouver,98664.0,POINT (-122.589388 45.6228731),53011041205.0
WA,King,Bellevue,98008.0,POINT (-122.11832 47.6245),53033023403.0
NC,Cumberland,Fayetteville,28312.0,POINT (-78.848979 35.0405922),37051002600.0
WA,Clallam,Port Angeles,98363.0,POINT (-123.46101 48.118925),53009000600.0
WA,King,Woodinville,98072.0,POINT (-122.151665 47.75855),53033032319.0
WA,Whatcom,Lynden,98264.0,POINT (-122.4584536 48.9461196),53073010302.0
WA,Spokane,Spokane,99208.0,POINT (-117.40725 47.718625),53063010507.0
WA,Pierce,Tacoma,98445.0,POINT (-122.40872 47.165675),53053071505.0
WA,King,Kirkland,98033.0,POINT (-122.20264 47.6785),53033022703.0
WA,Lewis,Chehalis,98532.0,POINT (-122.96692 46.66113),53041971100.0
WA,King,Kent,98031.0,POINT (-122.2012521 47.3931814),53033029504.0
WA,Pierce,Lakewood,98498.0,POINT (-122.547645 47.176685),53053072108.0
WA,Snohomish,Marysville,98271.0,POINT (-122.1713847 48.10433),53061052803.0
CA,Sonoma,Sonoma,95476.0,POINT (-122.464525 38.288405),6097150306.0
WA,Pierce,South Hill,98375.0,POINT (-122.3085456 47.1042426),53053073121.0
WA,Pierce,University Place,98466.0,POINT (-122.537565 47.231645),53053072310.0
WA,Grant,Ephrata,98823.0,POINT (-119.55513 47.31936),53025010402.0
WA,Pierce,Dupont,98327.0,POINT (-122.643815 47.097455),53053072801.0
WA,Pierce,Graham,98338.0,POINT (-122.2953401 47.0763961),53053073115.0
WA,Pierce,South Hill,98375.0,POINT (-122.3085456 47.1042426),53053073132.0
FL,Miami-Dade,Miami,33131.0,POINT (-80.190645 25.765985),12086006714.0
CA,San Diego,Oceanside,92056.0,POINT (-117.27047 33.21481),6073018515.0
WA,King,Auburn,98001.0,POINT (-122.2849393 47.3384055),53033030405.0
WA,Snohomish,Edmonds,98026.0,POINT (-122.335685 47.80372),53061050700.0
WA,King,Seattle,98118.0,POINT (-122.28339 47.549285),53033011700.0
WA,Grays Harbor,Aberdeen,98520.0,POINT (-123.8206 46.97789),53027001100.0
WA,Pierce,Bonney Lake,98391.0,POINT (-122.183805 47.18062),53053070314.0
WA,Mason,Grapeview,98546.0,POINT (-122.9529423 47.3248964),53045961200.0
WA,Snohomish,Lake Stevens,98258.0,POINT (-122.112265 48.0047),53061052607.0
WA,Skagit,Anacortes,98221.0,POINT (-122.615305 48.501275),53057940201.0
WA,Spokane,Spokane,99208.0,POINT (-117.40725 47.718625),53063010508.0
WA,Snohomish,Lynnwood,98036.0,POINT (-122.3164188 47.819664),53061051913.0
WA,Kitsap,Bremerton,98312.0,POINT (-122.65223 47.57192),53035080900.0
WA,King,Seattle,98121.0,POINT (-122.344125 47.61546),53033008003.0
WA,Pierce,Puyallup,98372.0,POINT (-122.28718 47.190465),53053073404.0
WA,Pierce,University Place,98466.0,POINT (-122.537565 47.231645),53053072307.0
WA,King,Redmond,98052.0,POINT (-122.12302 47.67668),53033022803.0
WA,Snohomish,Lynnwood,98087.0,POINT (-122.2551991 47.8650827),53061051928.0
WA,Clark,Vancouver,98662.0,POINT (-122.5918493 45.6617058),53011040709.0
WA,King,Maple Valley,98010.0,POINT (-122.00498 47.31187),53033031605.0
WA,Snohomish,Edmonds,98020.0,POINT (-122.37507 47.80807),53061050502.0
WA,Snohomish,Everett,98208.0,POINT (-122.2247757 47.9156409),53061041605.0
WA,Adams,Ritzville,99169.0,POINT (-118.376715 47.12569),53001950100.0
WA,Snohomish,Edmonds,98026.0,POINT (-122.335685 47.80372),53061050404.0
WA,King,Carnation,98014.0,POINT (-121.9105947 47.6483005),53033032402.0
WA,Yakima,Yakima,98901.0,POINT (-120.500225 46.6043),53077001702.0
WA,King,Bothell,98011.0,POINT (-122.20578 47.762405),53033021701.0
WA,Snohomish,Lynnwood,98087.0,POINT (-122.2551991 47.8650827),53061051804.0
WA,King,Renton,98055.0,POINT (-122.197 47.43876),53033026004.0
WA,Spokane,Nine Mile Falls,99026.0,POINT (-117.5967686 47.8204962),53063010404.0
WA,King,Auburn,98001.0,POINT (-122.2849393 47.3384055),53033029901.0
WA,Spokane,Newman Lake,99025.0,POINT (-117.06237 47.704775),53063013201.0
CA,San Bernardino,Apple Valley,92308.0,POINT (-117.24472 34.46089),6071009721.0
WA,Pierce,Spanaway,98387.0,POINT (-122.435115 47.1045),53053073114.0
CA,Santa Clara,Santa Clara,95054.0,POINT (-121.94589 37.385045),6085504903.0
WA,Clark,Vancouver,98685.0,POINT (-122.7033368 45.7042923),53011040904.0
WA,Kittitas,Snoqualmie Pass,98068.0,POINT (-121.3988798 47.392842),53037975101.0
WA,Lincoln,Sprague,99032.0,POINT (-117.97788 47.29733),53043960400.0
WA,King,Kirkland,98033.0,POINT (-122.20264 47.6785),53033022501.0
WA,Snohomish,Lynnwood,98087.0,POINT (-122.2551991 47.8650827),53061050102.0
WA,King,Seattle,98103.0,POINT (-122.34301 47.659185),53033001800.0
WA,Thurston,Olympia,98513.0,POINT (-122.81709 46.988575),53067011622.0
WA,Snohomish,Edmonds,98020.0,POINT (-122.37507 47.80807),53061050402.0
WA,Grant,Moses Lake,98837.0,POINT (-119.2599876 47.1240154),53025010904.0
WA,Kitsap,Silverdale,98383.0,POINT (-122.668076 47.665978),53035091206.0
WA,King,Kent,98042.0,POINT (-122.111625 47.36078),53033031707.0
WA,King,Covington,98042.0,POINT (-122.111625 47.36078),53033032005.0
WA,King,Seattle,98108.0,POINT (-122.326965 47.55015),53033026400.0
WA,Pierce,Eatonville,98328.0,POINT (-122.270565 46.86822),53053073117.0
WA,Spokane,Liberty Lake,99019.0,POINT (-117.0923638 47.6643385),53063013204.0
WA,Snohomish,Arlington,98223.0,POINT (-122.12324 48.19485),53061053506.0
WA,Snohomish,Lake Stevens,98258.0,POINT (-122.112265 48.0047),53061052711.0
WA,King,Renton,98042.0,POINT (-122.111625 47.36078),53033031800.0
WA,King,Kent,98042.0,POINT (-122.111625 47.36078),53033032006.0
WA,King,Enumclaw,98022.0,POINT (-121.98953 47.20347),53033031400.0
WA,King,Seattle,98115.0,POINT (-122.3185 47.67949),53033001900.0
WA,King,Kirkland,98034.0,POINT (-122.209285 47.71124),53033022204.0
WA,Island,Freeland,98249.0,POINT (-122.544745 48.03024),53029971302.0
WA,King,Maple Valley,98038.0,POINT (-122.05191 47.357985),53033032008.0
WA,Skagit,Sedro-Woolley,98284.0,POINT (-122.235035 48.503325),53057951000.0
WA,King,Redmond,98052.0,POINT (-122.12302 47.67668),53033032321.0
WA,Whatcom,Blaine,98230.0,POINT (-122.74499 48.99505),53073010410.0
WA,Benton,Richland,99352.0,POINT (-119.2952071 46.272495),53005010818.0
WA,Clark,Ridgefield,98642.0,POINT (-122.74291 45.818445),53011040304.0
WA,Thurston,Tumwater,98501.0,POINT (-122.89692 47.043535),53067011821.0
WA,Spokane,Elk,99009.0,POINT (-117.34985 48.017715),53063010201.0
WA,Thurston,Olympia,98502.0,POINT (-122.92145 47.045935),53067012002.0
WA,King,Kirkland,98034.0,POINT (-122.209285 47.71124),53033022205.0
WA,Spokane,Spokane,99207.0,POINT (-117.39787 47.67936),53063001800.0
WA,King,Renton,98059.0,POINT (-122.15734 47.487175),53033025602.0
WA,Island,Greenbank,98253.0,POINT (-122.6084879 48.0755577),53029971301.0
WA,Snohomish,Snohomish,98290.0,POINT (-122.091505 47.915555),53061052402.0
WA,Snohomish,Woodway,98020.0,POINT (-122.37507 47.80807),53061050600.0
WA,Clark,Camas,98607.0,POINT (-122.405565 45.59009),53011041400.0
WA,Snohomish,Everett,98208.0,POINT (-122.2247757 47.9156409),53061041703.0
WA,Pierce,Bonney Lake,98391.0,POINT (-122.183805 47.18062),53053070313.0
WA,King,Seattle,98104.0,POINT (-122.329075 47.6018),53033008102.0
WA,Clark,Vancouver,98662.0,POINT (-122.5918493 45.6617058),53011041107.0
WA,Pierce,Puyallup,98371.0,POINT (-122.299155 47.19178),53053940009.0
WA,King,Seattle,98105.0,POINT (-122.319115 47.66132),53033004202.0
WA,Whatcom,Bellingham,98225.0,POINT (-122.486115 48.761615),53073001000.0
WA,Thurston,Olympia,98503.0,POINT (-122.8285 47.03646),53067011200.0
WA,Clark,Camas,98607.0,POINT (-122.405565 45.59009),53011041325.0
WA,Whatcom,Lynden,98264.0,POINT (-122.4584536 48.9461196),53073010701.0
WA,Thurston,Olympia,98501.0,POINT (-122.89692 47.043535),53067011300.0
WA,Snohomish,Bothell,98021.0,POINT (-122.179458 47.802589),53061051913.0
WA,Thurston,Tumwater,98512.0,POINT (-122.9131017 47.0135926),53067010920.0
WA,King,Newcastle,98006.0,POINT (-122.16937 47.571015),53033025001.0
WA,Pierce,Puyallup,98375.0,POINT (-122.3085456 47.1042426),53053073131.0
WA,Snohomish,Snohomish,98290.0,POINT (-122.091505 47.915555),53061052203.0
WA,Snohomish,Snohomish,98296.0,POINT (-122.15134 47.8851158),53061051912.0
WA,Okanogan,Pateros,98846.0,POINT (-119.903265 48.05164),53047970800.0
WA,Snohomish,Mukilteo,98275.0,POINT (-122.299965 47.94171),53061041901.0
WA,Island,Camano Island,98282.0,POINT (-122.5310901 48.2192797),53029971400.0
WA,King,Federal Way,98003.0,POINT (-122.31327 47.32329),53033030006.0
WA,King,Renton,98058.0,POINT (-122.1298876 47.4451257),53033025702.0
WA,King,Federal Way,98023.0,POINT (-122.363215 47.3084),53033030201.0
WA,King,Seatac,98032.0,POINT (-122.235475 47.3809),53033028300.0
WA,King,Kent,98031.0,POINT (-122.2012521 47.3931814),53033029403.0
WA,Spokane,Spokane,99205.0,POINT (-117.42694 47.67946),53063001900.0
WA,Snohomish,Lynnwood,98037.0,POINT (-122.297265 47.84182),53061051500.0
WA,King,Seattle,98122.0,POINT (-122.30839 47.610365),53033007901.0
WA,Snohomish,Edmonds,98020.0,POINT (-122.37507 47.80807),53061050200.0
WA,Pierce,Puyallup,98374.0,POINT (-122.275748 47.1395924),53053073129.0
WA,Thurston,Olympia,98516.0,POINT (-122.7510253 47.08149),53067012330.0
WA,Clark,Vancouver,98682.0,POINT (-122.5146473 45.67862),53011041335.0
WA,Pierce,Joint Base Lewis Mcchord,98433.0,POINT (-122.596275 47.097005),53053072908.0
WA,Mason,Allyn,98524.0,POINT (-122.8386266 47.3819798),53045960403.0
WA,Thurston,Lacey,98516.0,POINT (-122.7510253 47.08149),53067012330.0
WA,King,Clyde Hill,98004.0,POINT (-122.201905 47.61385),53033024100.0
WA,King,Renton,98058.0,POINT (-122.1298876 47.4451257),53033029308.0
WA,Clallam,Sequim,98382.0,POINT (-123.105015 48.08104),53009002001.0
WA,Snohomish,Sultan,98294.0,POINT (-121.814825 47.868195),53061053803.0
WA,Whatcom,Bellingham,98226.0,POINT (-122.45493 48.76809),53073010701.0
WA,Snohomish,Lake Stevens,98258.0,POINT (-122.112265 48.0047),53061053505.0
WA,King,Woodinville,98077.0,POINT (-122.07326 47.75425),53033032327.0
WA,King,Seattle,98115.0,POINT (-122.3185 47.67949),53033002000.0
WA,Spokane,Spokane,99212.0,POINT (-117.288055 47.68043),53063011301.0
WA,Thurston,Olympia,98501.0,POINT (-122.89692 47.043535),53067011720.0
WA,King,Kirkland,98011.0,POINT (-122.20578 47.762405),53033022102.0
WA,Lewis,Chehalis,98532.0,POINT (-122.96692 46.66113),53041970100.0
WA,Kitsap,Poulsbo,98370.0,POINT (-122.64177 47.737525),53035090501.0
WA,King,Seattle,98118.0,POINT (-122.28339 47.549285),53033010302.0
WA,King,Kent,98030.0,POINT (-122.199755 47.37483),53033029508.0
WA,Pierce,South Hill,98374.0,POINT (-122.275748 47.1395924),53053073122.0
WA,Pierce,Puyallup,98371.0,POINT (-122.299155 47.19178),53053940010.0
WA,Benton,Kennewick,99336.0,POINT (-119.113535 46.204945),53005010901.0
WA,King,Seattle,98119.0,POINT (-122.363815 47.63046),53033006900.0
WA,Snohomish,Marysville,98270.0,POINT (-122.17673 48.05542),53061052710.0
WA,King,Seattle,98117.0,POINT (-122.37275 47.68968),53033001702.0
WA,Pierce,Tacoma,98402.0,POINT (-122.44131 47.25207),53053061602.0
WA,Snohomish,Snohomish,98290.0,POINT (-122.091505 47.915555),53061052302.0
WA,Spokane,Spokane,99207.0,POINT (-117.39787 47.67936),53063001600.0
WA,King,Shoreline,98155.0,POINT (-122.3175 47.7578146),53033020500.0
WA,Snohomish,Everett,98208.0,POINT (-122.2247757 47.9156409),53061052119.0
WA,Whatcom,Blaine,98230.0,POINT (-122.74499 48.99505),53073010408.0
WA,Whatcom,Bellingham,98225.0,POINT (-122.486115 48.761615),53073000501.0
WA,Pierce,Puyallup,98375.0,POINT (-122.3085456 47.1042426),53053073126.0
WA,Pierce,South Hill,98373.0,POINT (-122.2987976 47.13795),53053071304.0
WA,Clallam,Sequim,98382.0,POINT (-123.105015 48.08104),53009002302.0
WA,Mason,Allyn,98524.0,POINT (-122.8386266 47.3819798),53045960401.0
WA,Pierce,Tacoma,98405.0,POINT (-122.45153 47.251135),53053061100.0
WA,Pierce,Bonney Lake,98391.0,POINT (-122.183805 47.18062),53053070312.0
WA,King,Kirkland,98033.0,POINT (-122.20264 47.6785),53033022401.0
WA,Chelan,Leavenworth,98826.0,POINT (-120.6619153 47.5970083),53007960202.0
WA,Spokane,Spangle,99031.0,POINT (-117.37668 47.42844),53063014200.0
WA,Pacific,Raymond,98577.0,POINT (-123.72855 46.686115),53049950400.0
WA,Benton,Kennewick,99337.0,POINT (-119.14533 46.187395),53005011506.0
WA,Clark,Vancouver,98682.0,POINT (-122.5146473 45.67862),53011040604.0
WA,King,Sammamish,98075.0,POINT (-122.03309 47.58153),53033032216.0
WA,Snohomish,Everett,98201.0,POINT (-122.20722 47.979935),53061041500.0
WA,Pierce,Tacoma,98444.0,POINT (-122.43827 47.153995),53053063402.0
WA,Benton,West Richland,99353.0,POINT (-119.3535873 46.2778489),53005010807.0
WA,Chelan,Chelan,98816.0,POINT (-120.015875 47.839895),53007960303.0
WA,King,Tukwila,98188.0,POINT (-122.29179 47.43473),53033026200.0
WA,Kitsap,Port Orchard,98367.0,POINT (-122.6851642 47.506453),53035092101.0
WA,King,Seattle,98107.0,POINT (-122.378895 47.66905),53033004702.0
WA,King,Seattle,98121.0,POINT (-122.344125 47.61546),53033007202.0
WA,Benton,Kennewick,99338.0,POINT (-119.1973001 46.1911488),53005010811.0
WA,Pacific,Oysterville,98640.0,POINT (-124.04853 46.4972),53049950801.0
WA,Spokane,Spokane,99203.0,POINT (-117.425265 47.635365),53063004400.0
WA,Spokane,Spokane,99216.0,POINT (-117.21264 47.6587754),53063011400.0
WA,Pierce,Roy,98580.0,POINT (-122.522985 46.9876),53053073006.0
CA,San Diego,San Diego,92114.0,POINT (-117.0639064 32.6988967),6073003115.0
WA,Snohomish,Snohomish,98290.0,POINT (-122.091505 47.915555),53061053606.0
WA,Spokane,Spokane,99208.0,POINT (-117.40725 47.718625),53063010701.0
WA,King,Issaquah,98027.0,POINT (-122.03646 47.534065),53033032103.0
WA,Spokane,Chattaroy,99003.0,POINT (-117.357645 47.89189),53063010304.0
WA,Thurston,Olympia,98513.0,POINT (-122.81709 46.988575),53067012332.0
WA,Island,Freeland,98249.0,POINT (-122.544745 48.03024),53029971900.0
WA,Clark,Vancouver,98682.0,POINT (-122.5146473 45.67862),53011040713.0
WA,Clark,Battle Ground,98604.0,POINT (-122.53218 45.77945),53011040415.0
WA,Spokane,Spokane,99205.0,POINT (-117.42694 47.67946),53063000500.0
WA,King,Seattle,98102.0,POINT (-122.3223156 47.6402108),53033006600.0
WA,Spokane,Spokane,99217.0,POINT (-117.35609 47.68401),53063011302.0
WA,Chelan,Leavenworth,98826.0,POINT (-120.6619153 47.5970083),53007960203.0
WA,King,Enumclaw,98022.0,POINT (-121.98953 47.20347),53033031302.0
WA,Pierce,Tacoma,98444.0,POINT (-122.43827 47.153995),53053063502.0
WA,King,Renton,98178.0,POINT (-122.234385 47.494545),53033026101.0
WA,Clallam,Forks,98331.0,POINT (-124.2553016 47.80892),53009000300.0
WA,Spokane,Cheney,99004.0,POINT (-117.57579 47.492775),53063014002.0
FL,Orange,Winter Park,32792.0,POINT (-81.2868 28.60414),12095016406.0
WA,Whitman,Colfax,99111.0,POINT (-117.3631029 46.8783751),53075000800.0
WA,Thurston,Tumwater,98501.0,POINT (-122.89692 47.043535),53067011720.0
WA,King,Seattle,98109.0,POINT (-122.34848 47.632405),53033007301.0
WA,Snohomish,Marysville,98270.0,POINT (-122.17673 48.05542),53061052708.0
WA,King,Issaquah,98027.0,POINT (-122.03646 47.534065),53033025006.0
WA,Thurston,Olympia,98501.0,POINT (-122.89692 47.043535),53067011721.0
WA,Clark,Vancouver,98686.0,POINT (-122.6483953 45.7010427),53011040411.0
WA,King,Kent,98030.0,POINT (-122.199755 47.37483),53033029505.0
WA,Benton,Kennewick,99336.0,POINT (-119.113535 46.204945),53005010809.0
WA,Mason,Belfair,98528.0,POINT (-122.8551647 47.4495785),53045960302.0
NJ,Burlington,Lumberton,8048.0,POINT (-74.797895 39.979515),34005703103.0
WA,Skagit,Bow,98232.0,POINT (-122.4410546 48.5620007),53057950802.0
WA,Kittitas,Easton,98925.0,POINT (-121.1761632 47.24106),53037975101.0
WA,King,Issaquah,98027.0,POINT (-122.03646 47.534065),53033032002.0
WA,Grant,Moses Lake,98837.0,POINT (-119.2599876 47.1240154),53025011002.0
WA,King,Seattle,98178.0,POINT (-122.234385 47.494545),53033026004.0
WA,Grant,Quincy,98848.0,POINT (-119.8508676 47.2335835),53025010600.0
WA,Spokane,Spokane Valley,99212.0,POINT (-117.288055 47.68043),53063012100.0
WA,Clark,Battle Ground,98604.0,POINT (-122.53218 45.77945),53011040408.0
WA,King,Kent,98031.0,POINT (-122.2012521 47.3931814),53033029207.0
NC,Currituck,Moyock,27958.0,POINT (-76.17334 36.51923),37053110202.0
WA,Walla Walla,Walla Walla,99362.0,POINT (-118.34332 46.063985),53071920902.0
WA,Spokane,Medical Lake,99022.0,POINT (-117.6773 47.573335),53063013900.0
WA,Snohomish,Everett,98208.0,POINT (-122.2247757 47.9156409),53061041701.0
WA,King,Covington,98042.0,POINT (-122.111625 47.36078),53033031705.0
WA,Spokane,Greenacres,99016.0,POINT (-117.1407 47.673675),53063013102.0
WA,Snohomish,Lynnwood,98036.0,POINT (-122.3164188 47.819664),53061051401.0
WA,Clark,Vancouver,98664.0,POINT (-122.589388 45.6228731),53011041208.0
WA,Whatcom,Bellingham,98225.0,POINT (-122.486115 48.761615),53073001202.0
WA,King,Seattle,98115.0,POINT (-122.3185 47.67949),53033002200.0
WA,King,Kent,98031.0,POINT (-122.2012521 47.3931814),53033029506.0
WA,Whatcom,Bellingham,98229.0,POINT (-122.4569227 48.7470973),53073001101.0
WA,Grant,Electric City,99123.0,POINT (-119.0352296 47.9315504),53025010100.0
WA,Thurston,Olympia,98513.0,POINT (-122.81709 46.988575),53067011623.0
WA,Pierce,South Hill,98375.0,POINT (-122.3085456 47.1042426),53053073131.0
WA,Pierce,Tacoma,98406.0,POINT (-122.490985 47.26365),53053061200.0
WA,Pierce,Orting,98360.0,POINT (-122.2032237 47.0942956),53053070404.0
WA,Walla Walla,Walla Walla,99362.0,POINT (-118.34332 46.063985),53071920901.0
WA,King,Renton,98058.0,POINT (-122.1298876 47.4451257),53033029304.0
WA,Cowlitz,Ariel,98603.0,POINT (-122.358279 45.9897564),53015001501.0
WA,King,Renton,98055.0,POINT (-122.197 47.43876),53033026003.0
CA,Santa Clara,San Jose,95131.0,POINT (-121.87628 37.38175),6085504317.0
WA,Asotin,Clarkston,99403.0,POINT (-117.045685 46.4163),53003960100.0
WA,Spokane,Veradale,99037.0,POINT (-117.19651 47.65942),53063013001.0
WA,Lewis,Winlock,98596.0,POINT (-122.94 46.491135),53041971600.0
VA,Chesapeake,Chesapeake,23321.0,POINT (-76.41109 36.82498),51550021507.0
WA,Skagit,Burlington,98233.0,POINT (-122.33079 48.474765),53057951600.0
WA,Kittitas,Roslyn,98941.0,POINT (-120.994415 47.222225),53037975104.0
WA,King,Seatac,98198.0,POINT (-122.3219166 47.4013897),53033028300.0
WA,Snohomish,Woodinville,98072.0,POINT (-122.151665 47.75855),53061052107.0
WA,Spokane,Spokane,99208.0,POINT (-117.40725 47.718625),53063010603.0
BC,King,Seattle,Unknown,POINT (-122.12302 47.67668),Unknown
WA,Spokane,Deer Park,99006.0,POINT (-117.47501 47.956285),53063010301.0
WA,Snohomish,Snohomish,98290.0,POINT (-122.091505 47.915555),53061052502.0
WA,Snohomish,Gold Bar,98251.0,POINT (-121.69427 47.858175),53061053803.0
WA,King,Kirkland,98033.0,POINT (-122.20264 47.6785),53033022603.0
WA,Snohomish,Bothell,98021.0,POINT (-122.179458 47.802589),53061051932.0
CA,Alameda,Berkeley,94710.0,POINT (-122.298305 37.873415),6001423200.0
WA,King,Mercer Island,98040.0,POINT (-122.2377542 47.582905),53033024302.0
WA,King,Seattle,98106.0,POINT (-122.356145 47.52104),53033010800.0
WA,Kitsap,Bremerton,98337.0,POINT (-122.635905 47.57097),53035080500.0
WA,Pierce,Tacoma,98445.0,POINT (-122.40872 47.165675),53053071601.0
WA,King,Enumclaw,98022.0,POINT (-121.98953 47.20347),53033031202.0
WA,Pierce,Tacoma,98445.0,POINT (-122.40872 47.165675),53053071603.0
WA,Skagit,Mount Vernon,98274.0,POINT (-122.32284 48.41653),53057952404.0
WA,Pend Oreille,Usk,99180.0,POINT (-117.2823094 48.312794),53051970200.0
WA,King,Issaquah,98027.0,POINT (-122.03646 47.534065),53033032104.0
WA,Spokane,Nine Mile Falls,99026.0,POINT (-117.5967686 47.8204962),53063010601.0
WA,Thurston,Olympia,98512.0,POINT (-122.9131017 47.0135926),53067011000.0
WA,Whatcom,Bellingham,98226.0,POINT (-122.45493 48.76809),53073010600.0
WA,Jefferson,Port Townsend,98368.0,POINT (-122.7644197 48.1195874),53031950502.0
WA,Benton,Richland,99352.0,POINT (-119.2952071 46.272495),53005010300.0
WA,Kitsap,Olalla,98359.0,POINT (-122.54483 47.41801),53035092802.0
WA,King,Seattle,98144.0,POINT (-122.30823 47.581975),53033009500.0
HI,Honolulu,Honolulu,96818.0,POINT (-157.9124 21.343675),15003006900.0
WA,Klickitat,Husum,98672.0,POINT (-121.48347 45.72977),53039950302.0
WA,King,Seattle,98125.0,POINT (-122.296385 47.71558),53033000700.0
WA,Pierce,Tacoma,98444.0,POINT (-122.43827 47.153995),53053071504.0
WA,Clallam,Port Angeles,98362.0,POINT (-123.424865 48.110695),53009001400.0
WA,Clark,Vancouver,98662.0,POINT (-122.5918493 45.6617058),53011041104.0
WA,Grays Harbor,Elma,98541.0,POINT (-123.410105 47.00679),53027000501.0
WA,Lewis,Chehalis,98532.0,POINT (-122.96692 46.66113),53041970800.0
WA,Thurston,Olympia,98506.0,POINT (-122.8874781 47.0519573),53067012100.0
WA,Pierce,Tacoma,98406.0,POINT (-122.490985 47.26365),53053060500.0
WA,Pacific,Seaview,98644.0,POINT (-124.05586 46.331995),53049950502.0
WA,Snohomish,Edmonds,98026.0,POINT (-122.335685 47.80372),53061051500.0
WA,King,Redmond,98052.0,POINT (-122.12302 47.67668),53033022605.0
WA,Whatcom,Lynden,98264.0,POINT (-122.4584536 48.9461196),53073010202.0
WA,King,Seattle,98107.0,POINT (-122.378895 47.66905),53033003202.0
WA,Klickitat,Goldendale,98620.0,POINT (-120.82557 45.821475),53039950103.0
WA,Pierce,Graham,98338.0,POINT (-122.2953401 47.0763961),53053073005.0
WA,Kitsap,Port Orchard,98367.0,POINT (-122.6851642 47.506453),53035092102.0
WA,King,Seattle,98108.0,POINT (-122.326965 47.55015),53033010401.0
WA,Clark,Brush Prairie,98606.0,POINT (-122.5485715 45.7336587),53011040603.0
WA,Grays Harbor,Ocean Shores,98569.0,POINT (-124.1599804 47.0075271),53027000201.0
WA,Clark,Vancouver,98665.0,POINT (-122.66592 45.678565),53011041005.0
WA,King,Seattle,98116.0,POINT (-122.38679 47.56484),53033010501.0
WA,Snohomish,Marysville,98270.0,POINT (-122.17673 48.05542),53061052810.0
WA,Jefferson,Port Townsend,98368.0,POINT (-122.7644197 48.1195874),53031950501.0
WA,Benton,Kennewick,99338.0,POINT (-119.1973001 46.1911488),53005010814.0
WA,Pierce,Tacoma,98404.0,POINT (-122.4096963 47.2174975),53053062300.0
WA,Island,Langley,98260.0,POINT (-122.408015 48.03557),53029971800.0
WA,Franklin,Pasco,99301.0,POINT (-119.0982 46.232395),53021020101.0
WA,Kitsap,Silverdale,98315.0,POINT (-122.7061052 47.68848),53035090300.0
WA,Chelan,Cashmere,98815.0,POINT (-120.4687 47.5173233),53007960600.0
WA,Snohomish,Everett,98203.0,POINT (-122.213105 47.95479),53061041304.0
WA,Thurston,Olympia,98506.0,POINT (-122.8874781 47.0519573),53067012223.0
WA,King,Bellevue,98004.0,POINT (-122.201905 47.61385),53033023806.0
WA,Snohomish,Arlington,98223.0,POINT (-122.12324 48.19485),53061052701.0
WA,Thurston,Lacey,98516.0,POINT (-122.7510253 47.08149),53067012226.0
WA,Snohomish,Everett,98203.0,POINT (-122.213105 47.95479),53061041202.0
WA,King,Covington,98042.0,POINT (-122.111625 47.36078),53033032007.0
WA,Snohomish,Mill Creek,98012.0,POINT (-122.1876761 47.820517),53061052008.0
WA,Pierce,Graham,98338.0,POINT (-122.2953401 47.0763961),53053073114.0
WA,Snohomish,Snohomish,98296.0,POINT (-122.15134 47.8851158),53061041610.0
WA,King,Sammamish,98075.0,POINT (-122.03309 47.58153),53033032211.0
WA,King,Bellevue,98004.0,POINT (-122.201905 47.61385),53033024002.0
WA,Kitsap,Port Orchard,98367.0,POINT (-122.6851642 47.506453),53035092704.0
WA,Clark,Washougal,98671.0,POINT (-122.3538285 45.5838634),53011040510.0
WA,King,Seattle,98134.0,POINT (-122.329815 47.57981),53033009300.0
WA,King,Seattle,98117.0,POINT (-122.37275 47.68968),53033001600.0
WA,King,Mercer Island,98040.0,POINT (-122.2377542 47.582905),53033024601.0
WA,King,Seattle,98118.0,POINT (-122.28339 47.549285),53033011801.0
WA,Clark,Camas,98607.0,POINT (-122.405565 45.59009),53011041328.0
WA,Skamania,Washougal,98671.0,POINT (-122.3538285 45.5838634),53059950200.0
WA,Pierce,Graham,98338.0,POINT (-122.2953401 47.0763961),53053073119.0
WA,King,Bellevue,98004.0,POINT (-122.201905 47.61385),53033023901.0
WA,Pierce,Tacoma,98402.0,POINT (-122.44131 47.25207),53053061501.0
TX,Wilson,La Vernia,78121.0,POINT (-98.1196 29.354035),48493000104.0
WA,Whatcom,Lynden,98264.0,POINT (-122.4584536 48.9461196),53073010301.0
WA,King,Bellevue,98006.0,POINT (-122.16937 47.571015),53033025006.0
WA,Whitman,Pullman,99163.0,POINT (-117.17912 46.730885),53075000100.0
WA,Thurston,Olympia,98504.0,POINT (-122.89166 47.03956),53067010100.0
WA,Thurston,Rainier,98576.0,POINT (-122.6898776 46.8908492),53067012530.0
WA,Clark,Vancouver,98685.0,POINT (-122.7033368 45.7042923),53011040908.0
WA,Pierce,Tacoma,98408.0,POINT (-122.438105 47.20322),53053062501.0
CA,San Diego,Chula Vista,91913.0,POINT (-116.979155 32.627645),6073013317.0
WA,Chelan,Cashmere,98815.0,POINT (-120.4687 47.5173233),53007960502.0
WA,King,Seattle,98104.0,POINT (-122.329075 47.6018),53033009200.0
WA,Snohomish,Everett,98201.0,POINT (-122.20722 47.979935),53061040400.0
WA,Pierce,Sumner,98390.0,POINT (-122.23825 47.201625),53053070312.0
WA,King,Maple Valley,98038.0,POINT (-122.05191 47.357985),53033032005.0
WA,King,Issaquah,98027.0,POINT (-122.03646 47.534065),53033032221.0
WA,Snohomish,Everett,98201.0,POINT (-122.20722 47.979935),53061040300.0
WA,Jefferson,Port Townsend,98368.0,POINT (-122.7644197 48.1195874),53031950400.0
WA,Clallam,Forks,98331.0,POINT (-124.2553016 47.80892),53009002400.0
WA,King,Skykomish,98288.0,POINT (-121.357795 47.708165),53033032800.0
WA,Adams,Othello,99344.0,POINT (-119.168765 46.826175),53001950500.0
WA,King,Seattle,98106.0,POINT (-122.356145 47.52104),53033011401.0
AZ,Maricopa,Scottsdale,85250.0,POINT (-111.9159524 33.5173207),4013216901.0
WA,Pierce,Tacoma,98421.0,POINT (-122.40594 47.261725),53053060200.0
WA,Snohomish,Bothell,98012.0,POINT (-122.1876761 47.820517),53061052009.0
WA,King,Redmond,98052.0,POINT (-122.12302 47.67668),53033032325.0
WA,King,Bellevue,98005.0,POINT (-122.16085 47.624515),53033023500.0
WA,Snohomish,Snohomish,98290.0,POINT (-122.091505 47.915555),53061052607.0
WA,King,Mercer Island,98040.0,POINT (-122.2377542 47.582905),53033024602.0
WA,Clark,Vancouver,98663.0,POINT (-122.666325 45.641205),53011041011.0
WA,Lewis,Centralia,98531.0,POINT (-122.962555 46.716875),53041970400.0
WA,Pierce,Buckley,98321.0,POINT (-122.029685 47.161465),53053070207.0
WA,Snohomish,Brier,98036.0,POINT (-122.3164188 47.819664),53061051929.0
WA,King,Seattle,98122.0,POINT (-122.30839 47.610365),53033008700.0
CA,Los Angeles,Los Angeles,90064.0,POINT (-118.4430083 34.0296561),6037267800.0
WA,King,Seattle,98133.0,POINT (-122.34584 47.76726),53033001702.0
WA,Thurston,Olympia,98506.0,POINT (-122.8874781 47.0519573),53067010200.0
WA,King,Seattle,98102.0,POINT (-122.3223156 47.6402108),53033007501.0
WA,Stevens,Springdale,99173.0,POINT (-117.74368 48.05388),53065951100.0
WA,King,Seattle,98126.0,POINT (-122.37439 47.54468),53033009600.0
WA,Whitman,Palouse,99161.0,POINT (-117.07428 46.91147),53075000700.0
WA,Pierce,Tacoma,98406.0,POINT (-122.490985 47.26365),53053060908.0
WA,Pierce,Graham,98338.0,POINT (-122.2953401 47.0763961),53053073117.0
WA,King,Seattle,98101.0,POINT (-122.33589 47.61099),53033008402.0
WA,King,Bellevue,98004.0,POINT (-122.201905 47.61385),53033023808.0
WA,King,Kent,98031.0,POINT (-122.2012521 47.3931814),53033029406.0
WA,Snohomish,Woodinville,98072.0,POINT (-122.151665 47.75855),53061051926.0
WA,King,Federal Way,98003.0,POINT (-122.31327 47.32329),53033030404.0
WA,Pierce,Lakewood,98499.0,POINT (-122.5181098 47.1712579),53053071807.0
WA,King,Kirkland,98034.0,POINT (-122.209285 47.71124),53033022006.0
WA,Klickitat,Trout Lake,98650.0,POINT (-121.5317803 45.9914877),53039950302.0
WA,Pierce,Tacoma,98404.0,POINT (-122.4096963 47.2174975),53053063301.0
WA,Pacific,South Bend,98586.0,POINT (-123.81213 46.66546),53049950301.0
WA,King,Kent,98042.0,POINT (-122.111625 47.36078),53033031704.0
WA,King,Seattle,98107.0,POINT (-122.378895 47.66905),53033003301.0
WA,Pierce,Sumner,98390.0,POINT (-122.23825 47.201625),53053070401.0
WA,Grays Harbor,Montesano,98563.0,POINT (-123.60535 46.982215),53027000402.0
WA,King,Seattle,98133.0,POINT (-122.34584 47.76726),53033000403.0
WA,Pierce,Puyallup,98375.0,POINT (-122.3085456 47.1042426),53053073121.0
WA,Snohomish,Sultan,98294.0,POINT (-121.814825 47.868195),53061053802.0
WA,Mason,Elma,98541.0,POINT (-123.410105 47.00679),53045960202.0
WA,Snohomish,Lynnwood,98037.0,POINT (-122.297265 47.84182),53061051928.0
WA,Snohomish,Arlington,98223.0,POINT (-122.12324 48.19485),53061053511.0
WA,King,Renton,98056.0,POINT (-122.180505 47.500055),53033025304.0
WA,Pierce,Graham,98338.0,POINT (-122.2953401 47.0763961),53053073124.0
WA,Thurston,Lacey,98503.0,POINT (-122.8285 47.03646),53067011626.0
WA,King,Auburn,98092.0,POINT (-122.1820969 47.3198995),53033029602.0
WA,King,Seattle,98199.0,POINT (-122.394185 47.639195),53033005801.0
WA,Pierce,South Hill,98373.0,POINT (-122.2987976 47.13795),53053071206.0
WA,King,Seattle,98115.0,POINT (-122.3185 47.67949),53033003800.0
WA,Pierce,Spanaway,98387.0,POINT (-122.435115 47.1045),53053071414.0
WA,Stevens,Colville,99114.0,POINT (-117.90431 48.547075),53065950600.0
TX,Tarrant,Southlake,76092.0,POINT (-97.13019 32.944485),48439113908.0
WA,Spokane,Spokane,99206.0,POINT (-117.2459114 47.6525293),53063012402.0
WA,Pierce,Anderson Island,98303.0,POINT (-122.68607 47.158295),53053072603.0
WA,Pierce,Puyallup,98373.0,POINT (-122.2987976 47.13795),53053071304.0
WA,King,Shoreline,98155.0,POINT (-122.3175 47.7578146),53033020600.0
WA,Pacific,Long Beach,98634.0,POINT (-122.12302 47.67668),53049950501.0
WA,Spokane,Spokane,99217.0,POINT (-117.35609 47.68401),53063011202.0
WA,Pierce,Tacoma,98409.0,POINT (-122.47913 47.2198),53053072312.0
WA,Pierce,Bonney Lake,98391.0,POINT (-122.183805 47.18062),53053070311.0
WA,San Juan,Olga,98279.0,POINT (-122.791154 48.6391921),53055960101.0
WA,King,Kent,98032.0,POINT (-122.235475 47.3809),53033030003.0
WA,Snohomish,Woodinville,98072.0,POINT (-122.151665 47.75855),53061051938.0
WA,King,Seattle,98104.0,POINT (-122.329075 47.6018),53033008500.0
VA,Charlottesville,Charlottesville,22903.0,POINT (-78.492625 38.03456),51540000700.0
VA,Newport News,Newport News,23602.0,POINT (-76.525085 37.115725),51700032131.0
WA,Pierce,Elbe,98330.0,POINT (-122.1438091 46.7596404),53053073200.0
WA,Grays Harbor,Aberdeen,98520.0,POINT (-123.8206 46.97789),53027000300.0
CA,Napa,Napa,94559.0,POINT (-122.291095 38.300505),6055200201.0
WA,Lewis,Chehalis,98532.0,POINT (-122.96692 46.66113),53041970200.0
WA,King,Seattle,98115.0,POINT (-122.3185 47.67949),53033004000.0
WA,Kitsap,Bremerton,98311.0,POINT (-122.6468815 47.6344364),53035091600.0
CA,Santa Clara,San Jose,95112.0,POINT (-121.894705 37.353305),6085503122.0
WA,King,Seattle,98118.0,POINT (-122.28339 47.549285),53033010200.0
WA,Snohomish,Marysville,98270.0,POINT (-122.17673 48.05542),53061052903.0
WA,Spokane,Spokane,99207.0,POINT (-117.39787 47.67936),53063001400.0
WA,Lewis,Chehalis,98532.0,POINT (-122.96692 46.66113),53041971502.0
WA,King,Seattle,98101.0,POINT (-122.33589 47.61099),53033007302.0
WA,Pierce,Lakebay,98349.0,POINT (-122.7658848 47.2739449),53053072603.0
WA,King,Seattle,98144.0,POINT (-122.30823 47.581975),53033010002.0
WA,Cowlitz,Longview,98632.0,POINT (-122.9379953 46.1372997),53015000703.0
WA,Grays Harbor,Grayland,98547.0,POINT (-124.084295 46.746475),53027001602.0
WA,Okanogan,Winthrop,98862.0,POINT (-120.1774093 48.4741766),53047971000.0
WA,Pierce,Tacoma,98405.0,POINT (-122.45153 47.251135),53053061200.0
WA,Pierce,Tacoma,98444.0,POINT (-122.43827 47.153995),53053071707.0
WA,King,Seattle,98106.0,POINT (-122.356145 47.52104),53033011402.0
WA,Clallam,Port Angeles,98363.0,POINT (-123.46101 48.118925),53009001500.0
WA,King,Tukwila,98188.0,POINT (-122.29179 47.43473),53033028200.0
WA,Yakima,Yakima,98908.0,POINT (-120.6027202 46.5965625),53077000402.0
WA,Skagit,Mount Vernon,98273.0,POINT (-122.338975 48.41333),53057952303.0
WA,Yakima,Yakima,98901.0,POINT (-120.500225 46.6043),53077001504.0
WA,Skagit,Sedro Woolley,98284.0,POINT (-122.235035 48.503325),53057951503.0
WA,Clark,La Center,98629.0,POINT (-122.6706246 45.8662548),53011040201.0
CO,Larimer,Timnath,80547.0,POINT (-104.956105 40.50794),8069002505.0
WA,Kitsap,Port Orchard,98366.0,POINT (-122.639265 47.5373),53035092400.0
WA,Whatcom,Lynden,98264.0,POINT (-122.4584536 48.9461196),53073010303.0
WA,King,Seattle,98133.0,POINT (-122.34584 47.76726),53033000602.0
WA,King,Black Diamond,98010.0,POINT (-122.00498 47.31187),53033031605.0
WA,King,Algona,98001.0,POINT (-122.2849393 47.3384055),53033030901.0
WA,King,Seattle,98115.0,POINT (-122.3185 47.67949),53033002100.0
WA,Pierce,Dupont,98327.0,POINT (-122.643815 47.097455),53053072802.0
WA,Pierce,Ashford,98304.0,POINT (-122.01843 46.756945),53053073200.0
WA,Pierce,Tacoma,98444.0,POINT (-122.43827 47.153995),53053071503.0
MD,Charles,Hughesville,20637.0,POINT (-76.78444 38.53366),24017851402.0
WA,Spokane,Spokane,99205.0,POINT (-117.42694 47.67946),53063001200.0
WA,Snohomish,Edmonds,98026.0,POINT (-122.335685 47.80372),53061050102.0
WA,Walla Walla,College Place,99324.0,POINT (-118.38409 46.043895),53071920301.0
NJ,Hudson,Jersey City,7302.0,POINT (-74.0465 40.722015),34017007601.0
WA,Island,Clinton,98236.0,POINT (-122.359364 47.9796552),53029971800.0
WA,Clark,Vancouver,98665.0,POINT (-122.66592 45.678565),53011040810.0
WA,King,Seattle,98126.0,POINT (-122.37439 47.54468),53033010701.0
CA,Santa Clara,Mountain View,94043.0,POINT (-122.09304 37.412825),6085509109.0
AR,Pulaski,Little Rock,72207.0,POINT (-92.338925 34.770285),5119002203.0
WA,Thurston,Olympia,98512.0,POINT (-122.9131017 47.0135926),53067011822.0
WA,Thurston,Olympia,98503.0,POINT (-122.8285 47.03646),53067011627.0
WA,Pierce,Puyallup,98372.0,POINT (-122.28718 47.190465),53053940010.0
WA,Kitsap,Bremerton,98311.0,POINT (-122.6468815 47.6344364),53035091900.0
WA,Grant,Moses Lake,98837.0,POINT (-119.2599876 47.1240154),53025010901.0
WA,Spokane,Spokane,99205.0,POINT (-117.42694 47.67946),53063000700.0
WA,Thurston,Tumwater,98512.0,POINT (-122.9131017 47.0135926),53067010910.0
WA,Island,Oak Harbor,98277.0,POINT (-122.67499 48.287295),53029970401.0
WA,King,Snoqualmie,98065.0,POINT (-121.8740496 47.5345546),53033032703.0
WA,Okanogan,Brewster,98812.0,POINT (-119.783035 48.097155),53047970800.0
AZ,Yavapai,Sedona,86351.0,POINT (-111.75793 34.78297),4025001703.0
WA,King,Kenmore,98028.0,POINT (-122.2504747 47.7617128),53033022101.0
WA,Thurston,Olympia,98502.0,POINT (-122.92145 47.045935),53067012001.0
WA,King,Seattle,98115.0,POINT (-122.3185 47.67949),53033004201.0
WA,Okanogan,Mazama,98862.0,POINT (-120.1774093 48.4741766),53047970900.0
WA,Kitsap,Bainbridge Island,98110.0,POINT (-122.5235781 47.6293323),53035090800.0
WA,Spokane,Spokane,99204.0,POINT (-117.43167 47.64724),53063003200.0
WA,King,Seattle,98101.0,POINT (-122.33589 47.61099),53033008101.0
WA,Pierce,Tacoma,98418.0,POINT (-122.439165 47.22468),53053062400.0
WA,King,Tukwila,98188.0,POINT (-122.29179 47.43473),53033028300.0
WA,Skagit,Sedro-Woolley,98284.0,POINT (-122.235035 48.503325),53057951501.0
WA,Spokane,Spokane,99224.0,POINT (-117.460225 47.64927),53063010403.0
WA,Clark,Vancouver,98684.0,POINT (-122.51692 45.6228),53011041335.0
WA,Spokane,Spokane,99218.0,POINT (-117.411805 47.745795),53063010902.0
WA,Pierce,Tacoma,98404.0,POINT (-122.4096963 47.2174975),53053063302.0
WA,King,Seattle,98109.0,POINT (-122.34848 47.632405),53033006703.0
WA,Pierce,Eatonville,98328.0,POINT (-122.270565 46.86822),53053073006.0
WA,Snohomish,Lake Stevens,98258.0,POINT (-122.112265 48.0047),53061052603.0
WA,Spokane,Spokane Valley,99206.0,POINT (-117.2459114 47.6525293),53063011702.0
WA,King,Enumclaw,98022.0,POINT (-121.98953 47.20347),53033031301.0
WA,Benton,Richland,99352.0,POINT (-119.2952071 46.272495),53005010807.0
WA,Skagit,Mount Vernon,98273.0,POINT (-122.338975 48.41333),53057952301.0
WA,Pacific,Ilwaco,98624.0,POINT (-124.03897 46.30954),53049950502.0
WA,Franklin,Pasco,99301.0,POINT (-119.0982 46.232395),53021020202.0
WA,King,Kent,98030.0,POINT (-122.199755 47.37483),53033029504.0
WA,King,Woodinville,98072.0,POINT (-122.151665 47.75855),53033021906.0
WA,Skagit,Sedro-Woolley,98284.0,POINT (-122.235035 48.503325),53057951502.0
WA,Mason,Tahuya,98588.0,POINT (-122.98528 47.438745),53045960301.0
WA,Snohomish,Snohomish,98290.0,POINT (-122.091505 47.915555),53061052401.0
WA,King,Seattle,98103.0,POINT (-122.34301 47.659185),53033002900.0
WA,Snohomish,Everett,98203.0,POINT (-122.213105 47.95479),53061041400.0
WA,Spokane,Newman Lake,99025.0,POINT (-117.06237 47.704775),53063010102.0
WA,King,Renton,98058.0,POINT (-122.1298876 47.4451257),53033031910.0
WA,Pierce,Parkland,98446.0,POINT (-122.377475 47.096645),53053071306.0
WA,Spokane,Spokane,99208.0,POINT (-117.40725 47.718625),53063011000.0
WA,Clark,Vancouver,98682.0,POINT (-122.5146473 45.67862),53011040712.0
WA,Benton,Kennewick,99337.0,POINT (-119.14533 46.187395),53005011505.0
WA,King,Seattle,98106.0,POINT (-122.356145 47.52104),53033026600.0
WA,Spokane,Veradale,99037.0,POINT (-117.19651 47.65942),53063012902.0
WA,Chelan,Peshastin,98847.0,POINT (-120.60008 47.568765),53007960502.0
CA,Placer,Roseville,95661.0,POINT (-121.27206 38.731565),6061020717.0
WA,Snohomish,Bothell,98021.0,POINT (-122.179458 47.802589),53061051936.0
WA,Benton,Kennewick,99336.0,POINT (-119.113535 46.204945),53005011001.0
WA,Spokane,Greenacres,99019.0,POINT (-117.0923638 47.6643385),53063013101.0
WA,King,Mercer Island,98040.0,POINT (-122.2377542 47.582905),53033024400.0
WA,King,Renton,98056.0,POINT (-122.180505 47.500055),53033025601.0
WA,Thurston,Lacey,98503.0,POINT (-122.8285 47.03646),53067011422.0
WA,Whatcom,Bellingham,98229.0,POINT (-122.4569227 48.7470973),53073000809.0
WA,King,Sammamish,98074.0,POINT (-122.0313266 47.6285782),53033032217.0
WA,Spokane,Fairchild Air Force Base,99011.0,POINT (-117.6673524 47.6263925),53063013800.0
WA,Snohomish,Arlington,98223.0,POINT (-122.12324 48.19485),53061053505.0
CA,Riverside,Indio,92201.0,POINT (-116.21818 33.71927),6065045606.0
WA,Jefferson,Port Hadlock,98339.0,POINT (-122.7759694 48.041403),53031950302.0
WA,Snohomish,Marysville,98271.0,POINT (-122.1713847 48.10433),53061052808.0
WA,King,Bellevue,98005.0,POINT (-122.16085 47.624515),53033023801.0
WA,Kittitas,Ronald,98940.0,POINT (-121.0551802 47.2555714),53037975101.0
WA,Spokane,Colbert,99005.0,POINT (-117.4015511 47.8159901),53063010504.0
WA,Pierce,Puyallup,98374.0,POINT (-122.275748 47.1395924),53053073122.0
WA,King,Kirkland,98034.0,POINT (-122.209285 47.71124),53033021903.0
WA,King,Seattle,98126.0,POINT (-122.37439 47.54468),53033011402.0
WA,Clark,Vancouver,98661.0,POINT (-122.641835 45.638545),53011042601.0
WA,Kitsap,Silverdale,98383.0,POINT (-122.668076 47.665978),53035091201.0
WA,Mason,Lilliwaup,98555.0,POINT (-123.0686855 47.4998342),53045960201.0
WA,Spokane,Spokane Valley,99212.0,POINT (-117.288055 47.68043),53063011500.0
WA,Chelan,Wenatchee,98801.0,POINT (-120.32009 47.42255),53007961304.0
WA,Kitsap,Silverdale,98383.0,POINT (-122.668076 47.665978),53035091302.0
WA,Clark,Vancouver,98682.0,POINT (-122.5146473 45.67862),53011041326.0
WA,Mason,Belfair,98528.0,POINT (-122.8551647 47.4495785),53045960401.0
WA,Clark,Battle Ground,98604.0,POINT (-122.53218 45.77945),53011040414.0
WA,King,Des Moines,98198.0,POINT (-122.3219166 47.4013897),53033028901.0
WA,Pierce,Puyallup,98372.0,POINT (-122.28718 47.190465),53053073502.0
WA,King,Redmond,98052.0,POINT (-122.12302 47.67668),53033032323.0
WA,Thurston,Olympia,98512.0,POINT (-122.9131017 47.0135926),53067010910.0
WA,Snohomish,Lynnwood,98087.0,POINT (-122.2551991 47.8650827),53061041703.0
WA,Spokane,Spokane Valley,99212.0,POINT (-117.288055 47.68043),53063012200.0
WA,Thurston,Lacey,98516.0,POINT (-122.7510253 47.08149),53067012224.0
WA,Spokane,Spokane,99212.0,POINT (-117.288055 47.68043),53063011302.0
WA,Benton,Kenn,99338.0,POINT (-119.1973001 46.1911488),53005010815.0
WA,Thurston,Olympia,98516.0,POINT (-122.7510253 47.08149),53067012224.0
WA,King,Kent,98031.0,POINT (-122.2012521 47.3931814),53033029701.0
WA,Thurston,Olympia,98516.0,POINT (-122.7510253 47.08149),53067012225.0
WA,Grant,Ephrata,98823.0,POINT (-119.55513 47.31936),53025011200.0
WA,Spokane,Spokane,99201.0,POINT (-117.431895 47.667155),53063002400.0
WA,Douglas,East Wenatchee,98802.0,POINT (-120.28619 47.417755),53017950700.0
WA,Chelan,Wenatchee,98801.0,POINT (-120.32009 47.42255),53007961001.0
WA,King,Seattle,98122.0,POINT (-122.30839 47.610365),53033008800.0
WA,Grant,Warden,98857.0,POINT (-119.044355 46.965685),53025011300.0
WA,Pierce,Tacoma,98422.0,POINT (-122.38578 47.28971),53053940002.0
WA,Spokane,Spokane,99206.0,POINT (-117.2459114 47.6525293),53063012401.0
WA,Columbia,Dayton,99328.0,POINT (-117.977095 46.320425),53013960200.0
WA,King,Seattle,98117.0,POINT (-122.37275 47.68968),53033003100.0
WA,Spokane,Chattaroy,99003.0,POINT (-117.357645 47.89189),53063010201.0
WA,King,Kent,98042.0,POINT (-122.111625 47.36078),53033031708.0
WA,Clallam,Port Angeles,98363.0,POINT (-123.46101 48.118925),53009000800.0
WA,Benton,Kennewick,99336.0,POINT (-119.113535 46.204945),53005010810.0
WA,Snohomish,Arlington,98223.0,POINT (-122.12324 48.19485),53061053102.0
WA,Whatcom,Glacier,98244.0,POINT (-122.2147543 48.8233229),53073010103.0
WA,Snohomish,Lynnwood,98036.0,POINT (-122.3164188 47.819664),53061051922.0
WA,Whatcom,Blaine,98230.0,POINT (-122.74499 48.99505),53073010409.0
WA,King,Seattle,98055.0,POINT (-122.197 47.43876),53033026004.0
WA,Jefferson,Brinnon,98320.0,POINT (-122.9415583 47.6484648),53031950702.0
WA,King,Des Moines,98198.0,POINT (-122.3219166 47.4013897),53033028801.0
WA,King,Woodinville,98072.0,POINT (-122.151665 47.75855),53033032320.0
WA,King,Kenmore,98028.0,POINT (-122.2504747 47.7617128),53033021702.0
WA,Benton,Prosser,99350.0,POINT (-119.769315 46.204995),53005011702.0
WA,Pierce,Roy,98580.0,POINT (-122.522985 46.9876),53053073001.0
WA,King,Seattle,98148.0,POINT (-122.32863 47.46233),53033028500.0
WA,Whitman,Rosalia,99170.0,POINT (-117.369475 47.2369),53075000900.0
WA,Pierce,Joint Base Lewis Mcchord,98433.0,POINT (-122.596275 47.097005),53053072903.0
WA,Snohomish,Bothell,98012.0,POINT (-122.1876761 47.820517),53061052114.0
CA,Los Angeles,Los Angeles,90005.0,POINT (-118.291115 34.0587),6037212204.0
WA,Pierce,Joint Base Lewis Mcchord,98433.0,POINT (-122.596275 47.097005),53053072907.0
WA,King,Seattle,98106.0,POINT (-122.356145 47.52104),53033010701.0
WA,Skamania,Carson,98610.0,POINT (-121.8239085 45.7428006),53059950500.0
WA,King,Shoreline,98177.0,POINT (-122.382425 47.77279),53033020900.0
WA,King,Seattle,98104.0,POINT (-122.329075 47.6018),53033009100.0
WA,Yakima,Moxee,98936.0,POINT (-120.3795117 46.55609),53077001702.0
WA,Snohomish,Granite Falls,98252.0,POINT (-121.96994 48.08334),53061053605.0
WA,Lewis,Centralia,98531.0,POINT (-122.962555 46.716875),53041970500.0
WA,Snohomish,Everett,98208.0,POINT (-122.2247757 47.9156409),53061041814.0
WA,Snohomish,Snohomish,98296.0,POINT (-122.15134 47.8851158),53061041609.0
WA,Clark,Vancouver,98685.0,POINT (-122.7033368 45.7042923),53011040910.0
WA,Snohomish,Lake Stevens,98258.0,POINT (-122.112265 48.0047),53061053604.0
WA,Jefferson,Nordland,98358.0,POINT (-122.691675 48.05815),53031950400.0
WA,Island,Oak Harbor,98277.0,POINT (-122.67499 48.287295),53029970700.0
WA,Pierce,Buckley,98321.0,POINT (-122.029685 47.161465),53053070307.0
WA,King,Seattle,98177.0,POINT (-122.382425 47.77279),53033001702.0
WA,Yakima,Yakima,98908.0,POINT (-120.6027202 46.5965625),53077000401.0
WA,King,Seattle,98133.0,POINT (-122.34584 47.76726),53033020302.0
WA,Pierce,Milton,98354.0,POINT (-122.31774 47.246525),53053070703.0
WA,Kitsap,Bremerton,98311.0,POINT (-122.6468815 47.6344364),53035091800.0
WA,King,Seattle,98115.0,POINT (-122.3185 47.67949),53033002400.0
WA,Benton,Kennewick,99337.0,POINT (-119.14533 46.187395),53005011100.0
WA,King,Kent,98031.0,POINT (-122.2012521 47.3931814),53033029408.0
WA,Pierce,Lakewood,98499.0,POINT (-122.5181098 47.1712579),53053071805.0
CA,San Diego,San Diego,92154.0,POINT (-117.09543 32.57934),6073010015.0
WA,Yakima,Yakima,98902.0,POINT (-120.524012 46.5973939),53077000500.0
WA,Pierce,Fircrest,98466.0,POINT (-122.537565 47.231645),53053072305.0
WA,Skamania,Stevenson,98648.0,POINT (-121.8849392 45.6980854),53059950200.0
WA,Clark,Vancouver,98683.0,POINT (-122.4853873 45.6083347),53011041323.0
WA,King,Redmond,98033.0,POINT (-122.20264 47.6785),53033022605.0
TX,Coryell,Gatesville,76528.0,POINT (-97.743025 31.4349),48099010400.0
WA,Kitsap,Bremerton,98310.0,POINT (-122.611365 47.575195),53035080300.0
WA,Pierce,Buckley,98321.0,POINT (-122.029685 47.161465),53053070206.0
WA,Spokane,Spokane,99218.0,POINT (-117.411805 47.745795),53063010800.0
WA,King,Seattle,98118.0,POINT (-122.28339 47.549285),53033010401.0
WA,King,Seattle,98133.0,POINT (-122.34584 47.76726),53033001300.0
WA,Thurston,Olympia,98512.0,POINT (-122.9131017 47.0135926),53067011810.0
WA,Clark,Vancouver,98665.0,POINT (-122.66592 45.678565),53011040808.0
WA,Skagit,Sedro-Woolley,98284.0,POINT (-122.235035 48.503325),53057950900.0
WA,King,Seattle,98106.0,POINT (-122.356145 47.52104),53033011300.0
WA,Clallam,Port Angeles,98363.0,POINT (-123.46101 48.118925),53009000700.0
WA,King,Seattle,98107.0,POINT (-122.378895 47.66905),53033003400.0
WA,Snohomish,Stanwood,98292.0,POINT (-122.3684051 48.2414921),53061053302.0
WA,Pierce,Tacoma,98418.0,POINT (-122.439165 47.22468),53053062501.0
WA,Benton,Richland,99354.0,POINT (-119.28753 46.29747),53005010203.0
MD,Prince George's,Andrews Air Force Base,20762.0,POINT (-76.89248 38.800715),24033801106.0
WA,Walla Walla,Waitsburg,99361.0,POINT (-118.15324 46.268335),53071920100.0
WA,Franklin,Pasco,99301.0,POINT (-119.0982 46.232395),53021020608.0
WA,Pierce,Puyallup,98375.0,POINT (-122.3085456 47.1042426),53053073120.0
WA,Spokane,Spokane,99205.0,POINT (-117.42694 47.67946),53063000900.0
WA,King,Bellevue,98027.0,POINT (-122.03646 47.534065),53033024800.0
WA,King,Sammamish,98053.0,POINT (-122.0370611 47.6887161),53033032215.0
WA,Yakima,Toppenish,98948.0,POINT (-120.31287 46.37534),53077940002.0
WA,Thurston,Olympia,98501.0,POINT (-122.89692 47.043535),53067011722.0
WA,Pacific,South Bend,98577.0,POINT (-123.72855 46.686115),53049950302.0
WA,King,Seattle,98168.0,POINT (-122.286465 47.476),53033026400.0
WA,Thurston,Lacey,98503.0,POINT (-122.8285 47.03646),53067011421.0
WA,King,Bellevue,98005.0,POINT (-122.16085 47.624515),53033023604.0
WA,Snohomish,Everett,98204.0,POINT (-122.240535 47.91139),53061041907.0
WA,King,Bellevue,98007.0,POINT (-122.147385 47.599975),53033023603.0
WA,Snohomish,Lake Stevens,98258.0,POINT (-122.112265 48.0047),53061052706.0
WA,Pierce,Parkland,98446.0,POINT (-122.377475 47.096645),53053071413.0
WA,Thurston,Yelm,98597.0,POINT (-122.61023 46.94126),53067012510.0
WA,Cowlitz,Castle Rock,98611.0,POINT (-122.90778 46.2744),53015002001.0
WA,Spokane,Spokane Valley,99016.0,POINT (-117.1407 47.673675),53063013003.0
WA,Adams,Othello,99344.0,POINT (-119.168765 46.826175),53001950303.0
WA,Spokane,Veradale,99037.0,POINT (-117.19651 47.65942),53063012402.0
WA,Kitsap,Silverdale,98383.0,POINT (-122.668076 47.665978),53035091205.0
WA,King,Seattle,98103.0,POINT (-122.34301 47.659185),53033001300.0
WA,Pierce,Spanaway,98387.0,POINT (-122.435115 47.1045),53053071416.0
WA,Kittitas,Ellensburg,98926.0,POINT (-120.544475 46.994),53037975402.0
WA,Yakima,Yakima,98903.0,POINT (-120.477805 46.553505),53077001400.0
WA,Spokane,Spokane,99205.0,POINT (-117.42694 47.67946),53063002100.0
WA,Spokane,Spokane,99223.0,POINT (-117.369705 47.62637),53063004602.0
WA,King,Seattle,98125.0,POINT (-122.296385 47.71558),53033000202.0
WA,Skagit,Mount Vernon,98274.0,POINT (-122.32284 48.41653),53057952600.0
WA,King,Seattle,98101.0,POINT (-122.33589 47.61099),53033008102.0
WA,King,Seattle,98106.0,POINT (-122.356145 47.52104),53033009900.0
WA,Clark,Vancouver,98683.0,POINT (-122.4853873 45.6083347),53011041322.0
WA,Kitsap,Bremerton,98312.0,POINT (-122.65223 47.57192),53035080800.0
WA,King,Bellevue,98004.0,POINT (-122.201905 47.61385),53033023805.0
WA,King,Redmond,98053.0,POINT (-122.0370611 47.6887161),53033032215.0
WA,Clark,Vancouver,98685.0,POINT (-122.7033368 45.7042923),53011040907.0
WA,King,Seattle,98125.0,POINT (-122.296385 47.71558),53033000102.0
WA,Mason,Shelton,98584.0,POINT (-123.105305 47.211085),53045961200.0
WA,Spokane,Mead,99021.0,POINT (-117.35761 47.76885),53063010203.0
MO,St. Louis,Saint Louis,63137.0,POINT (-90.2290952 38.7513802),29510127000.0
WA,Grays Harbor,Cosmopolis,98537.0,POINT (-123.7758 46.952755),53027000900.0
WA,King,Sammamish,98075.0,POINT (-122.03309 47.58153),53033032217.0
WA,Clark,Camas,98607.0,POINT (-122.405565 45.59009),53011040610.0
WA,King,Shoreline,98133.0,POINT (-122.34584 47.76726),53033021000.0
WA,King,Issaquah,98027.0,POINT (-122.03646 47.534065),53033023404.0
WA,Chelan,Malaga,98828.0,POINT (-120.199045 47.36607),53007961200.0
WA,Clallam,Sequim,98382.0,POINT (-123.105015 48.08104),53009001701.0
WA,King,Bothell,98011.0,POINT (-122.20578 47.762405),53033022001.0
WA,Whatcom,Everson,98247.0,POINT (-122.357585 48.90942),53073010702.0
WA,Whatcom,Bellingham,98225.0,POINT (-122.486115 48.761615),53073000502.0
WA,Klickitat,Dallesport,98617.0,POINT (-121.1798228 45.6209509),53039950200.0
WA,King,Seattle,98136.0,POINT (-122.388675 47.5415),53033010601.0
WA,Pacific,Lebam,98577.0,POINT (-123.72855 46.686115),53049950400.0
WA,Snohomish,Everett,98204.0,POINT (-122.240535 47.91139),53061041805.0
WA,Pierce,South Hill,98375.0,POINT (-122.3085456 47.1042426),53053073126.0
WA,Pierce,South Hill,98375.0,POINT (-122.3085456 47.1042426),53053071304.0
WA,King,Seattle,98122.0,POINT (-122.30839 47.610365),53033007902.0
WA,Kitsap,Port Orchard,98367.0,POINT (-122.6851642 47.506453),53035092901.0
WA,Whatcom,Blaine,98230.0,POINT (-122.74499 48.99505),53073010406.0
WA,Kitsap,Poulsbo,98370.0,POINT (-122.64177 47.737525),53035091100.0
WA,Benton,Kennewick,99336.0,POINT (-119.113535 46.204945),53005011202.0
WA,Kittitas,Ellensburg,98926.0,POINT (-120.544475 46.994),53037975600.0
WA,King,Bellevue,98006.0,POINT (-122.16937 47.571015),53033025001.0
WA,Snohomish,Everett,98208.0,POINT (-122.2247757 47.9156409),53061041610.0
WA,Clallam,Port Angeles,98362.0,POINT (-123.424865 48.110695),53009001200.0
WA,Grays Harbor,Elma,98541.0,POINT (-123.410105 47.00679),53027000700.0
CA,Orange,Huntington Beach,92647.0,POINT (-117.99297 33.710415),6059099241.0
WA,Walla Walla,Walla Walla,99362.0,POINT (-118.34332 46.063985),53071920100.0
WA,Spokane,Liberty Lake,99019.0,POINT (-117.0923638 47.6643385),53063013101.0
WA,Pierce,South Hill,98375.0,POINT (-122.3085456 47.1042426),53053073120.0
WA,Benton,Kennewick,99337.0,POINT (-119.14533 46.187395),53005011501.0
WA,King,Kent,98031.0,POINT (-122.2012521 47.3931814),53033029206.0
WA,Lewis,Centralia,98531.0,POINT (-122.962555 46.716875),53041970600.0
WA,Snohomish,Everett,98204.0,POINT (-122.240535 47.91139),53061041808.0
WA,Pierce,Artondale,98335.0,POINT (-122.5835454 47.3234488),53053072409.0
KY,Hardin,Elizabethtown,42701.0,POINT (-85.85707 37.69646),21093001401.0
WA,Snohomish,Marysville,98270.0,POINT (-122.17673 48.05542),53061052805.0
WA,Spokane,Spokane,99208.0,POINT (-117.40725 47.718625),53063011104.0
WA,Thurston,Olympia,98502.0,POINT (-122.92145 47.045935),53067011902.0
WA,King,Seattle,98125.0,POINT (-122.296385 47.71558),53033001202.0
WA,Whatcom,Bellingham,98226.0,POINT (-122.45493 48.76809),53073000302.0
WA,Pierce,Lakewood,98498.0,POINT (-122.547645 47.176685),53053072106.0
WA,Snohomish,Snohomish,98296.0,POINT (-122.15134 47.8851158),53061052120.0
WA,Snohomish,Stanwood,98292.0,POINT (-122.3684051 48.2414921),53061053101.0
WA,King,Kent,98042.0,POINT (-122.111625 47.36078),53033029405.0
WA,Grant,Coulee City,99115.0,POINT (-119.28953 47.61327),53025010100.0
CA,Monterey,Monterey,93940.0,POINT (-121.896255 36.59749),6053013100.0
WA,Kitsap,Port Orchard,98366.0,POINT (-122.639265 47.5373),53035092500.0
WA,Pierce,Parkland,98446.0,POINT (-122.377475 47.096645),53053071100.0
WA,Lewis,Toledo,98591.0,POINT (-122.846675 46.44142),53041971700.0
WA,Island,Oak Harbor,98277.0,POINT (-122.67499 48.287295),53029970602.0
WA,Mason,Belfair,98528.0,POINT (-122.8551647 47.4495785),53045960301.0
WA,Stevens,Chewelah,99109.0,POINT (-117.722145 48.27719),53065950800.0
WA,Pierce,Spanaway,98387.0,POINT (-122.435115 47.1045),53053071403.0
WA,Pierce,Spanaway,98387.0,POINT (-122.435115 47.1045),53053073133.0
AL,Shelby,Pelham,35124.0,POINT (-86.7921352 33.3376937),1117030352.0
WA,Thurston,Olympia,98512.0,POINT (-122.9131017 47.0135926),53067011821.0
WA,Benton,West Richland,99353.0,POINT (-119.3535873 46.2778489),53005010703.0
WA,Spokane,Spokane,99202.0,POINT (-117.383045 47.661935),53063002900.0
WA,Pierce,Fife,98424.0,POINT (-122.36151 47.241885),53053940013.0
WA,Spokane,Spokane Valley,99216.0,POINT (-117.21264 47.6587754),53063011400.0
WA,Pierce,Tacoma,98406.0,POINT (-122.490985 47.26365),53053061001.0
WA,King,Seattle,98101.0,POINT (-122.33589 47.61099),53033008200.0
WA,Pierce,Kapowsin,98344.0,POINT (-122.23469 46.98436),53053073119.0
ID,Elmore,Mountain Home Afb,83648.0,POINT (-115.85587 43.05484),16039960500.0
WA,Island,Freeland,98249.0,POINT (-122.544745 48.03024),53029971301.0
WA,King,Renton,98056.0,POINT (-122.180505 47.500055),53033025202.0
IL,Cook,Arlington Heights,60004.0,POINT (-87.98349 42.090145),17031802608.0
WA,Lewis,Chehalis,98532.0,POINT (-122.96692 46.66113),53041971300.0
WA,Thurston,Olympia,98507.0,POINT (-122.89602 47.04058),53067010100.0
NY,Richmond,Staten Island,10308.0,POINT (-74.146635 40.54812),36085015603.0
WA,Douglas,East Wenatchee,98802.0,POINT (-120.28619 47.417755),53017950600.0
IL,DuPage,Burr Ridge,60527.0,POINT (-87.938875 41.74989),17043845901.0
WA,Okanogan,Okanogan,98840.0,POINT (-119.5875704 48.3648226),53047970700.0
WA,Kittitas,Ellensburg,98926.0,POINT (-120.544475 46.994),53037975500.0
WA,Whitman,Pullman,99163.0,POINT (-117.17912 46.730885),53075000601.0
WA,King,Seattle,98117.0,POINT (-122.37275 47.68968),53033001500.0
WA,Benton,Kennewick,99336.0,POINT (-119.113535 46.204945),53005011100.0
WA,Spokane,Spokane,99223.0,POINT (-117.369705 47.62637),53063013300.0
WA,King,Kenmore,98028.0,POINT (-122.2504747 47.7617128),53033021600.0
WA,King,Kirkland,98033.0,POINT (-122.20264 47.6785),53033022006.0
WA,Spokane,Spokane,99203.0,POINT (-117.425265 47.635365),53063004702.0
WA,Spokane,Spokane,99203.0,POINT (-117.425265 47.635365),53063004100.0
WA,Yakima,Zillah,98953.0,POINT (-120.26034 46.404935),53077002201.0
WA,King,Bellevue,98004.0,POINT (-122.201905 47.61385),53033024001.0
WA,Spokane,Spokane,99202.0,POINT (-117.383045 47.661935),53063012200.0
WA,Snohomish,Stanwood,98292.0,POINT (-122.3684051 48.2414921),53061053202.0
WA,Grays Harbor,Hoquiam,98550.0,POINT (-123.8868787 46.9805308),53027001400.0
WA,King,Bellevue,98006.0,POINT (-122.16937 47.571015),53033025007.0
WA,King,Seattle,98124.0,POINT (-122.329075 47.581125),53033009300.0
WA,Chelan,Wenatchee,98801.0,POINT (-120.32009 47.42255),53007961101.0
WA,King,Seattle,98107.0,POINT (-122.378895 47.66905),53033004800.0
WA,Pend Oreille,Newport,99156.0,POINT (-117.049135 48.181095),53051970400.0
WA,King,Renton,98059.0,POINT (-122.15734 47.487175),53033031913.0
WA,King,Bellevue,98005.0,POINT (-122.16085 47.624515),53033023603.0
WA,King,Seattle,98122.0,POINT (-122.30839 47.610365),53033008402.0
WA,Snohomish,Snohomish,98296.0,POINT (-122.15134 47.8851158),53061052119.0
WA,Mason,Belfair,98528.0,POINT (-122.8551647 47.4495785),53045960402.0
WA,Pierce,Tacoma,98409.0,POINT (-122.47913 47.2198),53053062902.0
WA,Island,Greenbank,98253.0,POINT (-122.6084879 48.0755577),53029971302.0
WA,Benton,Kennewick,99337.0,POINT (-119.14533 46.187395),53005011402.0
WA,King,Sammamish,98074.0,POINT (-122.0313266 47.6285782),53033032316.0
WA,Spokane,Spokane,99207.0,POINT (-117.39787 47.67936),53063002600.0
WA,Spokane,Spokane,99208.0,POINT (-117.40725 47.718625),53063000800.0
WA,Pierce,Enumclaw,98022.0,POINT (-121.98953 47.20347),53053070100.0
WA,Spokane,Spokane,99212.0,POINT (-117.288055 47.68043),53063011600.0
WA,King,Seattle,98144.0,POINT (-122.30823 47.581975),53033009300.0
WA,Pierce,Longbranch,98351.0,POINT (-122.7736637 47.1835998),53053072603.0
WA,King,Seattle,98105.0,POINT (-122.319115 47.66132),53033004301.0
WA,Clark,Vancouver,98686.0,POINT (-122.6483953 45.7010427),53011040412.0
WA,Kittitas,Ellensburg,98926.0,POINT (-120.544475 46.994),53037975203.0
WA,Klickitat,Wahkiacus,98670.0,POINT (-121.1276987 45.8669769),53039950200.0
WA,Snohomish,Everett,98203.0,POINT (-122.213105 47.95479),53061041303.0
WA,King,Bellevue,98006.0,POINT (-122.16937 47.571015),53033024701.0
WA,King,Seattle,98117.0,POINT (-122.37275 47.68968),53033003301.0
WA,Pierce,Tacoma,98466.0,POINT (-122.537565 47.231645),53053072311.0
WA,Yakima,Yakima,98908.0,POINT (-120.6027202 46.5965625),53077000904.0
WA,Snohomish,Lynnwood,98087.0,POINT (-122.2551991 47.8650827),53061041812.0
WA,King,Bellevue,98007.0,POINT (-122.147385 47.599975),53033023201.0
WA,Grant,Stratford,98853.0,POINT (-119.273660836 47.417432),53025010100.0
WA,Pierce,Tacoma,98445.0,POINT (-122.40872 47.165675),53053063402.0
WA,Spokane,Spokane,99206.0,POINT (-117.2459114 47.6525293),53063011301.0
WA,Pierce,Tacoma,98402.0,POINT (-122.44131 47.25207),53053061502.0
WA,Yakima,Yakima,98901.0,POINT (-120.500225 46.6043),53077001601.0
WA,King,Burien,98166.0,POINT (-122.34102 47.46593),53033027600.0
WA,Spokane,Spokane,99207.0,POINT (-117.39787 47.67936),53063002501.0
WA,Benton,Richland,99352.0,POINT (-119.2952071 46.272495),53005010600.0
WA,Asotin,Clarkston,99403.0,POINT (-117.045685 46.4163),53003960200.0
WA,Spokane,Deer Park,99006.0,POINT (-117.47501 47.956285),53063010304.0
CA,San Diego,San Clemente,92672.0,POINT (-117.61729 33.42631),6073018700.0
WA,Kittitas,Cle Elum,98922.0,POINT (-120.938305 47.195355),53037975101.0
WA,Clark,Vancouver,98663.0,POINT (-122.666325 45.641205),53011041003.0
WA,Walla Walla,Burbank,99323.0,POINT (-119.0127002 46.1971863),53071920000.0
WA,Whatcom,Point Roberts,98281.0,POINT (-123.0651 48.98823),53073011000.0
WA,King,Federal Way,98001.0,POINT (-122.2849393 47.3384055),53033030407.0
WA,Kitsap,Port Orchard,98367.0,POINT (-122.6851642 47.506453),53035092801.0
WA,Douglas,Coulee City,99115.0,POINT (-119.28953 47.61327),53017950102.0
WA,Whatcom,Bellingham,98226.0,POINT (-122.45493 48.76809),53073000201.0
WA,Spokane,Mead,99021.0,POINT (-117.35761 47.76885),53063010204.0
WA,Snohomish,Lynnwood,98087.0,POINT (-122.2551991 47.8650827),53061051601.0
WA,King,Federal Way,98023.0,POINT (-122.363215 47.3084),53033030305.0
WA,Pacific,Long Beach,98631.0,POINT (-124.05412 46.3466),53049950501.0
WA,Spokane,Colbert,99005.0,POINT (-117.4015511 47.8159901),53063010203.0
WA,Whitman,St John,99171.0,POINT (-117.582395 47.08821),53075000900.0
NJ,Burlington,Medford,8055.0,POINT (-74.804545 39.86045),34005703804.0
WA,Pierce,Tacoma,98444.0,POINT (-122.43827 47.153995),53053071703.0
WA,Pierce,South Hill,98374.0,POINT (-122.275748 47.1395924),53053071211.0
WA,Walla Walla,College Place,99324.0,POINT (-118.38409 46.043895),53071920200.0
WA,Whatcom,Ferndale,98248.0,POINT (-122.6011039 48.85324),53073010504.0
OR,Benton,Corvallis,97330.0,POINT (-123.270795 44.57433),41003000500.0
WA,Snohomish,Everett,98204.0,POINT (-122.240535 47.91139),53061041809.0
WA,Clark,Vancouver,98665.0,POINT (-122.66592 45.678565),53011041007.0
WA,Pierce,Eatonville,98328.0,POINT (-122.270565 46.86822),53053073005.0
WA,King,Bothell,98011.0,POINT (-122.20578 47.762405),53033021804.0
WA,King,Seattle,98117.0,POINT (-122.37275 47.68968),53033001400.0
WA,Whatcom,Lynden,98264.0,POINT (-122.4584536 48.9461196),53073010600.0
WA,King,Seattle,98118.0,POINT (-122.28339 47.549285),53033011102.0
WA,Grant,Mattawa,99349.0,POINT (-119.901675 46.7377996),53025011406.0
WA,Snohomish,Everett,98208.0,POINT (-122.2247757 47.9156409),53061041609.0
WA,King,Seattle,98126.0,POINT (-122.37439 47.54468),53033010501.0
NJ,Essex,Bloomfield,7003.0,POINT (-74.19575 40.792705),34013015300.0
WA,Walla Walla,Walla Walla,99362.0,POINT (-118.34332 46.063985),53071920802.0
WA,Jefferson,Port Ludlow,98365.0,POINT (-122.6872285 47.9281524),53031950302.0
WA,Grays Harbor,Hoquiam,98550.0,POINT (-123.8868787 46.9805308),53027000300.0
WA,King,Bothell,98011.0,POINT (-122.20578 47.762405),53033021702.0
WA,Clark,Vancouver,98686.0,POINT (-122.6483953 45.7010427),53011040803.0
WA,Pierce,Puyallup,98371.0,POINT (-122.299155 47.19178),53053071206.0
WA,Kitsap,Hansville,98340.0,POINT (-122.57781 47.903975),53035090102.0
WA,King,Issaquah,98027.0,POINT (-122.03646 47.534065),53033032003.0
WA,Snohomish,Stanwood,98292.0,POINT (-122.3684051 48.2414921),53061053400.0
WA,Spokane,Spokane,99208.0,POINT (-117.40725 47.718625),53063010506.0
WA,King,Seattle,98112.0,POINT (-122.306935 47.62441),53033006300.0
WA,Lewis,Packwood,98361.0,POINT (-121.66915 46.60968),53041972000.0
KY,Meade,Fort Knox,40121.0,POINT (-85.95738 37.898845),21163970200.0
VA,Virginia Beach,Virginia Beach,23456.0,POINT (-76.11799 36.784765),51810045431.0
WA,Wahkiakum,Skamokawa,98647.0,POINT (-123.4553939 46.2724165),53069950100.0
WA,Skagit,Mount Vernon,98273.0,POINT (-122.338975 48.41333),53057951200.0
WA,Whatcom,Bellingham,98226.0,POINT (-122.45493 48.76809),53073940001.0
WA,King,Issaquah,98027.0,POINT (-122.03646 47.534065),53033032604.0
WA,Walla Walla,Walla Walla,99362.0,POINT (-118.34332 46.063985),53071920702.0
WA,Grays Harbor,Pacific Beach,98571.0,POINT (-124.1960702 47.1969484),53027000202.0
WA,Clallam,Port Angeles,98362.0,POINT (-123.424865 48.110695),53009001300.0
WA,Snohomish,Everett,98201.0,POINT (-122.20722 47.979935),53061040200.0
WA,Thurston,Lacey,98503.0,POINT (-122.8285 47.03646),53067011625.0
WA,King,Sammamish,98075.0,POINT (-122.03309 47.58153),53033032213.0
WA,Kittitas,Cle Elum,98922.0,POINT (-120.938305 47.195355),53037975103.0
WA,King,Seattle,98136.0,POINT (-122.388675 47.5415),53033011601.0
WA,King,Seattle,98178.0,POINT (-122.234385 47.494545),53033026003.0
WA,King,Renton,98057.0,POINT (-122.21024 47.4797047),53033026004.0
WA,Thurston,Tumwater,98512.0,POINT (-122.9131017 47.0135926),53067011000.0
WA,Mason,Shelton,98584.0,POINT (-123.105305 47.211085),53045961300.0
WA,Yakima,Tieton,98947.0,POINT (-120.75692 46.70383),53077002900.0
WA,Lewis,Onalaska,98570.0,POINT (-122.71921 46.577),53041971800.0
WA,Pierce,Bonney Lake,98391.0,POINT (-122.183805 47.18062),53053070205.0
WA,Thurston,Yelm,98597.0,POINT (-122.61023 46.94126),53067012421.0
WA,Pierce,Tacoma,98404.0,POINT (-122.4096963 47.2174975),53053940004.0
MD,Howard,Dayton,21036.0,POINT (-76.98352 39.245795),24027605104.0
WA,Thurston,Rochester,98579.0,POINT (-123.09573 46.82158),53067012730.0
WA,King,Seattle,98109.0,POINT (-122.34848 47.632405),53033006702.0
WA,Grays Harbor,Mccleary,98557.0,POINT (-123.26743 47.052405),53027000600.0
WA,King,Seattle,98126.0,POINT (-122.37439 47.54468),53033010702.0
WA,Spokane,Spokane Valley,99206.0,POINT (-117.2459114 47.6525293),53063012402.0
MD,Montgomery,Silver Spring,20906.0,POINT (-77.0683461 39.0679087),24031703220.0
NJ,Cape May,Avalon,8202.0,POINT (-74.714405 39.10578),34009020902.0
WA,Snohomish,Everett,98208.0,POINT (-122.2247757 47.9156409),53061041805.0
WA,Lincoln,Grand Coulee,99133.0,POINT (-119.0018959 47.9419302),53043960300.0
WA,Snohomish,Bothell,98012.0,POINT (-122.1876761 47.820517),53061052006.0
WA,Snohomish,Bothell,98021.0,POINT (-122.179458 47.802589),53061051922.0
WA,Lewis,Silver Creek,98585.0,POINT (-122.5000729 46.5596671),53041971700.0
WA,King,Issaquah,98029.0,POINT (-121.999595 47.547635),53033032221.0
OR,Lincoln,Lincoln City,97367.0,POINT (-124.009525 44.984085),41041950402.0
LA,Plaquemines,Belle Chasse,70037.0,POINT (-89.9907848 29.855449),22075050300.0
WA,Clark,Vancouver,98664.0,POINT (-122.589388 45.6228731),53011043100.0
WA,Grays Harbor,Aberdeen,98520.0,POINT (-123.8206 46.97789),53027001200.0
WA,Island,Camano Island,98282.0,POINT (-122.5310901 48.2192797),53029971600.0
WA,King,Seatac,98168.0,POINT (-122.286465 47.476),53033027300.0
WA,Pierce,Spanaway,98387.0,POINT (-122.435115 47.1045),53053073132.0
UT,Salt Lake,Salt Lake City,84121.0,POINT (-111.8315114 40.6207354),49035111302.0
WA,Clark,Vancouver,98684.0,POINT (-122.51692 45.6228),53011041319.0
WA,Snohomish,Marysville,98270.0,POINT (-122.17673 48.05542),53061052709.0
WA,Benton,Kennewick,99336.0,POINT (-119.113535 46.204945),53005010815.0
WA,Yakima,Yakima,98908.0,POINT (-120.6027202 46.5965625),53077002804.0
WA,Whatcom,Bellingham,98229.0,POINT (-122.4569227 48.7470973),53073000807.0
WA,Kitsap,Silverdale,98383.0,POINT (-122.668076 47.665978),53035091204.0
WA,Spokane,Spokane,99223.0,POINT (-117.369705 47.62637),53063004701.0
WA,King,Seattle,98105.0,POINT (-122.319115 47.66132),53033005202.0
WA,King,Renton,98056.0,POINT (-122.180505 47.500055),53033024703.0
WA,Skagit,Bow,98232.0,POINT (-122.4410546 48.5620007),53057950803.0
CA,Kings,Lemoore,93245.0,POINT (-119.784425 36.302985),6031980000.0
WA,Kitsap,Port Orchard,98366.0,POINT (-122.639265 47.5373),53035092801.0
WA,King,Auburn,98002.0,POINT (-122.222855 47.305065),53033030700.0
WA,Snohomish,Arlington,98223.0,POINT (-122.12324 48.19485),53061052803.0
MD,Anne Arundel,Odenton,21113.0,POINT (-76.719755 39.0635653),24003740704.0
CA,Orange,Santa Ana,92703.0,POINT (-117.889205 33.746185),6059089004.0
WA,Clallam,Port Angeles,98362.0,POINT (-123.424865 48.110695),53009000900.0
WA,Spokane,Spokane Valley,99206.0,POINT (-117.2459114 47.6525293),53063011900.0
WA,Pierce,Puyallup,98373.0,POINT (-122.2987976 47.13795),53053071310.0
WA,Skagit,Mount Vernon,98273.0,POINT (-122.338975 48.41333),53057952200.0
WA,King,Auburn,98002.0,POINT (-122.222855 47.305065),53033030801.0
WA,King,Renton,98056.0,POINT (-122.180505 47.500055),53033025500.0
WA,Snohomish,Lynnwood,98087.0,POINT (-122.2551991 47.8650827),53061051803.0
WA,Klickitat,Snowden,98672.0,POINT (-121.48347 45.72977),53039950302.0
WA,King,Seattle,98108.0,POINT (-122.326965 47.55015),53033011002.0
WA,King,Seattle,98133.0,POINT (-122.34584 47.76726),53033001201.0
WA,King,Seattle,98108.0,POINT (-122.326965 47.55015),53033011200.0
WA,Pierce,Tacoma,98408.0,POINT (-122.438105 47.20322),53053062400.0
FL,Broward,Fort Lauderdale,33326.0,POINT (-80.3745883 26.0984617),12011070312.0
WA,Spokane,Spokane,99217.0,POINT (-117.35609 47.68401),53063011301.0
WA,King,Bothell,98011.0,POINT (-122.20578 47.762405),53033022102.0
WA,Kitsap,Port Gamble,98370.0,POINT (-122.64177 47.737525),53035090202.0
CA,Solano,Travis Afb,94535.0,POINT (-121.939304 38.276124),6095252802.0
WA,Lewis,Centralia,98531.0,POINT (-122.962555 46.716875),53041970200.0
IL,Cook,Evanston,60201.0,POINT (-87.691935 42.05124),17031808900.0
WA,Ferry,Republic,99166.0,POINT (-118.732885 48.64804),53019970200.0
WA,Clark,La Center,98629.0,POINT (-122.6706246 45.8662548),53011040203.0
WA,Skagit,Sedro-Woolley,98284.0,POINT (-122.235035 48.503325),53057951503.0
WA,Whatcom,Sumas,98295.0,POINT (-122.26024 48.99634),53073010101.0
WA,Whatcom,Bellingham,98227.0,POINT (-122.47818 48.751095),53073000600.0
WA,Pierce,Spanaway,98387.0,POINT (-122.435115 47.1045),53053071415.0
WA,Pierce,South Hill,98373.0,POINT (-122.2987976 47.13795),53053071100.0
WA,King,Renton,98059.0,POINT (-122.15734 47.487175),53033025101.0
WA,Jefferson,Port Townsend,98368.0,POINT (-122.7644197 48.1195874),53031950603.0
WA,Chelan,Peshastin,98847.0,POINT (-120.60008 47.568765),53007960501.0
WA,Thurston,Olympia,98512.0,POINT (-122.9131017 47.0135926),53067011901.0
WA,Benton,Prosser,99350.0,POINT (-119.769315 46.204995),53005011801.0
WA,Spokane,Spokane Valley,99206.0,POINT (-117.2459114 47.6525293),53063012000.0
WA,King,Renton,98059.0,POINT (-122.15734 47.487175),53033025202.0
WA,Yakima,Selah,98942.0,POINT (-120.54188 46.654175),53077003200.0
WA,Spokane,Spokane Valley,99016.0,POINT (-117.1407 47.673675),53063013101.0
WA,Clark,Vancouver,98661.0,POINT (-122.641835 45.638545),53011041112.0
WA,Spokane,Spokane,99218.0,POINT (-117.411805 47.745795),53063010505.0
WA,Pierce,Tacoma,98422.0,POINT (-122.38578 47.28971),53053060200.0
WA,Thurston,Olympia,98502.0,POINT (-122.92145 47.045935),53067011100.0
WA,Pierce,Puyallup,98375.0,POINT (-122.3085456 47.1042426),53053071304.0
SC,Berkeley,Summerville,29486.0,POINT (-80.1384537 33.0375405),45015020711.0
KS,Leavenworth,Lansing,66043.0,POINT (-94.900705 39.25895),20103071104.0
WA,Spokane,Colbert,99208.0,POINT (-117.40725 47.718625),53063010303.0
WA,Pierce,Puyallup,98375.0,POINT (-122.3085456 47.1042426),53053071310.0
WA,Skagit,Mount Vernon,98273.0,POINT (-122.338975 48.41333),53057952600.0
WA,King,Kent,98030.0,POINT (-122.199755 47.37483),53033029702.0
WA,Pacific,Ocean Park,98640.0,POINT (-124.04853 46.4972),53049950701.0
WA,Snohomish,Bothell,98012.0,POINT (-122.1876761 47.820517),53061041704.0
WA,Mason,Shelton,98584.0,POINT (-123.105305 47.211085),53045960900.0
WA,Spokane,Cheney,99004.0,POINT (-117.57579 47.492775),53063013600.0
WA,Grant,Moses Lake,98837.0,POINT (-119.2599876 47.1240154),53025010200.0
WA,Kitsap,Bremerton,98311.0,POINT (-122.6468815 47.6344364),53035091701.0
WA,Spokane,Spokane,99204.0,POINT (-117.43167 47.64724),53063004001.0
WA,Chelan,Wenatchee,98801.0,POINT (-120.32009 47.42255),53007960803.0
WA,Kitsap,Kingston,98346.0,POINT (-122.50156 47.8019),53035090102.0
WA,Yakima,Outlook,98938.0,POINT (-120.093285 46.331365),53077002103.0
WA,King,Bellevue,98007.0,POINT (-122.147385 47.599975),53033023401.0
WA,Grant,Quincy,98848.0,POINT (-119.8508676 47.2335835),53025010700.0
WA,Yakima,Sunnyside,98944.0,POINT (-120.011515 46.32189),53077002005.0
WA,Spokane,Spokane,99223.0,POINT (-117.369705 47.62637),53063002900.0
WA,Douglas,East Wenatchee,98802.0,POINT (-120.28619 47.417755),53017950500.0
WA,Clark,Camas,98607.0,POINT (-122.405565 45.59009),53011040609.0
WA,Pierce,Puyallup,98371.0,POINT (-122.299155 47.19178),53053940004.0
WA,Snohomish,Lynnwood,98087.0,POINT (-122.2551991 47.8650827),53061051802.0
WA,King,Bellevue,98006.0,POINT (-122.16937 47.571015),53033023902.0
WA,Clark,Vancouver,98665.0,POINT (-122.66592 45.678565),53011041010.0
WA,King,Seattle,98146.0,POINT (-122.355145 47.505655),53033026600.0
WA,Snohomish,Lake Stevens,98258.0,POINT (-122.112265 48.0047),53061052709.0
WA,Snohomish,Monroe,98272.0,POINT (-121.972215 47.85674),53061053802.0
CA,Sonoma,Santa Rosa,95401.0,POINT (-122.7246163 38.44366),6097153003.0
WA,Clark,Vancouver,98682.0,POINT (-122.5146473 45.67862),53011041331.0
VA,Henrico,Sandston,23150.0,POINT (-77.30905 37.521865),51087201701.0
WA,King,Seattle,98118.0,POINT (-122.28339 47.549285),53033011001.0
SC,Beaufort,Okatie,29909.0,POINT (-80.9836791 32.2916911),45013002103.0
WA,Kitsap,Bremerton,98310.0,POINT (-122.611365 47.575195),53035080400.0
WA,King,Seattle,98105.0,POINT (-122.319115 47.66132),53033004402.0
WA,Chelan,Wenatchee,98801.0,POINT (-120.32009 47.42255),53007961102.0
WA,Pierce,Roy,98580.0,POINT (-122.522985 46.9876),53053073005.0
WA,Grant,Moses Lake,98837.0,POINT (-119.2599876 47.1240154),53025010903.0
WA,Okanogan,Carlton,98834.0,POINT (-120.0041169 48.1305433),53047971000.0
WA,King,Seattle,98112.0,POINT (-122.306935 47.62441),53033006200.0
WA,Pierce,Lakewood,98498.0,POINT (-122.547645 47.176685),53053072112.0
WA,Pierce,Orting,98360.0,POINT (-122.2032237 47.0942956),53053070403.0
WA,Snohomish,Mill Creek,98012.0,POINT (-122.1876761 47.820517),53061052006.0
WA,King,Seattle,98122.0,POINT (-122.30839 47.610365),53033007800.0
WA,Grays Harbor,Ocean Shores,98569.0,POINT (-124.1599804 47.0075271),53027000202.0
WA,Benton,Benton City,99320.0,POINT (-119.4897 46.26394),53005011801.0
WA,Pierce,Tacoma,98404.0,POINT (-122.4096963 47.2174975),53053071601.0
WA,Snohomish,Edmonds,98026.0,POINT (-122.335685 47.80372),53061042005.0
WA,Pierce,Tacoma,98445.0,POINT (-122.40872 47.165675),53053071408.0
WA,Snohomish,Everett,98208.0,POINT (-122.2247757 47.9156409),53061052114.0
WA,King,Des Moines,98198.0,POINT (-122.3219166 47.4013897),53033029001.0
WA,Pierce,Edgewood,98372.0,POINT (-122.28718 47.190465),53053073501.0
WA,Spokane,Valleyford,99023.0,POINT (-117.212705 47.550885),53063013300.0
WA,Pierce,Bonney Lake,98391.0,POINT (-122.183805 47.18062),53053070204.0
WA,Kitsap,Port Orchard,98366.0,POINT (-122.639265 47.5373),53035092200.0
WA,Spokane,Greenacres,99016.0,POINT (-117.1407 47.673675),53063013003.0
VA,Stafford,Fredericksburg,22405.0,POINT (-77.4482232 38.3103344),51179010403.0
WA,Stevens,Colville,99114.0,POINT (-117.90431 48.547075),53065950500.0
WA,Yakima,Yakima,98908.0,POINT (-120.6027202 46.5965625),53077002801.0
WA,Snohomish,Lake Stevens,98258.0,POINT (-122.112265 48.0047),53061052505.0
WA,Clark,Vancouver,98661.0,POINT (-122.641835 45.638545),53011042800.0
WA,Spokane,Airway Heights,99001.0,POINT (-117.587785 47.64677),53063010401.0
WA,Clark,Vancouver,98661.0,POINT (-122.641835 45.638545),53011042602.0
WA,King,Seattle,98104.0,POINT (-122.329075 47.6018),53033008200.0
WA,Skamania,Carson,98610.0,POINT (-121.8239085 45.7428006),53059950400.0
WA,King,Seattle,98133.0,POINT (-122.34584 47.76726),53033000601.0
WA,Spokane,Chattaroy,99003.0,POINT (-117.357645 47.89189),53063010305.0
WA,Skagit,Sedro-Woolley,98284.0,POINT (-122.235035 48.503325),53057951300.0
WA,Douglas,Bridgeport,98813.0,POINT (-119.67319 48.007315),53017950102.0
WA,Spokane,Spokane Valley,99037.0,POINT (-117.19651 47.65942),53063013002.0
WA,Pierce,Buckley,98321.0,POINT (-122.029685 47.161465),53053070311.0
WA,King,Burien,98146.0,POINT (-122.355145 47.505655),53033026700.0
WA,King,Seattle,98117.0,POINT (-122.37275 47.68968),53033001701.0
WA,Spokane,Spokane,99224.0,POINT (-117.460225 47.64927),53063013502.0
WA,King,Enumclaw,98022.0,POINT (-121.98953 47.20347),53033031501.0
WA,Walla Walla,Walla Walla Co,99362.0,POINT (-118.34332 46.063985),53071920200.0
MD,Montgomery,Kensington,20895.0,POINT (-77.073155 39.028465),24031704100.0
WA,Pierce,Gig Harbor,98329.0,POINT (-122.6657985 47.383359),53053072601.0
WA,Clark,Vancouver,98682.0,POINT (-122.5146473 45.67862),53011041334.0
WA,Pierce,Bonney Lake,98391.0,POINT (-122.183805 47.18062),53053070315.0
WA,Cowlitz,Longview,98632.0,POINT (-122.9379953 46.1372997),53015000706.0
WA,Grays Harbor,Oakville,98568.0,POINT (-123.23165 46.8410324),53027000700.0
WA,Pierce,Tacoma,98418.0,POINT (-122.439165 47.22468),53053061800.0
WA,Grant,Lakeview,98851.0,POINT (-119.485115 47.38686),53025010300.0
WA,Douglas,Waterville,98858.0,POINT (-120.071735 47.64645),53017950200.0
WA,Benton,Kennewick,99336.0,POINT (-119.113535 46.204945),53005011201.0
WA,King,Seattle,98109.0,POINT (-122.34848 47.632405),53033006000.0
WA,Thurston,Olympia,98502.0,POINT (-122.92145 47.045935),53067010520.0
WA,Pacific,Chinook,98614.0,POINT (-123.9490486 46.2769106),53049950400.0
WA,Kittitas,Cle Elum,98922.0,POINT (-120.938305 47.195355),53037975102.0
WA,King,Bellevue,98006.0,POINT (-122.16937 47.571015),53033024704.0
WA,King,Seattle,98133.0,POINT (-122.34584 47.76726),53033001400.0
WA,King,Renton,98056.0,POINT (-122.180505 47.500055),53033025402.0
WA,Pierce,Mcchord Afb,98438.0,POINT (-122.49046 47.12834),53053072901.0
WA,King,Seattle,98109.0,POINT (-122.34848 47.632405),53033006800.0
WA,King,Bellevue,98008.0,POINT (-122.11832 47.6245),53033023000.0
WA,Benton,Richland,99352.0,POINT (-119.2952071 46.272495),53005010500.0
SC,Dorchester,Summerville,29483.0,POINT (-80.17227 33.025765),45035010506.0
WA,King,Woodinville,98072.0,POINT (-122.151665 47.75855),53033021802.0
CT,New London,Pawcatuck,6379.0,POINT (-71.8380592 41.3760363),9011705101.0
WA,Clark,Vancouver,98682.0,POINT (-122.5146473 45.67862),53011041317.0
WA,Clark,Vancouver,98660.0,POINT (-122.675975 45.630465),53011042300.0
WA,San Juan,Waldron,98297.0,POINT (-123.0257673 48.7106423),53055960103.0
WA,Snohomish,Mill Creek,98012.0,POINT (-122.1876761 47.820517),53061041704.0
WA,Clark,Vancouver,98665.0,POINT (-122.66592 45.678565),53011040812.0
WA,Yakima,Outlook,98938.0,POINT (-120.093285 46.331365),53077002201.0
WA,King,Seattle,98177.0,POINT (-122.382425 47.77279),53033020800.0
WA,Pierce,Tacoma,98405.0,POINT (-122.45153 47.251135),53053061501.0
WA,Kitsap,Poulsbo,98370.0,POINT (-122.64177 47.737525),53035090202.0
WA,Mason,Hoodsport,98548.0,POINT (-123.2021319 47.4168231),53045960100.0
WA,Clark,Washougal,98671.0,POINT (-122.3538285 45.5838634),53011040512.0
TX,Bexar,San Antonio,78233.0,POINT (-98.38383 29.53585),48029121802.0
WA,Chelan,Wenatchee,98801.0,POINT (-120.32009 47.42255),53007961200.0
WA,Snohomish,Edmonds,98026.0,POINT (-122.335685 47.80372),53061042004.0
WA,Lewis,Randle,98377.0,POINT (-121.920025 46.53731),53041972000.0
WA,Snohomish,Everett,98201.0,POINT (-122.20722 47.979935),53061041000.0
WA,Snohomish,Lynnwood,98037.0,POINT (-122.297265 47.84182),53061050200.0
WA,San Juan,Anacortes,98221.0,POINT (-122.615305 48.501275),53055960502.0
WA,Pierce,Bonney Lake,98391.0,POINT (-122.183805 47.18062),53053070307.0
WA,Pierce,Tacoma,98406.0,POINT (-122.490985 47.26365),53053060907.0
WA,Pierce,Puyallup,98371.0,POINT (-122.299155 47.19178),53053073404.0
WA,Lewis,Centralia,98531.0,POINT (-122.962555 46.716875),53041970300.0
WA,Yakima,Zillah,98951.0,POINT (-120.421245 46.44554),53077002202.0
WA,Mason,Shelton,98584.0,POINT (-123.105305 47.211085),53045960600.0
OR,Deschutes,Bend,97703.0,POINT (-121.314525 44.058585),41017001302.0
WA,Pierce,Tacoma,98406.0,POINT (-122.490985 47.26365),53053061100.0
WA,Benton,West Richland,99353.0,POINT (-119.3535873 46.2778489),53005010701.0
WA,Clark,Battle Ground,98604.0,POINT (-122.53218 45.77945),53011040413.0
WA,Grant,Royal City,99357.0,POINT (-119.630615 46.899585),53025011405.0
WA,King,Seattle,98188.0,POINT (-122.29179 47.43473),53033028802.0
WA,Clark,Vancouver,98662.0,POINT (-122.5918493 45.6617058),53011040714.0
WA,Yakima,Selah,98942.0,POINT (-120.54188 46.654175),53077003100.0
WA,Pierce,Puyallup,98372.0,POINT (-122.28718 47.190465),53053070401.0
WA,Spokane,Medical Lake,99022.0,POINT (-117.6773 47.573335),53063014100.0
WA,King,Seatac,98188.0,POINT (-122.29179 47.43473),53033028300.0
WA,Pierce,Lakewood,98439.0,POINT (-122.529685 47.127165),53053072901.0
WA,Pierce,Tacoma,98404.0,POINT (-122.4096963 47.2174975),53053063200.0
WA,Chelan,Chelan,98816.0,POINT (-120.015875 47.839895),53007960400.0
WA,King,Seattle,98119.0,POINT (-122.363815 47.63046),53033005902.0
WA,King,Auburn,98092.0,POINT (-122.1820969 47.3198995),53033031601.0
WA,Snohomish,Granite Falls,98252.0,POINT (-121.96994 48.08334),53061053606.0
VA,Alexandria,Alexandria,22304.0,POINT (-77.1236347 38.8112512),51510200304.0
WA,King,Sammamish,98074.0,POINT (-122.0313266 47.6285782),53033032225.0
WA,King,Seattle,98115.0,POINT (-122.3185 47.67949),53033004102.0
WA,King,Snoqualmie Pass,98068.0,POINT (-121.3988798 47.392842),53033032706.0
WA,King,Seattle,98105.0,POINT (-122.319115 47.66132),53033005303.0
WA,Pierce,South Hill,98375.0,POINT (-122.3085456 47.1042426),53053073127.0
VA,Fairfax,Alexandria,22307.0,POINT (-77.062645 38.77521),51059415600.0
WA,Pacific,Ilwaco,98624.0,POINT (-124.03897 46.30954),53049950400.0
WA,Pierce,Puyallup,98371.0,POINT (-122.299155 47.19178),53053071100.0
WA,Spokane,Spokane,99208.0,POINT (-117.40725 47.718625),53063010901.0
WA,King,Kenmore,98028.0,POINT (-122.2504747 47.7617128),53033021701.0
WA,Yakima,Yakima,98901.0,POINT (-120.500225 46.6043),53077001701.0
VA,Fairfax,Herndon,20171.0,POINT (-77.407525 38.948465),51059482502.0
SC,Charleston,Charleston Afb,29404.0,POINT (-80.05572 32.89661),45019003200.0
WA,King,Newcastle,98056.0,POINT (-122.180505 47.500055),53033025001.0
WA,King,Burien,98168.0,POINT (-122.286465 47.476),53033027400.0
CA,Santa Clara,Cupertino,95014.0,POINT (-122.02869 37.320015),6085507806.0
AL,Mobile,Mobile,36619.0,POINT (-88.17021 30.591305),1097006803.0
WA,King,Shoreline,98133.0,POINT (-122.34584 47.76726),53033020900.0
WA,Spokane,Spokane,99212.0,POINT (-117.288055 47.68043),53063012401.0
WA,King,Seattle,98112.0,POINT (-122.306935 47.62441),53033006400.0
WA,Snohomish,Monroe,98272.0,POINT (-121.972215 47.85674),53061052208.0
WA,King,Kent,98031.0,POINT (-122.2012521 47.3931814),53033029505.0
WA,Thurston,Lacey,98503.0,POINT (-122.8285 47.03646),53067011200.0
VA,Norfolk,Norfolk,23503.0,POINT (-76.240465 36.93896),51710000600.0
WA,King,Federal Way,98023.0,POINT (-122.363215 47.3084),53033030310.0
WA,Benton,Plymouth,99346.0,POINT (-119.35775 45.93503),53005011600.0
WA,Kitsap,Bremerton,98310.0,POINT (-122.611365 47.575195),53035080102.0
WA,Clark,Vancouver,98683.0,POINT (-122.4853873 45.6083347),53011041325.0
WA,Pierce,Parkland,98446.0,POINT (-122.377475 47.096645),53053071305.0
WA,Mason,Shelton,98584.0,POINT (-123.105305 47.211085),53045960800.0
WA,King,Seattle,98118.0,POINT (-122.28339 47.549285),53033010102.0
WA,King,Bellevue,98005.0,POINT (-122.16085 47.624515),53033023702.0
WA,Snohomish,Lynnwood,98087.0,POINT (-122.2551991 47.8650827),53061041704.0
WA,Skagit,Mount Vernon,98274.0,POINT (-122.32284 48.41653),53057952405.0
FL,Escambia,Pensacola,32506.0,POINT (-87.277785 30.418225),12033002601.0
WA,Lewis,Morton,98356.0,POINT (-122.27838 46.556285),53041971900.0
WA,King,Seattle,98177.0,POINT (-122.382425 47.77279),53033000500.0
WA,Lewis,Winlock,98596.0,POINT (-122.94 46.491135),53041971502.0
WA,King,Seatac,98188.0,POINT (-122.29179 47.43473),53033028100.0
WA,Whatcom,Deming,98244.0,POINT (-122.2147543 48.8233229),53073010101.0
WA,Pierce,Tacoma,98407.0,POINT (-122.5113356 47.2923828),53053060908.0
WA,Snohomish,Marysville,98270.0,POINT (-122.17673 48.05542),53061052809.0
WA,King,Des Moines,98198.0,POINT (-122.3219166 47.4013897),53033029003.0
WA,King,Seattle,98103.0,POINT (-122.34301 47.659185),53033005401.0
WA,Snohomish,Bothell,98012.0,POINT (-122.1876761 47.820517),53061051937.0
WA,King,Redmond,98053.0,POINT (-122.0370611 47.6887161),53033032318.0
WA,Spokane,Spokane Valley,99216.0,POINT (-117.21264 47.6587754),53063012801.0
WA,Asotin,Clarkston,99403.0,POINT (-117.045685 46.4163),53003960500.0
WA,Franklin,Pasco,99301.0,POINT (-119.0982 46.232395),53021980100.0
WA,Skagit,Anacortes,98221.0,POINT (-122.615305 48.501275),53057940402.0
WA,King,Seattle,98126.0,POINT (-122.37439 47.54468),53033009900.0
WA,King,Bellevue,98006.0,POINT (-122.16937 47.571015),53033024902.0
WA,Pacific,Long Beach,98631.0,POINT (-124.05412 46.3466),53049950600.0
WA,Thurston,Yelm,98597.0,POINT (-122.61023 46.94126),53067012420.0
WA,Snohomish,Snohomish,98290.0,POINT (-122.091505 47.915555),53061053605.0
WA,Snohomish,Snohomish,98290.0,POINT (-122.091505 47.915555),53061052104.0
WA,Lewis,Napavine,98532.0,POINT (-122.96692 46.66113),53041971300.0
CA,Orange,Newport Beach,92660.0,POINT (-117.875105 33.63889),6059063004.0
AK,Anchorage,Eagle River,99577.0,POINT (-149.5683 61.323155),2020000206.0
WA,King,Renton,98059.0,POINT (-122.15734 47.487175),53033025006.0
WA,Spokane,Spokane Valley,99216.0,POINT (-117.21264 47.6587754),53063012902.0
WA,Spokane,Newman Lake,99027.0,POINT (-117.10722 47.698585),53063010101.0
WA,King,Auburn,98092.0,POINT (-122.1820969 47.3198995),53033031603.0
WA,Pierce,Tacoma,98433.0,POINT (-122.596275 47.097005),53053072908.0
WA,Skagit,Sedro-Woolley,98284.0,POINT (-122.235035 48.503325),53057951600.0
WA,King,Renton,98059.0,POINT (-122.15734 47.487175),53033031904.0
NV,Clark,Las Vegas,89166.0,POINT (-115.3226218 36.2997985),32003003229.0
WA,King,Seattle,98101.0,POINT (-122.33589 47.61099),53033008300.0
WA,Spokane,Elk,99009.0,POINT (-117.34985 48.017715),53063010102.0
WA,Pierce,Tacoma,98445.0,POINT (-122.40872 47.165675),53053071100.0
CA,Santa Clara,San Jose,95131.0,POINT (-121.87628 37.38175),6085504311.0
WA,Clark,Vancouver,98686.0,POINT (-122.6483953 45.7010427),53011040811.0
WA,Skagit,Sedro Woolley,98284.0,POINT (-122.235035 48.503325),53057950803.0
WA,Spokane,Spokane,99205.0,POINT (-117.42694 47.67946),53063001100.0
WA,King,Pacific,98001.0,POINT (-122.2849393 47.3384055),53033030404.0
WA,Clark,Ridgefield,98642.0,POINT (-122.74291 45.818445),53011040905.0
WA,Cowlitz,Longview,98632.0,POINT (-122.9379953 46.1372997),53015002100.0
WA,Cowlitz,Kelso,98626.0,POINT (-122.90724 46.14458),53015001700.0
WA,Pierce,Puyallup,98372.0,POINT (-122.28718 47.190465),53053073405.0
WA,Jefferson,Sequim,98382.0,POINT (-123.105015 48.08104),53031950501.0
TX,Galveston,Dickinson,77539.0,POINT (-95.053605 29.465655),48167720601.0
WA,Thurston,Olympia,98501.0,POINT (-122.89692 47.043535),53067010300.0
WA,King,Black Diamond,98042.0,POINT (-122.111625 47.36078),53033031605.0
WA,Snohomish,Arlington,98223.0,POINT (-122.12324 48.19485),53061053700.0
WA,Clark,Vancouver,98661.0,POINT (-122.641835 45.638545),53011041107.0
WA,King,Seattle,98126.0,POINT (-122.37439 47.54468),53033011601.0
WA,Okanogan,Riverside,98849.0,POINT (-119.509725 48.50223),53047970500.0
WA,King,Pacific,98047.0,POINT (-122.250215 47.25014),53033030901.0
WA,Grant,Moses Lake,98837.0,POINT (-119.2599876 47.1240154),53025010700.0
WA,Mason,Shelton,98584.0,POINT (-123.105305 47.211085),53045940000.0
WA,Whitman,Lacrosse,99143.0,POINT (-117.879945 46.813895),53075001000.0
WA,King,Seattle,98112.0,POINT (-122.306935 47.62441),53033007501.0
WA,King,Shoreline,98133.0,POINT (-122.34584 47.76726),53033020700.0
WA,Chelan,Leavenworth,98826.0,POINT (-120.6619153 47.5970083),53007960501.0
NY,Jefferson,Watertown,13603.0,POINT (-75.814045 44.04458),36045060803.0
WA,Jefferson,Port Townsend,98368.0,POINT (-122.7644197 48.1195874),53031950602.0
NC,Harnett,Sanford,27332.0,POINT (-79.149295 35.4523),37085071303.0
AP,King,Seattle,Unknown,POINT (-122.12302 47.67668),Unknown
WA,King,Federal Way,98003.0,POINT (-122.31327 47.32329),53033030102.0
MD,Washington,Keedysville,21756.0,POINT (-77.7003083 39.4842862),24043011501.0
WA,Clark,Vancouver,98662.0,POINT (-122.5918493 45.6617058),53011040703.0
WA,King,Bellevue,98005.0,POINT (-122.16085 47.624515),53033022805.0
OH,Hamilton,Cincinnati,45243.0,POINT (-84.361765 39.18712),39061024100.0
WA,King,Seattle,98144.0,POINT (-122.30823 47.581975),53033009000.0
WA,King,Normandy Park,98148.0,POINT (-122.32863 47.46233),53033028600.0
WA,Clark,Vancouver,98684.0,POINT (-122.51692 45.6228),53011041337.0
WA,Stevens,Kettle Falls,99141.0,POINT (-118.056575 48.604475),53065950102.0
WA,Thurston,Tumwater,98512.0,POINT (-122.9131017 47.0135926),53067011822.0
WA,Snohomish,Bothell,98012.0,POINT (-122.1876761 47.820517),53061052122.0
WA,Spokane,Spokane,99202.0,POINT (-117.383045 47.661935),53063002600.0
WA,Whatcom,Bellingham,98225.0,POINT (-122.486115 48.761615),53073000401.0
WA,Pierce,Tacoma,98406.0,POINT (-122.490985 47.26365),53053061002.0
WA,Benton,Kennewick,99338.0,POINT (-119.1973001 46.1911488),53005011002.0
WA,King,Seattle,98116.0,POINT (-122.38679 47.56484),53033009801.0
WA,Klickitat,Bz Corner,98672.0,POINT (-121.48347 45.72977),53039950302.0
WA,Clark,Vancouver,98665.0,POINT (-122.66592 45.678565),53011040809.0
WA,King,Kirkland,98033.0,POINT (-122.20264 47.6785),53033022605.0
WA,Snohomish,Lake Stevens,98258.0,POINT (-122.112265 48.0047),53061052707.0
WA,Clark,Camas,98607.0,POINT (-122.405565 45.59009),53011040511.0
WA,King,Ravensdale,98051.0,POINT (-121.98104 47.358625),53033031603.0
WA,Franklin,Eltopia,99330.0,POINT (-119.0189476 46.4536241),53021020608.0
WA,Skagit,Sedro-Woolley,98284.0,POINT (-122.235035 48.503325),53057951400.0
WA,King,Seattle,98168.0,POINT (-122.286465 47.476),53033027300.0
WA,Snohomish,Everett,98206.0,POINT (-122.319018929 48.01306),53061052104.0
WA,King,Bellevue,98007.0,POINT (-122.147385 47.599975),53033023702.0
WA,Stevens,Colville,99114.0,POINT (-117.90431 48.547075),53065950200.0
MD,Montgomery,Potomac,20854.0,POINT (-77.1819961 39.0630443),24031701006.0
WA,Adams,Othello,99344.0,POINT (-119.168765 46.826175),53001950301.0
WA,Spokane,Spokane Valley,99212.0,POINT (-117.288055 47.68043),53063013401.0
WA,King,Seattle,98144.0,POINT (-122.30823 47.581975),53033010102.0
WA,King,Shoreline,98177.0,POINT (-122.382425 47.77279),53033020100.0
AZ,Maricopa,Tempe,85281.0,POINT (-111.9455244 33.42316),4013318700.0
OR,Lane,Eugene,97404.0,POINT (-123.1362172 44.1185666),41039002401.0
WA,Mason,Shelton,98584.0,POINT (-123.105305 47.211085),53045960202.0
MD,Charles,Waldorf,20603.0,POINT (-76.92095 38.62367),24017850713.0
WA,King,Kent,98032.0,POINT (-122.235475 47.3809),53033029004.0
WA,Pend Oreille,Elk,99009.0,POINT (-117.34985 48.017715),53051970500.0
WA,Ferry,Keller,99140.0,POINT (-118.6846777 48.0787283),53019940000.0
WA,King,Seattle,98119.0,POINT (-122.363815 47.63046),53033007001.0
WA,Snohomish,Everett,98201.0,POINT (-122.20722 47.979935),53061040900.0
WA,King,Carnation,98053.0,POINT (-122.0370611 47.6887161),53033032315.0
WA,Kitsap,Hansville,98340.0,POINT (-122.57781 47.903975),53035090101.0
WA,King,Shoreline,98155.0,POINT (-122.3175 47.7578146),53033021100.0
WA,Lewis,Onalaska,98570.0,POINT (-122.71921 46.577),53041971200.0
TX,Collin,Plano,75026.0,POINT (-96.770003164 33.042971407),48085031681.0
WA,Spokane,Spokane,99212.0,POINT (-117.288055 47.68043),53063012300.0
WA,King,Seattle,98178.0,POINT (-122.234385 47.494545),53033011901.0
WA,Jefferson,Chimacum,98325.0,POINT (-122.7811346 48.0162652),53031950501.0
WA,Grays Harbor,Elma,98541.0,POINT (-123.410105 47.00679),53027000600.0
WA,King,Seattle,98118.0,POINT (-122.28339 47.549285),53033011802.0
WA,Spokane,Spokane,99217.0,POINT (-117.35609 47.68401),53063011203.0
WA,Snohomish,Everett,98204.0,POINT (-122.240535 47.91139),53061041906.0
WA,King,Kirkland,98033.0,POINT (-122.20264 47.6785),53033022702.0
WA,King,Seattle,98105.0,POINT (-122.319115 47.66132),53033004101.0
IL,Champaign,Champaign,61822.0,POINT (-88.2937957 40.0832406),17019000902.0
WA,Spokane,Spokane,99208.0,POINT (-117.40725 47.718625),53063011102.0
WA,King,Federal Way,98023.0,POINT (-122.363215 47.3084),53033030101.0
WA,King,Seattle,98105.0,POINT (-122.319115 47.66132),53033005201.0
WA,Stevens,Ford,99013.0,POINT (-117.8112946 47.8321008),53065941000.0
WA,King,Seattle,98119.0,POINT (-122.363815 47.63046),53033007101.0
WA,Spokane,Spokane Valley,99216.0,POINT (-117.21264 47.6587754),53063012701.0
WA,Grant,Moses Lake,98837.0,POINT (-119.2599876 47.1240154),53025010800.0
WA,Pierce,Spanaway,98387.0,POINT (-122.435115 47.1045),53053071503.0
WA,Thurston,Tenino,98589.0,POINT (-122.853421 46.8553318),53067012610.0
WA,Spokane,Greenacres,99016.0,POINT (-117.1407 47.673675),53063013300.0
WA,Pierce,Vaughn,98394.0,POINT (-122.769655 47.320505),53053072602.0
WA,Snohomish,Snohomish,98290.0,POINT (-122.091505 47.915555),53061052606.0
WA,King,Tukwila,98168.0,POINT (-122.286465 47.476),53033026300.0
WA,Grays Harbor,Moclips,98562.0,POINT (-124.064733792 47.337628),53027000202.0
WA,King,Kirkland,98034.0,POINT (-122.209285 47.71124),53033022201.0
CA,Santa Clara,San Jose,95120.0,POINT (-121.85907 37.21734),6085511905.0
WA,Okanogan,Tonasket,98855.0,POINT (-119.438935 48.70556),53047970400.0
MD,Montgomery,Gaithersburg,20879.0,POINT (-77.1675648 39.1617263),24031700104.0
WA,King,Seattle,98103.0,POINT (-122.34301 47.659185),53033004800.0
WA,King,Seattle,98125.0,POINT (-122.296385 47.71558),53033000601.0
WA,King,Seattle,98103.0,POINT (-122.34301 47.659185),53033001702.0
WA,Pierce,Buckley,98321.0,POINT (-122.029685 47.161465),53053070309.0
WA,Thurston,Olympia,98501.0,POINT (-122.89692 47.043535),53067011821.0
WA,Lewis,Curtis,98538.0,POINT (-123.1267988 46.567008),53041971502.0
WA,Thurston,Olympia,98513.0,POINT (-122.81709 46.988575),53067012330.0
WA,King,Kent,98031.0,POINT (-122.2012521 47.3931814),53033029405.0
WA,Cowlitz,Kelso,98626.0,POINT (-122.90724 46.14458),53015001000.0
CA,Sacramento,Sacramento,95833.0,POINT (-121.48028 38.61391),6067007010.0
WA,Snohomish,Everett,98208.0,POINT (-122.2247757 47.9156409),53061041808.0
WA,Benton,Prosser,99350.0,POINT (-119.769315 46.204995),53005011802.0
WA,Snohomish,Everett,98208.0,POINT (-122.2247757 47.9156409),53061041813.0
CO,Adams,Aurora,80019.0,POINT (-104.758935 39.80628),8001008354.0
WA,Spokane,Spokane,99208.0,POINT (-117.40725 47.718625),53063010902.0
VA,Virginia Beach,Virginia Beach,23462.0,POINT (-76.15202 36.846265),51810040600.0
WA,Island,Oak Harbor,98277.0,POINT (-122.67499 48.287295),53029971000.0
WA,Adams,Othello,99344.0,POINT (-119.168765 46.826175),53001950302.0
WA,Jefferson,Quilcene,98376.0,POINT (-122.8756509 47.823013),53031950202.0
FL,Palm Beach,Highland Beach,33487.0,POINT (-80.076295 26.404955),12099007414.0
WA,Pierce,Fircrest,98466.0,POINT (-122.537565 47.231645),53053072309.0
WA,King,Burien,98168.0,POINT (-122.286465 47.476),53033027000.0
WA,King,Seattle,98107.0,POINT (-122.378895 47.66905),53033003302.0
WA,Okanogan,Pateros,98846.0,POINT (-119.903265 48.05164),53047971000.0
WA,Spokane,Spokane,99205.0,POINT (-117.42694 47.67946),53063000600.0
WA,Pierce,Orting,98360.0,POINT (-122.2032237 47.0942956),53053073118.0
CO,Boulder,Longmont,80504.0,POINT (-104.9318061 40.152826),8013013211.0
WA,Island,Coupeville,98239.0,POINT (-122.6880708 48.2179983),53029971301.0
WA,King,Snoqualmie,98024.0,POINT (-121.8947186 47.56345),53033032604.0
WA,San Juan,Orcas,98280.0,POINT (-122.9428013 48.5981289),53055960102.0
IN,Allen,Fort Wayne,46802.0,POINT (-85.140945 41.07697),18003001200.0
WA,Clark,Vancouver,98665.0,POINT (-122.66592 45.678565),53011040803.0
WA,Chelan,Wenatchee,98801.0,POINT (-120.32009 47.42255),53007960804.0
WA,Clark,Vancouver,98661.0,POINT (-122.641835 45.638545),53011041111.0
WA,Pierce,Tacoma,98466.0,POINT (-122.537565 47.231645),53053072307.0
CO,El Paso,Colorado Springs,80923.0,POINT (-104.7100237 38.9185559),8041005120.0
WA,Spokane,Spokane,99208.0,POINT (-117.40725 47.718625),53063000400.0
WA,Snohomish,Everett,98012.0,POINT (-122.1876761 47.820517),53061041606.0
WA,Clark,Vancouver,98682.0,POINT (-122.5146473 45.67862),53011040603.0
WA,Snohomish,Arlington,98223.0,POINT (-122.12324 48.19485),53061053509.0
WA,King,Seattle,98125.0,POINT (-122.296385 47.71558),53033001100.0
WA,Spokane,Spokane,99206.0,POINT (-117.2459114 47.6525293),53063011600.0
WA,Skamania,North Bonneville,98639.0,POINT (-121.9755204 45.6395805),53059950200.0
WA,Clark,Brush Prairie,98606.0,POINT (-122.5485715 45.7336587),53011040713.0
WA,Okanogan,Carlton,98814.0,POINT (-120.1158629 48.2496045),53047971000.0
WA,King,Seattle,98125.0,POINT (-122.296385 47.71558),53033001000.0
WA,Spokane,Spokane,99218.0,POINT (-117.411805 47.745795),53063010901.0
WA,King,Auburn,98001.0,POINT (-122.2849393 47.3384055),53033030501.0
WA,King,Seattle,98126.0,POINT (-122.37439 47.54468),53033011500.0
WA,Walla Walla,Walla Walla,99362.0,POINT (-118.34332 46.063985),53071920600.0
WA,Spokane,Greenacres,99016.0,POINT (-117.1407 47.673675),53063013205.0
WA,Stevens,Gifford,99131.0,POINT (-118.14369 48.3068152),53065950900.0
WA,Thurston,Olympia,98516.0,POINT (-122.7510253 47.08149),53067012211.0
WA,Kitsap,Bremerton,98311.0,POINT (-122.6468815 47.6344364),53035091205.0
CA,Sacramento,Sacramento,95817.0,POINT (-121.46499 38.54744),6067001800.0
WA,King,Auburn,98001.0,POINT (-122.2849393 47.3384055),53033030801.0
WA,Thurston,Rochester,98579.0,POINT (-123.09573 46.82158),53067012720.0
CA,Los Angeles,Los Angeles,90016.0,POINT (-118.3417 34.02851),6037219902.0
WA,King,Kent,98031.0,POINT (-122.2012521 47.3931814),53033029508.0
WA,Lewis,Vader,98593.0,POINT (-122.954905 46.400235),53041971600.0
WA,King,Snoqualmie,98065.0,POINT (-121.8740496 47.5345546),53033032705.0
WA,Kitsap,Bremerton,98314.0,POINT (-122.6498459 47.561889),53035081400.0
WA,Thurston,Tumwater,98501.0,POINT (-122.89692 47.043535),53067010400.0
WA,Cowlitz,Woodland,98674.0,POINT (-122.73125 45.923065),53015001503.0
WA,Spokane,Spokane Valley,99206.0,POINT (-117.2459114 47.6525293),53063012500.0
WA,Spokane,Spokane,99224.0,POINT (-117.460225 47.64927),53063003601.0
WA,King,Lake Forest Park,98155.0,POINT (-122.3175 47.7578146),53033020402.0
WA,Klickitat,Goldendale,98620.0,POINT (-120.82557 45.821475),53039950102.0
WA,Okanogan,Oroville,98844.0,POINT (-119.43496 48.935165),53047970301.0
WA,Pierce,Tacoma,98445.0,POINT (-122.40872 47.165675),53053940004.0
WA,Grays Harbor,Quinault,98575.0,POINT (-123.8113708 47.4931571),53027000300.0
WA,Whatcom,Ferndale,98248.0,POINT (-122.6011039 48.85324),53073010301.0
WA,Lewis,Ethel,98542.0,POINT (-122.71614 46.5308781),53041971200.0
WA,Pacific,North Cove,98547.0,POINT (-124.084295 46.746475),53049950301.0
WA,Pierce,Fircrest,98466.0,POINT (-122.537565 47.231645),53053072311.0
WA,Thurston,Olympia,98501.0,POINT (-122.89692 47.043535),53067010802.0
WA,Pierce,University Place,98466.0,POINT (-122.537565 47.231645),53053061001.0
CA,San Diego,San Diego,92130.0,POINT (-117.1864294 32.9653351),6073021502.0
WA,Pierce,Tacoma,98403.0,POINT (-122.460375 47.26455),53053060500.0
WA,Spokane,Colbert,99005.0,POINT (-117.4015511 47.8159901),53063010303.0
WA,Clark,Vancouver,98665.0,POINT (-122.66592 45.678565),53011041008.0
WA,Clark,Camas,98607.0,POINT (-122.405565 45.59009),53011040603.0
FL,Collier,Naples,34108.0,POINT (-81.802285 26.25793),12021010215.0
WA,King,Seattle,98105.0,POINT (-122.319115 47.66132),53033005307.0
WA,Yakima,Yakima,98902.0,POINT (-120.524012 46.5973939),53077001100.0
WA,Stevens,Clayton,99110.0,POINT (-117.56666 47.99692),53065951301.0
WA,Pacific,Nahcotta,98640.0,POINT (-124.04853 46.4972),53049950802.0
CO,Arapahoe,Englewood,80111.0,POINT (-104.8750737 39.6055754),8005006861.0
CT,New London,Waterford,6385.0,POINT (-72.13939 41.346945),9011693700.0
WA,King,Auburn,98002.0,POINT (-122.222855 47.305065),53033030600.0
WA,King,Tukwila,98168.0,POINT (-122.286465 47.476),53033027200.0
WA,Yakima,Yakima,98908.0,POINT (-120.6027202 46.5965625),53077002900.0
WA,Clallam,Sequim,98382.0,POINT (-123.105015 48.08104),53009001600.0
CO,El Paso,Colorado Springs,80925.0,POINT (-104.6378786 38.738801),8041004518.0
MA,Middlesex,Chelmsford,1824.0,POINT (-71.3487326 42.5972887),25017317102.0
WA,Clark,Vancouver,98682.0,POINT (-122.5146473 45.67862),53011041319.0
WA,Grays Harbor,Aberdeen,98520.0,POINT (-123.8206 46.97789),53027001602.0
WA,Yakima,Sunnyside,98944.0,POINT (-120.011515 46.32189),53077001802.0
WA,Yakima,White Swan,98952.0,POINT (-120.72956 46.377845),53077940001.0
WA,Pierce,Puyallup,98373.0,POINT (-122.2987976 47.13795),53053071212.0
WA,Skagit,La Conner,98257.0,POINT (-122.5135345 48.3829111),53057940802.0
MD,Anne Arundel,Hanover,21076.0,POINT (-76.744915 39.13307),24003740108.0
WA,Spokane,Spokane,99217.0,POINT (-117.35609 47.68401),53063000202.0
WA,King,Renton,98058.0,POINT (-122.1298876 47.4451257),53033032007.0
WA,Spokane,Spangle,99031.0,POINT (-117.37668 47.42844),53063014300.0
WA,Spokane,Greenacres,99016.0,POINT (-117.1407 47.673675),53063013001.0
WA,Spokane,Spokane,99205.0,POINT (-117.42694 47.67946),53063002400.0
WA,King,Seattle,98126.0,POINT (-122.37439 47.54468),53033012000.0
WA,King,Sammamish,98075.0,POINT (-122.03309 47.58153),53033032215.0
WA,Lewis,Chehalis,98532.0,POINT (-122.96692 46.66113),53041970900.0
WA,Pierce,Puyallup,98375.0,POINT (-122.3085456 47.1042426),53053071309.0
WA,Douglas,East Wenatchee,98802.0,POINT (-120.28619 47.417755),53017950101.0
VA,Fairfax,Burke,22015.0,POINT (-77.27232 38.778115),51059431900.0
WA,Snohomish,Everett,98204.0,POINT (-122.240535 47.91139),53061041810.0
WA,Spokane,Spokane,99202.0,POINT (-117.383045 47.661935),53063004601.0
CA,Solano,Benicia,94510.0,POINT (-122.1549 38.05102),6095252102.0
NV,Clark,Las Vegas,89129.0,POINT (-115.324085 36.22763),32003003242.0
WA,Grays Harbor,Elma,98541.0,POINT (-123.410105 47.00679),53027000502.0
WA,Yakima,Wapato,98951.0,POINT (-120.421245 46.44554),53077001702.0
WA,Benton,Kennewick,99336.0,POINT (-119.113535 46.204945),53005011002.0
WA,Stevens,Addy,99101.0,POINT (-117.83807 48.35699),53065950800.0
WA,King,Kent,98030.0,POINT (-122.199755 47.37483),53033029203.0
CA,Los Angeles,Alhambra,91801.0,POINT (-118.126485 34.09465),6037481603.0
WA,King,Kent,98031.0,POINT (-122.2012521 47.3931814),53033029407.0
NJ,Camden,Haddonfield,8033.0,POINT (-75.0318124 39.8964256),34007603901.0
CA,Los Angeles,Lakewood,90713.0,POINT (-118.112685 33.85223),6037571000.0
CA,San Bernardino,Fort Irwin,92310.0,POINT (-116.700522 35.2586251),6071025000.0
CA,San Joaquin,Tracy,95377.0,POINT (-121.459465 37.747035),6077005502.0
WA,Spokane,Spokane,99224.0,POINT (-117.460225 47.64927),53063003900.0
NV,Clark,Las Vegas,89118.0,POINT (-115.192525 36.08814),32003002979.0
WA,King,Seattle,98118.0,POINT (-122.28339 47.549285),53033010101.0
WA,King,Renton,98055.0,POINT (-122.197 47.43876),53033029308.0
WA,King,Tukwila,98178.0,POINT (-122.234385 47.494545),53033026200.0
WA,Pierce,Tacoma,98411.0,POINT (-122.473635 47.219875),53053062600.0
WA,King,Shoreline,98177.0,POINT (-122.382425 47.77279),53033020200.0
WA,Snohomish,Snohomish,98296.0,POINT (-122.15134 47.8851158),53061052105.0
VA,Virginia Beach,Virginia Beach,23464.0,POINT (-76.2106404 36.8127923),51810046213.0
WA,Chelan,Wenatchee,98801.0,POINT (-120.32009 47.42255),53007961002.0
TX,Travis,Austin,78748.0,POINT (-97.838136 30.1532581),48453037100.0
WA,Pierce,Fife,98424.0,POINT (-122.36151 47.241885),53053940012.0
WA,Kitsap,Bremerton,98312.0,POINT (-122.65223 47.57192),53035091301.0
WA,King,Redmond,98052.0,POINT (-122.12302 47.67668),53033022802.0
WA,Whitman,Garfield,99130.0,POINT (-117.14329 47.00897),53075000700.0
WA,King,Seattle,98168.0,POINT (-122.286465 47.476),53033027000.0
WA,Pierce,Tacoma,98444.0,POINT (-122.43827 47.153995),53053071704.0
WA,King,Seattle,98115.0,POINT (-122.3185 47.67949),53033002600.0
CO,Boulder,Longmont,80501.0,POINT (-105.10686 40.16174),8013013307.0
WA,Pierce,Eatonville,98328.0,POINT (-122.270565 46.86822),53053073119.0
WA,Pacific,Frances,98577.0,POINT (-123.72855 46.686115),53049950400.0
WA,Kitsap,Bremerton,98337.0,POINT (-122.635905 47.57097),53035081400.0
WA,Yakima,Yakima,98908.0,POINT (-120.6027202 46.5965625),53077003400.0
WA,Kitsap,Bremerton,98310.0,POINT (-122.611365 47.575195),53035080101.0
WA,Thurston,Olympia,98501.0,POINT (-122.89692 47.043535),53067011626.0
WA,Yakima,Yakima,98908.0,POINT (-120.6027202 46.5965625),53077002803.0
WA,Skagit,Concrete,98237.0,POINT (-121.759005 48.5374),53057951101.0
WA,Skagit,Darrington,98241.0,POINT (-121.604165 48.252975),53057951102.0
MD,Anne Arundel,Fort George G Meade,20755.0,POINT (-76.7417254 39.1152863),24003740603.0
WA,Walla Walla,Walla Walla,99362.0,POINT (-118.34332 46.063985),53071920701.0
WA,Okanogan,Okanogan,98840.0,POINT (-119.5875704 48.3648226),53047940200.0
WA,King,Burien,98166.0,POINT (-122.34102 47.46593),53033027902.0
AZ,Maricopa,Mesa,85212.0,POINT (-111.6084812 33.3266891),4013817600.0
CA,San Diego,San Diego,92109.0,POINT (-117.250975 32.79247),6073007800.0
WA,King,Des Moines,98198.0,POINT (-122.3219166 47.4013897),53033028902.0
WA,Thurston,Yelm,98597.0,POINT (-122.61023 46.94126),53067012532.0
WA,San Juan,Orcas Is,98243.0,POINT (-122.9947196 48.6236846),53055960103.0
WA,Snohomish,Bothell,98012.0,POINT (-122.1876761 47.820517),53061051933.0
WA,King,Burien,98148.0,POINT (-122.32863 47.46233),53033028000.0
WA,Clark,Battle Ground,98604.0,POINT (-122.53218 45.77945),53011040407.0
WA,Lewis,Onalaska,98570.0,POINT (-122.71921 46.577),53041971100.0
WA,Spokane,Cheney,99004.0,POINT (-117.57579 47.492775),53063014001.0
WA,Snohomish,Index,98294.0,POINT (-121.814825 47.868195),53061053801.0
WA,Grays Harbor,Montesano,98563.0,POINT (-123.60535 46.982215),53027000800.0
WA,Island,Oak Harbor,98277.0,POINT (-122.67499 48.287295),53029970402.0
WA,Pierce,Tacoma,98404.0,POINT (-122.4096963 47.2174975),53053063401.0
WA,Asotin,Asotin,99402.0,POINT (-117.04437 46.338085),53003960100.0
WA,Snohomish,Everett,98208.0,POINT (-122.2247757 47.9156409),53061052120.0
WA,Stevens,Loon Lake,99148.0,POINT (-117.63454 48.05954),53065951302.0
WA,King,Shoreline,98133.0,POINT (-122.34584 47.76726),53033020301.0
CA,Contra Costa,Moraga,94556.0,POINT (-122.1284785 37.8307253),6013351200.0
NV,Clark,Las Vegas,89135.0,POINT (-115.33968 36.15098),32003005843.0
WA,Cowlitz,Longview,98632.0,POINT (-122.9379953 46.1372997),53015000801.0
WA,King,Seattle,98108.0,POINT (-122.326965 47.55015),53033010101.0
WA,Yakima,Mabton,98935.0,POINT (-119.996825 46.21362),53077002701.0
WA,King,Seattle,98177.0,POINT (-122.382425 47.77279),53033001400.0
WA,Okanogan,Omak,98841.0,POINT (-119.529965 48.41147),53047970601.0
WA,Skamania,Bingen,98605.0,POINT (-121.648859 45.7491397),53059950400.0
NC,Hoke,Raeford,28376.0,POINT (-79.22972 34.978705),37093970105.0
WA,Pierce,Tacoma,98446.0,POINT (-122.377475 47.096645),53053071306.0
WA,King,Auburn,98092.0,POINT (-122.1820969 47.3198995),53033031000.0
WA,King,Covington,98042.0,POINT (-122.111625 47.36078),53033031707.0
WA,Yakima,Yakima,98903.0,POINT (-120.477805 46.553505),53077003003.0
WA,Pierce,South Hill,98375.0,POINT (-122.3085456 47.1042426),53053071309.0
WA,Snohomish,Everett,98204.0,POINT (-122.240535 47.91139),53061041901.0
WA,Yakima,Prosser,99350.0,POINT (-119.769315 46.204995),53077002701.0
WA,Pierce,Tacoma,98402.0,POINT (-122.44131 47.25207),53053061601.0
CA,Orange,Irvine,92618.0,POINT (-117.7835648 33.6661876),6059062653.0
WA,Mason,Shelton,98584.0,POINT (-123.105305 47.211085),53045960100.0
WA,Kitsap,Bremerton,98311.0,POINT (-122.6468815 47.6344364),53035091702.0
WA,Thurston,Tenino,98589.0,POINT (-122.853421 46.8553318),53067012620.0
WA,Whitman,Endicott,99125.0,POINT (-117.68591 46.929075),53075000900.0
WA,Grays Harbor,Amanda Park,98526.0,POINT (-123.9252642 47.4710694),53027940000.0
WA,Chelan,Dryden,98821.0,POINT (-120.56105 47.541595),53007960502.0
WA,Grant,Othello,99344.0,POINT (-119.168765 46.826175),53025011401.0
NC,Harnett,Spring Lake,28390.0,POINT (-78.9769553 35.1704689),37085071203.0
WA,Pierce,Spanaway,98387.0,POINT (-122.435115 47.1045),53053073115.0
WA,Skagit,Concrete,98237.0,POINT (-121.759005 48.5374),53057951000.0
MA,Middlesex,Bedford,1730.0,POINT (-71.2785 42.491665),25017359100.0
MD,Montgomery,Bethesda,20814.0,POINT (-77.0987 38.98706),24031704404.0
VA,Fairfax,Alexandria,22308.0,POINT (-77.061349 38.7383059),51059415700.0
WA,Clark,Vancouver,98665.0,POINT (-122.66592 45.678565),53011041003.0
WA,Pierce,Incorporated,98466.0,POINT (-122.537565 47.231645),53053072311.0
CA,San Diego,Oceanside,92051.0,POINT (-117.36799 33.199075),6073018509.0
WA,Pierce,Tacoma,98444.0,POINT (-122.43827 47.153995),53053063401.0
WA,Spokane,Spokane,99218.0,POINT (-117.411805 47.745795),53063011203.0
WA,Snohomish,Monroe,98272.0,POINT (-121.972215 47.85674),53061052210.0
WA,Whatcom,Glacier,98244.0,POINT (-122.2147543 48.8233229),53073010102.0
WA,Kitsap,Port Orchard,98367.0,POINT (-122.6851642 47.506453),53035092802.0
NC,Randolph,Asheboro,27205.0,POINT (-79.837575 35.682875),37151030502.0
WA,Whatcom,Acme,98220.0,POINT (-122.20984 48.65409),53073010103.0
VA,Stafford,Stafford,22554.0,POINT (-77.410205 38.42543),51179010210.0
WA,Skagit,Mount Vernon,98274.0,POINT (-122.32284 48.41653),53057952500.0
WA,Grays Harbor,Amanda Park,98526.0,POINT (-123.9252642 47.4710694),53027000300.0
WA,King,Shoreline,98133.0,POINT (-122.34584 47.76726),53033020302.0
WA,King,Seattle,98117.0,POINT (-122.37275 47.68968),53033003202.0
WA,King,Pacific,98047.0,POINT (-122.250215 47.25014),53033030902.0
WA,Skagit,Sedro-Woolley,98284.0,POINT (-122.235035 48.503325),53057950802.0
KS,Sedgwick,Wichita,67218.0,POINT (-97.27832 37.67194),20173006400.0
WA,Benton,West Richland,99353.0,POINT (-119.3535873 46.2778489),53005010201.0
WA,Snohomish,Bothell,98072.0,POINT (-122.151665 47.75855),53061051938.0
WA,Clark,Battle Ground,98604.0,POINT (-122.53218 45.77945),53011040203.0
WA,Whitman,Pullman,99163.0,POINT (-117.17912 46.730885),53075000602.0
CA,Alameda,Fremont,94536.0,POINT (-122.009105 37.556805),6001441702.0
WA,Stevens,Tumtum,99034.0,POINT (-117.7910437 47.864569),53065951401.0
WA,Chelan,Wenatchee,98801.0,POINT (-120.32009 47.42255),53007960801.0
WA,Grant,Marlin,98832.0,POINT (-118.985845 47.40771),53025010200.0
WA,Lincoln,Davenport,99122.0,POINT (-118.15232 47.651205),53043960100.0
WA,Snohomish,Edmonds,98026.0,POINT (-122.335685 47.80372),53061051601.0
CA,Kern,Rosamond,93560.0,POINT (-118.167125 34.86287),6029005805.0
WA,Pierce,Joint Base Lewis Mcchord,98438.0,POINT (-122.49046 47.12834),53053072901.0
WA,Skagit,Sedro Woolley,98284.0,POINT (-122.235035 48.503325),53057951501.0
UT,Salt Lake,Salt Lake City,84115.0,POINT (-111.88824 40.729685),49035102900.0
WA,Benton,Richland,99352.0,POINT (-119.2952071 46.272495),53005010400.0
MD,Prince George's,Upper Marlboro,20774.0,POINT (-76.8140927 38.8899714),24033800521.0
WA,Snohomish,Lynnwood,98036.0,POINT (-122.3164188 47.819664),53061051927.0
WA,Snohomish,Shoreline,98177.0,POINT (-122.382425 47.77279),53061050600.0
CA,San Diego,Chula Vista,91915.0,POINT (-116.957235 32.62445),6073013319.0
WA,Snohomish,Bothell,98012.0,POINT (-122.1876761 47.820517),53061041703.0
WA,Benton,Kennewick,99336.0,POINT (-119.113535 46.204945),53005011401.0
ID,Kootenai,Worley,83876.0,POINT (-116.918081 47.480823),16055940000.0
WA,Snohomish,Monroe,98272.0,POINT (-121.972215 47.85674),53061052206.0
WA,Spokane,Spokane,99208.0,POINT (-117.40725 47.718625),53063011103.0
WA,Pierce,Fircrest,98466.0,POINT (-122.537565 47.231645),53053072310.0
WA,Grays Harbor,Cosmopolis,98537.0,POINT (-123.7758 46.952755),53027000700.0
TX,Williamson,Round Rock,78681.0,POINT (-97.6944 30.516005),48491020606.0
WA,Clark,Vancouver,98662.0,POINT (-122.5918493 45.6617058),53011040712.0
NE,Sarpy,Bellevue,68123.0,POINT (-95.9608972 41.1315757),31153010306.0
WA,Pierce,Tacoma,98466.0,POINT (-122.537565 47.231645),53053072309.0
GA,Richmond,Augusta,30905.0,POINT (-82.123655 33.399895),13245010802.0
WA,King,Des Moines,98003.0,POINT (-122.31327 47.32329),53033030102.0
WA,Chelan,Wenatchee,98801.0,POINT (-120.32009 47.42255),53007961303.0
WA,Asotin,Clarkston,99403.0,POINT (-117.045685 46.4163),53003960600.0
WA,Adams,Washtucna,99371.0,POINT (-118.3131408 46.7536204),53001950200.0
WA,Whitman,Pullman,99163.0,POINT (-117.17912 46.730885),53075000500.0
WA,Spokane,Spokane,99207.0,POINT (-117.39787 47.67936),53063000400.0
WA,King,Burien,98146.0,POINT (-122.355145 47.505655),53033026802.0
WA,King,Seattle,98126.0,POINT (-122.37439 47.54468),53033009802.0
WA,King,Seattle,98133.0,POINT (-122.34584 47.76726),53033000404.0
WA,King,Seattle,98115.0,POINT (-122.3185 47.67949),53033002700.0
WA,Lewis,Chehalis,98531.0,POINT (-122.962555 46.716875),53041971100.0
WA,Okanogan,Winthrop,98833.0,POINT (-120.405315 48.59203),53047970900.0
WA,San Juan,Orcas Is,98245.0,POINT (-122.907229 48.7016716),53055960102.0
NC,Orange,Chapel Hill,27516.0,POINT (-79.060615 35.909075),37135011208.0
WA,Benton,Kennewick,99338.0,POINT (-119.1973001 46.1911488),53005010902.0
WA,Pierce,Lakewood,98499.0,POINT (-122.5181098 47.1712579),53053071704.0
WA,King,Seattle,98168.0,POINT (-122.286465 47.476),53033026500.0
WA,Lewis,Glenoma,98336.0,POINT (-122.1228547 46.5337193),53041971900.0
WA,Douglas,Rock Island,98850.0,POINT (-120.144655 47.37695),53017950300.0
DC,District of Columbia,Washington,20024.0,POINT (-77.0152 38.87893),11001010202.0
WA,Grays Harbor,Copalis Crossing,98536.0,POINT (-124.1853792 47.1587097),53027000202.0
WA,Clark,Vancouver,98664.0,POINT (-122.589388 45.6228731),53011043000.0
WA,Spokane,Spokane Valley,99027.0,POINT (-117.10722 47.698585),53063011400.0
WA,Clark,Woodland,98674.0,POINT (-122.73125 45.923065),53011040201.0
WA,Cowlitz,Kelso,98626.0,POINT (-122.90724 46.14458),53015001100.0
WA,King,Kent,98032.0,POINT (-122.235475 47.3809),53033029102.0
CO,Las Animas,Trinidad,81082.0,POINT (-104.50359 37.16543),8071000800.0
WA,Snohomish,Everett,98203.0,POINT (-122.213105 47.95479),53061041904.0
WA,Pierce,Gig Harbor,98335.0,POINT (-122.5835454 47.3234488),53053072504.0
IL,St. Clair,Belleville,62220.0,POINT (-89.98149 38.513085),17163503304.0
WA,Clark,Yacolt,98675.0,POINT (-122.4066726 45.8651816),53011040102.0
WA,Clark,Vancouver,98685.0,POINT (-122.7033368 45.7042923),53011040909.0
WA,Clark,Vancouver,98665.0,POINT (-122.66592 45.678565),53011041009.0
WA,Benton,Prosser,99350.0,POINT (-119.769315 46.204995),53005011701.0
WA,King,Sammamish,98053.0,POINT (-122.0370611 47.6887161),53033032225.0
WA,Spokane,Spokane Valley,99212.0,POINT (-117.288055 47.68043),53063011701.0
WA,Clark,Vancouver,98684.0,POINT (-122.51692 45.6228),53011041320.0
WA,Lewis,Morton,98356.0,POINT (-122.27838 46.556285),53041971800.0
NY,Saratoga,Saratoga Springs,12866.0,POINT (-73.786645 43.080115),36091061102.0
WA,Jefferson,Quilcene,98376.0,POINT (-122.8756509 47.823013),53031950301.0
WA,Pierce,Gig Harbor,98329.0,POINT (-122.6657985 47.383359),53053072602.0
WA,King,Bellevue,98008.0,POINT (-122.11832 47.6245),53033023202.0
WA,Whitman,Colton,99113.0,POINT (-117.12633 46.566005),53075001000.0
WA,Pierce,South Hill,98373.0,POINT (-122.2987976 47.13795),53053071307.0
MN,Hennepin,Minneapolis,55408.0,POINT (-93.283445 44.94834),27053008100.0
WA,Spokane,Elk,99009.0,POINT (-117.34985 48.017715),53063010304.0
WA,Spokane,Spokane Valley,99037.0,POINT (-117.19651 47.65942),53063013003.0
WA,Skamania,White Salmon,98672.0,POINT (-121.48347 45.72977),53059950400.0
TX,Collin,Plano,75074.0,POINT (-96.69951 33.01967),48085031421.0
WA,Kitsap,Port Orchard,98366.0,POINT (-122.639265 47.5373),53035092600.0
NJ,Essex,Newark,7103.0,POINT (-74.18794 40.736555),34013001000.0
WA,King,Seattle,98117.0,POINT (-122.37275 47.68968),53033002900.0
WA,Spokane,Spokane,99207.0,POINT (-117.39787 47.67936),53063002502.0
WA,King,Ravensdale,98051.0,POINT (-121.98104 47.358625),53033032003.0
WA,Grant,Royal City,99357.0,POINT (-119.630615 46.899585),53025011401.0
WA,Pierce,Tacoma,98465.0,POINT (-122.53569 47.249445),53053061100.0
WA,Yakima,Yakima,98902.0,POINT (-120.524012 46.5973939),53077001202.0
WA,Spokane,Spokane Valley,99206.0,POINT (-117.2459114 47.6525293),53063011701.0
WA,Clark,Ridgefield,98642.0,POINT (-122.74291 45.818445),53011040412.0
MD,Anne Arundel,Gambrills,21054.0,POINT (-76.67903 39.038),24003702208.0
HI,Honolulu,Honolulu,96818.0,POINT (-157.9124 21.343675),15003007400.0
WA,King,Seattle,98125.0,POINT (-122.296385 47.71558),53033000101.0
WA,Chelan,Wenatchee,98801.0,POINT (-120.32009 47.42255),53007961301.0
WA,Clark,Vancouver,98662.0,POINT (-122.5918493 45.6617058),53011041203.0
CA,Ventura,Ventura,93001.0,POINT (-119.289265 34.280165),6111002400.0
WA,King,Seattle,98108.0,POINT (-122.326965 47.55015),53033010001.0
VA,Fairfax,Burke,22015.0,POINT (-77.27232 38.778115),51059432000.0
WA,Spokane,Spokane,99202.0,POINT (-117.383045 47.661935),53063003100.0
CA,Contra Costa,Pittsburg,94565.0,POINT (-121.884755 38.02894),6013313104.0
WA,Kitsap,Bremerton,98311.0,POINT (-122.6468815 47.6344364),53035091500.0
WA,Lincoln,Lincoln,99147.0,POINT (-118.4270914 47.8271662),53043960300.0
WA,King,Ravensdale,98038.0,POINT (-122.05191 47.357985),53033032010.0
WA,Snohomish,Everett,98204.0,POINT (-122.240535 47.91139),53061041813.0
WA,King,Bellevue,98005.0,POINT (-122.16085 47.624515),53033023701.0
WA,Clark,Vancouver,98665.0,POINT (-122.66592 45.678565),53011040806.0
WA,Snohomish,Arlington,98223.0,POINT (-122.12324 48.19485),53061052709.0
WA,Skagit,Hamilton,98255.0,POINT (-121.9874081 48.5178627),53057951000.0
WA,Kitsap,Belfair,98528.0,POINT (-122.8551647 47.4495785),53035092000.0
WA,Pierce,Puyallup,98373.0,POINT (-122.2987976 47.13795),53053071307.0
WA,Cowlitz,Kelso,98626.0,POINT (-122.90724 46.14458),53015001601.0
AZ,Maricopa,Phoenix,85040.0,POINT (-112.00581 33.40557),4013115900.0
WA,Adams,Othello,99344.0,POINT (-119.168765 46.826175),53001950200.0
WA,Pend Oreille,Newport,99156.0,POINT (-117.049135 48.181095),53051970200.0
WA,Pierce,Tacoma,98402.0,POINT (-122.44131 47.25207),53053060500.0
WA,Yakima,Granger,98932.0,POINT (-120.1934 46.345135),53077002104.0
WA,Clark,Vancouver,98682.0,POINT (-122.5146473 45.67862),53011040714.0
MD,Montgomery,Chevy Chase,20815.0,POINT (-77.07715 38.983575),24031704803.0
AZ,Maricopa,Phoenix,85086.0,POINT (-112.1287004 33.8075013),4013610500.0
WA,King,Seattle,98103.0,POINT (-122.34301 47.659185),53033002700.0
WA,Thurston,Tumwater,98512.0,POINT (-122.9131017 47.0135926),53067010801.0
WA,Grant,Mattawa,99349.0,POINT (-119.901675 46.7377996),53025011403.0
WA,Walla Walla,Walla Walla,99362.0,POINT (-118.34332 46.063985),53071920801.0
HI,Maui,Kihei,96753.0,POINT (-156.4531185 20.7761437),15009030307.0
WA,Thurston,Olympia,98513.0,POINT (-122.81709 46.988575),53067012320.0
WA,Skagit,Burlington,98233.0,POINT (-122.33079 48.474765),53057950803.0
WA,King,Shoreline,98133.0,POINT (-122.34584 47.76726),53033020600.0
WA,Lewis,Cinebar,98533.0,POINT (-122.5278704 46.5863832),53041971800.0
WA,King,Seattle,98122.0,POINT (-122.30839 47.610365),53033008401.0
WA,Klickitat,Roosevelt,98620.0,POINT (-120.82557 45.821475),53039950101.0
AZ,Maricopa,Goodyear,85395.0,POINT (-112.37676 33.485335),4013061064.0
WA,King,Seattle,98125.0,POINT (-122.296385 47.71558),53033001900.0
WA,Pierce,Tacoma,98445.0,POINT (-122.40872 47.165675),53053071306.0
WA,Jefferson,Port Hadlock,98339.0,POINT (-122.7759694 48.041403),53031950400.0
WA,King,Preston,98024.0,POINT (-121.8947186 47.56345),53033032221.0
CA,Solano,Vacaville,95688.0,POINT (-121.993505 38.353465),6095253101.0
WA,Thurston,Olympia,98516.0,POINT (-122.7510253 47.08149),53067012320.0
WA,King,Renton,98055.0,POINT (-122.197 47.43876),53033029305.0
WA,San Juan,Lopez Is,98261.0,POINT (-122.9109264 48.5262809),53055960501.0
MA,Middlesex,Hanscom Afb,1731.0,POINT (-71.2733214 42.4595927),25017360300.0
CA,Monterey,Seaside,93955.0,POINT (-121.848325 36.606985),6053014108.0
WA,Skagit,Mount Vernon,98274.0,POINT (-122.32284 48.41653),53057952401.0
WA,King,Burien,98166.0,POINT (-122.34102 47.46593),53033028600.0
WA,King,Kent,98042.0,POINT (-122.111625 47.36078),53033029307.0
WA,Clark,Vancouver,98664.0,POINT (-122.589388 45.6228731),53011041207.0
WA,King,Shoreline,98155.0,POINT (-122.3175 47.7578146),53033021300.0
WA,Clark,Vancouver,98683.0,POINT (-122.4853873 45.6083347),53011041328.0
OR,Lane,Springfield,97477.0,POINT (-123.01953 44.05014),41039003302.0
WA,King,Seattle,98102.0,POINT (-122.3223156 47.6402108),53033007403.0
CA,Alameda,Alameda,94501.0,POINT (-122.238665 37.76311),6001427900.0
WA,Kitsap,Seabeck,98380.0,POINT (-122.847462 47.63836),53035091301.0
WA,King,Seattle,98116.0,POINT (-122.38679 47.56484),53033009802.0
TX,Collin,Prosper,75078.0,POINT (-96.797925 33.25034),48085030304.0
WA,Lewis,Rochester,98579.0,POINT (-123.09573 46.82158),53041970100.0
TX,Bell,Killeen,76542.0,POINT (-97.74709 31.09733),48027022402.0
WA,Benton,Richland,99338.0,POINT (-119.1973001 46.1911488),53005010811.0
WA,King,Seattle,98112.0,POINT (-122.306935 47.62441),53033006100.0
WA,Snohomish,Marysville,98271.0,POINT (-122.1713847 48.10433),53061053102.0
WA,Yakima,Yakima,98902.0,POINT (-120.524012 46.5973939),53077000301.0
WA,Thurston,Lacey,98503.0,POINT (-122.8285 47.03646),53067012330.0
WA,King,Bellevue,98004.0,POINT (-122.201905 47.61385),53033023801.0
CA,Santa Clara,San Jose,95135.0,POINT (-121.7722461 37.311059),6085503329.0
FL,Hillsborough,Tampa,33621.0,POINT (-82.486525 27.85257),12057007300.0
TX,Nueces,Corpus Christi,78414.0,POINT (-97.365265 27.6835),48355003202.0
CA,Ventura,Camarillo,93010.0,POINT (-119.042975 34.22104),6111005503.0
WA,Spokane,Spokane,99218.0,POINT (-117.411805 47.745795),53063010506.0
WA,Kitsap,Port Orchard,98366.0,POINT (-122.639265 47.5373),53035092704.0
CA,San Diego,San Diego,92107.0,POINT (-117.245975 32.746635),6073007002.0
WA,Kittitas,Ellensburg,98926.0,POINT (-120.544475 46.994),53037975403.0
WA,Thurston,Olympia,98512.0,POINT (-122.9131017 47.0135926),53067010920.0
WA,Spokane,Valleyford,99036.0,POINT (-117.24097 47.532105),53063013300.0
DC,District of Columbia,Washington,20003.0,POINT (-76.985835 38.88411),11001007201.0
WA,Yakima,Sunnyside,98944.0,POINT (-120.011515 46.32189),53077002003.0
CA,San Diego,Coronado,92118.0,POINT (-117.1777 32.68979),6073021600.0
WA,King,Redmond,98014.0,POINT (-121.9105947 47.6483005),53033032315.0
CA,Sacramento,Sacramento,95828.0,POINT (-121.4242477 38.5024987),6067009201.0
VA,Portsmouth,Portsmouth,23707.0,POINT (-76.34389 36.829805),51740211600.0
VA,Virginia Beach,Virginia Beach,23456.0,POINT (-76.11799 36.784765),51810046016.0
WA,Spokane,Greenacres,99016.0,POINT (-117.1407 47.673675),53063012402.0
WA,King,Seattle,98115.0,POINT (-122.3185 47.67949),53033003601.0
CA,Solano,Travis Afb,94535.0,POINT (-121.939304 38.276124),6095252801.0
WA,Pierce,Lakewood,98498.0,POINT (-122.547645 47.176685),53053072111.0
WA,Cowlitz,Woodland,98674.0,POINT (-122.73125 45.923065),53015001501.0
WA,Spokane,Spokane Valley,99037.0,POINT (-117.19651 47.65942),53063013001.0
VA,Suffolk,Suffolk,23435.0,POINT (-76.42047 36.87704),51800075203.0
WA,King,Lake Forest Park,98155.0,POINT (-122.3175 47.7578146),53033021500.0
WA,Clallam,Sekiu,98381.0,POINT (-124.3719568 48.2843699),53009002400.0
WA,Yakima,Yakima,98902.0,POINT (-120.524012 46.5973939),53077000700.0
WA,King,Burien,98168.0,POINT (-122.286465 47.476),53033026400.0
WA,King,Seattle,98119.0,POINT (-122.363815 47.63046),53033005804.0
WA,Kitsap,Bremerton,98337.0,POINT (-122.635905 47.57097),53035080600.0
WA,Skagit,Sedro-Woolley,98284.0,POINT (-122.235035 48.503325),53057950803.0
WA,Franklin,Mesa,99343.0,POINT (-119.1511997 46.592392),53021020801.0
MD,Frederick,Middletown,21769.0,POINT (-77.54559 39.44235),24021752602.0
HI,Honolulu,Ewa Beach,96706.0,POINT (-158.019325 21.33516),15003008410.0
WA,Clark,Vancouver,98662.0,POINT (-122.5918493 45.6617058),53011040806.0
WA,Stevens,Kettle Falls,99141.0,POINT (-118.056575 48.604475),53065950101.0
WA,Spokane,Spokane Valley,99206.0,POINT (-117.2459114 47.6525293),53063012801.0
WA,Pacific,Tokeland,98590.0,POINT (-123.9965452 46.711147),53049950301.0
WA,Grays Harbor,Aberdeen,98520.0,POINT (-123.8206 46.97789),53027001300.0
MD,Howard,Ellicott City,21042.0,POINT (-76.83207 39.276485),24027602201.0
