video_id,title,description,published_at,channel_id,channel_title,category_id,tags,duration,definition,caption,view_count,like_count,comment_count,urls_links,url_count,url_types,hashtags,hashtag_count,clean_description,tags_clean,tag_count,published_at_date,publish_month,publish_month_name,publish_day,publish_day_name,publish_week,is_weekend,publish_hour,publish_minute,publish_second,tokens,processed_text,duration_seconds,duration_category,title_length,title_word_count,description_length,description_word_count,publish_session,engagement_score,like_rate,comment_rate,engagement_rate,is_hd,has_caption,view_bucket,month_part,popular_category,weekend_flag,upload_time,category_name,log_view_count,log_like_count,log_comment_count
Bz4Uzthytss,"Stray Kids ""This & That"" M/V","Stray Kids( ) ""This & That"" M/V Listen to ""THIS & THAT"" now Stray Kids ""THIS & THAT"" iTunes & Apple Music: Spotify: Stray Kids Official YouTube: Stray Kids Official Twitter: Stray Kids Official Instagram: Stray Kids Official TikTok: Stray Kids Official Facebook: Stray Kids Official Threads: Stray Kids Official FANS (Android) Stray Kids Official FANS (iOS) # Copyrights 2026 JYP Entertainment. All Rights Reserved.",2026-08-07 04:00:01+00:00,UCaO6TYtlC8U5ttz62hTrZgg,JYP Entertainment,10,"['JYP Entertainment', 'JYP', 'Stray Kids', '스트레이 키즈', 'SKZ', '스키즈', '방찬', 'BANG CHAN', '리노', 'LEE KNOW', '창빈', 'CHANGBIN', '현진', '황현진', 'HYUNJIN', '한', '한지성', 'HAN', '필릭스', 'FELIX', '용복', '승민', '김승민', 'SEUNGMIN', '아이엔', 'I.N', 'stray kids comeback', '스트레이 키즈 컴백', '스키즈 컴백', 'skz comeback', 'skz', 'SKZ Teaser', '스키즈 티저', '스트레이 키즈 티저', 'Stray Kids teaser', 'Stray Kids THIS & THAT', 'SKZ THIS & THAT', '스키즈 디스앤댓', 'SKZ This & That', 'This & That', '디스앤댓', 'stray kids this & that', '디스앤댓 뮤비', 'this & that mv', 'skz this & that mv', 'skz music video', 'stray kids this & that music video']",PT3M14S,hd,true,3115159,552190,65290,http://stray-kids.lnk.to/THISANDTHAT | https://stray-kids.lnk.to/THISANDTHAT/AppleMusic | https://stray-kids.lnk.to/THISANDTHAT/Spotify | https://www.youtube.com/c/StrayKids | https://twitter.com/Stray_Kids | https://www.instagram.com/realstraykids/ | https://www.tiktok.com/@jypestraykids | https://www.facebook.com/JYPEStrayKids/ | https://www.threads.com/@realstraykids | https://play.google.com/store/apps/details?id=com.jype.fans | https://apps.apple.com/app/fans-for-fans-artists/id6474999628,11,"['Other', 'YouTube', 'Twitter/X', 'Instagram', 'TikTok', 'Facebook']","['#StrayKids', '#THIS_AND_THAT', '#StrayKidsComeback', '#YouMakeStrayKidsStay']",4,"Stray Kids(스트레이 키즈) ""This & That"" M/V Listen to ""THIS & THAT"" now🚚 Stray Kids ""THIS & THAT"" iTunes & Apple Music: Spotify: Stray Kids Official YouTube: Stray Kids Official Twitter: Stray Kids Official Instagram: Stray Kids Official TikTok: Stray Kids Official Facebook: Stray Kids Official Threads: Stray Kids Official FANS (Android) Stray Kids Official FANS (iOS) #스트레이키즈 Copyrights 2026 ⓒ JYP Entertainment. All Rights Reserved.","['JYP Entertainment', 'JYP', 'Stray Kids', '스트레이 키즈', 'SKZ', '스키즈', '방찬', 'BANG CHAN', '리노', 'LEE KNOW', '창빈', 'CHANGBIN', '현진', '황현진', 'HYUNJIN', '한', '한지성', 'HAN', '필릭스', 'FELIX', '용복', '승민', '김승민', 'SEUNGMIN', '아이엔', 'I.N', 'stray kids comeback', '스트레이 키즈 컴백', '스키즈 컴백', 'skz comeback', 'skz', 'SKZ Teaser', '스키즈 티저', '스트레이 키즈 티저', 'Stray Kids teaser', 'Stray Kids THIS & THAT', 'SKZ THIS & THAT', '스키즈 디스앤댓', 'SKZ This & That', 'This & That', '디스앤댓', 'stray kids this & that', '디스앤댓 뮤비', 'this & that mv', 'skz this & that mv', 'skz music video', 'stray kids this & that music video']",47,2026-08-07,8,August,7,Friday,32,False,4,0,1,"['Stray', 'Kids', '(', ')', '``', 'This', '&', 'That', ""''"", 'M/V', 'Listen', '``', 'THIS', '&', 'THAT', ""''"", 'Stray', 'Kids', '``', 'THIS', '&', 'THAT', ""''"", 'iTunes', '&', 'Apple', 'Music', ':', 'Spotify', ':', 'Stray', 'Kids', 'Official', 'YouTube', ':', 'Stray', 'Kids', 'Official', 'Twitter', ':', 'Stray', 'Kids', 'Official', 'Instagram', ':', 'Stray', 'Kids', 'Official', 'TikTok', ':', 'Stray', 'Kids', 'Official', 'Facebook', ':', 'Stray', 'Kids', 'Official', 'Threads', ':', 'Stray', 'Kids', 'Official', 'FANS', '(', 'Android', ')', 'Stray', 'Kids', 'Official', 'FANS', '(', 'iOS', ')', '#', 'Copyrights', '2026', 'JYP', 'Entertainment', '.', 'All', 'Rights', 'Reserved', '.']",Stray Kids ( ) `` This & That '' M/V Listen `` THIS & THAT '' Stray Kids `` THIS & THAT '' iTunes & Apple Music : Spotify : Stray Kids Official YouTube : Stray Kids Official Twitter : Stray Kids Official Instagram : Stray Kids Official TikTok : Stray Kids Official Facebook : Stray Kids Official Threads : Stray Kids Official FANS ( Android ) Stray Kids Official FANS ( iOS ) # Copyrights 2026 JYP Entertainment . All Rights Reserved .,194.0,Medium,28,6,415,65,Night,617480,0.17725900989323498,0.020958801781867313,0.1982178116751023,1,1,Very High,Beginning,False,False,Late Night,Music,14.951791073250558,13.221649279902778,11.086609480344594
5Fhxyqqokl8,Primetime | Official Trailer HD | A24,"SUBSCRIBE: From director Lance Oppenheim and starring Robert Pattinson, Merritt Wever, Skyler Gisondo, Matthew Maher and Bokeem Woodbine. PRIMETIME – Inspired by true events. Only in theaters September 25. RELEASE DATE: September 25 DIRECTOR: Lance Oppenheim CAST: Robert Pattinson, Merritt Wever, Skyler Gisondo, Matthew Maher and Bokeem Woodbine. ------ ABOUT A24: The studio behind EVERYTHING EVERYWHERE ALL AT ONCE, UNCUT GEMS, MIDSOMMAR, MOONLIGHT, BEEF on Netflix, EUPHORIA on Max & more. Now Playing: BACKROOMS, THE DEATH OF ROBIN HOOD, THE INVITE Coming Soon: TONY, PRIMETIME, ONSLAUGHT, CLUB KID, THE DEBUT Subscribe to A24's NEWSLETTER: Sign up for A24 MEMBERSHIP: aaa24.com Visit A24 WEBSITE: Like A24 on FACEBOOK: Follow A24 on TWITTER: Follow A24 on INSTAGRAM:",2026-08-06 13:00:36+00:00,UCuPivVjnfNo4mb3Oog_frZg,A24,1,"['a24', 'a24 films', 'a24 trailers', 'independent films', 'trailer', 'HD', 'official', 'movie', 'film', 'a24 movies', 'oscar winner', 'academy award winner']",PT2M17S,hd,false,4120877,126324,8952,http://bit.ly/A24subscribe | http://bit.ly/A24signup | http://bit.ly/A24filmsdotcom | http://bit.ly/FBA24 | http://bit.ly/TweetA24 | http://bit.ly/InstaA24,6,['Other'],[],0,"SUBSCRIBE: From director Lance Oppenheim and starring Robert Pattinson, Merritt Wever, Skyler Gisondo, Matthew Maher and Bokeem Woodbine. PRIMETIME – Inspired by true events. Only in theaters September 25. RELEASE DATE: September 25 DIRECTOR: Lance Oppenheim CAST: Robert Pattinson, Merritt Wever, Skyler Gisondo, Matthew Maher and Bokeem Woodbine. ------ ABOUT A24: The studio behind EVERYTHING EVERYWHERE ALL AT ONCE, UNCUT GEMS, MIDSOMMAR, MOONLIGHT, BEEF on Netflix, EUPHORIA on Max & more. Now Playing: BACKROOMS, THE DEATH OF ROBIN HOOD, THE INVITE Coming Soon: TONY, PRIMETIME, ONSLAUGHT, CLUB KID, THE DEBUT Subscribe to A24's NEWSLETTER: Sign up for A24 MEMBERSHIP: aaa24.com Visit A24 WEBSITE: Like A24 on FACEBOOK: Follow A24 on TWITTER: Follow A24 on INSTAGRAM:","['a24', 'a24 films', 'a24 trailers', 'independent films', 'trailer', 'HD', 'official', 'movie', 'film', 'a24 movies', 'oscar winner', 'academy award winner']",12,2026-08-06,8,August,6,Thursday,32,False,13,0,36,"['SUBSCRIBE', ':', 'From', 'director', 'Lance', 'Oppenheim', 'starring', 'Robert', 'Pattinson', ',', 'Merritt', 'Wever', ',', 'Skyler', 'Gisondo', ',', 'Matthew', 'Maher', 'Bokeem', 'Woodbine', '.', 'PRIMETIME', '–', 'Inspired', 'true', 'event', '.', 'Only', 'theater', 'September', '25', '.', 'RELEASE', 'DATE', ':', 'September', '25', 'DIRECTOR', ':', 'Lance', 'Oppenheim', 'CAST', ':', 'Robert', 'Pattinson', ',', 'Merritt', 'Wever', ',', 'Skyler', 'Gisondo', ',', 'Matthew', 'Maher', 'Bokeem', 'Woodbine', '.', '--', '--', '--', 'ABOUT', 'A24', ':', 'The', 'studio', 'behind', 'EVERYTHING', 'EVERYWHERE', 'ALL', 'AT', 'ONCE', ',', 'UNCUT', 'GEMS', ',', 'MIDSOMMAR', ',', 'MOONLIGHT', ',', 'BEEF', 'Netflix', ',', 'EUPHORIA', 'Max', '&', '.', 'Now', 'Playing', ':', 'BACKROOMS', ',', 'THE', 'DEATH', 'OF', 'ROBIN', 'HOOD', ',', 'THE', 'INVITE', 'Coming', 'Soon', ':', 'TONY', ',', 'PRIMETIME', ',', 'ONSLAUGHT', ',', 'CLUB', 'KID', ',', 'THE', 'DEBUT', 'Subscribe', 'A24', ""'s"", 'NEWSLETTER', ':', 'Sign', 'A24', 'MEMBERSHIP', ':', 'aaa24.com', 'Visit', 'A24', 'WEBSITE', ':', 'Like', 'A24', 'FACEBOOK', ':', 'Follow', 'A24', 'TWITTER', ':', 'Follow', 'A24', 'INSTAGRAM', ':']","SUBSCRIBE : From director Lance Oppenheim starring Robert Pattinson , Merritt Wever , Skyler Gisondo , Matthew Maher Bokeem Woodbine . PRIMETIME – Inspired true event . Only theater September 25 . RELEASE DATE : September 25 DIRECTOR : Lance Oppenheim CAST : Robert Pattinson , Merritt Wever , Skyler Gisondo , Matthew Maher Bokeem Woodbine . -- -- -- ABOUT A24 : The studio behind EVERYTHING EVERYWHERE ALL AT ONCE , UNCUT GEMS , MIDSOMMAR , MOONLIGHT , BEEF Netflix , EUPHORIA Max & . Now Playing : BACKROOMS , THE DEATH OF ROBIN HOOD , THE INVITE Coming Soon : TONY , PRIMETIME , ONSLAUGHT , CLUB KID , THE DEBUT Subscribe A24 's NEWSLETTER : Sign A24 MEMBERSHIP : aaa24.com Visit A24 WEBSITE : Like A24 FACEBOOK : Follow A24 TWITTER : Follow A24 INSTAGRAM :",137.0,Medium,37,7,773,115,Afternoon,135276,0.03065463977692127,0.002172353118037738,0.03282699289495901,1,0,Very High,Beginning,False,False,Afternoon,Film & Animation,15.231576805417799,11.74661323016011,9.099743950634156
O4Oeg34Sslq,Pooh Shiesty - Reap What You Sow [Official Audio],FOR ENTERTAINMENT PURPOSES ONLY Pooh Shiesty - Reap What You Sow Stream/Download 'All Eyes On Shiest': Subscribe for more official content from POOH SHIESTY: FOLLOW POOH SHIESTY Instagram: Twitter: Facebook: LISTEN TO POOH SHIESTY Apple: Spotify: Soundcloud: Audiomack:,2026-08-07 04:00:19+00:00,UCTBIIbIs83IBsy4E1BQxYBw,Pooh Shiesty,10,"['pooh shiesty', 'pooh sheisty', 'pooh', 'shiesty', 'atlanta pooh shiesty', 'atlanta', '1017 records', '1017 artist', '1017 pooh', '1017', 'rap', 'hip hop', 'shiesty season', 'back in blood', 'memphis', 'southern rap', 'gucci artist', 'last man breathin', 'all eyes on shiest', 'pooh shiesty album', 'pooh shiesty all eyes on shiest', 'all eyes on shiest pooh shiesty', 'Pooh Shiesty - Reap What You Sow [Official Audio]', 'pooh shiesty reap what you sow', 'reap what you sow pooh shiesty', 'reap what you sow']",PT3M38S,hd,false,40623,4014,311,http://poohshiesty.lnk.to/aeos | https://poohshiesty.lnk.to/Youtube | https://poohshiesty.lnk.to/Instagram | https://poohshiesty.lnk.to/Twitter | https://poohshiesty.lnk.to/Facebook | https://poohshiesty.lnk.to/AppleMusic | https://poohshiesty.lnk.to/Spotify | https://poohshiesty.lnk.to/Soundcloud | https://poohshiesty.lnk.to/Audiomack,9,['Other'],"['#PoohShiesty', '#AllEyesOnShiest', '#ImBack', '#OfficialAudio']",4,**FOR ENTERTAINMENT PURPOSES ONLY** Pooh Shiesty - Reap What You Sow Stream/Download 'All Eyes On Shiest': Subscribe for more official content from POOH SHIESTY: FOLLOW POOH SHIESTY Instagram: Twitter: Facebook: LISTEN TO POOH SHIESTY Apple: Spotify: Soundcloud: Audiomack:,"['pooh shiesty', 'pooh sheisty', 'pooh', 'shiesty', 'atlanta pooh shiesty', 'atlanta', '1017 records', '1017 artist', '1017 pooh', '1017', 'rap', 'hip hop', 'shiesty season', 'back in blood', 'memphis', 'southern rap', 'gucci artist', 'last man breathin', 'all eyes on shiest', 'pooh shiesty album', 'pooh shiesty all eyes on shiest', 'all eyes on shiest pooh shiesty', 'Pooh Shiesty - Reap What You Sow [Official Audio]', 'pooh shiesty reap what you sow', 'reap what you sow pooh shiesty', 'reap what you sow']",26,2026-08-07,8,August,7,Friday,32,False,4,0,19,"['FOR', 'ENTERTAINMENT', 'PURPOSES', 'ONLY', 'Pooh', 'Shiesty', '-', 'Reap', 'What', 'You', 'Sow', 'Stream/Download', ""'"", 'All', 'Eyes', 'On', 'Shiest', ""'"", ':', 'Subscribe', 'official', 'content', 'POOH', 'SHIESTY', ':', 'FOLLOW', 'POOH', 'SHIESTY', 'Instagram', ':', 'Twitter', ':', 'Facebook', ':', 'LISTEN', 'TO', 'POOH', 'SHIESTY', 'Apple', ':', 'Spotify', ':', 'Soundcloud', ':', 'Audiomack', ':']",FOR ENTERTAINMENT PURPOSES ONLY Pooh Shiesty - Reap What You Sow Stream/Download ' All Eyes On Shiest ' : Subscribe official content POOH SHIESTY : FOLLOW POOH SHIESTY Instagram : Twitter : Facebook : LISTEN TO POOH SHIESTY Apple : Spotify : Soundcloud : Audiomack :,218.0,Medium,49,9,269,38,Night,4325,0.0988110183885976,0.007655761514413017,0.10646677990301061,1,0,Low,Beginning,False,False,Late Night,Music,10.612114303944459,8.297792626380861,5.7430031878094825
I2Zohquncbo,Tough Call | D.Mon Hero Trailer | Overwatch,"Every hero needs a squad, and every squad needs a leader. Watch as D.Mon and the MEKA Squad go up against Wrecking Ball and the Junkers in our newest Hero Trailer, Tough Call. And join her on the battlefield as our next Tank Hero when Season 4 starts Aug 11. Animation created in partnership with Red Dog Culture House Overwatch is free to play on PC and console, now including Nintendo Switch™ 2""! _ Follow for the latest news: Instagram: TikTok: Twitter: Facebook:",2026-08-06 16:00:06+00:00,UClOf1XXinvZsy4wKPAkro2A,PlayOverwatch,20,"['Overwatch 2', 'Overwatch']",PT2M35S,hd,true,879398,50583,4590,https://www.instagram.com/playoverwatch | https://www.tiktok.com/@overwatch | http://www.twitter.com/playoverwatch | http://www.facebook.com/playoverwatch,4,"['Instagram', 'TikTok', 'Twitter/X', 'Facebook']",['#Overwatch'],1,"Every hero needs a squad, and every squad needs a leader. Watch as D.Mon and the MEKA Squad go up against Wrecking Ball and the Junkers in our newest Hero Trailer, Tough Call. And join her on the battlefield as our next Tank Hero when Season 4 starts Aug 11. Animation created in partnership with Red Dog Culture House Overwatch is free to play on PC and console, now including Nintendo Switch™ 2""! _ Follow for the latest news: Instagram: TikTok: Twitter: Facebook:","['Overwatch 2', 'Overwatch']",2,2026-08-06,8,August,6,Thursday,32,False,16,0,6,"['Every', 'hero', 'need', 'squad', ',', 'every', 'squad', 'need', 'leader', '.', 'Watch', 'D.Mon', 'MEKA', 'Squad', 'go', 'Wrecking', 'Ball', 'Junkers', 'newest', 'Hero', 'Trailer', ',', 'Tough', 'Call', '.', 'And', 'join', 'battlefield', 'next', 'Tank', 'Hero', 'Season', '4', 'start', 'Aug', '11', '.', 'Animation', 'created', 'partnership', 'Red', 'Dog', 'Culture', 'House', 'Overwatch', 'free', 'play', 'PC', 'console', ',', 'including', 'Nintendo', 'Switch™', '2', ""''"", '!', '_', 'Follow', 'latest', 'news', ':', 'Instagram', ':', 'TikTok', ':', 'Twitter', ':', 'Facebook', ':']","Every hero need squad , every squad need leader . Watch D.Mon MEKA Squad go Wrecking Ball Junkers newest Hero Trailer , Tough Call . And join battlefield next Tank Hero Season 4 start Aug 11 . Animation created partnership Red Dog Culture House Overwatch free play PC console , including Nintendo Switch™ 2 '' ! _ Follow latest news : Instagram : TikTok : Twitter : Facebook :",155.0,Medium,43,8,466,83,Afternoon,55173,0.05752003074830737,0.005219479689514872,0.06273951043782224,1,1,Very High,Beginning,True,False,Afternoon,Gaming,13.686993998589243,10.83139059973845,8.431853144249223
Qq76Pqsi1Iw,Grand Theft Auto VI: An Extended Look Coming August 27,"Grand Theft Auto VI: An Extended Look will premiere on Netflix Thursday, August 27 at 3 p.m. ET and will also launch on the official Rockstar Games YouTube channel and the Grand Theft Auto VI site at 9 p.m. ET on August 27. Grand Theft Auto VI is coming November 19 to PlayStation 5 and XBOX Series X|S. Visit to pre-order now.",2026-08-06 12:00:25+00:00,UC6VcWc1rAoWdBCM0JxrRQ3A,Rockstar Games,20,"['Grand Theft Auto VI', 'Grand Theft Auto 6', 'GTAVI', 'GTA 6', 'An Extended Look', 'Rockstar Games', 'Netflix', 'PlayStation 5', 'PS5', 'XBOX Series X|S', 'XBOX', 'Jason', 'Lucia', 'Trailer 3', 'GTA 6 Trailer 3']",PT26S,hd,false,2838610,258392,22698,https://netflix.com/GTAVI | https://www.rockstargames.com/VI,2,"['Twitter/X', 'Other']",[],0,"Grand Theft Auto VI: An Extended Look will premiere on Netflix Thursday, August 27 at 3 p.m. ET and will also launch on the official Rockstar Games YouTube channel and the Grand Theft Auto VI site at 9 p.m. ET on August 27. Grand Theft Auto VI is coming November 19 to PlayStation 5 and XBOX Series X|S. Visit to pre-order now.","['Grand Theft Auto VI', 'Grand Theft Auto 6', 'GTAVI', 'GTA 6', 'An Extended Look', 'Rockstar Games', 'Netflix', 'PlayStation 5', 'PS5', 'XBOX Series X|S', 'XBOX', 'Jason', 'Lucia', 'Trailer 3', 'GTA 6 Trailer 3']",15,2026-08-06,8,August,6,Thursday,32,False,12,0,25,"['Grand', 'Theft', 'Auto', 'VI', ':', 'An', 'Extended', 'Look', 'premiere', 'Netflix', 'Thursday', ',', 'August', '27', '3', 'p.m', '.', 'ET', 'also', 'launch', 'official', 'Rockstar', 'Games', 'YouTube', 'channel', 'Grand', 'Theft', 'Auto', 'VI', 'site', '9', 'p.m', '.', 'ET', 'August', '27', '.', 'Grand', 'Theft', 'Auto', 'VI', 'coming', 'November', '19', 'PlayStation', '5', 'XBOX', 'Series', 'X|S', '.', 'Visit', 'pre-order', '.']","Grand Theft Auto VI : An Extended Look premiere Netflix Thursday , August 27 3 p.m . ET also launch official Rockstar Games YouTube channel Grand Theft Auto VI site 9 p.m . ET August 27 . Grand Theft Auto VI coming November 19 PlayStation 5 XBOX Series X|S . Visit pre-order .",26.0,Short,54,10,327,62,Morning,281090,0.09102765085728579,0.007996167138141556,0.09902381799542734,1,0,Very High,Beginning,True,False,Afternoon,Gaming,14.858825405989508,12.462236960740368,10.030076149635702
Pq7Ibyc9Cys,"KAROL G, Drake - Ahí (Visualizer)","Escucha / Stream ‘NO ME ARREPIENTO DE SENTIR TANTO’ on your favorite platform: Subscribe to my YouTube channel here: Connect with KAROL G: Instagram: X: TikTok: Facebook: LYRICS: Oooovy on the drums Bebé yo te quiero Pero por ahora No estoy disponible Tengo roto el cora Porque me lo hirieron Y aún no mejora Son cosas que pasan Cuando uno se enamora Lo que menos quiero es presionarte Tranquila aquí me tienes Que yo espero mi momento bebé No quiero que piense que no quiero Sólo que aún no me conviene Pero el amor que me tienes porfa Téngamelo ahí Tenlo ahí tenlo ahí Téngamelo ahí Tenlo ahí Tenlo ahí Que tú eres buena opción Tú me gustas bastante Y por lo mismo no quiero perjudicarte Por lo general cuando rompen un corazón El dueño de ese corazón otro corazón parte Eh y mi intención no es dañarte Yo te agradezco si puedes esperarme Sano primero Luego supero Después de eso cómo fue pa que nos demos los pico’ Pa que tomemos juntico’ Pa que la pasemos rico No piense que yo me justifico Esto no es pa siempre es solo un ratico co co Espérame un momentico co co ¿Bebé cómo te lo explico? Yo te llamo pa’ que pasemos rico Téngamelo ahí Tenlo ahí tenlo ahí Téngamelo ahí Tenlo ahí Tenlo ahí Bebé yo te quiero Pero por ahora No estoy disponible Tengo roto el cora Porque me lo hirieron Y aún no mejora Son cosas que pasan Cuando uno se enamora Papi I want a latina I want a latina I want a latina I want a la... I want a face just like Carolina And I want a waist just like Carolina Both just snuck in a place with a Nina High I mean High I mean High I mean uh I’m not a drug dealer My money is way cleaner I want a la... Papi Well like, one specific human trait Like a woman can have What what would you like in a woman Kind And uh Latina í Music video by KAROL G, Drake performing Ahí (Visualizer).© 2026 Bichota Records LLC, under exclusive license to Interscope Records",2026-08-07 04:00:13+00:00,UCz9yS18zJGQObwUL_K-ICnw,KarolGVEVO,10,"['karol\xa0g', 'karolg', 'bichota', 'matadora', 'si antes te hubiera conocido', 'latina\xa0foreva', 'latina\xa0forever', 'ivonny\xa0bonita', 'viajando por el\xa0mundo', 'tropicoqueta', 'tropitour', 'viajando por el mundo\xa0tropitour', 'te llevas to', 'maybe', 'bebiendo\xa0lagrimas', 'ahi', 'final feliz', 'still', 'bruno mars', 'alguien que te amaba', 'for my lova', 'si lo ven', 'baby wow', 'baby romeo', 'judeline', 'rusowsky', 'con quien andara', 'eclipse', 'despues de ti', 'greg gonzalez', 'cigarettes\xa0after sex']",PT2M57S,hd,false,114873,17640,1574,https://KarolG.lnk.to/NMADST | https://karolg.lnk.to/SubscribeKarolGYT | https://www.instagram.com/karolg/ | https://twitter.com/karolg | https://www.tiktok.com/@karolg | https://www.facebook.com/KarolGOficial,6,"['Other', 'Instagram', 'Twitter/X', 'TikTok', 'Facebook']","['#KAROLG', '#NMADST', '#Ah', '#Drake']",4,"Escucha / Stream ‘NO ME ARREPIENTO DE SENTIR TANTO’ on your favorite platform: Subscribe to my YouTube channel here: Connect with KAROL G: Instagram: X: TikTok: Facebook: LYRICS: Oooovy on the drums Bebé yo te quiero Pero por ahora No estoy disponible Tengo roto el cora Porque me lo hirieron Y aún no mejora Son cosas que pasan Cuando uno se enamora Lo que menos quiero es presionarte Tranquila aquí me tienes Que yo espero mi momento bebé No quiero que piense que no quiero Sólo que aún no me conviene Pero el amor que me tienes porfa Téngamelo ahí Tenlo ahí tenlo ahí Téngamelo ahí Tenlo ahí Tenlo ahí Que tú eres buena opción Tú me gustas bastante Y por lo mismo no quiero perjudicarte Por lo general cuando rompen un corazón El dueño de ese corazón otro corazón parte Eh y mi intención no es dañarte Yo te agradezco si puedes esperarme Sano primero Luego supero Después de eso cómo fue pa que nos demos los pico’ Pa que tomemos juntico’ Pa que la pasemos rico No piense que yo me justifico Esto no es pa siempre es solo un ratico co co Espérame un momentico co co ¿Bebé cómo te lo explico? Yo te llamo pa’ que pasemos rico Téngamelo ahí Tenlo ahí tenlo ahí Téngamelo ahí Tenlo ahí Tenlo ahí Bebé yo te quiero Pero por ahora No estoy disponible Tengo roto el cora Porque me lo hirieron Y aún no mejora Son cosas que pasan Cuando uno se enamora Papi I want a latina I want a latina I want a latina I want a la... I want a face just like Carolina And I want a waist just like Carolina Both just snuck in a place with a Nina High I mean High I mean High I mean uh I’m not a drug dealer My money is way cleaner I want a la... Papi Well like, one specific human trait Like a woman can have What what would you like in a woman Kind And uh Latina í Music video by KAROL G, Drake performing Ahí (Visualizer).© 2026 Bichota Records LLC, under exclusive license to Interscope Records","['karol\xa0g', 'karolg', 'bichota', 'matadora', 'si antes te hubiera conocido', 'latina\xa0foreva', 'latina\xa0forever', 'ivonny\xa0bonita', 'viajando por el\xa0mundo', 'tropicoqueta', 'tropitour', 'viajando por el mundo\xa0tropitour', 'te llevas to', 'maybe', 'bebiendo\xa0lagrimas', 'ahi', 'final feliz', 'still', 'bruno mars', 'alguien que te amaba', 'for my lova', 'si lo ven', 'baby wow', 'baby romeo', 'judeline', 'rusowsky', 'con quien andara', 'eclipse', 'despues de ti', 'greg gonzalez', 'cigarettes\xa0after sex']",31,2026-08-07,8,August,7,Friday,32,False,4,0,13,"['Escucha', '/', 'Stream', '‘', 'NO', 'ME', 'ARREPIENTO', 'DE', 'SENTIR', 'TANTO', '’', 'favorite', 'platform', ':', 'Subscribe', 'YouTube', 'channel', ':', 'Connect', 'KAROL', 'G', ':', 'Instagram', ':', 'X', ':', 'TikTok', ':', 'Facebook', ':', 'LYRICS', ':', 'Oooovy', 'drum', 'Bebé', 'yo', 'te', 'quiero', 'Pero', 'por', 'ahora', 'No', 'estoy', 'disponible', 'Tengo', 'roto', 'el', 'cora', 'Porque', 'lo', 'hirieron', 'Y', 'aún', 'mejora', 'Son', 'cosas', 'que', 'pasan', 'Cuando', 'uno', 'se', 'enamora', 'Lo', 'que', 'menos', 'quiero', 'e', 'presionarte', 'Tranquila', 'aquí', 'tienes', 'Que', 'yo', 'espero', 'mi', 'momento', 'bebé', 'No', 'quiero', 'que', 'piense', 'que', 'quiero', 'Sólo', 'que', 'aún', 'conviene', 'Pero', 'el', 'amor', 'que', 'tienes', 'porfa', 'Téngamelo', 'ahí', 'Tenlo', 'ahí', 'tenlo', 'ahí', 'Téngamelo', 'ahí', 'Tenlo', 'ahí', 'Tenlo', 'ahí', 'Que', 'tú', 'eres', 'buena', 'opción', 'Tú', 'gustas', 'bastante', 'Y', 'por', 'lo', 'mismo', 'quiero', 'perjudicarte', 'Por', 'lo', 'general', 'cuando', 'rompen', 'un', 'corazón', 'El', 'dueño', 'de', 'ese', 'corazón', 'otro', 'corazón', 'parte', 'Eh', 'mi', 'intención', 'e', 'dañarte', 'Yo', 'te', 'agradezco', 'si', 'puedes', 'esperarme', 'Sano', 'primero', 'Luego', 'supero', 'Después', 'de', 'eso', 'cómo', 'fue', 'pa', 'que', 'no', 'demo', 'los', 'pico', '’', 'Pa', 'que', 'tomemos', 'juntico', '’', 'Pa', 'que', 'la', 'pasemos', 'rico', 'No', 'piense', 'que', 'yo', 'justifico', 'Esto', 'e', 'pa', 'siempre', 'e', 'solo', 'un', 'ratico', 'co', 'co', 'Espérame', 'un', 'momentico', 'co', 'co', '¿Bebé', 'cómo', 'te', 'lo', 'explico', '?', 'Yo', 'te', 'llamo', 'pa', '’', 'que', 'pasemos', 'rico', 'Téngamelo', 'ahí', 'Tenlo', 'ahí', 'tenlo', 'ahí', 'Téngamelo', 'ahí', 'Tenlo', 'ahí', 'Tenlo', 'ahí', 'Bebé', 'yo', 'te', 'quiero', 'Pero', 'por', 'ahora', 'No', 'estoy', 'disponible', 'Tengo', 'roto', 'el', 'cora', 'Porque', 'lo', 'hirieron', 'Y', 'aún', 'mejora', 'Son', 'cosas', 'que', 'pasan', 'Cuando', 'uno', 'se', 'enamora', 'Papi', 'I', 'want', 'latina', 'I', 'want', 'latina', 'I', 'want', 'latina', 'I', 'want', 'la', '...', 'I', 'want', 'face', 'like', 'Carolina', 'And', 'I', 'want', 'waist', 'like', 'Carolina', 'Both', 'snuck', 'place', 'Nina', 'High', 'I', 'mean', 'High', 'I', 'mean', 'High', 'I', 'mean', 'uh', 'I', '’', 'drug', 'dealer', 'My', 'money', 'way', 'cleaner', 'I', 'want', 'la', '...', 'Papi', 'Well', 'like', ',', 'one', 'specific', 'human', 'trait', 'Like', 'woman', 'What', 'would', 'like', 'woman', 'Kind', 'And', 'uh', 'Latina', 'í', 'Music', 'video', 'KAROL', 'G', ',', 'Drake', 'performing', 'Ahí', '(', 'Visualizer', ')', '.©', '2026', 'Bichota', 'Records', 'LLC', ',', 'exclusive', 'license', 'Interscope', 'Records']","Escucha / Stream ‘ NO ME ARREPIENTO DE SENTIR TANTO ’ favorite platform : Subscribe YouTube channel : Connect KAROL G : Instagram : X : TikTok : Facebook : LYRICS : Oooovy drum Bebé yo te quiero Pero por ahora No estoy disponible Tengo roto el cora Porque lo hirieron Y aún mejora Son cosas que pasan Cuando uno se enamora Lo que menos quiero e presionarte Tranquila aquí tienes Que yo espero mi momento bebé No quiero que piense que quiero Sólo que aún conviene Pero el amor que tienes porfa Téngamelo ahí Tenlo ahí tenlo ahí Téngamelo ahí Tenlo ahí Tenlo ahí Que tú eres buena opción Tú gustas bastante Y por lo mismo quiero perjudicarte Por lo general cuando rompen un corazón El dueño de ese corazón otro corazón parte Eh mi intención e dañarte Yo te agradezco si puedes esperarme Sano primero Luego supero Después de eso cómo fue pa que no demo los pico ’ Pa que tomemos juntico ’ Pa que la pasemos rico No piense que yo justifico Esto e pa siempre e solo un ratico co co Espérame un momentico co co ¿Bebé cómo te lo explico ? Yo te llamo pa ’ que pasemos rico Téngamelo ahí Tenlo ahí tenlo ahí Téngamelo ahí Tenlo ahí Tenlo ahí Bebé yo te quiero Pero por ahora No estoy disponible Tengo roto el cora Porque lo hirieron Y aún mejora Son cosas que pasan Cuando uno se enamora Papi I want latina I want latina I want latina I want la ... I want face like Carolina And I want waist like Carolina Both snuck place Nina High I mean High I mean High I mean uh I ’ drug dealer My money way cleaner I want la ... Papi Well like , one specific human trait Like woman What would like woman Kind And uh Latina í Music video KAROL G , Drake performing Ahí ( Visualizer ) .© 2026 Bichota Records LLC , exclusive license Interscope Records",177.0,Medium,34,6,1878,363,Night,19214,0.15356088898174505,0.013702088393269089,0.16726297737501414,1,0,Medium,Beginning,False,False,Late Night,Music,11.651591154505844,9.777981017296407,7.362010551259734
2Uf4Pcge8Ga,Quake: Dawn of the Machine — Launch Trailer,"Quake™: Dawn of the Machine is available now! To celebrate Quake’s 30th anniversary, the award-winning team at MachineGames—in collaboration with id Software—returns with Dawn of the Machine, a brutal new episode building on their critically acclaimed work on Dimension of the Machine and Dimension of the Past. Delivering ferocious combat, labyrinthine level design, and nightmarish realms that twist reality beyond recognition, it pushes the legacy of the genre-defining first-person shooter even further, honoring one of gaming’s most enduring icons.    END THE NIGHTMARE. ESCAPE THE ILLUSION  Ranger is trapped in a dimension of endless illusion, reliving the same violent cycles for what feels like lifetimes, dying thousands of times in a futile attempt to escape. Wearied but unbroken, he has heard rumor of The Nightmare Machine.   Beyond the hordes of monsters, twisted by an eternity in the Elder realms, lies the Machine. It is believed its destruction will shatter the illusion, finally breaking the loop.   For more information on Quake, follow these channels: X:   / quake   Instagram:   / quake   Facebook:   / quake   TikTok:   / bethesda   Website: ESRB RATING: Mature for Blood and Gore and Intense Violence.",2026-08-06 18:06:42+00:00,UCvZHe-SP3xC7DdOk4Ri8QBw,Bethesda Softworks,20,"['Bethesda Softworks', 'Quake', 'id Software', 'MachineGames']",PT1M,hd,false,349593,19447,2227,https://bethesda.net/en/game/quake,1,['Other'],[],0,"Quake™: Dawn of the Machine is available now! To celebrate Quake’s 30th anniversary, the award-winning team at MachineGames—in collaboration with id Software—returns with Dawn of the Machine, a brutal new episode building on their critically acclaimed work on Dimension of the Machine and Dimension of the Past. Delivering ferocious combat, labyrinthine level design, and nightmarish realms that twist reality beyond recognition, it pushes the legacy of the genre-defining first-person shooter even further, honoring one of gaming’s most enduring icons.    END THE NIGHTMARE. ESCAPE THE ILLUSION  Ranger is trapped in a dimension of endless illusion, reliving the same violent cycles for what feels like lifetimes, dying thousands of times in a futile attempt to escape. Wearied but unbroken, he has heard rumor of The Nightmare Machine.   Beyond the hordes of monsters, twisted by an eternity in the Elder realms, lies the Machine. It is believed its destruction will shatter the illusion, finally breaking the loop.   For more information on Quake, follow these channels: X:   / quake   Instagram:   / quake   Facebook:   / quake   TikTok:   / bethesda   Website: ESRB RATING: Mature for Blood and Gore and Intense Violence.","['Bethesda Softworks', 'Quake', 'id Software', 'MachineGames']",4,2026-08-06,8,August,6,Thursday,32,False,18,6,42,"['Quake™', ':', 'Dawn', 'Machine', 'available', '!', 'To', 'celebrate', 'Quake', '’', '30th', 'anniversary', ',', 'award-winning', 'team', 'MachineGames', '—', 'collaboration', 'id', 'Software', '—', 'return', 'Dawn', 'Machine', ',', 'brutal', 'new', 'episode', 'building', 'critically', 'acclaimed', 'work', 'Dimension', 'Machine', 'Dimension', 'Past', '.', 'Delivering', 'ferocious', 'combat', ',', 'labyrinthine', 'level', 'design', ',', 'nightmarish', 'realm', 'twist', 'reality', 'beyond', 'recognition', ',', 'push', 'legacy', 'genre-defining', 'first-person', 'shooter', 'even', ',', 'honoring', 'one', 'gaming', '’', 'enduring', 'icon', '.', 'END', 'THE', 'NIGHTMARE', '.', 'ESCAPE', 'THE', 'ILLUSION', 'Ranger', 'trapped', 'dimension', 'endless', 'illusion', ',', 'reliving', 'violent', 'cycle', 'feel', 'like', 'lifetime', ',', 'dying', 'thousand', 'time', 'futile', 'attempt', 'escape', '.', 'Wearied', 'unbroken', ',', 'heard', 'rumor', 'The', 'Nightmare', 'Machine', '.', 'Beyond', 'horde', 'monster', ',', 'twisted', 'eternity', 'Elder', 'realm', ',', 'lie', 'Machine', '.', 'It', 'believed', 'destruction', 'shatter', 'illusion', ',', 'finally', 'breaking', 'loop', '.', 'For', 'information', 'Quake', ',', 'follow', 'channel', ':', 'X', ':', '/', 'quake', 'Instagram', ':', '/', 'quake', 'Facebook', ':', '/', 'quake', 'TikTok', ':', '/', 'bethesda', 'Website', ':', 'ESRB', 'RATING', ':', 'Mature', 'Blood', 'Gore', 'Intense', 'Violence', '.']","Quake™ : Dawn Machine available ! To celebrate Quake ’ 30th anniversary , award-winning team MachineGames — collaboration id Software — return Dawn Machine , brutal new episode building critically acclaimed work Dimension Machine Dimension Past . Delivering ferocious combat , labyrinthine level design , nightmarish realm twist reality beyond recognition , push legacy genre-defining first-person shooter even , honoring one gaming ’ enduring icon . END THE NIGHTMARE . ESCAPE THE ILLUSION Ranger trapped dimension endless illusion , reliving violent cycle feel like lifetime , dying thousand time futile attempt escape . Wearied unbroken , heard rumor The Nightmare Machine . Beyond horde monster , twisted eternity Elder realm , lie Machine . It believed destruction shatter illusion , finally breaking loop . For information Quake , follow channel : X : / quake Instagram : / quake Facebook : / quake TikTok : / bethesda Website : ESRB RATING : Mature Blood Gore Intense Violence .",60.0,Short,43,8,1226,185,Afternoon,21674,0.05562754402977176,0.006370264850840835,0.0619978088806126,1,0,Very High,Beginning,True,False,Evening,Gaming,12.764527760144844,9.875499515995958,7.708859601047175
-Tanwotw0Bc,🔴LIVE | TARKOV SEASONAL | DAY 4 | HutchMF x GIMMICK | THICC MEN THURSDAY | #BUNGULATE,,2026-08-07 08:48:26+00:00,UCMNEVbszv8ZyvSXoTn3yhpQ,TheBurntPeanut,20,"['funny', 'escape from tarkov', 'tarkov']",PT8H18M25S,hd,false,409353,6817,14,,0,[],[],0,,"['funny', 'escape from tarkov', 'tarkov']",3,2026-08-07,8,August,7,Friday,32,False,8,48,26,[],,29905.0,Long,85,17,0,0,Morning,6831,0.01665310868614619,3.420031122283213e-05,0.01668730899736902,1,0,Very High,Beginning,True,False,Morning,Gaming,12.922335586345957,8.827321452697849,2.70805020110221
Hcvizzvdeq8,FARMING,Provided to YouTube by JYP Entertainment Corporation FARMING · Stray Kids · RESTART · Chae Ganghae · Bang Chan (3RACHA) THIS & THAT ℗ JYP Entertainment Released on: 2026-08-07 Lyricist: Bang Chan (3RACHA) Lyricist: Changbin (3RACHA) Lyricist: HAN (3RACHA) Composer: Bang Chan (3RACHA) Composer: Changbin (3RACHA) Composer: HAN (3RACHA) Composer: RESTART Composer: Chae Ganghae Auto-generated by YouTube.,2026-07-10 14:04:27+00:00,UCIMmuidNJdncfMEelOU08Fg,Stray Kids - Topic,10,"['Stray Kids', 'RESTART', 'Chae Ganghae', '채강해', 'Bang Chan (3RACHA)', '방찬 (3RACHA)', 'THIS & THAT', 'FARMING']",PT2M31S,hd,false,238411,64075,3607,,0,[],[],0,Provided to YouTube by JYP Entertainment Corporation FARMING · Stray Kids · RESTART · Chae Ganghae · Bang Chan (3RACHA) THIS & THAT ℗ JYP Entertainment Released on: 2026-08-07 Lyricist: Bang Chan (3RACHA) Lyricist: Changbin (3RACHA) Lyricist: HAN (3RACHA) Composer: Bang Chan (3RACHA) Composer: Changbin (3RACHA) Composer: HAN (3RACHA) Composer: RESTART Composer: Chae Ganghae Auto-generated by YouTube.,"['Stray Kids', 'RESTART', 'Chae Ganghae', '채강해', 'Bang Chan (3RACHA)', '방찬 (3RACHA)', 'THIS & THAT', 'FARMING']",8,2026-07-10,7,July,10,Friday,28,False,14,4,27,"['Provided', 'YouTube', 'JYP', 'Entertainment', 'Corporation', 'FARMING', '·', 'Stray', 'Kids', '·', 'RESTART', '·', 'Chae', 'Ganghae', '·', 'Bang', 'Chan', '(', '3RACHA', ')', 'THIS', '&', 'THAT', '℗', 'JYP', 'Entertainment', 'Released', ':', '2026-08-07', 'Lyricist', ':', 'Bang', 'Chan', '(', '3RACHA', ')', 'Lyricist', ':', 'Changbin', '(', '3RACHA', ')', 'Lyricist', ':', 'HAN', '(', '3RACHA', ')', 'Composer', ':', 'Bang', 'Chan', '(', '3RACHA', ')', 'Composer', ':', 'Changbin', '(', '3RACHA', ')', 'Composer', ':', 'HAN', '(', '3RACHA', ')', 'Composer', ':', 'RESTART', 'Composer', ':', 'Chae', 'Ganghae', 'Auto-generated', 'YouTube', '.']",Provided YouTube JYP Entertainment Corporation FARMING · Stray Kids · RESTART · Chae Ganghae · Bang Chan ( 3RACHA ) THIS & THAT ℗ JYP Entertainment Released : 2026-08-07 Lyricist : Bang Chan ( 3RACHA ) Lyricist : Changbin ( 3RACHA ) Lyricist : HAN ( 3RACHA ) Composer : Bang Chan ( 3RACHA ) Composer : Changbin ( 3RACHA ) Composer : HAN ( 3RACHA ) Composer : RESTART Composer : Chae Ganghae Auto-generated YouTube .,151.0,Medium,7,1,403,57,Afternoon,67682,0.2687585723813079,0.015129335475292667,0.28388790785660056,1,0,High,Beginning,False,False,Afternoon,Music,12.38175554847701,11.067825157821375,8.190908881182514
Ixa7Bmrbbxs,THE ONLY LIVING PICKPOCKET IN NEW YORK | Official Trailer (2026),"A love-letter to New York City. Watch the official trailer for THE ONLY LIVING PICKPOCKET IN NEW YORK. Opens in NY & LA theaters October 23, nationwide October 30. Directed by: Noah Segan Starring: John Turturro, Giancarlo Esposito, Will Price, Tatiana Maslany, Victoria Moroles, Steve Buscemi, and Jamie Lee Curtis Harry Lehman (John Turturro) is an aging pickpocket who plies his trade with ever-diminishing returns in a drastically changed New York. Wallets stuffed with cash have been replaced by easily canceled credit cards, and Harry struggles to make ends meet as he cares for his disabled wife, Rosie. When he unwittingly purloins and fences a valuable USB stick, Harry finds himself in a race against time to return the loot or face the rage of a vengeful crime family. Follow THE ONLY LIVING PICKPOCKET IN NEW YORK Learn More about THE ONLY LIVING PICKPOCKET IN NEW YORK ------ Follow SONY PICTURES CLASSICS on social: Visit SONY PICTURES CLASSICS website: About SONY PICTURES CLASSICS: The studio that brought you I'M STILL HERE, CALL ME BY YOUR NAME, WHIPLASH, AMOUR, MIDNIGHT IN PARIS, AN EDUCATION, CAPOTE, HOWARDS END, CROUCHING TIGER HIDDEN DRAGON & more. Sony Pictures Classics is an autonomous division of Sony Pictures Entertainment founded in January 1992 that distributes, produces and acquires independent films from the United States and around the world.",2026-08-06 15:00:56+00:00,UCruD_lL-5fmllpKMSL-yCyQ,Sony Pictures Classics,24,[],PT2M18S,hd,true,360878,7869,616,https://www.instagram.com/onlylivingpickpocket/ | https://www.sonyclassics.com/film/theonlylivingpickpocketinnewyork/ | https://www.instagram.com/sonyclassics/ | https://www.tiktok.com/@sonypicturesclassics | https://www.facebook.com/SonyClassics/ | https://x.com/sonyclassics | https://www.threads.com/@sonyclassics | https://www.sonyclassics.com/,8,"['Instagram', 'Other', 'TikTok', 'Facebook', 'Twitter/X']",[],0,"A love-letter to New York City. Watch the official trailer for THE ONLY LIVING PICKPOCKET IN NEW YORK. Opens in NY & LA theaters October 23, nationwide October 30. Directed by: Noah Segan Starring: John Turturro, Giancarlo Esposito, Will Price, Tatiana Maslany, Victoria Moroles, Steve Buscemi, and Jamie Lee Curtis Harry Lehman (John Turturro) is an aging pickpocket who plies his trade with ever-diminishing returns in a drastically changed New York. Wallets stuffed with cash have been replaced by easily canceled credit cards, and Harry struggles to make ends meet as he cares for his disabled wife, Rosie. When he unwittingly purloins and fences a valuable USB stick, Harry finds himself in a race against time to return the loot or face the rage of a vengeful crime family. Follow THE ONLY LIVING PICKPOCKET IN NEW YORK Learn More about THE ONLY LIVING PICKPOCKET IN NEW YORK ------ Follow SONY PICTURES CLASSICS on social: Visit SONY PICTURES CLASSICS website: About SONY PICTURES CLASSICS: The studio that brought you I'M STILL HERE, CALL ME BY YOUR NAME, WHIPLASH, AMOUR, MIDNIGHT IN PARIS, AN EDUCATION, CAPOTE, HOWARDS END, CROUCHING TIGER HIDDEN DRAGON & more. Sony Pictures Classics is an autonomous division of Sony Pictures Entertainment founded in January 1992 that distributes, produces and acquires independent films from the United States and around the world.",[],0,2026-08-06,8,August,6,Thursday,32,False,15,0,56,"['A', 'love-letter', 'New', 'York', 'City', '.', 'Watch', 'official', 'trailer', 'THE', 'ONLY', 'LIVING', 'PICKPOCKET', 'IN', 'NEW', 'YORK', '.', 'Opens', 'NY', '&', 'LA', 'theater', 'October', '23', ',', 'nationwide', 'October', '30', '.', 'Directed', ':', 'Noah', 'Segan', 'Starring', ':', 'John', 'Turturro', ',', 'Giancarlo', 'Esposito', ',', 'Will', 'Price', ',', 'Tatiana', 'Maslany', ',', 'Victoria', 'Moroles', ',', 'Steve', 'Buscemi', ',', 'Jamie', 'Lee', 'Curtis', 'Harry', 'Lehman', '(', 'John', 'Turturro', ')', 'aging', 'pickpocket', 'ply', 'trade', 'ever-diminishing', 'return', 'drastically', 'changed', 'New', 'York', '.', 'Wallets', 'stuffed', 'cash', 'replaced', 'easily', 'canceled', 'credit', 'card', ',', 'Harry', 'struggle', 'make', 'end', 'meet', 'care', 'disabled', 'wife', ',', 'Rosie', '.', 'When', 'unwittingly', 'purloins', 'fence', 'valuable', 'USB', 'stick', ',', 'Harry', 'find', 'race', 'time', 'return', 'loot', 'face', 'rage', 'vengeful', 'crime', 'family', '.', 'Follow', 'THE', 'ONLY', 'LIVING', 'PICKPOCKET', 'IN', 'NEW', 'YORK', 'Learn', 'More', 'THE', 'ONLY', 'LIVING', 'PICKPOCKET', 'IN', 'NEW', 'YORK', '--', '--', '--', 'Follow', 'SONY', 'PICTURES', 'CLASSICS', 'social', ':', 'Visit', 'SONY', 'PICTURES', 'CLASSICS', 'website', ':', 'About', 'SONY', 'PICTURES', 'CLASSICS', ':', 'The', 'studio', 'brought', 'I', ""'M"", 'STILL', 'HERE', ',', 'CALL', 'ME', 'BY', 'YOUR', 'NAME', ',', 'WHIPLASH', ',', 'AMOUR', ',', 'MIDNIGHT', 'IN', 'PARIS', ',', 'AN', 'EDUCATION', ',', 'CAPOTE', ',', 'HOWARDS', 'END', ',', 'CROUCHING', 'TIGER', 'HIDDEN', 'DRAGON', '&', '.', 'Sony', 'Pictures', 'Classics', 'autonomous', 'division', 'Sony', 'Pictures', 'Entertainment', 'founded', 'January', '1992', 'distributes', ',', 'produce', 'acquires', 'independent', 'film', 'United', 'States', 'around', 'world', '.']","A love-letter New York City . Watch official trailer THE ONLY LIVING PICKPOCKET IN NEW YORK . Opens NY & LA theater October 23 , nationwide October 30 . Directed : Noah Segan Starring : John Turturro , Giancarlo Esposito , Will Price , Tatiana Maslany , Victoria Moroles , Steve Buscemi , Jamie Lee Curtis Harry Lehman ( John Turturro ) aging pickpocket ply trade ever-diminishing return drastically changed New York . Wallets stuffed cash replaced easily canceled credit card , Harry struggle make end meet care disabled wife , Rosie . When unwittingly purloins fence valuable USB stick , Harry find race time return loot face rage vengeful crime family . Follow THE ONLY LIVING PICKPOCKET IN NEW YORK Learn More THE ONLY LIVING PICKPOCKET IN NEW YORK -- -- -- Follow SONY PICTURES CLASSICS social : Visit SONY PICTURES CLASSICS website : About SONY PICTURES CLASSICS : The studio brought I 'M STILL HERE , CALL ME BY YOUR NAME , WHIPLASH , AMOUR , MIDNIGHT IN PARIS , AN EDUCATION , CAPOTE , HOWARDS END , CROUCHING TIGER HIDDEN DRAGON & . Sony Pictures Classics autonomous division Sony Pictures Entertainment founded January 1992 distributes , produce acquires independent film United States around world .",138.0,Medium,64,11,1379,222,Afternoon,8485,0.021805152987990403,0.0017069480544671606,0.023512101042457562,1,1,Very High,Beginning,False,False,Afternoon,Entertainment,12.796298001074227,8.970813341411448,6.424869023905388
U-I5Tini8M8,The Dark Truth Behind Flamingo Characters...,"Today we explore a story of old, forgotten Flamingo characters getting their revenge on Luisgamercool for stealing the spotlight from them... THANK YOU TO @KadenFumblebottom FOR MAKING THIS!",2026-08-07 02:51:42+00:00,UCm-X6o81nRsXQTmqpyArkBQ,Flamingo,20,"['Family', 'friendly']",PT59M40S,hd,false,295333,25036,3522,,0,[],[],0,"Today we explore a story of old, forgotten Flamingo characters getting their revenge on Luisgamercool for stealing the spotlight from them... THANK YOU TO @KadenFumblebottom FOR MAKING THIS!","['Family', 'friendly']",2,2026-08-07,8,August,7,Friday,32,False,2,51,42,"['Today', 'explore', 'story', 'old', ',', 'forgotten', 'Flamingo', 'character', 'getting', 'revenge', 'Luisgamercool', 'stealing', 'spotlight', '...', 'THANK', 'YOU', 'TO', '@', 'KadenFumblebottom', 'FOR', 'MAKING', 'THIS', '!']","Today explore story old , forgotten Flamingo character getting revenge Luisgamercool stealing spotlight ... THANK YOU TO @ KadenFumblebottom FOR MAKING THIS !",3580.0,Long,44,6,190,28,Night,28558,0.0847721047089218,0.01192552136063359,0.09669762606955538,1,0,Very High,Beginning,True,False,Late Night,Gaming,12.595862198252904,10.128110009729737,8.167068178341237
9Vdgd4F9Cui,Destroy Lonely - MONSTER (official video),Stream 'MONSTER' now: credits: Dir. @yungtacc Edit. @yungtacc Color. @unculturals Follow Destroy Lonely:,2026-08-07 04:00:06+00:00,UCylvCifeaY7gi1zjhRfpcMg,Destroy Lonely,10,"['Top Floor Boss', 'Discord', 'Rap', 'Hip Hop', 'Destroy Lonely', 'Lnly', 'opium', 'underground', 'Opium']",PT2M40S,hd,false,71894,15519,1305,https://destroylonely.lnk.to/monster | https://shop.destroylonely.net/ | https://www.instagram.com/destroylonely/ | https://twitter.com/destroylonely | https://discord.com/invite/destroylonely,5,"['Other', 'Instagram', 'Twitter/X', 'Discord']",['#DestroyLonely'],1,Stream 'MONSTER' now: credits: Dir. @yungtacc Edit. @yungtacc Color. @unculturals Follow Destroy Lonely:,"['Top Floor Boss', 'Discord', 'Rap', 'Hip Hop', 'Destroy Lonely', 'Lnly', 'opium', 'underground', 'Opium']",9,2026-08-07,8,August,7,Friday,32,False,4,0,6,"['Stream', ""'"", 'MONSTER', ""'"", ':', 'credit', ':', 'Dir', '.', '@', 'yungtacc', 'Edit', '.', '@', 'yungtacc', 'Color', '.', '@', 'unculturals', 'Follow', 'Destroy', 'Lonely', ':']",Stream ' MONSTER ' : credit : Dir . @ yungtacc Edit . @ yungtacc Color . @ unculturals Follow Destroy Lonely :,160.0,Medium,41,6,104,13,Night,16824,0.21585945976020252,0.01815172337051771,0.23401118313072022,1,0,Medium,Beginning,False,False,Late Night,Music,11.182962000261842,9.64988479373721,7.174724309836376
Dllrqzswliy,PEAK: The Final Ascent | Teaser Trailer,"It's almost here. The final ascent. August 11 PST. We’ve been hard at work crafting PEAK’s final Major Update, and we're finally ready to drop it to the shore near you. Ok well, I guess near a peak...near you. Whatever ANYWAY This update comes with new variant biomes: GLOOM and THE CITADEL, which will cycle out with CALDERA and THE KILN! There's also a new secret for you to discover, but for now... See you in the gloom... Scoutmaster Myres VA: Xalavier Nelson Jr. from @StrangeScaffold !! BUY PEAK: _____________________________________________________________________ PEAK Discord: PEAK Subreddit: Made in collaboration with @LandFallGames",2026-08-06 17:00:18+00:00,UCX43ke0wKIA-lvCccGDlNOg,Aggro Crab,22,[],PT54S,hd,false,127592,14993,681,https://store.steampowered.com/app/3527290/PEAK/ | https://peakpeakpeak.com/ | http://discord.gg/peakgame | https://www.reddit.com/r/PeakGame/,4,"['Steam', 'Other', 'Discord']",[],0,"It's almost here. The final ascent. August 11 PST. We’ve been hard at work crafting PEAK’s final Major Update, and we're finally ready to drop it to the shore near you. Ok well, I guess near a peak...near you. Whatever ANYWAY This update comes with new variant biomes: GLOOM and THE CITADEL, which will cycle out with CALDERA and THE KILN! There's also a new secret for you to discover, but for now... See you in the gloom... Scoutmaster Myres VA: Xalavier Nelson Jr. from @StrangeScaffold !! BUY PEAK: _____________________________________________________________________ PEAK Discord: PEAK Subreddit: Made in collaboration with @LandFallGames",[],0,2026-08-06,8,August,6,Thursday,32,False,17,0,18,"['It', ""'s"", 'almost', '.', 'The', 'final', 'ascent', '.', 'August', '11', 'PST', '.', 'We', '’', 'hard', 'work', 'crafting', 'PEAK', '’', 'final', 'Major', 'Update', ',', ""'re"", 'finally', 'ready', 'drop', 'shore', 'near', '.', 'Ok', 'well', ',', 'I', 'guess', 'near', 'peak', '...', 'near', '.', 'Whatever', 'ANYWAY', 'This', 'update', 'come', 'new', 'variant', 'biome', ':', 'GLOOM', 'THE', 'CITADEL', ',', 'cycle', 'CALDERA', 'THE', 'KILN', '!', 'There', ""'s"", 'also', 'new', 'secret', 'discover', ',', '...', 'See', 'gloom', '...', 'Scoutmaster', 'Myres', 'VA', ':', 'Xalavier', 'Nelson', 'Jr.', '@', 'StrangeScaffold', '!', '!', 'BUY', 'PEAK', ':', '_____________________________________________________________________', 'PEAK', 'Discord', ':', 'PEAK', 'Subreddit', ':', 'Made', 'collaboration', '@', 'LandFallGames']","It 's almost . The final ascent . August 11 PST . We ’ hard work crafting PEAK ’ final Major Update , 're finally ready drop shore near . Ok well , I guess near peak ... near . Whatever ANYWAY This update come new variant biome : GLOOM THE CITADEL , cycle CALDERA THE KILN ! There 's also new secret discover , ... See gloom ... Scoutmaster Myres VA : Xalavier Nelson Jr. @ StrangeScaffold ! ! BUY PEAK : _____________________________________________________________________ PEAK Discord : PEAK Subreddit : Made collaboration @ LandFallGames",54.0,Short,39,7,644,99,Afternoon,15674,0.11750736723305537,0.005337325224151985,0.12284469245720735,1,0,High,Beginning,False,False,Afternoon,People & Blogs,11.75660078945385,9.615405400063008,6.525029657843462
Wpel938Frva,I Joined The Best Meccha Chameleon Lobby...,TRY OUT GAMER SUPPS AND USE CODE: Bart FOR 10% OFF AND FREE SHIPPING: Socials: Main Channel: Philosophy Channel: Vod Channel: Twitch: Twitter: Instagram: Editor: @yourbusinessdad2716 Thumbnails: @EvanJohnson2 Discord: Outro Song: @PlayaPhonkOfficial,2026-08-06 16:24:15+00:00,UCeBPTBz1oRnsWsUBnKNNKNw,Joe Bart Games,20,['joebartolozzi'],PT1H5M34S,hd,false,419887,10400,568,https://gamersupps.gg/bart | https://www.youtube.com/@JoeBartolozzi | https://www.youtube.com/@Joe-Bart-Philosophy | https://www.youtube.com/channel/UC-lfGGqb5hHLBqVnVnWyrsw | https://www.twitch.tv/joe_bartolozzi | https://twitter.com/joebartolozzi_?lang=en | https://www.instagram.com/joe.bartolozzi/?hl=en | https://discord.gg/joebart | https://www.youtube.com/watch?v=1oC_WYWJx9A,9,"['Other', 'YouTube', 'Twitch', 'Twitter/X', 'Instagram', 'Discord']",[],0,TRY OUT GAMER SUPPS AND USE CODE: Bart FOR 10% OFF AND FREE SHIPPING: ☆Socials: ➥ Main Channel: ➥ Philosophy Channel: ➥ Vod Channel: ➥Twitch: ➥Twitter: ➥ Instagram: Editor: @yourbusinessdad2716 Thumbnails: @EvanJohnson2 ☆Discord: ➥ Outro Song: @PlayaPhonkOfficial,['joebartolozzi'],1,2026-08-06,8,August,6,Thursday,32,False,16,24,15,"['TRY', 'OUT', 'GAMER', 'SUPPS', 'AND', 'USE', 'CODE', ':', 'Bart', 'FOR', '10', '%', 'OFF', 'AND', 'FREE', 'SHIPPING', ':', 'Socials', ':', 'Main', 'Channel', ':', 'Philosophy', 'Channel', ':', 'Vod', 'Channel', ':', 'Twitch', ':', 'Twitter', ':', 'Instagram', ':', 'Editor', ':', '@', 'yourbusinessdad2716', 'Thumbnails', ':', '@', 'EvanJohnson2', 'Discord', ':', 'Outro', 'Song', ':', '@', 'PlayaPhonkOfficial']",TRY OUT GAMER SUPPS AND USE CODE : Bart FOR 10 % OFF AND FREE SHIPPING : Socials : Main Channel : Philosophy Channel : Vod Channel : Twitch : Twitter : Instagram : Editor : @ yourbusinessdad2716 Thumbnails : @ EvanJohnson2 Discord : Outro Song : @ PlayaPhonkOfficial,3934.0,Long,43,7,249,32,Afternoon,10968,0.024768568686337037,0.001352744905176869,0.026121313591513907,1,0,Very High,Beginning,True,False,Afternoon,Gaming,12.947743288031006,9.249657234353133,6.343880434126331
B3Fbo_Zslg8,Animal (Live from Hinterland 2026) | KATSEYE,Listen to KATSEYE’s new single Animal now: Pre-order KATSEYE's Third EP ‘WILD’: Shop KATSEYE: Follow KATSEYE Instagram: TikTok: Twitter: Weverse: YouTube: Official Website: Newsletter:,2026-08-06 22:00:14+00:00,UCA61H4fWOMHikLcUFKyQUog,KATSEYE,10,[],PT2M38S,hd,false,469044,43639,7015,https://KATSEYE.lnk.to/Animal | https://KATSEYE.lnk.to/WILD | https://KATSEYE.lnk.to/Shop | https://www.instagram.com/katseyeworld/ | https://www.tiktok.com/@katseyeworld | https://twitter.com/katseyeworld | https://weverse.io/katseye/feed | https://www.youtube.com/@katseyeworld | https://Katseye.world | https://KATSEYE.lnk.to/SignUpID,10,"['Other', 'Instagram', 'TikTok', 'Twitter/X', 'YouTube']","['#KATSEYE', '#KATSEYE_Animal', '#Hinterland']",3,Listen to KATSEYE’s new single Animal now: Pre-order KATSEYE's Third EP ‘WILD’: Shop KATSEYE: Follow KATSEYE Instagram: TikTok: Twitter: Weverse: YouTube: Official Website: Newsletter:,[],0,2026-08-06,8,August,6,Thursday,32,False,22,0,14,"['Listen', 'KATSEYE', '’', 'new', 'single', 'Animal', ':', 'Pre-order', 'KATSEYE', ""'s"", 'Third', 'EP', '‘', 'WILD', '’', ':', 'Shop', 'KATSEYE', ':', 'Follow', 'KATSEYE', 'Instagram', ':', 'TikTok', ':', 'Twitter', ':', 'Weverse', ':', 'YouTube', ':', 'Official', 'Website', ':', 'Newsletter', ':']",Listen KATSEYE ’ new single Animal : Pre-order KATSEYE 's Third EP ‘ WILD ’ : Shop KATSEYE : Follow KATSEYE Instagram : TikTok : Twitter : Weverse : YouTube : Official Website : Newsletter :,158.0,Medium,44,7,184,24,Evening,50654,0.09303817978697095,0.014955952959637048,0.10799413274660799,1,0,Very High,Beginning,False,False,Night,Music,13.058453991652915,10.683729439947006,8.855948534052018
Zqzfxcc7Jeq,Warrior Cats: Clans of the Forest - Announce Trailer,,2026-08-06 13:01:42+00:00,UCcaswDIh-nrXYofcYQm6KTg,Gematsu,20,[],PT57S,hd,false,126401,12834,1222,https://gematsu.com/games/warrior-cats-clans-of-the-forest,1,['Other'],[],0,,[],0,2026-08-06,8,August,6,Thursday,32,False,13,1,42,[],,57.0,Short,52,9,0,0,Afternoon,14056,0.10153400685121163,0.009667645034453842,0.11120165188566546,1,0,High,Beginning,True,False,Afternoon,Gaming,11.747222583354525,9.45993109330524,7.109062135687172
Yhpcra7J6Jo,🔴 LIVE! - NEW UPDATE!! HUNTING RARE *GEM SPRITES* in FORTNITE!,"New Gem Sprites update in Fortnite Chapter 7, Season 3 with Typical Gamer. Use code TYPICALGAMER in the item shop (Epic Partner) SUBSCRIBE! I build Fortnite games with my studio JOGO Follow us in Fortnite for new maps and updates first Join the Discord: Twitter: Instagram: 🧢 Shop Merch: Music by Epidemic Sound:",2026-08-07 07:45:04+00:00,UC2wKfjlioOCLP4xQMOWNcgg,Typical Gamer,20,[],PT3H33M24S,hd,false,201336,2397,27,http://bit.ly/SubToTG | https://www.fortnite.com/@TypicalGamer | https://www.fortnite.com/@JOGO | https://discord.gg/TypicalGamer | https://twitter.com/TypicalGamer | https://instagram.com/typicalgamer | https://typical.store | https://www.epidemicsound.com,8,"['Other', 'Discord', 'Twitter/X', 'Instagram']",[],0,"New Gem Sprites update in Fortnite Chapter 7, Season 3 with Typical Gamer. Use code TYPICALGAMER in the item shop 💙 (Epic Partner) ❤️ SUBSCRIBE! ► 🎮 I build Fortnite games with my studio JOGO ⭐ Follow us in Fortnite for new maps and updates first 👇 💬 Join the Discord: 🐦 Twitter: 📸 Instagram: 🧢 Shop Merch: Music by Epidemic Sound:",[],0,2026-08-07,8,August,7,Friday,32,False,7,45,4,"['New', 'Gem', 'Sprites', 'update', 'Fortnite', 'Chapter', '7', ',', 'Season', '3', 'Typical', 'Gamer', '.', 'Use', 'code', 'TYPICALGAMER', 'item', 'shop', '(', 'Epic', 'Partner', ')', 'SUBSCRIBE', '!', 'I', 'build', 'Fortnite', 'game', 'studio', 'JOGO', 'Follow', 'u', 'Fortnite', 'new', 'map', 'update', 'first', 'Join', 'Discord', ':', 'Twitter', ':', 'Instagram', ':', '🧢', 'Shop', 'Merch', ':', 'Music', 'Epidemic', 'Sound', ':']","New Gem Sprites update Fortnite Chapter 7 , Season 3 Typical Gamer . Use code TYPICALGAMER item shop ( Epic Partner ) SUBSCRIBE ! I build Fortnite game studio JOGO Follow u Fortnite new map update first Join Discord : Twitter : Instagram : 🧢 Shop Merch : Music Epidemic Sound :",12804.0,Long,62,11,312,53,Morning,2424,0.011905471450709262,0.00013410418405054237,0.012039575634759804,1,0,High,Beginning,True,False,Morning,Gaming,12.212735400003536,7.7823903355874595,3.332204510175204
Rw6Qvxm2Cji,Alfredo Olivas - MAYDAY,"Escucha “Mayday"" en tu plataforma favorita: Sígueme en redes sociales: Instagram: Facebook: TikTok: LETRA: ¿Siéndole fiel a qué, o más bien, a costa de qué? Maldita monogamia, me parece una infamia el dejarnos ya de ver. Yo me quedo, tú te vas, o quizá es al revés Al fin eso que importa, siendo la vida tan corta tal vez más de lo que crees. Me voy a seguir quedando con las reglas no escritas, siendo el beso que no pides, pero el que más necesitas. Por ahora ese seré, hasta que recuerdes cómo ser mujer. Vamos a acabar cediendo, porque tú no quieres irte, y yo me voy a quedar porque tú no sabes rendirte, ni yo dar paso pa’ atrás porque si no, sé que las ganas no van a dejarte en paz. No nacimos pa’ cobardes, ni para cumplir la ley, yo no me bajo de este avión, ni aunque se declaré en Mayday, valora posibilidades, y es que a nuestros ideales no conviene serle infiel. Vamos a acabar cediendo, porque tú no quieres irte, y yo me voy a quedar porque tú no sabes rendirte, ni yo dar paso pa’ atrás porque si no, sé que las ganas no van a dejarte en paz. No nacimos pa’ cobardes, ni para cumplir la ley, yo no me bajo de este avión, ni aunque se declaré en Mayday, valora posibilidades, y es que a nuestros ideales no conviene serle infiel. Cualquier decisión que tomes asegúrate primero en consultárselo a tu piel. 2026© Alfredo Olivas",2026-08-06 22:33:16+00:00,UC1bZ17RdXYpjsgDKWxaYCYA,Alfredo Olivas,10,"['Alfredo Olivas', 'Mayday\nJulión Álvarez', 'Eden Muñóz', 'Luis R Conriquez', 'Carín León', 'Marca Registrada', 'Codiciado', 'Grupo Firme', 'Regional Mexicano', 'Norteño', 'Musica Mexicana']",PT3M42S,hd,false,152061,14009,956,https://emcdistribution.ffm.to/mayday | https://www.instagram.com/alfredoolivasofficial | https://www.facebook.com/AlfredoOlivasMusica | https://www.tiktok.com/@alfredoolivasofficial_,4,"['Other', 'Instagram', 'Facebook', 'TikTok']","['#AlfredoOlivas', '#MayDay']",2,"Escucha “Mayday"" en tu plataforma favorita: Sígueme en redes sociales: Instagram: Facebook: TikTok: LETRA: ¿Siéndole fiel a qué, o más bien, a costa de qué? Maldita monogamia, me parece una infamia el dejarnos ya de ver. Yo me quedo, tú te vas, o quizá es al revés Al fin eso que importa, siendo la vida tan corta tal vez más de lo que crees. Me voy a seguir quedando con las reglas no escritas, siendo el beso que no pides, pero el que más necesitas. Por ahora ese seré, hasta que recuerdes cómo ser mujer. Vamos a acabar cediendo, porque tú no quieres irte, y yo me voy a quedar porque tú no sabes rendirte, ni yo dar paso pa’ atrás porque si no, sé que las ganas no van a dejarte en paz. No nacimos pa’ cobardes, ni para cumplir la ley, yo no me bajo de este avión, ni aunque se declaré en Mayday, valora posibilidades, y es que a nuestros ideales no conviene serle infiel. Vamos a acabar cediendo, porque tú no quieres irte, y yo me voy a quedar porque tú no sabes rendirte, ni yo dar paso pa’ atrás porque si no, sé que las ganas no van a dejarte en paz. No nacimos pa’ cobardes, ni para cumplir la ley, yo no me bajo de este avión, ni aunque se declaré en Mayday, valora posibilidades, y es que a nuestros ideales no conviene serle infiel. Cualquier decisión que tomes asegúrate primero en consultárselo a tu piel. 2026©️ Alfredo Olivas","['Alfredo Olivas', 'Mayday\nJulión Álvarez', 'Eden Muñóz', 'Luis R Conriquez', 'Carín León', 'Marca Registrada', 'Codiciado', 'Grupo Firme', 'Regional Mexicano', 'Norteño', 'Musica Mexicana']",11,2026-08-06,8,August,6,Thursday,32,False,22,33,16,"['Escucha', '“', 'Mayday', ""''"", 'en', 'tu', 'plataforma', 'favorita', ':', 'Sígueme', 'en', 'redes', 'sociales', ':', 'Instagram', ':', 'Facebook', ':', 'TikTok', ':', 'LETRA', ':', '¿Siéndole', 'fiel', 'qué', ',', 'más', 'bien', ',', 'costa', 'de', 'qué', '?', 'Maldita', 'monogamia', ',', 'parece', 'una', 'infamia', 'el', 'dejarnos', 'ya', 'de', 'ver', '.', 'Yo', 'quedo', ',', 'tú', 'te', 'va', ',', 'quizá', 'e', 'al', 'revés', 'Al', 'fin', 'eso', 'que', 'importa', ',', 'siendo', 'la', 'vida', 'tan', 'corta', 'tal', 'vez', 'más', 'de', 'lo', 'que', 'cree', '.', 'Me', 'voy', 'seguir', 'quedando', 'con', 'la', 'reglas', 'escritas', ',', 'siendo', 'el', 'beso', 'que', 'pides', ',', 'pero', 'el', 'que', 'más', 'necesitas', '.', 'Por', 'ahora', 'ese', 'seré', ',', 'hasta', 'que', 'recuerdes', 'cómo', 'ser', 'mujer', '.', 'Vamos', 'acabar', 'cediendo', ',', 'porque', 'tú', 'quieres', 'irte', ',', 'yo', 'voy', 'quedar', 'porque', 'tú', 'sabes', 'rendirte', ',', 'ni', 'yo', 'dar', 'paso', 'pa', '’', 'atrás', 'porque', 'si', ',', 'sé', 'que', 'la', 'ganas', 'van', 'dejarte', 'en', 'paz', '.', 'No', 'nacimos', 'pa', '’', 'cobardes', ',', 'ni', 'para', 'cumplir', 'la', 'ley', ',', 'yo', 'bajo', 'de', 'este', 'avión', ',', 'ni', 'aunque', 'se', 'declaré', 'en', 'Mayday', ',', 'valora', 'posibilidades', ',', 'e', 'que', 'nuestros', 'ideales', 'conviene', 'serle', 'infiel', '.', 'Vamos', 'acabar', 'cediendo', ',', 'porque', 'tú', 'quieres', 'irte', ',', 'yo', 'voy', 'quedar', 'porque', 'tú', 'sabes', 'rendirte', ',', 'ni', 'yo', 'dar', 'paso', 'pa', '’', 'atrás', 'porque', 'si', ',', 'sé', 'que', 'la', 'ganas', 'van', 'dejarte', 'en', 'paz', '.', 'No', 'nacimos', 'pa', '’', 'cobardes', ',', 'ni', 'para', 'cumplir', 'la', 'ley', ',', 'yo', 'bajo', 'de', 'este', 'avión', ',', 'ni', 'aunque', 'se', 'declaré', 'en', 'Mayday', ',', 'valora', 'posibilidades', ',', 'e', 'que', 'nuestros', 'ideales', 'conviene', 'serle', 'infiel', '.', 'Cualquier', 'decisión', 'que', 'tome', 'asegúrate', 'primero', 'en', 'consultárselo', 'tu', 'piel', '.', '2026©', 'Alfredo', 'Olivas']","Escucha “ Mayday '' en tu plataforma favorita : Sígueme en redes sociales : Instagram : Facebook : TikTok : LETRA : ¿Siéndole fiel qué , más bien , costa de qué ? Maldita monogamia , parece una infamia el dejarnos ya de ver . Yo quedo , tú te va , quizá e al revés Al fin eso que importa , siendo la vida tan corta tal vez más de lo que cree . Me voy seguir quedando con la reglas escritas , siendo el beso que pides , pero el que más necesitas . Por ahora ese seré , hasta que recuerdes cómo ser mujer . Vamos acabar cediendo , porque tú quieres irte , yo voy quedar porque tú sabes rendirte , ni yo dar paso pa ’ atrás porque si , sé que la ganas van dejarte en paz . No nacimos pa ’ cobardes , ni para cumplir la ley , yo bajo de este avión , ni aunque se declaré en Mayday , valora posibilidades , e que nuestros ideales conviene serle infiel . Vamos acabar cediendo , porque tú quieres irte , yo voy quedar porque tú sabes rendirte , ni yo dar paso pa ’ atrás porque si , sé que la ganas van dejarte en paz . No nacimos pa ’ cobardes , ni para cumplir la ley , yo bajo de este avión , ni aunque se declaré en Mayday , valora posibilidades , e que nuestros ideales conviene serle infiel . Cualquier decisión que tome asegúrate primero en consultárselo tu piel . 2026© Alfredo Olivas",222.0,Medium,23,4,1341,255,Evening,14965,0.09212750146322857,0.006286950631654402,0.09841445209488298,1,0,High,Beginning,False,False,Night,Music,11.932043611398813,9.547526639331053,6.863803391452954
Ucyarelkc1K,ImDontai Reacts To GTA 6 Teaser & Primetime Trailer,MHM..,2026-08-06 18:00:16+00:00,UClylk2CQZtH7bSOuNJ66k4A,ImStillDontai,22,[],PT8M11S,hd,false,76227,3884,191,https://patreon.com/ImDontai?utm_medium=clipboard_copy&utm_source=copyLink&utm_campaign=creatorshare_creator&utm_content=join_link | https://www.twitch.tv/im_dontai/ | https://www.twitch.tv/im_dontai/ | https://www.twitch.tv/im_dontai/ | https://www.twitch.tv/im_dontai/ | https://www.twitch.tv/im_dontai/ | https://www.twitch.tv/im_dontai/ | https://www.twitch.tv/im_dontai/,8,"['Other', 'Twitch']",[],0,MHM..,[],0,2026-08-06,8,August,6,Thursday,32,False,18,0,16,"['MHM', '..']",MHM ..,491.0,Medium,51,9,5,1,Afternoon,4075,0.05095307436997389,0.0025056738426017027,0.053458748212575596,1,0,Medium,Beginning,False,False,Evening,People & Blogs,11.241484128248267,8.264878262801748,5.2574953720277815
Q8Xyvyyypf0,3 SCARY GAMES #112,"3 Scary Games featuring O.B.O.L. WET CANDY and MORTEM! Oh come on, you try to combine those games into a single sentence! O.B.O.L. WET CANDY MORTEM Edited By MORE Scary Games",2026-08-05 18:33:36+00:00,UC7_YxT-KID8kRbqZo7MyscQ,Markiplier,20,"['3 scary games', 'horror games', 'indie horror', 'markiplier', 'scary games', 'scare reactions', 'creepypasta', 'jumpscares', 'jump scare', 'playthrough', 'lets play', 'itch.io', 'itch', '3 scary games 112', 'Markiplier 3 scary games', 'OBOL game', 'O.B.O.L. Game', 'WET CANDY game', 'MORTEM game']",PT58M39S,hd,false,1515171,60838,3426,https://mreliptik.itch.io/obol | https://twistandscream.itch.io/wet-candy | https://thewindyproject.itch.io/mortem | https://www.youtube.com/LixianTV | https://www.youtube.com/playlist?list=PL3tRBEVW0hiBSFOFhTC5wt75P2BES0rAo,5,"['Other', 'YouTube']",[],0,"3 Scary Games featuring O.B.O.L. WET CANDY and MORTEM! Oh come on, you try to combine those games into a single sentence! O.B.O.L. ► WET CANDY ► MORTEM ► Edited By ► MORE Scary Games ►","['3 scary games', 'horror games', 'indie horror', 'markiplier', 'scary games', 'scare reactions', 'creepypasta', 'jumpscares', 'jump scare', 'playthrough', 'lets play', 'itch.io', 'itch', '3 scary games 112', 'Markiplier 3 scary games', 'OBOL game', 'O.B.O.L. Game', 'WET CANDY game', 'MORTEM game']",19,2026-08-05,8,August,5,Wednesday,32,False,18,33,36,"['3', 'Scary', 'Games', 'featuring', 'O.B.O.L', '.', 'WET', 'CANDY', 'MORTEM', '!', 'Oh', 'come', ',', 'try', 'combine', 'game', 'single', 'sentence', '!', 'O.B.O.L', '.', 'WET', 'CANDY', 'MORTEM', 'Edited', 'By', 'MORE', 'Scary', 'Games']","3 Scary Games featuring O.B.O.L . WET CANDY MORTEM ! Oh come , try combine game single sentence ! O.B.O.L . WET CANDY MORTEM Edited By MORE Scary Games",3519.0,Long,18,4,174,31,Afternoon,64264,0.040152563638031616,0.002261130921856345,0.04241369455988796,1,0,Very High,Beginning,True,False,Evening,Gaming,14.231039521834546,11.01598630968325,8.139440521874608
Qkoc_V36Dum,Fatt Smaxk - THOMASVILLE DAYS [Official Video],"Fatt Smaxk - THOMASVILLE DAYS Stream ""THOMASVILLE DAYS"": Follow Fatt Smaxk:",2026-08-05 16:00:28+00:00,UCsSP7Z7KzAunS8e2J_svClw,Fatt Smaxk,10,"['hardnard', 'butta b hardnard', 'butta b official music video', 'hardnard butta b', 'butta', 'official music video', 'hardnard - butta b', 'hardnard - butta b (official video)', 'butta b x hardnard', 'hard', 'nard', 'fatt smaxk', 'fatt', 'smaxk', 'smaxk or die', 'trailer', 'thomasville days fatt smaxk', 'fatt smaxk thomasville days', 'thomasville days', 'thomasville', 'days', 'fatt smaxk new music', 'album loading', 'THOMASVILLE DAYS', 'Fatt Smaxk - THOMASVILLE DAYS [Official Video]']",PT1M53S,hd,false,210468,12700,257,https://fattsmaxk.lnk.to/thomasvilledays | https://www.instagram.com/fattsmaxk_/ | https://www.tiktok.com/@fattsmaxk,3,"['Other', 'Instagram', 'TikTok']","['#fattsmaxk', '#thomasvilledays']",2,"Fatt Smaxk - THOMASVILLE DAYS Stream ""THOMASVILLE DAYS"": Follow Fatt Smaxk:","['hardnard', 'butta b hardnard', 'butta b official music video', 'hardnard butta b', 'butta', 'official music video', 'hardnard - butta b', 'hardnard - butta b (official video)', 'butta b x hardnard', 'hard', 'nard', 'fatt smaxk', 'fatt', 'smaxk', 'smaxk or die', 'trailer', 'thomasville days fatt smaxk', 'fatt smaxk thomasville days', 'thomasville days', 'thomasville', 'days', 'fatt smaxk new music', 'album loading', 'THOMASVILLE DAYS', 'Fatt Smaxk - THOMASVILLE DAYS [Official Video]']",25,2026-08-05,8,August,5,Wednesday,32,False,16,0,28,"['Fatt', 'Smaxk', '-', 'THOMASVILLE', 'DAYS', 'Stream', '``', 'THOMASVILLE', 'DAYS', ""''"", ':', 'Follow', 'Fatt', 'Smaxk', ':']",Fatt Smaxk - THOMASVILLE DAYS Stream `` THOMASVILLE DAYS '' : Follow Fatt Smaxk :,113.0,Medium,46,7,75,11,Afternoon,12957,0.060341714654959425,0.0012210882414428797,0.061562802896402306,1,0,High,Beginning,False,False,Afternoon,Music,12.257093652850966,9.44943600950432,5.552959584921617
Kmh_Np98Xlo,KAI X SPEED MINECRAFT HARDCORE MARATHON | OFFICIAL TRAILER,FOLLOW ME ON TWITCH: JOIN THE REDDIT🟠: Follow My Socials: Main Channel: Twitter : Instagram:,2026-08-05 16:46:32+00:00,UCvCfpQXRXdJdL07pzTIA6Cw,Kai Cenat Live,24,"['Kai Cenat', 'Kai Cenat Live', 'Kai Cenat Livestream', 'Kai Live', 'Kai Cenat Funny']",PT1M12S,hd,false,771157,43309,2973,https://www.twitch.tv/kaicenat | https://www.reddit.com/r/TheKM/ | https://youtube.com/c/KaiCenat | https://twitter.com/KaiCenat | https://www.instagram.com/kaicenat,5,"['Twitch', 'Other', 'YouTube', 'Twitter/X', 'Instagram']","['#KaiCenat', '#KaiCenatLive', '#KaiCenatStream']",3,FOLLOW ME ON TWITCH: JOIN THE REDDIT🟠: 🔴Follow My Socials: Main Channel: Twitter : Instagram:,"['Kai Cenat', 'Kai Cenat Live', 'Kai Cenat Livestream', 'Kai Live', 'Kai Cenat Funny']",5,2026-08-05,8,August,5,Wednesday,32,False,16,46,32,"['FOLLOW', 'ME', 'ON', 'TWITCH', ':', 'JOIN', 'THE', 'REDDIT🟠', ':', 'Follow', 'My', 'Socials', ':', 'Main', 'Channel', ':', 'Twitter', ':', 'Instagram', ':']",FOLLOW ME ON TWITCH : JOIN THE REDDIT🟠 : Follow My Socials : Main Channel : Twitter : Instagram :,72.0,Medium,58,9,92,15,Afternoon,46282,0.05616106707194514,0.003855246078295341,0.06001631315024048,1,0,Very High,Beginning,False,False,Afternoon,Entertainment,13.555648560214529,10.676138834208672,7.9976631270201
Tjxabygnano,The Backrooms Incident 1997…,CaseOh X Starforge GamerSupps -10% off Code CaseOh - Merch - Cheeky - Kitty Thumbsticks - BTV - 00:00 - 32:59 - The Backrooms Incident 1997 32:59 - 50:34 - Rotten 50:34 - 1:17:46 - Scarecrowed _________________________________________________________________ Join this channel to get access to uploads with no blurs or mutes: ________________________________________________________________ Follow Twitch MoreCaseOh YT TikTok - X - Instagram - Discord - _________________________________________________________________,2026-08-06 22:00:10+00:00,UC63anZxfVGHUEmfBAf5w7pw,CaseOh,20,"['gaming', 'caseoh', 'caseohgames', 'case', 'funny', 'streamer', 'horror', 'horror gaming', 'scary', 'jumpscare']",PT1H17M46S,hd,false,267800,10556,946,https://starforgepc.com/CaseOh | https://gamersupps.gg/ | https://caseohgames.com/ | https://usecheeky.com/ | https://kontrolfreek.pro/CaseOh | http://btvcomic.com/caseoh | https://www.youtube.com/channel/UC63anZxfVGHUEmfBAf5w7pw/join | https://www.twitch.tv/caseoh_ | https://www.youtube.com/@MoreCaseOh | https://www.tiktok.com/@caseohgames | https://x.com/CaseOh__ | https://www.instagram.com/caseoh_games | https://discord.gg/caseoh,13,"['Other', 'YouTube', 'Twitch', 'TikTok', 'Twitter/X', 'Instagram', 'Discord']",[],0,CaseOh X Starforge GamerSupps -10% off Code CaseOh - Merch - Cheeky - Kitty Thumbsticks - BTV - 00:00 - 32:59 - The Backrooms Incident 1997 32:59 - 50:34 - Rotten 50:34 - 1:17:46 - Scarecrowed _________________________________________________________________ Join this channel to get access to uploads with no blurs or mutes: ________________________________________________________________ Follow 👇 Twitch 🎥 MoreCaseOh YT 📺 TikTok - X - Instagram - Discord - _________________________________________________________________,"['gaming', 'caseoh', 'caseohgames', 'case', 'funny', 'streamer', 'horror', 'horror gaming', 'scary', 'jumpscare']",10,2026-08-06,8,August,6,Thursday,32,False,22,0,10,"['CaseOh', 'X', 'Starforge', 'GamerSupps', '-10', '%', 'Code', 'CaseOh', '-', 'Merch', '-', 'Cheeky', '-', 'Kitty', 'Thumbsticks', '-', 'BTV', '-', '00:00', '-', '32:59', '-', 'The', 'Backrooms', 'Incident', '1997', '32:59', '-', '50:34', '-', 'Rotten', '50:34', '-', '1:17:46', '-', 'Scarecrowed', '_________________________________________________________________', 'Join', 'channel', 'get', 'access', 'uploads', 'blur', 'mute', ':', '________________________________________________________________', 'Follow', 'Twitch', 'MoreCaseOh', 'YT', 'TikTok', '-', 'X', '-', 'Instagram', '-', 'Discord', '-', '_________________________________________________________________']",CaseOh X Starforge GamerSupps -10 % Code CaseOh - Merch - Cheeky - Kitty Thumbsticks - BTV - 00:00 - 32:59 - The Backrooms Incident 1997 32:59 - 50:34 - Rotten 50:34 - 1:17:46 - Scarecrowed _________________________________________________________________ Join channel get access uploads blur mute : ________________________________________________________________ Follow Twitch MoreCaseOh YT TikTok - X - Instagram - Discord - _________________________________________________________________,4666.0,Long,28,4,519,64,Evening,11502,0.03941747572815534,0.003532486930545183,0.042949962658700526,1,0,High,Beginning,True,False,Night,Gaming,12.497999446362185,9.264544425989694,6.853299093186078
-Nkqongjl6E,Future - No Misery (Official Music Video),"Future - No Misery (Official Music Video) ""The Real Me"" available at: Follow Future: Website: Instagram: Twitter: Facebook: Spotify: (C) 2026 Sahluna Management Company, Inc. under exclusive license to Epic Records, a division of Sony Music Entertainment.",2026-08-06 16:00:06+00:00,UCFNosi99Sp0_eLilBiXmmXA,FutureVEVO,10,"['future', 'metro boomin', 'like that', 'type shit', 'travis scott', 'playboi carti', 'kendrick lamar', 'the weekend', 'we dont trust you', 'WDTY', 'young metro', 'future metro', 'young thug', 'chainz', 'chief keef', 'yo gotti', 'meek mill', 'nav', 'gucci mane', 'french montana', 'quavo', '21 savage', 'migos', 'mixtape pluto', 'too fast', 'lil demon', 'T.R.M.', 'The Real Me', 'No Misery']",PT2M14S,hd,false,232157,12580,1008,https://future.lnk.to/TheRealMe | https://freebandz.com/ | https://Future.lnk.to/followII | https://Future.lnk.to/followTI | https://Future.lnk.to/followFI | https://Future.lnk.to/followSI,6,['Other'],"['#Future', '#NoMisery', '#TheRealMe']",3,"Future - No Misery (Official Music Video) ""The Real Me"" available at: Follow Future: Website: Instagram: Twitter: Facebook: Spotify: (C) 2026 Sahluna Management Company, Inc. under exclusive license to Epic Records, a division of Sony Music Entertainment.","['future', 'metro boomin', 'like that', 'type shit', 'travis scott', 'playboi carti', 'kendrick lamar', 'the weekend', 'we dont trust you', 'WDTY', 'young metro', 'future metro', 'young thug', 'chainz', 'chief keef', 'yo gotti', 'meek mill', 'nav', 'gucci mane', 'french montana', 'quavo', '21 savage', 'migos', 'mixtape pluto', 'too fast', 'lil demon', 'T.R.M.', 'The Real Me', 'No Misery']",29,2026-08-06,8,August,6,Thursday,32,False,16,0,6,"['Future', '-', 'No', 'Misery', '(', 'Official', 'Music', 'Video', ')', '``', 'The', 'Real', 'Me', ""''"", 'available', ':', 'Follow', 'Future', ':', 'Website', ':', 'Instagram', ':', 'Twitter', ':', 'Facebook', ':', 'Spotify', ':', '(', 'C', ')', '2026', 'Sahluna', 'Management', 'Company', ',', 'Inc.', 'exclusive', 'license', 'Epic', 'Records', ',', 'division', 'Sony', 'Music', 'Entertainment', '.']","Future - No Misery ( Official Music Video ) `` The Real Me '' available : Follow Future : Website : Instagram : Twitter : Facebook : Spotify : ( C ) 2026 Sahluna Management Company , Inc. exclusive license Epic Records , division Sony Music Entertainment .",134.0,Medium,41,7,255,37,Afternoon,13588,0.05418746796349022,0.004341889324896514,0.058529357288386735,1,0,High,Beginning,False,False,Afternoon,Music,12.355173453332458,9.439943018351132,6.9167150203536085
Qtawn8Ktdwu,GTA 6 Trailer 3 Has Been Announced! - What You Need to Know,"Get 10% off all GamerSupps products with this link - Did you shower today? Use Cheeky, the best soap in the world: My Headset: My Mouse: My Keyboard: My Console: My GPU: Twitch: Instagram: Join our Discord for help with Business Sales & Heists: Follow me on Twitter/X: Grand Theft Auto 5. GTA 5. GTA 6",2026-08-06 13:30:43+00:00,UC72PuhDwKtZ5MikpGNhPAtA,TGG,20,"['gta 5', 'gta online', 'gta 6', 'grand theft auto', 'making money gta', 'get rich gta']",PT4M49S,hd,false,188154,11099,1345,https://gamersupps.gg/tgg | https://usecheeky.com/pages/tgg | https://amzn.to/3CJgcBZ | https://amzn.to/4ibs3cf | https://amzn.to/3Os5fHr | https://amzn.to/3Zfofhw | https://amzn.to/49noX0C | https://www.twitch.tv/tgg_gta | https://www.instagram.com/tee_gee_gee/ | https://discord.com/invite/gorillagang | https://twitter.com/TGGonYT,11,"['Other', 'Twitch', 'Instagram', 'Discord', 'Twitter/X']",[],0,"Get 10% off all GamerSupps products with this link - Did you shower today? Use Cheeky, the best soap in the world: My Headset: My Mouse: My Keyboard: My Console: My GPU: Twitch: Instagram: Join our Discord for help with Business Sales & Heists: Follow me on Twitter/X: Grand Theft Auto 5. GTA 5. GTA 6","['gta 5', 'gta online', 'gta 6', 'grand theft auto', 'making money gta', 'get rich gta']",6,2026-08-06,8,August,6,Thursday,32,False,13,30,43,"['Get', '10', '%', 'GamerSupps', 'product', 'link', '-', 'Did', 'shower', 'today', '?', 'Use', 'Cheeky', ',', 'best', 'soap', 'world', ':', 'My', 'Headset', ':', 'My', 'Mouse', ':', 'My', 'Keyboard', ':', 'My', 'Console', ':', 'My', 'GPU', ':', 'Twitch', ':', 'Instagram', ':', 'Join', 'Discord', 'help', 'Business', 'Sales', '&', 'Heists', ':', 'Follow', 'Twitter/X', ':', 'Grand', 'Theft', 'Auto', '5', '.', 'GTA', '5', '.', 'GTA', '6']","Get 10 % GamerSupps product link - Did shower today ? Use Cheeky , best soap world : My Headset : My Mouse : My Keyboard : My Console : My GPU : Twitch : Instagram : Join Discord help Business Sales & Heists : Follow Twitter/X : Grand Theft Auto 5 . GTA 5 . GTA 6",289.0,Medium,59,13,301,56,Afternoon,12444,0.0589889133369474,0.00714839971512697,0.06613731305207436,1,0,High,Beginning,True,False,Afternoon,Gaming,12.145021370210076,9.314700387300425,7.204892510204673
Wejuc6Ihuqu,Hunting a HACKER Until They RAGE QUIT Again *JYNXZI REACTS*,Hunting a HACKER Until They RAGE QUIT Again JYNXZI REACTS IM LIVE EVERY DAY - Origibal Creator @worstcompplayer Follow My Socials: Main Channel: Twitter : Instagram:,2026-08-06 20:28:40+00:00,UCyNzZ1wgkOWkzYE0zbs7zhA,Jynxzi Live,20,"['jynxzi', 'Hunting a HACKER Until They RAGE QUIT Again *JYNXZI REACTS*', 'jynxzi fortnite', 'fortnite', 'fortnite cheater']",PT50M3S,hd,false,242881,6841,437,https://www.twitch.tv/jynxzi | https://www.youtube.com/@Jynxzi | https://twitter.com/Jynxzi | https://www.instagram.com/Jynxzi,4,"['Twitch', 'YouTube', 'Twitter/X', 'Instagram']","['#jynxzi', '#rainbowsixsiege', '#jynxziclips']",3,Hunting a HACKER Until They RAGE QUIT Again *JYNXZI REACTS* IM LIVE EVERY DAY - Origibal Creator @worstcompplayer 🔴Follow My Socials: Main Channel: Twitter : Instagram:,"['jynxzi', 'Hunting a HACKER Until They RAGE QUIT Again *JYNXZI REACTS*', 'jynxzi fortnite', 'fortnite', 'fortnite cheater']",5,2026-08-06,8,August,6,Thursday,32,False,20,28,40,"['Hunting', 'HACKER', 'Until', 'They', 'RAGE', 'QUIT', 'Again', 'JYNXZI', 'REACTS', 'IM', 'LIVE', 'EVERY', 'DAY', '-', 'Origibal', 'Creator', '@', 'worstcompplayer', 'Follow', 'My', 'Socials', ':', 'Main', 'Channel', ':', 'Twitter', ':', 'Instagram', ':']",Hunting HACKER Until They RAGE QUIT Again JYNXZI REACTS IM LIVE EVERY DAY - Origibal Creator @ worstcompplayer Follow My Socials : Main Channel : Twitter : Instagram :,3003.0,Long,59,10,165,26,Evening,7278,0.028166056628554724,0.001799235016324867,0.029965291644879592,1,0,High,Beginning,True,False,Evening,Gaming,12.400331007674604,8.830835365537549,6.082218910376446
Swp4Uh9Ay34,Tempo - No Te Sientas Mal (Video Oficial),"Tempo - No Te Sientas Mal (Video Oficial) ¡Suscríbete al canal oficial de Tempo y activa la campanita para no perderte ningún estreno! Escucha ""No Te Sientas Mal"" en tu plataforma digital favorita: Sigue a Tempo en sus redes oficiales: Instagram: Facebook: TikTok: Spotify:",2026-08-07 00:00:06+00:00,UC0SYAB5AaDMeEQs11FbVzUA,Tempo,10,"['Tempo', 'Free Tempo', 'Tempo Es Tempo', 'Tempo - No Te Sientas Mal', 'No Te Sientas Mal Tempo', 'No Te Sientas Mal', 'Tempo No Te Sientas Mal Video Oficial', 'No Te Sientas Mal Video Oficial', 'Tempo Video Oficial', 'No Te Sientas Mal Letra', 'Tempo Letra', 'Tempo No Te Sientas Mal Official Video', 'Tempo reggaeton', 'reggaeton viejo', 'reggaeton clasico', 'latin urban', 'musica urbana', 'tempo no te sientas mal', 'tempo no te sienta mal', 'tempo no te sientas mas', 'no te sientas mal lyrics']",PT3M16S,hd,false,56537,7916,1313,https://www.youtube.com/@TempoTV?sub_confirmation=1 | https://onerpm.link/NoTeSientasMal | https://www.instagram.com/yosoytempo | https://www.facebook.com/TempoOficial | https://www.tiktok.com/@yosoytempo | https://open.spotify.com/artist/0yC463mU5B9f6dY6A1q1sY,6,"['YouTube', 'Other', 'Instagram', 'Facebook', 'TikTok', 'Spotify']","['#Tempo', '#NoTeSientasMal', '#Reggaeton', '#TrapLatino', '#MusicaUrbana', '#PuertoRico']",6,"Tempo - No Te Sientas Mal (Video Oficial) 🔔 ¡Suscríbete al canal oficial de Tempo y activa la campanita para no perderte ningún estreno! 👉 🎧 Escucha ""No Te Sientas Mal"" en tu plataforma digital favorita: 👉 Sigue a Tempo en sus redes oficiales: Instagram: Facebook: TikTok: Spotify:","['Tempo', 'Free Tempo', 'Tempo Es Tempo', 'Tempo - No Te Sientas Mal', 'No Te Sientas Mal Tempo', 'No Te Sientas Mal', 'Tempo No Te Sientas Mal Video Oficial', 'No Te Sientas Mal Video Oficial', 'Tempo Video Oficial', 'No Te Sientas Mal Letra', 'Tempo Letra', 'Tempo No Te Sientas Mal Official Video', 'Tempo reggaeton', 'reggaeton viejo', 'reggaeton clasico', 'latin urban', 'musica urbana', 'tempo no te sientas mal', 'tempo no te sienta mal', 'tempo no te sientas mas', 'no te sientas mal lyrics']",21,2026-08-07,8,August,7,Friday,32,False,0,0,6,"['Tempo', '-', 'No', 'Te', 'Sientas', 'Mal', '(', 'Video', 'Oficial', ')', '¡Suscríbete', 'al', 'canal', 'oficial', 'de', 'Tempo', 'activa', 'la', 'campanita', 'para', 'perderte', 'ningún', 'estreno', '!', 'Escucha', '``', 'No', 'Te', 'Sientas', 'Mal', ""''"", 'en', 'tu', 'plataforma', 'digital', 'favorita', ':', 'Sigue', 'Tempo', 'en', 'sus', 'redes', 'oficiales', ':', 'Instagram', ':', 'Facebook', ':', 'TikTok', ':', 'Spotify', ':']",Tempo - No Te Sientas Mal ( Video Oficial ) ¡Suscríbete al canal oficial de Tempo activa la campanita para perderte ningún estreno ! Escucha `` No Te Sientas Mal '' en tu plataforma digital favorita : Sigue Tempo en sus redes oficiales : Instagram : Facebook : TikTok : Spotify :,196.0,Medium,41,8,273,44,Night,9229,0.1400145037762881,0.023223729593009886,0.163238233369298,1,0,Low,Beginning,False,False,Late Night,Music,10.94266825743481,8.976767625171433,7.1808311990445555
Klxlb7W7Oem,D.Mon's Hero Trailer Is HERE In Overwatch,Everything is streamed live @ before being uploaded to YouTube. Juice up with Gamersupps here: Main Channel: Clips Channel: More Flats: Non Overwatch Channel: Edited by and thumbnail done by: Randomvstheworld Follow Me Discord: Twitch: Twitter: TikTok: Facebook:,2026-08-06 21:52:04+00:00,UCpXyxLahbn7vZfR5fexenuw,Flats Two,20,"['flats', 'flats two', 'flats Overwatch', 'flats variety', 'flats second', 'overwatch flats', 'FlatsOW', 'flats overwatch', 'Flats_OW', 'Jay3', 'Overwatch streamer', 'overwatch 2', 'Flats 2', 'Second Flats', 'Flat', 'flat 2', 'lifeweaver', 'lifeweaver overwatch 2', 'overwatch 2 lifeweaver', 'flats overwatch 2', 'overwatch 2 flats']",PT12M37S,hd,false,55083,2419,274,https://www.twitch.tv/flats | https://gamersupps.gg/?ref=flats | https://www.youtube.com/@Flats_OW | https://www.youtube.com/@FlatsClips | https://www.youtube.com/@More_Flats | https://www.youtube.com/@FlatsTTV | https://discord.gg/flats | https://www.twitch.tv/flats | https://twitter.com/Flats_Ow | https://www.tiktok.com/@flats_ow | https://www.facebook.com/FlatsTTV,11,"['Twitch', 'Other', 'YouTube', 'Discord', 'Twitter/X', 'TikTok', 'Facebook']","['#Flats', '#overwatch']",2,Everything is streamed live @ before being uploaded to YouTube. ►Juice up with Gamersupps here: ► Main Channel: ► Clips Channel: ► More Flats: ►Non Overwatch Channel: ►Edited by and thumbnail done by: Randomvstheworld ►Follow Me ►Discord: ►Twitch: ►Twitter: ►TikTok: ►Facebook:,"['flats', 'flats two', 'flats Overwatch', 'flats variety', 'flats second', 'overwatch flats', 'FlatsOW', 'flats overwatch', 'Flats_OW', 'Jay3', 'Overwatch streamer', 'overwatch 2', 'Flats 2', 'Second Flats', 'Flat', 'flat 2', 'lifeweaver', 'lifeweaver overwatch 2', 'overwatch 2 lifeweaver', 'flats overwatch 2', 'overwatch 2 flats']",21,2026-08-06,8,August,6,Thursday,32,False,21,52,4,"['Everything', 'streamed', 'live', '@', 'uploaded', 'YouTube', '.', 'Juice', 'Gamersupps', ':', 'Main', 'Channel', ':', 'Clips', 'Channel', ':', 'More', 'Flats', ':', 'Non', 'Overwatch', 'Channel', ':', 'Edited', 'thumbnail', 'done', ':', 'Randomvstheworld', 'Follow', 'Me', 'Discord', ':', 'Twitch', ':', 'Twitter', ':', 'TikTok', ':', 'Facebook', ':']",Everything streamed live @ uploaded YouTube . Juice Gamersupps : Main Channel : Clips Channel : More Flats : Non Overwatch Channel : Edited thumbnail done : Randomvstheworld Follow Me Discord : Twitch : Twitter : TikTok : Facebook :,757.0,Long,41,7,262,38,Evening,2693,0.04391554563113846,0.0049743114935642575,0.04888985712470272,1,0,Low,Beginning,True,False,Evening,Gaming,10.916614571847017,7.791522819150732,5.616771097666572
Qusmopfmkfu,PLAYING DONUT SMP w/ STEAK,"Get the Jynxzi charm HERE: Get the Jynxzi charm HERE: Get the Jynxzi charm HERE: --------------------------------------------------------------------------------------------------------------------------- 00:00 - Intro/Reacts 1:29:43 - Roblox w/ Steak 1:33:01 - Hardest Roblox Ever w/ Steak 1:43:51 - Roblox Tower of Hell w/ Steak 3:19:12 - Donut SMP w/Steak and Dr. Donut --------------------------------------------------------------------------------------------------------------------------- G FUEL x JYNXZI 20% OFF: Code: ""JYNXZI"" KONTROLFREEK x JYNXZI 12% off: Code: ""JYNXZI""",2026-08-07 00:02:46+00:00,UCjiXtODGCCulmhwypZAWSag,Jynxzi,24,[],PT5H33M36S,hd,false,497618,7202,151,https://subs.twitch.tv/jynxzi | https://subs.twitch.tv/jynxzi | https://subs.twitch.tv/jynxzi | http://gfuel.ly/jynxzi | https://glnk.io/Jynxzi,5,"['Twitch', 'Other']",[],0,"Get the Jynxzi charm HERE: Get the Jynxzi charm HERE: Get the Jynxzi charm HERE: --------------------------------------------------------------------------------------------------------------------------- 00:00 - Intro/Reacts 1:29:43 - Roblox w/ Steak 1:33:01 - Hardest Roblox Ever w/ Steak 1:43:51 - Roblox Tower of Hell w/ Steak 3:19:12 - Donut SMP w/Steak and Dr. Donut --------------------------------------------------------------------------------------------------------------------------- G FUEL x JYNXZI 20% OFF: Code: ""JYNXZI"" KONTROLFREEK x JYNXZI 12% off: Code: ""JYNXZI""",[],0,2026-08-07,8,August,7,Friday,32,False,0,2,46,"['Get', 'Jynxzi', 'charm', 'HERE', ':', 'Get', 'Jynxzi', 'charm', 'HERE', ':', 'Get', 'Jynxzi', 'charm', 'HERE', ':', '--', '--', '--', '--', '--', '--', '--', '--', '--', '--', '--', '--', '--', '--', '--', '--', '--', '--', '--', '--', '--', '--', '--', '--', '--', '--', '--', '--', '--', '--', '--', '--', '--', '--', '--', '--', '--', '--', '--', '--', '--', '--', '--', '--', '--', '--', '--', '--', '--', '--', '--', '--', '--', '--', '--', '--', '--', '--', '--', '--', '--', '-', '00:00', '-', 'Intro/Reacts', '1:29:43', '-', 'Roblox', 'w/', 'Steak', '1:33:01', '-', 'Hardest', 'Roblox', 'Ever', 'w/', 'Steak', '1:43:51', '-', 'Roblox', 'Tower', 'Hell', 'w/', 'Steak', '3:19:12', '-', 'Donut', 'SMP', 'w/Steak', 'Dr.', 'Donut', '--', '--', '--', '--', '--', '--', '--', '--', '--', '--', '--', '--', '--', '--', '--', '--', '--', '--', '--', '--', '--', '--', '--', '--', '--', '--', '--', '--', '--', '--', '--', '--', '--', '--', '--', '--', '--', '--', '--', '--', '--', '--', '--', '--', '--', '--', '--', '--', '--', '--', '--', '--', '--', '--', '--', '--', '--', '--', '--', '--', '--', '-', 'G', 'FUEL', 'x', 'JYNXZI', '20', '%', 'OFF', ':', 'Code', ':', '``', 'JYNXZI', ""''"", 'KONTROLFREEK', 'x', 'JYNXZI', '12', '%', ':', 'Code', ':', '``', 'JYNXZI', ""''""]",Get Jynxzi charm HERE : Get Jynxzi charm HERE : Get Jynxzi charm HERE : -- -- -- -- -- -- -- -- -- -- -- -- -- -- -- -- -- -- -- -- -- -- -- -- -- -- -- -- -- -- -- -- -- -- -- -- -- -- -- -- -- -- -- -- -- -- -- -- -- -- -- -- -- -- -- -- -- -- -- -- -- - 00:00 - Intro/Reacts 1:29:43 - Roblox w/ Steak 1:33:01 - Hardest Roblox Ever w/ Steak 1:43:51 - Roblox Tower Hell w/ Steak 3:19:12 - Donut SMP w/Steak Dr. Donut -- -- -- -- -- -- -- -- -- -- -- -- -- -- -- -- -- -- -- -- -- -- -- -- -- -- -- -- -- -- -- -- -- -- -- -- -- -- -- -- -- -- -- -- -- -- -- -- -- -- -- -- -- -- -- -- -- -- -- -- -- - G FUEL x JYNXZI 20 % OFF : Code : `` JYNXZI '' KONTROLFREEK x JYNXZI 12 % : Code : `` JYNXZI '',20016.0,Long,26,5,582,63,Night,7353,0.01447294912965367,0.0003034456149094285,0.014776394744563099,1,0,Very High,Beginning,False,False,Late Night,Entertainment,13.117590002957886,8.882252884889363,5.0238805208462765
Wqssmfrp6B8,Dalvin La Melodia - Duele (Video Oficial),"STREAM: Dalvin La Melodía presenta el video oficial de ""Duele"", el sencillo principal de su primer álbum de estudio, La Bachata Volvió. Una bachata que transmite el dolor de un amor perdido con una interpretación llena de sentimiento y una producción que honra la esencia del género mientras conecta con una nueva generación de oyentes. ""Duele"" representa el inicio de una nueva etapa en la carrera de Dalvin La Melodía y forma parte de un proyecto que busca seguir llevando la bachata a lo más alto, con colaboraciones importantes y una propuesta musical auténtica. Disfruta del video oficial y acompáñame en este nuevo capítulo de mi carrera. Escucha ""La Bachata Volvió"" en todas las plataformas digitales. Sígueme en mis redes sociales para más música y contenido exclusivo. Suscríbete a mi canal y activa las notificaciones para no perderte ningún estreno. © & ℗ Suenala Mikey, LLC. Todos los derechos reservados. Los derechos de uso, explotación, distribución y administración de esta grabación audiovisual y de la obra musical pertenecen a Suenala Mikey, LLC. Queda prohibida su reproducción, distribución, comunicación pública o utilización total o parcial sin la autorización previa y por escrito de Suenala Mikey, LLC.",2026-08-06 22:00:12+00:00,UCeTiP-q53C4AX0k9jglU6Iw,DalvinLaMelodiaVEVO,10,"['Dalvin', 'Melodía', 'Dalvin', 'Bachata', 'Volvió', 'Bachata', 'Bachata', '2026', 'Bachata', 'Nueva']",PT5M38S,hd,false,76905,7380,463,https://sym.ffm.to/dalvin | https://www.dalvinlamelodiausa.com/ | https://www.instagram.com/dalvinmelody/ | https://www.tiktok.com/@dalvinlamelodia | https://www.youtube.com/@DalvinLaMelodiaOfficial,5,"['Other', 'Instagram', 'TikTok', 'YouTube']",[],0,"STREAM: Dalvin La Melodía presenta el video oficial de ""Duele"", el sencillo principal de su primer álbum de estudio, La Bachata Volvió. Una bachata que transmite el dolor de un amor perdido con una interpretación llena de sentimiento y una producción que honra la esencia del género mientras conecta con una nueva generación de oyentes. ""Duele"" representa el inicio de una nueva etapa en la carrera de Dalvin La Melodía y forma parte de un proyecto que busca seguir llevando la bachata a lo más alto, con colaboraciones importantes y una propuesta musical auténtica. Disfruta del video oficial y acompáñame en este nuevo capítulo de mi carrera. 🎵 Escucha ""La Bachata Volvió"" en todas las plataformas digitales. 📲 Sígueme en mis redes sociales para más música y contenido exclusivo. ▶️ Suscríbete a mi canal y activa las notificaciones para no perderte ningún estreno. © & ℗ Suenala Mikey, LLC. Todos los derechos reservados. Los derechos de uso, explotación, distribución y administración de esta grabación audiovisual y de la obra musical pertenecen a Suenala Mikey, LLC. Queda prohibida su reproducción, distribución, comunicación pública o utilización total o parcial sin la autorización previa y por escrito de Suenala Mikey, LLC.","['Dalvin', 'Melodía', 'Dalvin', 'Bachata', 'Volvió', 'Bachata', 'Bachata', '2026', 'Bachata', 'Nueva']",10,2026-08-06,8,August,6,Thursday,32,False,22,0,12,"['STREAM', ':', 'Dalvin', 'La', 'Melodía', 'presenta', 'el', 'video', 'oficial', 'de', '``', 'Duele', ""''"", ',', 'el', 'sencillo', 'principal', 'de', 'su', 'primer', 'álbum', 'de', 'estudio', ',', 'La', 'Bachata', 'Volvió', '.', 'Una', 'bachata', 'que', 'transmite', 'el', 'dolor', 'de', 'un', 'amor', 'perdido', 'con', 'una', 'interpretación', 'llena', 'de', 'sentimiento', 'una', 'producción', 'que', 'honra', 'la', 'esencia', 'del', 'género', 'mientras', 'conecta', 'con', 'una', 'nueva', 'generación', 'de', 'oyentes', '.', '``', 'Duele', ""''"", 'representa', 'el', 'inicio', 'de', 'una', 'nueva', 'etapa', 'en', 'la', 'carrera', 'de', 'Dalvin', 'La', 'Melodía', 'forma', 'parte', 'de', 'un', 'proyecto', 'que', 'busca', 'seguir', 'llevando', 'la', 'bachata', 'lo', 'más', 'alto', ',', 'con', 'colaboraciones', 'importantes', 'una', 'propuesta', 'musical', 'auténtica', '.', 'Disfruta', 'del', 'video', 'oficial', 'acompáñame', 'en', 'este', 'nuevo', 'capítulo', 'de', 'mi', 'carrera', '.', 'Escucha', '``', 'La', 'Bachata', 'Volvió', ""''"", 'en', 'toda', 'la', 'plataformas', 'digitales', '.', 'Sígueme', 'en', 'mi', 'redes', 'sociales', 'para', 'más', 'música', 'contenido', 'exclusivo', '.', 'Suscríbete', 'mi', 'canal', 'activa', 'la', 'notificaciones', 'para', 'perderte', 'ningún', 'estreno', '.', '©', '&', '℗', 'Suenala', 'Mikey', ',', 'LLC', '.', 'Todos', 'los', 'derechos', 'reservados', '.', 'Los', 'derechos', 'de', 'uso', ',', 'explotación', ',', 'distribución', 'administración', 'de', 'esta', 'grabación', 'audiovisual', 'de', 'la', 'obra', 'musical', 'pertenecen', 'Suenala', 'Mikey', ',', 'LLC', '.', 'Queda', 'prohibida', 'su', 'reproducción', ',', 'distribución', ',', 'comunicación', 'pública', 'utilización', 'total', 'parcial', 'sin', 'la', 'autorización', 'previa', 'por', 'escrito', 'de', 'Suenala', 'Mikey', ',', 'LLC', '.']","STREAM : Dalvin La Melodía presenta el video oficial de `` Duele '' , el sencillo principal de su primer álbum de estudio , La Bachata Volvió . Una bachata que transmite el dolor de un amor perdido con una interpretación llena de sentimiento una producción que honra la esencia del género mientras conecta con una nueva generación de oyentes . `` Duele '' representa el inicio de una nueva etapa en la carrera de Dalvin La Melodía forma parte de un proyecto que busca seguir llevando la bachata lo más alto , con colaboraciones importantes una propuesta musical auténtica . Disfruta del video oficial acompáñame en este nuevo capítulo de mi carrera . Escucha `` La Bachata Volvió '' en toda la plataformas digitales . Sígueme en mi redes sociales para más música contenido exclusivo . Suscríbete mi canal activa la notificaciones para perderte ningún estreno . © & ℗ Suenala Mikey , LLC . Todos los derechos reservados . Los derechos de uso , explotación , distribución administración de esta grabación audiovisual de la obra musical pertenecen Suenala Mikey , LLC . Queda prohibida su reproducción , distribución , comunicación pública utilización total parcial sin la autorización previa por escrito de Suenala Mikey , LLC .",338.0,Medium,41,7,1227,195,Evening,7843,0.09596255119953188,0.006020414797477407,0.1019829659970093,1,0,Medium,Beginning,False,False,Night,Music,11.25033917585709,8.906664409770052,6.139884552226255
Osqa--B9Rvk,War | Official Teaser | HBO Max,"Forever ends here. , starring Sienna Miller and Dominic West, premieres October 1 on HBO Max. About HBO Max: HBO Max is the premier global streaming platform from Warner Bros. Discovery that delivers the most unique and captivating stories, ranging from the highest quality in scripted programming, movies, documentaries, true crime, adult animation, and live sports and news (where available). HBO Max is the destination for prestigious entertainment brands such as HBO, Warner Bros., Max Originals, DC, Harry Potter, as well as iconic shows like “Friends” and “The Big Bang Theory,” all in one place. GET HBO MAX FOLLOW HBO MAX Follow HBO Max on YouTube: Follow HBO Max on Instagram: Follow HBO Max on TikTok: Follow HBO Max on Twitter: Follow HBO Max on Facebook:",2026-08-06 15:00:22+00:00,UCx-KWLTKlB83hDI6UKECtJQ,HBO Max,24,"['hbo max', 'hbo', 'hbo originals', 'hbo original series', 'hbo trailer', 'new on hbo', 'max', 'hbo max originals', 'hbo max trailer', 'hbo max teaser', 'hbo max series', 'hbo max youtube', 'siennamiller', 'dominicwest', 'warhbo', 'legal drama', 'sienna miller', 'dominic west', 'drama', 'hbo drama', 'war', 'war hbo', 'war sienna miller', 'war dominic west', 'divorce drama', 'hbo war 2026', 'sienna miller new series']",PT1M18S,hd,true,192151,2760,155,https://hbomax.com/ | https://hbom.ax/YouTube | https://hbom.ax/Instagram | https://hbom.ax/Tiktok | https://hbom.ax/x | https://hbom.ax/Facebook,6,"['Twitter/X', 'Other']",['#WAR'],1,"Forever ends here. , starring Sienna Miller and Dominic West, premieres October 1 on HBO Max. About HBO Max: HBO Max is the premier global streaming platform from Warner Bros. Discovery that delivers the most unique and captivating stories, ranging from the highest quality in scripted programming, movies, documentaries, true crime, adult animation, and live sports and news (where available). HBO Max is the destination for prestigious entertainment brands such as HBO, Warner Bros., Max Originals, DC, Harry Potter, as well as iconic shows like “Friends” and “The Big Bang Theory,” all in one place. GET HBO MAX FOLLOW HBO MAX Follow HBO Max on YouTube: Follow HBO Max on Instagram: Follow HBO Max on TikTok: Follow HBO Max on Twitter: Follow HBO Max on Facebook:","['hbo max', 'hbo', 'hbo originals', 'hbo original series', 'hbo trailer', 'new on hbo', 'max', 'hbo max originals', 'hbo max trailer', 'hbo max teaser', 'hbo max series', 'hbo max youtube', 'siennamiller', 'dominicwest', 'warhbo', 'legal drama', 'sienna miller', 'dominic west', 'drama', 'hbo drama', 'war', 'war hbo', 'war sienna miller', 'war dominic west', 'divorce drama', 'hbo war 2026', 'sienna miller new series']",27,2026-08-06,8,August,6,Thursday,32,False,15,0,22,"['Forever', 'end', '.', ',', 'starring', 'Sienna', 'Miller', 'Dominic', 'West', ',', 'premiere', 'October', '1', 'HBO', 'Max', '.', 'About', 'HBO', 'Max', ':', 'HBO', 'Max', 'premier', 'global', 'streaming', 'platform', 'Warner', 'Bros', '.', 'Discovery', 'delivers', 'unique', 'captivating', 'story', ',', 'ranging', 'highest', 'quality', 'scripted', 'programming', ',', 'movie', ',', 'documentary', ',', 'true', 'crime', ',', 'adult', 'animation', ',', 'live', 'sport', 'news', '(', 'available', ')', '.', 'HBO', 'Max', 'destination', 'prestigious', 'entertainment', 'brand', 'HBO', ',', 'Warner', 'Bros.', ',', 'Max', 'Originals', ',', 'DC', ',', 'Harry', 'Potter', ',', 'well', 'iconic', 'show', 'like', '“', 'Friends', '”', '“', 'The', 'Big', 'Bang', 'Theory', ',', '”', 'one', 'place', '.', 'GET', 'HBO', 'MAX', 'FOLLOW', 'HBO', 'MAX', 'Follow', 'HBO', 'Max', 'YouTube', ':', 'Follow', 'HBO', 'Max', 'Instagram', ':', 'Follow', 'HBO', 'Max', 'TikTok', ':', 'Follow', 'HBO', 'Max', 'Twitter', ':', 'Follow', 'HBO', 'Max', 'Facebook', ':']","Forever end . , starring Sienna Miller Dominic West , premiere October 1 HBO Max . About HBO Max : HBO Max premier global streaming platform Warner Bros . Discovery delivers unique captivating story , ranging highest quality scripted programming , movie , documentary , true crime , adult animation , live sport news ( available ) . HBO Max destination prestigious entertainment brand HBO , Warner Bros. , Max Originals , DC , Harry Potter , well iconic show like “ Friends ” “ The Big Bang Theory , ” one place . GET HBO MAX FOLLOW HBO MAX Follow HBO Max YouTube : Follow HBO Max Instagram : Follow HBO Max TikTok : Follow HBO Max Twitter : Follow HBO Max Facebook :",78.0,Medium,31,7,766,126,Afternoon,2915,0.014363703545648995,0.0008066572643389834,0.015170360809987979,1,1,High,Beginning,False,False,Afternoon,Entertainment,12.16604200447382,7.923348211930154,5.049856007249537
Xhd0Q9Pf-3U,​​​,server: donutsmp.net • X: • Instagram • TikTok: • DonutSMP Discord: • Discord: Thank you for watching,2026-08-07 04:12:02+00:00,UCPYZ-R5LQGMeU7QikgxmH8Q,DrDonut,20,[],PT6H21M36S,hd,false,584438,10219,155,https://www.youtube.com/watch?v=mPbVIS5wL6A | https://x.com/DrDonut099 | https://www.instagram.com/drdonutt | https://www.tiktok.com/@drdonutt | https://discord.gg/donutsmp | https://discord.gg/donut,6,"['YouTube', 'Twitter/X', 'Instagram', 'TikTok', 'Discord']",[],0,server: donutsmp.net • X: • Instagram • TikTok: • DonutSMP Discord: • Discord: Thank you for watching,[],0,2026-08-07,8,August,7,Friday,32,False,4,12,2,"['server', ':', 'donutsmp.net', '•', 'X', ':', '•', 'Instagram', '•', 'TikTok', ':', '•', 'DonutSMP', 'Discord', ':', '•', 'Discord', ':', 'Thank', 'watching']",server : donutsmp.net • X : • Instagram • TikTok : • DonutSMP Discord : • Discord : Thank watching,22896.0,Long,3,1,101,17,Night,10374,0.01748517379088971,0.0002652120498667096,0.01775038584075642,1,0,Very High,Beginning,True,False,Late Night,Gaming,13.27840769174493,9.232101863757695,5.049856007249537
Bre0Atefme4,Hurricane Wisdom & Gunna - YK Where It's Goin’ (Official Music Video),"Stream ""YK Where It's Goin"" (feat. Gunna) Follow my socials Linktree: Instagram: TikTok: Soundcloud: Credits: Director: Dito Andrés Co-Director / Director of Photography: Sam Brave Executive Producers: Jacob Kohn, Javier ""Jay"" Sang Line Producers: Tabby Wakes, Marco Sroka Production Coordinator: Liam Daniels Editor: Mizu Colorist: John Dayot Steadicam Operator: Adrian Sánchez Ávila 1st AC: Davin Duran 2nd AC: Grand Gaffer: Julian Sanz Model Management: Jeffie Production Assistants: Jesus Canizalez, Tristan Pineda Production Supplies: Javi Production Company: Soft Serve Studios",2026-08-07 04:01:07+00:00,UC-tAx6tWF3x-7COrjnpV4Zg,Hurricane Wisdom,10,"['hurricane wisdom', 'hurricane wisdom music', 'hurricane wisdom music videos', 'lil hurricane', 'hurricane wisdom better', 'hurricane wisdom state of emergency', 'state of emergency', 'category 5 mixtape', 'hurricane season', 'rod wave', 'rod wave music', 'sad songs', 'broken hearts', 'lil durk', 'florida rappers', 'hotboii', 'kodak black', 'hip hop', 'hip hop music videos', 'rap music', 'rap', 'rylo rodriguez', 'nocap', 'toosii', 'hunxho', 'real me', 'honey mustard', 'gunna']",PT3M2S,hd,false,24630,4266,441,https://linktr.ee/HurricaneWisdom | https://www.instagram.com/hurricane.wisdom/ | https://www.tiktok.com/@hurricanewisdom850 | https://soundcloud.com/2020hurricane,4,"['Other', 'Instagram', 'TikTok', 'SoundCloud']","['#hurricanewisdom', '#ykwhereitsgoin', '#newmusic', '#newvideo']",4,"Stream ""YK Where It's Goin"" (feat. Gunna) Follow my socials Linktree: Instagram: TikTok: Soundcloud: Credits: Director: Dito Andrés Co-Director / Director of Photography: Sam Brave Executive Producers: Jacob Kohn, Javier ""Jay"" Sang Line Producers: Tabby Wakes, Marco Sroka Production Coordinator: Liam Daniels Editor: Mizu Colorist: John Dayot Steadicam Operator: Adrian Sánchez Ávila 1st AC: Davin Duran 2nd AC: Grand Gaffer: Julian Sanz Model Management: Jeffie Production Assistants: Jesus Canizalez, Tristan Pineda Production Supplies: Javi Production Company: Soft Serve Studios","['hurricane wisdom', 'hurricane wisdom music', 'hurricane wisdom music videos', 'lil hurricane', 'hurricane wisdom better', 'hurricane wisdom state of emergency', 'state of emergency', 'category 5 mixtape', 'hurricane season', 'rod wave', 'rod wave music', 'sad songs', 'broken hearts', 'lil durk', 'florida rappers', 'hotboii', 'kodak black', 'hip hop', 'hip hop music videos', 'rap music', 'rap', 'rylo rodriguez', 'nocap', 'toosii', 'hunxho', 'real me', 'honey mustard', 'gunna']",28,2026-08-07,8,August,7,Friday,32,False,4,1,7,"['Stream', '``', 'YK', 'Where', 'It', ""'s"", 'Goin', ""''"", '(', 'feat', '.', 'Gunna', ')', 'Follow', 'social', 'Linktree', ':', 'Instagram', ':', 'TikTok', ':', 'Soundcloud', ':', 'Credits', ':', 'Director', ':', 'Dito', 'Andrés', 'Co-Director', '/', 'Director', 'Photography', ':', 'Sam', 'Brave', 'Executive', 'Producers', ':', 'Jacob', 'Kohn', ',', 'Javier', '``', 'Jay', ""''"", 'Sang', 'Line', 'Producers', ':', 'Tabby', 'Wakes', ',', 'Marco', 'Sroka', 'Production', 'Coordinator', ':', 'Liam', 'Daniels', 'Editor', ':', 'Mizu', 'Colorist', ':', 'John', 'Dayot', 'Steadicam', 'Operator', ':', 'Adrian', 'Sánchez', 'Ávila', '1st', 'AC', ':', 'Davin', 'Duran', '2nd', 'AC', ':', 'Grand', 'Gaffer', ':', 'Julian', 'Sanz', 'Model', 'Management', ':', 'Jeffie', 'Production', 'Assistants', ':', 'Jesus', 'Canizalez', ',', 'Tristan', 'Pineda', 'Production', 'Supplies', ':', 'Javi', 'Production', 'Company', ':', 'Soft', 'Serve', 'Studios']","Stream `` YK Where It 's Goin '' ( feat . Gunna ) Follow social Linktree : Instagram : TikTok : Soundcloud : Credits : Director : Dito Andrés Co-Director / Director Photography : Sam Brave Executive Producers : Jacob Kohn , Javier `` Jay '' Sang Line Producers : Tabby Wakes , Marco Sroka Production Coordinator : Liam Daniels Editor : Mizu Colorist : John Dayot Steadicam Operator : Adrian Sánchez Ávila 1st AC : Davin Duran 2nd AC : Grand Gaffer : Julian Sanz Model Management : Jeffie Production Assistants : Jesus Canizalez , Tristan Pineda Production Supplies : Javi Production Company : Soft Serve Studios",182.0,Medium,69,12,583,79,Night,4707,0.17320341047503046,0.017904993909866017,0.19110840438489646,1,0,Low,Beginning,False,False,Late Night,Music,10.11176109118361,8.358666283188,6.091309882077698
Vssswv5Cjxm,An Extended Look At GTA 6,Something finally happened! GTA 6 an extended look is coming to Netflix on August 27th. This has never happened before but it looks like Grand Theft Auto 6 has acquired a bag from Netflix and we will be getting a longer look for trailer 3 which might include gameplay. Let's talk about why!? More GTA 6: STAY CONNECTED! The Weekly Reload: Story Videos: Live: Twitter: Merch: TikTok:,2026-08-06 13:42:04+00:00,UCfB7vdi-hl4lvKUk0mkMzvg,InkTV,20,"['Ink TV', 'Ink Reacts', 'GTA 6', 'Grand Theft Auto 6', 'GTA VI', 'GTA 6 Trailer 3', 'GTA 6 gameplay', 'Netflix', 'Netflix Gaming', 'Rockstar Games', 'GTA 6 Extended Look', 'GTA 6 news', 'GTA 6 update', 'Rockstar marketing', 'GTA 6 marketing', 'GTA 6 analysis', 'GTA 6 discussion', 'GTA 6 speculation', 'GTA 6 rumors', 'Take-Two Interactive', 'Rockstar Games news', 'Vice City', 'Leonida', 'Grand Theft Auto VI', 'GTA 6 community', 'GTA 6 countdown', 'open world games', 'Rockstar strategy', 'GTA 6 reveal', 'Trailer 3 breakdown']",PT10M14S,hd,false,55159,2226,560,https://www.youtube.com/playlist?list=PLqeswvaQ-1Zu4cJ3t1Qj6X-T4u334xo1_ | https://www.youtube.com/@theweeklyreload | https://www.youtube.com/inkslasher | https://twitch.tv/inkslasher | https://twitter.com/inkslasher | https://inkslasher-shop.fourthwall.com | https://www.tiktok.com/@theweeklyreload,7,"['YouTube', 'Twitch', 'Twitter/X', 'Other', 'TikTok']",[],0,Something finally happened! GTA 6 an extended look is coming to Netflix on August 27th. This has never happened before but it looks like Grand Theft Auto 6 has acquired a bag from Netflix and we will be getting a longer look for trailer 3 which might include gameplay. Let's talk about why!? More GTA 6: ▼ STAY CONNECTED! ▼ The Weekly Reload: Story Videos: Live: Twitter: Merch: TikTok:,"['Ink TV', 'Ink Reacts', 'GTA 6', 'Grand Theft Auto 6', 'GTA VI', 'GTA 6 Trailer 3', 'GTA 6 gameplay', 'Netflix', 'Netflix Gaming', 'Rockstar Games', 'GTA 6 Extended Look', 'GTA 6 news', 'GTA 6 update', 'Rockstar marketing', 'GTA 6 marketing', 'GTA 6 analysis', 'GTA 6 discussion', 'GTA 6 speculation', 'GTA 6 rumors', 'Take-Two Interactive', 'Rockstar Games news', 'Vice City', 'Leonida', 'Grand Theft Auto VI', 'GTA 6 community', 'GTA 6 countdown', 'open world games', 'Rockstar strategy', 'GTA 6 reveal', 'Trailer 3 breakdown']",30,2026-08-06,8,August,6,Thursday,32,False,13,42,4,"['Something', 'finally', 'happened', '!', 'GTA', '6', 'extended', 'look', 'coming', 'Netflix', 'August', '27th', '.', 'This', 'never', 'happened', 'look', 'like', 'Grand', 'Theft', 'Auto', '6', 'acquired', 'bag', 'Netflix', 'getting', 'longer', 'look', 'trailer', '3', 'might', 'include', 'gameplay', '.', 'Let', ""'s"", 'talk', '!', '?', 'More', 'GTA', '6', ':', 'STAY', 'CONNECTED', '!', 'The', 'Weekly', 'Reload', ':', 'Story', 'Videos', ':', 'Live', ':', 'Twitter', ':', 'Merch', ':', 'TikTok', ':']",Something finally happened ! GTA 6 extended look coming Netflix August 27th . This never happened look like Grand Theft Auto 6 acquired bag Netflix getting longer look trailer 3 might include gameplay . Let 's talk ! ? More GTA 6 : STAY CONNECTED ! The Weekly Reload : Story Videos : Live : Twitter : Merch : TikTok :,614.0,Long,25,6,382,67,Afternoon,2786,0.04035606156746859,0.010152468318860023,0.05050852988632861,1,0,Low,Beginning,True,False,Afternoon,Gaming,10.917993331907239,7.708410667257367,6.329720905522696
Ik1Oza-Fjyc,7 NEW SPRITES and NEW SEASON in FORTNITE! (Preview),New GEM Sprite Update is Here! Subscribe so you don't miss future videos! Use code TYPICALGAMER in the item shop (Epic Partner) I build Fortnite games with my studio JOGO Follow us in Fortnite for new maps and updates first Join the Discord: Twitter: Instagram: 🧢 Shop Merch: Music by Epidemic Sound:,2026-08-06 22:40:03+00:00,UCqVCSWnuOSPm26orvNDTuWQ,TG Plays,20,[],PT24M29S,hd,false,353613,6241,676,https://www.fortnite.com/@TypicalGamer | https://www.fortnite.com/@JOGO | https://discord.gg/TypicalGamer | https://twitter.com/TypicalGamer | https://instagram.com/typicalgamer | https://typical.store | https://www.epidemicsound.com,7,"['Other', 'Discord', 'Twitter/X', 'Instagram']",[],0,New GEM Sprite Update is Here! ❤️ Subscribe so you don't miss future videos! Use code TYPICALGAMER in the item shop 💙 (Epic Partner) 🎮 I build Fortnite games with my studio JOGO ⭐ Follow us in Fortnite for new maps and updates first 👇 💬 Join the Discord: 🐦 Twitter: 📸 Instagram: 🧢 Shop Merch: Music by Epidemic Sound:,[],0,2026-08-06,8,August,6,Thursday,32,False,22,40,3,"['New', 'GEM', 'Sprite', 'Update', 'Here', '!', 'Subscribe', ""n't"", 'miss', 'future', 'video', '!', 'Use', 'code', 'TYPICALGAMER', 'item', 'shop', '(', 'Epic', 'Partner', ')', 'I', 'build', 'Fortnite', 'game', 'studio', 'JOGO', 'Follow', 'u', 'Fortnite', 'new', 'map', 'update', 'first', 'Join', 'Discord', ':', 'Twitter', ':', 'Instagram', ':', '🧢', 'Shop', 'Merch', ':', 'Music', 'Epidemic', 'Sound', ':']",New GEM Sprite Update Here ! Subscribe n't miss future video ! Use code TYPICALGAMER item shop ( Epic Partner ) I build Fortnite game studio JOGO Follow u Fortnite new map update first Join Discord : Twitter : Instagram : 🧢 Shop Merch : Music Epidemic Sound :,1469.0,Long,51,9,300,52,Evening,6917,0.017649238008783614,0.0019116944229991544,0.01956093243178277,1,0,Very High,Beginning,True,False,Night,Gaming,12.775961201722033,8.739055922830724,6.517671272912275
4Ikhox-Dkrm,【Ado】モンストロ,"AdoMonstruo8.7 Release Vocal : Ado Music / Arrangement : Giga & TeddyLoid Lyrics : ryo (supercell) Director / Planner : yonayona graphics (TOKYO) Character Design : LAM Graphic Design : Typography Design : Muniku Tominaga Car Design : Shogo Ito Lyric Motion : Azsa Motion Graphic : (Pictology Inc.) Character Animation : Animation Unit Director : Key Animator : Animation Director : Color Design / Paint : In-Between Animator : GK Environment Artist : sorashido (Hosomi Takuma) CG Director () (crate inc.) () CG Designer : () (SMDE) ( Modeler MAY : (SMDE) 3D Production Progress : (SMDE) Effect Artist : CG Production Manager : () 3D Production : Online Editor : Assistant Editor : Production Manager : (TOKYO) Producer : """""""" (TOKYO) Production : TOKYO Planning / Executive Producer : (S.o.K) Planning / Executive Production : S.o.K Producer : Takuya Chigira --------------------------------- URL X YouTube TikTok Universal Music Artist Page Profile ---------------------------------",2026-08-06 15:00:06+00:00,UCln9P4Qm3-EAY4aiEPmRwEA,Ado,10,[],PT3M14S,hd,true,737844,107238,4587,https://ado.lnk.to/monstruoTP | https://bluelock-movie.jp/ | https://x.com/ado1024imokenp | https://www.youtube.com/c/Ado1024 | https://www.tiktok.com/@ado1024osenbei? | https://www.universal-music.co.jp/ado/ | https://cloud9pro.co.jp/artist/profile/ado/,7,"['Other', 'Twitter/X', 'YouTube', 'TikTok']","['#Ado', '#Monstruo', '#BLUELOCK']",3,"耳澄ませ 新しい自分 Ado「モンストロ（Monstruo）」8.7 Release 映画『ブルーロック』主題歌 Vocal : Ado Music / Arrangement : Giga & TeddyLoid様 Lyrics : ryo (supercell)様 Director / Planner : yonayona graphics (異次元TOKYO)様 Character Design : LAM様 Graphic Design : 雷雷公社様 Typography Design : Muniku Tominaga様 Car Design : Shogo Ito様 Lyric Motion : Azsa様 Motion Graphic :吉次峻平 (Pictology Inc.)様 Character Animation : お菊様 Animation Unit Director : 益山亮司様 Key Animator : 永山もも様 Animation Director : 山田俊太郎様 Color Design / Paint : 青芽来美様 In-Between Animator : GKセールス、セブンシーズ様、寧波麦冬映画様 Environment Artist : sorashido (Hosomi Takuma)様 CG Director 玉江ルカ (キラリラボ)様、中澤正浩 (crate inc.)様、和田真哉 (虎猫企画)様 CG Designer : 白田龍太郎 (虎猫企画)様、河野貴弘様、広森万陽 (SMDE)様、片渕孝一 (キラリラボ）様 Modeler MAY : 三浦武尊 (SMDE)様 3D Production Progress : 山田国寿 (SMDE)様 Effect Artist : 栢原竜太様 CG Production Manager : 西尾菜津子 (キラリラボ)様 3D Production : 株式会社キラリラボ Online Editor : 尾熊貴之様 Assistant Editor : 長谷川ここな様 Production Manager : 大井欽太郎 (異次元TOKYO)様 Producer : 大久保 """"ゆーきっす"""" 優樹様、胡桃沢まひる (異次元TOKYO)様 Production : 異次元TOKYO Planning / Executive Producer : 西澤宏二 (S.o.K)様 Planning / Executive Production : S.o.K Producer : Takuya Chigira --------------------------------- URL ・X： ・YouTube： ・TikTok： ・Universal Music Artist Page： ・Profile： ---------------------------------",[],0,2026-08-06,8,August,6,Thursday,32,False,15,0,6,"['AdoMonstruo8.7', 'Release', 'Vocal', ':', 'Ado', 'Music', '/', 'Arrangement', ':', 'Giga', '&', 'TeddyLoid', 'Lyrics', ':', 'ryo', '(', 'supercell', ')', 'Director', '/', 'Planner', ':', 'yonayona', 'graphic', '(', 'TOKYO', ')', 'Character', 'Design', ':', 'LAM', 'Graphic', 'Design', ':', 'Typography', 'Design', ':', 'Muniku', 'Tominaga', 'Car', 'Design', ':', 'Shogo', 'Ito', 'Lyric', 'Motion', ':', 'Azsa', 'Motion', 'Graphic', ':', '(', 'Pictology', 'Inc.', ')', 'Character', 'Animation', ':', 'Animation', 'Unit', 'Director', ':', 'Key', 'Animator', ':', 'Animation', 'Director', ':', 'Color', 'Design', '/', 'Paint', ':', 'In-Between', 'Animator', ':', 'GK', 'Environment', 'Artist', ':', 'sorashido', '(', 'Hosomi', 'Takuma', ')', 'CG', 'Director', '(', ')', '(', 'crate', 'inc.', ')', '(', ')', 'CG', 'Designer', ':', '(', ')', '(', 'SMDE', ')', '(', 'Modeler', 'MAY', ':', '(', 'SMDE', ')', '3D', 'Production', 'Progress', ':', '(', 'SMDE', ')', 'Effect', 'Artist', ':', 'CG', 'Production', 'Manager', ':', '(', ')', '3D', 'Production', ':', 'Online', 'Editor', ':', 'Assistant', 'Editor', ':', 'Production', 'Manager', ':', '(', 'TOKYO', ')', 'Producer', ':', '``', ""''"", ""''"", ""''"", '(', 'TOKYO', ')', 'Production', ':', 'TOKYO', 'Planning', '/', 'Executive', 'Producer', ':', '(', 'S.o.K', ')', 'Planning', '/', 'Executive', 'Production', ':', 'S.o.K', 'Producer', ':', 'Takuya', 'Chigira', '--', '--', '--', '--', '--', '--', '--', '--', '--', '--', '--', '--', '--', '--', '--', '--', '-', 'URL', 'X', 'YouTube', 'TikTok', 'Universal', 'Music', 'Artist', 'Page', 'Profile', '--', '--', '--', '--', '--', '--', '--', '--', '--', '--', '--', '--', '--', '--', '--', '--', '-']",AdoMonstruo8.7 Release Vocal : Ado Music / Arrangement : Giga & TeddyLoid Lyrics : ryo ( supercell ) Director / Planner : yonayona graphic ( TOKYO ) Character Design : LAM Graphic Design : Typography Design : Muniku Tominaga Car Design : Shogo Ito Lyric Motion : Azsa Motion Graphic : ( Pictology Inc. ) Character Animation : Animation Unit Director : Key Animator : Animation Director : Color Design / Paint : In-Between Animator : GK Environment Artist : sorashido ( Hosomi Takuma ) CG Director ( ) ( crate inc. ) ( ) CG Designer : ( ) ( SMDE ) ( Modeler MAY : ( SMDE ) 3D Production Progress : ( SMDE ) Effect Artist : CG Production Manager : ( ) 3D Production : Online Editor : Assistant Editor : Production Manager : ( TOKYO ) Producer : `` '' '' '' ( TOKYO ) Production : TOKYO Planning / Executive Producer : ( S.o.K ) Planning / Executive Production : S.o.K Producer : Takuya Chigira -- -- -- -- -- -- -- -- -- -- -- -- -- -- -- -- - URL X YouTube TikTok Universal Music Artist Page Profile -- -- -- -- -- -- -- -- -- -- -- -- -- -- -- -- -,194.0,Medium,10,1,984,153,Afternoon,111825,0.14533966529510303,0.006216761266609202,0.15155642656171223,1,1,Very High,Beginning,False,False,Afternoon,Music,13.511489054423558,11.582815267427643,8.431199478249262
Ymweqizyb7S,The Hood: The World is His | Character Reveal Trailer | Marvel Rivals,"From the shadows of the New York underground comes the newest power-hungry villain. Cloaked in a cursed mantle, Parker Robbins lost his faith in heroes alongside his father and his world's Captain America - replacing it with an insatiable appetite for the power to change the world. Stealing an enchanted cloak from the Vault, he remade himself as the feared crime lord, The Hood. Now, The Hood treads a perilous path through channeling dark magic, devouring enemy firepower, and transforming into a demonic abomination of cosmic magic and steel. Even after a deadly clash in Thebes with Gambit and Doom 2099 over the Tablet of Death and Entropy, his dark journey is far from over... Season 9.5 arrives on August 7th, 2026 UTC! Dare to dream... Play free now on: Steam: PlayStation: Xbox: Epic Games: Follow for the latest news: Discord: X: Instagram: Facebook: TikTok: Twitch: Bluesky: Threads:",2026-08-04 16:00:00+00:00,UCWzmOSSiSPbVnVu3ZAyDx2w,Marvel Rivals,20,"['The Hood', 'Marvel Rivals', 'Marvel Hood', 'Marvel Games', 'Hood']",PT1M22S,hd,false,2434573,65659,6018,https://t.co/IPhy0Of1cG | https://t.co/FR0aVfTmcn | https://t.co/GaAYz7Nku6 | https://t.co/QXoxz0VAP7 | https://discord.gg/marvelrivals | https://x.com/MarvelRivals | https://www.instagram.com/marvelrivals/ | https://www.facebook.com/marvelrivals/ | https://www.tiktok.com/@marvelrivals | https://www.twitch.tv/marvelrivals | https://bsky.app/profile/marvelrivalsglobal.bsky.social | https://www.threads.net/@marvelrivals,12,"['Other', 'Discord', 'Twitter/X', 'Instagram', 'Facebook', 'TikTok', 'Twitch']","['#MarvelRivals', '#MarvelRivals']",2,"From the shadows of the New York underground comes the newest power-hungry villain. 🔥 Cloaked in a cursed mantle, Parker Robbins lost his faith in heroes alongside his father and his world's Captain America - replacing it with an insatiable appetite for the power to change the world. Stealing an enchanted cloak from the Vault, he remade himself as the feared crime lord, The Hood. Now, The Hood treads a perilous path through channeling dark magic, devouring enemy firepower, and transforming into a demonic abomination of cosmic magic and steel. Even after a deadly clash in Thebes with Gambit and Doom 2099 over the Tablet of Death and Entropy, his dark journey is far from over... 📅 Season 9.5 arrives on August 7th, 2026 UTC! Dare to dream... 🕯️ Play free now on: 🔹 Steam: 🔹 PlayStation: 🔹 Xbox: 🔹 Epic Games: Follow for the latest news: 🔹 Discord: 🔹 X: 🔹 Instagram: 🔹 Facebook: 🔹 TikTok: 🔹 Twitch: 🔹 Bluesky: 🔹 Threads:","['The Hood', 'Marvel Rivals', 'Marvel Hood', 'Marvel Games', 'Hood']",5,2026-08-04,8,August,4,Tuesday,32,False,16,0,0,"['From', 'shadow', 'New', 'York', 'underground', 'come', 'newest', 'power-hungry', 'villain', '.', 'Cloaked', 'cursed', 'mantle', ',', 'Parker', 'Robbins', 'lost', 'faith', 'hero', 'alongside', 'father', 'world', ""'s"", 'Captain', 'America', '-', 'replacing', 'insatiable', 'appetite', 'power', 'change', 'world', '.', 'Stealing', 'enchanted', 'cloak', 'Vault', ',', 'remade', 'feared', 'crime', 'lord', ',', 'The', 'Hood', '.', 'Now', ',', 'The', 'Hood', 'tread', 'perilous', 'path', 'channeling', 'dark', 'magic', ',', 'devouring', 'enemy', 'firepower', ',', 'transforming', 'demonic', 'abomination', 'cosmic', 'magic', 'steel', '.', 'Even', 'deadly', 'clash', 'Thebes', 'Gambit', 'Doom', '2099', 'Tablet', 'Death', 'Entropy', ',', 'dark', 'journey', 'far', '...', 'Season', '9.5', 'arrives', 'August', '7th', ',', '2026', 'UTC', '!', 'Dare', 'dream', '...', 'Play', 'free', ':', 'Steam', ':', 'PlayStation', ':', 'Xbox', ':', 'Epic', 'Games', ':', 'Follow', 'latest', 'news', ':', 'Discord', ':', 'X', ':', 'Instagram', ':', 'Facebook', ':', 'TikTok', ':', 'Twitch', ':', 'Bluesky', ':', 'Threads', ':']","From shadow New York underground come newest power-hungry villain . Cloaked cursed mantle , Parker Robbins lost faith hero alongside father world 's Captain America - replacing insatiable appetite power change world . Stealing enchanted cloak Vault , remade feared crime lord , The Hood . Now , The Hood tread perilous path channeling dark magic , devouring enemy firepower , transforming demonic abomination cosmic magic steel . Even deadly clash Thebes Gambit Doom 2099 Tablet Death Entropy , dark journey far ... Season 9.5 arrives August 7th , 2026 UTC ! Dare dream ... Play free : Steam : PlayStation : Xbox : Epic Games : Follow latest news : Discord : X : Instagram : Facebook : TikTok : Twitch : Bluesky : Threads :",82.0,Medium,69,13,895,148,Afternoon,71677,0.02696941106304884,0.0024718913747913906,0.02944130243784023,1,0,Very High,Beginning,True,False,Afternoon,Gaming,14.705282350528227,11.092245191055584,8.70267641154777
Zghwf7L2Mto,ReStory: Chill Electronics Repairs,Check out ReStory here: Edited by MegaFragile: Production Music courtesy of Epidemic Sound: Find me on: Twitch: Join this channel to get access to perks:,2026-08-06 16:00:02+00:00,UCYLHs-NR2le96KKqXofUOXg,Gab Smolders,20,[],PT1H34M27S,hd,false,243269,4236,251,https://tblink.co/ReStoryGab | https://twitch.tv/MegaFragile | http://www.epidemicsound.com | https://www.twitch.tv/gabsmolders | https://www.youtube.com/channel/UCYLHs-NR2le96KKqXofUOXg/join,5,"['Other', 'Twitch', 'YouTube']",['#sponsored'],1,Check out ReStory here: ♥ Edited by MegaFragile: ♦ Production Music courtesy of Epidemic Sound: ♦ Find me on: Twitch: ♦ Join this channel to get access to perks:,[],0,2026-08-06,8,August,6,Thursday,32,False,16,0,2,"['Check', 'ReStory', ':', 'Edited', 'MegaFragile', ':', 'Production', 'Music', 'courtesy', 'Epidemic', 'Sound', ':', 'Find', ':', 'Twitch', ':', 'Join', 'channel', 'get', 'access', 'perk', ':']",Check ReStory : Edited MegaFragile : Production Music courtesy Epidemic Sound : Find : Twitch : Join channel get access perk :,5667.0,Long,34,4,153,25,Afternoon,4487,0.017412822842203485,0.0010317796348897723,0.018444602477093258,1,0,High,Beginning,True,False,Afternoon,Gaming,12.401927216606712,8.351610750626559,5.529429087511423
Xtcn33C8Kmu,Midnight Ease,Provided to YouTube by TuneCore Midnight Ease · NOYA · Oliver Wells Midnight Ease ℗ 2026 NOYA · Midnight Ease Released on: 2026-08-01 Background Vocals: Oliver Wells Vocals: Oliver Wells Mixed Artist: Oliver Wells Background Vocals: NOYA Vocals: NOYA Music Director: Đặng Duy Hiền Programming: Đặng Duy Hiền Mixed Artist: Đặng Duy Hiền Background Vocals: Adrian Solé Co-producer: Oliver Wells Composer Lyricist: Đặng Duy Hiền Songwriter: Đặng Duy Hiền Composer: Đặng Duy Hiền Recording Engineer: Đặng Duy Hiền Mastering Engineer: Đặng Duy Hiền Producer: Đặng Duy Hiền Auto-generated by YouTube.,2026-07-31 10:02:15+00:00,UC6C5fXutXqw5Uv3ln_5ifgA,NOYA - Topic,10,"['NOYA', 'Oliver Wells', 'Midnight Ease']",PT2M43S,hd,false,284769,20556,265,,0,[],[],0,Provided to YouTube by TuneCore Midnight Ease · NOYA · Oliver Wells Midnight Ease ℗ 2026 NOYA · Midnight Ease Released on: 2026-08-01 Background Vocals: Oliver Wells Vocals: Oliver Wells Mixed Artist: Oliver Wells Background Vocals: NOYA Vocals: NOYA Music Director: Đặng Duy Hiền Programming: Đặng Duy Hiền Mixed Artist: Đặng Duy Hiền Background Vocals: Adrian Solé Co-producer: Oliver Wells Composer Lyricist: Đặng Duy Hiền Songwriter: Đặng Duy Hiền Composer: Đặng Duy Hiền Recording Engineer: Đặng Duy Hiền Mastering Engineer: Đặng Duy Hiền Producer: Đặng Duy Hiền Auto-generated by YouTube.,"['NOYA', 'Oliver Wells', 'Midnight Ease']",3,2026-07-31,7,July,31,Friday,31,False,10,2,15,"['Provided', 'YouTube', 'TuneCore', 'Midnight', 'Ease', '·', 'NOYA', '·', 'Oliver', 'Wells', 'Midnight', 'Ease', '℗', '2026', 'NOYA', '·', 'Midnight', 'Ease', 'Released', ':', '2026-08-01', 'Background', 'Vocals', ':', 'Oliver', 'Wells', 'Vocals', ':', 'Oliver', 'Wells', 'Mixed', 'Artist', ':', 'Oliver', 'Wells', 'Background', 'Vocals', ':', 'NOYA', 'Vocals', ':', 'NOYA', 'Music', 'Director', ':', 'Đặng', 'Duy', 'Hiền', 'Programming', ':', 'Đặng', 'Duy', 'Hiền', 'Mixed', 'Artist', ':', 'Đặng', 'Duy', 'Hiền', 'Background', 'Vocals', ':', 'Adrian', 'Solé', 'Co-producer', ':', 'Oliver', 'Wells', 'Composer', 'Lyricist', ':', 'Đặng', 'Duy', 'Hiền', 'Songwriter', ':', 'Đặng', 'Duy', 'Hiền', 'Composer', ':', 'Đặng', 'Duy', 'Hiền', 'Recording', 'Engineer', ':', 'Đặng', 'Duy', 'Hiền', 'Mastering', 'Engineer', ':', 'Đặng', 'Duy', 'Hiền', 'Producer', ':', 'Đặng', 'Duy', 'Hiền', 'Auto-generated', 'YouTube', '.']",Provided YouTube TuneCore Midnight Ease · NOYA · Oliver Wells Midnight Ease ℗ 2026 NOYA · Midnight Ease Released : 2026-08-01 Background Vocals : Oliver Wells Vocals : Oliver Wells Mixed Artist : Oliver Wells Background Vocals : NOYA Vocals : NOYA Music Director : Đặng Duy Hiền Programming : Đặng Duy Hiền Mixed Artist : Đặng Duy Hiền Background Vocals : Adrian Solé Co-producer : Oliver Wells Composer Lyricist : Đặng Duy Hiền Songwriter : Đặng Duy Hiền Composer : Đặng Duy Hiền Recording Engineer : Đặng Duy Hiền Mastering Engineer : Đặng Duy Hiền Producer : Đặng Duy Hiền Auto-generated YouTube .,163.0,Medium,13,2,594,90,Morning,20821,0.07218482348851174,0.0009305788200260562,0.0731154023085378,1,0,Very High,End,False,False,Morning,Music,12.559437115892967,9.930956794525674,5.583496308781699
8Nmqsnlc3Cs,Rockstar Launches A GTA 6 Trailer For A Trailer Exclusive Early On Netflix,"Me reacting to the news about a trailer for a trailer. Tweet: 0:00 Intro 1:35 Reacting To Trailer And Newswire Post 2:34 Why Rockstar Allowed Netflix To Do This 5:47 Reacting To Newswire 9:55 Can Content Creators React To Netflix's Trailer? 12:37 Reading Comments Buy An E-Win Gaming Chair Use the code ""TP"" for 30% off. E-Win Gaming Chairs Become A Channel Member: Support me on Patreon: Follow me on Twitter:",2026-08-06 22:53:18+00:00,UC1NzF95Dk5tXCNdDFmyq9aQ,TheProfessional,20,"['gameplay', 'commentary', 'gta 6', 'grand theft auto 6', 'gta vi', 'rockstar games', 'trailer 3', 'new info', 'reaction', 'netflix gta 6', 'thoughts', 'take two earnings call', 'take two interactive', 'jason', 'lucia', 'august 27', 'paywalls', 'rant', 'epic fail', 'gaming news', 'controversy']",PT14M57S,hd,false,41817,3060,1240,https://x.com/Patrick21611/status/2085469776617373881 | https://tidd.ly/4nDRiWo | https://www.youtube.com/channel/UC1NzF95Dk5tXCNdDFmyq9aQ/join | https://www.patreon.com/TheProfessional1994 | https://twitter.com/Patrick21611,5,"['Twitter/X', 'Other', 'YouTube']",[],0,"Me reacting to the news about a trailer for a trailer. Tweet: 0:00 Intro 1:35 Reacting To Trailer And Newswire Post 2:34 Why Rockstar Allowed Netflix To Do This 5:47 Reacting To Newswire 9:55 Can Content Creators React To Netflix's Trailer? 12:37 Reading Comments Buy An E-Win Gaming Chair Use the code ""TP"" for 30% off. E-Win Gaming Chairs Become A Channel Member: Support me on Patreon: Follow me on Twitter:","['gameplay', 'commentary', 'gta 6', 'grand theft auto 6', 'gta vi', 'rockstar games', 'trailer 3', 'new info', 'reaction', 'netflix gta 6', 'thoughts', 'take two earnings call', 'take two interactive', 'jason', 'lucia', 'august 27', 'paywalls', 'rant', 'epic fail', 'gaming news', 'controversy']",21,2026-08-06,8,August,6,Thursday,32,False,22,53,18,"['Me', 'reacting', 'news', 'trailer', 'trailer', '.', 'Tweet', ':', '0:00', 'Intro', '1:35', 'Reacting', 'To', 'Trailer', 'And', 'Newswire', 'Post', '2:34', 'Why', 'Rockstar', 'Allowed', 'Netflix', 'To', 'Do', 'This', '5:47', 'Reacting', 'To', 'Newswire', '9:55', 'Can', 'Content', 'Creators', 'React', 'To', 'Netflix', ""'s"", 'Trailer', '?', '12:37', 'Reading', 'Comments', 'Buy', 'An', 'E-Win', 'Gaming', 'Chair', 'Use', 'code', '``', 'TP', ""''"", '30', '%', '.', 'E-Win', 'Gaming', 'Chairs', 'Become', 'A', 'Channel', 'Member', ':', 'Support', 'Patreon', ':', 'Follow', 'Twitter', ':']",Me reacting news trailer trailer . Tweet : 0:00 Intro 1:35 Reacting To Trailer And Newswire Post 2:34 Why Rockstar Allowed Netflix To Do This 5:47 Reacting To Newswire 9:55 Can Content Creators React To Netflix 's Trailer ? 12:37 Reading Comments Buy An E-Win Gaming Chair Use code `` TP '' 30 % . E-Win Gaming Chairs Become A Channel Member : Support Patreon : Follow Twitter :,897.0,Long,74,13,410,71,Evening,4300,0.07317598106033431,0.029653011932945932,0.10282899299328024,1,0,Low,Beginning,True,False,Night,Gaming,10.64108214783137,8.026496938945412,7.123672785204607
Q6Ub3Ut0Q6O,Aphmau SNAPPED at Everyone!,"Mess with Aaron, then you’re messing with ME. Come take a look at my merch! Check out my Minecraft Marketplace! Instagram: ====. [Friends!] .==== Aaron: Jason Bravura Zane: Kestin Howard Kim: Corinne Sudberg Ein: Chris Escalante Garroth: Andy Cowley NOT an official Minecraft Product. Not approved by or associated with Mojang or Microsoft.",2026-08-06 19:15:25+00:00,UCzYfz8uibvnB7Yc1LjePi4g,Aphmau,20,"['Aphmau', 'Minecraft', 'Minecraft funny', 'Minecraft mods', 'Minecraft Aphmau', 'Aphmau pranks', 'Aphmau Minecraft Pranks', 'Aphmau Gaming', 'Aphmau Games', 'Aphmau Pranks Friends', 'Aphmau Playing As', 'Aphmau Aaron']",PT21M4S,hd,false,323471,8578,1450,https://aphmeow.com/ | https://www.minecraft.net/en-us/marketplace/creator/catface | https://www.instagram.com/aphmau_,3,"['Other', 'Instagram']","['#Minecraft', '#Aphmau']",2,"Mess with Aaron, then you’re messing with ME. 😡 💜 Come take a look at my merch! 💜 ★ Check out my Minecraft Marketplace! ★ ► Instagram: ====. * ･ ｡ﾟ☆ [Friends!] ☆｡ﾟ･* .==== ★ Aaron: Jason Bravura ★ Zane: Kestin Howard ★ Kim: Corinne Sudberg ★ Ein: Chris Escalante ★ Garroth: Andy Cowley NOT an official Minecraft Product. Not approved by or associated with Mojang or Microsoft.","['Aphmau', 'Minecraft', 'Minecraft funny', 'Minecraft mods', 'Minecraft Aphmau', 'Aphmau pranks', 'Aphmau Minecraft Pranks', 'Aphmau Gaming', 'Aphmau Games', 'Aphmau Pranks Friends', 'Aphmau Playing As', 'Aphmau Aaron']",12,2026-08-06,8,August,6,Thursday,32,False,19,15,25,"['Mess', 'Aaron', ',', '’', 'messing', 'ME', '.', 'Come', 'take', 'look', 'merch', '!', 'Check', 'Minecraft', 'Marketplace', '!', 'Instagram', ':', '====', '.', '[', 'Friends', '!', ']', '.====', 'Aaron', ':', 'Jason', 'Bravura', 'Zane', ':', 'Kestin', 'Howard', 'Kim', ':', 'Corinne', 'Sudberg', 'Ein', ':', 'Chris', 'Escalante', 'Garroth', ':', 'Andy', 'Cowley', 'NOT', 'official', 'Minecraft', 'Product', '.', 'Not', 'approved', 'associated', 'Mojang', 'Microsoft', '.']","Mess Aaron , ’ messing ME . Come take look merch ! Check Minecraft Marketplace ! Instagram : ==== . [ Friends ! ] .==== Aaron : Jason Bravura Zane : Kestin Howard Kim : Corinne Sudberg Ein : Chris Escalante Garroth : Andy Cowley NOT official Minecraft Product . Not approved associated Mojang Microsoft .",1264.0,Long,27,4,340,53,Evening,10028,0.026518605995591568,0.004482627499837698,0.031001233495429267,1,0,Very High,Beginning,True,False,Evening,Gaming,12.686867835854107,9.057072635572965,7.280008252884188
6T8Fqwn-Jse,Benny The Butcher - Summer '26 (Official Video),"Benny The Butcher - Summer '26 (Official Video) Produced by @HFraud Directed By: ProlificKid Films Buy/Stream ""Summer '26"": BLACK SOPRANO FAMILY: BENNY THE BUTCHER: 2026 Black Soprano Family, LLC",2026-08-06 15:00:27+00:00,UCzdpwFZKrV6qII4UKZQG9ZA,Benny the Butcher,10,"['Benny the butcher', 'Summertime Butch', 'Mike Will Made It', 'harry fraud', 'the plugs I met 2', 'the plugs I met', 'dj shay', 'French montana', 'chinx drugz', 'fat joe', 'hip hop music', 'new music', 'rap music', 'jim jones', 'black soprano family', 'elcamino', 'rick hyde', 'bsf', 'Griselda', 'westside gunn', 'hit boy', 'tana talk 4', 'plug talk', 'Conway the machine', 'long live dj shay', 'j cole', 'burden of proof', 'tana talk', 'bet cypher', '80 bills', 'buffalo bills', 'bills mafia', 'excelsior', 'styles p', 'boldy james']",PT3M17S,hd,false,80662,7362,555,https://orcd.co/summer26 | https://bsf.indiemerch.com | https://forms.sonymusicfans.com/campaign/black-soprano-family/ | https://www.instagram.com/getbenny | https://x.com/bennybsf | https://my.community.com/bennythebutcher,6,"['Other', 'Instagram', 'Twitter/X']",[],0,"Benny The Butcher - Summer '26 (Official Video) Produced by @HFraud Directed By: ProlificKid Films Buy/Stream ""Summer '26"": BLACK SOPRANO FAMILY: BENNY THE BUTCHER: 2026 Black Soprano Family, LLC","['Benny the butcher', 'Summertime Butch', 'Mike Will Made It', 'harry fraud', 'the plugs I met 2', 'the plugs I met', 'dj shay', 'French montana', 'chinx drugz', 'fat joe', 'hip hop music', 'new music', 'rap music', 'jim jones', 'black soprano family', 'elcamino', 'rick hyde', 'bsf', 'Griselda', 'westside gunn', 'hit boy', 'tana talk 4', 'plug talk', 'Conway the machine', 'long live dj shay', 'j cole', 'burden of proof', 'tana talk', 'bet cypher', '80 bills', 'buffalo bills', 'bills mafia', 'excelsior', 'styles p', 'boldy james']",35,2026-08-06,8,August,6,Thursday,32,False,15,0,27,"['Benny', 'The', 'Butcher', '-', 'Summer', ""'"", '26', '(', 'Official', 'Video', ')', 'Produced', '@', 'HFraud', 'Directed', 'By', ':', 'ProlificKid', 'Films', 'Buy/Stream', '``', 'Summer', ""'"", '26', ""''"", ':', 'BLACK', 'SOPRANO', 'FAMILY', ':', 'BENNY', 'THE', 'BUTCHER', ':', '2026', 'Black', 'Soprano', 'Family', ',', 'LLC']","Benny The Butcher - Summer ' 26 ( Official Video ) Produced @ HFraud Directed By : ProlificKid Films Buy/Stream `` Summer ' 26 '' : BLACK SOPRANO FAMILY : BENNY THE BUTCHER : 2026 Black Soprano Family , LLC",197.0,Medium,47,8,195,29,Afternoon,7917,0.09126974287768713,0.006880563338374947,0.09815030621606209,1,0,Medium,Beginning,False,False,Afternoon,Music,11.29803526089217,8.904222737368716,6.320768294250582
Nh1Ehppefr8,"Cyclops Cast, Scorpion Confirms Venom Future, Terrible Jurassic World News & MORE!!",Today on Side Flick We Discuss Topics 0:00 Cringtro 0:25 Intro 0:53 Violent Night 2 Trailer 2:05 Primetime Trailer 3:37 Grown Up 3 First look 5:22 Garreth Edwards Exits Jurassic World 8:15 Spider-Man 5 Teases & Venom 11:50 Cyclops Cast Kit Connor For MCU X-Men Cringtro By: ------------------------SOCIAL MEDIA ------------------------ Tik Tok: Twitter: Twitch: Instagram: Business Inquiries: 3cfilmreview@gmail.com Thank You For Any Support!,2026-08-07 01:27:17+00:00,UCkFbAywlXz4W0BCle2eFyUw,3C Films,24,[],PT14M38S,hd,false,63989,5440,460,https://x.com/LunaSkates22 | https://www.tiktok.com/@3cfilms?lang=en | https://twitter.com/3CFilmss | https://www.twitch.tv/3c_films | https://www.instagram.com/3cfilm/,5,"['Twitter/X', 'TikTok', 'Twitch', 'Instagram']",[],0,Today on Side Flick We Discuss Topics 0:00 Cringtro 0:25 Intro 0:53 Violent Night 2 Trailer 2:05 Primetime Trailer 3:37 Grown Up 3 First look 5:22 Garreth Edwards Exits Jurassic World 8:15 Spider-Man 5 Teases & Venom 11:50 Cyclops Cast Kit Connor For MCU X-Men Cringtro By: ------------------------SOCIAL MEDIA ------------------------ Tik Tok: Twitter: Twitch: Instagram: Business Inquiries: 3cfilmreview@gmail.com Thank You For Any Support!,[],0,2026-08-07,8,August,7,Friday,32,False,1,27,17,"['Today', 'Side', 'Flick', 'We', 'Discuss', 'Topics', '0:00', 'Cringtro', '0:25', 'Intro', '0:53', 'Violent', 'Night', '2', 'Trailer', '2:05', 'Primetime', 'Trailer', '3:37', 'Grown', 'Up', '3', 'First', 'look', '5:22', 'Garreth', 'Edwards', 'Exits', 'Jurassic', 'World', '8:15', 'Spider-Man', '5', 'Teases', '&', 'Venom', '11:50', 'Cyclops', 'Cast', 'Kit', 'Connor', 'For', 'MCU', 'X-Men', 'Cringtro', 'By', ':', '--', '--', '--', '--', '--', '--', '--', '--', '--', '--', '--', '--', 'SOCIAL', 'MEDIA', '--', '--', '--', '--', '--', '--', '--', '--', '--', '--', '--', '--', 'Tik', 'Tok', ':', 'Twitter', ':', 'Twitch', ':', 'Instagram', ':', 'Business', 'Inquiries', ':', '3cfilmreview', '@', 'gmail.com', 'Thank', 'You', 'For', 'Any', 'Support', '!']",Today Side Flick We Discuss Topics 0:00 Cringtro 0:25 Intro 0:53 Violent Night 2 Trailer 2:05 Primetime Trailer 3:37 Grown Up 3 First look 5:22 Garreth Edwards Exits Jurassic World 8:15 Spider-Man 5 Teases & Venom 11:50 Cyclops Cast Kit Connor For MCU X-Men Cringtro By : -- -- -- -- -- -- -- -- -- -- -- -- SOCIAL MEDIA -- -- -- -- -- -- -- -- -- -- -- -- Tik Tok : Twitter : Twitch : Instagram : Business Inquiries : 3cfilmreview @ gmail.com Thank You For Any Support !,878.0,Long,83,12,442,63,Night,5900,0.08501461188641798,0.00718873556392505,0.09220334745034303,1,0,Low,Beginning,False,False,Late Night,Entertainment,11.066482100133506,8.601718146485926,6.133398042996649
Lcfmfmszr3K,Finding EVERY POPPY PLAYTIME Character In Roblox..,"Today I found every poppy playtime character in Roblox! Make sure you watch the whole video to find out what happens. Mini Figures: 6"" Plush: Merch: Join this channel to get access to perks: --Socials-- Discord: Roblox Group: Roblox Name: TheRealFoltyn Insta: Twitter: What is Roblox? ROBLOX is an online virtual playground and workshop, where kids of all ages can safely interact, create, have fun, and learn. It’s unique in that practically everything on ROBLOX is designed and constructed by members of the community. Each player starts by choosing an avatar and giving it an identity. They can then explore ROBLOX — interacting with others by chatting, playing games, or collaborating on creative projects. Each player is also given their own piece of undeveloped real estate along with a virtual toolbox with which to design and build anything — be it a navigable skyscraper, a working helicopter, a giant pinball machine, a multiplayer “Capture the Flag” game or some other, yet-to-be-dreamed-up creation. There is no cost for this first plot of virtual land. By participating and by building cool stuff, ROBLOX members can earn specialty badges as well as ROBLOX dollars (“Robux”). In turn, they can shop the online catalog to purchase avatar clothing and accessories as well as premium building materials, interactive components, and working mechanisms.",2026-08-06 22:48:58+00:00,UCRkuUgtDAL4XSU5jB40J_wA,Foltyn,20,"['foltyn', 'foltyn roblox', 'roblox', 'roblox foltyn', 'foltyn family', 'funny', 'foltyn family roblox', 'roblox foltyn family', 'blade ball', 'roblox blade ball', 'foltyn blade ball', 'poppy playtime', 'find the poppy playtime characters roblox', 'finding every poppy playtime character in roblox', 'finding every poppy playtime character', 'foltyn and caylus', 'foltyn and caylus playing roblox', 'foltyn and caylus playing together', 'roblox keyboard escape', 'foltyn keyboard escape', 'foltyn poppy playtime']",PT19M53S,hd,false,366099,5445,1359,https://www.target.com/p/caylus-vs-foltyn-mystery-figures/-/A-95041893 | https://www.target.com/p/caylus-vs-foltyn-12-34-mystery-plush-toy/-/A-95041894 | https://foltyn.shop/ | https://www.youtube.com/channel/UCRkuUgtDAL4XSU5jB40J_wA/join | https://discord.gg/hqwZhrkqRr | https://www.roblox.com/groups/11775558/Foltyns-Family#!/about | https://www.instagram.com/realfoltyn/ | https://twitter.com/Foltynnn,8,"['Other', 'YouTube', 'Discord', 'Twitter/X', 'Instagram']","['#Roblox', '#foltyn']",2,"Today I found every poppy playtime character in Roblox! Make sure you watch the whole video to find out what happens. Mini Figures: 6"" Plush: Merch: Join this channel to get access to perks: --Socials-- Discord: Roblox Group: Roblox Name: TheRealFoltyn Insta: Twitter: What is Roblox? ROBLOX is an online virtual playground and workshop, where kids of all ages can safely interact, create, have fun, and learn. It’s unique in that practically everything on ROBLOX is designed and constructed by members of the community. Each player starts by choosing an avatar and giving it an identity. They can then explore ROBLOX — interacting with others by chatting, playing games, or collaborating on creative projects. Each player is also given their own piece of undeveloped real estate along with a virtual toolbox with which to design and build anything — be it a navigable skyscraper, a working helicopter, a giant pinball machine, a multiplayer “Capture the Flag” game or some other, yet-to-be-dreamed-up creation. There is no cost for this first plot of virtual land. By participating and by building cool stuff, ROBLOX members can earn specialty badges as well as ROBLOX dollars (“Robux”). In turn, they can shop the online catalog to purchase avatar clothing and accessories as well as premium building materials, interactive components, and working mechanisms.","['foltyn', 'foltyn roblox', 'roblox', 'roblox foltyn', 'foltyn family', 'funny', 'foltyn family roblox', 'roblox foltyn family', 'blade ball', 'roblox blade ball', 'foltyn blade ball', 'poppy playtime', 'find the poppy playtime characters roblox', 'finding every poppy playtime character in roblox', 'finding every poppy playtime character', 'foltyn and caylus', 'foltyn and caylus playing roblox', 'foltyn and caylus playing together', 'roblox keyboard escape', 'foltyn keyboard escape', 'foltyn poppy playtime']",21,2026-08-06,8,August,6,Thursday,32,False,22,48,58,"['Today', 'I', 'found', 'every', 'poppy', 'playtime', 'character', 'Roblox', '!', 'Make', 'sure', 'watch', 'whole', 'video', 'find', 'happens', '.', 'Mini', 'Figures', ':', '6', ""''"", 'Plush', ':', 'Merch', ':', 'Join', 'channel', 'get', 'access', 'perk', ':', '--', 'Socials', '--', 'Discord', ':', 'Roblox', 'Group', ':', 'Roblox', 'Name', ':', 'TheRealFoltyn', 'Insta', ':', 'Twitter', ':', 'What', 'Roblox', '?', 'ROBLOX', 'online', 'virtual', 'playground', 'workshop', ',', 'kid', 'age', 'safely', 'interact', ',', 'create', ',', 'fun', ',', 'learn', '.', 'It', '’', 'unique', 'practically', 'everything', 'ROBLOX', 'designed', 'constructed', 'member', 'community', '.', 'Each', 'player', 'start', 'choosing', 'avatar', 'giving', 'identity', '.', 'They', 'explore', 'ROBLOX', '—', 'interacting', 'others', 'chatting', ',', 'playing', 'game', ',', 'collaborating', 'creative', 'project', '.', 'Each', 'player', 'also', 'given', 'piece', 'undeveloped', 'real', 'estate', 'along', 'virtual', 'toolbox', 'design', 'build', 'anything', '—', 'navigable', 'skyscraper', ',', 'working', 'helicopter', ',', 'giant', 'pinball', 'machine', ',', 'multiplayer', '“', 'Capture', 'Flag', '”', 'game', ',', 'yet-to-be-dreamed-up', 'creation', '.', 'There', 'cost', 'first', 'plot', 'virtual', 'land', '.', 'By', 'participating', 'building', 'cool', 'stuff', ',', 'ROBLOX', 'member', 'earn', 'specialty', 'badge', 'well', 'ROBLOX', 'dollar', '(', '“', 'Robux', '”', ')', '.', 'In', 'turn', ',', 'shop', 'online', 'catalog', 'purchase', 'avatar', 'clothing', 'accessory', 'well', 'premium', 'building', 'material', ',', 'interactive', 'component', ',', 'working', 'mechanism', '.']","Today I found every poppy playtime character Roblox ! Make sure watch whole video find happens . Mini Figures : 6 '' Plush : Merch : Join channel get access perk : -- Socials -- Discord : Roblox Group : Roblox Name : TheRealFoltyn Insta : Twitter : What Roblox ? ROBLOX online virtual playground workshop , kid age safely interact , create , fun , learn . It ’ unique practically everything ROBLOX designed constructed member community . Each player start choosing avatar giving identity . They explore ROBLOX — interacting others chatting , playing game , collaborating creative project . Each player also given piece undeveloped real estate along virtual toolbox design build anything — navigable skyscraper , working helicopter , giant pinball machine , multiplayer “ Capture Flag ” game , yet-to-be-dreamed-up creation . There cost first plot virtual land . By participating building cool stuff , ROBLOX member earn specialty badge well ROBLOX dollar ( “ Robux ” ) . In turn , shop online catalog purchase avatar clothing accessory well premium building material , interactive component , working mechanism .",1193.0,Long,50,7,1361,217,Evening,6804,0.014873026148664705,0.003712110658592348,0.018585136807257055,1,0,Very High,Beginning,True,False,Night,Gaming,12.810661799108328,8.602636673233706,7.215239978730097
M6R6Nbmxca8,Brent Faiyaz - like it was. [Official Video],Brent Faiyaz - like it was. [Official Video] Subscribe to Brent Faiyaz’s channel: Icon (Director's Cut) by Brent Faiyaz: Follow or Text Brent Faiyaz: +1 (443) 637-6100 ​​ Courtesy of ISO Supremacy,2026-08-07 04:00:06+00:00,UCtdVC7nSYNOpKroA5JicNig,Brent Faiyaz,10,"['brent faiyaz', 'r&b', 'new brent faiyaz', 'new brent faiyaz song', 'like it was', 'brent faiyaz like it was', 'like it was brent faiyaz', 'new brent', 'brent faiyaz video', 'like it was video', 'brent faiyaz like it was video', 'new music', 'new r&b', 'new r&b 2026', 'new brent faiyaz 2026', 'icon', 'brent faiyaz icon', 'brent faiyaz icon directors cut', 'new brent faiyaz album']",PT3M43S,hd,false,32057,6314,346,https://bit.ly/3PQrJD6 | https://brentfaiyaz.lnk.to/IconDC2 | https://www.instagram.com/brentfaiyaz​​ | https://www.facebook.com/brentfaiyaz | https://twitter.com/brentfaiyaz | https://brentfaiyaz.com/,6,"['Other', 'Instagram', 'Facebook', 'Twitter/X']","['#BrentFaiyaz', '#likeitwas', '#ICON']",3,Brent Faiyaz - like it was. [Official Video] 🔔 Subscribe to Brent Faiyaz’s channel: Icon (Director's Cut) by Brent Faiyaz: Follow or Text Brent Faiyaz: +1 (443) 637-6100 ​​ Courtesy of ISO Supremacy,"['brent faiyaz', 'r&b', 'new brent faiyaz', 'new brent faiyaz song', 'like it was', 'brent faiyaz like it was', 'like it was brent faiyaz', 'new brent', 'brent faiyaz video', 'like it was video', 'brent faiyaz like it was video', 'new music', 'new r&b', 'new r&b 2026', 'new brent faiyaz 2026', 'icon', 'brent faiyaz icon', 'brent faiyaz icon directors cut', 'new brent faiyaz album']",19,2026-08-07,8,August,7,Friday,32,False,4,0,6,"['Brent', 'Faiyaz', '-', 'like', '.', '[', 'Official', 'Video', ']', 'Subscribe', 'Brent', 'Faiyaz', '’', 'channel', ':', 'Icon', '(', 'Director', ""'s"", 'Cut', ')', 'Brent', 'Faiyaz', ':', 'Follow', 'Text', 'Brent', 'Faiyaz', ':', '+1', '(', '443', ')', '637-6100', '\u200b\u200b', 'Courtesy', 'ISO', 'Supremacy']",Brent Faiyaz - like . [ Official Video ] Subscribe Brent Faiyaz ’ channel : Icon ( Director 's Cut ) Brent Faiyaz : Follow Text Brent Faiyaz : +1 ( 443 ) 637-6100 ​​ Courtesy ISO Supremacy,223.0,Medium,44,8,196,32,Night,6660,0.19696166203949214,0.010793274479832797,0.20775493651932495,1,0,Low,Beginning,False,False,Late Night,Music,10.375302041185826,8.750683034784592,5.849324779946859
Sf4Ozolccd0,Run Hide Fight: Infidels | Official Trailer,"When radical Islamic terrorists hijack a liberal college's pro-Palestine encampment to enforce barbaric Sharia law on students and execute infidels in a makeshift caliphate, a ragtag band of red-blooded students, a security guard tired of 'Uncle Tom' smears, and a Delta Force vet must arm up to save their clueless peers and keep America from surrendering to the enemy on its own soil. Coming exclusively to The Daily Wire, September 16. -- -- -- Become a Daily Wire Member and watch all of our content ad-free: Download the free Daily Wire app today on iPhone, Android, Roku, Apple TV, Samsung, and more. Shop Daily Wire merch here: ——— STARRING Jonathan Majors, David Lucas, JC Kilcoyne, Tyler Aser, James Bingham, Savanna Leigh James, Stephen Hailo, Myles Clohessy, Jason Gray-Stanford, Darby Cappillino, Chris K. Lee, Sharon Johal, Charlotte Delaney Riggs, Hussain Syed, Paulina Alvarez, Alec Rayme, Erin Davie, Travis Mills, Siaka Massaquoi, Justin S. Myrick WRITTEN AND DIRECTED BY Kyle Rankin (RUN HIDE FIGHT) PRODUCED BY Ben Shapiro and Mike Richards for The Daily Wire, Dallas Sonnier for Bonfire Legend, Travis Mills, Lillian Campbell, Sydney Aucreman, Savannah Belcher EXECUTIVE PRODUCED BY Caleb Robinson, Jonathan Majors for Tall Street Productions, Jason Ramos CASTING BY David Guglielmo",2026-08-06 14:01:29+00:00,UCaeO5vkdj5xOQHp4UmIN6dw,The Daily Wire,24,[],PT2M9S,hd,false,59926,3258,675,https://www.dailywire.com/subscribe | https://www.dailywire.com/shop,2,['Other'],[],0,"When radical Islamic terrorists hijack a liberal college's pro-Palestine encampment to enforce barbaric Sharia law on students and execute infidels in a makeshift caliphate, a ragtag band of red-blooded students, a security guard tired of 'Uncle Tom' smears, and a Delta Force vet must arm up to save their clueless peers and keep America from surrendering to the enemy on its own soil. Coming exclusively to The Daily Wire, September 16. -- -- -- Become a Daily Wire Member and watch all of our content ad-free: 📲 Download the free Daily Wire app today on iPhone, Android, Roku, Apple TV, Samsung, and more. Shop Daily Wire merch here: ——— STARRING Jonathan Majors, David Lucas, JC Kilcoyne, Tyler Aser, James Bingham, Savanna Leigh James, Stephen Hailo, Myles Clohessy, Jason Gray-Stanford, Darby Cappillino, Chris K. Lee, Sharon Johal, Charlotte Delaney Riggs, Hussain Syed, Paulina Alvarez, Alec Rayme, Erin Davie, Travis Mills, Siaka Massaquoi, Justin S. Myrick WRITTEN AND DIRECTED BY Kyle Rankin (RUN HIDE FIGHT) PRODUCED BY Ben Shapiro and Mike Richards for The Daily Wire, Dallas Sonnier for Bonfire Legend, Travis Mills, Lillian Campbell, Sydney Aucreman, Savannah Belcher EXECUTIVE PRODUCED BY Caleb Robinson, Jonathan Majors for Tall Street Productions, Jason Ramos CASTING BY David Guglielmo",[],0,2026-08-06,8,August,6,Thursday,32,False,14,1,29,"['When', 'radical', 'Islamic', 'terrorist', 'hijack', 'liberal', 'college', ""'s"", 'pro-Palestine', 'encampment', 'enforce', 'barbaric', 'Sharia', 'law', 'student', 'execute', 'infidel', 'makeshift', 'caliphate', ',', 'ragtag', 'band', 'red-blooded', 'student', ',', 'security', 'guard', 'tired', ""'"", 'Uncle', 'Tom', ""'"", 'smear', ',', 'Delta', 'Force', 'vet', 'must', 'arm', 'save', 'clueless', 'peer', 'keep', 'America', 'surrendering', 'enemy', 'soil', '.', 'Coming', 'exclusively', 'The', 'Daily', 'Wire', ',', 'September', '16', '.', '--', '--', '--', 'Become', 'Daily', 'Wire', 'Member', 'watch', 'content', 'ad-free', ':', 'Download', 'free', 'Daily', 'Wire', 'app', 'today', 'iPhone', ',', 'Android', ',', 'Roku', ',', 'Apple', 'TV', ',', 'Samsung', ',', '.', 'Shop', 'Daily', 'Wire', 'merch', ':', '—', '—', '—', 'STARRING', 'Jonathan', 'Majors', ',', 'David', 'Lucas', ',', 'JC', 'Kilcoyne', ',', 'Tyler', 'Aser', ',', 'James', 'Bingham', ',', 'Savanna', 'Leigh', 'James', ',', 'Stephen', 'Hailo', ',', 'Myles', 'Clohessy', ',', 'Jason', 'Gray-Stanford', ',', 'Darby', 'Cappillino', ',', 'Chris', 'K.', 'Lee', ',', 'Sharon', 'Johal', ',', 'Charlotte', 'Delaney', 'Riggs', ',', 'Hussain', 'Syed', ',', 'Paulina', 'Alvarez', ',', 'Alec', 'Rayme', ',', 'Erin', 'Davie', ',', 'Travis', 'Mills', ',', 'Siaka', 'Massaquoi', ',', 'Justin', 'S.', 'Myrick', 'WRITTEN', 'AND', 'DIRECTED', 'BY', 'Kyle', 'Rankin', '(', 'RUN', 'HIDE', 'FIGHT', ')', 'PRODUCED', 'BY', 'Ben', 'Shapiro', 'Mike', 'Richards', 'The', 'Daily', 'Wire', ',', 'Dallas', 'Sonnier', 'Bonfire', 'Legend', ',', 'Travis', 'Mills', ',', 'Lillian', 'Campbell', ',', 'Sydney', 'Aucreman', ',', 'Savannah', 'Belcher', 'EXECUTIVE', 'PRODUCED', 'BY', 'Caleb', 'Robinson', ',', 'Jonathan', 'Majors', 'Tall', 'Street', 'Productions', ',', 'Jason', 'Ramos', 'CASTING', 'BY', 'David', 'Guglielmo']","When radical Islamic terrorist hijack liberal college 's pro-Palestine encampment enforce barbaric Sharia law student execute infidel makeshift caliphate , ragtag band red-blooded student , security guard tired ' Uncle Tom ' smear , Delta Force vet must arm save clueless peer keep America surrendering enemy soil . Coming exclusively The Daily Wire , September 16 . -- -- -- Become Daily Wire Member watch content ad-free : Download free Daily Wire app today iPhone , Android , Roku , Apple TV , Samsung , . Shop Daily Wire merch : — — — STARRING Jonathan Majors , David Lucas , JC Kilcoyne , Tyler Aser , James Bingham , Savanna Leigh James , Stephen Hailo , Myles Clohessy , Jason Gray-Stanford , Darby Cappillino , Chris K. Lee , Sharon Johal , Charlotte Delaney Riggs , Hussain Syed , Paulina Alvarez , Alec Rayme , Erin Davie , Travis Mills , Siaka Massaquoi , Justin S. Myrick WRITTEN AND DIRECTED BY Kyle Rankin ( RUN HIDE FIGHT ) PRODUCED BY Ben Shapiro Mike Richards The Daily Wire , Dallas Sonnier Bonfire Legend , Travis Mills , Lillian Campbell , Sydney Aucreman , Savannah Belcher EXECUTIVE PRODUCED BY Caleb Robinson , Jonathan Majors Tall Street Productions , Jason Ramos CASTING BY David Guglielmo",129.0,Medium,43,7,1302,203,Afternoon,3933,0.054367052698327936,0.011263892133631478,0.06563094483195941,1,0,Low,Beginning,False,False,Afternoon,Entertainment,11.000882433797798,8.089175678837561,6.516193076042964
Jcywhp_-O5W,OpTic GAMING vs 100 THIEVES!! (MAPS 3-5) | SCUMP WATCH PARTY - ESPORTS WORLD CUP DAY 2,LIKE and SUBSCRIBE with NOTIFICATIONS ON if you enjoyed the video! Main Channel: @Scumpii Second Channel: @MoreScump Follow me on my Socials: Twitch | Twitter | Instagram | TikTok | CoD Creator Code: SCUMP Follow OpTic: SPONSORS: Oakley | | Code SCUMP Razer | Monster Energy | PrizePicks | USAA | Edited by Tru |,2026-08-06 20:56:38+00:00,UCCWSG8MXoqvIEBPRnOSxwzw,Scump,20,[],PT2H33M4S,hd,false,255486,3214,107,http://www.twitch.tv/Scump | http://www.twitter.com/Scump | https://www.instagram.com/scumpabner/ | https://www.tiktok.com/@scump | https://twitter.com/OpTic | https://twitter.com/OpTicTexas | https://opticgaming.com/nation | https://www.oakley.com/en-us/lp/e-sports | https://bit.ly/3mxvK3j | http://monsterenergy.com/gaming | https://www.prizepicks.com/ | https://opticgaming.com/wallace-warriors | https://twitter.com/TruEdits,13,"['Twitch', 'Twitter/X', 'Instagram', 'TikTok', 'Other']","['#callofduty', '#scump']",2,LIKE and SUBSCRIBE with NOTIFICATIONS ON if you enjoyed the video! 👍 🎥 Main Channel: @Scumpii 🎥 Second Channel: @MoreScump Follow me on my Socials: 📺 Twitch | 🐥 Twitter | 📷 Instagram | 📱 TikTok | CoD Creator Code: SCUMP Follow OpTic: 👉 👉 📺 🔥SPONSORS: Oakley | | Code SCUMP Razer | Monster Energy | PrizePicks | USAA | 🎥 Edited by Tru |,[],0,2026-08-06,8,August,6,Thursday,32,False,20,56,38,"['LIKE', 'SUBSCRIBE', 'NOTIFICATIONS', 'ON', 'enjoyed', 'video', '!', 'Main', 'Channel', ':', '@', 'Scumpii', 'Second', 'Channel', ':', '@', 'MoreScump', 'Follow', 'Socials', ':', 'Twitch', '|', 'Twitter', '|', 'Instagram', '|', 'TikTok', '|', 'CoD', 'Creator', 'Code', ':', 'SCUMP', 'Follow', 'OpTic', ':', 'SPONSORS', ':', 'Oakley', '|', '|', 'Code', 'SCUMP', 'Razer', '|', 'Monster', 'Energy', '|', 'PrizePicks', '|', 'USAA', '|', 'Edited', 'Tru', '|']",LIKE SUBSCRIBE NOTIFICATIONS ON enjoyed video ! Main Channel : @ Scumpii Second Channel : @ MoreScump Follow Socials : Twitch | Twitter | Instagram | TikTok | CoD Creator Code : SCUMP Follow OpTic : SPONSORS : Oakley | | Code SCUMP Razer | Monster Energy | PrizePicks | USAA | Edited Tru |,9184.0,Long,86,17,312,55,Evening,3321,0.012579945672169903,0.0004188096412327877,0.012998755313402692,1,0,High,Beginning,True,False,Evening,Gaming,12.45092680670521,8.07558263667172,4.68213122712422
V4Vw4Ffo06S,RESCUER,"Provided to YouTube by Atlantic Records RESCUER · Alex Warren RESCUER ℗ 2026 Atlantic Recording Corporation Vocals: Alex Warren Producer: Adam Yaron Executive Producer: Adam Yaron Bass, Guitar, Organ, Piano: Adam Yaron Engineer: Adam Yaron Background Vocals: Adam Yaron Mixer: Alex Ghenea Cello: Benz Marston Duglio Engineer: Cal Shapiro Background Vocals: Cal Shapiro Engineer: Chase Weber Drums: Dan Bailey Cello: Daniel Lim Viola: Drew Alexander Forde Engineer: Grayson Pollard Assistant Mixer: Jack Normile String Recording Engineer: Jacob Dennis Engineer: Mags Duval Background Vocals: Mags Duval Assistant Engineer: Maguire Frantz Mixer: Mark ‘Spike’ Stent Masterer: Nathan Dantzler Strings Arranger: Shawn Law Yone Gilad Violin: Shawn Law Yone Gilad Viola: Solomon Leonard Violin: Yasmeen Al-Mazeedi Assistant Strings Engineer: Zane Lehmann Writer: Alex Warren Writer: Adam Yaron Writer: Mags Duval Writer: Cal Shapiro Auto-generated by YouTube.",2026-08-06 10:03:13+00:00,UCXATF3-9RFGyY-it_d2hB6A,Alex Warren - Topic,10,"['Alex Warren', 'RESCUER']",PT3M20S,sd,false,55468,4791,522,,0,[],[],0,"Provided to YouTube by Atlantic Records RESCUER · Alex Warren RESCUER ℗ 2026 Atlantic Recording Corporation Vocals: Alex Warren Producer: Adam Yaron Executive Producer: Adam Yaron Bass, Guitar, Organ, Piano: Adam Yaron Engineer: Adam Yaron Background Vocals: Adam Yaron Mixer: Alex Ghenea Cello: Benz Marston Duglio Engineer: Cal Shapiro Background Vocals: Cal Shapiro Engineer: Chase Weber Drums: Dan Bailey Cello: Daniel Lim Viola: Drew Alexander Forde Engineer: Grayson Pollard Assistant Mixer: Jack Normile String Recording Engineer: Jacob Dennis Engineer: Mags Duval Background Vocals: Mags Duval Assistant Engineer: Maguire Frantz Mixer: Mark ‘Spike’ Stent Masterer: Nathan Dantzler Strings Arranger: Shawn Law Yone Gilad Violin: Shawn Law Yone Gilad Viola: Solomon Leonard Violin: Yasmeen Al-Mazeedi Assistant Strings Engineer: Zane Lehmann Writer: Alex Warren Writer: Adam Yaron Writer: Mags Duval Writer: Cal Shapiro Auto-generated by YouTube.","['Alex Warren', 'RESCUER']",2,2026-08-06,8,August,6,Thursday,32,False,10,3,13,"['Provided', 'YouTube', 'Atlantic', 'Records', 'RESCUER', '·', 'Alex', 'Warren', 'RESCUER', '℗', '2026', 'Atlantic', 'Recording', 'Corporation', 'Vocals', ':', 'Alex', 'Warren', 'Producer', ':', 'Adam', 'Yaron', 'Executive', 'Producer', ':', 'Adam', 'Yaron', 'Bass', ',', 'Guitar', ',', 'Organ', ',', 'Piano', ':', 'Adam', 'Yaron', 'Engineer', ':', 'Adam', 'Yaron', 'Background', 'Vocals', ':', 'Adam', 'Yaron', 'Mixer', ':', 'Alex', 'Ghenea', 'Cello', ':', 'Benz', 'Marston', 'Duglio', 'Engineer', ':', 'Cal', 'Shapiro', 'Background', 'Vocals', ':', 'Cal', 'Shapiro', 'Engineer', ':', 'Chase', 'Weber', 'Drums', ':', 'Dan', 'Bailey', 'Cello', ':', 'Daniel', 'Lim', 'Viola', ':', 'Drew', 'Alexander', 'Forde', 'Engineer', ':', 'Grayson', 'Pollard', 'Assistant', 'Mixer', ':', 'Jack', 'Normile', 'String', 'Recording', 'Engineer', ':', 'Jacob', 'Dennis', 'Engineer', ':', 'Mags', 'Duval', 'Background', 'Vocals', ':', 'Mags', 'Duval', 'Assistant', 'Engineer', ':', 'Maguire', 'Frantz', 'Mixer', ':', 'Mark', '‘', 'Spike', '’', 'Stent', 'Masterer', ':', 'Nathan', 'Dantzler', 'Strings', 'Arranger', ':', 'Shawn', 'Law', 'Yone', 'Gilad', 'Violin', ':', 'Shawn', 'Law', 'Yone', 'Gilad', 'Viola', ':', 'Solomon', 'Leonard', 'Violin', ':', 'Yasmeen', 'Al-Mazeedi', 'Assistant', 'Strings', 'Engineer', ':', 'Zane', 'Lehmann', 'Writer', ':', 'Alex', 'Warren', 'Writer', ':', 'Adam', 'Yaron', 'Writer', ':', 'Mags', 'Duval', 'Writer', ':', 'Cal', 'Shapiro', 'Auto-generated', 'YouTube', '.']","Provided YouTube Atlantic Records RESCUER · Alex Warren RESCUER ℗ 2026 Atlantic Recording Corporation Vocals : Alex Warren Producer : Adam Yaron Executive Producer : Adam Yaron Bass , Guitar , Organ , Piano : Adam Yaron Engineer : Adam Yaron Background Vocals : Adam Yaron Mixer : Alex Ghenea Cello : Benz Marston Duglio Engineer : Cal Shapiro Background Vocals : Cal Shapiro Engineer : Chase Weber Drums : Dan Bailey Cello : Daniel Lim Viola : Drew Alexander Forde Engineer : Grayson Pollard Assistant Mixer : Jack Normile String Recording Engineer : Jacob Dennis Engineer : Mags Duval Background Vocals : Mags Duval Assistant Engineer : Maguire Frantz Mixer : Mark ‘ Spike ’ Stent Masterer : Nathan Dantzler Strings Arranger : Shawn Law Yone Gilad Violin : Shawn Law Yone Gilad Viola : Solomon Leonard Violin : Yasmeen Al-Mazeedi Assistant Strings Engineer : Zane Lehmann Writer : Alex Warren Writer : Adam Yaron Writer : Mags Duval Writer : Cal Shapiro Auto-generated YouTube .",200.0,Medium,7,1,952,133,Morning,5313,0.08637412562198024,0.009410831470397346,0.09578495709237758,0,0,Low,Beginning,False,False,Morning,Music,10.923579585124024,8.474703139795285,6.259581464064923
Sy7Clg6Xhry,劇場シリーズ【第一部】メイドインアビス 目覚める神秘｜本予告,"20261023 ProductionI.G T2 studio Kevin Penkin IRMA LA DOUCE KADOKAWA Chain of the Abyss Kevin Penkin feat. Mori Calliope : Kevin Penkin, Mori Calliope : Kevin Penkin Twitter @miabyss © #",2026-08-07 01:00:26+00:00,UCY5fcqgSrQItPAX_Z5Frmwg,KADOKAWAanime,1,[],PT1M3S,hd,false,222668,12936,948,https://miabyss.com/movie_part1/ticket.html | http://miabyss.com,2,['Other'],['#miabyss'],1,"『劇場シリーズ【第一部】メイドインアビス 目覚める神秘 』 2026年10月23日（金）公開！ ムビチケカード販売中！ ＜イントロダクション＞ 隅々まで探索されつくした世界に、唯一残された秘境の大穴『アビス』。 どこまで続くとも知れない深く巨大なその縦穴には、奇妙奇怪な生物たちが生息し、 今の人類では作りえない貴重な遺物が眠っている。 「アビス」の不可思議に満ちた姿は人々を魅了し、冒険へと駆り立てた。 そうして幾度も大穴に挑戦する冒険者たちは、次第に『探窟家』と呼ばれるようになっていった。 アビスの縁に築かれた街『オース』に暮らす孤児のリコは、いつか母のような偉大な探窟家になり、アビスの謎を解き明かすことを夢見ていた。 ある日、母・ライザの白笛が発見されたことをきっかけに、アビスの奥深くへ潜ることを決意するリコ。リコに拾われた記憶喪失のロボット・レグも自分の記憶を探しに一緒に行くことを決意する。 深界四層で猛獣タマウガチの毒に苦しむリコ。リコを救ったのは成れ果てのナナチだった。ナナチを仲間に加え、ボンドルドの待つ深界五層へと三人は冒険を進める。 そこで、出会ったプルシュカと名乗る女の子は、ボンドルドに育てられ外界を知らずにいた。 リコの冒険話に夢中になり一緒に冒険に行きたいと願うが、あえなくボンドルドの実験に利用されてしまう。 しかし、プルシュカは形を変えリコの白笛となり、一同は深界六層「還らずの都」へと進む。 そこには、成れ果てが独自の価値観を持って生活している「成れ果ての村」と、姫・ファプタが存在していた。ファプタの「願い」によって解放された村は崩壊し、リコたちはファプタを誘い、深界七層へと進むのであった。 ＜スタッフ＞ 原作：つくしあきひと（竹書房「竹コミ！」） 監督：小島正幸 脚本：倉田英之 キャラクターデザイン：黒田結花、黄瀬和哉（ProductionI.G） デザインリーダー：高倉武史 美術監督：増山 修・関口 輝・中村朝咲（インスパイアード） 色彩設計：山下宮緒 撮影監督：江間常高（T2 studio） 編集：黒澤雅之 音響監督：山田 陽 音響効果：野口 透 音楽：Kevin Penkin 音楽プロデューサー：飯島弘光 音楽制作：IRMA LA DOUCE 音楽制作協力：KADOKAWA アニメーション制作：キネマシトラス 製作：劇場シリーズ「メイドインアビス」製作委員会 主題歌：「Chain of the Abyss」 Kevin Penkin feat. Mori Calliope 作詞: Kevin Penkin, Mori Calliope 作編曲: Kevin Penkin ＜キャスト＞ リコ：富田美憂 レグ：伊瀬茉莉也 ナナチ：井澤詩織 ファプタ：久野美咲 テパステ：諸星すみれ クラヴァリ：星野貴紀 アニメ公式Twitter： @miabyss アニメ公式サイト： ©つくしあきひと・竹書房／劇場シリーズ「メイドインアビス」製作委員会 #メイドインアビス",[],0,2026-08-07,8,August,7,Friday,32,False,1,0,26,"['20261023', 'ProductionI.G', 'T2', 'studio', 'Kevin', 'Penkin', 'IRMA', 'LA', 'DOUCE', 'KADOKAWA', 'Chain', 'Abyss', 'Kevin', 'Penkin', 'feat', '.', 'Mori', 'Calliope', ':', 'Kevin', 'Penkin', ',', 'Mori', 'Calliope', ':', 'Kevin', 'Penkin', 'Twitter', '@', 'miabyss', '©', '#']","20261023 ProductionI.G T2 studio Kevin Penkin IRMA LA DOUCE KADOKAWA Chain Abyss Kevin Penkin feat . Mori Calliope : Kevin Penkin , Mori Calliope : Kevin Penkin Twitter @ miabyss © #",63.0,Medium,30,2,186,31,Night,13884,0.058095460506224515,0.004257459536170442,0.062352920042394955,1,0,High,Beginning,False,False,Late Night,Film & Animation,12.313441642837684,9.467846701917901,6.855408798609928
6Wgo51Klkmm,"The DUCK SONG, But It’s NICO!",Instagram: Merch:,2026-08-06 15:00:40+00:00,UC0eLBYhxW9HC0P9PXQ73mpQ,Cash,24,"['Cash', 'Nico', 'Nico and Cash', 'Cash and Nico', 'Minecraft', 'Minecraft mod', 'family friendly', 'kid friendly']",PT15M48S,hd,false,520636,8782,1694,https://www.instagram.com/cashmarcoyt/ | https://cashandnico.com,2,"['Instagram', 'Other']","['#Minecraft', '#MinecraftMod', '#Cash', '#NicoAndCash']",4,Instagram: Merch:,"['Cash', 'Nico', 'Nico and Cash', 'Cash and Nico', 'Minecraft', 'Minecraft mod', 'family friendly', 'kid friendly']",8,2026-08-06,8,August,6,Thursday,32,False,15,0,40,"['Instagram', ':', 'Merch', ':']",Instagram : Merch :,948.0,Long,29,6,17,2,Afternoon,10476,0.016867830883765242,0.0032537127666930447,0.020121543650458287,1,0,Very High,Beginning,False,False,Afternoon,Entertainment,13.162808340857303,9.080573313917117,7.43543801981455
Cfa6Qisnxjg,Wiz khalifa - All Eyes On Me (Official Music Video) ,All Eyes On Me Stay focused. Stay hungry. Keep working until the world has no choice but to notice.,2026-08-02 22:42:15+00:00,UC76Kwm0Pa0HBOH2euFwJidQ,Pulse Sounds ,22,[],PT9M27S,hd,false,153289,1244,16,,0,[],"['#AllEyesOnMe', '#StayFocused', '#KeepGrinding', '#OfficialVideo', '#newtrend', '#newsong']",6,All Eyes On Me 👀✨ Stay focused. Stay hungry. Keep working until the world has no choice but to notice.,[],0,2026-08-02,8,August,2,Sunday,31,True,22,42,15,"['All', 'Eyes', 'On', 'Me', 'Stay', 'focused', '.', 'Stay', 'hungry', '.', 'Keep', 'working', 'world', 'choice', 'notice', '.']",All Eyes On Me Stay focused . Stay hungry . Keep working world choice notice .,567.0,Medium,52,10,99,19,Evening,1260,0.008115389884466596,0.00010437800494490799,0.008219767889411504,1,0,High,Beginning,False,True,Night,People & Blogs,11.940086831160153,7.126890808898808,2.833213344056216
Zt6Ej13L35M,Tyler Perry’s Beauty in Black: Season 3 | Official Trailer | Netflix,"Your favorite obsession is back, and there’s a new power couple in town. Season 3 of Tyler Perry’s Beauty in Black comes to Netflix 27th August. Watch on Netflix: Subscribe: About Netflix: Netflix is one of the world’s leading entertainment services offering TV series, films, games and live programming across a wide variety of genres and languages. Members can play, pause and resume watching as much as they want, anytime, anywhere, and can change their plans at any time. Tyler Perry’s Beauty in Black: Season 3 | Official Trailer | Netflix Chaos rocks the Bellarie empire as Horace's wrath lands the family behind bars, Kimmie vies for power and hidden agendas lurk behind every ruthless move.",2026-08-05 15:01:36+00:00,UCzi3g9ade6lq-nGjShQOJJg,AfricaOnNetflix,24,"['Angel', 'BIB', 'BIBS3', 'Beauty in Black', 'Beauty in Black Netflix', 'Beauty in Black Season 3', 'Charles', 'Horace', 'Kimmie', 'Mallory', 'Netflix', 'Olivia', 'Rain', 'TPS', 'Tyler Perry']",PT1M49S,hd,false,187645,4436,292,https://www.netflix.com/title/82645200 | https://bit.ly/2SpsrJ1 | https://www.twitter.com/netflixSA | https://www.instagram.com/NetflixSA | https://www.Facebook.com/NetflixSouthAfrica | https://www.twitter.com/NetflixNaija | https://www.instagram.com/NaijaOnNetflix | https://www.facebook.com/netflixnaija | https://www.youtube.com/@AfricaOnNetflix,9,"['Twitter/X', 'Other', 'Instagram', 'Facebook', 'YouTube']",[],0,"Your favorite obsession is back, and there’s a new power couple in town. Season 3 of Tyler Perry’s Beauty in Black comes to Netflix 27th August. Watch on Netflix: Subscribe: About Netflix: Netflix is one of the world’s leading entertainment services offering TV series, films, games and live programming across a wide variety of genres and languages. Members can play, pause and resume watching as much as they want, anytime, anywhere, and can change their plans at any time. Tyler Perry’s Beauty in Black: Season 3 | Official Trailer | Netflix Chaos rocks the Bellarie empire as Horace's wrath lands the family behind bars, Kimmie vies for power and hidden agendas lurk behind every ruthless move.","['Angel', 'BIB', 'BIBS3', 'Beauty in Black', 'Beauty in Black Netflix', 'Beauty in Black Season 3', 'Charles', 'Horace', 'Kimmie', 'Mallory', 'Netflix', 'Olivia', 'Rain', 'TPS', 'Tyler Perry']",15,2026-08-05,8,August,5,Wednesday,32,False,15,1,36,"['Your', 'favorite', 'obsession', 'back', ',', '’', 'new', 'power', 'couple', 'town', '.', 'Season', '3', 'Tyler', 'Perry', '’', 'Beauty', 'Black', 'come', 'Netflix', '27th', 'August', '.', 'Watch', 'Netflix', ':', 'Subscribe', ':', 'About', 'Netflix', ':', 'Netflix', 'one', 'world', '’', 'leading', 'entertainment', 'service', 'offering', 'TV', 'series', ',', 'film', ',', 'game', 'live', 'programming', 'across', 'wide', 'variety', 'genre', 'language', '.', 'Members', 'play', ',', 'pause', 'resume', 'watching', 'much', 'want', ',', 'anytime', ',', 'anywhere', ',', 'change', 'plan', 'time', '.', 'Tyler', 'Perry', '’', 'Beauty', 'Black', ':', 'Season', '3', '|', 'Official', 'Trailer', '|', 'Netflix', 'Chaos', 'rock', 'Bellarie', 'empire', 'Horace', ""'s"", 'wrath', 'land', 'family', 'behind', 'bar', ',', 'Kimmie', 'vies', 'power', 'hidden', 'agenda', 'lurk', 'behind', 'every', 'ruthless', 'move', '.']","Your favorite obsession back , ’ new power couple town . Season 3 Tyler Perry ’ Beauty Black come Netflix 27th August . Watch Netflix : Subscribe : About Netflix : Netflix one world ’ leading entertainment service offering TV series , film , game live programming across wide variety genre language . Members play , pause resume watching much want , anytime , anywhere , change plan time . Tyler Perry ’ Beauty Black : Season 3 | Official Trailer | Netflix Chaos rock Bellarie empire Horace 's wrath land family behind bar , Kimmie vies power hidden agenda lurk behind every ruthless move .",109.0,Medium,68,12,698,116,Afternoon,4728,0.023640384769111886,0.0015561299261904128,0.025196514695302298,1,0,High,Beginning,False,False,Afternoon,Entertainment,12.142312488055662,8.39773375137891,5.680172609017068
1Isngt7Qqh8,🔴IF I LAUGH = YOU GET ROBUX!🔴,"LINKS: Roblox Profile: ROBLOX USER: Ninjagaming My Discord : My Roblox group‍: If a Link isn't working, inform me so I can fix it! ___________________________________________________________ Tags: roblox, shorts, youtube shorts, live, shorts live, roblox cringe shorts, roblox shorts cringe, shorts cringe, roblox youtube shorts cringe live, live on youtube shorts, reaction with speakers, sus, youtube shorts, roblox sus shorts, roblox sus, minecraft, minecraft speedrun, speedrunning minecraft, beating minecraft, minecraft hardcore",2026-08-07 01:00:14+00:00,UC7xpeYGGwMo_h3rXmRLfZyg,Ninjagaming,20,"['#roblox', '#update', '#live', '#play', 'Viewers', '#pro', '#new', '#Ninjagaming', '#russo', '#digito', '#rblx', '#pet simulator x', '#psx', 'viewers', 'Roblox', 'pets', 'rblx', 'lclc', 'hide', 'pet simulator x', 'zomg', 'ninjagaming', 'new', 'play', 'update', 'bedwars', 'live', 'giveaway', '#giveaway', 'roblox game', 'chill', 'chill stream', 'kreekcraft', 'pls donate', 'free robux', 'robux', 'free huge', 'rbx', 'late night', 'late night stream', 'free', 'live robux', 'pls', 'donate', 'donating to viewers', 'kreek', 'roblox', '#plsdonate', '#free robux', 'hunt', 'the hunt', 'egg hunt', 'minecraft', 'mine']",PT2H51M46S,hd,false,1218084,9929,22,https://linktr.ee/ninjagamingrblx | https://www.roblox.com/users/1192791216/profile | https://discord.com/invite/zUU2XPmJdk | https://www.roblox.com/communities/8903560/The-Ninjagaming-TEAM#!/about,4,"['Other', 'Twitter/X', 'Discord']",[],0,"LINKS: Roblox Profile: ROBLOX USER: Ninjagaming My Discord 🎮: My Roblox group🐱‍👤: If a Link isn't working, inform me so I can fix it! ___________________________________________________________ Tags: roblox, shorts, youtube shorts, live, shorts live, roblox cringe shorts, roblox shorts cringe, shorts cringe, roblox youtube shorts cringe live, live on youtube shorts, reaction with speakers, sus, youtube shorts, roblox sus shorts, roblox sus, minecraft, minecraft speedrun, speedrunning minecraft, beating minecraft, minecraft hardcore","['#roblox', '#update', '#live', '#play', 'Viewers', '#pro', '#new', '#Ninjagaming', '#russo', '#digito', '#rblx', '#pet simulator x', '#psx', 'viewers', 'Roblox', 'pets', 'rblx', 'lclc', 'hide', 'pet simulator x', 'zomg', 'ninjagaming', 'new', 'play', 'update', 'bedwars', 'live', 'giveaway', '#giveaway', 'roblox game', 'chill', 'chill stream', 'kreekcraft', 'pls donate', 'free robux', 'robux', 'free huge', 'rbx', 'late night', 'late night stream', 'free', 'live robux', 'pls', 'donate', 'donating to viewers', 'kreek', 'roblox', '#plsdonate', '#free robux', 'hunt', 'the hunt', 'egg hunt', 'minecraft', 'mine']",54,2026-08-07,8,August,7,Friday,32,False,1,0,14,"['LINKS', ':', 'Roblox', 'Profile', ':', 'ROBLOX', 'USER', ':', 'Ninjagaming', 'My', 'Discord', ':', 'My', 'Roblox', 'group\u200d', ':', 'If', 'Link', ""n't"", 'working', ',', 'inform', 'I', 'fix', '!', '___________________________________________________________', 'Tags', ':', 'roblox', ',', 'short', ',', 'youtube', 'short', ',', 'live', ',', 'short', 'live', ',', 'roblox', 'cringe', 'short', ',', 'roblox', 'short', 'cringe', ',', 'short', 'cringe', ',', 'roblox', 'youtube', 'short', 'cringe', 'live', ',', 'live', 'youtube', 'short', ',', 'reaction', 'speaker', ',', 'sus', ',', 'youtube', 'short', ',', 'roblox', 'sus', 'short', ',', 'roblox', 'sus', ',', 'minecraft', ',', 'minecraft', 'speedrun', ',', 'speedrunning', 'minecraft', ',', 'beating', 'minecraft', ',', 'minecraft', 'hardcore']","LINKS : Roblox Profile : ROBLOX USER : Ninjagaming My Discord : My Roblox group‍ : If Link n't working , inform I fix ! ___________________________________________________________ Tags : roblox , short , youtube short , live , short live , roblox cringe short , roblox short cringe , short cringe , roblox youtube short cringe live , live youtube short , reaction speaker , sus , youtube short , roblox sus short , roblox sus , minecraft , minecraft speedrun , speedrunning minecraft , beating minecraft , minecraft hardcore",10306.0,Long,29,7,534,70,Night,9951,0.00815132618111723,1.806115177606799e-05,0.008169387332893298,1,0,Very High,Beginning,True,False,Late Night,Gaming,14.012790511352316,9.203315757039219,3.1354942159291497
Oa08W-76Ekk,SLAYTER x YOVNGCHIMI x MIDNVGHT -  evilshxt  (Official Video),SLAYTER x YOVNGCHIMI x MIDNVGHT - evilshxt (Official Video) Stream/Download : Follow Slayter: Follow YOVNGCHIMI: Spotify: Apple: Follow MIDNVGHT: Apple: Spotify:,2026-08-06 22:00:33+00:00,UCHceGjStG6SWqo0XoHJMH3A,SLAYTER,10,"['Slayter', 'evilshxt', 'SLAYTER', 'YOVNGCHIMI', 'MIDNVGHT', 'Que paso jefe', 'evil shit', 'Evil', 'Shit']",PT4M34S,hd,false,118783,12124,820,https://sonarmusic.io/evilshit | https://www.instagram.com/slayter/ | https://twitter.com/COLDGAMESLAYTER | https://www.facebook.com/slaytermusic/ | https://soundcloud.com/coldgameslayter | https://spoti.fi/2XsPHqU | https://open.spotify.com/artist/4aSlfXDn9R60UlbZEboBUy?si=L4EA5OEaQ2W-qzXiegfEGw | https://music.apple.com/us/artist/yovngchimi/1558257759 | https://music.apple.com/us/artist/midnvght/1513219057 | https://open.spotify.com/artist/2f0j8IhXgOli2Ub2amAiUZ?si=6I8Me5DrR8CS4QfvYezPKA,10,"['Other', 'Instagram', 'Twitter/X', 'Facebook', 'SoundCloud', 'Spotify', 'Apple Music']","['#slayter', '#yovngchimi', '#midnvght', '#evilshxt']",4,SLAYTER x YOVNGCHIMI x MIDNVGHT - evilshxt (Official Video) Stream/Download : Follow Slayter: Follow YOVNGCHIMI: Spotify: Apple: Follow MIDNVGHT: Apple: Spotify:,"['Slayter', 'evilshxt', 'SLAYTER', 'YOVNGCHIMI', 'MIDNVGHT', 'Que paso jefe', 'evil shit', 'Evil', 'Shit']",9,2026-08-06,8,August,6,Thursday,32,False,22,0,33,"['SLAYTER', 'x', 'YOVNGCHIMI', 'x', 'MIDNVGHT', '-', 'evilshxt', '(', 'Official', 'Video', ')', 'Stream/Download', ':', 'Follow', 'Slayter', ':', 'Follow', 'YOVNGCHIMI', ':', 'Spotify', ':', 'Apple', ':', 'Follow', 'MIDNVGHT', ':', 'Apple', ':', 'Spotify', ':']",SLAYTER x YOVNGCHIMI x MIDNVGHT - evilshxt ( Official Video ) Stream/Download : Follow Slayter : Follow YOVNGCHIMI : Spotify : Apple : Follow MIDNVGHT : Apple : Spotify :,274.0,Medium,61,9,161,21,Evening,12944,0.10206847781248159,0.006903344754720793,0.10897182256720238,1,0,Medium,Beginning,False,False,Night,Music,11.685061996705818,9.403024715805683,6.710523109452428
1Ya87Encrj0,Awarapan 2 : Trailer: Shivam’s Rage  Vishesh | Emraan | Disha | Shabana | Puran | 14th Aug,"You have felt his PAIN. Now feel his RAGE. Chapter 2 of Shivam Pandit begins. Awarapan 2 — Official Trailer Out Now ! In Cinemas Worldwide | 14 August 2026 ------------------------------------------------------------------------------------------------------- Mukesh Bhatt & Vishesh Films Present A Vishesh Bhatt Production Awarapan 2 Starring: Emraan Hashmi, Disha Patani, Shabana Azmi, Suvinder Vicky, Vijayant Kohli, AtulKumar, Aniruddh Rawal and Puran Gabbi, Produced by: Vishesh Bhatt Directed by: Nitin Kakkar Co-Producer: Deepesh Shah, Sunaman Sood Written by: Bilal Siddiqi, Vishesh Bhatt Director of Photography: Vishnu Rao Editor: Devendra Murdeshwar Executive Producer: Sumit Sabherwal Music Director: Mithoon, Jeet Gannguli, Amaal Mallik, Akhil Sachdeva, Wasif Ahmad Lyrics: Sayeed Quadri, Rashmi Virag, Akhil Sachdeva, Sachin Urmtosh Action Director: Aejaz Gulab, Kawee Sirikhanaerut Costume Designer: Shiraz Siddique, Maxima Basu Sound: Kunal & Parikshit Lalvani Background Music: Raju Singh Director of Choreography: Mudassar Khan Production Designer: Sunayana Sabherwal, Tarpan Shrivastavaa Casting Directors: Prashant Singh, Rahul Tanwar Associate Creative Producer: Tushar Sabharwal Co-Executive Producer: Swapnil Dhabhai Music Head ( Vishesh Films ): Rohit Saini Music On: Sony Music India Marketing Consultants: Yellow inc Visual Promotions: M7 Media (Mukul Misra & Team) Publicity Designer: MA+TH Media Consultant: Universal Communication Digital Media: Socio Hub Theatrical Distribution: Neeraj Goswamy All India Theatrical Distributor: Pen Marudhar International Theatrical Distributor: Marudhar Streaming Partner: Prime Video Subscribe to Vishesh Films YouTube channel to watch more upcoming videos every day: Stay connected with us on: Facebook: Twitter: Instagram: © Copyrights & Publishing: Vishesh Films",2026-08-06 05:48:19+00:00,UCA6q5E9yd7cSgl8m0TrxOmQ,Vishesh Films,1,"['vishesh films', 'vishesh films youtube channel', 'new bollywood movie', 'bollywood romantic scenes', 'emraan hashmi kissing scene', 'kissing scene bollywood', 'emraan hashmi', 'emraan hashmi songs', 'murder movie songs', 'awarapan movie songs', 'bheegey hont', 'murder movie scenes', 'awarapan all songs', 'emraan hashmi movies', 'bollywood movies']",PT1M25S,hd,false,4929447,133543,8172,https://youtube.com/c/VisheshFilmsOfficial?sub_confirmation=1 | https://www.facebook.com/VisheshFilms/ | https://www.twitter.com/VisheshFilms/ | https://www.instagram.com/VisheshFilms/,4,"['YouTube', 'Facebook', 'Twitter/X', 'Instagram']",[],0,"You have felt his PAIN. Now feel his RAGE. Chapter 2 of Shivam Pandit begins. Awarapan 2 — Official Trailer Out Now ! In Cinemas Worldwide | 14 August 2026 ------------------------------------------------------------------------------------------------------- Mukesh Bhatt & Vishesh Films Present A Vishesh Bhatt Production Awarapan 2 Starring: Emraan Hashmi, Disha Patani, Shabana Azmi, Suvinder Vicky, Vijayant Kohli, AtulKumar, Aniruddh Rawal and Puran Gabbi, Produced by: Vishesh Bhatt Directed by: Nitin Kakkar Co-Producer: Deepesh Shah, Sunaman Sood Written by: Bilal Siddiqi, Vishesh Bhatt Director of Photography: Vishnu Rao Editor: Devendra Murdeshwar Executive Producer: Sumit Sabherwal Music Director: Mithoon, Jeet Gannguli, Amaal Mallik, Akhil Sachdeva, Wasif Ahmad Lyrics: Sayeed Quadri, Rashmi Virag, Akhil Sachdeva, Sachin Urmtosh Action Director: Aejaz Gulab, Kawee Sirikhanaerut Costume Designer: Shiraz Siddique, Maxima Basu Sound: Kunal & Parikshit Lalvani Background Music: Raju Singh Director of Choreography: Mudassar Khan Production Designer: Sunayana Sabherwal, Tarpan Shrivastavaa Casting Directors: Prashant Singh, Rahul Tanwar Associate Creative Producer: Tushar Sabharwal Co-Executive Producer: Swapnil Dhabhai Music Head ( Vishesh Films ): Rohit Saini Music On: Sony Music India Marketing Consultants: Yellow inc Visual Promotions: M7 Media (Mukul Misra & Team) Publicity Designer: MA+TH Media Consultant: Universal Communication Digital Media: Socio Hub Theatrical Distribution: Neeraj Goswamy All India Theatrical Distributor: Pen Marudhar International Theatrical Distributor: Marudhar Streaming Partner: Prime Video Subscribe to Vishesh Films YouTube channel to watch more upcoming videos every day: Stay connected with us on: Facebook: Twitter: Instagram: © Copyrights & Publishing: Vishesh Films","['vishesh films', 'vishesh films youtube channel', 'new bollywood movie', 'bollywood romantic scenes', 'emraan hashmi kissing scene', 'kissing scene bollywood', 'emraan hashmi', 'emraan hashmi songs', 'murder movie songs', 'awarapan movie songs', 'bheegey hont', 'murder movie scenes', 'awarapan all songs', 'emraan hashmi movies', 'bollywood movies']",15,2026-08-06,8,August,6,Thursday,32,False,5,48,19,"['You', 'felt', 'PAIN', '.', 'Now', 'feel', 'RAGE', '.', 'Chapter', '2', 'Shivam', 'Pandit', 'begin', '.', 'Awarapan', '2', '—', 'Official', 'Trailer', 'Out', 'Now', '!', 'In', 'Cinemas', 'Worldwide', '|', '14', 'August', '2026', '--', '--', '--', '--', '--', '--', '--', '--', '--', '--', '--', '--', '--', '--', '--', '--', '--', '--', '--', '--', '--', '--', '--', '--', '--', '--', '--', '--', '--', '--', '--', '--', '--', '--', '--', '--', '--', '--', '--', '--', '--', '--', '--', '--', '--', '--', '--', '--', '--', '--', '--', '-', 'Mukesh', 'Bhatt', '&', 'Vishesh', 'Films', 'Present', 'A', 'Vishesh', 'Bhatt', 'Production', 'Awarapan', '2', 'Starring', ':', 'Emraan', 'Hashmi', ',', 'Disha', 'Patani', ',', 'Shabana', 'Azmi', ',', 'Suvinder', 'Vicky', ',', 'Vijayant', 'Kohli', ',', 'AtulKumar', ',', 'Aniruddh', 'Rawal', 'Puran', 'Gabbi', ',', 'Produced', ':', 'Vishesh', 'Bhatt', 'Directed', ':', 'Nitin', 'Kakkar', 'Co-Producer', ':', 'Deepesh', 'Shah', ',', 'Sunaman', 'Sood', 'Written', ':', 'Bilal', 'Siddiqi', ',', 'Vishesh', 'Bhatt', 'Director', 'Photography', ':', 'Vishnu', 'Rao', 'Editor', ':', 'Devendra', 'Murdeshwar', 'Executive', 'Producer', ':', 'Sumit', 'Sabherwal', 'Music', 'Director', ':', 'Mithoon', ',', 'Jeet', 'Gannguli', ',', 'Amaal', 'Mallik', ',', 'Akhil', 'Sachdeva', ',', 'Wasif', 'Ahmad', 'Lyrics', ':', 'Sayeed', 'Quadri', ',', 'Rashmi', 'Virag', ',', 'Akhil', 'Sachdeva', ',', 'Sachin', 'Urmtosh', 'Action', 'Director', ':', 'Aejaz', 'Gulab', ',', 'Kawee', 'Sirikhanaerut', 'Costume', 'Designer', ':', 'Shiraz', 'Siddique', ',', 'Maxima', 'Basu', 'Sound', ':', 'Kunal', '&', 'Parikshit', 'Lalvani', 'Background', 'Music', ':', 'Raju', 'Singh', 'Director', 'Choreography', ':', 'Mudassar', 'Khan', 'Production', 'Designer', ':', 'Sunayana', 'Sabherwal', ',', 'Tarpan', 'Shrivastavaa', 'Casting', 'Directors', ':', 'Prashant', 'Singh', ',', 'Rahul', 'Tanwar', 'Associate', 'Creative', 'Producer', ':', 'Tushar', 'Sabharwal', 'Co-Executive', 'Producer', ':', 'Swapnil', 'Dhabhai', 'Music', 'Head', '(', 'Vishesh', 'Films', ')', ':', 'Rohit', 'Saini', 'Music', 'On', ':', 'Sony', 'Music', 'India', 'Marketing', 'Consultants', ':', 'Yellow', 'inc', 'Visual', 'Promotions', ':', 'M7', 'Media', '(', 'Mukul', 'Misra', '&', 'Team', ')', 'Publicity', 'Designer', ':', 'MA+TH', 'Media', 'Consultant', ':', 'Universal', 'Communication', 'Digital', 'Media', ':', 'Socio', 'Hub', 'Theatrical', 'Distribution', ':', 'Neeraj', 'Goswamy', 'All', 'India', 'Theatrical', 'Distributor', ':', 'Pen', 'Marudhar', 'International', 'Theatrical', 'Distributor', ':', 'Marudhar', 'Streaming', 'Partner', ':', 'Prime', 'Video', 'Subscribe', 'Vishesh', 'Films', 'YouTube', 'channel', 'watch', 'upcoming', 'video', 'every', 'day', ':', 'Stay', 'connected', 'u', ':', 'Facebook', ':', 'Twitter', ':', 'Instagram', ':', '©', 'Copyrights', '&', 'Publishing', ':', 'Vishesh', 'Films']","You felt PAIN . Now feel RAGE . Chapter 2 Shivam Pandit begin . Awarapan 2 — Official Trailer Out Now ! In Cinemas Worldwide | 14 August 2026 -- -- -- -- -- -- -- -- -- -- -- -- -- -- -- -- -- -- -- -- -- -- -- -- -- -- -- -- -- -- -- -- -- -- -- -- -- -- -- -- -- -- -- -- -- -- -- -- -- -- -- - Mukesh Bhatt & Vishesh Films Present A Vishesh Bhatt Production Awarapan 2 Starring : Emraan Hashmi , Disha Patani , Shabana Azmi , Suvinder Vicky , Vijayant Kohli , AtulKumar , Aniruddh Rawal Puran Gabbi , Produced : Vishesh Bhatt Directed : Nitin Kakkar Co-Producer : Deepesh Shah , Sunaman Sood Written : Bilal Siddiqi , Vishesh Bhatt Director Photography : Vishnu Rao Editor : Devendra Murdeshwar Executive Producer : Sumit Sabherwal Music Director : Mithoon , Jeet Gannguli , Amaal Mallik , Akhil Sachdeva , Wasif Ahmad Lyrics : Sayeed Quadri , Rashmi Virag , Akhil Sachdeva , Sachin Urmtosh Action Director : Aejaz Gulab , Kawee Sirikhanaerut Costume Designer : Shiraz Siddique , Maxima Basu Sound : Kunal & Parikshit Lalvani Background Music : Raju Singh Director Choreography : Mudassar Khan Production Designer : Sunayana Sabherwal , Tarpan Shrivastavaa Casting Directors : Prashant Singh , Rahul Tanwar Associate Creative Producer : Tushar Sabharwal Co-Executive Producer : Swapnil Dhabhai Music Head ( Vishesh Films ) : Rohit Saini Music On : Sony Music India Marketing Consultants : Yellow inc Visual Promotions : M7 Media ( Mukul Misra & Team ) Publicity Designer : MA+TH Media Consultant : Universal Communication Digital Media : Socio Hub Theatrical Distribution : Neeraj Goswamy All India Theatrical Distributor : Pen Marudhar International Theatrical Distributor : Marudhar Streaming Partner : Prime Video Subscribe Vishesh Films YouTube channel watch upcoming video every day : Stay connected u : Facebook : Twitter : Instagram : © Copyrights & Publishing : Vishesh Films",85.0,Medium,90,18,1831,239,Night,141715,0.02709086840775446,0.0016577924460897946,0.028748660853844255,1,0,Very High,Beginning,False,False,Late Night,Film & Animation,15.4107375722044,11.802186290535223,9.00859131751613
Teucysngdde,i found a clans secret loot room... (ft. Spoonkid),"this wipe i played duo with @spoonkid2169 and we did some decayed base hunting and got pretty loaded... ENJOY MY BASE DESIGNS: CHECK OUT THE STREAM: JOIN THE DISCORD LADS: X: The only aim in Rust is to survive - Overcome struggles such as hunger, thirst and cold. Build a fire. Build a shelter. Hunt animals. Protect yourself from other players.",2026-08-07 00:27:10+00:00,UCxgrEeTvKnTgk8EjLA9WqVw,Walski ,20,"['blazed rust', 'rust', 'blazed', 'rust movie', 'rust pc', 'rust console', 'rust game', 'blazer rust', 'rust raid', 'rust online raid', 'rust solo', 'rust wipe', 'rust progression', 'rust base build', 'rust pvp', 'rust base', 'rust trio', 'rust ce', 'rust gameplay', 'rust solo wipe', 'rust c4', 'blazer ust', 'rust pc wipe', 'rust cave', 'spoon rust', 'rust pc tutorial', 'rust solo tutorial', 'rust cave base', 'rust building', 'rust raid defense', 'walski', 'walski rust', 'rust cheats', 'rust cheater', 'spoonkid rust', 'free rust cheat']",PT2H2M5S,hd,false,39412,424,77,https://www.patreon.com/c/Walski | https://www.twitch.tv/walski_ | https://discord.gg/CGHTNa37st | https://x.com/WalskiRust,4,"['Other', 'Twitch', 'Discord', 'Twitter/X']","['#rust', '#rustpvp', '#walski', '#cool']",4,"this wipe i played duo with @spoonkid2169 and we did some decayed base hunting and got pretty loaded... ENJOY MY BASE DESIGNS: CHECK OUT THE STREAM: JOIN THE DISCORD LADS: X: The only aim in Rust is to survive - Overcome struggles such as hunger, thirst and cold. Build a fire. Build a shelter. Hunt animals. Protect yourself from other players.","['blazed rust', 'rust', 'blazed', 'rust movie', 'rust pc', 'rust console', 'rust game', 'blazer rust', 'rust raid', 'rust online raid', 'rust solo', 'rust wipe', 'rust progression', 'rust base build', 'rust pvp', 'rust base', 'rust trio', 'rust ce', 'rust gameplay', 'rust solo wipe', 'rust c4', 'blazer ust', 'rust pc wipe', 'rust cave', 'spoon rust', 'rust pc tutorial', 'rust solo tutorial', 'rust cave base', 'rust building', 'rust raid defense', 'walski', 'walski rust', 'rust cheats', 'rust cheater', 'spoonkid rust', 'free rust cheat']",36,2026-08-07,8,August,7,Friday,32,False,0,27,10,"['wipe', 'played', 'duo', '@', 'spoonkid2169', 'decayed', 'base', 'hunting', 'got', 'pretty', 'loaded', '...', 'ENJOY', 'MY', 'BASE', 'DESIGNS', ':', 'CHECK', 'OUT', 'THE', 'STREAM', ':', 'JOIN', 'THE', 'DISCORD', 'LADS', ':', 'X', ':', 'The', 'aim', 'Rust', 'survive', '-', 'Overcome', 'struggle', 'hunger', ',', 'thirst', 'cold', '.', 'Build', 'fire', '.', 'Build', 'shelter', '.', 'Hunt', 'animal', '.', 'Protect', 'player', '.']","wipe played duo @ spoonkid2169 decayed base hunting got pretty loaded ... ENJOY MY BASE DESIGNS : CHECK OUT THE STREAM : JOIN THE DISCORD LADS : X : The aim Rust survive - Overcome struggle hunger , thirst cold . Build fire . Build shelter . Hunt animal . Protect player .",7325.0,Long,50,9,345,61,Night,501,0.010758144727494165,0.001953719679285497,0.012711864406779662,1,0,Low,Beginning,True,False,Late Night,Gaming,10.581850990103325,6.052089168924417,4.356708826689592
Zwzf5Ieqfge,FattMack - Miyla [Official Visualizer],FattMack - Miyla [Official Visualizer],2026-08-07 04:12:47+00:00,UCHff-NEFRwjc1hYr9nkCk2A,FattMack,10,[],PT2M6S,hd,false,6569,1091,107,,0,[],[],0,FattMack - Miyla [Official Visualizer],[],0,2026-08-07,8,August,7,Friday,32,False,4,12,47,"['FattMack', '-', 'Miyla', '[', 'Official', 'Visualizer', ']']",FattMack - Miyla [ Official Visualizer ],126.0,Medium,38,5,38,5,Night,1198,0.16608311767392298,0.0162886284061501,0.18237174608007306,1,0,Low,Beginning,False,False,Late Night,Music,8.790269111478656,6.9957661563048505,4.68213122712422
_Vyy6Auewkm,"The Dukes of Hazzard (2027) – Matt Damon, Jake Gyllenhaal, Inde Navarrette | Concept Trailer","Watch This Dukes of Hazzard Last Run Fan-Made Concept Trailer Featuring Matt Damon, Jake Gyllenhaal, Inde Navarrette, Richard Gere, Nicolas Cage and Daniel Craig What if the Duke boys grew up and the rebellion died and the General Lee sat under a dusty tarp in a barn for fifteen years with flat tires and fading paint while the county that raised them was gutted one family at a time by a corporation that buys small towns, strip-mines their land, and moves on? This 2027 concept trailer reimagines The Dukes of Hazzard as a gritty, emotionally devastating Southern thriller that opens in a Hazzard County that is dying quietly, half the storefronts boarded up and the two cousins who once outran every sheriff in Georgia sitting on opposite ends of the country refusing to speak. Matt Damon delivers a weathered performance as Bo Duke, the reckless kid who could thread a Charger through a creek gap at ninety now running a small repair shop after two years in lockup, a man who drinks too much and drives too slow because fifteen years of guilt buried the fire. Jake Gyllenhaal brings quiet pain to Luke Duke, the cousin who left Hazzard and never came back, driving long-haul freight across the country, sleeping in truck stops, running from the truth that he started the fight that put Bo in prison. When a forged eminent domain notice arrives telling Richard Gere's Uncle Jesse that the family farm has been sold from under him, the old man leaves a six-word voicemail that brings Luke's rig turning around and puts both cousins back on the same porch for the first time in years. I personally created every storyboard and visual element in this ""What If"" concept trailer from scratch, building a story that surrounds the Duke family with forces powerful enough to crush them and earns every second of the resurrection that follows. Inde Navarrette brings fierce quiet strength to Daisy Duke, the cousin who stayed when everyone else left, running the Boar's Nest, listening to every conversation, mapping every back road and creek crossing because someone had to watch the county die and know the way out when the time came. Nicolas Cage is manic and desperately sympathetic as Boss Hogg, a puppet of the corporation he thought he was partnering with. Daniel Craig is the most dangerous man to ever set foot in Hazzard as Colonel Briggs, a former military contractor who burns barns and nails a dead copperhead to the Duke farmhouse door without leaving a trace. Tom Hiddleston is chillingly polished as Harlan Whitmore, the corporate CEO who sets fine china inside a gutted farmhouse and offers three times market value with a smile that never reaches his eyes. Every frame was crafted to build toward the moment Uncle Jesse walks into the burned barn and finds the General Lee still standing, looks at Bo and says two words that restart everything, and the last run that follows, a back-road chase through dirt, gravel, creek crossings, and a thirty-foot jump over a washed-out bridge that sends a dust-covered 1969 muscle car screaming into downtown Atlanta carrying Hazzard County on its body and the evidence that brings the whole corrupt empire crashing down. Disclaimer: This is entirely a fan-made concept trailer created for entertainment and creative purposes only. All storyboards and visuals were personally created by me. This video is not affiliated with, endorsed by, or connected to Warner Bros. Television, Warner Bros. Pictures, or any official Dukes of Hazzard production or studio. Along with fan-made trailers, I also share movie reviews, news, and updates from the world of entertainment. Be sure to hit that subscribe button and stay updated on all the latest from my channel! ----------------------------------------------------------------------------- Made by: @ultimatestudiosofficial ----------------------------------------------------------------------------- Follow us on: Instagram: Facebook: Twitter/X: Tiktok: Shop Now: UltimateStudios.store",2026-08-04 16:30:16+00:00,UCc3qOMA8TN5b3PPRlGAFA0Q,Ultimate Studios,24,"['The Dukes of Hazzard', 'the dukes of hazzard trailer', 'the dukes of hazzard 2026', 'the dukes of hazzard movie', 'the dukes of hazzard new trailer', 'the dukes of hazzard reboot', '2026', 'nicole kidman', 'matt damon', 'jake gyllenhaal', 'action', 'comedy', 'cars', 'the dukes', 'jesse duke', 'reboot', 'trailer', 'trailers', 'new trailers', 'concept', 'ai', 'concept trailer', 'adventure', 'ryan gosling trailer', 'first look', 'upcoming movie', 'release date', 'release date announcement', 'inde navarrette', 'inde navarrette new movie', '2027', '4k']",PT2M15S,hd,false,108003,1005,315,https://www.instagram.com/ultimatestudiosofficial/ | https://www.facebook.com/thetrailers | https://x.com/UltimateReviewx | https://www.tiktok.com/@ultimatestudiosofficial,4,"['Instagram', 'Facebook', 'Twitter/X', 'TikTok']","['#DukesOfHazzard', '#LastRun', '#indenavarrette']",3,"Watch This Dukes of Hazzard Last Run Fan-Made Concept Trailer Featuring Matt Damon, Jake Gyllenhaal, Inde Navarrette, Richard Gere, Nicolas Cage and Daniel Craig What if the Duke boys grew up and the rebellion died and the General Lee sat under a dusty tarp in a barn for fifteen years with flat tires and fading paint while the county that raised them was gutted one family at a time by a corporation that buys small towns, strip-mines their land, and moves on? This 2027 concept trailer reimagines The Dukes of Hazzard as a gritty, emotionally devastating Southern thriller that opens in a Hazzard County that is dying quietly, half the storefronts boarded up and the two cousins who once outran every sheriff in Georgia sitting on opposite ends of the country refusing to speak. Matt Damon delivers a weathered performance as Bo Duke, the reckless kid who could thread a Charger through a creek gap at ninety now running a small repair shop after two years in lockup, a man who drinks too much and drives too slow because fifteen years of guilt buried the fire. Jake Gyllenhaal brings quiet pain to Luke Duke, the cousin who left Hazzard and never came back, driving long-haul freight across the country, sleeping in truck stops, running from the truth that he started the fight that put Bo in prison. When a forged eminent domain notice arrives telling Richard Gere's Uncle Jesse that the family farm has been sold from under him, the old man leaves a six-word voicemail that brings Luke's rig turning around and puts both cousins back on the same porch for the first time in years. I personally created every storyboard and visual element in this ""What If"" concept trailer from scratch, building a story that surrounds the Duke family with forces powerful enough to crush them and earns every second of the resurrection that follows. Inde Navarrette brings fierce quiet strength to Daisy Duke, the cousin who stayed when everyone else left, running the Boar's Nest, listening to every conversation, mapping every back road and creek crossing because someone had to watch the county die and know the way out when the time came. Nicolas Cage is manic and desperately sympathetic as Boss Hogg, a puppet of the corporation he thought he was partnering with. Daniel Craig is the most dangerous man to ever set foot in Hazzard as Colonel Briggs, a former military contractor who burns barns and nails a dead copperhead to the Duke farmhouse door without leaving a trace. Tom Hiddleston is chillingly polished as Harlan Whitmore, the corporate CEO who sets fine china inside a gutted farmhouse and offers three times market value with a smile that never reaches his eyes. Every frame was crafted to build toward the moment Uncle Jesse walks into the burned barn and finds the General Lee still standing, looks at Bo and says two words that restart everything, and the last run that follows, a back-road chase through dirt, gravel, creek crossings, and a thirty-foot jump over a washed-out bridge that sends a dust-covered 1969 muscle car screaming into downtown Atlanta carrying Hazzard County on its body and the evidence that brings the whole corrupt empire crashing down. Disclaimer: This is entirely a fan-made concept trailer created for entertainment and creative purposes only. All storyboards and visuals were personally created by me. This video is not affiliated with, endorsed by, or connected to Warner Bros. Television, Warner Bros. Pictures, or any official Dukes of Hazzard production or studio. Along with fan-made trailers, I also share movie reviews, news, and updates from the world of entertainment. Be sure to hit that subscribe button and stay updated on all the latest from my channel! ----------------------------------------------------------------------------- Made by: @ultimatestudiosofficial ----------------------------------------------------------------------------- ▻Follow us on: Instagram: Facebook: Twitter/X: Tiktok: Shop Now: UltimateStudios.store","['The Dukes of Hazzard', 'the dukes of hazzard trailer', 'the dukes of hazzard 2026', 'the dukes of hazzard movie', 'the dukes of hazzard new trailer', 'the dukes of hazzard reboot', '2026', 'nicole kidman', 'matt damon', 'jake gyllenhaal', 'action', 'comedy', 'cars', 'the dukes', 'jesse duke', 'reboot', 'trailer', 'trailers', 'new trailers', 'concept', 'ai', 'concept trailer', 'adventure', 'ryan gosling trailer', 'first look', 'upcoming movie', 'release date', 'release date announcement', 'inde navarrette', 'inde navarrette new movie', '2027', '4k']",32,2026-08-04,8,August,4,Tuesday,32,False,16,30,16,"['Watch', 'This', 'Dukes', 'Hazzard', 'Last', 'Run', 'Fan-Made', 'Concept', 'Trailer', 'Featuring', 'Matt', 'Damon', ',', 'Jake', 'Gyllenhaal', ',', 'Inde', 'Navarrette', ',', 'Richard', 'Gere', ',', 'Nicolas', 'Cage', 'Daniel', 'Craig', 'What', 'Duke', 'boy', 'grew', 'rebellion', 'died', 'General', 'Lee', 'sat', 'dusty', 'tarp', 'barn', 'fifteen', 'year', 'flat', 'tire', 'fading', 'paint', 'county', 'raised', 'gutted', 'one', 'family', 'time', 'corporation', 'buy', 'small', 'town', ',', 'strip-mines', 'land', ',', 'move', '?', 'This', '2027', 'concept', 'trailer', 'reimagines', 'The', 'Dukes', 'Hazzard', 'gritty', ',', 'emotionally', 'devastating', 'Southern', 'thriller', 'open', 'Hazzard', 'County', 'dying', 'quietly', ',', 'half', 'storefront', 'boarded', 'two', 'cousin', 'outran', 'every', 'sheriff', 'Georgia', 'sitting', 'opposite', 'end', 'country', 'refusing', 'speak', '.', 'Matt', 'Damon', 'delivers', 'weathered', 'performance', 'Bo', 'Duke', ',', 'reckless', 'kid', 'could', 'thread', 'Charger', 'creek', 'gap', 'ninety', 'running', 'small', 'repair', 'shop', 'two', 'year', 'lockup', ',', 'man', 'drink', 'much', 'drive', 'slow', 'fifteen', 'year', 'guilt', 'buried', 'fire', '.', 'Jake', 'Gyllenhaal', 'brings', 'quiet', 'pain', 'Luke', 'Duke', ',', 'cousin', 'left', 'Hazzard', 'never', 'came', 'back', ',', 'driving', 'long-haul', 'freight', 'across', 'country', ',', 'sleeping', 'truck', 'stop', ',', 'running', 'truth', 'started', 'fight', 'put', 'Bo', 'prison', '.', 'When', 'forged', 'eminent', 'domain', 'notice', 'arrives', 'telling', 'Richard', 'Gere', ""'s"", 'Uncle', 'Jesse', 'family', 'farm', 'sold', ',', 'old', 'man', 'leaf', 'six-word', 'voicemail', 'brings', 'Luke', ""'s"", 'rig', 'turning', 'around', 'put', 'cousin', 'back', 'porch', 'first', 'time', 'year', '.', 'I', 'personally', 'created', 'every', 'storyboard', 'visual', 'element', '``', 'What', 'If', ""''"", 'concept', 'trailer', 'scratch', ',', 'building', 'story', 'surround', 'Duke', 'family', 'force', 'powerful', 'enough', 'crush', 'earns', 'every', 'second', 'resurrection', 'follows', '.', 'Inde', 'Navarrette', 'brings', 'fierce', 'quiet', 'strength', 'Daisy', 'Duke', ',', 'cousin', 'stayed', 'everyone', 'else', 'left', ',', 'running', 'Boar', ""'s"", 'Nest', ',', 'listening', 'every', 'conversation', ',', 'mapping', 'every', 'back', 'road', 'creek', 'crossing', 'someone', 'watch', 'county', 'die', 'know', 'way', 'time', 'came', '.', 'Nicolas', 'Cage', 'manic', 'desperately', 'sympathetic', 'Boss', 'Hogg', ',', 'puppet', 'corporation', 'thought', 'partnering', '.', 'Daniel', 'Craig', 'dangerous', 'man', 'ever', 'set', 'foot', 'Hazzard', 'Colonel', 'Briggs', ',', 'former', 'military', 'contractor', 'burn', 'barn', 'nail', 'dead', 'copperhead', 'Duke', 'farmhouse', 'door', 'without', 'leaving', 'trace', '.', 'Tom', 'Hiddleston', 'chillingly', 'polished', 'Harlan', 'Whitmore', ',', 'corporate', 'CEO', 'set', 'fine', 'china', 'inside', 'gutted', 'farmhouse', 'offer', 'three', 'time', 'market', 'value', 'smile', 'never', 'reach', 'eye', '.', 'Every', 'frame', 'crafted', 'build', 'toward', 'moment', 'Uncle', 'Jesse', 'walk', 'burned', 'barn', 'find', 'General', 'Lee', 'still', 'standing', ',', 'look', 'Bo', 'say', 'two', 'word', 'restart', 'everything', ',', 'last', 'run', 'follows', ',', 'back-road', 'chase', 'dirt', ',', 'gravel', ',', 'creek', 'crossing', ',', 'thirty-foot', 'jump', 'washed-out', 'bridge', 'sends', 'dust-covered', '1969', 'muscle', 'car', 'screaming', 'downtown', 'Atlanta', 'carrying', 'Hazzard', 'County', 'body', 'evidence', 'brings', 'whole', 'corrupt', 'empire', 'crashing', '.', 'Disclaimer', ':', 'This', 'entirely', 'fan-made', 'concept', 'trailer', 'created', 'entertainment', 'creative', 'purpose', '.', 'All', 'storyboards', 'visuals', 'personally', 'created', '.', 'This', 'video', 'affiliated', ',', 'endorsed', ',', 'connected', 'Warner', 'Bros.', 'Television', ',', 'Warner', 'Bros.', 'Pictures', ',', 'official', 'Dukes', 'Hazzard', 'production', 'studio', '.', 'Along', 'fan-made', 'trailer', ',', 'I', 'also', 'share', 'movie', 'review', ',', 'news', ',', 'update', 'world', 'entertainment', '.', 'Be', 'sure', 'hit', 'subscribe', 'button', 'stay', 'updated', 'latest', 'channel', '!', '--', '--', '--', '--', '--', '--', '--', '--', '--', '--', '--', '--', '--', '--', '--', '--', '--', '--', '--', '--', '--', '--', '--', '--', '--', '--', '--', '--', '--', '--', '--', '--', '--', '--', '--', '--', '--', '--', '-', 'Made', ':', '@', 'ultimatestudiosofficial', '--', '--', '--', '--', '--', '--', '--', '--', '--', '--', '--', '--', '--', '--', '--', '--', '--', '--', '--', '--', '--', '--', '--', '--', '--', '--', '--', '--', '--', '--', '--', '--', '--', '--', '--', '--', '--', '--', '-', 'Follow', 'u', ':', 'Instagram', ':', 'Facebook', ':', 'Twitter/X', ':', 'Tiktok', ':', 'Shop', 'Now', ':', 'UltimateStudios.store']","Watch This Dukes Hazzard Last Run Fan-Made Concept Trailer Featuring Matt Damon , Jake Gyllenhaal , Inde Navarrette , Richard Gere , Nicolas Cage Daniel Craig What Duke boy grew rebellion died General Lee sat dusty tarp barn fifteen year flat tire fading paint county raised gutted one family time corporation buy small town , strip-mines land , move ? This 2027 concept trailer reimagines The Dukes Hazzard gritty , emotionally devastating Southern thriller open Hazzard County dying quietly , half storefront boarded two cousin outran every sheriff Georgia sitting opposite end country refusing speak . Matt Damon delivers weathered performance Bo Duke , reckless kid could thread Charger creek gap ninety running small repair shop two year lockup , man drink much drive slow fifteen year guilt buried fire . Jake Gyllenhaal brings quiet pain Luke Duke , cousin left Hazzard never came back , driving long-haul freight across country , sleeping truck stop , running truth started fight put Bo prison . When forged eminent domain notice arrives telling Richard Gere 's Uncle Jesse family farm sold , old man leaf six-word voicemail brings Luke 's rig turning around put cousin back porch first time year . I personally created every storyboard visual element `` What If '' concept trailer scratch , building story surround Duke family force powerful enough crush earns every second resurrection follows . Inde Navarrette brings fierce quiet strength Daisy Duke , cousin stayed everyone else left , running Boar 's Nest , listening every conversation , mapping every back road creek crossing someone watch county die know way time came . Nicolas Cage manic desperately sympathetic Boss Hogg , puppet corporation thought partnering . Daniel Craig dangerous man ever set foot Hazzard Colonel Briggs , former military contractor burn barn nail dead copperhead Duke farmhouse door without leaving trace . Tom Hiddleston chillingly polished Harlan Whitmore , corporate CEO set fine china inside gutted farmhouse offer three time market value smile never reach eye . Every frame crafted build toward moment Uncle Jesse walk burned barn find General Lee still standing , look Bo say two word restart everything , last run follows , back-road chase dirt , gravel , creek crossing , thirty-foot jump washed-out bridge sends dust-covered 1969 muscle car screaming downtown Atlanta carrying Hazzard County body evidence brings whole corrupt empire crashing . Disclaimer : This entirely fan-made concept trailer created entertainment creative purpose . All storyboards visuals personally created . This video affiliated , endorsed , connected Warner Bros. Television , Warner Bros. Pictures , official Dukes Hazzard production studio . Along fan-made trailer , I also share movie review , news , update world entertainment . Be sure hit subscribe button stay updated latest channel ! -- -- -- -- -- -- -- -- -- -- -- -- -- -- -- -- -- -- -- -- -- -- -- -- -- -- -- -- -- -- -- -- -- -- -- -- -- -- - Made : @ ultimatestudiosofficial -- -- -- -- -- -- -- -- -- -- -- -- -- -- -- -- -- -- -- -- -- -- -- -- -- -- -- -- -- -- -- -- -- -- -- -- -- -- - Follow u : Instagram : Facebook : Twitter/X : Tiktok : Shop Now : UltimateStudios.store",135.0,Medium,92,15,3982,639,Afternoon,1320,0.009305297075081247,0.0029165856503986,0.012221882725479848,1,0,Medium,Beginning,False,False,Afternoon,Entertainment,11.589923542457539,6.913737350659685,5.755742213586912
44Acyeimk9A,Finally... A Backrooms Anomaly Game,"SMii7Y Plays Backrooms Anomaly (FULL PLAYTHROUGH) Someone really said make backrooms Exit 8 Use code S7 on Gamer Supps for 10% OFF your order Get my GamerSupps flavor, GOOD here!: Check out my other channels! Main Channel: Stream Highlight Channel: Stream VODs: Follow my social medias and stream! Stream - Twitter - Instagram - TikTok - Merch - Music by: incompetech.com Licensed under Creative Commons: By Attribution 3.0 Edited by: Thumbnail Milkbag Character Artist: Intro Milkbag Character Artist: Outro Music Created by: Game Info: Explore a looping corridor filled with anomalies. Walk through the fluorescent-lit backrooms environment, examine your surroundings, and spot subtle changes in reality.",2026-08-06 19:13:23+00:00,UChK0KzE7fazKdo4IfLBk9RQ,SMii7Yplays,20,"['smii7yplays', 'smii7y', 'smii7y playthrough', 'smii7y plays', 'smii7y plays games', 'backrooms anomaly', 'backrooms', 'backrooms game', 'backrooms anomaly full gameplay', 'backrooms gameplay', 'anomaly', 'backroom', 'best horror game', 'indiefist']",PT1H30M17S,hd,false,367180,17179,1007,https://gamersupps.gg/s7 | https://www.youtube.com/@SMii7Y | https://www.youtube.com/c/SMii7Yplus | https://www.youtube.com/c/SMii7Yminus | http://www.twitch.tv/smii7y | https://twitter.com/SMii7Y | https://www.instagram.com/smii7y/ | https://www.tiktok.com/@thesmii7y | https://smii7y.store/ | http://www.epidemicsound.com/ | http://www.premiumbeat.com/ | https://www.shutterstock.com/ | http://audiojungle.net/ | http://creativecommons.org/licenses/by/3.0/ | https://99sounds.org/ | https://www.youtube.com/@FourYT | https://twitter.com/ArtzyYT | https://twitter.com/RoboEye5 | https://www.youtube.com/@MattercellEntertainment,19,"['Other', 'YouTube', 'Twitch', 'Twitter/X', 'Instagram', 'TikTok']",[],0,"SMii7Y Plays Backrooms Anomaly (FULL PLAYTHROUGH) Someone really said make backrooms Exit 8 Use code S7 on Gamer Supps for 10% OFF your order Get my GamerSupps flavor, GOOD here!: Check out my other channels! Main Channel: Stream Highlight Channel: Stream VODs: Follow my social medias and stream! 🔴 Stream - 🐦 Twitter - 📷 Instagram - 📱 TikTok - 👕 Merch - 🎵 Music by: incompetech.com Licensed under Creative Commons: By Attribution 3.0 Edited by: Thumbnail Milkbag Character Artist: Intro Milkbag Character Artist: Outro Music Created by: Game Info: Explore a looping corridor filled with anomalies. Walk through the fluorescent-lit backrooms environment, examine your surroundings, and spot subtle changes in reality.","['smii7yplays', 'smii7y', 'smii7y playthrough', 'smii7y plays', 'smii7y plays games', 'backrooms anomaly', 'backrooms', 'backrooms game', 'backrooms anomaly full gameplay', 'backrooms gameplay', 'anomaly', 'backroom', 'best horror game', 'indiefist']",14,2026-08-06,8,August,6,Thursday,32,False,19,13,23,"['SMii7Y', 'Plays', 'Backrooms', 'Anomaly', '(', 'FULL', 'PLAYTHROUGH', ')', 'Someone', 'really', 'said', 'make', 'backroom', 'Exit', '8', 'Use', 'code', 'S7', 'Gamer', 'Supps', '10', '%', 'OFF', 'order', 'Get', 'GamerSupps', 'flavor', ',', 'GOOD', '!', ':', 'Check', 'channel', '!', 'Main', 'Channel', ':', 'Stream', 'Highlight', 'Channel', ':', 'Stream', 'VODs', ':', 'Follow', 'social', 'medias', 'stream', '!', 'Stream', '-', 'Twitter', '-', 'Instagram', '-', 'TikTok', '-', 'Merch', '-', 'Music', ':', 'incompetech.com', 'Licensed', 'Creative', 'Commons', ':', 'By', 'Attribution', '3.0', 'Edited', ':', 'Thumbnail', 'Milkbag', 'Character', 'Artist', ':', 'Intro', 'Milkbag', 'Character', 'Artist', ':', 'Outro', 'Music', 'Created', ':', 'Game', 'Info', ':', 'Explore', 'looping', 'corridor', 'filled', 'anomaly', '.', 'Walk', 'fluorescent-lit', 'backroom', 'environment', ',', 'examine', 'surroundings', ',', 'spot', 'subtle', 'change', 'reality', '.']","SMii7Y Plays Backrooms Anomaly ( FULL PLAYTHROUGH ) Someone really said make backroom Exit 8 Use code S7 Gamer Supps 10 % OFF order Get GamerSupps flavor , GOOD ! : Check channel ! Main Channel : Stream Highlight Channel : Stream VODs : Follow social medias stream ! Stream - Twitter - Instagram - TikTok - Merch - Music : incompetech.com Licensed Creative Commons : By Attribution 3.0 Edited : Thumbnail Milkbag Character Artist : Intro Milkbag Character Artist : Outro Music Created : Game Info : Explore looping corridor filled anomaly . Walk fluorescent-lit backroom environment , examine surroundings , spot subtle change reality .",5417.0,Long,35,5,706,106,Evening,18186,0.04678631733754562,0.0027425241026199686,0.04952884144016559,1,0,Very High,Beginning,True,False,Evening,Gaming,12.813610193470371,9.751501195538246,6.915723448631314
Kkhms8Rlpv0,"Alejandro Sanz, Eden Muñoz - Yo Era Poesía (Video Oficial)","Alejandro Sanz, Eden Muñoz - Yo era Poesía Escucha más de Alejandro Sanz: Spotify: Amazon Music: Apple Music: YouTube Music: ñoz",2026-08-06 22:00:06+00:00,UCCEZY5vEQBsQN5i3ceiLo7g,AlejandroSanzVEVO,10,"['Alejandro Sanz', 'Eden Muñoz', 'Yo Era Poesía']",PT3M17S,hd,false,120934,11764,630,https://open.spotify.com/intl-es/artist/5sUrlPAHlS9NEirDB8SEbF?si=fdd14eed198f47f8 | https://music.amazon.es/artists/B008KH27WY/alejandro-sanz | https://music.apple.com/es/artist/alejandro-sanz/162036 | https://music.youtube.com/channel/UCV4S6_JoeDq9j6mgbpkmA0Q,4,"['Spotify', 'Other', 'Apple Music', 'YouTube']","['#AlejandroSanz', '#EdenMu', '#YoEraPoesia']",3,"Alejandro Sanz, Eden Muñoz - Yo era Poesía Escucha más de Alejandro Sanz: Spotify: Amazon Music: Apple Music: YouTube Music: ñoz","['Alejandro Sanz', 'Eden Muñoz', 'Yo Era Poesía']",3,2026-08-06,8,August,6,Thursday,32,False,22,0,6,"['Alejandro', 'Sanz', ',', 'Eden', 'Muñoz', '-', 'Yo', 'era', 'Poesía', 'Escucha', 'más', 'de', 'Alejandro', 'Sanz', ':', 'Spotify', ':', 'Amazon', 'Music', ':', 'Apple', 'Music', ':', 'YouTube', 'Music', ':', 'ñoz']","Alejandro Sanz , Eden Muñoz - Yo era Poesía Escucha más de Alejandro Sanz : Spotify : Amazon Music : Apple Music : YouTube Music : ñoz",197.0,Medium,58,10,128,21,Evening,12394,0.09727620024145402,0.00520945309011527,0.10248565333156928,1,0,Medium,Beginning,False,False,Night,Music,11.703008490157947,9.372884301161463,6.447305862541213
G-2Kkmwahvq,WONDERLAND - Final Trailer,Wonderland is finally here for everyone! The game releases August 8th. Available on all platforms. Follow our socials to stay updated! ROBLOX Group - Discord - Original music produced by Ampient Trailer made by MUCDICH,2026-08-06 12:09:23+00:00,UC_vXQlu6n2vvavA5KLRoVRg,ScaryPlay,22,[],PT1M38S,hd,false,339529,28711,2557,https://www.roblox.com/events/8655107152693822223 | https://www.roblox.com/groups/32538104/ScaryPlay#!/about | http://discord.gg/scaryplay,3,"['Twitter/X', 'Discord']",[],0,Wonderland is finally here for everyone! The game releases August 8th. Available on all platforms. Follow our socials to stay updated! ROBLOX Group - Discord - Original music produced by Ampient Trailer made by MUCDICH,[],0,2026-08-06,8,August,6,Thursday,32,False,12,9,23,"['Wonderland', 'finally', 'everyone', '!', 'The', 'game', 'release', 'August', '8th', '.', 'Available', 'platform', '.', 'Follow', 'social', 'stay', 'updated', '!', 'ROBLOX', 'Group', '-', 'Discord', '-', 'Original', 'music', 'produced', 'Ampient', 'Trailer', 'made', 'MUCDICH']",Wonderland finally everyone ! The game release August 8th . Available platform . Follow social stay updated ! ROBLOX Group - Discord - Original music produced Ampient Trailer made MUCDICH,98.0,Medium,26,4,218,35,Morning,31268,0.08456125986292776,0.007531020914266528,0.0920922807771943,1,0,Very High,Beginning,False,False,Afternoon,People & Blogs,12.735317587319914,10.265070432827443,7.846980982138788
Hfp_Bhl7Coc,"Max's TOKON Day 1, Story, Tournament & More! 🔴Full Stream🔴 (8-5)",Check out our Livestream! Our official merch collection! Follow Me on Twitter!,2026-08-07 06:15:12+00:00,UCOgaIuQYGr6ow_jbote4BKA,Maximilian Dood,20,"['maximilian', 'dood', 'fighting', 'games', 'capcom', 'street', 'fighter', 'hype', 'rage', 'max', 'reaction', 'twitch', 'videos', 'yo', 'videogames', 'maximilian_dood', 'max dood', 'dude', 'stream', 'streaming', 'playstation 5', 'playstation 2', 'marvel', 'vs', 'supers', 'chrono trigger', 'snes', 'super nintendo', 'tekken 8', 'mario', 'world']",PT11H54M59S,hd,false,391224,5983,17,http://twitch.tv/maximilian_dood | https://maxdood.tv/merch | http://www.twitter.com/maximilian_,3,"['Twitch', 'Other', 'Twitter/X']",[],0,Check out our Livestream! Our official merch collection! ►►► Follow Me on Twitter!,"['maximilian', 'dood', 'fighting', 'games', 'capcom', 'street', 'fighter', 'hype', 'rage', 'max', 'reaction', 'twitch', 'videos', 'yo', 'videogames', 'maximilian_dood', 'max dood', 'dude', 'stream', 'streaming', 'playstation 5', 'playstation 2', 'marvel', 'vs', 'supers', 'chrono trigger', 'snes', 'super nintendo', 'tekken 8', 'mario', 'world']",31,2026-08-07,8,August,7,Friday,32,False,6,15,12,"['Check', 'Livestream', '!', 'Our', 'official', 'merch', 'collection', '!', 'Follow', 'Me', 'Twitter', '!']",Check Livestream ! Our official merch collection ! Follow Me Twitter !,42899.0,Long,64,11,78,12,Night,6000,0.015293029057522034,4.345336686910823e-05,0.015336482424391142,1,0,Very High,Beginning,True,False,Morning,Gaming,12.877038121031372,8.696844519654313,2.8903717578961645
X0Ngnpfda9U,"Kendo Kaponi, Luar La L & Hades66 - Yo Soy El Que Eh (Audio)","@GLADEmpire presenta a @KendoKaponiTV, @luar_lal & @Hades66mmnf en ""Yo Soy El Que Eh"".",2026-08-06 23:00:06+00:00,UCbEDzVAR8g6wZLnbx1gCc9Q,KendoKaponiTV,10,"['kendo kaponi', 'luar la l', 'luar', 'hades66', 'hades', 'kendo luar hades', 'yo soy el que eh', 'yo soy el que es']",PT5M28S,hd,false,150469,21035,831,,0,[],"['#KendoKaponi', '#LuarLaL', '#Hades66']",3,"@GLADEmpire presenta a @KendoKaponiTV, @luar_lal & @Hades66mmnf en ""Yo Soy El Que Eh"".","['kendo kaponi', 'luar la l', 'luar', 'hades66', 'hades', 'kendo luar hades', 'yo soy el que eh', 'yo soy el que es']",8,2026-08-06,8,August,6,Thursday,32,False,23,0,6,"['@', 'GLADEmpire', 'presenta', '@', 'KendoKaponiTV', ',', '@', 'luar_lal', '&', '@', 'Hades66mmnf', 'en', '``', 'Yo', 'Soy', 'El', 'Que', 'Eh', ""''"", '.']","@ GLADEmpire presenta @ KendoKaponiTV , @ luar_lal & @ Hades66mmnf en `` Yo Soy El Que Eh '' .",328.0,Medium,60,14,86,13,Evening,21866,0.13979623709867148,0.005522732257142667,0.14531896935581415,1,0,High,Beginning,False,False,Night,Music,11.921519007752924,9.953990534709234,6.723832440821209
Gqnf7Bck1Jo,The Craziest Gamer Rage,"BUY OUR MERCH - BUY BBL & Use Code ""CLOO"" for 10% off Gamersupps - PATREON EXCLUSIVE CONTENT - Subscribe and Follow EVERYTHING! Other Channels: @CloolessPodcast @CloolessGamingg Instagram - TikTok- Twitter - Spotify - Apple - The Guys: @ElasticDroid @Grizzy @Bigpuffer @Pezzy Business Email: Clooless@mode.gg",2026-08-06 19:00:21+00:00,UCrCT8vVfCBjYFonDkBIcgVQ,Clooless Reacts,24,[],PT28M16S,hd,false,146987,11443,320,https://clooless.shop/ | https://gamersupps.gg/clooless | https://www.patreon.com/Clooless | http://instagram.com/cloolesspodcast | https://www.tiktok.com/@thecloolesspodcast | https://x.com/cloolesspodcast | https://tinyurl.com/CloolessSpotify | https://tinyurl.com/CloolessApple,8,"['Other', 'Instagram', 'TikTok', 'Twitter/X']","['#Clooless', '#cloolessreacts']",2,"BUY OUR MERCH - BUY BBL & Use Code ""CLOO"" for 10% off Gamersupps - PATREON EXCLUSIVE CONTENT - Subscribe and Follow EVERYTHING! Other Channels: @CloolessPodcast @CloolessGamingg Instagram - TikTok- Twitter - Spotify - Apple - The Guys: @ElasticDroid @Grizzy @Bigpuffer @Pezzy Business Email: Clooless@mode.gg",[],0,2026-08-06,8,August,6,Thursday,32,False,19,0,21,"['BUY', 'OUR', 'MERCH', '-', 'BUY', 'BBL', '&', 'Use', 'Code', '``', 'CLOO', ""''"", '10', '%', 'Gamersupps', '-', 'PATREON', 'EXCLUSIVE', 'CONTENT', '-', 'Subscribe', 'Follow', 'EVERYTHING', '!', 'Other', 'Channels', ':', '@', 'CloolessPodcast', '@', 'CloolessGamingg', 'Instagram', '-', 'TikTok-', 'Twitter', '-', 'Spotify', '-', 'Apple', '-', 'The', 'Guys', ':', '@', 'ElasticDroid', '@', 'Grizzy', '@', 'Bigpuffer', '@', 'Pezzy', 'Business', 'Email', ':', 'Clooless', '@', 'mode.gg']",BUY OUR MERCH - BUY BBL & Use Code `` CLOO '' 10 % Gamersupps - PATREON EXCLUSIVE CONTENT - Subscribe Follow EVERYTHING ! Other Channels : @ CloolessPodcast @ CloolessGamingg Instagram - TikTok- Twitter - Spotify - Apple - The Guys : @ ElasticDroid @ Grizzy @ Bigpuffer @ Pezzy Business Email : Clooless @ mode.gg,1696.0,Long,23,4,308,45,Evening,11763,0.0778504221461762,0.002177063277704831,0.08002748542388102,1,0,High,Beginning,False,False,Evening,Entertainment,11.898106229775685,9.345220854170002,5.771441123130016
F0N5Kg3Fmti,Weezer - C.E.O. (Official Music Video),"C.E.O. is out now: The new album, Weezer, arrives August 21st: Many thanks to our distinguished associates for their appearances in the accompanying visual presentation. Each has been awarded the Gold Star of Excellence for exemplary performance. Recipients: Tony Hawk, Curry Barker, Dax Flame, Chit (aka Jay Renshaw), Rob Riggle, Rob Huebel, Michael Peña, Giovanni Ribisi and Christopher Mintz-Plasse. Pat yourselves on the back for helping to raise the gold standard. Regards, The C.E.O. Weezer Enterprises IMPORTANT TOUR ANNOUNCEMENT: New international gathering sites across the UK, Europe and Japan have been discovered. Further details including dates and tickets are on Carry it with you to the Gathering, and witness what follows. FOLLOW WEEZER Site: Text Us: Facebook: Twitter: Instagram: Snap: Store: CREDITS Directed by Brendan Walter & Jasper Graham Executive Produced by James Tresco Production Company: TRESCO Supervising Producer: Farah Idrees Story by: Brendan Walter, Jasper Graham & Carrick Moore Gerety DP: Eric Bader 1st AD: Ray Wallis 1st AC: Sai Aung Tun Steadi-Cam Op: Anthony Foster Sound Op: Bella Bandol Production Designer: Seif Nabulsi G&E: Daniel Eckert G&E: Julian Tuzzeo G&E: Johnny Gutierrez G&E: Moe Al-Kayed HMUA: Nicole Goulet HMUA: Nicole Padilla PC: Conor Dolan PA: David Lopez BTS: Brandon Banks, Jack Cooper, Elvis Pilat Starring: Tony Hawk Curry Barker Rob Riggle Rob Huebel Michael Pena Jay Renshaw Dax Flame Giovanni Ribisi Christopher Mintz-Plasse Beekeeper: Alden Detmer LYRICS Cranking out another 90's jam Wish I could do something new But nobody wants to hear that They just want the classics You can't blame em really There's something special about your early shit I gotta grow up And be a real adult Stop complaining And give the people what they want Here comes the C.E.O. I gotta keep this rocket in the sky You know, I was just a kid from Connecticut alone in my room playing with a Tascam 688. I miss those days I was happy Tinkering in my room All those hours Chilling out in my cocoon Here comes the C.E.O. I gotta keep this rocket in the sky I gotta stop thinking like a mad professor cuz it's It's getting me nowhere It's getting me nowhere Here comes the C.E.O. I gotta keep this rocket in the sky I gotta stop thinking like a mad professor cuz it's It's getting me nowhere It's getting me nowhere Here comes the founder and the C.E.O. I gotta stop thinking like a mad professor cuz it's It's getting me nowhere It's getting me nowhere ña",2026-08-05 13:00:07+00:00,UC7JDBUzkcwRGtQGia3_mMgQ,weezer,10,"['weezer', ""say it ain't so"", 'buddy holly', 'pacific daydream', 'white album', 'Blue Album', 'My Name Is Jonas', 'Blue 30', 'In The Garage', 'Pinkerton', 'you just got weezered', 'Weezer', 'Go Away Weezer', 'Shine Again Weezer', 'Weezer the gathering', 'weezer the gold album', 'we might as well be strangers weezer', 'weezer CEO', 'tony hawk weezer', 'chris mintz plasse', 'dax flame', 'rob riggle', 'michael pena', 'jay renshaw chit', 'rob huebel', 'undone sweater song']",PT4M18S,hd,false,409950,23624,2349,https://Weezer.lnk.to/CEO | https://Weezer.lnk.to/Weezer | https://weezer.com/tour | https://weezer.com | https://laylo.com/weezer | http://facebook.com/weezer | https://www.twitter.com/weezer | https://instagram.com/weezer | https://www.snapchat.com/@weezer | https://weezerwebstore.com,10,"['Other', 'Facebook', 'Twitter/X', 'Instagram']","['#Weezer', '#CEO', '#TonyHawk', '#CurryBarker', '#DaxFlame', '#Chit', '#JayRenshaw', '#RobRiggle', '#RobHuebel', '#MichaelPe', '#GiovanniRibisi', '#ChristopherMintzPlasse']",12,"C.E.O. is out now: The new album, Weezer, arrives August 21st: Many thanks to our distinguished associates for their appearances in the accompanying visual presentation. Each has been awarded the Gold Star of Excellence for exemplary performance. Recipients: Tony Hawk, Curry Barker, Dax Flame, Chit (aka Jay Renshaw), Rob Riggle, Rob Huebel, Michael Peña, Giovanni Ribisi and Christopher Mintz-Plasse. Pat yourselves on the back for helping to raise the gold standard. Regards, The C.E.O. Weezer Enterprises IMPORTANT TOUR ANNOUNCEMENT: New international gathering sites across the UK, Europe and Japan have been discovered. Further details including dates and tickets are on Carry it with you to the Gathering, and witness what follows. FOLLOW WEEZER Site: Text Us: Facebook: Twitter: Instagram: Snap: Store: CREDITS Directed by Brendan Walter & Jasper Graham Executive Produced by James Tresco Production Company: TRESCO Supervising Producer: Farah Idrees Story by: Brendan Walter, Jasper Graham & Carrick Moore Gerety DP: Eric Bader 1st AD: Ray Wallis 1st AC: Sai Aung Tun Steadi-Cam Op: Anthony Foster Sound Op: Bella Bandol Production Designer: Seif Nabulsi G&E: Daniel Eckert G&E: Julian Tuzzeo G&E: Johnny Gutierrez G&E: Moe Al-Kayed HMUA: Nicole Goulet HMUA: Nicole Padilla PC: Conor Dolan PA: David Lopez BTS: Brandon Banks, Jack Cooper, Elvis Pilat Starring: Tony Hawk Curry Barker Rob Riggle Rob Huebel Michael Pena Jay Renshaw Dax Flame Giovanni Ribisi Christopher Mintz-Plasse Beekeeper: Alden Detmer LYRICS Cranking out another 90's jam Wish I could do something new But nobody wants to hear that They just want the classics You can't blame em really There's something special about your early shit I gotta grow up And be a real adult Stop complaining And give the people what they want Here comes the C.E.O. I gotta keep this rocket in the sky You know, I was just a kid from Connecticut alone in my room playing with a Tascam 688. I miss those days I was happy Tinkering in my room All those hours Chilling out in my cocoon Here comes the C.E.O. I gotta keep this rocket in the sky I gotta stop thinking like a mad professor cuz it's It's getting me nowhere It's getting me nowhere Here comes the C.E.O. I gotta keep this rocket in the sky I gotta stop thinking like a mad professor cuz it's It's getting me nowhere It's getting me nowhere Here comes the founder and the C.E.O. I gotta stop thinking like a mad professor cuz it's It's getting me nowhere It's getting me nowhere ña","['weezer', ""say it ain't so"", 'buddy holly', 'pacific daydream', 'white album', 'Blue Album', 'My Name Is Jonas', 'Blue 30', 'In The Garage', 'Pinkerton', 'you just got weezered', 'Weezer', 'Go Away Weezer', 'Shine Again Weezer', 'Weezer the gathering', 'weezer the gold album', 'we might as well be strangers weezer', 'weezer CEO', 'tony hawk weezer', 'chris mintz plasse', 'dax flame', 'rob riggle', 'michael pena', 'jay renshaw chit', 'rob huebel', 'undone sweater song']",26,2026-08-05,8,August,5,Wednesday,32,False,13,0,7,"['C.E.O', '.', ':', 'The', 'new', 'album', ',', 'Weezer', ',', 'arrives', 'August', '21st', ':', 'Many', 'thanks', 'distinguished', 'associate', 'appearance', 'accompanying', 'visual', 'presentation', '.', 'Each', 'awarded', 'Gold', 'Star', 'Excellence', 'exemplary', 'performance', '.', 'Recipients', ':', 'Tony', 'Hawk', ',', 'Curry', 'Barker', ',', 'Dax', 'Flame', ',', 'Chit', '(', 'aka', 'Jay', 'Renshaw', ')', ',', 'Rob', 'Riggle', ',', 'Rob', 'Huebel', ',', 'Michael', 'Peña', ',', 'Giovanni', 'Ribisi', 'Christopher', 'Mintz-Plasse', '.', 'Pat', 'back', 'helping', 'raise', 'gold', 'standard', '.', 'Regards', ',', 'The', 'C.E.O', '.', 'Weezer', 'Enterprises', 'IMPORTANT', 'TOUR', 'ANNOUNCEMENT', ':', 'New', 'international', 'gathering', 'site', 'across', 'UK', ',', 'Europe', 'Japan', 'discovered', '.', 'Further', 'detail', 'including', 'date', 'ticket', 'Carry', 'Gathering', ',', 'witness', 'follows', '.', 'FOLLOW', 'WEEZER', 'Site', ':', 'Text', 'Us', ':', 'Facebook', ':', 'Twitter', ':', 'Instagram', ':', 'Snap', ':', 'Store', ':', 'CREDITS', 'Directed', 'Brendan', 'Walter', '&', 'Jasper', 'Graham', 'Executive', 'Produced', 'James', 'Tresco', 'Production', 'Company', ':', 'TRESCO', 'Supervising', 'Producer', ':', 'Farah', 'Idrees', 'Story', ':', 'Brendan', 'Walter', ',', 'Jasper', 'Graham', '&', 'Carrick', 'Moore', 'Gerety', 'DP', ':', 'Eric', 'Bader', '1st', 'AD', ':', 'Ray', 'Wallis', '1st', 'AC', ':', 'Sai', 'Aung', 'Tun', 'Steadi-Cam', 'Op', ':', 'Anthony', 'Foster', 'Sound', 'Op', ':', 'Bella', 'Bandol', 'Production', 'Designer', ':', 'Seif', 'Nabulsi', 'G', '&', 'E', ':', 'Daniel', 'Eckert', 'G', '&', 'E', ':', 'Julian', 'Tuzzeo', 'G', '&', 'E', ':', 'Johnny', 'Gutierrez', 'G', '&', 'E', ':', 'Moe', 'Al-Kayed', 'HMUA', ':', 'Nicole', 'Goulet', 'HMUA', ':', 'Nicole', 'Padilla', 'PC', ':', 'Conor', 'Dolan', 'PA', ':', 'David', 'Lopez', 'BTS', ':', 'Brandon', 'Banks', ',', 'Jack', 'Cooper', ',', 'Elvis', 'Pilat', 'Starring', ':', 'Tony', 'Hawk', 'Curry', 'Barker', 'Rob', 'Riggle', 'Rob', 'Huebel', 'Michael', 'Pena', 'Jay', 'Renshaw', 'Dax', 'Flame', 'Giovanni', 'Ribisi', 'Christopher', 'Mintz-Plasse', 'Beekeeper', ':', 'Alden', 'Detmer', 'LYRICS', 'Cranking', 'another', '90', ""'s"", 'jam', 'Wish', 'I', 'could', 'something', 'new', 'But', 'nobody', 'want', 'hear', 'They', 'want', 'classic', 'You', 'ca', ""n't"", 'blame', 'em', 'really', 'There', ""'s"", 'something', 'special', 'early', 'shit', 'I', 'got', 'ta', 'grow', 'And', 'real', 'adult', 'Stop', 'complaining', 'And', 'give', 'people', 'want', 'Here', 'come', 'C.E.O', '.', 'I', 'got', 'ta', 'keep', 'rocket', 'sky', 'You', 'know', ',', 'I', 'kid', 'Connecticut', 'alone', 'room', 'playing', 'Tascam', '688', '.', 'I', 'miss', 'day', 'I', 'happy', 'Tinkering', 'room', 'All', 'hour', 'Chilling', 'cocoon', 'Here', 'come', 'C.E.O', '.', 'I', 'got', 'ta', 'keep', 'rocket', 'sky', 'I', 'got', 'ta', 'stop', 'thinking', 'like', 'mad', 'professor', 'cuz', ""'s"", 'It', ""'s"", 'getting', 'nowhere', 'It', ""'s"", 'getting', 'nowhere', 'Here', 'come', 'C.E.O', '.', 'I', 'got', 'ta', 'keep', 'rocket', 'sky', 'I', 'got', 'ta', 'stop', 'thinking', 'like', 'mad', 'professor', 'cuz', ""'s"", 'It', ""'s"", 'getting', 'nowhere', 'It', ""'s"", 'getting', 'nowhere', 'Here', 'come', 'founder', 'C.E.O', '.', 'I', 'got', 'ta', 'stop', 'thinking', 'like', 'mad', 'professor', 'cuz', ""'s"", 'It', ""'s"", 'getting', 'nowhere', 'It', ""'s"", 'getting', 'nowhere', 'ña']","C.E.O . : The new album , Weezer , arrives August 21st : Many thanks distinguished associate appearance accompanying visual presentation . Each awarded Gold Star Excellence exemplary performance . Recipients : Tony Hawk , Curry Barker , Dax Flame , Chit ( aka Jay Renshaw ) , Rob Riggle , Rob Huebel , Michael Peña , Giovanni Ribisi Christopher Mintz-Plasse . Pat back helping raise gold standard . Regards , The C.E.O . Weezer Enterprises IMPORTANT TOUR ANNOUNCEMENT : New international gathering site across UK , Europe Japan discovered . Further detail including date ticket Carry Gathering , witness follows . FOLLOW WEEZER Site : Text Us : Facebook : Twitter : Instagram : Snap : Store : CREDITS Directed Brendan Walter & Jasper Graham Executive Produced James Tresco Production Company : TRESCO Supervising Producer : Farah Idrees Story : Brendan Walter , Jasper Graham & Carrick Moore Gerety DP : Eric Bader 1st AD : Ray Wallis 1st AC : Sai Aung Tun Steadi-Cam Op : Anthony Foster Sound Op : Bella Bandol Production Designer : Seif Nabulsi G & E : Daniel Eckert G & E : Julian Tuzzeo G & E : Johnny Gutierrez G & E : Moe Al-Kayed HMUA : Nicole Goulet HMUA : Nicole Padilla PC : Conor Dolan PA : David Lopez BTS : Brandon Banks , Jack Cooper , Elvis Pilat Starring : Tony Hawk Curry Barker Rob Riggle Rob Huebel Michael Pena Jay Renshaw Dax Flame Giovanni Ribisi Christopher Mintz-Plasse Beekeeper : Alden Detmer LYRICS Cranking another 90 's jam Wish I could something new But nobody want hear They want classic You ca n't blame em really There 's something special early shit I got ta grow And real adult Stop complaining And give people want Here come C.E.O . I got ta keep rocket sky You know , I kid Connecticut alone room playing Tascam 688 . I miss day I happy Tinkering room All hour Chilling cocoon Here come C.E.O . I got ta keep rocket sky I got ta stop thinking like mad professor cuz 's It 's getting nowhere It 's getting nowhere Here come C.E.O . I got ta keep rocket sky I got ta stop thinking like mad professor cuz 's It 's getting nowhere It 's getting nowhere Here come founder C.E.O . I got ta stop thinking like mad professor cuz 's It 's getting nowhere It 's getting nowhere ña",258.0,Medium,38,6,2497,416,Afternoon,25973,0.0576265398219295,0.005729967069154775,0.06335650689108428,1,0,Very High,Beginning,False,False,Afternoon,Music,12.923792919343217,10.070060752361943,7.762170607138205
B-G84Klgqvc,Getting MAX LUCK in Roblox Mine a Mountain,We get a 0.00001% chance Gem in Roblox Mining Mountain Friends in the Video @MisterCrainer @Nicovald @Lookumz @PatP_ • Video Editor Russell • Discord: ​​• Music by Ninety9 LivesTobu - Such Fun Video Link: Channel: Download the album! Thanks for watching!,2026-08-06 21:00:12+00:00,UCke6I9N4KfC968-yRcd5YRg,SSundee,20,[],PT22M23S,hd,false,219063,7617,406,https://www.youtube.com/russelledits | https://discord.gg/ssundee | https://www.youtube.com/watch?v=d3Oc26AFDdU | https://99l.tv/Subscribe | https://99l.tv/Levelup-i,5,"['YouTube', 'Discord', 'Other']","['#gaming', '#ssundee', '#roblox']",3,We get a 0.00001% chance Gem in Roblox Mining Mountain Friends in the Video ⭑ @MisterCrainer ⭑ @Nicovald ⭑ @Lookumz ⭑ @PatP_ • Video Editor ► Russell • Discord: ​​• Music by Ninety9 ► LivesTobu - Such Fun Video Link: Channel: Download the album! Thanks for watching!,[],0,2026-08-06,8,August,6,Thursday,32,False,21,0,12,"['We', 'get', '0.00001', '%', 'chance', 'Gem', 'Roblox', 'Mining', 'Mountain', 'Friends', 'Video', '@', 'MisterCrainer', '@', 'Nicovald', '@', 'Lookumz', '@', 'PatP_', '•', 'Video', 'Editor', 'Russell', '•', 'Discord', ':', '\u200b\u200b•', 'Music', 'Ninety9', 'LivesTobu', '-', 'Such', 'Fun', 'Video', 'Link', ':', 'Channel', ':', 'Download', 'album', '!', 'Thanks', 'watching', '!']",We get 0.00001 % chance Gem Roblox Mining Mountain Friends Video @ MisterCrainer @ Nicovald @ Lookumz @ PatP_ • Video Editor Russell • Discord : ​​• Music Ninety9 LivesTobu - Such Fun Video Link : Channel : Download album ! Thanks watching !,1343.0,Long,42,8,254,41,Evening,8023,0.03477081935333671,0.0018533481235991473,0.03662416747693586,1,0,High,Beginning,True,False,Evening,Gaming,12.297119203548517,8.938269147038548,6.008813185442595
Btxjs24K1Fs,Lil Peep - Benz Truck Pt. 2 (Official Video),"Official video for “Benz Truck Pt. 2” by Lil Peep Listen to “Benz Truck Pt. 2”: Shot by @MetroBlu Follow Lil Peep: Website: Instagram: Facebook: Twitter: Spotify: Apple Music: Amazon Music: YouTube Music: SoundCloud: LYRICS: [Chorus] Baby call me up, tryna fuck 'Cause she know, I'm finna get the Benz truck Good luck, mothafucka I was in the cut, gettin' sucked from another bitch Pop another bean, had to double up my cup and shit Call me up, tryna fuck 'Cause she know that I've been gettin' to the bucks Good luck, mothafucka Back of the club, fucked up on some other shit All I ever wanted was a Benz and a bad bitch [Verse] All I ever wanted was a friend All I ever wanted was a brand new Benz truck Now I wonder where my friends gon' end up Money don't help with the pain, where the drugs at? Make a few racks, call the plug back She like, ""Baby, where you goin'? When you comin' back?"" I'ma be away for a month When I get back we can fuck I'ma be away for a lifetime Everything I say at the right time Givin' girls cocaine, white wine Everyone afraid of my lifestyle [Chorus] Baby call me up, tryna fuck 'Cause she know, I'm finna get the Benz truck Good luck, mothafucka I was in the cut, gettin' sucked from another bitch Pop another bean, had to double up my cup and shit Call me up, tryna fuck 'Cause she know that I've been gettin' to the bucks Good luck, mothafucka Back of the club, fucked up on some other shit All I ever wanted was a Benz and a bad bitch",2026-08-07 04:02:32+00:00,UC0gOw4iy-6HwO01q-gA1B0Q,Lil Peep,10,"['Lil', 'Peep', 'Lil Pep', 'soundcloud', 'trap', 'rap', 'hip hop', 'little', 'Gus', 'benz', 'truck', 'benz truck part 2', 'benz truck pt 2', 'benz truck pt. 2', 'part', 'two', 'pt', 'Mercedes', '2026']",PT2M5S,hd,false,44306,10090,1329,https://lilpeep.ffm.to/benz-truck-pt-2 | https://lilpeep.com/ | http://instagram.com/lilpeep | http://facebook.com/lilpeepmusic | http://twitter.com/lilpeep | https://open.spotify.com/artist/2kCcBybjl3SAtIcwdWpUe3?si=A6zpaVL-SgKrcupqr5ueMQ | https://music.apple.com/us/artist/lil-peep/1077454941 | https://music.amazon.com/artists/B01NCBEEBR/lil-peep | https://www.youtube.com/channel/UC0gOw4iy-6HwO01q-gA1B0Q | https://soundcloud.com/lil_peep,10,"['Other', 'Instagram', 'Facebook', 'Twitter/X', 'Spotify', 'Apple Music', 'YouTube', 'SoundCloud']",[],0,"Official video for “Benz Truck Pt. 2” by Lil Peep Listen to “Benz Truck Pt. 2”: Shot by @MetroBlu Follow Lil Peep: Website: Instagram: Facebook: Twitter: Spotify: Apple Music: Amazon Music: YouTube Music: SoundCloud: LYRICS: [Chorus] Baby call me up, tryna fuck 'Cause she know, I'm finna get the Benz truck Good luck, mothafucka I was in the cut, gettin' sucked from another bitch Pop another bean, had to double up my cup and shit Call me up, tryna fuck 'Cause she know that I've been gettin' to the bucks Good luck, mothafucka Back of the club, fucked up on some other shit All I ever wanted was a Benz and a bad bitch [Verse] All I ever wanted was a friend All I ever wanted was a brand new Benz truck Now I wonder where my friends gon' end up Money don't help with the pain, where the drugs at? Make a few racks, call the plug back She like, ""Baby, where you goin'? When you comin' back?"" I'ma be away for a month When I get back we can fuck I'ma be away for a lifetime Everything I say at the right time Givin' girls cocaine, white wine Everyone afraid of my lifestyle [Chorus] Baby call me up, tryna fuck 'Cause she know, I'm finna get the Benz truck Good luck, mothafucka I was in the cut, gettin' sucked from another bitch Pop another bean, had to double up my cup and shit Call me up, tryna fuck 'Cause she know that I've been gettin' to the bucks Good luck, mothafucka Back of the club, fucked up on some other shit All I ever wanted was a Benz and a bad bitch","['Lil', 'Peep', 'Lil Pep', 'soundcloud', 'trap', 'rap', 'hip hop', 'little', 'Gus', 'benz', 'truck', 'benz truck part 2', 'benz truck pt 2', 'benz truck pt. 2', 'part', 'two', 'pt', 'Mercedes', '2026']",19,2026-08-07,8,August,7,Friday,32,False,4,2,32,"['Official', 'video', '“', 'Benz', 'Truck', 'Pt', '.', '2', '”', 'Lil', 'Peep', 'Listen', '“', 'Benz', 'Truck', 'Pt', '.', '2', '”', ':', 'Shot', '@', 'MetroBlu', 'Follow', 'Lil', 'Peep', ':', 'Website', ':', 'Instagram', ':', 'Facebook', ':', 'Twitter', ':', 'Spotify', ':', 'Apple', 'Music', ':', 'Amazon', 'Music', ':', 'YouTube', 'Music', ':', 'SoundCloud', ':', 'LYRICS', ':', '[', 'Chorus', ']', 'Baby', 'call', ',', 'tryna', 'fuck', ""'"", 'Cause', 'know', ',', 'I', ""'m"", 'finna', 'get', 'Benz', 'truck', 'Good', 'luck', ',', 'mothafucka', 'I', 'cut', ',', 'gettin', ""'"", 'sucked', 'another', 'bitch', 'Pop', 'another', 'bean', ',', 'double', 'cup', 'shit', 'Call', ',', 'tryna', 'fuck', ""'"", 'Cause', 'know', 'I', ""'ve"", 'gettin', ""'"", 'buck', 'Good', 'luck', ',', 'mothafucka', 'Back', 'club', ',', 'fucked', 'shit', 'All', 'I', 'ever', 'wanted', 'Benz', 'bad', 'bitch', '[', 'Verse', ']', 'All', 'I', 'ever', 'wanted', 'friend', 'All', 'I', 'ever', 'wanted', 'brand', 'new', 'Benz', 'truck', 'Now', 'I', 'wonder', 'friend', 'gon', ""'"", 'end', 'Money', ""n't"", 'help', 'pain', ',', 'drug', '?', 'Make', 'rack', ',', 'call', 'plug', 'back', 'She', 'like', ',', '``', 'Baby', ',', 'goin', ""'"", '?', 'When', 'comin', ""'"", 'back', '?', ""''"", ""I'ma"", 'away', 'month', 'When', 'I', 'get', 'back', 'fuck', ""I'ma"", 'away', 'lifetime', 'Everything', 'I', 'say', 'right', 'time', 'Givin', ""'"", 'girl', 'cocaine', ',', 'white', 'wine', 'Everyone', 'afraid', 'lifestyle', '[', 'Chorus', ']', 'Baby', 'call', ',', 'tryna', 'fuck', ""'"", 'Cause', 'know', ',', 'I', ""'m"", 'finna', 'get', 'Benz', 'truck', 'Good', 'luck', ',', 'mothafucka', 'I', 'cut', ',', 'gettin', ""'"", 'sucked', 'another', 'bitch', 'Pop', 'another', 'bean', ',', 'double', 'cup', 'shit', 'Call', ',', 'tryna', 'fuck', ""'"", 'Cause', 'know', 'I', ""'ve"", 'gettin', ""'"", 'buck', 'Good', 'luck', ',', 'mothafucka', 'Back', 'club', ',', 'fucked', 'shit', 'All', 'I', 'ever', 'wanted', 'Benz', 'bad', 'bitch']","Official video “ Benz Truck Pt . 2 ” Lil Peep Listen “ Benz Truck Pt . 2 ” : Shot @ MetroBlu Follow Lil Peep : Website : Instagram : Facebook : Twitter : Spotify : Apple Music : Amazon Music : YouTube Music : SoundCloud : LYRICS : [ Chorus ] Baby call , tryna fuck ' Cause know , I 'm finna get Benz truck Good luck , mothafucka I cut , gettin ' sucked another bitch Pop another bean , double cup shit Call , tryna fuck ' Cause know I 've gettin ' buck Good luck , mothafucka Back club , fucked shit All I ever wanted Benz bad bitch [ Verse ] All I ever wanted friend All I ever wanted brand new Benz truck Now I wonder friend gon ' end Money n't help pain , drug ? Make rack , call plug back She like , `` Baby , goin ' ? When comin ' back ? '' I'ma away month When I get back fuck I'ma away lifetime Everything I say right time Givin ' girl cocaine , white wine Everyone afraid lifestyle [ Chorus ] Baby call , tryna fuck ' Cause know , I 'm finna get Benz truck Good luck , mothafucka I cut , gettin ' sucked another bitch Pop another bean , double cup shit Call , tryna fuck ' Cause know I 've gettin ' buck Good luck , mothafucka Back club , fucked shit All I ever wanted Benz bad bitch",125.0,Medium,44,9,1471,284,Night,11419,0.22773439263305195,0.02999593734482914,0.2577303299778811,1,0,Low,Beginning,False,False,Late Night,Music,10.69889795709442,9.219399216464529,7.1929342212158
T8R1Sldktme,Peak,The sequel will be called Peak-Aboo. One player will be hiding behind the mountain. with flup and videogamesean go bigmode,2026-08-06 19:30:22+00:00,UCsvn_Po0SmunchJYOWpOxMg,videogamedunkey,20,"['peak', 'peak dunkey', 'dunk and friends', 'fluppy', 'sean', 'videogamesean', 'fluppy peak', 'dunkey peak', 'peak game', 'peak co-op', 'peak co-op games', 'coop games', 'co-op games', 'co-op', 'peak funny', 'peak steam', 'peek', 'peak game steam', 'peak games on steam', 'steam', 'steam co-op games', 'steam games', 'climbing game', 'climbing with friends', 'cairn', 'kairn', 'death stranding', 'death stranding dunkey', 'dunkey', 'videogamedunkey', 'dunkview', 'peak videogamedunkey']",PT9M51S,hd,false,389139,18932,774,https://www.twitch.tv/fluppyz | https://www.youtube.com/@videogamesean | https://bigmode.com/shop,3,"['Twitch', 'YouTube', 'Other']",[],0,The sequel will be called Peak-Aboo. One player will be hiding behind the mountain. with flup and videogamesean go bigmode,"['peak', 'peak dunkey', 'dunk and friends', 'fluppy', 'sean', 'videogamesean', 'fluppy peak', 'dunkey peak', 'peak game', 'peak co-op', 'peak co-op games', 'coop games', 'co-op games', 'co-op', 'peak funny', 'peak steam', 'peek', 'peak game steam', 'peak games on steam', 'steam', 'steam co-op games', 'steam games', 'climbing game', 'climbing with friends', 'cairn', 'kairn', 'death stranding', 'death stranding dunkey', 'dunkey', 'videogamedunkey', 'dunkview', 'peak videogamedunkey']",32,2026-08-06,8,August,6,Thursday,32,False,19,30,22,"['The', 'sequel', 'called', 'Peak-Aboo', '.', 'One', 'player', 'hiding', 'behind', 'mountain', '.', 'flup', 'videogamesean', 'go', 'bigmode']",The sequel called Peak-Aboo . One player hiding behind mountain . flup videogamesean go bigmode,591.0,Medium,4,1,122,20,Evening,19706,0.04865099617360378,0.0019890064989630954,0.050640002672566874,1,0,Very High,Beginning,True,False,Evening,Gaming,12.871694455025366,9.84866171025235,6.652863029353347
H1Fxuqoliwk,We Don't Need to Be Perfect,Provided to YouTube by igroovemusic.com We Don't Need to Be Perfect · Nash Blackwood After Everything ℗ L&G records Released on: 2026-08-01 Lead Vocals: Nash Blackwood Mastering Engineer: Jona Selle Composer: Jona Selle Composer: Rene Mothes Lyricist: Jona Selle Lyricist: Rene Mothes Auto-generated by YouTube.,2026-08-03 08:51:30+00:00,UCzefK2osgDSctj5ykUu-Hqw,Nash Blackwood - Topic,10,"['Nash Blackwood', 'After Everything', ""We Don't Need to Be Perfect""]",PT3M7S,hd,false,106101,2281,21,,0,[],[],0,Provided to YouTube by igroovemusic.com We Don't Need to Be Perfect · Nash Blackwood After Everything ℗ L&G records Released on: 2026-08-01 Lead Vocals: Nash Blackwood Mastering Engineer: Jona Selle Composer: Jona Selle Composer: Rene Mothes Lyricist: Jona Selle Lyricist: Rene Mothes Auto-generated by YouTube.,"['Nash Blackwood', 'After Everything', ""We Don't Need to Be Perfect""]",3,2026-08-03,8,August,3,Monday,32,False,8,51,30,"['Provided', 'YouTube', 'igroovemusic.com', 'We', 'Do', ""n't"", 'Need', 'Be', 'Perfect', '·', 'Nash', 'Blackwood', 'After', 'Everything', '℗', 'L', '&', 'G', 'record', 'Released', ':', '2026-08-01', 'Lead', 'Vocals', ':', 'Nash', 'Blackwood', 'Mastering', 'Engineer', ':', 'Jona', 'Selle', 'Composer', ':', 'Jona', 'Selle', 'Composer', ':', 'Rene', 'Mothes', 'Lyricist', ':', 'Jona', 'Selle', 'Lyricist', ':', 'Rene', 'Mothes', 'Auto-generated', 'YouTube', '.']",Provided YouTube igroovemusic.com We Do n't Need Be Perfect · Nash Blackwood After Everything ℗ L & G record Released : 2026-08-01 Lead Vocals : Nash Blackwood Mastering Engineer : Jona Selle Composer : Jona Selle Composer : Rene Mothes Lyricist : Jona Selle Lyricist : Rene Mothes Auto-generated YouTube .,187.0,Medium,27,6,311,45,Morning,2302,0.02149838361561154,0.00019792461899510844,0.021696308234606648,1,0,Medium,Beginning,False,False,Morning,Music,11.572156174565789,7.732807530422021,3.091042453358316
Vcqcpfja6Ks,Building My Own BACKROOMS in Roblox..,Merch: My Roblox Group: My Discord: Waterpark Simulator: Instagram: Twitter:,2026-08-06 19:44:49+00:00,UCsPMNatXCwqyUuJilBT73jg,CaylusBlox,20,"['caylusblox', 'caylus roblox', 'caylus', 'caylus gaming', 'caylus infinite', 'infinite lists', 'calus', 'callus', 'calis', 'roblox', 'caylus horror', 'caylus scary', 'caylus scariest', 'caylus scary myths', 'caylus creepy', 'caylus roblox horror', 'caylus roblox scary', 'caylus steal a brainrot', 'caylus aura', 'caylus stream', 'caylus brainrot', 'caylus foltyn', 'building my own backrooms roblox', 'build a backrooms', 'roblox build a backrooms']",PT24M40S,hd,false,247328,5853,694,https://shopcaylus.com/ | https://www.roblox.com/communities/11190175/Caylus-Group#!/store | https://discord.gg/infinite | https://store.steampowered.com/app/3293260/Waterpark_Simulator/ | https://www.instagram.com/caylus/?hl=en | https://x.com/caylusq,6,"['Other', 'Twitter/X', 'Discord', 'Steam', 'Instagram']",[],0,Merch: My Roblox Group: My Discord: Waterpark Simulator: Instagram: Twitter:,"['caylusblox', 'caylus roblox', 'caylus', 'caylus gaming', 'caylus infinite', 'infinite lists', 'calus', 'callus', 'calis', 'roblox', 'caylus horror', 'caylus scary', 'caylus scariest', 'caylus scary myths', 'caylus creepy', 'caylus roblox horror', 'caylus roblox scary', 'caylus steal a brainrot', 'caylus aura', 'caylus stream', 'caylus brainrot', 'caylus foltyn', 'building my own backrooms roblox', 'build a backrooms', 'roblox build a backrooms']",25,2026-08-06,8,August,6,Thursday,32,False,19,44,49,"['Merch', ':', 'My', 'Roblox', 'Group', ':', 'My', 'Discord', ':', 'Waterpark', 'Simulator', ':', 'Instagram', ':', 'Twitter', ':']",Merch : My Roblox Group : My Discord : Waterpark Simulator : Instagram : Twitter :,1480.0,Long,37,6,76,10,Evening,6547,0.023664930780178547,0.0028059904256695564,0.026470921205848104,1,0,High,Beginning,True,False,Evening,Gaming,12.418474713112294,8.674880467251832,6.543911845564792
5Fns_Nqwvwo,ARTMS (아르테미스) 'Blue Blood' Visualizer,ARTMS Hyper-Ego 2026.08.07 1PM (KST) Release Pre-save ARTMS World Tour Art of BLUE BLOOD SEOUL - SEP 5-6 NORTH AMERICA - OCT 05-27 Ticket Link  Cosmo : the Gate Where everything of ARTMS begins · Collect limited seasonal Objekt and get special Objekt. · Join various Gravity and cast your opinion Download Cosmo here! · Cosmo Official Web Shop · Purchase Objekts Official Website : Official Discord : Official X : Official Instagram : Official TikTok :,2026-08-07 04:00:20+00:00,UChXC6ok0LaZIpf-50SIFf0Q,Official ARTMS,10,"['ARTMS', '아르테미스', 'HeeJin', 'HaSeul', 'KimLip', 'JinSoul', 'Choerry', '희진', '하슬', '김립', '진솔', '최리']",PT2M30S,hd,true,121196,7323,1168,https://bit.ly/4ftWCKS | https://linktr.ee/official_artms | https://bit.ly/3X7Vyme | https://shop.cosmo.fans | https://artms-strategy.com | https://discord.com/invite/official-artms | https://twitter.com/official_artms | https://www.instagram.com/official_artms | https://www.tiktok.com/@official_artms,9,"['Other', 'Discord', 'Twitter/X', 'Instagram', 'TikTok']","['#HeeJin', '#KimLip', '#JinSoul', '#Choerry', '#HaSeul']",5,ARTMS 〈Hyper-Ego〉 2026.08.07 1PM (KST) Release Pre-save 🔗 ARTMS World Tour 〈Art of BLUE BLOOD〉 📍SEOUL - SEP 5-6 📍NORTH AMERICA - OCT 05-27 🔗Ticket Link  Cosmo : the Gate Where everything of ARTMS begins · Collect limited seasonal Objekt and get special Objekt. · Join various Gravity and cast your opinion Download Cosmo here! · Cosmo Official Web Shop · Purchase Objekts Official Website : Official Discord : Official X : Official Instagram : Official TikTok :,"['ARTMS', '아르테미스', 'HeeJin', 'HaSeul', 'KimLip', 'JinSoul', 'Choerry', '희진', '하슬', '김립', '진솔', '최리']",12,2026-08-07,8,August,7,Friday,32,False,4,0,20,"['ARTMS', 'Hyper-Ego', '2026.08.07', '1PM', '(', 'KST', ')', 'Release', 'Pre-save', 'ARTMS', 'World', 'Tour', 'Art', 'BLUE', 'BLOOD', 'SEOUL', '-', 'SEP', '5-6', 'NORTH', 'AMERICA', '-', 'OCT', '05-27', 'Ticket', 'Link', 'Cosmo', ':', 'Gate', 'Where', 'everything', 'ARTMS', 'begin', '·', 'Collect', 'limited', 'seasonal', 'Objekt', 'get', 'special', 'Objekt', '.', '·', 'Join', 'various', 'Gravity', 'cast', 'opinion', 'Download', 'Cosmo', '!', '·', 'Cosmo', 'Official', 'Web', 'Shop', '·', 'Purchase', 'Objekts', 'Official', 'Website', ':', 'Official', 'Discord', ':', 'Official', 'X', ':', 'Official', 'Instagram', ':', 'Official', 'TikTok', ':']",ARTMS Hyper-Ego 2026.08.07 1PM ( KST ) Release Pre-save ARTMS World Tour Art BLUE BLOOD SEOUL - SEP 5-6 NORTH AMERICA - OCT 05-27 Ticket Link Cosmo : Gate Where everything ARTMS begin · Collect limited seasonal Objekt get special Objekt . · Join various Gravity cast opinion Download Cosmo ! · Cosmo Official Web Shop · Purchase Objekts Official Website : Official Discord : Official X : Official Instagram : Official TikTok :,150.0,Medium,37,5,452,77,Night,8491,0.06042278623056867,0.009637281758473877,0.07006006798904255,1,1,Medium,Beginning,False,False,Late Night,Music,11.705172599835755,8.898911905794401,7.063903961472068
Jexnedfzhzo,FlightReacts 1st TIME PLAYING Madden 27 & THIS HAPPENED! (ONLINE RANKED!),NEW SONG OUT NOW! TO CATCHY!! LETS GET 6 Million TOGETHER! Be sure to sub Checkout my stream SUBSCRIBE to other channel here SOCIAL MEDIA Follow me on twitter: Follow my instagram,2026-08-06 20:58:18+00:00,UCoGIPQ7M4NWai7LRgRhaSOg,NotYourAverageFlight,20,"['BEST BUILD', 'nba 2k', 'basketball', 'sports', 'education', 'IRL sports content', 'music', 'family freindly', 'MLB', 'compilations', 'rage', 'funny hilarious challenge', 'Madden 25', 'DBZ sparking ZERO', 'College football', 'GTA 6', 'nba 2k26', '2k26 online', '2k26 park', 'madden 26', 'call of duty', 'nba 2026', 'nfl 2026', 'cars', 'educational', 'NHL', 'World Cup', 'meme', 'tik tok']",PT45M25S,hd,false,104432,3158,255,https://youtu.be/Qxd1QQnJWo0?si=6Bw27Hgn_hs9lM_m | https://www.twitch.tv/flight23white | https://www.youtube.com/channel/UC_k0qgMNIW2VmTQKjFsbXDw | https://twitter.com/Flight23White | https://www.instagram.com/Flight23White_,5,"['YouTube', 'Twitch', 'Twitter/X', 'Instagram']",[],0,NEW SONG OUT NOW! TO CATCHY!! LETS GET 6 Million TOGETHER! Be sure to sub Checkout my stream SUBSCRIBE to other channel here SOCIAL MEDIA Follow me on twitter: Follow my instagram,"['BEST BUILD', 'nba 2k', 'basketball', 'sports', 'education', 'IRL sports content', 'music', 'family freindly', 'MLB', 'compilations', 'rage', 'funny hilarious challenge', 'Madden 25', 'DBZ sparking ZERO', 'College football', 'GTA 6', 'nba 2k26', '2k26 online', '2k26 park', 'madden 26', 'call of duty', 'nba 2026', 'nfl 2026', 'cars', 'educational', 'NHL', 'World Cup', 'meme', 'tik tok']",29,2026-08-06,8,August,6,Thursday,32,False,20,58,18,"['NEW', 'SONG', 'OUT', 'NOW', '!', 'TO', 'CATCHY', '!', '!', 'LETS', 'GET', '6', 'Million', 'TOGETHER', '!', 'Be', 'sure', 'sub', 'Checkout', 'stream', 'SUBSCRIBE', 'channel', 'SOCIAL', 'MEDIA', 'Follow', 'twitter', ':', 'Follow', 'instagram']",NEW SONG OUT NOW ! TO CATCHY ! ! LETS GET 6 Million TOGETHER ! Be sure sub Checkout stream SUBSCRIBE channel SOCIAL MEDIA Follow twitter : Follow instagram,2725.0,Long,73,11,179,32,Evening,3413,0.030239773249578675,0.002441780297226904,0.032681553546805575,1,0,Medium,Beginning,True,False,Evening,Gaming,11.55630099643816,8.058010800802085,5.545177444479562
Jfbpb1_Imsq,The Cranberries - Zombie (Lyrics),"The Cranberries - Zombie (Lyrics) ⏬ Stream “Zombie” by ""The Cranberries"" here: Song Lyrics: The Cranberries - Zombie [Verse 1] Another head hangs lowly Child is slowly taken And the violence caused such silence Who are we, mistaken? [Pre-Chorus] But you see, it's not me, it's not my family In your head, in your head, they are fightin' With their tanks and their bombs and their bombs and their guns In your head, in your head, they are cryin' [Chorus] In your head, in your head Zombie, zombie, zombie-ie-ie What's in your head, in your head? Zombie, zombie, zombie-ie-ie-ie, oh [Post-Chorus] Doo, doo, doo, doo Doo, doo, doo, doo Doo, doo, doo, doo Doo, doo, doo, doo [Verse 2] Another mother's breakin' Heart is takin' over When the violence causes silence We must be mistaken [Pre-Chorus] It's the same old theme, since 1916 In your head, in your head, they're still fightin' With their tanks and their bombs and their bombs and their guns In your head, in your head, they are dyin' [Chorus] In your head, in your head Zombie, zombie, zombie-ie-ie What's in your head, in your head? Zombie, zombie, zombie-ie-ie-ie Oh-oh-oh-oh, oh-oh-oh, eh-eh-oh, ya-ya ........................................................................................... Lyric video for ""Zombie"" by ""The Cranberries"" on Dope Music Contact: contact@bemumusic.com Tags: Zombie Lyrics The Cranberries Zombie Zombie The Cranberries In your head in your head Zombie zombie zombie-ie-ie What's in your head in your head? Zombie zombie zombie-ie-ie-ie Oh-oh-oh-oh oh-oh-oh eh-eh-oh ya-ya The Cranberries Zombie Lyrics Zombie The Cranberries Lyrics The Cranberries Lyrics Zombie Zombie Lyrics The Cranberries Zombie",2026-08-03 13:00:19+00:00,UCgE4xXqtDwfmlpcQ5dFF5Fg,DopeMusic,10,"['zombie', 'zombie lyrics', 'lyrics zombie', 'the cranberries', 'lyrics', 'the cranberries zombie', 'zombie the cranberries', 'the cranberries zombie lyrics', 'lyrics the cranberries zombie', 'the cranberries lyrics', 'the cranberries lyrics zombie', 'zombie lyrics the cranberries', 'lyrics zombie the cranberries', 'zombie the cranberries lyrics', 'In your head in your head', 'Zombie zombie zombie-ie-ie-ie', 'In your head in your head Zombie zombie zombie-ie-ie-ie', 'rock', 'rock music', 'hits', 'songs']",PT5M9S,hd,false,334098,1264,18,https://TheCranberries.lnk.to/Stream,1,['Other'],"['#TheCranberries', '#Zombie', '#Lyrics', '#DopeMusic']",4,"🎵 The Cranberries - Zombie (Lyrics) ⏬ Stream “Zombie” by ""The Cranberries"" here: 🎤 Song Lyrics: The Cranberries - Zombie [Verse 1] Another head hangs lowly Child is slowly taken And the violence caused such silence Who are we, mistaken? [Pre-Chorus] But you see, it's not me, it's not my family In your head, in your head, they are fightin' With their tanks and their bombs and their bombs and their guns In your head, in your head, they are cryin' [Chorus] In your head, in your head Zombie, zombie, zombie-ie-ie What's in your head, in your head? Zombie, zombie, zombie-ie-ie-ie, oh [Post-Chorus] Doo, doo, doo, doo Doo, doo, doo, doo Doo, doo, doo, doo Doo, doo, doo, doo [Verse 2] Another mother's breakin' Heart is takin' over When the violence causes silence We must be mistaken [Pre-Chorus] It's the same old theme, since 1916 In your head, in your head, they're still fightin' With their tanks and their bombs and their bombs and their guns In your head, in your head, they are dyin' [Chorus] In your head, in your head Zombie, zombie, zombie-ie-ie What's in your head, in your head? Zombie, zombie, zombie-ie-ie-ie Oh-oh-oh-oh, oh-oh-oh, eh-eh-oh, ya-ya ........................................................................................... Lyric video for ""Zombie"" by ""The Cranberries"" on Dope Music Contact: contact@bemumusic.com Tags: Zombie Lyrics The Cranberries Zombie Zombie The Cranberries In your head in your head Zombie zombie zombie-ie-ie What's in your head in your head? Zombie zombie zombie-ie-ie-ie Oh-oh-oh-oh oh-oh-oh eh-eh-oh ya-ya The Cranberries Zombie Lyrics Zombie The Cranberries Lyrics The Cranberries Lyrics Zombie Zombie Lyrics The Cranberries Zombie","['zombie', 'zombie lyrics', 'lyrics zombie', 'the cranberries', 'lyrics', 'the cranberries zombie', 'zombie the cranberries', 'the cranberries zombie lyrics', 'lyrics the cranberries zombie', 'the cranberries lyrics', 'the cranberries lyrics zombie', 'zombie lyrics the cranberries', 'lyrics zombie the cranberries', 'zombie the cranberries lyrics', 'In your head in your head', 'Zombie zombie zombie-ie-ie-ie', 'In your head in your head Zombie zombie zombie-ie-ie-ie', 'rock', 'rock music', 'hits', 'songs']",21,2026-08-03,8,August,3,Monday,32,False,13,0,19,"['The', 'Cranberries', '-', 'Zombie', '(', 'Lyrics', ')', '⏬', 'Stream', '“', 'Zombie', '”', '``', 'The', 'Cranberries', ""''"", ':', 'Song', 'Lyrics', ':', 'The', 'Cranberries', '-', 'Zombie', '[', 'Verse', '1', ']', 'Another', 'head', 'hang', 'lowly', 'Child', 'slowly', 'taken', 'And', 'violence', 'caused', 'silence', 'Who', ',', 'mistaken', '?', '[', 'Pre-Chorus', ']', 'But', 'see', ',', ""'s"", ',', ""'s"", 'family', 'In', 'head', ',', 'head', ',', 'fightin', ""'"", 'With', 'tank', 'bomb', 'bomb', 'gun', 'In', 'head', ',', 'head', ',', 'cryin', ""'"", '[', 'Chorus', ']', 'In', 'head', ',', 'head', 'Zombie', ',', 'zombie', ',', 'zombie-ie-ie', 'What', ""'s"", 'head', ',', 'head', '?', 'Zombie', ',', 'zombie', ',', 'zombie-ie-ie-ie', ',', 'oh', '[', 'Post-Chorus', ']', 'Doo', ',', 'doo', ',', 'doo', ',', 'doo', 'Doo', ',', 'doo', ',', 'doo', ',', 'doo', 'Doo', ',', 'doo', ',', 'doo', ',', 'doo', 'Doo', ',', 'doo', ',', 'doo', ',', 'doo', '[', 'Verse', '2', ']', 'Another', 'mother', ""'s"", 'breakin', ""'"", 'Heart', 'takin', ""'"", 'When', 'violence', 'cause', 'silence', 'We', 'must', 'mistaken', '[', 'Pre-Chorus', ']', 'It', ""'s"", 'old', 'theme', ',', 'since', '1916', 'In', 'head', ',', 'head', ',', ""'re"", 'still', 'fightin', ""'"", 'With', 'tank', 'bomb', 'bomb', 'gun', 'In', 'head', ',', 'head', ',', 'dyin', ""'"", '[', 'Chorus', ']', 'In', 'head', ',', 'head', 'Zombie', ',', 'zombie', ',', 'zombie-ie-ie', 'What', ""'s"", 'head', ',', 'head', '?', 'Zombie', ',', 'zombie', ',', 'zombie-ie-ie-ie', 'Oh-oh-oh-oh', ',', 'oh-oh-oh', ',', 'eh-eh-oh', ',', 'ya-ya', '...........................................................................................', 'Lyric', 'video', '``', 'Zombie', ""''"", '``', 'The', 'Cranberries', ""''"", 'Dope', 'Music', 'Contact', ':', 'contact', '@', 'bemumusic.com', 'Tags', ':', 'Zombie', 'Lyrics', 'The', 'Cranberries', 'Zombie', 'Zombie', 'The', 'Cranberries', 'In', 'head', 'head', 'Zombie', 'zombie', 'zombie-ie-ie', 'What', ""'s"", 'head', 'head', '?', 'Zombie', 'zombie', 'zombie-ie-ie-ie', 'Oh-oh-oh-oh', 'oh-oh-oh', 'eh-eh-oh', 'ya-ya', 'The', 'Cranberries', 'Zombie', 'Lyrics', 'Zombie', 'The', 'Cranberries', 'Lyrics', 'The', 'Cranberries', 'Lyrics', 'Zombie', 'Zombie', 'Lyrics', 'The', 'Cranberries', 'Zombie']","The Cranberries - Zombie ( Lyrics ) ⏬ Stream “ Zombie ” `` The Cranberries '' : Song Lyrics : The Cranberries - Zombie [ Verse 1 ] Another head hang lowly Child slowly taken And violence caused silence Who , mistaken ? [ Pre-Chorus ] But see , 's , 's family In head , head , fightin ' With tank bomb bomb gun In head , head , cryin ' [ Chorus ] In head , head Zombie , zombie , zombie-ie-ie What 's head , head ? Zombie , zombie , zombie-ie-ie-ie , oh [ Post-Chorus ] Doo , doo , doo , doo Doo , doo , doo , doo Doo , doo , doo , doo Doo , doo , doo , doo [ Verse 2 ] Another mother 's breakin ' Heart takin ' When violence cause silence We must mistaken [ Pre-Chorus ] It 's old theme , since 1916 In head , head , 're still fightin ' With tank bomb bomb gun In head , head , dyin ' [ Chorus ] In head , head Zombie , zombie , zombie-ie-ie What 's head , head ? Zombie , zombie , zombie-ie-ie-ie Oh-oh-oh-oh , oh-oh-oh , eh-eh-oh , ya-ya ........................................................................................... Lyric video `` Zombie '' `` The Cranberries '' Dope Music Contact : contact @ bemumusic.com Tags : Zombie Lyrics The Cranberries Zombie Zombie The Cranberries In head head Zombie zombie zombie-ie-ie What 's head head ? Zombie zombie zombie-ie-ie-ie Oh-oh-oh-oh oh-oh-oh eh-eh-oh ya-ya The Cranberries Zombie Lyrics Zombie The Cranberries Lyrics The Cranberries Lyrics Zombie Zombie Lyrics The Cranberries Zombie",309.0,Medium,33,5,1687,259,Afternoon,1282,0.0037833210614849535,5.387640752114649e-05,0.0038371974690061,1,0,Very High,Beginning,False,False,Afternoon,Music,12.719192635224536,7.142827401161621,2.9444389791664403
Arj3S2Bpoq4,"1,000,000 Villagers Destroy VERITY","1,000,000 Vilagers have their FINAL BATTLE WITH VERITY...Will they win? THIS IS THE FINALE OF THE VERITY SERIES! CREDIT TO @Thatmob ‪ for letting me make this video using inspiration from his popular verity mod series! JOIN MY DISCORD! Follow me on: TikTok: Instagram: Twitter:",2026-08-06 14:00:14+00:00,UCTNG2PWTAHhWJg1sCSZeI0A,Reff,20,"['reff', 'grox', 'groxmc', 'thatmob', 'verity', 'grox vs verity', 'grox verity', 'thatmob verity', 'lookout2d', 'lookout', 'lookout verity', 'reffmc', '1000000 villagers verity', '1000000 villagers', '10000 villagers vs 10000 pillagers', '10000 villagers', 'grox 10000 villagers', 'verity mod', 'verity minecraft', 'verity x thatmob', 'twixxel', 'twixxel verity', 'twixxel and creator', 'grox live', 'grox verity mod', 'grox 10000 villagers manhunt', 'verity edit', 'VERITY™ [FULL MINECRAFT MOVIE]', ""Something Won't Let You Leave...""]",PT14M37S,hd,false,879005,17291,2591,https://discord.gg/Wk5hQkSW5d | https://www.tiktok.com/@reffmc | https://www.instagram.com/_reffmc/ | https://twitter.com/_reffmc,4,"['Discord', 'TikTok', 'Instagram', 'Twitter/X']",['#minecraft'],1,"1,000,000 Vilagers have their FINAL BATTLE WITH VERITY...Will they win? THIS IS THE FINALE OF THE VERITY SERIES! CREDIT TO @Thatmob ‪ for letting me make this video using inspiration from his popular verity mod series! JOIN MY DISCORD! Follow me on: TikTok: Instagram: Twitter:","['reff', 'grox', 'groxmc', 'thatmob', 'verity', 'grox vs verity', 'grox verity', 'thatmob verity', 'lookout2d', 'lookout', 'lookout verity', 'reffmc', '1000000 villagers verity', '1000000 villagers', '10000 villagers vs 10000 pillagers', '10000 villagers', 'grox 10000 villagers', 'verity mod', 'verity minecraft', 'verity x thatmob', 'twixxel', 'twixxel verity', 'twixxel and creator', 'grox live', 'grox verity mod', 'grox 10000 villagers manhunt', 'verity edit', 'VERITY™ [FULL MINECRAFT MOVIE]', ""Something Won't Let You Leave...""]",29,2026-08-06,8,August,6,Thursday,32,False,14,0,14,"['1,000,000', 'Vilagers', 'FINAL', 'BATTLE', 'WITH', 'VERITY', '...', 'Will', 'win', '?', 'THIS', 'IS', 'THE', 'FINALE', 'OF', 'THE', 'VERITY', 'SERIES', '!', 'CREDIT', 'TO', '@', 'Thatmob', '\u202a', 'letting', 'make', 'video', 'using', 'inspiration', 'popular', 'verity', 'mod', 'series', '!', 'JOIN', 'MY', 'DISCORD', '!', 'Follow', ':', 'TikTok', ':', 'Instagram', ':', 'Twitter', ':']","1,000,000 Vilagers FINAL BATTLE WITH VERITY ... Will win ? THIS IS THE FINALE OF THE VERITY SERIES ! CREDIT TO @ Thatmob ‪ letting make video using inspiration popular verity mod series ! JOIN MY DISCORD ! Follow : TikTok : Instagram : Twitter :",877.0,Long,34,4,277,45,Afternoon,19882,0.01967110539758022,0.002947651037252348,0.022618756434832566,1,0,Very High,Beginning,True,False,Afternoon,Gaming,13.686547002582584,9.757999245787522,7.860185057472165
Knkpn0A6Wwq,Carly Rae Jepsen - Don’t Leave Me on the Dance Floor (Official Music Video),"Listen to ""Don't Leave Me on the Dance Floor"" out now: Presave 'Day and Night' out on September 18th: Preorder the collection: Follow Carly Rae Jepsen: Instagram: Facebook: TikTok: Twitter: YouTube: Lyrics: I’ve been all of your desires I’ve been a good and been a bad girl We’ve been fighting fire with fire But when our song comes on I search the crowd and look for you Let’s forget our fight For the night, for a lifetime Say you’ll never let me go Don’t leave me on the dance floor Don’t leave me on the dance floor I’m already falling, I’m all in Don’t leave me in the dark to face another song alone On the dance floor I need you on the dance floor The music is calling, I’m all in Remember how it feels to be the one to take me home Come and show me your devotion This is not a guarantee, but I got chills, you got power I got needs every hour And you’re the sweetest part of me Let’s forget who’s right For the night, for a lifetime Say you’ll never let me go Don’t leave me on the dance floor Don’t leave me on the dance floor I’m already falling, I’m all in Don’t leave me in the dark to face another song alone On the dance floor I need you on the dance floor The music is calling, I’m all in Remember how it feels to be the one to take me home Don’t leave me on the dance floor Don’t leave me on the dance floor I’m already falling, I’m all in Remember how it feels to be the one to take me home Credits: Directed by Jeremy O. Harris Starring Alden Ehrenreich, Olivia Washington, and Carly Rae Jepsen Producer David Moore Cinematographer Todd Banhazl, ASC Choreographer Marc Crousillat Editor Pete Ohs Sound Design Danny Madden Color Walter Volpatto Creative Director Humberto Leon Visual Director João Moraes Wardrobe Sophie Hardeman Makeup Zaheer Sukhnandan Hair Stylist Evanie Frausto Hair Assist Jav Juarez Production Supervisor Brian Gork Production Coordinator Tiffany Zilavich PA (driver) Sergio Vargas PA (set) Eric Gamez 1st AC Kyle Petitjean 2ND AC Jorge Gomez Sound Playback Ben Kamm Gaffer Brian Rupp BBE Michael Flores Key Grip Steve Forbes Production Designer Helen Morales Art Director Kaylinn Duffy Leadman Leo Arroyo Decorator Talyn Latour Art PA Drew Wall Creative at Interscope Tessa Tinglof, Chelsea Dodson, Michelle An BTS Mikayla LoBasso Marketing Drew Schieffelin Digital Laura Kwasnik Manager Ron Laffitte Manager Dana Salant Digital Megan Healy CRJ Assistant Katie Kettenring Special thanks to JoAnne Colonna, CJ Baran, Arthur Besnainou, and the Garibaldina Society.",2026-08-07 04:00:06+00:00,UCtKuVNj4wVrZvTfxPxAUHcQ,CarlyRaeJepsenVEVO,10,"['Carly Rae Jepsen', 'School Boy/Interscope Records', 'Pop', ""Don't Leave Me on the Dance Floor"", ""Carly Rae Jepsen Don't Leave Me on the Dance Floor"", ""Don't Leave Me on the Dance Floor music video"", ""Don't Leave Me on the Dance Floor official video"", 'Carly Rae Jepsen new single', 'Day and Night', 'Carly Rae Jepsen Day and Night', 'Day and Night album', 'Carly Rae Jepsen 2026', 'Carly Rae Jepsen pop', 'CRJ', ""CRJ Don't Leave Me on the Dance Floor"", 'new Carly Rae Jepsen', 'Carly Rae Jepsen official']",PT5M57S,hd,true,28724,4318,471,https://CarlyRaeJepsen.lnk.to/DanceFloor | https://CarlyRaeJepsen.lnk.to/DayandNight | https://CarlyRaeJepsen.lnk.to/store | https://www.instagram.com/carlyraejepsen | https://www.facebook.com/Carlyraejepsen | https://www.tiktok.com/@carlyraejepsen | https://x.com/carlyraejepsen | https://www.youtube.com/user/CarlyRaeMusic,8,"['Other', 'Instagram', 'Facebook', 'TikTok', 'Twitter/X', 'YouTube']","['#CarlyRaeJepsen', '#DontLeaveMeOnTheDanceFloor', '#DayandNight']",3,"Listen to ""Don't Leave Me on the Dance Floor"" out now: Presave 'Day and Night' out on September 18th: Preorder the collection: Follow Carly Rae Jepsen: Instagram: Facebook: TikTok: Twitter: YouTube: Lyrics: I’ve been all of your desires I’ve been a good and been a bad girl We’ve been fighting fire with fire But when our song comes on I search the crowd and look for you Let’s forget our fight For the night, for a lifetime Say you’ll never let me go Don’t leave me on the dance floor Don’t leave me on the dance floor I’m already falling, I’m all in Don’t leave me in the dark to face another song alone On the dance floor I need you on the dance floor The music is calling, I’m all in Remember how it feels to be the one to take me home Come and show me your devotion This is not a guarantee, but I got chills, you got power I got needs every hour And you’re the sweetest part of me Let’s forget who’s right For the night, for a lifetime Say you’ll never let me go Don’t leave me on the dance floor Don’t leave me on the dance floor I’m already falling, I’m all in Don’t leave me in the dark to face another song alone On the dance floor I need you on the dance floor The music is calling, I’m all in Remember how it feels to be the one to take me home Don’t leave me on the dance floor Don’t leave me on the dance floor I’m already falling, I’m all in Remember how it feels to be the one to take me home Credits: Directed by Jeremy O. Harris Starring Alden Ehrenreich, Olivia Washington, and Carly Rae Jepsen Producer David Moore Cinematographer Todd Banhazl, ASC Choreographer Marc Crousillat Editor Pete Ohs Sound Design Danny Madden Color Walter Volpatto Creative Director Humberto Leon Visual Director João Moraes Wardrobe Sophie Hardeman Makeup Zaheer Sukhnandan Hair Stylist Evanie Frausto Hair Assist Jav Juarez Production Supervisor Brian Gork Production Coordinator Tiffany Zilavich PA (driver) Sergio Vargas PA (set) Eric Gamez 1st AC Kyle Petitjean 2ND AC Jorge Gomez Sound Playback Ben Kamm Gaffer Brian Rupp BBE Michael Flores Key Grip Steve Forbes Production Designer Helen Morales Art Director Kaylinn Duffy Leadman Leo Arroyo Decorator Talyn Latour Art PA Drew Wall Creative at Interscope Tessa Tinglof, Chelsea Dodson, Michelle An BTS Mikayla LoBasso Marketing Drew Schieffelin Digital Laura Kwasnik Manager Ron Laffitte Manager Dana Salant Digital Megan Healy CRJ Assistant Katie Kettenring Special thanks to JoAnne Colonna, CJ Baran, Arthur Besnainou, and the Garibaldina Society.","['Carly Rae Jepsen', 'School Boy/Interscope Records', 'Pop', ""Don't Leave Me on the Dance Floor"", ""Carly Rae Jepsen Don't Leave Me on the Dance Floor"", ""Don't Leave Me on the Dance Floor music video"", ""Don't Leave Me on the Dance Floor official video"", 'Carly Rae Jepsen new single', 'Day and Night', 'Carly Rae Jepsen Day and Night', 'Day and Night album', 'Carly Rae Jepsen 2026', 'Carly Rae Jepsen pop', 'CRJ', ""CRJ Don't Leave Me on the Dance Floor"", 'new Carly Rae Jepsen', 'Carly Rae Jepsen official']",17,2026-08-07,8,August,7,Friday,32,False,4,0,6,"['Listen', '``', 'Do', ""n't"", 'Leave', 'Me', 'Dance', 'Floor', ""''"", ':', 'Presave', ""'"", 'Day', 'Night', ""'"", 'September', '18th', ':', 'Preorder', 'collection', ':', 'Follow', 'Carly', 'Rae', 'Jepsen', ':', 'Instagram', ':', 'Facebook', ':', 'TikTok', ':', 'Twitter', ':', 'YouTube', ':', 'Lyrics', ':', 'I', '’', 'desire', 'I', '’', 'good', 'bad', 'girl', 'We', '’', 'fighting', 'fire', 'fire', 'But', 'song', 'come', 'I', 'search', 'crowd', 'look', 'Let', '’', 'forget', 'fight', 'For', 'night', ',', 'lifetime', 'Say', '’', 'never', 'let', 'go', 'Don', '’', 'leave', 'dance', 'floor', 'Don', '’', 'leave', 'dance', 'floor', 'I', '’', 'already', 'falling', ',', 'I', '’', 'Don', '’', 'leave', 'dark', 'face', 'another', 'song', 'alone', 'On', 'dance', 'floor', 'I', 'need', 'dance', 'floor', 'The', 'music', 'calling', ',', 'I', '’', 'Remember', 'feel', 'one', 'take', 'home', 'Come', 'show', 'devotion', 'This', 'guarantee', ',', 'I', 'got', 'chill', ',', 'got', 'power', 'I', 'got', 'need', 'every', 'hour', 'And', '’', 'sweetest', 'part', 'Let', '’', 'forget', '’', 'right', 'For', 'night', ',', 'lifetime', 'Say', '’', 'never', 'let', 'go', 'Don', '’', 'leave', 'dance', 'floor', 'Don', '’', 'leave', 'dance', 'floor', 'I', '’', 'already', 'falling', ',', 'I', '’', 'Don', '’', 'leave', 'dark', 'face', 'another', 'song', 'alone', 'On', 'dance', 'floor', 'I', 'need', 'dance', 'floor', 'The', 'music', 'calling', ',', 'I', '’', 'Remember', 'feel', 'one', 'take', 'home', 'Don', '’', 'leave', 'dance', 'floor', 'Don', '’', 'leave', 'dance', 'floor', 'I', '’', 'already', 'falling', ',', 'I', '’', 'Remember', 'feel', 'one', 'take', 'home', 'Credits', ':', 'Directed', 'Jeremy', 'O.', 'Harris', 'Starring', 'Alden', 'Ehrenreich', ',', 'Olivia', 'Washington', ',', 'Carly', 'Rae', 'Jepsen', 'Producer', 'David', 'Moore', 'Cinematographer', 'Todd', 'Banhazl', ',', 'ASC', 'Choreographer', 'Marc', 'Crousillat', 'Editor', 'Pete', 'Ohs', 'Sound', 'Design', 'Danny', 'Madden', 'Color', 'Walter', 'Volpatto', 'Creative', 'Director', 'Humberto', 'Leon', 'Visual', 'Director', 'João', 'Moraes', 'Wardrobe', 'Sophie', 'Hardeman', 'Makeup', 'Zaheer', 'Sukhnandan', 'Hair', 'Stylist', 'Evanie', 'Frausto', 'Hair', 'Assist', 'Jav', 'Juarez', 'Production', 'Supervisor', 'Brian', 'Gork', 'Production', 'Coordinator', 'Tiffany', 'Zilavich', 'PA', '(', 'driver', ')', 'Sergio', 'Vargas', 'PA', '(', 'set', ')', 'Eric', 'Gamez', '1st', 'AC', 'Kyle', 'Petitjean', '2ND', 'AC', 'Jorge', 'Gomez', 'Sound', 'Playback', 'Ben', 'Kamm', 'Gaffer', 'Brian', 'Rupp', 'BBE', 'Michael', 'Flores', 'Key', 'Grip', 'Steve', 'Forbes', 'Production', 'Designer', 'Helen', 'Morales', 'Art', 'Director', 'Kaylinn', 'Duffy', 'Leadman', 'Leo', 'Arroyo', 'Decorator', 'Talyn', 'Latour', 'Art', 'PA', 'Drew', 'Wall', 'Creative', 'Interscope', 'Tessa', 'Tinglof', ',', 'Chelsea', 'Dodson', ',', 'Michelle', 'An', 'BTS', 'Mikayla', 'LoBasso', 'Marketing', 'Drew', 'Schieffelin', 'Digital', 'Laura', 'Kwasnik', 'Manager', 'Ron', 'Laffitte', 'Manager', 'Dana', 'Salant', 'Digital', 'Megan', 'Healy', 'CRJ', 'Assistant', 'Katie', 'Kettenring', 'Special', 'thanks', 'JoAnne', 'Colonna', ',', 'CJ', 'Baran', ',', 'Arthur', 'Besnainou', ',', 'Garibaldina', 'Society', '.']","Listen `` Do n't Leave Me Dance Floor '' : Presave ' Day Night ' September 18th : Preorder collection : Follow Carly Rae Jepsen : Instagram : Facebook : TikTok : Twitter : YouTube : Lyrics : I ’ desire I ’ good bad girl We ’ fighting fire fire But song come I search crowd look Let ’ forget fight For night , lifetime Say ’ never let go Don ’ leave dance floor Don ’ leave dance floor I ’ already falling , I ’ Don ’ leave dark face another song alone On dance floor I need dance floor The music calling , I ’ Remember feel one take home Come show devotion This guarantee , I got chill , got power I got need every hour And ’ sweetest part Let ’ forget ’ right For night , lifetime Say ’ never let go Don ’ leave dance floor Don ’ leave dance floor I ’ already falling , I ’ Don ’ leave dark face another song alone On dance floor I need dance floor The music calling , I ’ Remember feel one take home Don ’ leave dance floor Don ’ leave dance floor I ’ already falling , I ’ Remember feel one take home Credits : Directed Jeremy O. Harris Starring Alden Ehrenreich , Olivia Washington , Carly Rae Jepsen Producer David Moore Cinematographer Todd Banhazl , ASC Choreographer Marc Crousillat Editor Pete Ohs Sound Design Danny Madden Color Walter Volpatto Creative Director Humberto Leon Visual Director João Moraes Wardrobe Sophie Hardeman Makeup Zaheer Sukhnandan Hair Stylist Evanie Frausto Hair Assist Jav Juarez Production Supervisor Brian Gork Production Coordinator Tiffany Zilavich PA ( driver ) Sergio Vargas PA ( set ) Eric Gamez 1st AC Kyle Petitjean 2ND AC Jorge Gomez Sound Playback Ben Kamm Gaffer Brian Rupp BBE Michael Flores Key Grip Steve Forbes Production Designer Helen Morales Art Director Kaylinn Duffy Leadman Leo Arroyo Decorator Talyn Latour Art PA Drew Wall Creative Interscope Tessa Tinglof , Chelsea Dodson , Michelle An BTS Mikayla LoBasso Marketing Drew Schieffelin Digital Laura Kwasnik Manager Ron Laffitte Manager Dana Salant Digital Megan Healy CRJ Assistant Katie Kettenring Special thanks JoAnne Colonna , CJ Baran , Arthur Besnainou , Garibaldina Society .",357.0,Medium,75,14,2503,440,Night,4789,0.1503272524718006,0.016397437682773987,0.16672469015457458,1,1,Low,Beginning,False,False,Late Night,Music,10.265523102716957,8.3707791729607,6.156978985585555
Dsizdcw_31O,Minecraft 2v2 Death Swap,"Get up to $350 and 3.75% APY on savings with Chime®: Thanks Chime for sponsoring this video! Minecraft Death Swap, but this time it is 2v2! George and I are going against Daquavis and Awesamdude. Every 10 minutes, both teams swap locations, so any trap we build becomes the other team’s problem. We’ll have to work together, survive whatever they leave for us, and eliminate both players on the other team. Last team standing wins! Follow my socials: Twitter - @sapnap Twitch - @sapnap Instagram - @sapnapinsta George: @GeorgeNotFound Daquavis: @DaquavisMC Awesamdude: @awesamdude This is a new twist on Minecraft Death Swap. Instead of two players trying to trap each other, there are two teams of two working together to build the deadliest traps possible. After every swap, we have to escape whatever the other team has prepared for us while trying to eliminate them with our own traps. Which team will come out on top? Thanks for watching! Chime is a fintech, not a bank. Banking services and Chime Card provided by Chime's bank partners. $350 Intro Offer: Terms apply, must open the new account and complete qualifying activities to earn up to $350.00 in rewards. Link to full terms can be found at America’s Choice for Banking: Ranking based on a blind survey conducted by Chime in May 2026 of consumers who opened a new personal checking account at a different institution listed in the survey in the preceding six months. Chime offers access to checking accounts used for everyday banking. Savings APY: No min. balance required. For more information on Annual Percentage Yields, go to chime.com/disclosures 5% Cash Back: Cash back on eligible Chime Card purchases. Terms and limits apply. To apply for a Chime Card, you must also open a Chime Checking Account. Round Ups: For information on Round ups, please see chime.com/disclosures.",2026-08-06 03:23:42+00:00,UCqynl7rdtktKMQESdSBmE-g,Sapnap,20,"['Minecraft', 'Sapnap', 'Dream', 'Minecraft Challenge', 'Minecraft But', 'Minecraft survival', 'Minecraft bees in real life', 'I Ate EVERY Food from Minecraft in Real Life', 'Georgenotfound', 'Preston', 'Unspeakable', 'Dreams mom', 'Minecraft youtuber', 'Minecraft youtube', 'Sapnap Minecraft', 'BadBoyHalo Minecraft', 'Dream Minecraft', 'GeorgeNotFound Minecraft', 'DreamTeam', 'minecraft colorblind', 'Dream Team', 'Dream Team Minecraft', 'Minecraft IRL', 'Minecraft Real Life', 'Minecraft achievement', 'snapchat']",PT34M15S,hd,false,629888,15354,713,https://chime.com/sapnap | https://www.chime.com/join/promos/intro-offer-v2b/#terms,2,['Other'],"['#terms', '#1']",2,"Get up to $350 and 3.75% APY on savings with Chime®: Thanks Chime for sponsoring this video! Minecraft Death Swap, but this time it is 2v2! George and I are going against Daquavis and Awesamdude. Every 10 minutes, both teams swap locations, so any trap we build becomes the other team’s problem. We’ll have to work together, survive whatever they leave for us, and eliminate both players on the other team. Last team standing wins! Follow my socials: ➽ Twitter - @sapnap ➽ Twitch - @sapnap ➽ Instagram - @sapnapinsta George: @GeorgeNotFound Daquavis: @DaquavisMC Awesamdude: @awesamdude This is a new twist on Minecraft Death Swap. Instead of two players trying to trap each other, there are two teams of two working together to build the deadliest traps possible. After every swap, we have to escape whatever the other team has prepared for us while trying to eliminate them with our own traps. Which team will come out on top? Thanks for watching! Chime is a fintech, not a bank. Banking services and Chime Card provided by Chime's bank partners. $350 Intro Offer: Terms apply, must open the new account and complete qualifying activities to earn up to $350.00 in rewards. Link to full terms can be found at America’s Choice for Banking: Ranking based on a blind survey conducted by Chime in May 2026 of consumers who opened a new personal checking account at a different institution listed in the survey in the preceding six months. Chime offers access to checking accounts used for everyday banking. Savings APY: No min. balance required. For more information on Annual Percentage Yields, go to chime.com/disclosures 5% Cash Back: Cash back on eligible Chime Card purchases. Terms and limits apply. To apply for a Chime Card, you must also open a Chime Checking Account. Round Ups: For information on Round ups, please see chime.com/disclosures.","['Minecraft', 'Sapnap', 'Dream', 'Minecraft Challenge', 'Minecraft But', 'Minecraft survival', 'Minecraft bees in real life', 'I Ate EVERY Food from Minecraft in Real Life', 'Georgenotfound', 'Preston', 'Unspeakable', 'Dreams mom', 'Minecraft youtuber', 'Minecraft youtube', 'Sapnap Minecraft', 'BadBoyHalo Minecraft', 'Dream Minecraft', 'GeorgeNotFound Minecraft', 'DreamTeam', 'minecraft colorblind', 'Dream Team', 'Dream Team Minecraft', 'Minecraft IRL', 'Minecraft Real Life', 'Minecraft achievement', 'snapchat']",26,2026-08-06,8,August,6,Thursday,32,False,3,23,42,"['Get', '$', '350', '3.75', '%', 'APY', 'saving', 'Chime®', ':', 'Thanks', 'Chime', 'sponsoring', 'video', '!', 'Minecraft', 'Death', 'Swap', ',', 'time', '2v2', '!', 'George', 'I', 'going', 'Daquavis', 'Awesamdude', '.', 'Every', '10', 'minute', ',', 'team', 'swap', 'location', ',', 'trap', 'build', 'becomes', 'team', '’', 'problem', '.', 'We', '’', 'work', 'together', ',', 'survive', 'whatever', 'leave', 'u', ',', 'eliminate', 'player', 'team', '.', 'Last', 'team', 'standing', 'win', '!', 'Follow', 'social', ':', 'Twitter', '-', '@', 'sapnap', 'Twitch', '-', '@', 'sapnap', 'Instagram', '-', '@', 'sapnapinsta', 'George', ':', '@', 'GeorgeNotFound', 'Daquavis', ':', '@', 'DaquavisMC', 'Awesamdude', ':', '@', 'awesamdude', 'This', 'new', 'twist', 'Minecraft', 'Death', 'Swap', '.', 'Instead', 'two', 'player', 'trying', 'trap', ',', 'two', 'team', 'two', 'working', 'together', 'build', 'deadliest', 'trap', 'possible', '.', 'After', 'every', 'swap', ',', 'escape', 'whatever', 'team', 'prepared', 'u', 'trying', 'eliminate', 'trap', '.', 'Which', 'team', 'come', 'top', '?', 'Thanks', 'watching', '!', 'Chime', 'fintech', ',', 'bank', '.', 'Banking', 'service', 'Chime', 'Card', 'provided', 'Chime', ""'s"", 'bank', 'partner', '.', '$', '350', 'Intro', 'Offer', ':', 'Terms', 'apply', ',', 'must', 'open', 'new', 'account', 'complete', 'qualifying', 'activity', 'earn', '$', '350.00', 'reward', '.', 'Link', 'full', 'term', 'found', 'America', '’', 'Choice', 'Banking', ':', 'Ranking', 'based', 'blind', 'survey', 'conducted', 'Chime', 'May', '2026', 'consumer', 'opened', 'new', 'personal', 'checking', 'account', 'different', 'institution', 'listed', 'survey', 'preceding', 'six', 'month', '.', 'Chime', 'offer', 'access', 'checking', 'account', 'used', 'everyday', 'banking', '.', 'Savings', 'APY', ':', 'No', 'min', '.', 'balance', 'required', '.', 'For', 'information', 'Annual', 'Percentage', 'Yields', ',', 'go', 'chime.com/disclosures', '5', '%', 'Cash', 'Back', ':', 'Cash', 'back', 'eligible', 'Chime', 'Card', 'purchase', '.', 'Terms', 'limit', 'apply', '.', 'To', 'apply', 'Chime', 'Card', ',', 'must', 'also', 'open', 'Chime', 'Checking', 'Account', '.', 'Round', 'Ups', ':', 'For', 'information', 'Round', 'ups', ',', 'please', 'see', 'chime.com/disclosures', '.']","Get $ 350 3.75 % APY saving Chime® : Thanks Chime sponsoring video ! Minecraft Death Swap , time 2v2 ! George I going Daquavis Awesamdude . Every 10 minute , team swap location , trap build becomes team ’ problem . We ’ work together , survive whatever leave u , eliminate player team . Last team standing win ! Follow social : Twitter - @ sapnap Twitch - @ sapnap Instagram - @ sapnapinsta George : @ GeorgeNotFound Daquavis : @ DaquavisMC Awesamdude : @ awesamdude This new twist Minecraft Death Swap . Instead two player trying trap , two team two working together build deadliest trap possible . After every swap , escape whatever team prepared u trying eliminate trap . Which team come top ? Thanks watching ! Chime fintech , bank . Banking service Chime Card provided Chime 's bank partner . $ 350 Intro Offer : Terms apply , must open new account complete qualifying activity earn $ 350.00 reward . Link full term found America ’ Choice Banking : Ranking based blind survey conducted Chime May 2026 consumer opened new personal checking account different institution listed survey preceding six month . Chime offer access checking account used everyday banking . Savings APY : No min . balance required . For information Annual Percentage Yields , go chime.com/disclosures 5 % Cash Back : Cash back eligible Chime Card purchase . Terms limit apply . To apply Chime Card , must also open Chime Checking Account . Round Ups : For information Round ups , please see chime.com/disclosures .",2055.0,Long,24,4,1843,307,Night,16067,0.024375762040235723,0.001131947266815688,0.025507709307051412,1,0,Very High,Beginning,True,False,Late Night,Gaming,13.35329889236816,9.639196432874924,6.570882962339584
3Eozrq6Xzbq,MORNING DEW (DONK) REMIX (EXPLICIT),"Provided to YouTube by Columbia/Legacy MORNING DEW (DONK) REMIX (EXPLICIT) · Beyoncé · JAŸ-Z MORNING DEW (DONK) REMIX PACK ℗ 2026 Parkwood Entertainment LLC, under exclusive license to Columbia Records, a Division of Sony Music Entertainment Released on: 2026-08-04 Associated Performer: Beyoncé & JAŸ-Z Associated Performer, Vocal: Beyoncé Associated Performer, Vocal: JAŸ-Z Producer, Composer: N/A Auto-generated by YouTube.",2026-08-05 06:40:46+00:00,UCoPQ_TWm8JZ5nJv4a5BzSWA,Beyoncé - Topic,10,"['Beyoncé', 'ビヨンセ', '碧昂絲', 'JAŸ-Z', 'MORNING DEW (DONK) REMIX PACK', 'MORNING DEW (DONK) REMIX (EXPLICIT)']",PT3M38S,hd,false,313506,18747,1604,,0,[],[],0,"Provided to YouTube by Columbia/Legacy MORNING DEW (DONK) REMIX (EXPLICIT) · Beyoncé · JAŸ-Z MORNING DEW (DONK) REMIX PACK ℗ 2026 Parkwood Entertainment LLC, under exclusive license to Columbia Records, a Division of Sony Music Entertainment Released on: 2026-08-04 Associated Performer: Beyoncé & JAŸ-Z Associated Performer, Vocal: Beyoncé Associated Performer, Vocal: JAŸ-Z Producer, Composer: N/A Auto-generated by YouTube.","['Beyoncé', 'ビヨンセ', '碧昂絲', 'JAŸ-Z', 'MORNING DEW (DONK) REMIX PACK', 'MORNING DEW (DONK) REMIX (EXPLICIT)']",6,2026-08-05,8,August,5,Wednesday,32,False,6,40,46,"['Provided', 'YouTube', 'Columbia/Legacy', 'MORNING', 'DEW', '(', 'DONK', ')', 'REMIX', '(', 'EXPLICIT', ')', '·', 'Beyoncé', '·', 'JAŸ-Z', 'MORNING', 'DEW', '(', 'DONK', ')', 'REMIX', 'PACK', '℗', '2026', 'Parkwood', 'Entertainment', 'LLC', ',', 'exclusive', 'license', 'Columbia', 'Records', ',', 'Division', 'Sony', 'Music', 'Entertainment', 'Released', ':', '2026-08-04', 'Associated', 'Performer', ':', 'Beyoncé', '&', 'JAŸ-Z', 'Associated', 'Performer', ',', 'Vocal', ':', 'Beyoncé', 'Associated', 'Performer', ',', 'Vocal', ':', 'JAŸ-Z', 'Producer', ',', 'Composer', ':', 'N/A', 'Auto-generated', 'YouTube', '.']","Provided YouTube Columbia/Legacy MORNING DEW ( DONK ) REMIX ( EXPLICIT ) · Beyoncé · JAŸ-Z MORNING DEW ( DONK ) REMIX PACK ℗ 2026 Parkwood Entertainment LLC , exclusive license Columbia Records , Division Sony Music Entertainment Released : 2026-08-04 Associated Performer : Beyoncé & JAŸ-Z Associated Performer , Vocal : Beyoncé Associated Performer , Vocal : JAŸ-Z Producer , Composer : N/A Auto-generated YouTube .",218.0,Medium,35,5,426,58,Night,20351,0.05979789860481139,0.005116329512034857,0.06491422811684625,1,0,Very High,Beginning,False,False,Morning,Music,12.65557696735448,9.838842359042596,7.380879035564116
E29Mmjh9Jcu,YOU Used Aimbot In Roblox Rivals...,Join My Roblox Group! Socials:,2026-08-06 20:15:08+00:00,UCNDzLI-hyihpAx3zKtwhGZw,Techy Plays,20,"['roblox', 'brookhaven', 'funnyroblox', 'techyblox', 'techy', 'crazy fan girls', 'crazy fan girl', 'my crazy fan girls']",PT14M12S,hd,false,214295,4843,939,https://www.roblox.com/groups/33043362/The-Techy-ARMY#!/about | https://solo.to/techys,2,"['Twitter/X', 'Other']",['#Roblox'],1,Join My Roblox Group! Socials:,"['roblox', 'brookhaven', 'funnyroblox', 'techyblox', 'techy', 'crazy fan girls', 'crazy fan girl', 'my crazy fan girls']",8,2026-08-06,8,August,6,Thursday,32,False,20,15,8,"['Join', 'My', 'Roblox', 'Group', '!', 'Socials', ':']",Join My Roblox Group ! Socials :,852.0,Long,35,6,30,5,Evening,5782,0.022599687346881635,0.004381810121561399,0.026981497468443034,1,0,High,Beginning,True,False,Evening,Gaming,12.275113515865161,8.485496104672983,6.84587987526405
Tusatwyger4,Stand by Me,"Provided to YouTube by Warner Music Group - X5 Music Group Stand by Me · Ben E. King Coffeehouse Mood ℗ 2026 Warner Music Group - X5 Music Group Released on: 2026-08-04 Guitar: Al Caiola Vocals: Ben E. King Guitar: Charles McCracken Piano: Ernie Hayes Drums: Gary Chester Producer: Jerry Leiber Bass Guitar: Lloyd Trotman Producer: Mike Stoller Percussion: Phil Kraus Band Member: Romeo penque Composer Lyricist, Writer: Ben E. King Composer Lyricist, Writer: Jerry Leiber Composer Lyricist, Writer: Mike Stoller Auto-generated by YouTube.",2026-08-03 10:00:11+00:00,UC7IsXxzPSpxbFRAtmxyJ_3Q,Ben E. King - Topic,10,"['Ben E. King', 'Coffeehouse Mood', 'Stand by Me']",PT2M55S,hd,false,283889,2834,4,,0,[],[],0,"Provided to YouTube by Warner Music Group - X5 Music Group Stand by Me · Ben E. King Coffeehouse Mood ℗ 2026 Warner Music Group - X5 Music Group Released on: 2026-08-04 Guitar: Al Caiola Vocals: Ben E. King Guitar: Charles McCracken Piano: Ernie Hayes Drums: Gary Chester Producer: Jerry Leiber Bass Guitar: Lloyd Trotman Producer: Mike Stoller Percussion: Phil Kraus Band Member: Romeo penque Composer Lyricist, Writer: Ben E. King Composer Lyricist, Writer: Jerry Leiber Composer Lyricist, Writer: Mike Stoller Auto-generated by YouTube.","['Ben E. King', 'Coffeehouse Mood', 'Stand by Me']",3,2026-08-03,8,August,3,Monday,32,False,10,0,11,"['Provided', 'YouTube', 'Warner', 'Music', 'Group', '-', 'X5', 'Music', 'Group', 'Stand', 'Me', '·', 'Ben', 'E.', 'King', 'Coffeehouse', 'Mood', '℗', '2026', 'Warner', 'Music', 'Group', '-', 'X5', 'Music', 'Group', 'Released', ':', '2026-08-04', 'Guitar', ':', 'Al', 'Caiola', 'Vocals', ':', 'Ben', 'E.', 'King', 'Guitar', ':', 'Charles', 'McCracken', 'Piano', ':', 'Ernie', 'Hayes', 'Drums', ':', 'Gary', 'Chester', 'Producer', ':', 'Jerry', 'Leiber', 'Bass', 'Guitar', ':', 'Lloyd', 'Trotman', 'Producer', ':', 'Mike', 'Stoller', 'Percussion', ':', 'Phil', 'Kraus', 'Band', 'Member', ':', 'Romeo', 'penque', 'Composer', 'Lyricist', ',', 'Writer', ':', 'Ben', 'E.', 'King', 'Composer', 'Lyricist', ',', 'Writer', ':', 'Jerry', 'Leiber', 'Composer', 'Lyricist', ',', 'Writer', ':', 'Mike', 'Stoller', 'Auto-generated', 'YouTube', '.']","Provided YouTube Warner Music Group - X5 Music Group Stand Me · Ben E. King Coffeehouse Mood ℗ 2026 Warner Music Group - X5 Music Group Released : 2026-08-04 Guitar : Al Caiola Vocals : Ben E. King Guitar : Charles McCracken Piano : Ernie Hayes Drums : Gary Chester Producer : Jerry Leiber Bass Guitar : Lloyd Trotman Producer : Mike Stoller Percussion : Phil Kraus Band Member : Romeo penque Composer Lyricist , Writer : Ben E. King Composer Lyricist , Writer : Jerry Leiber Composer Lyricist , Writer : Mike Stoller Auto-generated YouTube .",175.0,Medium,11,3,539,84,Morning,2838,0.009982774957818021,1.4090014054789019e-05,0.009996864971872809,1,0,Very High,Beginning,False,False,Morning,Music,12.556342118170388,7.949797216161852,1.6094379124341003
Pdxrh6Ks-Hu,Can You Beat Baldi's Basics in CHAOS MODE?,"Baldi's Basics In Education and Learning is a game not many people are good at. Like, at all. The average YouTuber will probably get overwhelmed with the 7 characters found in the schoolhouse and say the game is the hardest thing ever (it's really not!). So, I wanted to make the game as difficult as everyone else makes it out to be, and try to complete all 3 main styles of Baldi's Basics Classic Remastered in Chaos Mode, a mode that adds a new set of characters for every notebook collected, totaling out to 56 CHARACTERS TOTAL. There's 8 Baldis, 8 Principals, 8 Playtimes, etc. This was not fun. At all. The things I do for love, am I right? Welp, at least I'm not stuck playing Hello Neighbor again. Or Poppy Playtime, Markiplier said that game was bad so I wont touch it probably, I'm a pathetic little sheep who gets their opinions from YouTubers, I know I'm awful. Anyways will I beat the challenge or not? Stay tuned! CHAPTERS: 0:00 Prologue 1:58 Chapter 1 7:36 Chapter 2 17:53 Chapter 3 23:43 Chapter 4 33:11 Epilogue ------------------------------------ CREDITS: TheDapperWaffle: Gameplay, Art, Editing, Thumbnail, all that fun stuff. PROOF: Nick: Voicing that poor british child who needed my wealth. I gave him this role because he's better than me at videogames and needed to be humbled. Saintza: Creating the Baldi model used in the thumbnail and some other bits. There is something past this line, you are not seeing things. ------------------------------------ baldi, gotta sweep, dr reflex, miss circle, animation, challenge, baldis basics plus, dapper waffle, horror mod, null, speedrun, fnaf world, partlykloudy reeks of chili oil, I'm just typing nonsense please stop reading this",2026-08-06 20:16:14+00:00,UCvHLo5JZBm_z2On3oF5VcCA,TheDapperWaffle,20,"['Baldis Basics', 'Baldis Basics Plus', 'Baldis Basics Classic Remastered', 'Baldis Basics Null', 'Baldis Basics Null Boss Fight', 'Baldis Basics TheDapperWaffle', 'Baldis Basics Speedrun', 'Baldis Basics Challenge Run', 'Baldis Basics No Items', 'Baldis Basics No Running', 'Baldis Basics Plus Challenge', 'TheDapperWaffle', 'TheDapperWaffle FNaF World', 'Baldis Basics Chaos Mode', 'Baldis Basics Mods', 'Baldis Basics Miss Circle', 'Miss Circle', 'Baldis Basics Classic', 'Baldi Challenge Run', 'Baldis Basics Caseoh']",PT35M53S,hd,false,162620,15343,2099,https://x.com/TheDapperWaffle | https://www.youtube.com/watch?v=hAZhgULmUfU | https://www.youtube.com/@UCzpu-9ln6uCbeWzmpHJv5AQ | https://gamebanana.com/models/4564,4,"['Twitter/X', 'YouTube', 'Other']",[],0,"Baldi's Basics In Education and Learning is a game not many people are good at. Like, at all. The average YouTuber will probably get overwhelmed with the 7 characters found in the schoolhouse and say the game is the hardest thing ever (it's really not!). So, I wanted to make the game as difficult as everyone else makes it out to be, and try to complete all 3 main styles of Baldi's Basics Classic Remastered in Chaos Mode, a mode that adds a new set of characters for every notebook collected, totaling out to 56 CHARACTERS TOTAL. There's 8 Baldis, 8 Principals, 8 Playtimes, etc. This was not fun. At all. The things I do for love, am I right? Welp, at least I'm not stuck playing Hello Neighbor again. Or Poppy Playtime, Markiplier said that game was bad so I wont touch it probably, I'm a pathetic little sheep who gets their opinions from YouTubers, I know I'm awful. Anyways will I beat the challenge or not? Stay tuned! CHAPTERS: 0:00 Prologue 1:58 Chapter 1 7:36 Chapter 2 17:53 Chapter 3 23:43 Chapter 4 33:11 Epilogue ------------------------------------ CREDITS: TheDapperWaffle: Gameplay, Art, Editing, Thumbnail, all that fun stuff. PROOF: Nick: Voicing that poor british child who needed my wealth. I gave him this role because he's better than me at videogames and needed to be humbled. Saintza: Creating the Baldi model used in the thumbnail and some other bits. There is something past this line, you are not seeing things. ------------------------------------ baldi, gotta sweep, dr reflex, miss circle, animation, challenge, baldis basics plus, dapper waffle, horror mod, null, speedrun, fnaf world, partlykloudy reeks of chili oil, I'm just typing nonsense please stop reading this","['Baldis Basics', 'Baldis Basics Plus', 'Baldis Basics Classic Remastered', 'Baldis Basics Null', 'Baldis Basics Null Boss Fight', 'Baldis Basics TheDapperWaffle', 'Baldis Basics Speedrun', 'Baldis Basics Challenge Run', 'Baldis Basics No Items', 'Baldis Basics No Running', 'Baldis Basics Plus Challenge', 'TheDapperWaffle', 'TheDapperWaffle FNaF World', 'Baldis Basics Chaos Mode', 'Baldis Basics Mods', 'Baldis Basics Miss Circle', 'Miss Circle', 'Baldis Basics Classic', 'Baldi Challenge Run', 'Baldis Basics Caseoh']",20,2026-08-06,8,August,6,Thursday,32,False,20,16,14,"['Baldi', ""'s"", 'Basics', 'In', 'Education', 'Learning', 'game', 'many', 'people', 'good', '.', 'Like', ',', '.', 'The', 'average', 'YouTuber', 'probably', 'get', 'overwhelmed', '7', 'character', 'found', 'schoolhouse', 'say', 'game', 'hardest', 'thing', 'ever', '(', ""'s"", 'really', '!', ')', '.', 'So', ',', 'I', 'wanted', 'make', 'game', 'difficult', 'everyone', 'else', 'make', ',', 'try', 'complete', '3', 'main', 'style', 'Baldi', ""'s"", 'Basics', 'Classic', 'Remastered', 'Chaos', 'Mode', ',', 'mode', 'add', 'new', 'set', 'character', 'every', 'notebook', 'collected', ',', 'totaling', '56', 'CHARACTERS', 'TOTAL', '.', 'There', ""'s"", '8', 'Baldis', ',', '8', 'Principals', ',', '8', 'Playtimes', ',', 'etc', '.', 'This', 'fun', '.', 'At', '.', 'The', 'thing', 'I', 'love', ',', 'I', 'right', '?', 'Welp', ',', 'least', 'I', ""'m"", 'stuck', 'playing', 'Hello', 'Neighbor', '.', 'Or', 'Poppy', 'Playtime', ',', 'Markiplier', 'said', 'game', 'bad', 'I', 'wont', 'touch', 'probably', ',', 'I', ""'m"", 'pathetic', 'little', 'sheep', 'get', 'opinion', 'YouTubers', ',', 'I', 'know', 'I', ""'m"", 'awful', '.', 'Anyways', 'I', 'beat', 'challenge', '?', 'Stay', 'tuned', '!', 'CHAPTERS', ':', '0:00', 'Prologue', '1:58', 'Chapter', '1', '7:36', 'Chapter', '2', '17:53', 'Chapter', '3', '23:43', 'Chapter', '4', '33:11', 'Epilogue', '--', '--', '--', '--', '--', '--', '--', '--', '--', '--', '--', '--', '--', '--', '--', '--', '--', '--', 'CREDITS', ':', 'TheDapperWaffle', ':', 'Gameplay', ',', 'Art', ',', 'Editing', ',', 'Thumbnail', ',', 'fun', 'stuff', '.', 'PROOF', ':', 'Nick', ':', 'Voicing', 'poor', 'british', 'child', 'needed', 'wealth', '.', 'I', 'gave', 'role', ""'s"", 'better', 'videogames', 'needed', 'humbled', '.', 'Saintza', ':', 'Creating', 'Baldi', 'model', 'used', 'thumbnail', 'bit', '.', 'There', 'something', 'past', 'line', ',', 'seeing', 'thing', '.', '--', '--', '--', '--', '--', '--', '--', '--', '--', '--', '--', '--', '--', '--', '--', '--', '--', '--', 'baldi', ',', 'got', 'ta', 'sweep', ',', 'dr', 'reflex', ',', 'miss', 'circle', ',', 'animation', ',', 'challenge', ',', 'baldis', 'basic', 'plus', ',', 'dapper', 'waffle', ',', 'horror', 'mod', ',', 'null', ',', 'speedrun', ',', 'fnaf', 'world', ',', 'partlykloudy', 'reek', 'chili', 'oil', ',', 'I', ""'m"", 'typing', 'nonsense', 'please', 'stop', 'reading']","Baldi 's Basics In Education Learning game many people good . Like , . The average YouTuber probably get overwhelmed 7 character found schoolhouse say game hardest thing ever ( 's really ! ) . So , I wanted make game difficult everyone else make , try complete 3 main style Baldi 's Basics Classic Remastered Chaos Mode , mode add new set character every notebook collected , totaling 56 CHARACTERS TOTAL . There 's 8 Baldis , 8 Principals , 8 Playtimes , etc . This fun . At . The thing I love , I right ? Welp , least I 'm stuck playing Hello Neighbor . Or Poppy Playtime , Markiplier said game bad I wont touch probably , I 'm pathetic little sheep get opinion YouTubers , I know I 'm awful . Anyways I beat challenge ? Stay tuned ! CHAPTERS : 0:00 Prologue 1:58 Chapter 1 7:36 Chapter 2 17:53 Chapter 3 23:43 Chapter 4 33:11 Epilogue -- -- -- -- -- -- -- -- -- -- -- -- -- -- -- -- -- -- CREDITS : TheDapperWaffle : Gameplay , Art , Editing , Thumbnail , fun stuff . PROOF : Nick : Voicing poor british child needed wealth . I gave role 's better videogames needed humbled . Saintza : Creating Baldi model used thumbnail bit . There something past line , seeing thing . -- -- -- -- -- -- -- -- -- -- -- -- -- -- -- -- -- -- baldi , got ta sweep , dr reflex , miss circle , animation , challenge , baldis basic plus , dapper waffle , horror mod , null , speedrun , fnaf world , partlykloudy reek chili oil , I 'm typing nonsense please stop reading",2153.0,Long,42,8,1702,284,Evening,17442,0.09434878858688968,0.012907391464764481,0.10725618005165416,1,0,High,Beginning,True,False,Evening,Gaming,11.99917761904805,9.63847979712322,7.649692623711514
1Lp1Lhiotbq,El Caguamillo,Provided to YouTube by AdShare for a Third party El Caguamillo · Los Farmerz · Alta Gama El Caguamillo ℗ Rancho Humilde Producer: Jimmy Humilde Producer: Juan Carlos Cisneros Composer: Juan Carlos Cisneros Composer: Hector Manuel Hernandez Olmedo Lyricist: Juan Carlos Cisneros Lyricist: Hector Manuel Hernandez Olmedo Auto-generated by YouTube.,2026-08-06 04:03:35+00:00,UCNuaDbLhB58GiP9-00_O_Xw,Los Farmerz - Topic,10,"['Los Farmerz', 'Alta Gama', 'El Caguamillo']",PT3M12S,hd,false,40476,652,11,,0,[],[],0,Provided to YouTube by AdShare for a Third party El Caguamillo · Los Farmerz · Alta Gama El Caguamillo ℗ Rancho Humilde Producer: Jimmy Humilde Producer: Juan Carlos Cisneros Composer: Juan Carlos Cisneros Composer: Hector Manuel Hernandez Olmedo Lyricist: Juan Carlos Cisneros Lyricist: Hector Manuel Hernandez Olmedo Auto-generated by YouTube.,"['Los Farmerz', 'Alta Gama', 'El Caguamillo']",3,2026-08-06,8,August,6,Thursday,32,False,4,3,35,"['Provided', 'YouTube', 'AdShare', 'Third', 'party', 'El', 'Caguamillo', '·', 'Los', 'Farmerz', '·', 'Alta', 'Gama', 'El', 'Caguamillo', '℗', 'Rancho', 'Humilde', 'Producer', ':', 'Jimmy', 'Humilde', 'Producer', ':', 'Juan', 'Carlos', 'Cisneros', 'Composer', ':', 'Juan', 'Carlos', 'Cisneros', 'Composer', ':', 'Hector', 'Manuel', 'Hernandez', 'Olmedo', 'Lyricist', ':', 'Juan', 'Carlos', 'Cisneros', 'Lyricist', ':', 'Hector', 'Manuel', 'Hernandez', 'Olmedo', 'Auto-generated', 'YouTube', '.']",Provided YouTube AdShare Third party El Caguamillo · Los Farmerz · Alta Gama El Caguamillo ℗ Rancho Humilde Producer : Jimmy Humilde Producer : Juan Carlos Cisneros Composer : Juan Carlos Cisneros Composer : Hector Manuel Hernandez Olmedo Lyricist : Juan Carlos Cisneros Lyricist : Hector Manuel Hernandez Olmedo Auto-generated YouTube .,192.0,Medium,13,2,345,50,Night,663,0.016108311097934577,0.00027176598478110485,0.016380077082715685,1,0,Low,Beginning,False,False,Late Night,Music,10.608489190543079,6.481577129276431,2.4849066497880004
Tttqzf7Ijrm,I Cheated With SQUISHY DUMPLINGS in Minecraft Build Battle!,"I Cheated With SQUISHY DUMPLINGS in Minecraft Build Battle! Watch the teaser for our NEW animated series, JOHNNY IRL: Limited plush drop coming soon... get early access: Join my Roblox group: Hang out in the Johnny Discord:",2026-08-06 21:32:26+00:00,UCWVSknuLPIRVGWf-4bFKT4Q,Johnny Minecraft,20,"['minecraft', 'minecraft funny', 'minecraft gameplay', 'minecraft roleplay', 'minecraft story', 'minecraft prank', 'minecraft challenge', 'minecraft mod', 'minecraft survival', 'funny minecraft', 'minecraft trolling', 'minecraft friends', 'family friendly minecraft', 'no cursing minecraft', 'minecraft prank friends', 'heres johnny', 'johnny minecraft', 'johnny and marty', 'spinny hat studios', 'I Cheated With SQUISHY DUMPLINGS in Minecraft Build Battle!']",PT18M47S,hd,false,110172,1888,332,https://www.youtube.com/watch?v=pLkJ2Pu9Fik | https://spinnyhat.store | https://www.roblox.com/share/g/15997897 | https://discord.gg/wChcP6Nbc2,4,"['YouTube', 'Other', 'Twitter/X', 'Discord']","['#Minecraft', '#MinecraftMod', '#HeresJohnny', '#Johnny']",4,"I Cheated With SQUISHY DUMPLINGS in Minecraft Build Battle! 🎬 Watch the teaser for our NEW animated series, JOHNNY IRL: 👀 Limited plush drop coming soon... get early access: 🔥 Join my Roblox group: 💛 Hang out in the Johnny Discord:","['minecraft', 'minecraft funny', 'minecraft gameplay', 'minecraft roleplay', 'minecraft story', 'minecraft prank', 'minecraft challenge', 'minecraft mod', 'minecraft survival', 'funny minecraft', 'minecraft trolling', 'minecraft friends', 'family friendly minecraft', 'no cursing minecraft', 'minecraft prank friends', 'heres johnny', 'johnny minecraft', 'johnny and marty', 'spinny hat studios', 'I Cheated With SQUISHY DUMPLINGS in Minecraft Build Battle!']",20,2026-08-06,8,August,6,Thursday,32,False,21,32,26,"['I', 'Cheated', 'With', 'SQUISHY', 'DUMPLINGS', 'Minecraft', 'Build', 'Battle', '!', 'Watch', 'teaser', 'NEW', 'animated', 'series', ',', 'JOHNNY', 'IRL', ':', 'Limited', 'plush', 'drop', 'coming', 'soon', '...', 'get', 'early', 'access', ':', 'Join', 'Roblox', 'group', ':', 'Hang', 'Johnny', 'Discord', ':']","I Cheated With SQUISHY DUMPLINGS Minecraft Build Battle ! Watch teaser NEW animated series , JOHNNY IRL : Limited plush drop coming soon ... get early access : Join Roblox group : Hang Johnny Discord :",1127.0,Long,59,9,223,37,Evening,2220,0.017136840576553024,0.0030134698471480956,0.02015031042370112,1,0,Medium,Beginning,True,False,Evening,Gaming,11.609807136606914,7.543802867501509,5.808142489980444
V4Brdhcndni,Jaded,"Provided to YouTube by Columbia Jaded · Koe Wetzel · Ella Langley Jaded ℗ 2026 Columbia Records, a Division of Sony Music Entertainment, under exclusive license from YellaBush Records Released on: 2026-08-07 Associated Performer: Koe Wetzel & Ella Langley Associated Performer, Vocal: Koe Wetzel Lyricist, Composer, Associated Performer, Vocal: Ella Langley Producer, Percussion, Background Vocal, Acoustic Guitar, Bass, Piano, Synthesizer, Electric Guitar: Gabe Simon Slide Guitar, Programmer, Drums, Percussion, Synthesizer, Composer, Lyricist, Vocal Producer, Producer: Jordan Schmidt Additional Engineer, Electric Guitar, Acoustic Guitar, Dobro, Slide Guitar: Josh Serrato Assistant Producer, Drums: Carrie K Drums: Miles McPherson Composer, Lyricist: Ropyr Wetzel Composer, Lyricist: Ernest K. Smith Mixing Engineer, Recording Engineer: Ryan Hewitt Assistant Recording Engineer: Louis Remenapp Additional Engineer: Maddie Harmon Assistant Recording Engineer: Tate Sablatura Assistant Mixing Engineer: Tyler Spratt Assistant Mixing Engineer: Max Chalice Mastering Engineer: Ted Jensen Auto-generated by YouTube.",2026-08-06 10:00:37+00:00,UCVeh2JXBdVAu7UQFHwZnftw,Koe Wetzel - Topic,10,"['Koe Wetzel', 'Ella Langley', 'Jaded']",PT3M6S,hd,false,7258,754,18,,0,[],[],0,"Provided to YouTube by Columbia Jaded · Koe Wetzel · Ella Langley Jaded ℗ 2026 Columbia Records, a Division of Sony Music Entertainment, under exclusive license from YellaBush Records Released on: 2026-08-07 Associated Performer: Koe Wetzel & Ella Langley Associated Performer, Vocal: Koe Wetzel Lyricist, Composer, Associated Performer, Vocal: Ella Langley Producer, Percussion, Background Vocal, Acoustic Guitar, Bass, Piano, Synthesizer, Electric Guitar: Gabe Simon Slide Guitar, Programmer, Drums, Percussion, Synthesizer, Composer, Lyricist, Vocal Producer, Producer: Jordan Schmidt Additional Engineer, Electric Guitar, Acoustic Guitar, Dobro, Slide Guitar: Josh Serrato Assistant Producer, Drums: Carrie K Drums: Miles McPherson Composer, Lyricist: Ropyr Wetzel Composer, Lyricist: Ernest K. Smith Mixing Engineer, Recording Engineer: Ryan Hewitt Assistant Recording Engineer: Louis Remenapp Additional Engineer: Maddie Harmon Assistant Recording Engineer: Tate Sablatura Assistant Mixing Engineer: Tyler Spratt Assistant Mixing Engineer: Max Chalice Mastering Engineer: Ted Jensen Auto-generated by YouTube.","['Koe Wetzel', 'Ella Langley', 'Jaded']",3,2026-08-06,8,August,6,Thursday,32,False,10,0,37,"['Provided', 'YouTube', 'Columbia', 'Jaded', '·', 'Koe', 'Wetzel', '·', 'Ella', 'Langley', 'Jaded', '℗', '2026', 'Columbia', 'Records', ',', 'Division', 'Sony', 'Music', 'Entertainment', ',', 'exclusive', 'license', 'YellaBush', 'Records', 'Released', ':', '2026-08-07', 'Associated', 'Performer', ':', 'Koe', 'Wetzel', '&', 'Ella', 'Langley', 'Associated', 'Performer', ',', 'Vocal', ':', 'Koe', 'Wetzel', 'Lyricist', ',', 'Composer', ',', 'Associated', 'Performer', ',', 'Vocal', ':', 'Ella', 'Langley', 'Producer', ',', 'Percussion', ',', 'Background', 'Vocal', ',', 'Acoustic', 'Guitar', ',', 'Bass', ',', 'Piano', ',', 'Synthesizer', ',', 'Electric', 'Guitar', ':', 'Gabe', 'Simon', 'Slide', 'Guitar', ',', 'Programmer', ',', 'Drums', ',', 'Percussion', ',', 'Synthesizer', ',', 'Composer', ',', 'Lyricist', ',', 'Vocal', 'Producer', ',', 'Producer', ':', 'Jordan', 'Schmidt', 'Additional', 'Engineer', ',', 'Electric', 'Guitar', ',', 'Acoustic', 'Guitar', ',', 'Dobro', ',', 'Slide', 'Guitar', ':', 'Josh', 'Serrato', 'Assistant', 'Producer', ',', 'Drums', ':', 'Carrie', 'K', 'Drums', ':', 'Miles', 'McPherson', 'Composer', ',', 'Lyricist', ':', 'Ropyr', 'Wetzel', 'Composer', ',', 'Lyricist', ':', 'Ernest', 'K.', 'Smith', 'Mixing', 'Engineer', ',', 'Recording', 'Engineer', ':', 'Ryan', 'Hewitt', 'Assistant', 'Recording', 'Engineer', ':', 'Louis', 'Remenapp', 'Additional', 'Engineer', ':', 'Maddie', 'Harmon', 'Assistant', 'Recording', 'Engineer', ':', 'Tate', 'Sablatura', 'Assistant', 'Mixing', 'Engineer', ':', 'Tyler', 'Spratt', 'Assistant', 'Mixing', 'Engineer', ':', 'Max', 'Chalice', 'Mastering', 'Engineer', ':', 'Ted', 'Jensen', 'Auto-generated', 'YouTube', '.']","Provided YouTube Columbia Jaded · Koe Wetzel · Ella Langley Jaded ℗ 2026 Columbia Records , Division Sony Music Entertainment , exclusive license YellaBush Records Released : 2026-08-07 Associated Performer : Koe Wetzel & Ella Langley Associated Performer , Vocal : Koe Wetzel Lyricist , Composer , Associated Performer , Vocal : Ella Langley Producer , Percussion , Background Vocal , Acoustic Guitar , Bass , Piano , Synthesizer , Electric Guitar : Gabe Simon Slide Guitar , Programmer , Drums , Percussion , Synthesizer , Composer , Lyricist , Vocal Producer , Producer : Jordan Schmidt Additional Engineer , Electric Guitar , Acoustic Guitar , Dobro , Slide Guitar : Josh Serrato Assistant Producer , Drums : Carrie K Drums : Miles McPherson Composer , Lyricist : Ropyr Wetzel Composer , Lyricist : Ernest K. Smith Mixing Engineer , Recording Engineer : Ryan Hewitt Assistant Recording Engineer : Louis Remenapp Additional Engineer : Maddie Harmon Assistant Recording Engineer : Tate Sablatura Assistant Mixing Engineer : Tyler Spratt Assistant Mixing Engineer : Max Chalice Mastering Engineer : Ted Jensen Auto-generated YouTube .",186.0,Medium,5,1,1115,142,Morning,772,0.10388536786993662,0.002480022044640397,0.10636538991457702,1,0,Low,Beginning,False,False,Morning,Music,8.889997357284841,6.626717749249025,2.9444389791664403
U2Abamteum4,I ram Admins with Limo... GTA 5 RP,2nd channel - VODS - Stream - Twitter - Instagram - Discord - Slackjaw website - Get 10% off your Gamer Supps order here - friendings in vid @EthanhasYouTube Outro song - © 2026 Sniping Soup (liquidmetall711),2026-08-06 21:01:21+00:00,UCifRgVk-GEo1_vvf8x53t6A,Soup,20,"['comedy', 'funny', 'funny moments', 'gameplay', 'soup', 'sniping soup']",PT49M22S,hd,false,115552,6257,315,https://www.youtube.com/user/SnipingSoup | https://www.youtube.com/channel/UCeJnECtsGqzCQd7rP81-KnA | https://www.twitch.tv/snipingsoup | https://twitter.com/Sniping_Soup | https://instagram.com/dallas_soup/ | https://discordapp.com/invite/soup | https://www.slackjawband.com/ | https://gamersupps.gg/Soup | https://www.youtube.com/watch?v=SkmHOkP5B-Q,9,"['YouTube', 'Twitch', 'Twitter/X', 'Instagram', 'Other']",[],0,➤ 2nd channel - ➤ VODS - ➤ Stream - ➤ Twitter - ➤ Instagram - ➤ Discord - ➤ Slackjaw website - Get 10% off your Gamer Supps order here - friendings in vid @EthanhasYouTube Outro song - © 2026 Sniping Soup (liquidmetall711),"['comedy', 'funny', 'funny moments', 'gameplay', 'soup', 'sniping soup']",6,2026-08-06,8,August,6,Thursday,32,False,21,1,21,"['2nd', 'channel', '-', 'VODS', '-', 'Stream', '-', 'Twitter', '-', 'Instagram', '-', 'Discord', '-', 'Slackjaw', 'website', '-', 'Get', '10', '%', 'Gamer', 'Supps', 'order', '-', 'friendings', 'vid', '@', 'EthanhasYouTube', 'Outro', 'song', '-', '©', '2026', 'Sniping', 'Soup', '(', 'liquidmetall711', ')']",2nd channel - VODS - Stream - Twitter - Instagram - Discord - Slackjaw website - Get 10 % Gamer Supps order - friendings vid @ EthanhasYouTube Outro song - © 2026 Sniping Soup ( liquidmetall711 ),2962.0,Long,34,8,208,37,Evening,6572,0.05414878150096926,0.002726045416782055,0.056874826917751316,1,0,Medium,Beginning,True,False,Evening,Gaming,11.657484578152172,8.741615924228828,5.755742213586912
Jxmzxwwghac,Big Yavo - Huffy Bike (Official Music Video),"Watch the official music video for Big Yavo's ""Huffy Bike"" from the new project ""Like Yay 2"" out now. Stream/Download ""Like Yay 2"": Text Yavo - +1 (205) 236-9250 Follow Big Yavo Everywhere:",2026-08-05 20:00:06+00:00,UCWwl_PGpc33Eqd5V_h3J5LQ,Big Yavo,10,"['big yavo', 'rylo rodriguez', 'lil baby', 'luh soldier', '4pf', 'li heat', 'noodah05', 'lil bam', 'youngboy', 'youngboy never broke again', 'quando rondo', 'gucci mane', 'big30', 'pooh shiesty', 'moneybagg yo', 'foogiano', 'rap', 'hip-hop', 'cinematic music group', 'birmingham', 'birmingham rap', 'the largest', 'big yavo the largest', 'gorilla gang', 'dingers', 'big yavo dingers']",PT2M20S,hd,false,68347,6107,146,https://bigyavo.ffm.to/likeyay2 | https://www.instagram.com/big_yavo/ | https://twitter.com/bigyavo | https://soundcloud.com/user-102232409 | https://audiomack.com/artist/big-yavo | https://spoti.fi/2ZzvZ0D,6,"['Other', 'Instagram', 'Twitter/X', 'SoundCloud']","['#BigYavo', '#HuffyBike', '#likeyay2']",3,"Watch the official music video for Big Yavo's ""Huffy Bike"" from the new project ""Like Yay 2"" out now. Stream/Download ""Like Yay 2"": Text Yavo - +1 (205) 236-9250 Follow Big Yavo Everywhere:","['big yavo', 'rylo rodriguez', 'lil baby', 'luh soldier', '4pf', 'li heat', 'noodah05', 'lil bam', 'youngboy', 'youngboy never broke again', 'quando rondo', 'gucci mane', 'big30', 'pooh shiesty', 'moneybagg yo', 'foogiano', 'rap', 'hip-hop', 'cinematic music group', 'birmingham', 'birmingham rap', 'the largest', 'big yavo the largest', 'gorilla gang', 'dingers', 'big yavo dingers']",26,2026-08-05,8,August,5,Wednesday,32,False,20,0,6,"['Watch', 'official', 'music', 'video', 'Big', 'Yavo', ""'s"", '``', 'Huffy', 'Bike', ""''"", 'new', 'project', '``', 'Like', 'Yay', '2', ""''"", '.', 'Stream/Download', '``', 'Like', 'Yay', '2', ""''"", ':', 'Text', 'Yavo', '-', '+1', '(', '205', ')', '236-9250', 'Follow', 'Big', 'Yavo', 'Everywhere', ':']",Watch official music video Big Yavo 's `` Huffy Bike '' new project `` Like Yay 2 '' . Stream/Download `` Like Yay 2 '' : Text Yavo - +1 ( 205 ) 236-9250 Follow Big Yavo Everywhere :,140.0,Medium,44,8,189,33,Evening,6253,0.08935286113509006,0.0021361581342268132,0.09148901926931687,1,0,Low,Beginning,False,False,Evening,Music,11.132367580568165,8.717354666338522,4.990432586778736
Tnolehody2W,Trying Insane Spots In Meccha Chameleon ,i may have lost my touch guys ------------------------------------------- Friends In Video: @Yumi @SMii7Y @imSovi ------------------------------------------- × SOCIALS: - Second Channel: - Group Channel: - Twitch: - Instagram: - Outro Music: ------------------------------------------- × thumbnail artist: × editor:,2026-08-06 22:13:53+00:00,UCCY0PEQgZbhXm6-0WHiHJEw,daukey,20,"['daukey', 'funny moments', 'horror gaming', 'funny horror moments', 'scary funny moments', 'gaming funny moments', 'multiplayer funny moments', 'horror game funny', 'jumpscare reactions', 'try not to laugh gaming', 'chaotic gaming', 'cursed gaming moments', 'meme gaming', 'viral gaming', 'best funny moments gaming', 'comedy gaming', 'scary games with friends', 'indie horror funny moments', 'unexpected funny moments', 'horror game chaos', 'party games funny moments', 'trending gaming', 'youtube gaming']",PT41M37S,hd,false,124931,8417,177,https://www.youtube.com/@daukeytoo | https://www.youtube.com/@WeAreImaginaryFriends | https://www.twitch.tv/daukey | https://www.instagram.com/imdaukey/ | https://www.youtube.com/@ludandschlattsmusicalempor6746 | https://www.youtube.com/@Ashterismart | https://www.youtube.com/@NoBuenoMan,7,"['YouTube', 'Twitch', 'Instagram']",[],0,i may have lost my touch guys ------------------------------------------- Friends In Video: @Yumi @SMii7Y @imSovi ------------------------------------------- × SOCIALS: - Second Channel: - Group Channel: - Twitch: - Instagram: - Outro Music: ------------------------------------------- × thumbnail artist: × editor:,"['daukey', 'funny moments', 'horror gaming', 'funny horror moments', 'scary funny moments', 'gaming funny moments', 'multiplayer funny moments', 'horror game funny', 'jumpscare reactions', 'try not to laugh gaming', 'chaotic gaming', 'cursed gaming moments', 'meme gaming', 'viral gaming', 'best funny moments gaming', 'comedy gaming', 'scary games with friends', 'indie horror funny moments', 'unexpected funny moments', 'horror game chaos', 'party games funny moments', 'trending gaming', 'youtube gaming']",23,2026-08-06,8,August,6,Thursday,32,False,22,13,53,"['may', 'lost', 'touch', 'guy', '--', '--', '--', '--', '--', '--', '--', '--', '--', '--', '--', '--', '--', '--', '--', '--', '--', '--', '--', '--', '--', '-', 'Friends', 'In', 'Video', ':', '@', 'Yumi', '@', 'SMii7Y', '@', 'imSovi', '--', '--', '--', '--', '--', '--', '--', '--', '--', '--', '--', '--', '--', '--', '--', '--', '--', '--', '--', '--', '--', '-', '×', 'SOCIALS', ':', '-', 'Second', 'Channel', ':', '-', 'Group', 'Channel', ':', '-', 'Twitch', ':', '-', 'Instagram', ':', '-', 'Outro', 'Music', ':', '--', '--', '--', '--', '--', '--', '--', '--', '--', '--', '--', '--', '--', '--', '--', '--', '--', '--', '--', '--', '--', '-', '×', 'thumbnail', 'artist', ':', '×', 'editor', ':']",may lost touch guy -- -- -- -- -- -- -- -- -- -- -- -- -- -- -- -- -- -- -- -- -- - Friends In Video : @ Yumi @ SMii7Y @ imSovi -- -- -- -- -- -- -- -- -- -- -- -- -- -- -- -- -- -- -- -- -- - × SOCIALS : - Second Channel : - Group Channel : - Twitch : - Instagram : - Outro Music : -- -- -- -- -- -- -- -- -- -- -- -- -- -- -- -- -- -- -- -- -- - × thumbnail artist : × editor :,2497.0,Long,40,6,315,36,Evening,8594,0.06737319000088049,0.001416782063699162,0.06878997206457965,1,0,High,Beginning,True,False,Night,Gaming,11.735524868262754,9.038127549330516,5.181783550292085
Aefohsfetii,Wale - Overthink (ft. Elmiene),Stream 'Overthink': Credits: Production Company: Triptych Studios Director: Lawrence Mahone Producer: Cydia Flowers Director of Photography: Gary Walker Gaffer: Qu Worthy Production Coordinator: Devin Cooley Production Designer: Mariah Bennett Makeup Artist: Kelsea-Abrams Haggard Color: Diamond Visuals Model: Adonia Bree BTS Video: Jay Wood Show Video: Nik Giles Show Video: Dani Ace Follow Wale:,2026-08-05 16:00:06+00:00,UCN5dSZVxZtDULZ-ogtbEh4Q,Wale,10,[],PT3M30S,hd,false,118844,9492,425,https://wale.lnk.to/overthink | https://www.instagram.com/wale | https://x.com/wale | https://www.tiktok.com/@wale | https://www.facebook.com/waleofficial,5,"['Other', 'Instagram', 'Twitter/X', 'TikTok', 'Facebook']",[],0,Stream 'Overthink': Credits: Production Company: Triptych Studios Director: Lawrence Mahone Producer: Cydia Flowers Director of Photography: Gary Walker Gaffer: Qu Worthy Production Coordinator: Devin Cooley Production Designer: Mariah Bennett Makeup Artist: Kelsea-Abrams Haggard Color: Diamond Visuals Model: Adonia Bree BTS Video: Jay Wood Show Video: Nik Giles Show Video: Dani Ace Follow Wale:,[],0,2026-08-05,8,August,5,Wednesday,32,False,16,0,6,"['Stream', ""'"", 'Overthink', ""'"", ':', 'Credits', ':', 'Production', 'Company', ':', 'Triptych', 'Studios', 'Director', ':', 'Lawrence', 'Mahone', 'Producer', ':', 'Cydia', 'Flowers', 'Director', 'Photography', ':', 'Gary', 'Walker', 'Gaffer', ':', 'Qu', 'Worthy', 'Production', 'Coordinator', ':', 'Devin', 'Cooley', 'Production', 'Designer', ':', 'Mariah', 'Bennett', 'Makeup', 'Artist', ':', 'Kelsea-Abrams', 'Haggard', 'Color', ':', 'Diamond', 'Visuals', 'Model', ':', 'Adonia', 'Bree', 'BTS', 'Video', ':', 'Jay', 'Wood', 'Show', 'Video', ':', 'Nik', 'Giles', 'Show', 'Video', ':', 'Dani', 'Ace', 'Follow', 'Wale', ':']",Stream ' Overthink ' : Credits : Production Company : Triptych Studios Director : Lawrence Mahone Producer : Cydia Flowers Director Photography : Gary Walker Gaffer : Qu Worthy Production Coordinator : Devin Cooley Production Designer : Mariah Bennett Makeup Artist : Kelsea-Abrams Haggard Color : Diamond Visuals Model : Adonia Bree BTS Video : Jay Wood Show Video : Nik Giles Show Video : Dani Ace Follow Wale :,210.0,Medium,30,5,398,53,Afternoon,9917,0.07986940863653193,0.00357611658981522,0.08344552522634714,1,0,Medium,Beginning,False,False,Afternoon,Music,11.685575402067451,9.158309963881798,6.054439346269371
Q8Gsoap5Uuo,I Hired an Army of Assassins on Lifesteal,"Lifesteal is back, and so am I. Season 8 starts now. Lifesteal Merch:",2026-08-06 13:30:27+00:00,UCk56ama_RvUkMzexS8I9SIQ,Branzy,20,[],PT30M16S,hd,false,310973,13553,839,https://lifesteal.shop/branzy,1,['Other'],[],0,"Lifesteal is back, and so am I. Season 8 starts now. Lifesteal Merch:",[],0,2026-08-06,8,August,6,Thursday,32,False,13,30,27,"['Lifesteal', 'back', ',', 'I', '.', 'Season', '8', 'start', '.', 'Lifesteal', 'Merch', ':']","Lifesteal back , I . Season 8 start . Lifesteal Merch :",1816.0,Long,41,8,69,13,Afternoon,14392,0.04358256183012673,0.0026979834262138513,0.04628054525634058,1,0,Very High,Beginning,True,False,Afternoon,Gaming,12.647464586380416,9.514436985696058,6.733401891837359
Av_D9Fmskok,Around Me,Provided to YouTube by Hitmaker Around Me · Noodah 05 Around Me ℗ Noodah 05 Released on: 2026-07-30 Arranger: Noodah 05 Vocals: Noodah 05 Composer: Brian Alexander Auto-generated by YouTube.,2026-07-31 05:45:22+00:00,UCUS4liuQ76c0CU97mGmyfVg,Release - Topic,10,"['Noodah 05', 'Around Me']",PT1M30S,hd,false,134207,4324,0,,0,[],[],0,Provided to YouTube by Hitmaker Around Me · Noodah 05 Around Me ℗ Noodah 05 Released on: 2026-07-30 Arranger: Noodah 05 Vocals: Noodah 05 Composer: Brian Alexander Auto-generated by YouTube.,"['Noodah 05', 'Around Me']",2,2026-07-31,7,July,31,Friday,31,False,5,45,22,"['Provided', 'YouTube', 'Hitmaker', 'Around', 'Me', '·', 'Noodah', '05', 'Around', 'Me', '℗', 'Noodah', '05', 'Released', ':', '2026-07-30', 'Arranger', ':', 'Noodah', '05', 'Vocals', ':', 'Noodah', '05', 'Composer', ':', 'Brian', 'Alexander', 'Auto-generated', 'YouTube', '.']",Provided YouTube Hitmaker Around Me · Noodah 05 Around Me ℗ Noodah 05 Released : 2026-07-30 Arranger : Noodah 05 Vocals : Noodah 05 Composer : Brian Alexander Auto-generated YouTube .,90.0,Medium,9,2,190,30,Night,4324,0.03221888575111581,0.0,0.03221888575111581,1,0,High,End,False,False,Late Night,Music,11.807146114261592,8.37216741936598,0.0
Gqptry8P_Q4,ROBLOX MUKBANG has a DARK SECRET..,Today Tyler & Snowi uncover SCARY MUKBANG SECRETS in Roblox! Can we FIND ALL SECRETS and find the HIDDEN LORE!? This ROBLOX SCARY MUKBANG GAME has so many FUNNY MOMENTS! Don't forget to SUBSCRIBE & leave a like if you enjoyed! Join our Roblox Group here! [1037],2026-08-05 23:44:31+00:00,UCzzF1kdBgwv5RB6rbB6kVSA,Tyler & Snowi,20,"['roblox', 'funny moments', 'funny', 'moments', 'roblox funny moments', 'tyler', 'snowi', 'tyler and snowi', 'tyler & snowi', 'mukbang', 'mukbang videos', 'roblox mukbang', 'roblox mukang game', 'mukbang roblox', 'mukbang game roblox', 'roblox mukbang asmr', 'roblox mukbang videos', 'roblox mukbang asmr funny', 'mukbang asmr', 'mukbang asmr roblox', 'mukbang asmr roblox game', 'best roblox mukbang games', 'roblox mukbang secrets', 'roblox mukbang secret', 'roblox mukbang scary', 'scary mukbang', 'roblox scary mukbang', 'scary', 'dog', 'fox']",PT14M56S,hd,false,1061042,58944,1582,https://www.roblox.com/groups/15659093/Tyler-and-Snowi,1,['Twitter/X'],"['#funnymoments', '#cartoon', '#roblox']",3,Today Tyler & Snowi uncover SCARY MUKBANG SECRETS in Roblox! 😋🍽️ Can we FIND ALL SECRETS and find the HIDDEN LORE!? This ROBLOX SCARY MUKBANG GAME has so many FUNNY MOMENTS! 👉Don't forget to SUBSCRIBE & leave a like 👍 if you enjoyed! Join our Roblox Group here! [1037],"['roblox', 'funny moments', 'funny', 'moments', 'roblox funny moments', 'tyler', 'snowi', 'tyler and snowi', 'tyler & snowi', 'mukbang', 'mukbang videos', 'roblox mukbang', 'roblox mukang game', 'mukbang roblox', 'mukbang game roblox', 'roblox mukbang asmr', 'roblox mukbang videos', 'roblox mukbang asmr funny', 'mukbang asmr', 'mukbang asmr roblox', 'mukbang asmr roblox game', 'best roblox mukbang games', 'roblox mukbang secrets', 'roblox mukbang secret', 'roblox mukbang scary', 'scary mukbang', 'roblox scary mukbang', 'scary', 'dog', 'fox']",30,2026-08-05,8,August,5,Wednesday,32,False,23,44,31,"['Today', 'Tyler', '&', 'Snowi', 'uncover', 'SCARY', 'MUKBANG', 'SECRETS', 'Roblox', '!', 'Can', 'FIND', 'ALL', 'SECRETS', 'find', 'HIDDEN', 'LORE', '!', '?', 'This', 'ROBLOX', 'SCARY', 'MUKBANG', 'GAME', 'many', 'FUNNY', 'MOMENTS', '!', 'Do', ""n't"", 'forget', 'SUBSCRIBE', '&', 'leave', 'like', 'enjoyed', '!', 'Join', 'Roblox', 'Group', '!', '[', '1037', ']']",Today Tyler & Snowi uncover SCARY MUKBANG SECRETS Roblox ! Can FIND ALL SECRETS find HIDDEN LORE ! ? This ROBLOX SCARY MUKBANG GAME many FUNNY MOMENTS ! Do n't forget SUBSCRIBE & leave like enjoyed ! Join Roblox Group ! [ 1037 ],896.0,Long,34,6,261,47,Evening,60526,0.05555293758399762,0.0014909871616769176,0.05704392474567453,1,0,Very High,Beginning,True,False,Night,Gaming,13.87476294457885,10.984360084726228,7.367077059881012
Ic-Bjhmgmrk,Rebecca Black - Michael. (Official Video),"Michael. Out now. Rebecca Black's sophomore album ""Age of the Exhibitionist"" out September 4. Pre-save the album + pre-order the vinyl now. linktr.ee/rebecca.black Directed by Rebecca Black and Sabra Binder Production Company - Sworn Friend Studios Executive Producers - Giovanna Trujillo and Caro Knapp Producer - Giovanna Trujillo Movement Director - Richy Jackson Director of Photography - Larry Armstrong 1st AC - Edgar Plascencia Gaffer - Nick Haaf BBG - Jaison Cabebe Hair Stylist - Gregg Lennon Jr Makeup Artist - Nick Lennon Wardrobe Stylist - Dot Bass Tailor - Elena Lark NY Wardrobe Assist - Kyle Gleason LA Wardrobe Assist - Hannah Loewen BTS - Mikhal Sanchez Production Assistant - Regan Jones Media Wrangler - Justin La Turno Camera Rentals - Milk Digital G&E Rentals - Terraform LA Chair Rental - Gil & Roy Post Production - Modern Post Editor, Modern Post - Lauren Friedman Assistant Editor, Modern Post - Ava Newman Senior Producer, Modern Post - Doris Boroje Colorist - Nicholas Lindell-Wright Color Producer - Pablo García Contreras Where to keep up with Rebecca: Booking: RebeccaBlackTeam@unitedtalent.com Lyrics: His name is Michael And he's got all the things you need His love is bible But what if Michael could be me? He’s on your mind But what if I took ahold of you It might be crazy, baby But I, I See his angel smile His devilish lips controlling you It's a risk worth taking We’ll fly, fly (His name is) Sent from above (His name is) under your tongue (His name is) Not hot enough For your heat, your fire I promise I’ll take you higher His name is Michael And he's got all the things you need His love is bible But what if Michael could be me, be me? It could be me It could be me It could be me It could be me It could be me It could be me It could be me Ummm..I know this might be a hail mary…. But I saw you over there, from across the bar… And you’ve just got that kind of, you know… Smile, that makes the world jealous And if you give me the chance I promise I won’t let you down! His name is Michael And he's got all the things you need His love is bible (bible) But what if Michael could be me, be me? It could be me It could be me It could be me It could be me It could be me (Michael, don’t you know!) It could be me It could be me I wouldn’t mind I wouldn’t mind To be yours tonight I-I wouldn’t mind I-I wouldn’t mind",2026-08-07 04:00:06+00:00,UCGPI7zCpQYpPhDLdOAmpAww,rebecca,10,"['Friday Rebecca Black', 'Rebecca Black Friday', 'Friday', 'Rebecca Black']",PT3M31S,hd,false,16547,3011,365,https://www.tiktok.com/@msrebeccablack​​ | http://instagram.com/msrebeccablack​​ | http://twitter.com/msrebeccablack​​ | http://facebook.com/iamrebeccablack​​,4,"['TikTok', 'Instagram', 'Twitter/X', 'Facebook']",[],0,"Michael. Out now. Rebecca Black's sophomore album ""Age of the Exhibitionist"" out September 4. Pre-save the album + pre-order the vinyl now. linktr.ee/rebecca.black Directed by Rebecca Black and Sabra Binder Production Company - Sworn Friend Studios Executive Producers - Giovanna Trujillo and Caro Knapp Producer - Giovanna Trujillo Movement Director - Richy Jackson Director of Photography - Larry Armstrong 1st AC - Edgar Plascencia Gaffer - Nick Haaf BBG - Jaison Cabebe Hair Stylist - Gregg Lennon Jr Makeup Artist - Nick Lennon Wardrobe Stylist - Dot Bass Tailor - Elena Lark NY Wardrobe Assist - Kyle Gleason LA Wardrobe Assist - Hannah Loewen BTS - Mikhal Sanchez Production Assistant - Regan Jones Media Wrangler - Justin La Turno Camera Rentals - Milk Digital G&E Rentals - Terraform LA Chair Rental - Gil & Roy Post Production - Modern Post Editor, Modern Post - Lauren Friedman Assistant Editor, Modern Post - Ava Newman Senior Producer, Modern Post - Doris Boroje Colorist - Nicholas Lindell-Wright Color Producer - Pablo García Contreras Where to keep up with Rebecca: Booking: RebeccaBlackTeam@unitedtalent.com Lyrics: His name is Michael And he's got all the things you need His love is bible But what if Michael could be me? He’s on your mind But what if I took ahold of you It might be crazy, baby But I, I See his angel smile His devilish lips controlling you It's a risk worth taking We’ll fly, fly (His name is) Sent from above (His name is) under your tongue (His name is) Not hot enough For your heat, your fire I promise I’ll take you higher His name is Michael And he's got all the things you need His love is bible But what if Michael could be me, be me? It could be me It could be me It could be me It could be me It could be me It could be me It could be me Ummm..I know this might be a hail mary…. But I saw you over there, from across the bar… And you’ve just got that kind of, you know… Smile, that makes the world jealous And if you give me the chance I promise I won’t let you down! His name is Michael And he's got all the things you need His love is bible (bible) But what if Michael could be me, be me? It could be me It could be me It could be me It could be me It could be me (Michael, don’t you know!) It could be me It could be me I wouldn’t mind I wouldn’t mind To be yours tonight I-I wouldn’t mind I-I wouldn’t mind","['Friday Rebecca Black', 'Rebecca Black Friday', 'Friday', 'Rebecca Black']",4,2026-08-07,8,August,7,Friday,32,False,4,0,6,"['Michael', '.', 'Out', '.', 'Rebecca', 'Black', ""'s"", 'sophomore', 'album', '``', 'Age', 'Exhibitionist', ""''"", 'September', '4', '.', 'Pre-save', 'album', '+', 'pre-order', 'vinyl', '.', 'linktr.ee/rebecca.black', 'Directed', 'Rebecca', 'Black', 'Sabra', 'Binder', 'Production', 'Company', '-', 'Sworn', 'Friend', 'Studios', 'Executive', 'Producers', '-', 'Giovanna', 'Trujillo', 'Caro', 'Knapp', 'Producer', '-', 'Giovanna', 'Trujillo', 'Movement', 'Director', '-', 'Richy', 'Jackson', 'Director', 'Photography', '-', 'Larry', 'Armstrong', '1st', 'AC', '-', 'Edgar', 'Plascencia', 'Gaffer', '-', 'Nick', 'Haaf', 'BBG', '-', 'Jaison', 'Cabebe', 'Hair', 'Stylist', '-', 'Gregg', 'Lennon', 'Jr', 'Makeup', 'Artist', '-', 'Nick', 'Lennon', 'Wardrobe', 'Stylist', '-', 'Dot', 'Bass', 'Tailor', '-', 'Elena', 'Lark', 'NY', 'Wardrobe', 'Assist', '-', 'Kyle', 'Gleason', 'LA', 'Wardrobe', 'Assist', '-', 'Hannah', 'Loewen', 'BTS', '-', 'Mikhal', 'Sanchez', 'Production', 'Assistant', '-', 'Regan', 'Jones', 'Media', 'Wrangler', '-', 'Justin', 'La', 'Turno', 'Camera', 'Rentals', '-', 'Milk', 'Digital', 'G', '&', 'E', 'Rentals', '-', 'Terraform', 'LA', 'Chair', 'Rental', '-', 'Gil', '&', 'Roy', 'Post', 'Production', '-', 'Modern', 'Post', 'Editor', ',', 'Modern', 'Post', '-', 'Lauren', 'Friedman', 'Assistant', 'Editor', ',', 'Modern', 'Post', '-', 'Ava', 'Newman', 'Senior', 'Producer', ',', 'Modern', 'Post', '-', 'Doris', 'Boroje', 'Colorist', '-', 'Nicholas', 'Lindell-Wright', 'Color', 'Producer', '-', 'Pablo', 'García', 'Contreras', 'Where', 'keep', 'Rebecca', ':', 'Booking', ':', 'RebeccaBlackTeam', '@', 'unitedtalent.com', 'Lyrics', ':', 'His', 'name', 'Michael', 'And', ""'s"", 'got', 'thing', 'need', 'His', 'love', 'bible', 'But', 'Michael', 'could', '?', 'He', '’', 'mind', 'But', 'I', 'took', 'ahold', 'It', 'might', 'crazy', ',', 'baby', 'But', 'I', ',', 'I', 'See', 'angel', 'smile', 'His', 'devilish', 'lip', 'controlling', 'It', ""'s"", 'risk', 'worth', 'taking', 'We', '’', 'fly', ',', 'fly', '(', 'His', 'name', ')', 'Sent', '(', 'His', 'name', ')', 'tongue', '(', 'His', 'name', ')', 'Not', 'hot', 'enough', 'For', 'heat', ',', 'fire', 'I', 'promise', 'I', '’', 'take', 'higher', 'His', 'name', 'Michael', 'And', ""'s"", 'got', 'thing', 'need', 'His', 'love', 'bible', 'But', 'Michael', 'could', ',', '?', 'It', 'could', 'It', 'could', 'It', 'could', 'It', 'could', 'It', 'could', 'It', 'could', 'It', 'could', 'Ummm', '..', 'I', 'know', 'might', 'hail', 'mary…', '.', 'But', 'I', 'saw', ',', 'across', 'bar…', 'And', '’', 'got', 'kind', ',', 'know…', 'Smile', ',', 'make', 'world', 'jealous', 'And', 'give', 'chance', 'I', 'promise', 'I', '’', 'let', '!', 'His', 'name', 'Michael', 'And', ""'s"", 'got', 'thing', 'need', 'His', 'love', 'bible', '(', 'bible', ')', 'But', 'Michael', 'could', ',', '?', 'It', 'could', 'It', 'could', 'It', 'could', 'It', 'could', 'It', 'could', '(', 'Michael', ',', '’', 'know', '!', ')', 'It', 'could', 'It', 'could', 'I', '’', 'mind', 'I', '’', 'mind', 'To', 'tonight', 'I-I', '’', 'mind', 'I-I', '’', 'mind']","Michael . Out . Rebecca Black 's sophomore album `` Age Exhibitionist '' September 4 . Pre-save album + pre-order vinyl . linktr.ee/rebecca.black Directed Rebecca Black Sabra Binder Production Company - Sworn Friend Studios Executive Producers - Giovanna Trujillo Caro Knapp Producer - Giovanna Trujillo Movement Director - Richy Jackson Director Photography - Larry Armstrong 1st AC - Edgar Plascencia Gaffer - Nick Haaf BBG - Jaison Cabebe Hair Stylist - Gregg Lennon Jr Makeup Artist - Nick Lennon Wardrobe Stylist - Dot Bass Tailor - Elena Lark NY Wardrobe Assist - Kyle Gleason LA Wardrobe Assist - Hannah Loewen BTS - Mikhal Sanchez Production Assistant - Regan Jones Media Wrangler - Justin La Turno Camera Rentals - Milk Digital G & E Rentals - Terraform LA Chair Rental - Gil & Roy Post Production - Modern Post Editor , Modern Post - Lauren Friedman Assistant Editor , Modern Post - Ava Newman Senior Producer , Modern Post - Doris Boroje Colorist - Nicholas Lindell-Wright Color Producer - Pablo García Contreras Where keep Rebecca : Booking : RebeccaBlackTeam @ unitedtalent.com Lyrics : His name Michael And 's got thing need His love bible But Michael could ? He ’ mind But I took ahold It might crazy , baby But I , I See angel smile His devilish lip controlling It 's risk worth taking We ’ fly , fly ( His name ) Sent ( His name ) tongue ( His name ) Not hot enough For heat , fire I promise I ’ take higher His name Michael And 's got thing need His love bible But Michael could , ? It could It could It could It could It could It could It could Ummm .. I know might hail mary… . But I saw , across bar… And ’ got kind , know… Smile , make world jealous And give chance I promise I ’ let ! His name Michael And 's got thing need His love bible ( bible ) But Michael could , ? It could It could It could It could It could ( Michael , ’ know ! ) It could It could I ’ mind I ’ mind To tonight I-I ’ mind I-I ’ mind",211.0,Medium,41,6,2357,442,Night,3376,0.1819665196108056,0.02205837916238593,0.20402489877319152,1,0,Low,Beginning,False,False,Late Night,Music,9.714020527581303,8.010359588919783,5.902633333401366
Hgcoi7Eznh8,JOINING DONUT SMP.. (MINECRAFT),KreekCraft joins the Minecraft Donut SMP for the first time SUPPORT THE CHANNEL Become a Member - KreekCraft Merch - Get a Cameo Shoutout - FOLLOW MY SOCIALS Twitter/X - Instagram - TikTok - Snapchat - Twitch - 🟥 ROBLOX 🟦 Roblox Profile - Roblox Group - BUSINESS INQUIRIES kreekcraft@bloxmgmt.com,2026-08-07 03:20:04+00:00,UCxsk7hqE_CwZWGEJEkGanbA,KreekCraft,20,"['donutsmp', 'donut smp', 'donutsmp minecraft', 'donutsmp hardcore', 'donutsmp base raid', 'donutsmp richest', 'donutsmp pvp', 'donutsmp ip', 'donutsmp server', 'donutsmp trap', 'donutsmp economy', 'minecraft smp', 'minecraft hardcore', 'minecraft lifesteal smp', 'minecraft anarchy', 'minecraft survival', 'minecraft pvp', 'minecraft stealing', 'minecraft raiding', 'minecraft server', 'mcpe lifesteal', 'minecraft challenge', 'i joined donutsmp', 'surviving 100 days donutsmp', 'how to get rich donutsmp', 'kreekcraft']",PT1H57M9S,hd,false,206077,6861,246,https://www.youtube.com/kreekcraft/join | https://kreekcraft.store | https://www.cameo.com/kreekcraft | https://twitter.com/kreekcraft | https://www.instagram.com/kreekcraft | https://www.tiktok.com/@dakreekcraft | https://www.snapchat.com/add/kreekcraft | https://www.twitch.tv/kreekcraft | https://www.roblox.com/users/140258990 | https://www.roblox.com/groups/3072234,10,"['YouTube', 'Other', 'Twitter/X', 'Instagram', 'TikTok', 'Twitch']","['#minecraft', '#donutsmp', '#kreekcraft']",3,KreekCraft joins the Minecraft Donut SMP for the first time 👇 SUPPORT THE CHANNEL 👇 👑 Become a Member - 🔥 KreekCraft Merch - 🌟 Get a Cameo Shoutout - 📱 FOLLOW MY SOCIALS 📱 🐦 Twitter/X - 📸 Instagram - 🎵 TikTok - 👻 Snapchat - 💜 Twitch - 🟥 ROBLOX 🟦 👤 Roblox Profile - 👥 Roblox Group - 💼 BUSINESS INQUIRIES 💼 📧 kreekcraft@bloxmgmt.com,"['donutsmp', 'donut smp', 'donutsmp minecraft', 'donutsmp hardcore', 'donutsmp base raid', 'donutsmp richest', 'donutsmp pvp', 'donutsmp ip', 'donutsmp server', 'donutsmp trap', 'donutsmp economy', 'minecraft smp', 'minecraft hardcore', 'minecraft lifesteal smp', 'minecraft anarchy', 'minecraft survival', 'minecraft pvp', 'minecraft stealing', 'minecraft raiding', 'minecraft server', 'mcpe lifesteal', 'minecraft challenge', 'i joined donutsmp', 'surviving 100 days donutsmp', 'how to get rich donutsmp', 'kreekcraft']",26,2026-08-07,8,August,7,Friday,32,False,3,20,4,"['KreekCraft', 'join', 'Minecraft', 'Donut', 'SMP', 'first', 'time', 'SUPPORT', 'THE', 'CHANNEL', 'Become', 'Member', '-', 'KreekCraft', 'Merch', '-', 'Get', 'Cameo', 'Shoutout', '-', 'FOLLOW', 'MY', 'SOCIALS', 'Twitter/X', '-', 'Instagram', '-', 'TikTok', '-', 'Snapchat', '-', 'Twitch', '-', '🟥', 'ROBLOX', '🟦', 'Roblox', 'Profile', '-', 'Roblox', 'Group', '-', 'BUSINESS', 'INQUIRIES', 'kreekcraft', '@', 'bloxmgmt.com']",KreekCraft join Minecraft Donut SMP first time SUPPORT THE CHANNEL Become Member - KreekCraft Merch - Get Cameo Shoutout - FOLLOW MY SOCIALS Twitter/X - Instagram - TikTok - Snapchat - Twitch - 🟥 ROBLOX 🟦 Roblox Profile - Roblox Group - BUSINESS INQUIRIES kreekcraft @ bloxmgmt.com,7029.0,Long,31,4,296,50,Night,7107,0.0332933806295705,0.0011937285577720948,0.034487109187342595,1,0,High,Beginning,True,False,Late Night,Gaming,12.236010016882089,8.833754223418396,5.5093883366279774
Nywycv1Ow78,MAYDAY,"Provided to YouTube by ALFA & OMEGA PUBLISHING INC MAYDAY · Alfredo Olivas MAYDAY ℗ ALFREDO OLIVAS by ALFA & OMEGA PUBLISHING INC, en Distribución Exclusiva por ALFA & OMEGA PUBLISHING INC, 2026 Released on: 2026-08-06 Main Artist: Alfredo Olivas Producer: Alfredo Olivas Composer Lyricist: Alfredo Olivas Music Publisher: SONGS BY ALFA & OMEGA PUBLISHING INC Auto-generated by YouTube.",2026-08-07 00:02:40+00:00,UCK_XFp3F4opmD2PTv6RXVmQ,Alfredo Olivas - Topic,10,"['Alfredo Olivas', 'MAYDAY']",PT3M39S,hd,false,37774,1058,0,,0,[],[],0,"Provided to YouTube by ALFA & OMEGA PUBLISHING INC MAYDAY · Alfredo Olivas MAYDAY ℗ ALFREDO OLIVAS by ALFA & OMEGA PUBLISHING INC, en Distribución Exclusiva por ALFA & OMEGA PUBLISHING INC, 2026 Released on: 2026-08-06 Main Artist: Alfredo Olivas Producer: Alfredo Olivas Composer Lyricist: Alfredo Olivas Music Publisher: SONGS BY ALFA & OMEGA PUBLISHING INC Auto-generated by YouTube.","['Alfredo Olivas', 'MAYDAY']",2,2026-08-07,8,August,7,Friday,32,False,0,2,40,"['Provided', 'YouTube', 'ALFA', '&', 'OMEGA', 'PUBLISHING', 'INC', 'MAYDAY', '·', 'Alfredo', 'Olivas', 'MAYDAY', '℗', 'ALFREDO', 'OLIVAS', 'ALFA', '&', 'OMEGA', 'PUBLISHING', 'INC', ',', 'en', 'Distribución', 'Exclusiva', 'por', 'ALFA', '&', 'OMEGA', 'PUBLISHING', 'INC', ',', '2026', 'Released', ':', '2026-08-06', 'Main', 'Artist', ':', 'Alfredo', 'Olivas', 'Producer', ':', 'Alfredo', 'Olivas', 'Composer', 'Lyricist', ':', 'Alfredo', 'Olivas', 'Music', 'Publisher', ':', 'SONGS', 'BY', 'ALFA', '&', 'OMEGA', 'PUBLISHING', 'INC', 'Auto-generated', 'YouTube', '.']","Provided YouTube ALFA & OMEGA PUBLISHING INC MAYDAY · Alfredo Olivas MAYDAY ℗ ALFREDO OLIVAS ALFA & OMEGA PUBLISHING INC , en Distribución Exclusiva por ALFA & OMEGA PUBLISHING INC , 2026 Released : 2026-08-06 Main Artist : Alfredo Olivas Producer : Alfredo Olivas Composer Lyricist : Alfredo Olivas Music Publisher : SONGS BY ALFA & OMEGA PUBLISHING INC Auto-generated YouTube .",219.0,Medium,6,1,386,59,Night,1058,0.028008683221263302,0.0,0.028008683221263302,1,0,Low,Beginning,False,False,Late Night,Music,10.53940278714094,6.9650803456014065,0.0
R0Mvel7Btbe,The Backrooms Game Marathon w/ Mr Sark!,"Outro Song: Vanoss Merch HERE!: Personal Twitter - Personal Instagram - VanossGaming Twitter - VanossGaming Instagram - VanossGaming TikTok: VanossGaming Facebook Page - Friends in Video: Sark - @TheMrSark Nogla - @DaithiDeNogla Terroriser - @Terroriser Please Ignore or flag spam, negative, or hateful comments. We're here to have a good time. Thanks everyone, and enjoy :]",2026-08-06 03:52:07+00:00,UCKqH_9mk1waLgBiL2vT5b9g,VanossGaming,20,"['Funny Moments', 'Montage video games', 'gaming', 'Vanoss', 'VanossGaming', 'Gameplay', 'Secret', 'Puncake', 'Parody', 'Comedy', 'Remix', 'Epic', 'Trolling', 'Xbox One', 'MultiplayerPS4', 'Funtage']",PT39M12S,hd,false,455600,20926,616,https://www.youtube.com/watch?v=HRPDp9jUNS8 | https://vanosslimited.com | https://twitter.com/evanfong | https://www.instagram.com/evanfong/ | http://twitter.com/#!/VanossGaming | http://instagram.com/vanossinstagram | https://www.tiktok.com/@vanossontiktok | http://www.facebook.com/VanossGaming,8,"['YouTube', 'Other', 'Twitter/X', 'Instagram', 'TikTok', 'Facebook']",[],0,"Outro Song: Vanoss Merch HERE!: Personal Twitter - Personal Instagram - VanossGaming Twitter - VanossGaming Instagram - VanossGaming TikTok: VanossGaming Facebook Page - Friends in Video: Sark - @TheMrSark Nogla - @DaithiDeNogla Terroriser - @Terroriser Please Ignore or flag spam, negative, or hateful comments. We're here to have a good time. Thanks everyone, and enjoy :]","['Funny Moments', 'Montage video games', 'gaming', 'Vanoss', 'VanossGaming', 'Gameplay', 'Secret', 'Puncake', 'Parody', 'Comedy', 'Remix', 'Epic', 'Trolling', 'Xbox One', 'MultiplayerPS4', 'Funtage']",16,2026-08-06,8,August,6,Thursday,32,False,3,52,7,"['Outro', 'Song', ':', 'Vanoss', 'Merch', 'HERE', '!', ':', 'Personal', 'Twitter', '-', 'Personal', 'Instagram', '-', 'VanossGaming', 'Twitter', '-', 'VanossGaming', 'Instagram', '-', 'VanossGaming', 'TikTok', ':', 'VanossGaming', 'Facebook', 'Page', '-', 'Friends', 'Video', ':', 'Sark', '-', '@', 'TheMrSark', 'Nogla', '-', '@', 'DaithiDeNogla', 'Terroriser', '-', '@', 'Terroriser', 'Please', 'Ignore', 'flag', 'spam', ',', 'negative', ',', 'hateful', 'comment', '.', 'We', ""'re"", 'good', 'time', '.', 'Thanks', 'everyone', ',', 'enjoy', ':', ']']","Outro Song : Vanoss Merch HERE ! : Personal Twitter - Personal Instagram - VanossGaming Twitter - VanossGaming Instagram - VanossGaming TikTok : VanossGaming Facebook Page - Friends Video : Sark - @ TheMrSark Nogla - @ DaithiDeNogla Terroriser - @ Terroriser Please Ignore flag spam , negative , hateful comment . We 're good time . Thanks everyone , enjoy : ]",2352.0,Long,39,7,374,56,Night,21542,0.045930640913081654,0.0013520632133450395,0.04728270412642669,1,0,Very High,Beginning,True,False,Late Night,Gaming,13.029372705460569,9.94879547024067,6.424869023905388
_Rw9Kuc1C-K,ME MIRAN,"Provided to YouTube by Sony Music Latin ME MIRAN · LEGADO 7 · Rey Quinto ME MIRAN ℗ 2026 Sony Music Entertainment US Latin LLC, under exclusive license from Legado 7 Corp. Released on: 2026-07-23 Associated Performer: LEGADO 7, Rey Quinto Associated Performer: LEGADO 7 Associated Performer: Rey Quinto Lyricist, Composer, Producer: Alexander Guerra Composer, Lyricist: Arturo Herrera Altamirano Recording Engineer, Mastering Engineer, Mixing Engineer: Gilberto Zavala A& R Director: Gonzalo Herrerías A& R Coordinator: Elida Ibarra Auto-generated by YouTube.",2026-07-24 00:01:35+00:00,UCvzMdnLwZkijXiN1tfk0WyA,Legado 7 - Topic,10,"['LEGADO 7', 'Rey Quinto', 'ME MIRAN']",PT2M44S,hd,false,49795,1017,10,,0,[],[],0,"Provided to YouTube by Sony Music Latin ME MIRAN · LEGADO 7 · Rey Quinto ME MIRAN ℗ 2026 Sony Music Entertainment US Latin LLC, under exclusive license from Legado 7 Corp. Released on: 2026-07-23 Associated Performer: LEGADO 7, Rey Quinto Associated Performer: LEGADO 7 Associated Performer: Rey Quinto Lyricist, Composer, Producer: Alexander Guerra Composer, Lyricist: Arturo Herrera Altamirano Recording Engineer, Mastering Engineer, Mixing Engineer: Gilberto Zavala A& R Director: Gonzalo Herrerías A& R Coordinator: Elida Ibarra Auto-generated by YouTube.","['LEGADO 7', 'Rey Quinto', 'ME MIRAN']",3,2026-07-24,7,July,24,Friday,30,False,0,1,35,"['Provided', 'YouTube', 'Sony', 'Music', 'Latin', 'ME', 'MIRAN', '·', 'LEGADO', '7', '·', 'Rey', 'Quinto', 'ME', 'MIRAN', '℗', '2026', 'Sony', 'Music', 'Entertainment', 'US', 'Latin', 'LLC', ',', 'exclusive', 'license', 'Legado', '7', 'Corp', '.', 'Released', ':', '2026-07-23', 'Associated', 'Performer', ':', 'LEGADO', '7', ',', 'Rey', 'Quinto', 'Associated', 'Performer', ':', 'LEGADO', '7', 'Associated', 'Performer', ':', 'Rey', 'Quinto', 'Lyricist', ',', 'Composer', ',', 'Producer', ':', 'Alexander', 'Guerra', 'Composer', ',', 'Lyricist', ':', 'Arturo', 'Herrera', 'Altamirano', 'Recording', 'Engineer', ',', 'Mastering', 'Engineer', ',', 'Mixing', 'Engineer', ':', 'Gilberto', 'Zavala', 'A', '&', 'R', 'Director', ':', 'Gonzalo', 'Herrerías', 'A', '&', 'R', 'Coordinator', ':', 'Elida', 'Ibarra', 'Auto-generated', 'YouTube', '.']","Provided YouTube Sony Music Latin ME MIRAN · LEGADO 7 · Rey Quinto ME MIRAN ℗ 2026 Sony Music Entertainment US Latin LLC , exclusive license Legado 7 Corp . Released : 2026-07-23 Associated Performer : LEGADO 7 , Rey Quinto Associated Performer : LEGADO 7 Associated Performer : Rey Quinto Lyricist , Composer , Producer : Alexander Guerra Composer , Lyricist : Arturo Herrera Altamirano Recording Engineer , Mastering Engineer , Mixing Engineer : Gilberto Zavala A & R Director : Gonzalo Herrerías A & R Coordinator : Elida Ibarra Auto-generated YouTube .",164.0,Medium,8,2,559,80,Night,1027,0.0204237373230244,0.0002008233758409479,0.020624560698865348,1,0,Low,End,False,False,Late Night,Music,10.815689938501677,6.925595197110468,2.3978952727983707
Uli7Vunq7M8,How Big Can Verity Get?,"I Pranked My Friends with VERITY in Minecraft 🤖 Can Firelight use Falsity to survive the scary Lovity, Cruelity and Enormity abilities? Credit to CommandGeek. Resource pack: Play Minecraft with ME and be in videos! Just click the 'JOIN' button here Buy EYmerch: My Minecraft Server Address: play.eyserver.com You can join this server on Bedrock & Java Edition Tik Tok: Snapchat: Instagram: Email: ey@spawnpointmedia.com Buy Minecraft Marketplace:",2026-08-07 02:00:11+00:00,UC-g_O9HWb5B0rVDG1hLd5Hw,EYstreem,20,"['Eystreem', 'eyestream', 'eystream', 'minecraft', 'roleplay', 'funny', 'prank', 'secret', 'tutorial', 'minecraft bedrock edition', 'make waves', 'jordan', 'scary', 'animation', 'How Big Can Verity Get?', 'verity in minecraft', 'verity', 'eystreem pranks', 'eystreem vs firelight', 'how big can you get in minecraft', 'minecraft pranks', 'how to make your friends rage quit in minecraft', 'eystreem minecraft', 'firelight pranks', 'trolling in minecraft']",PT27M17S,hd,false,260849,4575,514,https://www.commandgeek.com/impossible-shapes | https://www.youtube.com/channel/UC-g_O9HWb5B0rVDG1hLd5Hw/join | https://eystreem.store/ | https://direct.me/eystreem | https://www.snapchat.com/add/eystreemsnap | https://direct.me/eystreem | https://buy.minecraft.net/ey,7,"['Other', 'YouTube']","['#Eystreem', '#Minecraft']",2,"I Pranked My Friends with VERITY in Minecraft 💛🤖 Can Firelight use Falsity to survive the scary Lovity, Cruelity and Enormity abilities? Credit to CommandGeek. Resource pack: Play Minecraft with ME and be in videos! 😝 Just click the 'JOIN' button here ▶ 👕 Buy EYmerch: 🎮 My Minecraft Server Address: play.eyserver.com You can join this server on Bedrock & Java Edition ❤️ Tik Tok: 👻 Snapchat: 📷 Instagram: 📧 Email: ey@spawnpointmedia.com 🌳 Buy Minecraft Marketplace:","['Eystreem', 'eyestream', 'eystream', 'minecraft', 'roleplay', 'funny', 'prank', 'secret', 'tutorial', 'minecraft bedrock edition', 'make waves', 'jordan', 'scary', 'animation', 'How Big Can Verity Get?', 'verity in minecraft', 'verity', 'eystreem pranks', 'eystreem vs firelight', 'how big can you get in minecraft', 'minecraft pranks', 'how to make your friends rage quit in minecraft', 'eystreem minecraft', 'firelight pranks', 'trolling in minecraft']",25,2026-08-07,8,August,7,Friday,32,False,2,0,11,"['I', 'Pranked', 'My', 'Friends', 'VERITY', 'Minecraft', '🤖', 'Can', 'Firelight', 'use', 'Falsity', 'survive', 'scary', 'Lovity', ',', 'Cruelity', 'Enormity', 'ability', '?', 'Credit', 'CommandGeek', '.', 'Resource', 'pack', ':', 'Play', 'Minecraft', 'ME', 'video', '!', 'Just', 'click', ""'"", 'JOIN', ""'"", 'button', 'Buy', 'EYmerch', ':', 'My', 'Minecraft', 'Server', 'Address', ':', 'play.eyserver.com', 'You', 'join', 'server', 'Bedrock', '&', 'Java', 'Edition', 'Tik', 'Tok', ':', 'Snapchat', ':', 'Instagram', ':', 'Email', ':', 'ey', '@', 'spawnpointmedia.com', 'Buy', 'Minecraft', 'Marketplace', ':']","I Pranked My Friends VERITY Minecraft 🤖 Can Firelight use Falsity survive scary Lovity , Cruelity Enormity ability ? Credit CommandGeek . Resource pack : Play Minecraft ME video ! Just click ' JOIN ' button Buy EYmerch : My Minecraft Server Address : play.eyserver.com You join server Bedrock & Java Edition Tik Tok : Snapchat : Instagram : Email : ey @ spawnpointmedia.com Buy Minecraft Marketplace :",1637.0,Long,23,5,446,67,Night,5089,0.01753888264858213,0.0019704886735237626,0.01950937132210589,1,0,High,Beginning,True,False,Late Night,Gaming,12.471700808450539,8.428580533059634,6.244166900663736
He9Nlnxeye8,ROBLOX VOICE CHAT FINALLY BROKE US😭... ft. DUNCANYOUNOT,HEY GUYS!! The collab you've all been waiting for...please welcome @duncanyounot to my channel!! We played total drama roblox and it was the HARDEST game I think I've ever played... Follow My Socials: Instagram.com/stinkyasher Tiktok.com/@stinkyasher Business email - asherl@select.co,2026-08-06 16:08:16+00:00,UCSW20WNOFR_Ifq2qwK8QO-A,StinkyAsher,20,"['Roblox', 'voicechat', 'gameplay', 'gaming', 'unhinged', 'chaotic', 'comedy', 'stinkyasher', 'chaos', 'TRD', 'duncanyounot', 'duncan', 'collab']",PT30M55S,hd,false,202252,13836,1991,,0,[],[],0,HEY GUYS!! The collab you've all been waiting for...please welcome @duncanyounot to my channel!! We played total drama roblox and it was the HARDEST game I think I've ever played... Follow My Socials: Instagram.com/stinkyasher Tiktok.com/@stinkyasher Business email - asherl@select.co,"['Roblox', 'voicechat', 'gameplay', 'gaming', 'unhinged', 'chaotic', 'comedy', 'stinkyasher', 'chaos', 'TRD', 'duncanyounot', 'duncan', 'collab']",13,2026-08-06,8,August,6,Thursday,32,False,16,8,16,"['HEY', 'GUYS', '!', '!', 'The', 'collab', ""'ve"", 'waiting', '...', 'please', 'welcome', '@', 'duncanyounot', 'channel', '!', '!', 'We', 'played', 'total', 'drama', 'roblox', 'HARDEST', 'game', 'I', 'think', 'I', ""'ve"", 'ever', 'played', '...', 'Follow', 'My', 'Socials', ':', 'Instagram.com/stinkyasher', 'Tiktok.com/', '@', 'stinkyasher', 'Business', 'email', '-', 'asherl', '@', 'select.co']",HEY GUYS ! ! The collab 've waiting ... please welcome @ duncanyounot channel ! ! We played total drama roblox HARDEST game I think I 've ever played ... Follow My Socials : Instagram.com/stinkyasher Tiktok.com/ @ stinkyasher Business email - asherl @ select.co,1855.0,Long,55,8,284,39,Afternoon,15827,0.06840970670252952,0.009844154816763246,0.07825386151929277,1,0,High,Beginning,True,False,Afternoon,Gaming,12.217274667938046,9.535101442669385,7.596894438144544
H-Yja9O8Cb0,BEST FORTNITE UPDATE!! (let's play WYFUL PILLARS),Wow… if you're not in here then WHAT ARE YOU DOING?! main channel: Drop a,2026-08-07 06:14:06+00:00,UC6ejXV1LENJP7Glx7RqF5Jw,Wyful Shorts,20,"['FYP', 'EXPLORE', 'GAMING', 'FUNNY', 'SIGMA', 'girlfriend']",PT4H43M34S,hd,false,342716,4279,6,https://www.youtube.com/c/Wyful,1,['YouTube'],['#shorts'],1,Wow… if you're not in here then WHAT ARE YOU DOING?! main channel: Drop a ❤️,"['FYP', 'EXPLORE', 'GAMING', 'FUNNY', 'SIGMA', 'girlfriend']",6,2026-08-07,8,August,7,Friday,32,False,6,14,6,"['Wow…', ""'re"", 'WHAT', 'ARE', 'YOU', 'DOING', '?', '!', 'main', 'channel', ':', 'Drop']",Wow… 're WHAT ARE YOU DOING ? ! main channel : Drop,17014.0,Long,49,7,73,15,Night,4285,0.012485556554114777,1.7507207133603333e-05,0.01250306376124838,1,0,Very High,Beginning,True,False,Morning,Gaming,12.744660312701809,8.361708288575842,1.9459101490553132
Uvw2Sdnekj4,What The HELL IS GOING on With The PS6?,Is the PlayStation 6 already in trouble? Subscribe for more:,2026-08-06 17:57:47+00:00,UCNvzD7Z-g64bPXxGzaQaa4g,gameranx,20,"['ps6', 'playstation 6', 'ps6 price', 'ps6 launch', 'next playstation', 'gameranx', 'jake baldino', 'ps5 prices', 'ps5 vs ps6', 'ram prices', 'games industry', 'console gaming']",PT17M22S,hd,false,270103,9893,3122,https://www.youtube.com/gameranxTV?sub_confirmation=1,1,['YouTube'],[],0,Is the PlayStation 6 already in trouble? Subscribe for more:,"['ps6', 'playstation 6', 'ps6 price', 'ps6 launch', 'next playstation', 'gameranx', 'jake baldino', 'ps5 prices', 'ps5 vs ps6', 'ram prices', 'games industry', 'console gaming']",12,2026-08-06,8,August,6,Thursday,32,False,17,57,47,"['Is', 'PlayStation', '6', 'already', 'trouble', '?', 'Subscribe', ':']",Is PlayStation 6 already trouble ? Subscribe :,1042.0,Long,39,9,60,10,Afternoon,13015,0.036626768306905144,0.011558553588816118,0.048185321895721264,1,0,Very High,Beginning,True,False,Afternoon,Gaming,12.506562349000928,9.199683791787654,8.046549357283078
Smnssjxeglo,"Roblox Bedwars, but you can FUSE KITS..","Roblox Bedwars, but you can FUSE KITS.. Become A Member: Leave a Like If You Enjoyed! Click The Bell and Turn on All Post Notifications! Group: Roblox:",2026-08-06 19:56:38+00:00,UCquKkmifC6eDU-bbKxqjJgw,TanqR,20,"['roblox bedwars but everything is random', 'bedwars but everything is random', 'roblox bedwars but everything is overpowered', 'roblox bedwars but my kit is random', 'roblox bedwars but my sword is random', 'tanqr', 'roblox bedwars', 'roblox bedwars cheats', 'roblox bedwars bed coins', 'roblox bedwars kits', 'roblox bedwars best kit', 'roblox bedwars tier list', 'roblox bedwars kit fusions', 'best kit fusions roblox bedwars']",PT11M50S,hd,false,180123,8818,2153,https://www.youtube.com/channel/UCquKkmifC6eDU-bbKxqjJgw/join | https://www.roblox.com/groups/3052825/TanqR-YouTube#!/store | https://www.roblox.com/users/84743203/profile,3,"['YouTube', 'Twitter/X']","['#roblox', '#tanqr', '#bedwars']",3,"Roblox Bedwars, but you can FUSE KITS.. 💚Become A Member: 👍Leave a Like If You Enjoyed! 🔔 Click The Bell and Turn on All Post Notifications! Group: Roblox:","['roblox bedwars but everything is random', 'bedwars but everything is random', 'roblox bedwars but everything is overpowered', 'roblox bedwars but my kit is random', 'roblox bedwars but my sword is random', 'tanqr', 'roblox bedwars', 'roblox bedwars cheats', 'roblox bedwars bed coins', 'roblox bedwars kits', 'roblox bedwars best kit', 'roblox bedwars tier list', 'roblox bedwars kit fusions', 'best kit fusions roblox bedwars']",14,2026-08-06,8,August,6,Thursday,32,False,19,56,38,"['Roblox', 'Bedwars', ',', 'FUSE', 'KITS', '..', 'Become', 'A', 'Member', ':', 'Leave', 'Like', 'If', 'You', 'Enjoyed', '!', 'Click', 'The', 'Bell', 'Turn', 'All', 'Post', 'Notifications', '!', 'Group', ':', 'Roblox', ':']","Roblox Bedwars , FUSE KITS .. Become A Member : Leave Like If You Enjoyed ! Click The Bell Turn All Post Notifications ! Group : Roblox :",710.0,Long,39,7,151,27,Evening,10971,0.048955436007617016,0.011952943266545639,0.060908379274162656,1,0,High,Beginning,True,False,Evening,Gaming,12.101400781586204,9.08466376388818,7.675081857716334
Ttkm35Fnyq0,"Beat Me In A 1v1, Win $1,000!",Subscribe to never miss a video! twitch: twitter: instagram: Subscribe to the Main Channel! send me stuff: po box 2459 Van Nuys CA 91404 Channel Manager/Editor:,2026-08-06 23:02:32+00:00,UCLldJScHWCtsFlfanYXS8nQ,Stable Ronaldo Live,20,"['ronaldo', 'stable ronaldo', 'stableronaldo', 'stable ronaldo live', 'jasontheween', 'kai cenat', 'adapt live', 'lacy', 'ishowspeed', 'marlon', 'jynxzi', 'sidemen', 'joe bartolozzi', 'ludwig', 'CORE', 'jynxzi live', 'jynxzi stable ronaldo', 'stable ronaldo jynxzi', 'lospollostv', 'fortnite', 'joe bart', 'core', 'core house', 'lacy live', 'adapt', 'kai cenat live', 'stable ronaldo reacts', 'core boys', 'fortnite 1v1', 'stable ronaldo fortnite', 'stable ronaldo 1v1', 'beat me in a 1v1', 'win $1000', 'stable ronaldo fncs', 'jynxzi fortnite', '1v1', '1v1 fortnite']",PT33M45S,hd,false,126968,2742,211,https://bit.ly/2O0xqkX​ | https://www.twitch.tv/StableRonaldo | https://www.twitter.com/StableRonaldo​​​ | https://www.instagram.com/stableronaldo | https://bit.ly/3if8vnH​​ | https://twitter.com/SiggyGG,6,"['Other', 'Twitch', 'Twitter/X', 'Instagram']",[],0,Subscribe to never miss a video! 🔴 twitch: ▶️ twitter: 📸 instagram: ► Subscribe to the Main Channel! 📥 send me stuff: po box 2459 Van Nuys CA 91404 ► Channel Manager/Editor:,"['ronaldo', 'stable ronaldo', 'stableronaldo', 'stable ronaldo live', 'jasontheween', 'kai cenat', 'adapt live', 'lacy', 'ishowspeed', 'marlon', 'jynxzi', 'sidemen', 'joe bartolozzi', 'ludwig', 'CORE', 'jynxzi live', 'jynxzi stable ronaldo', 'stable ronaldo jynxzi', 'lospollostv', 'fortnite', 'joe bart', 'core', 'core house', 'lacy live', 'adapt', 'kai cenat live', 'stable ronaldo reacts', 'core boys', 'fortnite 1v1', 'stable ronaldo fortnite', 'stable ronaldo 1v1', 'beat me in a 1v1', 'win $1000', 'stable ronaldo fncs', 'jynxzi fortnite', '1v1', '1v1 fortnite']",37,2026-08-06,8,August,6,Thursday,32,False,23,2,32,"['Subscribe', 'never', 'miss', 'video', '!', 'twitch', ':', 'twitter', ':', 'instagram', ':', 'Subscribe', 'Main', 'Channel', '!', 'send', 'stuff', ':', 'po', 'box', '2459', 'Van', 'Nuys', 'CA', '91404', 'Channel', 'Manager/Editor', ':']",Subscribe never miss video ! twitch : twitter : instagram : Subscribe Main Channel ! send stuff : po box 2459 Van Nuys CA 91404 Channel Manager/Editor :,2025.0,Long,29,7,160,26,Evening,2953,0.021595992691071767,0.0016618360531787538,0.02325782874425052,1,0,High,Beginning,True,False,Night,Gaming,11.751698241156632,7.916807490937603,5.356586274672012
X07Swnsmcze,USING OP SPOTS IN PAINT HIDE AND SEEK!,Instagram: Merch:,2026-08-06 17:30:22+00:00,UCY0R0Ck6qK2deVTKkfWJIEA,CashBlox,20,"['Cash', 'Nico', 'Nico and Cash', 'Cash and Nico', 'Minecraft', 'Minecraft mod', 'family friendly', 'kid friendly']",PT16M57S,hd,false,217202,2717,528,https://www.instagram.com/cashmarcoyt/ | https://cashandnico.com,2,"['Instagram', 'Other']","['#Roblox', '#Cash', '#NicoandCash']",3,Instagram: Merch:,"['Cash', 'Nico', 'Nico and Cash', 'Cash and Nico', 'Minecraft', 'Minecraft mod', 'family friendly', 'kid friendly']",8,2026-08-06,8,August,6,Thursday,32,False,17,30,22,"['Instagram', ':', 'Merch', ':']",Instagram : Merch :,1017.0,Long,38,8,17,2,Afternoon,3245,0.012509092918113094,0.00243091684238635,0.014940009760499444,1,0,High,Beginning,True,False,Afternoon,Gaming,12.288587679101227,7.907651594711089,6.270988431858299
Apdf8Ig8Ypq,"First to CATCH ME, Keeps my GLOCKSWITCH in GTA 5 RP!","In today's episode on the seventh episode of Rambo, I ended up breaking into the police FBI building and deleting the RICO CASE on my gang in GTA 5 ROLEPLAY! ily Server Second Channel @FadeXO Instagram Twitter Epic Games Support A Creator Code Fade3",2026-08-07 01:07:26+00:00,UCC540wcJL0DeQlC8lgUP-XQ,FuriousFade,20,"['gta', 'trackhawk', 'furiousfade', 'OPPS', 'GTA GANG', 'GTA 5 RP GANG', 'WIDEBODY', 'GTA 5 ROLEPLAY GANG']",PT55M41S,hd,false,67226,6776,765,https://discord.com/invite/TheLands | https://www.instagram.com/furiousfade | https://twitter.com/furiousfade,3,"['Discord', 'Instagram', 'Twitter/X']",[],0,"In today's episode on the seventh episode of Rambo, I ended up breaking into the police FBI building and deleting the RICO CASE on my gang in GTA 5 ROLEPLAY! ily Server ➤ Second Channel ➤ @FadeXO Instagram ➤ Twitter ➤ Epic Games Support A Creator Code ➤ Fade3","['gta', 'trackhawk', 'furiousfade', 'OPPS', 'GTA GANG', 'GTA 5 RP GANG', 'WIDEBODY', 'GTA 5 ROLEPLAY GANG']",8,2026-08-07,8,August,7,Friday,32,False,1,7,26,"['In', 'today', ""'s"", 'episode', 'seventh', 'episode', 'Rambo', ',', 'I', 'ended', 'breaking', 'police', 'FBI', 'building', 'deleting', 'RICO', 'CASE', 'gang', 'GTA', '5', 'ROLEPLAY', '!', 'ily', 'Server', 'Second', 'Channel', '@', 'FadeXO', 'Instagram', 'Twitter', 'Epic', 'Games', 'Support', 'A', 'Creator', 'Code', 'Fade3']","In today 's episode seventh episode Rambo , I ended breaking police FBI building deleting RICO CASE gang GTA 5 ROLEPLAY ! ily Server Second Channel @ FadeXO Instagram Twitter Epic Games Support A Creator Code Fade3",3341.0,Long,52,11,249,44,Night,7541,0.10079433552494571,0.011379525778716568,0.11217386130366228,1,0,Low,Beginning,True,False,Late Night,Gaming,11.11583023153126,8.821289805136113,6.641182169740591
Eyxadv1Llym,NickEh30 reacts to Spiderman in Fortnite!,"New Spider-Man Brand New Day Web Shooters and Skins, in Fortnite Chapter 7 Season 3: Sprites/Runners! 0:00 Spider-Man's Web Shooters 6:04 100 Player Simon Says (Spider-Verse) The Stream Team: Play 2 Win (Book 2) - Redeem pre order incentives in the United States by purchasing anywhere, then fill out the form at the bottom here: - Redeem pre order incentives in Canada by purcasing specifically from Indigo: • Support-A-Creator code: NickEh30 • Fortnite Item Shop: My Official Fortnite Maps ( Red vs Blue Minigames Pillars Minigames Fortnite Funland 3 NickEh30 1v1 Squid Game 🧟 Escape The Undead Only Up YOUTUBE SHORTS YOUTUBE VODs TWITCH TWITCH VODs INSTAGRAM TWITTER FACEBOOK TIKTOK DISCORD SNAPCHAT My Official Nick Eh 30 Merch The Stream Team: Battle Squad (Book 1) More Fortnite Updates (Full Playlist) More 100 Player Customs (Full Playlist)",2026-08-06 23:31:06+00:00,UCt9nYeSz90lnOnaVFjxFJzw,Nick Eh 30,20,"['fortnite', 'fortnite gameplay', 'fortnite battle royale', 'fortnite funny moments', 'fortnite new update', 'fortnite victory royale', 'Fortnite Item Shop', 'Fortnite funny', 'Fortnite tips', 'Fortnite Update', 'Fortnite How To Win', 'Fortnite Victory Royale', 'Fortnite tournament', 'fortnite best moments', 'Fortnite event', 'FORTNITE new map', 'Fortnite live', 'Fortnite nick eh 30', 'fortnite new season', 'FNCS', 'Fortnite Reload', 'Fortnite chapter 7', 'Fortnite Season 3', 'fortnite sprites', 'sprites fortnite']",PT13M47S,hd,false,96523,2265,266,https://a.co/d/0ggXP7VJ | https://site.andrewsmcmeel.com/stream-team-2-pre-order-incentive | https://www.indigo.ca/products/the-stream-team-play-2-win?variant=46703574450386 | https://www.fortnite.com/item-shop?creator-code=nickeh30 | https://www.fortnite.com/@nickeh30) | https://play.fn.gg/island/9333-1477-2716 | https://play.fn.gg/island/5798-3570-4537 | https://play.fn.gg/island/2057-3742-0636 | https://play.fn.gg/island/6474-8962-5803 | https://play.fn.gg/island/5828-6129-0879 | https://play.fn.gg/island/0594-0380-5759 | https://play.fn.gg/island/1350-8290-6429 | https://www.YouTube.com/@NickEh30Shorts | https://www.YouTube.com/@NickEh30_VODs | https://www.Twitch.tv/NickEh30 | https://www.Twitch.tv/NickEh30_VODs | https://Instagram.com/NickEh30 | https://Twitter.com/NickEh30 | https://Facebook.com/NickEh30 | https://www.tiktok.com/@nickeh30 | https://www.Discord.gg/NickEh30 | https://www.Snapchat.com/add/NickEh30 | https://NickEh30.Shop | https://a.co/d/2XJQD4q | https://www.youtube.com/show/VLPLcVnblva-BZSuIfUmaS53VZPXgsUtztEj?sbp=KgtNWW90TnE2RW4xZ0AB | https://www.youtube.com/show/VLPLcVnblva-BZQaYaK1MJMFv6YsWgCwi65f?sbp=KgttT2lfTmxXWHJYSUAB,26,"['Other', 'YouTube', 'Twitch', 'Instagram', 'Twitter/X', 'Facebook', 'TikTok', 'Discord']","['#Fortnite', '#EpicPartner']",2,"New Spider-Man Brand New Day Web Shooters and Skins, in Fortnite Chapter 7 Season 3: Sprites/Runners! 0:00 Spider-Man's Web Shooters 6:04 100 Player Simon Says (Spider-Verse) 📖 The Stream Team: Play 2 Win (Book 2) ➔ - Redeem pre order incentives in the United States by purchasing anywhere, then fill out the form at the bottom here: - Redeem pre order incentives in Canada by purcasing specifically from Indigo: • Support-A-Creator code: NickEh30 • Fortnite Item Shop: ━━━━━━━━━━━━━ My Official Fortnite Maps ( 🔴 Red vs Blue Minigames ➔ 🗼 Pillars Minigames ➔ 🎢 Fortnite Funland 3 ➔ ⚔️ NickEh30 1v1 ➔ 🎭 Squid Game ➔ 🧟 Escape The Undead ➔ ⬆️ Only Up ➔ ━━━━━━━━━━━━━ 🎮 YOUTUBE SHORTS ➔ 🎮 YOUTUBE VODs ➔ 🎮 TWITCH ➔ 🎮 TWITCH VODs ➔ 📷 INSTAGRAM ➔ 🐦 TWITTER ➔ 🎭 FACEBOOK ➔ 📽️ TIKTOK ➔ 📱 DISCORD ➔ 🖼️ SNAPCHAT ➔ ━━━━━━━━━━━━━ 👕 My Official Nick Eh 30 Merch ➔ 📖 The Stream Team: Battle Squad (Book 1) ➔ ━━━━━━━━━━━━━ 📺 More Fortnite Updates (Full Playlist) ➔ 📺 More 100 Player Customs (Full Playlist) ➔","['fortnite', 'fortnite gameplay', 'fortnite battle royale', 'fortnite funny moments', 'fortnite new update', 'fortnite victory royale', 'Fortnite Item Shop', 'Fortnite funny', 'Fortnite tips', 'Fortnite Update', 'Fortnite How To Win', 'Fortnite Victory Royale', 'Fortnite tournament', 'fortnite best moments', 'Fortnite event', 'FORTNITE new map', 'Fortnite live', 'Fortnite nick eh 30', 'fortnite new season', 'FNCS', 'Fortnite Reload', 'Fortnite chapter 7', 'Fortnite Season 3', 'fortnite sprites', 'sprites fortnite']",25,2026-08-06,8,August,6,Thursday,32,False,23,31,6,"['New', 'Spider-Man', 'Brand', 'New', 'Day', 'Web', 'Shooters', 'Skins', ',', 'Fortnite', 'Chapter', '7', 'Season', '3', ':', 'Sprites/Runners', '!', '0:00', 'Spider-Man', ""'s"", 'Web', 'Shooters', '6:04', '100', 'Player', 'Simon', 'Says', '(', 'Spider-Verse', ')', 'The', 'Stream', 'Team', ':', 'Play', '2', 'Win', '(', 'Book', '2', ')', '-', 'Redeem', 'pre', 'order', 'incentive', 'United', 'States', 'purchasing', 'anywhere', ',', 'fill', 'form', 'bottom', ':', '-', 'Redeem', 'pre', 'order', 'incentive', 'Canada', 'purcasing', 'specifically', 'Indigo', ':', '•', 'Support-A-Creator', 'code', ':', 'NickEh30', '•', 'Fortnite', 'Item', 'Shop', ':', 'My', 'Official', 'Fortnite', 'Maps', '(', 'Red', 'v', 'Blue', 'Minigames', 'Pillars', 'Minigames', 'Fortnite', 'Funland', '3', 'NickEh30', '1v1', 'Squid', 'Game', '🧟', 'Escape', 'The', 'Undead', 'Only', 'Up', 'YOUTUBE', 'SHORTS', 'YOUTUBE', 'VODs', 'TWITCH', 'TWITCH', 'VODs', 'INSTAGRAM', 'TWITTER', 'FACEBOOK', 'TIKTOK', 'DISCORD', 'SNAPCHAT', 'My', 'Official', 'Nick', 'Eh', '30', 'Merch', 'The', 'Stream', 'Team', ':', 'Battle', 'Squad', '(', 'Book', '1', ')', 'More', 'Fortnite', 'Updates', '(', 'Full', 'Playlist', ')', 'More', '100', 'Player', 'Customs', '(', 'Full', 'Playlist', ')']","New Spider-Man Brand New Day Web Shooters Skins , Fortnite Chapter 7 Season 3 : Sprites/Runners ! 0:00 Spider-Man 's Web Shooters 6:04 100 Player Simon Says ( Spider-Verse ) The Stream Team : Play 2 Win ( Book 2 ) - Redeem pre order incentive United States purchasing anywhere , fill form bottom : - Redeem pre order incentive Canada purcasing specifically Indigo : • Support-A-Creator code : NickEh30 • Fortnite Item Shop : My Official Fortnite Maps ( Red v Blue Minigames Pillars Minigames Fortnite Funland 3 NickEh30 1v1 Squid Game 🧟 Escape The Undead Only Up YOUTUBE SHORTS YOUTUBE VODs TWITCH TWITCH VODs INSTAGRAM TWITTER FACEBOOK TIKTOK DISCORD SNAPCHAT My Official Nick Eh 30 Merch The Stream Team : Battle Squad ( Book 1 ) More Fortnite Updates ( Full Playlist ) More 100 Player Customs ( Full Playlist )",827.0,Long,41,6,848,136,Evening,2531,0.02346590967955824,0.002755819856407281,0.02622172953596552,1,0,Medium,Beginning,True,False,Night,Gaming,11.477546961068413,7.725771441587952,5.58724865840025
E7Cybw3L0Zo,🕸️ DOMINATING IN MARVEL Tōkon: Fighting Souls #ad 🕸️ !marvel,JOIN THE CHAT JOHN GLEEP. JOHN GLEEP. JOHN GLEEP. FOLLOW OFFBRAND BEFORE WE'RE ALL DEAD MAKING A GAME WITH NORTHERNLION DONATE FOR TTS HERE (PLEASE READ THE TOP OF THE PAGE PLEASE) AI TTS GUIDE (ONLY WORKS WITH ABOVE LINbabyK) WATCH ME LIVE follow me on twitter follow me on tiktok follow me on instagram join my subreddit join my discord,2026-08-07 04:26:57+00:00,UCrPseYLGpNygVi34QpGNqpA,Ludwig,20,"['ludwig', 'ludwigahgren', 'ahgren', 'gaming', 'chat', 'stream', 'decides', 'lud']",PT9H10M48S,hd,false,202904,2065,11,https://www.twitch.tv/popout/ludwig/chat | https://gleep.gg | https://offbrand.games | https://demonbluff.gg | https://streamelements.com/ludwig/tip | https://tts.monster/ludwig | https://www.twitch.tv/ludwig | https://www.twitter.com/ludwigahgren | https://www.tiktok.com/@ludwig | https://www.instagram.com/ludwigahgren | https://old.reddit.com/r/LudwigAhgren/ | https://discord.gg/ludwig,12,"['Twitch', 'Other', 'Twitter/X', 'TikTok', 'Instagram', 'Discord']","['#ludwig', '#live', '#stream']",3,JOIN THE CHAT ► JOHN GLEEP. JOHN GLEEP. JOHN GLEEP. ► FOLLOW OFFBRAND BEFORE WE'RE ALL DEAD ► MAKING A GAME WITH NORTHERNLION ► DONATE FOR TTS HERE (PLEASE READ THE TOP OF THE PAGE PLEASE) ► AI TTS GUIDE (ONLY WORKS WITH ABOVE LINbabyK) ► WATCH ME LIVE ► follow me on twitter ► follow me on tiktok ► follow me on instagram ► join my subreddit ► join my discord ►,"['ludwig', 'ludwigahgren', 'ahgren', 'gaming', 'chat', 'stream', 'decides', 'lud']",8,2026-08-07,8,August,7,Friday,32,False,4,26,57,"['JOIN', 'THE', 'CHAT', 'JOHN', 'GLEEP', '.', 'JOHN', 'GLEEP', '.', 'JOHN', 'GLEEP', '.', 'FOLLOW', 'OFFBRAND', 'BEFORE', 'WE', ""'RE"", 'ALL', 'DEAD', 'MAKING', 'A', 'GAME', 'WITH', 'NORTHERNLION', 'DONATE', 'FOR', 'TTS', 'HERE', '(', 'PLEASE', 'READ', 'THE', 'TOP', 'OF', 'THE', 'PAGE', 'PLEASE', ')', 'AI', 'TTS', 'GUIDE', '(', 'ONLY', 'WORKS', 'WITH', 'ABOVE', 'LINbabyK', ')', 'WATCH', 'ME', 'LIVE', 'follow', 'twitter', 'follow', 'tiktok', 'follow', 'instagram', 'join', 'subreddit', 'join', 'discord']",JOIN THE CHAT JOHN GLEEP . JOHN GLEEP . JOHN GLEEP . FOLLOW OFFBRAND BEFORE WE 'RE ALL DEAD MAKING A GAME WITH NORTHERNLION DONATE FOR TTS HERE ( PLEASE READ THE TOP OF THE PAGE PLEASE ) AI TTS GUIDE ( ONLY WORKS WITH ABOVE LINbabyK ) WATCH ME LIVE follow twitter follow tiktok follow instagram join subreddit join discord,33048.0,Long,60,10,338,61,Night,2076,0.010177226668769468,5.4212829712573436e-05,0.01023143949848204,1,0,High,Beginning,True,False,Late Night,Gaming,12.220493168191403,7.633369649679584,2.4849066497880004
Frqmozfsuzs,Our Team FINALLY Got Hot! Wheel of MLB! Ep. #4,"After a tough start to the series, we're here to get back to our winning ways! With only 2 games left in the regular season, can we put it together and get hot for the World Series? Follow my socials: Main Channel:",2026-08-07 01:16:45+00:00,UC9p4phe5cjnBlwtCzGgRw-g,Meags,20,"['MMG', 'MMG Reacts', 'Meags', 'Meags Reacts', 'Madden Mobile Gods', 'reacting to']",PT35M50S,hd,false,56480,2967,287,https://twitter.com/papameagzz | https://www.instagram.com/matthewmeagher | https://www.youtube.com/c/MMG69,3,"['Twitter/X', 'Instagram', 'YouTube']","['#MMG', '#Meags']",2,"After a tough start to the series, we're here to get back to our winning ways! With only 2 games left in the regular season, can we put it together and get hot for the World Series? Follow my socials: Main Channel:","['MMG', 'MMG Reacts', 'Meags', 'Meags Reacts', 'Madden Mobile Gods', 'reacting to']",6,2026-08-07,8,August,7,Friday,32,False,1,16,45,"['After', 'tough', 'start', 'series', ',', ""'re"", 'get', 'back', 'winning', 'way', '!', 'With', '2', 'game', 'left', 'regular', 'season', ',', 'put', 'together', 'get', 'hot', 'World', 'Series', '?', 'Follow', 'social', ':', 'Main', 'Channel', ':']","After tough start series , 're get back winning way ! With 2 game left regular season , put together get hot World Series ? Follow social : Main Channel :",2150.0,Long,46,10,214,42,Night,3254,0.05253186968838527,0.005081444759206799,0.057613314447592066,1,0,Low,Beginning,True,False,Late Night,Gaming,10.941659577392821,7.995643604287271,5.662960480135946
Hkkymxbiqj4,The Last Report  (Edited by Loaf),"Spiff is away and videos will be slower for the next couple week, so Loaf handled this one, please be kind she's new to editing Follow me on twitch VODS youtube Channel: Extras youtube Channel: Follow me on Twitter Connor made thumbnail: Stream VODs from this video:",2026-08-06 13:00:09+00:00,UC9ek8xUVjnmQ-q7f6CTwtxg,AstralSpiff,20,[],PT58M45S,hd,false,221757,15215,956,https://www.twitch.tv/astralspiff | https://www.youtube.com/channel/UCV6g5Taa6MgWAnW2aey9hXw | https://www.youtube.com/channel/UCpeoCHNJdF0CIrHAMNrPrMw | https://twitter.com/AstralSpiff | https://twitter.com/CompoundZebra?s=20 | https://m.youtube.com/watch?v=wdjaXO8L7Dw,6,"['Twitch', 'YouTube', 'Twitter/X']","['#spiff', '#horror', '#challenge']",3,"Spiff is away and videos will be slower for the next couple week, so Loaf handled this one, please be kind she's new to editing Follow me on twitch VODS youtube Channel: Extras youtube Channel: Follow me on Twitter Connor made thumbnail: Stream VODs from this video:",[],0,2026-08-06,8,August,6,Thursday,32,False,13,0,9,"['Spiff', 'away', 'video', 'slower', 'next', 'couple', 'week', ',', 'Loaf', 'handled', 'one', ',', 'please', 'kind', ""'s"", 'new', 'editing', 'Follow', 'twitch', 'VODS', 'youtube', 'Channel', ':', 'Extras', 'youtube', 'Channel', ':', 'Follow', 'Twitter', 'Connor', 'made', 'thumbnail', ':', 'Stream', 'VODs', 'video', ':']","Spiff away video slower next couple week , Loaf handled one , please kind 's new editing Follow twitch VODS youtube Channel : Extras youtube Channel : Follow Twitter Connor made thumbnail : Stream VODs video :",3525.0,Long,33,6,266,47,Afternoon,16171,0.06861113741618077,0.004311025131111983,0.07292216254729275,1,0,High,Beginning,True,False,Afternoon,Gaming,12.309341976183987,9.630102784785171,6.863803391452954
Tliwvrjkjqw,Our First College Football Playoff Run! Sea Otters Ep. #4,"After SNEAKING into the College Football Playoffs, the Coastal Sea Otters have a chance to win the first National Championship in program history! Can we make a miracle run? Or will we get our cheeks clapped? wow, you stud - thanks for clicking this video. quite simply, i cant help but notice how handsome you look right now - great job sport. keep up the nice work!",2026-08-06 22:00:00+00:00,UCaYxyR9mzVlTrOOyZD0XAmA,MMG,17,['mmg'],PT37M15S,hd,false,77299,2954,213,,0,[],['#mmg'],1,"After SNEAKING into the College Football Playoffs, the Coastal Sea Otters have a chance to win the first National Championship in program history! Can we make a miracle run? Or will we get our cheeks clapped? wow, you stud - thanks for clicking this video. quite simply, i cant help but notice how handsome you look right now - great job sport. keep up the nice work!",['mmg'],1,2026-08-06,8,August,6,Thursday,32,False,22,0,0,"['After', 'SNEAKING', 'College', 'Football', 'Playoffs', ',', 'Coastal', 'Sea', 'Otters', 'chance', 'win', 'first', 'National', 'Championship', 'program', 'history', '!', 'Can', 'make', 'miracle', 'run', '?', 'Or', 'get', 'cheek', 'clapped', '?', 'wow', ',', 'stud', '-', 'thanks', 'clicking', 'video', '.', 'quite', 'simply', ',', 'cant', 'help', 'notice', 'handsome', 'look', 'right', '-', 'great', 'job', 'sport', '.', 'keep', 'nice', 'work', '!']","After SNEAKING College Football Playoffs , Coastal Sea Otters chance win first National Championship program history ! Can make miracle run ? Or get cheek clapped ? wow , stud - thanks clicking video . quite simply , cant help notice handsome look right - great job sport . keep nice work !",2235.0,Long,57,10,367,67,Evening,3167,0.038215242111799635,0.0027555337067749906,0.040970775818574626,1,0,Medium,Beginning,False,False,Night,Sports,11.255449234575513,7.991253929840199,5.365976015021851
Jzjetzwtodm,Is It Possible To Be the FIRST OVERALL DRAFT PICK in Madden 27?,Today I complete the absolute BEST NFL Combine POSSIBLE to see if being drafted Overall in Madden 27 Superstar Mode is possible! We've been doing this experiment for YEARS...let's see if we can end this series once and for all. Check out all of my Madden 27 Videos Check out all of my Madden 27 Experiments Check out all of my Superstar Mode Videos Book Me on Cameo Twitter Instagram 🤳 My Important Links Subscribe to my Other YouTube Channels Become a Channel Member HERE to get Exclusive Perks For Business Inquires: contact@tablerockmanagement.com,2026-08-06 18:49:30+00:00,UCKBqv7Cc5ptUsSQ9Aa02D-w,RBT,20,"['madden', 'madden 27', 'madden nfl 27', 'superstar mode', 'sueprstar', 'madden 27 superstar mode', 'nfl', 'first overall pick', 'experiment', 'is it possible', 'possible', 'test', 'draft', 'nfl draft', 'pick', 'best', 'reaction', 'react', '1st pick', 'game', 'gameplay', 'player', 'career']",PT54M7S,hd,false,72649,2729,231,https://youtube.com/playlist?list=PLLU54um4DYPM&si=64e21rVe8-_KECSy | https://www.youtube.com/playlist?list=PLfk5PQ1_XxRA | https://www.youtube.com/playlist?list=PLNzMdNvvuvmY | https://www.cameo.com/rbt | https://www.twitter.com/SamuelBrownRBT | https://www.instagram.com/SamuelBrownRBT | https://linktr.ee/RBTsLinks | https://linktr.ee/rbtofficial | https://bit.ly/33LlglC,9,"['YouTube', 'Other', 'Twitter/X', 'Instagram']",['#1'],1,Today I complete the absolute BEST NFL Combine POSSIBLE to see if being drafted Overall in Madden 27 Superstar Mode is possible! We've been doing this experiment for YEARS...let's see if we can end this series once and for all. Check out all of my Madden 27 Videos 👉 Check out all of my Madden 27 Experiments 👉 Check out all of my Superstar Mode Videos 👉 Book Me on Cameo 📽 Twitter 📝 Instagram 🤳 My Important Links 👉 Subscribe to my Other YouTube Channels 🎥 Become a Channel Member HERE to get Exclusive Perks👊🙌 For Business Inquires: contact@tablerockmanagement.com,"['madden', 'madden 27', 'madden nfl 27', 'superstar mode', 'sueprstar', 'madden 27 superstar mode', 'nfl', 'first overall pick', 'experiment', 'is it possible', 'possible', 'test', 'draft', 'nfl draft', 'pick', 'best', 'reaction', 'react', '1st pick', 'game', 'gameplay', 'player', 'career']",23,2026-08-06,8,August,6,Thursday,32,False,18,49,30,"['Today', 'I', 'complete', 'absolute', 'BEST', 'NFL', 'Combine', 'POSSIBLE', 'see', 'drafted', 'Overall', 'Madden', '27', 'Superstar', 'Mode', 'possible', '!', 'We', ""'ve"", 'experiment', 'YEARS', '...', 'let', ""'s"", 'see', 'end', 'series', '.', 'Check', 'Madden', '27', 'Videos', 'Check', 'Madden', '27', 'Experiments', 'Check', 'Superstar', 'Mode', 'Videos', 'Book', 'Me', 'Cameo', 'Twitter', 'Instagram', '🤳', 'My', 'Important', 'Links', 'Subscribe', 'Other', 'YouTube', 'Channels', 'Become', 'Channel', 'Member', 'HERE', 'get', 'Exclusive', 'Perks', 'For', 'Business', 'Inquires', ':', 'contact', '@', 'tablerockmanagement.com']",Today I complete absolute BEST NFL Combine POSSIBLE see drafted Overall Madden 27 Superstar Mode possible ! We 've experiment YEARS ... let 's see end series . Check Madden 27 Videos Check Madden 27 Experiments Check Superstar Mode Videos Book Me Cameo Twitter Instagram 🤳 My Important Links Subscribe Other YouTube Channels Become Channel Member HERE get Exclusive Perks For Business Inquires : contact @ tablerockmanagement.com,3247.0,Long,63,13,550,93,Afternoon,2960,0.03756417844705364,0.0031796721221214333,0.04074385056917507,1,0,Medium,Beginning,True,False,Evening,Gaming,11.19340866899843,7.912056888179006,5.44673737166631
Un61Rc9Obfc,【ELSWORD】WEEKLY RESET!!  CP speedrun cuz I wanted to get to d3 raid T-T,"Bokobokobo- Kobo Kanaeru at your service! Let me be your sun to shine your day, ehe~ ;D Game TitleElsword Official Site Store page: ================================== DONASI LOKAL GUYS! JAJANIN SEBLAK: ================================== Twitter Instagram Tiktok Facebook ------------------------------------------------------------------------------------------------------- ↓↓↓ Support holoh3ro ↓↓↓ Kaela Kovalskia • Twitter: • Instagram: • Tiktok: • Facebook: • Youtube: Vestia Zeta • Twitter: • Instagram: • Tiktok: • Facebook: • Youtube: ------------------------------------------------------------------------------------------------------- IDAturan yang perlu diingat saat streaming sedang berlangsung: • Harap bersikap baik dengan sesama penonton dan berkomentarlah dengan bahasa yang sopan. • Dimohon untuk tidak melakukan diskusi diluar topik pada kolom komentar. • Dimohon tidak melakukan spam dalam bentuk apa pun. • Dimohon untuk tidak mengumpat, mencela, atau berbicara dengan bahasa yang kasar. • Dimohon untuk jaga sikap saat komentar dan mohon jangan komentar hal-hal sensitif yang berbau SARA, politik, NSFW, dll. • Dimohon untuk tidak berdiskusi satu sama lain di waiting room. • Dimohon untuk tidak memberi komentar tentang Vtuber lain di waiting room/saat livestream apabila tidak dimulai lebih dulu oleh Vtuber yang sedang streaming karena bersifat kurang sopan. ENNotice during the stream: • Please be nice with each other and comment using polite words. • Please keep the chat on-topic in relation to the stream. • Please do not spam. • Please do not swear, bash, or talk with any kind of foul language. • Please refrain from commenting about sensitive topics such as race, politics, NSFW, etc. • Please do not do any discussion in the waiting room. • Please do not mention or give any comment about other Vtuber during the livestream if the topic isn't started first by the current streamer first because it would be considered impolite. JP • Announcements: • Live: • Fanart: • Meme: Ponkan Mama!!!! Twitter: Otsukue Papa!!!! Twitter: Akira Egawa Sensei!!! Twitter: Credits Stinger: Ice Badge: A present by SociaBuzz alert: Super Chat alert: Membership alert: Thumbnail Art: Official cover website Official YouTube Channel hololive Indonesia Official Twitter hololive Indonesia Official Facebook hololive Indonesia -------------------------------- Request from hololive Productions to underage viewers: Please be sure to check the link below before viewing our content. Permintaan dari hololive Production untuk penonton di bawah umur: Mohon membaca panduan di bawah ini sebelum menonton konten kami --------------------------------",2026-08-07 09:11:04+00:00,UCjLEmnpCNeisMxy134KPwWw,Kobo Kanaeru Ch. hololive-ID,20,"['kobo', 'kanaeru', 'kobokan', 'kobo kanaeru', 'holo', 'hololive', 'holoid', 'anime', '3d', '2d', 'biru', 'onaeru', 'stream', 'live', 'animation', 'seru', 'monster', 'game', 'art', 'day', 'night', 'gamer', 'ngobrol', 'strategy', 'lucu', 'entertainment', 'viral', 'elsword', 'ELSWORD', 'エルソード', 'aisha', 'rena', 'raven', 'nostalgia', 'steam', 'guild', 'PVP', 'dungeon', 'skill', 'combo', 'ulti', 'hp', 'mana', 'slime', 'el', 'sword', 'fantasy', 'RPG', '2.5D', 'MMORPG', 'KOG studios', 'Nexon']",PT4H41M10S,hd,false,96579,4070,17,https://elsword.koggames.com/ | https://store.steampowered.com/app/1011810/_ELSWORD/ | https://sociabuzz.com/kobokanaeru/tribe | https://twitter.com/kobokanaeru | https://www.instagram.com/kobokanaeru | https://www.tiktok.com/@kobokanaeru | https://www.facebook.com/KoboKanaeru | https://twitter.com/kaelakovalskia | https://www.instagram.com/kaelakovalskia | https://www.tiktok.com/@kaelakovalskia | https://www.facebook.com/KaelaKovalskia | https://www.youtube.com/@KaelaKovalskia | https://twitter.com/vestiazeta | https://www.instagram.com/vestiazeta | https://www.tiktok.com/@vestiazeta | https://www.facebook.com/VestiaZeta | https://www.youtube.com/@VestiaZeta | https://twitter.com/ponkan_8 | https://twitter.com/otsukue | https://twitter.com/rev_akira | https://x.com/wyuusan | https://x.com/Tsuuuno2 | https://twitter.com/NekoBandito | https://twitter.com/sketzka | https://twitter.com/sketzka | https://x.com/Zerilyn_Azure/status/1727317664203513952 | http://cover-corp.com/ | https://www.youtube.com/c/hololiveIndonesia | https://twitter.com/hololive_Id | https://www.facebook.com/Hololive-Indonesia-108806367277672/ | https://en.hololive.tv/request-to-minors | https://en.hololive.tv/request-to-minors-id,32,"['Other', 'Steam', 'Twitter/X', 'Instagram', 'TikTok', 'Facebook', 'YouTube']","['#OnAeru', '#Kobo_Kanaeru', '#holoID', '#holoid03', '#KoboCast', '#OnAeru', '#AeruSeni', '#Kobobrok']",8,"Bokobokobo- Kobo Kanaeru at your service! Let me be your sun to shine your day, ehe~ ;D ☔☔☔ Game Title：Elsword Official Site： Store page: ================================== DONASI LOKAL GUYS! JAJANIN SEBLAK: ================================== 【Twitter】 【Instagram】 【Tiktok】 【Facebook】 ------------------------------------------------------------------------------------------------------- ↓↓↓ Support holoh3ro ↓↓↓ 【Kaela Kovalskia】 • Twitter: • Instagram: • Tiktok: • Facebook: • Youtube: 【Vestia Zeta】 • Twitter: • Instagram: • Tiktok: • Facebook: • Youtube: ------------------------------------------------------------------------------------------------------- 【ID】Aturan yang perlu diingat saat streaming sedang berlangsung: • Harap bersikap baik dengan sesama penonton dan berkomentarlah dengan bahasa yang sopan. • Dimohon untuk tidak melakukan diskusi diluar topik pada kolom komentar. • Dimohon tidak melakukan spam dalam bentuk apa pun. • Dimohon untuk tidak mengumpat, mencela, atau berbicara dengan bahasa yang kasar. • Dimohon untuk jaga sikap saat komentar dan mohon jangan komentar hal-hal sensitif yang berbau SARA, politik, NSFW, dll. • Dimohon untuk tidak berdiskusi satu sama lain di waiting room. • Dimohon untuk tidak memberi komentar tentang Vtuber lain di waiting room/saat livestream apabila tidak dimulai lebih dulu oleh Vtuber yang sedang streaming karena bersifat kurang sopan. 【EN】Notice during the stream: • Please be nice with each other and comment using polite words. • Please keep the chat on-topic in relation to the stream. • Please do not spam. • Please do not swear, bash, or talk with any kind of foul language. • Please refrain from commenting about sensitive topics such as race, politics, NSFW, etc. • Please do not do any discussion in the waiting room. • Please do not mention or give any comment about other Vtuber during the livestream if the topic isn't started first by the current streamer first because it would be considered impolite. 【JP】皆に気を付けてほしいこと： ・視聴者同士で仲良く、丁寧な言葉でコメントをお願いします ・無関係の話題を話さないでください ・絵文字のスパムをしないようお願いします ・不適切な言葉を使わないでほしいです ・待機中の話を遠慮してほしいです ・話題に出ていない他の配信者について、話さないでください • Announcements: • Live: • Fanart: • Meme: 【Ponkan Mama!!!!】 Twitter: 【Otsukue Papa!!!!】 Twitter: 【Akira Egawa Sensei!!!】 Twitter: 【Credits】 ● Stinger: ● Ice Badge: A present by ● SociaBuzz alert: ● Super Chat alert: ● Membership alert: ● Thumbnail Art: 【Official cover website】 【Official YouTube Channel hololive Indonesia】 【Official Twitter hololive Indonesia】 【Official Facebook hololive Indonesia】 -------------------------------- Request from hololive Productions to underage viewers: Please be sure to check the link below before viewing our content. Permintaan dari hololive Production untuk penonton di bawah umur: Mohon membaca panduan di bawah ini sebelum menonton konten kami --------------------------------","['kobo', 'kanaeru', 'kobokan', 'kobo kanaeru', 'holo', 'hololive', 'holoid', 'anime', '3d', '2d', 'biru', 'onaeru', 'stream', 'live', 'animation', 'seru', 'monster', 'game', 'art', 'day', 'night', 'gamer', 'ngobrol', 'strategy', 'lucu', 'entertainment', 'viral', 'elsword', 'ELSWORD', 'エルソード', 'aisha', 'rena', 'raven', 'nostalgia', 'steam', 'guild', 'PVP', 'dungeon', 'skill', 'combo', 'ulti', 'hp', 'mana', 'slime', 'el', 'sword', 'fantasy', 'RPG', '2.5D', 'MMORPG', 'KOG studios', 'Nexon']",52,2026-08-07,8,August,7,Friday,32,False,9,11,4,"['Bokobokobo-', 'Kobo', 'Kanaeru', 'service', '!', 'Let', 'sun', 'shine', 'day', ',', 'ehe~', ';', 'D', 'Game', 'TitleElsword', 'Official', 'Site', 'Store', 'page', ':', '==================================', 'DONASI', 'LOKAL', 'GUYS', '!', 'JAJANIN', 'SEBLAK', ':', '==================================', 'Twitter', 'Instagram', 'Tiktok', 'Facebook', '--', '--', '--', '--', '--', '--', '--', '--', '--', '--', '--', '--', '--', '--', '--', '--', '--', '--', '--', '--', '--', '--', '--', '--', '--', '--', '--', '--', '--', '--', '--', '--', '--', '--', '--', '--', '--', '--', '--', '--', '--', '--', '--', '--', '--', '--', '--', '--', '--', '--', '--', '-', '↓↓↓', 'Support', 'holoh3ro', '↓↓↓', 'Kaela', 'Kovalskia', '•', 'Twitter', ':', '•', 'Instagram', ':', '•', 'Tiktok', ':', '•', 'Facebook', ':', '•', 'Youtube', ':', 'Vestia', 'Zeta', '•', 'Twitter', ':', '•', 'Instagram', ':', '•', 'Tiktok', ':', '•', 'Facebook', ':', '•', 'Youtube', ':', '--', '--', '--', '--', '--', '--', '--', '--', '--', '--', '--', '--', '--', '--', '--', '--', '--', '--', '--', '--', '--', '--', '--', '--', '--', '--', '--', '--', '--', '--', '--', '--', '--', '--', '--', '--', '--', '--', '--', '--', '--', '--', '--', '--', '--', '--', '--', '--', '--', '--', '--', '-', 'IDAturan', 'yang', 'perlu', 'diingat', 'saat', 'streaming', 'sedang', 'berlangsung', ':', '•', 'Harap', 'bersikap', 'baik', 'dengan', 'sesama', 'penonton', 'dan', 'berkomentarlah', 'dengan', 'bahasa', 'yang', 'sopan', '.', '•', 'Dimohon', 'untuk', 'tidak', 'melakukan', 'diskusi', 'diluar', 'topik', 'pada', 'kolom', 'komentar', '.', '•', 'Dimohon', 'tidak', 'melakukan', 'spam', 'dalam', 'bentuk', 'apa', 'pun', '.', '•', 'Dimohon', 'untuk', 'tidak', 'mengumpat', ',', 'mencela', ',', 'atau', 'berbicara', 'dengan', 'bahasa', 'yang', 'kasar', '.', '•', 'Dimohon', 'untuk', 'jaga', 'sikap', 'saat', 'komentar', 'dan', 'mohon', 'jangan', 'komentar', 'hal-hal', 'sensitif', 'yang', 'berbau', 'SARA', ',', 'politik', ',', 'NSFW', ',', 'dll', '.', '•', 'Dimohon', 'untuk', 'tidak', 'berdiskusi', 'satu', 'sama', 'lain', 'di', 'waiting', 'room', '.', '•', 'Dimohon', 'untuk', 'tidak', 'memberi', 'komentar', 'tentang', 'Vtuber', 'lain', 'di', 'waiting', 'room/saat', 'livestream', 'apabila', 'tidak', 'dimulai', 'lebih', 'dulu', 'oleh', 'Vtuber', 'yang', 'sedang', 'streaming', 'karena', 'bersifat', 'kurang', 'sopan', '.', 'ENNotice', 'stream', ':', '•', 'Please', 'nice', 'comment', 'using', 'polite', 'word', '.', '•', 'Please', 'keep', 'chat', 'on-topic', 'relation', 'stream', '.', '•', 'Please', 'spam', '.', '•', 'Please', 'swear', ',', 'bash', ',', 'talk', 'kind', 'foul', 'language', '.', '•', 'Please', 'refrain', 'commenting', 'sensitive', 'topic', 'race', ',', 'politics', ',', 'NSFW', ',', 'etc', '.', '•', 'Please', 'discussion', 'waiting', 'room', '.', '•', 'Please', 'mention', 'give', 'comment', 'Vtuber', 'livestream', 'topic', ""n't"", 'started', 'first', 'current', 'streamer', 'first', 'would', 'considered', 'impolite', '.', 'JP', '•', 'Announcements', ':', '•', 'Live', ':', '•', 'Fanart', ':', '•', 'Meme', ':', 'Ponkan', 'Mama', '!', '!', '!', '!', 'Twitter', ':', 'Otsukue', 'Papa', '!', '!', '!', '!', 'Twitter', ':', 'Akira', 'Egawa', 'Sensei', '!', '!', '!', 'Twitter', ':', 'Credits', 'Stinger', ':', 'Ice', 'Badge', ':', 'A', 'present', 'SociaBuzz', 'alert', ':', 'Super', 'Chat', 'alert', ':', 'Membership', 'alert', ':', 'Thumbnail', 'Art', ':', 'Official', 'cover', 'website', 'Official', 'YouTube', 'Channel', 'hololive', 'Indonesia', 'Official', 'Twitter', 'hololive', 'Indonesia', 'Official', 'Facebook', 'hololive', 'Indonesia', '--', '--', '--', '--', '--', '--', '--', '--', '--', '--', '--', '--', '--', '--', '--', '--', 'Request', 'hololive', 'Productions', 'underage', 'viewer', ':', 'Please', 'sure', 'check', 'link', 'viewing', 'content', '.', 'Permintaan', 'dari', 'hololive', 'Production', 'untuk', 'penonton', 'di', 'bawah', 'umur', ':', 'Mohon', 'membaca', 'panduan', 'di', 'bawah', 'ini', 'sebelum', 'menonton', 'konten', 'kami', '--', '--', '--', '--', '--', '--', '--', '--', '--', '--', '--', '--', '--', '--', '--', '--']","Bokobokobo- Kobo Kanaeru service ! Let sun shine day , ehe~ ; D Game TitleElsword Official Site Store page : ================================== DONASI LOKAL GUYS ! JAJANIN SEBLAK : ================================== Twitter Instagram Tiktok Facebook -- -- -- -- -- -- -- -- -- -- -- -- -- -- -- -- -- -- -- -- -- -- -- -- -- -- -- -- -- -- -- -- -- -- -- -- -- -- -- -- -- -- -- -- -- -- -- -- -- -- -- - ↓↓↓ Support holoh3ro ↓↓↓ Kaela Kovalskia • Twitter : • Instagram : • Tiktok : • Facebook : • Youtube : Vestia Zeta • Twitter : • Instagram : • Tiktok : • Facebook : • Youtube : -- -- -- -- -- -- -- -- -- -- -- -- -- -- -- -- -- -- -- -- -- -- -- -- -- -- -- -- -- -- -- -- -- -- -- -- -- -- -- -- -- -- -- -- -- -- -- -- -- -- -- - IDAturan yang perlu diingat saat streaming sedang berlangsung : • Harap bersikap baik dengan sesama penonton dan berkomentarlah dengan bahasa yang sopan . • Dimohon untuk tidak melakukan diskusi diluar topik pada kolom komentar . • Dimohon tidak melakukan spam dalam bentuk apa pun . • Dimohon untuk tidak mengumpat , mencela , atau berbicara dengan bahasa yang kasar . • Dimohon untuk jaga sikap saat komentar dan mohon jangan komentar hal-hal sensitif yang berbau SARA , politik , NSFW , dll . • Dimohon untuk tidak berdiskusi satu sama lain di waiting room . • Dimohon untuk tidak memberi komentar tentang Vtuber lain di waiting room/saat livestream apabila tidak dimulai lebih dulu oleh Vtuber yang sedang streaming karena bersifat kurang sopan . ENNotice stream : • Please nice comment using polite word . • Please keep chat on-topic relation stream . • Please spam . • Please swear , bash , talk kind foul language . • Please refrain commenting sensitive topic race , politics , NSFW , etc . • Please discussion waiting room . • Please mention give comment Vtuber livestream topic n't started first current streamer first would considered impolite . JP • Announcements : • Live : • Fanart : • Meme : Ponkan Mama ! ! ! ! Twitter : Otsukue Papa ! ! ! ! Twitter : Akira Egawa Sensei ! ! ! Twitter : Credits Stinger : Ice Badge : A present SociaBuzz alert : Super Chat alert : Membership alert : Thumbnail Art : Official cover website Official YouTube Channel hololive Indonesia Official Twitter hololive Indonesia Official Facebook hololive Indonesia -- -- -- -- -- -- -- -- -- -- -- -- -- -- -- -- Request hololive Productions underage viewer : Please sure check link viewing content . Permintaan dari hololive Production untuk penonton di bawah umur : Mohon membaca panduan di bawah ini sebelum menonton konten kami -- -- -- -- -- -- -- -- -- -- -- -- -- -- -- --",16870.0,Long,71,13,2656,368,Morning,4087,0.042141666407811224,0.00017602170244048913,0.04231768811025171,1,0,Medium,Beginning,True,False,Morning,Gaming,11.478126959427533,8.31164394850298,2.8903717578961645
N1Szn7Dw9Oe,MY FAVOURITE MATCHUP OF ALL TIME - T1 VS DK - LCK SUMMER 2026,Follow Marc: Inquiries: Business@Caedrel.com Edited By: Thumbnail made by:,2026-08-06 13:06:24+00:00,UCOFiUtKui6-x4T-J7_DgCag,Caedrel,20,"['caedrel', 'league of legends', 'lec', 'streamer', 'mid', 'jungle', 'rumours', 'offseason', 'roster', 'lol', 'lolesports', 'lol moments', 'lol clips', 'lol streamers', 'lol shorts', 'league shorts', 'twitch clips', 'vod review', 'pro play', 'caedrel stream', 'caedrel highlights', 'caedrel clips', 'caedrel twitch', 'caedrel reacts', 'lcs', 'lck', 'lpl', 'gaming', 'british', 'pedro', 'funny moments', 'accent', 'caster', 'lol caster', 'analyst', 'pro player', 'worlds', 'msi', 'eulcs', 'videogames', 'variety streamer', 'riot games', 'twitch', 'cancelled it', 'fnatic', 'fnc', 'g2', 't1', 'damwon', 'geng', 'ig']",PT56M12S,hd,false,322822,7686,554,https://www.twitch.tv/Caedrel | https://twitter.com/Caedrel | https://www.instagram.com/caedrel/ | https://www.tiktok.com/@caedrel | https://www.youtube.com/@more_caedrel | https://twitter.com/HeyGuysItsMoo | https://www.youtube.com/@Adammura | https://x.com/kdxdawi,8,"['Twitch', 'Twitter/X', 'Instagram', 'TikTok', 'YouTube']",['#Caedrel'],1,Follow Marc: ► ► ► ► ► Inquiries: Business@Caedrel.com Edited By: ► ►► Thumbnail made by: ►,"['caedrel', 'league of legends', 'lec', 'streamer', 'mid', 'jungle', 'rumours', 'offseason', 'roster', 'lol', 'lolesports', 'lol moments', 'lol clips', 'lol streamers', 'lol shorts', 'league shorts', 'twitch clips', 'vod review', 'pro play', 'caedrel stream', 'caedrel highlights', 'caedrel clips', 'caedrel twitch', 'caedrel reacts', 'lcs', 'lck', 'lpl', 'gaming', 'british', 'pedro', 'funny moments', 'accent', 'caster', 'lol caster', 'analyst', 'pro player', 'worlds', 'msi', 'eulcs', 'videogames', 'variety streamer', 'riot games', 'twitch', 'cancelled it', 'fnatic', 'fnc', 'g2', 't1', 'damwon', 'geng', 'ig']",51,2026-08-06,8,August,6,Thursday,32,False,13,6,24,"['Follow', 'Marc', ':', 'Inquiries', ':', 'Business', '@', 'Caedrel.com', 'Edited', 'By', ':', 'Thumbnail', 'made', ':']",Follow Marc : Inquiries : Business @ Caedrel.com Edited By : Thumbnail made :,3372.0,Long,61,14,74,9,Afternoon,8240,0.023808786266115694,0.0017161160020072981,0.02552490226812299,1,0,Very High,Beginning,True,False,Afternoon,Gaming,12.684859464388607,8.947285869349132,6.318968113746434
Gk8Cvorzjdg,Best Vanoss Crew Cutoffs w/ WILDCAT,Check out my other channels! 2nd channel: Clips channel: Gaming channel: FRIENDS IN THE VIDEO: @WILDCATReacts ORIGINAL: EDITED BY: SOCIALS: Twitter: Instagram: Twitch:,2026-08-06 21:35:58+00:00,UCRxT4Zw1Oj-VvgDMWrtJUPQ,Scotty,24,"['scottysvlog69', 'scotty', 'react', 'reaction', 'wildcat', 'wildcat reacts', 'vanoss crew reacts', 'scotty reacts', 'vanoss crew cutoffs', 'vanoss crew funny moments', 'funny vanoss crew', 'black ops 2 cutoffs', 'call of duty cutoffs', 'vanoss cutoff moments', 'vanoss crew cutoff moments']",PT20M57S,hd,false,79291,5856,84,https://youtube.com/channel/UC5ge2PuR_GpEx2eGxOYXvUA | https://www.youtube.com/channel/UC-BWqcBbsVSU3NBkQfrgNmA | https://www.youtube.com/fourzer0seven | https://www.youtube.com/watch?v=m5aJnhsbYlk | https://x.com/_Valeon_ | https://twitter.com/fourzer0seven | https://www.instagram.com/fourzer0gram | https://www.twitch.tv/fourzer0seven,8,"['YouTube', 'Twitter/X', 'Instagram', 'Twitch']",[],0,Check out my other channels! 2nd channel: Clips channel: Gaming channel: FRIENDS IN THE VIDEO: @WILDCATReacts ORIGINAL: EDITED BY: SOCIALS: Twitter: Instagram: Twitch:,"['scottysvlog69', 'scotty', 'react', 'reaction', 'wildcat', 'wildcat reacts', 'vanoss crew reacts', 'scotty reacts', 'vanoss crew cutoffs', 'vanoss crew funny moments', 'funny vanoss crew', 'black ops 2 cutoffs', 'call of duty cutoffs', 'vanoss cutoff moments', 'vanoss crew cutoff moments']",15,2026-08-06,8,August,6,Thursday,32,False,21,35,58,"['Check', 'channel', '!', '2nd', 'channel', ':', 'Clips', 'channel', ':', 'Gaming', 'channel', ':', 'FRIENDS', 'IN', 'THE', 'VIDEO', ':', '@', 'WILDCATReacts', 'ORIGINAL', ':', 'EDITED', 'BY', ':', 'SOCIALS', ':', 'Twitter', ':', 'Instagram', ':', 'Twitch', ':']",Check channel ! 2nd channel : Clips channel : Gaming channel : FRIENDS IN THE VIDEO : @ WILDCATReacts ORIGINAL : EDITED BY : SOCIALS : Twitter : Instagram : Twitch :,1257.0,Long,35,6,167,23,Evening,5940,0.07385453582373788,0.0010593888335372237,0.0749139246572751,1,0,Medium,Beginning,False,False,Evening,Entertainment,11.280892519810102,8.675392806089782,4.442651256490317
Vk_Jnblkhjk,Shift At Midnight Fully Released,Get Goof Juice and use code MOIST Use Cheeky Starforge PC,2026-08-06 16:23:24+00:00,UCxfr3b8IuHSzu22UHnAvHWg,MoistCr1TiKaL Gaming,20,[],PT1H59M9S,hd,false,103595,2741,227,https://gamersupps.gg/moist | https://www.usecheeky.com/moist | https://starforgepc.com/moist-yt,3,['Other'],[],0,Get Goof Juice and use code MOIST Use Cheeky Starforge PC,[],0,2026-08-06,8,August,6,Thursday,32,False,16,23,24,"['Get', 'Goof', 'Juice', 'use', 'code', 'MOIST', 'Use', 'Cheeky', 'Starforge', 'PC']",Get Goof Juice use code MOIST Use Cheeky Starforge PC,7149.0,Long,32,5,57,11,Afternoon,2968,0.026458805926926975,0.0021912254452434964,0.02865003137217047,1,0,Medium,Beginning,True,False,Afternoon,Gaming,11.548253998023522,7.91644286012226,5.429345628954441
Tpmig5Ndqk0,Call of Duty: Black Ops 7 Esports World Cup | Day 2 Bravo,,2026-08-07 05:18:00+00:00,UCbLIqv9Puhyp9_ZjVtfOy7w,Call of Duty League,20,"['Florida Mutineers', 'Los Angeles Guerrillas', 'Minnesota Røkkr', 'Vegas Legion', 'Seattle Surge', 'Toronto Ultra', 'Atlanta FaZe', 'London Royal Ravens', 'New York Subliners', 'OpTic', 'Call of Duty League', 'CDL', 'esports', 'Call of Duty', 'COD', 'COD League', 'Call of Duty League highlights', 'Treyarch', 'Infinity Ward', 'Boston Breach', 'Los Angeles Thieves', 'OpTic Texas', 'CDL2023', 'Call of Duty League 2023', 'Call of Duty: Modern Warfare II', 'Modern Warfare II', 'MWII']",PT8H42M52S,hd,false,147318,623,0,,0,[],[],0,,"['Florida Mutineers', 'Los Angeles Guerrillas', 'Minnesota Røkkr', 'Vegas Legion', 'Seattle Surge', 'Toronto Ultra', 'Atlanta FaZe', 'London Royal Ravens', 'New York Subliners', 'OpTic', 'Call of Duty League', 'CDL', 'esports', 'Call of Duty', 'COD', 'COD League', 'Call of Duty League highlights', 'Treyarch', 'Infinity Ward', 'Boston Breach', 'Los Angeles Thieves', 'OpTic Texas', 'CDL2023', 'Call of Duty League 2023', 'Call of Duty: Modern Warfare II', 'Modern Warfare II', 'MWII']",27,2026-08-07,8,August,7,Friday,32,False,5,18,0,[],,31372.0,Long,57,13,0,0,Night,623,0.004228946903976432,0.0,0.004228946903976432,1,0,High,Beginning,True,False,Late Night,Gaming,11.900355582591352,6.436150368369428,0.0
Yq8Kfp99Guc,This Roblox ASMR TOWER Is Hiding A DARK SECRET..,This Roblox ASMR TOWER Is Hiding A DARK SECRET.. 🩵CONNECT WITH ME🩵 DISCORD: TWITTER: ROBLOX INFO ROBLOX PROFILE: ROBLOX GROUP:,2026-08-06 13:00:15+00:00,UCqrdqFnxnZ_3TUYYK5yGi8g,Brook and Riley,20,"['brook', 'brook and riley', 'brookblox', 'roblox', 'roblox games', 'roblox variety', 'roblox gaming', 'This Roblox ASMR TOWER Is Hiding A DARK SECRET..']",PT15M21S,hd,false,226666,5010,1692,https://discord.gg/8BKXX985B7 | https://twitter.com/_Thisisbrook_ | https://www.roblox.com/users/4391860484/profile | https://www.roblox.com/groups/33789321/Brookies-Besties#!/about,4,"['Discord', 'Twitter/X']",['#roblox'],1,This Roblox ASMR TOWER Is Hiding A DARK SECRET.. 🩵CONNECT WITH ME🩵 ♡ DISCORD: ♡ TWITTER: 💎ROBLOX INFO💎 ♡ ROBLOX PROFILE: ♡ ROBLOX GROUP:,"['brook', 'brook and riley', 'brookblox', 'roblox', 'roblox games', 'roblox variety', 'roblox gaming', 'This Roblox ASMR TOWER Is Hiding A DARK SECRET..']",8,2026-08-06,8,August,6,Thursday,32,False,13,0,15,"['This', 'Roblox', 'ASMR', 'TOWER', 'Is', 'Hiding', 'A', 'DARK', 'SECRET', '..', '\U0001fa75CONNECT', 'WITH', 'ME\U0001fa75', 'DISCORD', ':', 'TWITTER', ':', 'ROBLOX', 'INFO', 'ROBLOX', 'PROFILE', ':', 'ROBLOX', 'GROUP', ':']",This Roblox ASMR TOWER Is Hiding A DARK SECRET .. 🩵CONNECT WITH ME🩵 DISCORD : TWITTER : ROBLOX INFO ROBLOX PROFILE : ROBLOX GROUP :,921.0,Long,48,9,126,20,Afternoon,6702,0.02210300618531231,0.007464727837434816,0.029567734022747125,1,0,High,Beginning,True,False,Afternoon,Gaming,12.331237259071333,8.519390774959724,7.4342573821331355
Hrynyymqv3E,Big Walk But My Idiot Friends Ruin Everything,"Enter Ridge’s 2026 Sweepstakes for FREE - use my link Sponsored by Ridge. BLDBLZ: Thanks for watching! LIKE the video if you enjoyed! Follow me on Twitter: My Instagram: Friends in this video! @BasicallyIDoWrk @Terroriser @DaithiDeNogla @VanossGaming Follow Me on Twitch: Subscribe to my let's play channel: Apply for a Partnership: For Business Inquiries Contact: business@iamwildcat.net Please flag hateful comments or spam...we don't need that here :D Music from: Kevin MacLeod: NO PURCHASE NECESSARY. Open only to legal residents of the promotion territory, who have reached the age of majority in their jurisdiction of residence. Void elsewhere & where prohibited by law. Enter by 9:00 a.m. USPT on 8 September 2026. 2 winners, prizes total ARV: up to approx. $380,000 USD / approximately $539,165 CAD / £284,170 / $547,515 AUD / €333,038.Skill-testing question required in CA. See Official Rules at ridge.com/pages/rules for complete eligibility, entry instructions, how to enter without ax purchase, entry limits, prize details, odds, and restrictions. Sponsor: The Ridge Wallet LLC No one reads this far into the description...what are you doing snooping around...",2026-08-06 22:13:42+00:00,UC-kOXc3gBwksVfmndSEz7jg,WILDCAT,20,"['WILDCAT', 'I AM WILDCAT', 'iamwildcat']",PT38M16S,hd,false,87450,3827,120,https://ridge.com/wildcat | https://www.bldblz.com/ | http://bit.ly/I_AM_WILDCAT | http://instagram.com/wildcat_official | http://www.twitch.tv/WILDCAT | http://bit.ly/WILDCATLetsPlays | http://apply.fullscreen.net/?ref=w1ldc4t43 | http://incompetech.com/ | http://www.premiumbeat.com/ | http://audionautix.com/,10,"['Other', 'Instagram', 'Twitch', 'Twitter/X']",['#WILDCAT'],1,"Enter Ridge’s 2026 Sweepstakes for FREE - use my link Sponsored by Ridge. BLDBLZ: Thanks for watching! LIKE the video if you enjoyed! Follow me on Twitter: My Instagram: Friends in this video! @BasicallyIDoWrk @Terroriser @DaithiDeNogla @VanossGaming Follow Me on Twitch: Subscribe to my let's play channel: Apply for a Partnership: For Business Inquiries Contact: business@iamwildcat.net Please flag hateful comments or spam...we don't need that here :D Music from: Kevin MacLeod: NO PURCHASE NECESSARY. Open only to legal residents of the promotion territory, who have reached the age of majority in their jurisdiction of residence. Void elsewhere & where prohibited by law. Enter by 9:00 a.m. USPT on 8 September 2026. 2 winners, prizes total ARV: up to approx. $380,000 USD / approximately $539,165 CAD / £284,170 / $547,515 AUD / €333,038.Skill-testing question required in CA. See Official Rules at ridge.com/pages/rules for complete eligibility, entry instructions, how to enter without ax purchase, entry limits, prize details, odds, and restrictions. Sponsor: The Ridge Wallet LLC No one reads this far into the description...what are you doing snooping around...","['WILDCAT', 'I AM WILDCAT', 'iamwildcat']",3,2026-08-06,8,August,6,Thursday,32,False,22,13,42,"['Enter', 'Ridge', '’', '2026', 'Sweepstakes', 'FREE', '-', 'use', 'link', 'Sponsored', 'Ridge', '.', 'BLDBLZ', ':', 'Thanks', 'watching', '!', 'LIKE', 'video', 'enjoyed', '!', 'Follow', 'Twitter', ':', 'My', 'Instagram', ':', 'Friends', 'video', '!', '@', 'BasicallyIDoWrk', '@', 'Terroriser', '@', 'DaithiDeNogla', '@', 'VanossGaming', 'Follow', 'Me', 'Twitch', ':', 'Subscribe', 'let', ""'s"", 'play', 'channel', ':', 'Apply', 'Partnership', ':', 'For', 'Business', 'Inquiries', 'Contact', ':', 'business', '@', 'iamwildcat.net', 'Please', 'flag', 'hateful', 'comment', 'spam', '...', ""n't"", 'need', ':', 'D', 'Music', ':', 'Kevin', 'MacLeod', ':', 'NO', 'PURCHASE', 'NECESSARY', '.', 'Open', 'legal', 'resident', 'promotion', 'territory', ',', 'reached', 'age', 'majority', 'jurisdiction', 'residence', '.', 'Void', 'elsewhere', '&', 'prohibited', 'law', '.', 'Enter', '9:00', 'a.m.', 'USPT', '8', 'September', '2026', '.', '2', 'winner', ',', 'prize', 'total', 'ARV', ':', 'approx', '.', '$', '380,000', 'USD', '/', 'approximately', '$', '539,165', 'CAD', '/', '£284,170', '/', '$', '547,515', 'AUD', '/', '€333,038.Skill-testing', 'question', 'required', 'CA', '.', 'See', 'Official', 'Rules', 'ridge.com/pages/rules', 'complete', 'eligibility', ',', 'entry', 'instruction', ',', 'enter', 'without', 'ax', 'purchase', ',', 'entry', 'limit', ',', 'prize', 'detail', ',', 'odds', ',', 'restriction', '.', 'Sponsor', ':', 'The', 'Ridge', 'Wallet', 'LLC', 'No', 'one', 'read', 'far', 'description', '...', 'snooping', 'around', '...']","Enter Ridge ’ 2026 Sweepstakes FREE - use link Sponsored Ridge . BLDBLZ : Thanks watching ! LIKE video enjoyed ! Follow Twitter : My Instagram : Friends video ! @ BasicallyIDoWrk @ Terroriser @ DaithiDeNogla @ VanossGaming Follow Me Twitch : Subscribe let 's play channel : Apply Partnership : For Business Inquiries Contact : business @ iamwildcat.net Please flag hateful comment spam ... n't need : D Music : Kevin MacLeod : NO PURCHASE NECESSARY . Open legal resident promotion territory , reached age majority jurisdiction residence . Void elsewhere & prohibited law . Enter 9:00 a.m. USPT 8 September 2026 . 2 winner , prize total ARV : approx . $ 380,000 USD / approximately $ 539,165 CAD / £284,170 / $ 547,515 AUD / €333,038.Skill-testing question required CA . See Official Rules ridge.com/pages/rules complete eligibility , entry instruction , enter without ax purchase , entry limit , prize detail , odds , restriction . Sponsor : The Ridge Wallet LLC No one read far description ... snooping around ...",2296.0,Long,45,8,1172,177,Evening,3947,0.04376214979988565,0.0013722126929674098,0.04513436249285306,1,0,Medium,Beginning,True,False,Night,Gaming,11.378833915487142,8.250097752572845,4.795790545596741
Mw3Ereqs2Yo,ROBLOX +1 MONKEY WITH MY GIRLFRIEND,"Watch the teaser for our NEW animated series, JOHNNY IRL: Limited plush drop coming soon… get early access: Join my Roblox group: Hang out in the Johnny Discord:",2026-08-06 21:35:28+00:00,UCHudxWzwLDAr06TWFmrP7hQ,Johnny and Marty,20,"['roblox', 'roblox funny', 'roblox gameplay', 'roblox roleplay', 'roblox story', 'roblox prank', 'roblox challenge', 'roblox skit', 'roblox brookhaven', 'brookhaven roblox', 'roblox adopt me', 'roblox rp', 'funny roblox moments', 'family friendly roblox', 'no cursing roblox', 'roblox friends', 'roblox trolling', 'roblox funny moments', 'roblox story mode', 'roblox adventures', 'johnnyandmarty', 'johnny and marty roblox', 'heres johnny', 'spinny hat studios', 'brainrot', 'ROBLOX +1 BE A MONKEY WITH MY GIRLFRIEND']",PT18M28S,hd,false,65239,943,140,https://www.youtube.com/watch?v=pLkJ2Pu9Fik | https://spinnyhat.store | https://www.roblox.com/share/g/15997897 | https://discord.gg/wChcP6Nbc2,4,"['YouTube', 'Other', 'Twitter/X', 'Discord']","['#Roblox', '#RobloxFunny', '#JohnnyAndMarty']",3,"🎬 Watch the teaser for our NEW animated series, JOHNNY IRL: 👀 Limited plush drop coming soon… get early access: 🔥 Join my Roblox group: 💛 Hang out in the Johnny Discord:","['roblox', 'roblox funny', 'roblox gameplay', 'roblox roleplay', 'roblox story', 'roblox prank', 'roblox challenge', 'roblox skit', 'roblox brookhaven', 'brookhaven roblox', 'roblox adopt me', 'roblox rp', 'funny roblox moments', 'family friendly roblox', 'no cursing roblox', 'roblox friends', 'roblox trolling', 'roblox funny moments', 'roblox story mode', 'roblox adventures', 'johnnyandmarty', 'johnny and marty roblox', 'heres johnny', 'spinny hat studios', 'brainrot', 'ROBLOX +1 BE A MONKEY WITH MY GIRLFRIEND']",26,2026-08-06,8,August,6,Thursday,32,False,21,35,28,"['Watch', 'teaser', 'NEW', 'animated', 'series', ',', 'JOHNNY', 'IRL', ':', 'Limited', 'plush', 'drop', 'coming', 'soon…', 'get', 'early', 'access', ':', 'Join', 'Roblox', 'group', ':', 'Hang', 'Johnny', 'Discord', ':']","Watch teaser NEW animated series , JOHNNY IRL : Limited plush drop coming soon… get early access : Join Roblox group : Hang Johnny Discord :",1108.0,Long,35,6,161,28,Evening,1083,0.014454544061067767,0.0021459556400312695,0.016600499701099034,1,0,Low,Beginning,True,False,Evening,Gaming,11.08582805673495,6.8501261661455,4.948759890378168
Smcft7Wxwfa,Trolling My Friend with MODDED Guns In Rivals...,Join My Roblox Group! Socials:,2026-08-06 16:00:16+00:00,UCzlUw75H5ILJ2l_ackxyI6A,More Techy,20,"['roblox', 'funnyroblox', 'techyblox', 'techy', 'crazy fan girls', 'crazy fan girl', 'my crazy fan girls', 'girlfriend', 'roblox girlfriend']",PT11M17S,hd,false,192022,3278,364,https://www.roblox.com/groups/33043362/The-Techy-ARMY#!/about | https://solo.to/techys,2,"['Twitter/X', 'Other']",['#Roblox'],1,Join My Roblox Group! Socials:,"['roblox', 'funnyroblox', 'techyblox', 'techy', 'crazy fan girls', 'crazy fan girl', 'my crazy fan girls', 'girlfriend', 'roblox girlfriend']",9,2026-08-06,8,August,6,Thursday,32,False,16,0,16,"['Join', 'My', 'Roblox', 'Group', '!', 'Socials', ':']",Join My Roblox Group ! Socials :,677.0,Long,48,8,30,5,Afternoon,3642,0.01707096061909573,0.0018956161273187447,0.018966576746414474,1,0,High,Beginning,True,False,Afternoon,Gaming,12.165370435502137,8.095293776844649,5.8998973535824915
Dq-L49Cllks,I Got Late Access To Season 9.5 Of Marvel Rivals!!,WATCH ME LIVE / Flats Two: / @flatstwo More Flats: / @more_flats Clips Channel: / @flatsclips Variety Channel: / @Flatsttv Edited by and thumbnail done by: Follow Me Discord: Twitch: Twitter: TikTok: Facebook:,2026-08-06 23:45:23+00:00,UCulXXKKrC3LjQpxGNPNMFPA,Flats,20,"['Flats', 'Flats Overwatch', 'FlatsOW', 'Flats_OW', 'flats bronzes', 'overwatch', 'Overwatch streamer', 'flats', 'Overwatch', 'Marvel Rivals', 'Flats Marvel Rivals']",PT25M50S,hd,false,65697,2520,151,https://www.twitch.tv/flats | https://discord.gg/flats | https://www.twitch.tv/flats | https://twitter.com/Flats_Ow | https://www.tiktok.com/@flats_ow | https://www.facebook.com/FlatsTTV,6,"['Twitch', 'Discord', 'Twitter/X', 'TikTok', 'Facebook']","['#marvel', '#marvelrivals', '#Flats']",3,WATCH ME LIVE ► / ► Flats Two: / @flatstwo ► More Flats: / @more_flats ► Clips Channel: / @flatsclips ► Variety Channel: / @Flatsttv ►Edited by and thumbnail done by: ►Follow Me ►Discord: ►Twitch: ►Twitter: ►TikTok: ►Facebook:,"['Flats', 'Flats Overwatch', 'FlatsOW', 'Flats_OW', 'flats bronzes', 'overwatch', 'Overwatch streamer', 'flats', 'Overwatch', 'Marvel Rivals', 'Flats Marvel Rivals']",11,2026-08-06,8,August,6,Thursday,32,False,23,45,23,"['WATCH', 'ME', 'LIVE', '/', 'Flats', 'Two', ':', '/', '@', 'flatstwo', 'More', 'Flats', ':', '/', '@', 'more_flats', 'Clips', 'Channel', ':', '/', '@', 'flatsclips', 'Variety', 'Channel', ':', '/', '@', 'Flatsttv', 'Edited', 'thumbnail', 'done', ':', 'Follow', 'Me', 'Discord', ':', 'Twitch', ':', 'Twitter', ':', 'TikTok', ':', 'Facebook', ':']",WATCH ME LIVE / Flats Two : / @ flatstwo More Flats : / @ more_flats Clips Channel : / @ flatsclips Variety Channel : / @ Flatsttv Edited thumbnail done : Follow Me Discord : Twitch : Twitter : TikTok : Facebook :,1550.0,Long,50,10,209,33,Evening,2671,0.038357915886570164,0.002298430674155593,0.040656346560725753,1,0,Low,Beginning,True,False,Night,Gaming,11.092823762609049,7.83241092718792,5.0238805208462765
I-Ge1Mo5Oqc,FLOODING DONUT SMP WITH JYNXZI..,"🥩STAR CODE STEAK🥩 🥩 TALK TO ME: 🥩 SONG USED: FOLLOW ME: 🥩 TikTok: 🥩 ROBLOX GROUP: 🥩 Twitter: 🥩 Instagram: SEND ME STUFF: P.O BOX 171002 Salt Lake City, UT, 84117",2026-08-06 23:39:13+00:00,UC7c8wbA9yQjzxkj2uyrHrkg,steak,20,[],PT1H24M15S,hd,false,142075,3282,250,https://discord.gg/dinner | https://www.youtube.com/watch?v=3_-a9nVZYjk&pp=ygUKeGVub2dlbnNpcw%3D%3D | https://www.tiktok.com/@steakonyoutube | https://www.roblox.com/groups/11659059 | https://twitter.com/steak834 | https://www.instagram.com/steak834/,6,"['Discord', 'YouTube', 'TikTok', 'Twitter/X', 'Instagram']",[],0,"🥩⭐STAR CODE STEAK⭐🥩 🥩 TALK TO ME: 🥩 SONG USED: FOLLOW ME: 🥩 TikTok: 🥩 ROBLOX GROUP: 🥩 Twitter: 🥩 Instagram: SEND ME STUFF: P.O BOX 171002 Salt Lake City, UT, 84117",[],0,2026-08-06,8,August,6,Thursday,32,False,23,39,13,"['🥩STAR', 'CODE', 'STEAK🥩', '🥩', 'TALK', 'TO', 'ME', ':', '🥩', 'SONG', 'USED', ':', 'FOLLOW', 'ME', ':', '🥩', 'TikTok', ':', '🥩', 'ROBLOX', 'GROUP', ':', '🥩', 'Twitter', ':', '🥩', 'Instagram', ':', 'SEND', 'ME', 'STUFF', ':', 'P.O', 'BOX', '171002', 'Salt', 'Lake', 'City', ',', 'UT', ',', '84117']","🥩STAR CODE STEAK🥩 🥩 TALK TO ME : 🥩 SONG USED : FOLLOW ME : 🥩 TikTok : 🥩 ROBLOX GROUP : 🥩 Twitter : 🥩 Instagram : SEND ME STUFF : P.O BOX 171002 Salt Lake City , UT , 84117",5055.0,Long,32,5,161,32,Evening,3532,0.023100475101178956,0.0017596339961288051,0.02486010909730776,1,0,High,Beginning,True,False,Night,Gaming,11.864117404676536,8.096512917501594,5.5254529391317835
Pw5J9Ewp4Li,They Forgot To Balance The Hulk...,Marvel Tokon: Fighting Souls is finally here!. Today we hop into our first high rank online matches with the hulk! will we be able to overcome the starlords and spidermans of the online world!? Follow me on twitter: Follow me on twitch: If you enjoyed the video make sure to hit the like button and subscribe! Feel free to share the video with anybody else you feel would enjoy it!,2026-08-06 23:00:20+00:00,UCq-ZvpCLekNUJpD3iem0zDQ,DotoDoya,20,"['DragonballfighterZ', 'Dotodoya', 'dragon', 'ball', 'fighterz', 'anime', 'fighting', 'Ranked', 'games', 'beginner', 'guides', 'character', 'new', 'characters', 'broly', 'bardock', 'goku', 'krillin', 'yamcha', 'High', 'rank', 'dragonball', 'dotodoya', 'Spiderman', 'Spiderman combos', 'Tokon', 'Marvel tokon', 'Tokon fighting souls', 'Tokon ranked', 'Peni', 'Peni combos', 'Iron man', 'Doom', ""Marvel's NEW Fighting Game Will Change EVERYTHING..."", 'Marvel', 'spiderman', 'spiderman game', 'Hulk', 'Hulk combos']",PT43M13S,hd,false,90070,4580,280,https://twitter.com/DotoDoya | https://www.twitch.tv/dotodoya,2,"['Twitter/X', 'Twitch']",[],0,Marvel Tokon: Fighting Souls is finally here!. Today we hop into our first high rank online matches with the hulk! will we be able to overcome the starlords and spidermans of the online world!? Follow me on twitter: Follow me on twitch: If you enjoyed the video make sure to hit the like button and subscribe! Feel free to share the video with anybody else you feel would enjoy it!,"['DragonballfighterZ', 'Dotodoya', 'dragon', 'ball', 'fighterz', 'anime', 'fighting', 'Ranked', 'games', 'beginner', 'guides', 'character', 'new', 'characters', 'broly', 'bardock', 'goku', 'krillin', 'yamcha', 'High', 'rank', 'dragonball', 'dotodoya', 'Spiderman', 'Spiderman combos', 'Tokon', 'Marvel tokon', 'Tokon fighting souls', 'Tokon ranked', 'Peni', 'Peni combos', 'Iron man', 'Doom', ""Marvel's NEW Fighting Game Will Change EVERYTHING..."", 'Marvel', 'spiderman', 'spiderman game', 'Hulk', 'Hulk combos']",39,2026-08-06,8,August,6,Thursday,32,False,23,0,20,"['Marvel', 'Tokon', ':', 'Fighting', 'Souls', 'finally', '!', '.', 'Today', 'hop', 'first', 'high', 'rank', 'online', 'match', 'hulk', '!', 'able', 'overcome', 'starlords', 'spidermans', 'online', 'world', '!', '?', 'Follow', 'twitter', ':', 'Follow', 'twitch', ':', 'If', 'enjoyed', 'video', 'make', 'sure', 'hit', 'like', 'button', 'subscribe', '!', 'Feel', 'free', 'share', 'video', 'anybody', 'else', 'feel', 'would', 'enjoy', '!']",Marvel Tokon : Fighting Souls finally ! . Today hop first high rank online match hulk ! able overcome starlords spidermans online world ! ? Follow twitter : Follow twitch : If enjoyed video make sure hit like button subscribe ! Feel free share video anybody else feel would enjoy !,2593.0,Long,34,6,381,70,Evening,4860,0.0508493394026868,0.003108693238592206,0.053958032641279005,1,0,Medium,Beginning,True,False,Night,Gaming,11.40835352719201,8.429672593886743,5.638354669333745
Tekxuw3H90A,Identifying EVERY Darkner In Deltarune - Chapter 5,"Hey guys, I think I found a verdict! This video covers the true identities of every character, item, piece of gear, and anything else I could find in Deltarune Chapter 5: Festival Day. I strived to make this video bigger and better than the last, so I hope you enjoy! CHAPTERS: 0:00 - Intro 4:22 - Garden 15:35 - Cliffs 18:34 - Flower Castle 25:06 - Confession 27:23 - The Flowers 31:46 - Secret Boss 33:51 - Outro SPREADSHEET: CAST: @RobintheSpellbinder04 as Asgore @Arrow_Sucks as himself @thepotatoking13 as Mew Mew FOOTAGE AND AUDIO USED: The Amazing Digital Indie Show - Chazington The Koopaling Family Vacation! 2 - SuperMarioRichie Game Over Easter Egg [Deltarune Ch.5] - Dodove. The ULTIMATE Deltarune Chapter 5 Discussion (ft. Nate Clone) - Robin the Squaredbound How to Make Aloe Vera Gel in 90 Seconds!! - Daisy Creek Farms with Jag Singh yusuke loves his lobsters - fableplayss Japanese Netsuke - Mastery in Miniature - Milwaukee Public Museum You Reposted In The Wrong Trousers - HourofPoop StreetPass Mii Plaza - Flower Town: Part 1 - Preview and Gameplay - AbdallahSmash Crowd Cheering / Green Screen - Chroma Key - Green Screen Brasil Attack Of The Killer Queen (With Lyrics) - The Deltarune Musical - felfeb Buford refuses Candace a table - Beck the Schizo Flowery Battle (Clean Background) - Deltarune Chapter 5 - Phizzy Alt The Great Starburst SCAM - Chadtronic",2026-08-06 17:37:09+00:00,UCNVLuZfDmXKukHRgfZcDeqg,Nate Clone,22,[],PT35M7S,hd,false,103340,8301,1605,https://docs.google.com/spreadsheets/d/1afMZAycK0aYT7F5j9fKpadgHZGqbDeTJ7S0TuINqFrA/edit?gid=0#gid=0,1,['Other'],"['#gid', '#1']",2,"Hey guys, I think I found a verdict! This video covers the true identities of every character, item, piece of gear, and anything else I could find in Deltarune Chapter 5: Festival Day. I strived to make this video bigger and better than the last, so I hope you enjoy! CHAPTERS: 0:00 - Intro 4:22 - Garden 15:35 - Cliffs 18:34 - Flower Castle 25:06 - Confession 27:23 - The Flowers 31:46 - Secret Boss 33:51 - Outro SPREADSHEET: CAST: @RobintheSpellbinder04 as Asgore @Arrow_Sucks as himself @thepotatoking13 as Mew Mew FOOTAGE AND AUDIO USED: The Amazing Digital Indie Show - Chazington The Koopaling Family Vacation! 2 - SuperMarioRichie Game Over Easter Egg [Deltarune Ch.5] - Dodove.度 The ULTIMATE Deltarune Chapter 5 Discussion (ft. Nate Clone) - Robin the Squaredbound How to Make Aloe Vera Gel in 90 Seconds!! - Daisy Creek Farms with Jag Singh yusuke loves his lobsters - fableplayss Japanese Netsuke - Mastery in Miniature - Milwaukee Public Museum You Reposted In The Wrong Trousers - HourofPoop StreetPass Mii Plaza - Flower Town: Part 1 - Preview and Gameplay - AbdallahSmash Crowd Cheering / Green Screen - Chroma Key - Green Screen Brasil Attack Of The Killer Queen (With Lyrics) - The Deltarune Musical - felfeb Buford refuses Candace a table - Beck the Schizo Flowery Battle (Clean Background) - Deltarune Chapter 5 - Phizzy Alt The Great Starburst SCAM - Chadtronic",[],0,2026-08-06,8,August,6,Thursday,32,False,17,37,9,"['Hey', 'guy', ',', 'I', 'think', 'I', 'found', 'verdict', '!', 'This', 'video', 'cover', 'true', 'identity', 'every', 'character', ',', 'item', ',', 'piece', 'gear', ',', 'anything', 'else', 'I', 'could', 'find', 'Deltarune', 'Chapter', '5', ':', 'Festival', 'Day', '.', 'I', 'strived', 'make', 'video', 'bigger', 'better', 'last', ',', 'I', 'hope', 'enjoy', '!', 'CHAPTERS', ':', '0:00', '-', 'Intro', '4:22', '-', 'Garden', '15:35', '-', 'Cliffs', '18:34', '-', 'Flower', 'Castle', '25:06', '-', 'Confession', '27:23', '-', 'The', 'Flowers', '31:46', '-', 'Secret', 'Boss', '33:51', '-', 'Outro', 'SPREADSHEET', ':', 'CAST', ':', '@', 'RobintheSpellbinder04', 'Asgore', '@', 'Arrow_Sucks', '@', 'thepotatoking13', 'Mew', 'Mew', 'FOOTAGE', 'AND', 'AUDIO', 'USED', ':', 'The', 'Amazing', 'Digital', 'Indie', 'Show', '-', 'Chazington', 'The', 'Koopaling', 'Family', 'Vacation', '!', '2', '-', 'SuperMarioRichie', 'Game', 'Over', 'Easter', 'Egg', '[', 'Deltarune', 'Ch.5', ']', '-', 'Dodove', '.', 'The', 'ULTIMATE', 'Deltarune', 'Chapter', '5', 'Discussion', '(', 'ft.', 'Nate', 'Clone', ')', '-', 'Robin', 'Squaredbound', 'How', 'Make', 'Aloe', 'Vera', 'Gel', '90', 'Seconds', '!', '!', '-', 'Daisy', 'Creek', 'Farms', 'Jag', 'Singh', 'yusuke', 'love', 'lobster', '-', 'fableplayss', 'Japanese', 'Netsuke', '-', 'Mastery', 'Miniature', '-', 'Milwaukee', 'Public', 'Museum', 'You', 'Reposted', 'In', 'The', 'Wrong', 'Trousers', '-', 'HourofPoop', 'StreetPass', 'Mii', 'Plaza', '-', 'Flower', 'Town', ':', 'Part', '1', '-', 'Preview', 'Gameplay', '-', 'AbdallahSmash', 'Crowd', 'Cheering', '/', 'Green', 'Screen', '-', 'Chroma', 'Key', '-', 'Green', 'Screen', 'Brasil', 'Attack', 'Of', 'The', 'Killer', 'Queen', '(', 'With', 'Lyrics', ')', '-', 'The', 'Deltarune', 'Musical', '-', 'felfeb', 'Buford', 'refuse', 'Candace', 'table', '-', 'Beck', 'Schizo', 'Flowery', 'Battle', '(', 'Clean', 'Background', ')', '-', 'Deltarune', 'Chapter', '5', '-', 'Phizzy', 'Alt', 'The', 'Great', 'Starburst', 'SCAM', '-', 'Chadtronic']","Hey guy , I think I found verdict ! This video cover true identity every character , item , piece gear , anything else I could find Deltarune Chapter 5 : Festival Day . I strived make video bigger better last , I hope enjoy ! CHAPTERS : 0:00 - Intro 4:22 - Garden 15:35 - Cliffs 18:34 - Flower Castle 25:06 - Confession 27:23 - The Flowers 31:46 - Secret Boss 33:51 - Outro SPREADSHEET : CAST : @ RobintheSpellbinder04 Asgore @ Arrow_Sucks @ thepotatoking13 Mew Mew FOOTAGE AND AUDIO USED : The Amazing Digital Indie Show - Chazington The Koopaling Family Vacation ! 2 - SuperMarioRichie Game Over Easter Egg [ Deltarune Ch.5 ] - Dodove . The ULTIMATE Deltarune Chapter 5 Discussion ( ft. Nate Clone ) - Robin Squaredbound How Make Aloe Vera Gel 90 Seconds ! ! - Daisy Creek Farms Jag Singh yusuke love lobster - fableplayss Japanese Netsuke - Mastery Miniature - Milwaukee Public Museum You Reposted In The Wrong Trousers - HourofPoop StreetPass Mii Plaza - Flower Town : Part 1 - Preview Gameplay - AbdallahSmash Crowd Cheering / Green Screen - Chroma Key - Green Screen Brasil Attack Of The Killer Queen ( With Lyrics ) - The Deltarune Musical - felfeb Buford refuse Candace table - Beck Schizo Flowery Battle ( Clean Background ) - Deltarune Chapter 5 - Phizzy Alt The Great Starburst SCAM - Chadtronic",2107.0,Long,50,8,1380,234,Afternoon,9906,0.08032707567253726,0.015531256047996904,0.09585833172053417,1,0,Medium,Beginning,False,False,Afternoon,People & Blogs,11.545789478589402,9.024251728612985,7.381501894506707
Z0-Jruh4Inq,Dress To Impress BUT Lana & Lina GROW UP As SISTERS For EVERY ROUND! | ROBLOX,"Thank you so much for watching! ⇉ Make sure to SUBSCRIBE for daily ROBLOX content! ⇇ All About Me: MERCH: Business Inquiries: callmehhaley@altlymedia.com ------------------------------------------------------------------------------------ Hey guys! It's Haley here. Welcome back to another Roblox video on my channel. In today's video Dress To Impress BUT Lana & Lina GROW UP As SISTERS For EVERY ROUND! | ROBLOX ------------------------------------------------------------------------------------ Important Links: Merch: 🧡 Youtube Channels: ROBLOX - Vlog Channel - Toca Boca Life World - Instagram: Twitter: Tiktok: Roblox Group: ------------------------------------------------------------------------------------ : Hi! I am callmehhaley. I am a ROBLOX Youtuber who especially loves all sorts of dress up or cute games like Dress to Impress, Royale High and more! I post everyday with tons of variety of videos such as challenges, updates, sneak peeks, secrets, and also tips! Stay tuned for more and make sure to SUBSCRIBE! ------------------------------------------------------------------------------------ : Merch art, Reaction images & Channel profile:",2026-08-04 16:00:01+00:00,UCfV-uR6HJDUtKIE8gACgQNQ,callmehhaley,20,"['video', 'sharing', 'camera phone', 'video phone', 'free', 'upload', 'dress to impress', 'dress to impress update', 'roblox', 'callmehhaley', 'lana', 'lina', 'sisters', 'grow up', 'every round', 'lana lore']",PT23M7S,hd,false,119371,1388,327,https://callmehhaley.carrd.co/ | https://callmehhaley.com/ | https://callmehhaley.com/ | https://www.youtube.com/@callmehhaley/videos | https://www.youtube.com/@HaleyBear/videos | https://www.youtube.com/@HaleyTocaWorld/videos | https://www.instagram.com/callmehhaley/ | https://twitter.com/callmehhaleyx | https://www.tiktok.com/@callmehhaley?lang=en | https://www.roblox.com/groups/6236226/CallMehHaley#!/about | https://x.com/BongoLad,11,"['Other', 'YouTube', 'Instagram', 'Twitter/X', 'TikTok']",[],0,"Thank you so much for watching! 💞 💟 ⇉ Make sure to SUBSCRIBE for daily ROBLOX content! ⇇ 💟 🌠★ All About Me: ★🌠 🛍️ MERCH: ⚠️ Business Inquiries: callmehhaley@altlymedia.com ✄------------------------------------------------------------------------------------ 🌈 Hey guys! It's Haley here. Welcome back to another Roblox video on my channel. In today's video Dress To Impress BUT Lana & Lina GROW UP As SISTERS For EVERY ROUND! | ROBLOX ✄------------------------------------------------------------------------------------ 💫 Important Links: ❤️ Merch: 🧡 Youtube Channels: ・ROBLOX - ・Vlog Channel - ・Toca Boca Life World - 💛 Instagram: 💚 Twitter: 💙 Tiktok: 💜 Roblox Group: ✄------------------------------------------------------------------------------------ 𝘼𝙗𝙤𝙪𝙩 𝙢𝙚: Hi! I am callmehhaley. I am a ROBLOX Youtuber who especially loves all sorts of dress up or cute games like Dress to Impress, Royale High and more! I post everyday with tons of variety of videos such as challenges, updates, sneak peeks, secrets, and also tips! Stay tuned for more and make sure to SUBSCRIBE! ✄------------------------------------------------------------------------------------ 𝘾𝙧𝙚𝙙𝙞𝙩𝙨: Merch art, Reaction images & Channel profile:","['video', 'sharing', 'camera phone', 'video phone', 'free', 'upload', 'dress to impress', 'dress to impress update', 'roblox', 'callmehhaley', 'lana', 'lina', 'sisters', 'grow up', 'every round', 'lana lore']",16,2026-08-04,8,August,4,Tuesday,32,False,16,0,1,"['Thank', 'much', 'watching', '!', '⇉', 'Make', 'sure', 'SUBSCRIBE', 'daily', 'ROBLOX', 'content', '!', '⇇', 'All', 'About', 'Me', ':', 'MERCH', ':', 'Business', 'Inquiries', ':', 'callmehhaley', '@', 'altlymedia.com', '--', '--', '--', '--', '--', '--', '--', '--', '--', '--', '--', '--', '--', '--', '--', '--', '--', '--', '--', '--', '--', '--', '--', '--', '--', '--', '--', '--', '--', '--', '--', '--', '--', '--', '--', '--', '--', '--', '--', '--', '--', '--', 'Hey', 'guy', '!', 'It', ""'s"", 'Haley', '.', 'Welcome', 'back', 'another', 'Roblox', 'video', 'channel', '.', 'In', 'today', ""'s"", 'video', 'Dress', 'To', 'Impress', 'BUT', 'Lana', '&', 'Lina', 'GROW', 'UP', 'As', 'SISTERS', 'For', 'EVERY', 'ROUND', '!', '|', 'ROBLOX', '--', '--', '--', '--', '--', '--', '--', '--', '--', '--', '--', '--', '--', '--', '--', '--', '--', '--', '--', '--', '--', '--', '--', '--', '--', '--', '--', '--', '--', '--', '--', '--', '--', '--', '--', '--', '--', '--', '--', '--', '--', '--', 'Important', 'Links', ':', 'Merch', ':', '🧡', 'Youtube', 'Channels', ':', 'ROBLOX', '-', 'Vlog', 'Channel', '-', 'Toca', 'Boca', 'Life', 'World', '-', 'Instagram', ':', 'Twitter', ':', 'Tiktok', ':', 'Roblox', 'Group', ':', '--', '--', '--', '--', '--', '--', '--', '--', '--', '--', '--', '--', '--', '--', '--', '--', '--', '--', '--', '--', '--', '--', '--', '--', '--', '--', '--', '--', '--', '--', '--', '--', '--', '--', '--', '--', '--', '--', '--', '--', '--', '--', ':', 'Hi', '!', 'I', 'callmehhaley', '.', 'I', 'ROBLOX', 'Youtuber', 'especially', 'love', 'sort', 'dress', 'cute', 'game', 'like', 'Dress', 'Impress', ',', 'Royale', 'High', '!', 'I', 'post', 'everyday', 'ton', 'variety', 'video', 'challenge', ',', 'update', ',', 'sneak', 'peek', ',', 'secret', ',', 'also', 'tip', '!', 'Stay', 'tuned', 'make', 'sure', 'SUBSCRIBE', '!', '--', '--', '--', '--', '--', '--', '--', '--', '--', '--', '--', '--', '--', '--', '--', '--', '--', '--', '--', '--', '--', '--', '--', '--', '--', '--', '--', '--', '--', '--', '--', '--', '--', '--', '--', '--', '--', '--', '--', '--', '--', '--', ':', 'Merch', 'art', ',', 'Reaction', 'image', '&', 'Channel', 'profile', ':']","Thank much watching ! ⇉ Make sure SUBSCRIBE daily ROBLOX content ! ⇇ All About Me : MERCH : Business Inquiries : callmehhaley @ altlymedia.com -- -- -- -- -- -- -- -- -- -- -- -- -- -- -- -- -- -- -- -- -- -- -- -- -- -- -- -- -- -- -- -- -- -- -- -- -- -- -- -- -- -- Hey guy ! It 's Haley . Welcome back another Roblox video channel . In today 's video Dress To Impress BUT Lana & Lina GROW UP As SISTERS For EVERY ROUND ! | ROBLOX -- -- -- -- -- -- -- -- -- -- -- -- -- -- -- -- -- -- -- -- -- -- -- -- -- -- -- -- -- -- -- -- -- -- -- -- -- -- -- -- -- -- Important Links : Merch : 🧡 Youtube Channels : ROBLOX - Vlog Channel - Toca Boca Life World - Instagram : Twitter : Tiktok : Roblox Group : -- -- -- -- -- -- -- -- -- -- -- -- -- -- -- -- -- -- -- -- -- -- -- -- -- -- -- -- -- -- -- -- -- -- -- -- -- -- -- -- -- -- : Hi ! I callmehhaley . I ROBLOX Youtuber especially love sort dress cute game like Dress Impress , Royale High ! I post everyday ton variety video challenge , update , sneak peek , secret , also tip ! Stay tuned make sure SUBSCRIBE ! -- -- -- -- -- -- -- -- -- -- -- -- -- -- -- -- -- -- -- -- -- -- -- -- -- -- -- -- -- -- -- -- -- -- -- -- -- -- -- -- -- -- : Merch art , Reaction image & Channel profile :",1387.0,Long,77,16,1159,146,Afternoon,1715,0.011627614747300433,0.002739358805740088,0.014366973553040521,1,0,Medium,Beginning,True,False,Afternoon,Gaming,11.689999946577194,7.236339342754344,5.793013608384144
Osanpwqw-Ck,Playing an ANIMAL HOSPITAL Lucky Block Race in Minecraft!,"Watch the teaser for our NEW animated series, JOHNNY IRL: Limited plush drop coming soon… get early access: Join my Roblox group: Hang out in the Johnny Discord:",2026-08-06 23:07:42+00:00,UC8Z766VdGCg9sSySmeL-APQ,Here's Johnny,20,"['minecraft', 'minecraft funny', 'minecraft gameplay', 'minecraft roleplay', 'minecraft story', 'minecraft prank', 'minecraft challenge', 'minecraft mod', 'minecraft survival', 'funny minecraft', 'minecraft trolling', 'minecraft friends', 'family friendly minecraft', 'no cursing minecraft', 'heres johnny', 'johnny minecraft', 'johnny and marty', 'spinny hat studios']",PT2H8M6S,hd,false,55604,974,123,https://www.youtube.com/watch?v=pLkJ2Pu9Fik | https://spinnyhat.store | https://www.roblox.com/share/g/15997897 | https://discord.gg/wChcP6Nbc2,4,"['YouTube', 'Other', 'Twitter/X', 'Discord']","['#Minecraft', '#MinecraftMod', '#HeresJohnny', '#Johnny']",4,"🎬 Watch the teaser for our NEW animated series, JOHNNY IRL: 👀 Limited plush drop coming soon… get early access: 🔥 Join my Roblox group: 💛 Hang out in the Johnny Discord:","['minecraft', 'minecraft funny', 'minecraft gameplay', 'minecraft roleplay', 'minecraft story', 'minecraft prank', 'minecraft challenge', 'minecraft mod', 'minecraft survival', 'funny minecraft', 'minecraft trolling', 'minecraft friends', 'family friendly minecraft', 'no cursing minecraft', 'heres johnny', 'johnny minecraft', 'johnny and marty', 'spinny hat studios']",18,2026-08-06,8,August,6,Thursday,32,False,23,7,42,"['Watch', 'teaser', 'NEW', 'animated', 'series', ',', 'JOHNNY', 'IRL', ':', 'Limited', 'plush', 'drop', 'coming', 'soon…', 'get', 'early', 'access', ':', 'Join', 'Roblox', 'group', ':', 'Hang', 'Johnny', 'Discord', ':']","Watch teaser NEW animated series , JOHNNY IRL : Limited plush drop coming soon… get early access : Join Roblox group : Hang Johnny Discord :",7686.0,Long,57,9,161,28,Evening,1097,0.017516725415437737,0.0022120710740234513,0.01972879648946119,1,0,Low,Beginning,True,False,Night,Gaming,10.926028404252943,6.882437470997847,4.820281565605037
H5Obfrld5_K,HUNTING FOR ARCHNEMESIS,im going for it user:,2026-08-07 01:37:53+00:00,UCcBFxaNrM1cOZ_VQez2auGQ,elixir,20,[],PT4H54M50S,hd,false,273516,4642,54,https://www.roblox.com/users/147139016/profile,1,['Twitter/X'],[],0,im going for it user:,[],0,2026-08-07,8,August,7,Friday,32,False,1,37,53,"['im', 'going', 'user', ':']",im going user :,17690.0,Long,23,3,21,5,Night,4696,0.016971584843299845,0.0001974290352301145,0.017169013878529957,1,0,Very High,Beginning,True,False,Late Night,Gaming,12.5191190561337,8.443115988019922,4.007333185232471
Yn_Mro1U33E,I was Challenged to a Race in the Most Random Mario Game,Random races are the best races. Originally streamed at: Editing+Thumbnail: Discord: Bluesky: Reddit: TikTok:,2026-08-06 16:00:19+00:00,UCnyP4sbJVIU9JqHz4l6oQZw,Smant,20,"['smallant', 'smallant1', 'smallant clips', 'smallant stream', 'twitch stream', 'twitch highlights']",PT1H3M38S,hd,false,113894,4268,175,https://twitch.tv/Smallant | https://x.com/BhanYT | https://discord.gg/Smallant | https://bsky.app/profile/smallant.live | https://reddit.com/r/Smallant | https://tiktok.com/@Smallant,6,"['Twitch', 'Twitter/X', 'Discord', 'Other', 'TikTok']","['#smallant', '#supermarioodyssey', '#smallantclips']",3,Random races are the best races. Originally streamed at: Editing+Thumbnail: ▶Discord: ▶Bluesky: ▶Reddit: ▶TikTok:,"['smallant', 'smallant1', 'smallant clips', 'smallant stream', 'twitch stream', 'twitch highlights']",6,2026-08-06,8,August,6,Thursday,32,False,16,0,19,"['Random', 'race', 'best', 'race', '.', 'Originally', 'streamed', ':', 'Editing+Thumbnail', ':', 'Discord', ':', 'Bluesky', ':', 'Reddit', ':', 'TikTok', ':']",Random race best race . Originally streamed : Editing+Thumbnail : Discord : Bluesky : Reddit : TikTok :,3818.0,Long,56,12,109,14,Afternoon,4443,0.03747344021634151,0.0015365164099952588,0.03900995662633677,1,0,Medium,Beginning,True,False,Afternoon,Gaming,11.643032250315445,8.359134886757962,5.170483995038151
Wtpkcosphto,vani accidentally SWEARS on livestream..,"VANILBEAN MERCH BECOME A MEMBER ౨ৎ USE STAR CODE ""VANI"" 🩷 ROBLOX PROFILE ROBLOX GROUP ౨ৎ TIKTOK INSTA TWITCH",2026-08-06 18:51:35+00:00,UC7HXQHCI183Oivq-aqbURNg,vanilbean,20,[],PT37M29S,hd,false,326282,11510,490,https://vanilbean.com | https://www.youtube.com/@VanilBean/join | https://www.roblox.com/users/103762395 | https://www.roblox.com/groups/16414907 | https://www.tiktok.com/@vanilbean | https://www.instagram.com/vanilbeanz | https://www.twitch.tv/vanilbean,7,"['Other', 'YouTube', 'Twitter/X', 'TikTok', 'Instagram', 'Twitch']","['#roblox', '#live', '#vanilbean']",3,"👚 VANILBEAN MERCH ♡ 🔥 BECOME A MEMBER ♡ ───────── ౨ৎ ───────── ⭐ USE STAR CODE ""VANI""⭐ 🩷 ROBLOX PROFILE ♡ 🖤 ROBLOX GROUP ♡ ───────── ౨ৎ ───────── 📱 TIKTOK ♡ 📸 INSTA ♡ 💜 TWITCH ♡",[],0,2026-08-06,8,August,6,Thursday,32,False,18,51,35,"['VANILBEAN', 'MERCH', 'BECOME', 'A', 'MEMBER', '౨ৎ', 'USE', 'STAR', 'CODE', '``', 'VANI', ""''"", '\U0001fa77', 'ROBLOX', 'PROFILE', 'ROBLOX', 'GROUP', '౨ৎ', 'TIKTOK', 'INSTA', 'TWITCH']",VANILBEAN MERCH BECOME A MEMBER ౨ৎ USE STAR CODE `` VANI '' 🩷 ROBLOX PROFILE ROBLOX GROUP ౨ৎ TIKTOK INSTA TWITCH,2249.0,Long,40,5,108,19,Afternoon,12000,0.035276233442237084,0.0015017684089223431,0.036778001851159425,1,0,Very High,Beginning,True,False,Evening,Gaming,12.69552038192907,9.351058378915061,6.19644412779452
X2Yuwbd6Zz8,【MOLDRISE】Apartment Building Horror【NIJISANJI EN | Freodore】,"MOLDRISE X(Formerly Twitter) Memberships Streamlabs Donations Rules Do not mention me in other people’s streams unless I’m brought up first. Likewise, do not mention other streamers unless I bring them up. Do not spam, make harmful comments or slander anyone; let’s be kind. Please refrain from comments that are unrelated to the stream’s content. Please refrain from conversing with each other on stream and in the waiting room. Spoiling and backseating are prohibited unless I ask for assistance. Feel free to chat in any language as long as you follow the rules. Please refrain from pointing out the above rules to others. BGM @RYUITOMUSIC NIJISANJI Official Website For Business and PR Inquiries ※Guidance for minors",2026-08-07 06:53:53+00:00,UCr40BzcLiGruKe7M5gXR9zQ,Freodore【NIJISANJI EN】,20,"['Freodore', 'Freo', 'フリオドール', 'フリオ', 'NIJISANJI EN', 'にじさんじ', 'NIJISANJI', 'にじさんじEN', 'BY THE BEAT', 'BYTHEBEAT']",PT2H40M43S,hd,false,31599,811,6,https://store.steampowered.com/app/4519130/MOLDRISE/ | https://twitter.com/Freo_2434 | https://www.youtube.com/channel/UCr40BzcLiGruKe7M5gXR9zQ/join | https://streamlabs.com/freodore_nijisanji/tip | https://www.nijisanji.jp/en | https://www.anycolor.co.jp/en/contact | https://www.anycolor.co.jp/notice-for-minors-en,7,"['Steam', 'Twitter/X', 'YouTube', 'Other']","['#freodore', '#nijisanji_en']",2,"MOLDRISE X(Formerly Twitter) Memberships Streamlabs Donations －－－✦－－－ Rules🔇 ・Do not mention me in other people’s streams unless I’m brought up first. Likewise, do not mention other streamers unless I bring them up. ・Do not spam, make harmful comments or slander anyone; let’s be kind. ・Please refrain from comments that are unrelated to the stream’s content. ・Please refrain from conversing with each other on stream and in the waiting room. ・Spoiling and backseating are prohibited unless I ask for assistance. ・Feel free to chat in any language as long as you follow the rules. ・Please refrain from pointing out the above rules to others. －－－✦－－－ BGM @RYUITOMUSIC －－－✦－－－ ✦ NIJISANJI Official Website ✦ For Business and PR Inquiries ※Guidance for minors","['Freodore', 'Freo', 'フリオドール', 'フリオ', 'NIJISANJI EN', 'にじさんじ', 'NIJISANJI', 'にじさんじEN', 'BY THE BEAT', 'BYTHEBEAT']",10,2026-08-07,8,August,7,Friday,32,False,6,53,53,"['MOLDRISE', 'X', '(', 'Formerly', 'Twitter', ')', 'Memberships', 'Streamlabs', 'Donations', 'Rules', 'Do', 'mention', 'people', '’', 'stream', 'unless', 'I', '’', 'brought', 'first', '.', 'Likewise', ',', 'mention', 'streamer', 'unless', 'I', 'bring', '.', 'Do', 'spam', ',', 'make', 'harmful', 'comment', 'slander', 'anyone', ';', 'let', '’', 'kind', '.', 'Please', 'refrain', 'comment', 'unrelated', 'stream', '’', 'content', '.', 'Please', 'refrain', 'conversing', 'stream', 'waiting', 'room', '.', 'Spoiling', 'backseating', 'prohibited', 'unless', 'I', 'ask', 'assistance', '.', 'Feel', 'free', 'chat', 'language', 'long', 'follow', 'rule', '.', 'Please', 'refrain', 'pointing', 'rule', 'others', '.', 'BGM', '@', 'RYUITOMUSIC', 'NIJISANJI', 'Official', 'Website', 'For', 'Business', 'PR', 'Inquiries', '※Guidance', 'minor']","MOLDRISE X ( Formerly Twitter ) Memberships Streamlabs Donations Rules Do mention people ’ stream unless I ’ brought first . Likewise , mention streamer unless I bring . Do spam , make harmful comment slander anyone ; let ’ kind . Please refrain comment unrelated stream ’ content . Please refrain conversing stream waiting room . Spoiling backseating prohibited unless I ask assistance . Feel free chat language long follow rule . Please refrain pointing rule others . BGM @ RYUITOMUSIC NIJISANJI Official Website For Business PR Inquiries ※Guidance minor",9643.0,Long,60,6,720,115,Night,817,0.025665369157251813,0.00018987942656413178,0.025855248583815944,1,0,Low,Beginning,True,False,Morning,Gaming,10.360912399575003,6.699500340161678,1.9459101490553132
-11Dlee0Dbe,The NEW Ghost Recon: Wildlands Update (not kidding),"Celebrate 25 years of Ghost Recon with up to 95% off Ghost Recon Wildlands, Ghost Recon Breakpoint, and more! There has never been a better time to join Ghost Recon! Check it out here Thanks to Ubisoft for Sponsoring Follow my Twitch! Follow my Twitter! Follow my Instagram! Join my own Discord! PC Specs I record all my gameplay on a custom sponsored Meta PC! Grab one here: Affiliate Links Below: I may earn a commission if you buy through these. CPU: AMD 9950x3D GPU: RTX 5090 Astral RAM: 64GB DDR5 6000MT/s OS Storage: NVME SSD 2TB Recording Storage: Tons of SATA 8TB SSDs Monitor: G80SD 4k 240hz Microphone: Shure SM7b Headtracking: Headphones: Keyboard: Mouse: Sponsors Checkout my Merch: Sponsored by MetaPC! Need a server host? Use AWN! They supply us with a box to run our servers with. Good people.",2026-08-06 15:00:07+00:00,UC-ihxmkocezGSm9JcKg1rfw,OperatorDrewski,20,[],PT52M57S,hd,false,283052,12976,1092,https://gsght.com/c/7cteyz | https://www.twitch.tv/operatordrewski | http://www.Twitter.com/OperatorDrewski | http://www.Instagram.com/OperatorDrewski | https://discord.gg/drewski | https://www.metapcs.com/ref/drewski/ | https://amzn.to/4bCqmDG | https://amzn.to/49PlF7b | https://amzn.to/3ZmnlA0 | https://amzn.to/4pRIPjc | https://amzn.to/3LUe3bm | https://amzn.to/4r6oqYI | https://amzn.to/461zrCg | https://amzn.to/4jNR8Lz | https://amzn.to/4bJh3ln | https://amzn.to/4bGx5MO | https://amzn.to/3NngAeL | https://www.bunkerbranding.com/pages/... | https://www.metapcs.com/ref/drewski/ | https://awn.gg/promo/drewski,20,"['Other', 'Twitch', 'Twitter/X', 'Instagram', 'Discord']",[],0,"Celebrate 25 years of Ghost Recon with up to 95% off Ghost Recon Wildlands, Ghost Recon Breakpoint, and more! There has never been a better time to join Ghost Recon! Check it out here Thanks to Ubisoft for Sponsoring ►Follow my Twitch! ►Follow my Twitter! ►Follow my Instagram! ►Join my own Discord! ▼ PC Specs ▼ I record all my gameplay on a custom sponsored Meta PC! Grab one here: Affiliate Links Below: I may earn a commission if you buy through these. CPU: AMD 9950x3D GPU: RTX 5090 Astral RAM: 64GB DDR5 6000MT/s OS Storage: NVME SSD 2TB Recording Storage: Tons of SATA 8TB SSDs Monitor: G80SD 4k 240hz Microphone: Shure SM7b Headtracking: Headphones: Keyboard: Mouse: ▼ Sponsors ▼ Checkout my Merch: Sponsored by MetaPC! Need a server host? Use AWN! They supply us with a box to run our servers with. Good people.",[],0,2026-08-06,8,August,6,Thursday,32,False,15,0,7,"['Celebrate', '25', 'year', 'Ghost', 'Recon', '95', '%', 'Ghost', 'Recon', 'Wildlands', ',', 'Ghost', 'Recon', 'Breakpoint', ',', '!', 'There', 'never', 'better', 'time', 'join', 'Ghost', 'Recon', '!', 'Check', 'Thanks', 'Ubisoft', 'Sponsoring', 'Follow', 'Twitch', '!', 'Follow', 'Twitter', '!', 'Follow', 'Instagram', '!', 'Join', 'Discord', '!', 'PC', 'Specs', 'I', 'record', 'gameplay', 'custom', 'sponsored', 'Meta', 'PC', '!', 'Grab', 'one', ':', 'Affiliate', 'Links', 'Below', ':', 'I', 'may', 'earn', 'commission', 'buy', '.', 'CPU', ':', 'AMD', '9950x3D', 'GPU', ':', 'RTX', '5090', 'Astral', 'RAM', ':', '64GB', 'DDR5', '6000MT/s', 'OS', 'Storage', ':', 'NVME', 'SSD', '2TB', 'Recording', 'Storage', ':', 'Tons', 'SATA', '8TB', 'SSDs', 'Monitor', ':', 'G80SD', '4k', '240hz', 'Microphone', ':', 'Shure', 'SM7b', 'Headtracking', ':', 'Headphones', ':', 'Keyboard', ':', 'Mouse', ':', 'Sponsors', 'Checkout', 'Merch', ':', 'Sponsored', 'MetaPC', '!', 'Need', 'server', 'host', '?', 'Use', 'AWN', '!', 'They', 'supply', 'u', 'box', 'run', 'server', '.', 'Good', 'people', '.']","Celebrate 25 year Ghost Recon 95 % Ghost Recon Wildlands , Ghost Recon Breakpoint , ! There never better time join Ghost Recon ! Check Thanks Ubisoft Sponsoring Follow Twitch ! Follow Twitter ! Follow Instagram ! Join Discord ! PC Specs I record gameplay custom sponsored Meta PC ! Grab one : Affiliate Links Below : I may earn commission buy . CPU : AMD 9950x3D GPU : RTX 5090 Astral RAM : 64GB DDR5 6000MT/s OS Storage : NVME SSD 2TB Recording Storage : Tons SATA 8TB SSDs Monitor : G80SD 4k 240hz Microphone : Shure SM7b Headtracking : Headphones : Keyboard : Mouse : Sponsors Checkout Merch : Sponsored MetaPC ! Need server host ? Use AWN ! They supply u box run server . Good people .",3177.0,Long,51,8,808,141,Afternoon,14068,0.04584316662662691,0.0038579483628449897,0.0497011149894719,1,0,Very High,Beginning,True,False,Afternoon,Gaming,12.553389438242768,9.470933838737231,6.996681488176539
Wmygjbbf_L8,0 Ring Franchise to 20 Rings Rebuilding Challenge,winning a team a lot of nba championships. enjoy this nba 2k26 video pal follow clique: twitter: music: twitch: instagram: 2nd channel: 3rd channel: 4th channel:,2026-08-06 21:57:53+00:00,UCd8YyVTur0fe8P8NXgOPRgQ,Clique Productions,20,"['career simulation', 'lebron james career simulation', 'nba', 'nba 2k', 'clique productions career simulation', 'clique productions rebuild', 'nba 2k challenge', 'clique productions', 'nba 2k what if', 'victor wembanyama', 'anthony edwards', 'bronny james', 'imclique', 'nba 2k26', 'lebron james', 'lebron james nba 2k26', 'nba 2k26 next gen', 'nba 2k26 career sim', 'nba 2k26 rebuilding', '2k26 rebuild', '2k26 next gen', '2k26 career simulation', 'nba 2k26 rebuild', 'nba 2k26 gameplay', 'nba 2k26 clique productions']",PT2H23M26S,hd,false,27413,1043,86,https://twitter.com/ImClique_ | https://ffm.to/cliquehourglass.OYD | https://www.twitch.tv/cliqueproductions | https://www.instagram.com/imclique_/ | https://www.youtube.com/@ImClique?sub_confirmation=1 | https://www.youtube.com/@CliqueClips?sub_confirmation=1 | https://www.youtube.com/@CliqueExists?sub_confirmation=1,7,"['Twitter/X', 'Other', 'Twitch', 'Instagram', 'YouTube']",[],0,winning a team a lot of nba championships. enjoy this nba 2k26 video pal follow clique: twitter: music: twitch: instagram: 2nd channel: 3rd channel: 4th channel:,"['career simulation', 'lebron james career simulation', 'nba', 'nba 2k', 'clique productions career simulation', 'clique productions rebuild', 'nba 2k challenge', 'clique productions', 'nba 2k what if', 'victor wembanyama', 'anthony edwards', 'bronny james', 'imclique', 'nba 2k26', 'lebron james', 'lebron james nba 2k26', 'nba 2k26 next gen', 'nba 2k26 career sim', 'nba 2k26 rebuilding', '2k26 rebuild', '2k26 next gen', '2k26 career simulation', 'nba 2k26 rebuild', 'nba 2k26 gameplay', 'nba 2k26 clique productions']",25,2026-08-06,8,August,6,Thursday,32,False,21,57,53,"['winning', 'team', 'lot', 'nba', 'championship', '.', 'enjoy', 'nba', '2k26', 'video', 'pal', 'follow', 'clique', ':', 'twitter', ':', 'music', ':', 'twitch', ':', 'instagram', ':', '2nd', 'channel', ':', '3rd', 'channel', ':', '4th', 'channel', ':']",winning team lot nba championship . enjoy nba 2k26 video pal follow clique : twitter : music : twitch : instagram : 2nd channel : 3rd channel : 4th channel :,8606.0,Long,49,8,161,26,Evening,1129,0.03804764162988363,0.0031371976799328787,0.041184839309816514,1,0,Low,Beginning,True,False,Evening,Gaming,10.218809110791327,6.950814768442584,4.465908118654584
Upf2F3Kyg-K,ESPORTS WORLD CUP WATCH PARTY DAY 2 // CODE ZOOMAA | !discord !tiktok !community,"USE CODE ZOOMAA WHEN SIGNING UP FOR PRIZEPICKS! (THEY MATCH UP TO $100) JUST CLICK HERE! Prize Picks Referral Code: ZOOMAA (not case sensitive) DONATE HERE!! : CHECK OUT THE ZOOMAA & THE FLANK MERCH: zoomaa.gg Discord: Watch Live at: Keep up on Twitter: Like, Subscribe, and Notifications!",2026-08-06 21:03:24+00:00,UCZl9WPRUS4BSDlw1tmPrcJw,ZooMaa Live,20,"['Zoomaa', 'Zooma', 'Zoomaa reacts', 'FaZe', 'ZooMaa Stream', 'ZooMaa Vods', 'ZooMaa Twitch', 'ZooMaa Clips', 'CDL', 'Call of Duty League', 'Modern Warfare 3', 'MW3', 'Call of Duty MW3', 'CDL MW3', 'ZooMaa MW3', 'OpTic Texas', 'Atlanta FaZe', 'LAG', 'Boston Breach', 'Seattle Surge', 'Rokkr', 'Vegas Legion']",PT8H26M19S,hd,false,110416,1344,32,https://prizepicks.onelink.me/ivHR/Zo... | https://streamelements.com/zoomaalive... | https://discord.gg/ZooMafia | https://www.twitch.tv/zoomaa | https://twitter.com/ZooMaa,5,"['Other', 'Discord', 'Twitch', 'Twitter/X']","['#Zoomaa', '#CallofDuty']",2,"USE CODE ZOOMAA WHEN SIGNING UP FOR PRIZEPICKS! (THEY MATCH UP TO $100) JUST CLICK HERE! Prize Picks Referral Code: ZOOMAA (not case sensitive) DONATE HERE!! : 🐎 CHECK OUT THE ZOOMAA & THE FLANK MERCH: zoomaa.gg Discord: ✨Watch Live at: 🐤Keep up on Twitter: ✅ Like, Subscribe, and Notifications!","['Zoomaa', 'Zooma', 'Zoomaa reacts', 'FaZe', 'ZooMaa Stream', 'ZooMaa Vods', 'ZooMaa Twitch', 'ZooMaa Clips', 'CDL', 'Call of Duty League', 'Modern Warfare 3', 'MW3', 'Call of Duty MW3', 'CDL MW3', 'ZooMaa MW3', 'OpTic Texas', 'Atlanta FaZe', 'LAG', 'Boston Breach', 'Seattle Surge', 'Rokkr', 'Vegas Legion']",22,2026-08-06,8,August,6,Thursday,32,False,21,3,24,"['USE', 'CODE', 'ZOOMAA', 'WHEN', 'SIGNING', 'UP', 'FOR', 'PRIZEPICKS', '!', '(', 'THEY', 'MATCH', 'UP', 'TO', '$', '100', ')', 'JUST', 'CLICK', 'HERE', '!', 'Prize', 'Picks', 'Referral', 'Code', ':', 'ZOOMAA', '(', 'case', 'sensitive', ')', 'DONATE', 'HERE', '!', '!', ':', 'CHECK', 'OUT', 'THE', 'ZOOMAA', '&', 'THE', 'FLANK', 'MERCH', ':', 'zoomaa.gg', 'Discord', ':', 'Watch', 'Live', ':', 'Keep', 'Twitter', ':', 'Like', ',', 'Subscribe', ',', 'Notifications', '!']","USE CODE ZOOMAA WHEN SIGNING UP FOR PRIZEPICKS ! ( THEY MATCH UP TO $ 100 ) JUST CLICK HERE ! Prize Picks Referral Code : ZOOMAA ( case sensitive ) DONATE HERE ! ! : CHECK OUT THE ZOOMAA & THE FLANK MERCH : zoomaa.gg Discord : Watch Live : Keep Twitter : Like , Subscribe , Notifications !",30379.0,Long,80,14,289,48,Evening,1376,0.012172148963918272,0.0002898130705694827,0.012461962034487755,1,0,Medium,Beginning,True,False,Evening,Gaming,11.612019386477828,7.20414929203594,3.4965075614664802
Ijgipktx7Oc,Testing CARS vs DANGEROUS ROADS..,NEW MERCH OUT NOW!! Play Waterpark Simulator NOW - COME HANG OUT WITH ME IN THE DISCORD. I am there now! - Caylus Plushies FOLLOW ME - Join my FAN DISCORD! - Have you subscribed yet?,2026-08-06 21:07:15+00:00,UCVAYy7_zddIx6USjXscV9Vg,Caylus  ,20,"['infinite lists', 'infinite', 'gta 5', 'caylus', 'gta 5 caylus', 'gta 5 mods', 'caylusblox', 'caylus roblox', 'caylus infinite', 'caylus horror', 'caylus vr', 'caylus gta 5', 'caylus tomo', 'testing cars vs dangerous roads', 'caylus beamng', 'caylus cars vs roads', 'cars vs potholes', 'caylus foltyn']",PT23M14S,hd,false,121157,3797,435,https://shopcaylus.com/ | https://store.steampowered.com/app/3293260/Waterpark_Simulator/ | https://discord.gg/waterparksimulator | https://shopcaylus.com/ | https://www.instagram.com/caylus/ | https://twitter.com/Caylusq | https://www.tiktok.com/@infinite?lang=en | https://discord.gg/infinite,8,"['Other', 'Steam', 'Discord', 'Instagram', 'Twitter/X', 'TikTok']",[],0,⚠️NEW MERCH OUT NOW!! 🎯 Play Waterpark Simulator NOW - 🌊COME HANG OUT WITH ME IN THE DISCORD. I am there now! - *Caylus Plushies* 👍🏻 FOLLOW ME - 👾 Join my FAN DISCORD! - Have you subscribed yet?,"['infinite lists', 'infinite', 'gta 5', 'caylus', 'gta 5 caylus', 'gta 5 mods', 'caylusblox', 'caylus roblox', 'caylus infinite', 'caylus horror', 'caylus vr', 'caylus gta 5', 'caylus tomo', 'testing cars vs dangerous roads', 'caylus beamng', 'caylus cars vs roads', 'cars vs potholes', 'caylus foltyn']",18,2026-08-06,8,August,6,Thursday,32,False,21,7,15,"['NEW', 'MERCH', 'OUT', 'NOW', '!', '!', 'Play', 'Waterpark', 'Simulator', 'NOW', '-', 'COME', 'HANG', 'OUT', 'WITH', 'ME', 'IN', 'THE', 'DISCORD', '.', 'I', '!', '-', 'Caylus', 'Plushies', 'FOLLOW', 'ME', '-', 'Join', 'FAN', 'DISCORD', '!', '-', 'Have', 'subscribed', 'yet', '?']",NEW MERCH OUT NOW ! ! Play Waterpark Simulator NOW - COME HANG OUT WITH ME IN THE DISCORD . I ! - Caylus Plushies FOLLOW ME - Join FAN DISCORD ! - Have subscribed yet ?,1394.0,Long,33,5,182,36,Evening,4232,0.03133950163837005,0.0035903827265448963,0.03492988436491495,1,0,Medium,Beginning,True,False,Evening,Gaming,11.704850757906877,8.242229891372231,6.077642243349034
Cq5Zu70Izhu,"🔴ARTEMIS 13 66%, 32-100* 🔴TOP 1-3🔴 TUNG TUNG SAHURCLES TOMORROW","come watch on the twitch aswell: If u donate to join vc / friend request AND OR LEVEL REQUEST i will DENY so please no FAQ: my keyboard is a WOOTING 80HE, i have a model o and a baskilis v3 as a mouse my moniter is 360hz. and its not a tv speed i need this. my mom is kinda homeless ,zoink live,",2026-08-07 05:23:51+00:00,UCWB5bXE2mtdtT42csZv-w6A,Zoink,20,"['geometry dash', 'geometry', 'dash', 'zoink', 'gd', 'live', 'zoink live', 'livestream', 'zoink gd', 'gd zoink', 'geometry dash live', 'tidal wave', 'flamewall', 'zoink geometry dash', 'geometry dash 2.2', '2.2', 'gd 2.2', 'extreme demon', 'extreme', 'demon', 'day 1', 'new', 'hardest', 'orbit', 'zoink orbit', 'orbit gd', 'mindcap', 'orbit verification', 'verification', 'orbit verify', 'orbit 99', '99', 'jynxzi', 'jynxzi tourney', 'roulette', 'heliopolis zoink', '47', 'WORLD', 'RECORD', '51', 'fursuit', 'zoink furry', 'artemis 13', '13', 'artemis', 'top 1', 'top 3']",PT3H28M35S,hd,false,152218,2938,43,https://www.twitch.tv/zoinkgd | https://www.youtube.com/channel/UCWB5bXE2mtdtT42csZv-w6A/join,2,"['Twitch', 'YouTube']","['#live', '#zoink', '#geometrydash', '#gd']",4,"come watch on the twitch aswell: If u donate to join vc / friend request AND OR LEVEL REQUEST i will DENY so please no FAQ: my keyboard is a WOOTING 80HE, i have a model o and a baskilis v3 as a mouse my moniter is 360hz. and its not a tv speed i need this. my mom is kinda homeless ,zoink live,","['geometry dash', 'geometry', 'dash', 'zoink', 'gd', 'live', 'zoink live', 'livestream', 'zoink gd', 'gd zoink', 'geometry dash live', 'tidal wave', 'flamewall', 'zoink geometry dash', 'geometry dash 2.2', '2.2', 'gd 2.2', 'extreme demon', 'extreme', 'demon', 'day 1', 'new', 'hardest', 'orbit', 'zoink orbit', 'orbit gd', 'mindcap', 'orbit verification', 'verification', 'orbit verify', 'orbit 99', '99', 'jynxzi', 'jynxzi tourney', 'roulette', 'heliopolis zoink', '47', 'WORLD', 'RECORD', '51', 'fursuit', 'zoink furry', 'artemis 13', '13', 'artemis', 'top 1', 'top 3']",47,2026-08-07,8,August,7,Friday,32,False,5,23,51,"['come', 'watch', 'twitch', 'aswell', ':', 'If', 'u', 'donate', 'join', 'vc', '/', 'friend', 'request', 'AND', 'OR', 'LEVEL', 'REQUEST', 'DENY', 'please', 'FAQ', ':', 'keyboard', 'WOOTING', '80HE', ',', 'model', 'baskilis', 'v3', 'mouse', 'moniter', '360hz', '.', 'tv', 'speed', 'need', '.', 'mom', 'kinda', 'homeless', ',', 'zoink', 'live', ',']","come watch twitch aswell : If u donate join vc / friend request AND OR LEVEL REQUEST DENY please FAQ : keyboard WOOTING 80HE , model baskilis v3 mouse moniter 360hz . tv speed need . mom kinda homeless , zoink live ,",12515.0,Long,63,10,295,64,Night,2981,0.019301265290570104,0.0002824895873024215,0.019583754877872527,1,0,High,Beginning,True,False,Late Night,Gaming,11.933075552360833,7.985824666418917,3.784189633918261
Cg2Hyrha9O0,I Played Against The WORST Rage Cheater...,GET MY CHARM HERE: Link Your Twitch and Ubi to recieve it: TWITCH: MERCH: Twitter: Instagram: Discord: IRL CHANNEL: 2nd Channel: Mouse Sensitivity: 400 dpi 9 vertical 9 horizontal 1.0x: 45 2.5x: 65 3.5x: 81 5.0x: 82 12.0x: 126 Aspect Ratio: 16:10 Mouse: Logitech G-Pro Wireless,2026-08-06 18:30:26+00:00,UCppDHJVQMHqeDvQ-8byOEEA,Skittlz,20,"['rainbow six siege', 'rainbow six siege gameplay', 'rainbow six siege new season', 'rainbow six siege new operator', 'rainbow six siege ranked', 'rainbow six siege placements', 'rainbow six siege tips', 'rainbow six siege pro league', 'rainbow six siege funny moments', 'rainbow six siege diamond', 'rainbow six siege champion', 'rainbow six siege new gadget', 'rainbow six siege memes', 'Skittlz', 'Ubisoft', 'Broke']",PT26M51S,hd,false,70459,2394,181,https://www.twitch.tv/subs/Skittlz | http://drops-register.ubi.com | https://www.twitch.tv/skittlz | https://skittlz.com | https://twitter.com/Skitttlz | https://www.instagram.com/skitttlzzz | https://discord.gg/AbbbxRn | https://www.youtube.com/@SkittlzIRL | https://www.youtube.com/channel/UCclFG6g27Tkfbp-A74taBVA,9,"['Twitch', 'Other', 'Twitter/X', 'Instagram', 'Discord', 'YouTube']","['#Rainbow6', '#RainbowSixSiege', '#Skittlz']",3,GET MY CHARM HERE: Link Your Twitch and Ubi to recieve it: TWITCH: MERCH: Twitter: Instagram: Discord: IRL CHANNEL: 2nd Channel: Mouse Sensitivity: 400 dpi 9 vertical 9 horizontal 1.0x: 45 2.5x: 65 3.5x: 81 5.0x: 82 12.0x: 126 Aspect Ratio: 16:10 Mouse: Logitech G-Pro Wireless,"['rainbow six siege', 'rainbow six siege gameplay', 'rainbow six siege new season', 'rainbow six siege new operator', 'rainbow six siege ranked', 'rainbow six siege placements', 'rainbow six siege tips', 'rainbow six siege pro league', 'rainbow six siege funny moments', 'rainbow six siege diamond', 'rainbow six siege champion', 'rainbow six siege new gadget', 'rainbow six siege memes', 'Skittlz', 'Ubisoft', 'Broke']",16,2026-08-06,8,August,6,Thursday,32,False,18,30,26,"['GET', 'MY', 'CHARM', 'HERE', ':', 'Link', 'Your', 'Twitch', 'Ubi', 'recieve', ':', 'TWITCH', ':', 'MERCH', ':', 'Twitter', ':', 'Instagram', ':', 'Discord', ':', 'IRL', 'CHANNEL', ':', '2nd', 'Channel', ':', 'Mouse', 'Sensitivity', ':', '400', 'dpi', '9', 'vertical', '9', 'horizontal', '1.0x', ':', '45', '2.5x', ':', '65', '3.5x', ':', '81', '5.0x', ':', '82', '12.0x', ':', '126', 'Aspect', 'Ratio', ':', '16:10', 'Mouse', ':', 'Logitech', 'G-Pro', 'Wireless']",GET MY CHARM HERE : Link Your Twitch Ubi recieve : TWITCH : MERCH : Twitter : Instagram : Discord : IRL CHANNEL : 2nd Channel : Mouse Sensitivity : 400 dpi 9 vertical 9 horizontal 1.0x : 45 2.5x : 65 3.5x : 81 5.0x : 82 12.0x : 126 Aspect Ratio : 16:10 Mouse : Logitech G-Pro Wireless,1611.0,Long,42,7,277,46,Afternoon,2575,0.03397720660242127,0.002568869839197264,0.03654607644161853,1,0,Low,Beginning,True,False,Evening,Gaming,11.16280045189523,7.781138509845015,5.204006687076795
Clbhge1Lfd4,prepare yourself,,2026-08-06 17:00:31+00:00,UCiFOL6V9KbvxfXvzdFSsqCw,Ken,20,[],PT13M29S,hd,false,316576,18549,863,https://twitter.com/kfcclash | https://discord.gg/ken-s-dungeon-412132415503466506,2,"['Twitter/X', 'Discord']",[],0,,[],0,2026-08-06,8,August,6,Thursday,32,False,17,0,31,[],,809.0,Long,16,2,0,0,Afternoon,19412,0.05859256545031841,0.002726043667239462,0.06131860911755787,1,0,Very High,Beginning,True,False,Afternoon,Gaming,12.66532177691711,9.82822506803558,6.761572768804055
Yaffhlwa_Rc,Baby Brook's New Puppy Turned EVIL..(Brookhaven),Baby Brook's New Puppy Turned EVIL..(Brookhaven) 🩵CONNECT WITH ME🩵 DISCORD: TWITTER: ROBLOX INFO ROBLOX PROFILE: ROBLOX GROUP: BECOME A CHANNEL MEMBER | | | |,2026-08-06 13:15:06+00:00,UC4lFxxkm5q5_EiEWJVJxImg,Brook,20,"['Brook', 'Brookhaven RP', 'Brookhaven', 'Roblox Brookhaven', 'Roblox', 'Brook and Riley', 'Riley', 'BrookBlox', 'Bash', ""Baby Brook's New Puppy Turned EVIL..(Brookhaven)""]",PT20M46S,hd,false,110060,2175,418,https://discord.gg/8BKXX985B7 | https://twitter.com/_Thisisbrook_ | https://www.roblox.com/users/4391860484/profile | https://www.roblox.com/groups/33789321/Brookies-Besties#!/about | https://www.youtube.com/channel/UC4lFxxkm5q5_EiEWJVJxImg/join,5,"['Discord', 'Twitter/X', 'YouTube']","['#brookhaven', '#brookhavenrp', '#roblox']",3,Baby Brook's New Puppy Turned EVIL..(Brookhaven) 🩵CONNECT WITH ME🩵 ♡ DISCORD: ♡ TWITTER: 💎ROBLOX INFO💎 ♡ ROBLOX PROFILE: ♡ ROBLOX GROUP: 💎BECOME A CHANNEL MEMBER💎 ♡ | | | |,"['Brook', 'Brookhaven RP', 'Brookhaven', 'Roblox Brookhaven', 'Roblox', 'Brook and Riley', 'Riley', 'BrookBlox', 'Bash', ""Baby Brook's New Puppy Turned EVIL..(Brookhaven)""]",10,2026-08-06,8,August,6,Thursday,32,False,13,15,6,"['Baby', 'Brook', ""'s"", 'New', 'Puppy', 'Turned', 'EVIL', '..', '(', 'Brookhaven', ')', '\U0001fa75CONNECT', 'WITH', 'ME\U0001fa75', 'DISCORD', ':', 'TWITTER', ':', 'ROBLOX', 'INFO', 'ROBLOX', 'PROFILE', ':', 'ROBLOX', 'GROUP', ':', 'BECOME', 'A', 'CHANNEL', 'MEMBER', '|', '|', '|', '|']",Baby Brook 's New Puppy Turned EVIL .. ( Brookhaven ) 🩵CONNECT WITH ME🩵 DISCORD : TWITTER : ROBLOX INFO ROBLOX PROFILE : ROBLOX GROUP : BECOME A CHANNEL MEMBER | | | |,1246.0,Long,48,6,158,25,Afternoon,2593,0.019761948028348172,0.003797928402689442,0.023559876431037616,1,0,Medium,Beginning,True,False,Afternoon,Gaming,11.608790036525589,7.685243607975833,6.037870919922137
8I0Loncncig,MINECRAFT ASMR MUKBANG...,"Today, Watch to find out what happens! Socials:",2026-08-06 12:00:06+00:00,UCVJySEgGPUCnSCrtAmWiKcw,TechyCraft,20,[],PT14M33S,hd,false,255559,4611,651,https://solo.to/techys,1,['Other'],[],0,"Today, Watch to find out what happens! Socials:",[],0,2026-08-06,8,August,6,Thursday,32,False,12,0,6,"['Today', ',', 'Watch', 'find', 'happens', '!', 'Socials', ':']","Today , Watch find happens ! Socials :",873.0,Long,25,3,47,8,Morning,5262,0.01804280029269171,0.002547356970406051,0.020590157263097757,1,0,High,Beginning,True,False,Afternoon,Gaming,12.45121249471628,8.436416881388949,6.480044561926653
Dasmu4Dotry,Oblivion Is An Absolute Nightmare - This Is Why,"Try Rocket Money for FREE or unlock more features with premium at: Thanks to Rocket Money for sponsoring the video! The Elder Scrolls: Oblivion Is A NIGHTMARE. My oh my a long time coming. From The Dark Brotherhood to The Adoring Fan, I cover everything that made Bethesda's masterpiece (Oblivion) both magical, and a bit of a nightmare. Join my Patreon for exclusive videos! Next on the channel will be Oblivion Remastered. I have already written the review, so won't be too long for your next Elder Scrolls: Oblivion review. (Sorry trying to hit all the SEO points.) CREDIT Vampire Story Voice Actor, CDawgVA: Perfectly Balanced Commentary, TheSpiffingBrit: Thumbnail by: @SkutchDraws Patreon bros: Instagram: @upisnotjumpofficial Twitter-o-fish:",2026-08-06 20:58:14+00:00,UCFLwN7vRu8M057qJF8TsBaA,UpIsNotJump,23,[],PT21M18S,hd,false,133244,10689,817,https://rocketmoney.com/upisnotjump. | https://www.patreon.com/upisnotjump | https://www.youtube.com/@CDawgVA | https://www.youtube.com/@thespiffingbrit | https://www.patreon.com/upisnotjump | https://x.com/UpIsNotJump,6,"['Other', 'YouTube', 'Twitter/X']",[],0,"Try Rocket Money for FREE or unlock more features with premium at: Thanks to Rocket Money for sponsoring the video! The Elder Scrolls: Oblivion Is A NIGHTMARE. My oh my a long time coming. From The Dark Brotherhood to The Adoring Fan, I cover everything that made Bethesda's masterpiece (Oblivion) both magical, and a bit of a nightmare. Join my Patreon for exclusive videos! Next on the channel will be Oblivion Remastered. I have already written the review, so won't be too long for your next Elder Scrolls: Oblivion review. (Sorry trying to hit all the SEO points.) CREDIT Vampire Story Voice Actor, CDawgVA: Perfectly Balanced Commentary, TheSpiffingBrit: Thumbnail by: @SkutchDraws Patreon bros: Instagram: @upisnotjumpofficial Twitter-o-fish:",[],0,2026-08-06,8,August,6,Thursday,32,False,20,58,14,"['Try', 'Rocket', 'Money', 'FREE', 'unlock', 'feature', 'premium', ':', 'Thanks', 'Rocket', 'Money', 'sponsoring', 'video', '!', 'The', 'Elder', 'Scrolls', ':', 'Oblivion', 'Is', 'A', 'NIGHTMARE', '.', 'My', 'oh', 'long', 'time', 'coming', '.', 'From', 'The', 'Dark', 'Brotherhood', 'The', 'Adoring', 'Fan', ',', 'I', 'cover', 'everything', 'made', 'Bethesda', ""'s"", 'masterpiece', '(', 'Oblivion', ')', 'magical', ',', 'bit', 'nightmare', '.', 'Join', 'Patreon', 'exclusive', 'video', '!', 'Next', 'channel', 'Oblivion', 'Remastered', '.', 'I', 'already', 'written', 'review', ',', 'wo', ""n't"", 'long', 'next', 'Elder', 'Scrolls', ':', 'Oblivion', 'review', '.', '(', 'Sorry', 'trying', 'hit', 'SEO', 'point', '.', ')', 'CREDIT', 'Vampire', 'Story', 'Voice', 'Actor', ',', 'CDawgVA', ':', 'Perfectly', 'Balanced', 'Commentary', ',', 'TheSpiffingBrit', ':', 'Thumbnail', ':', '@', 'SkutchDraws', 'Patreon', 'bros', ':', 'Instagram', ':', '@', 'upisnotjumpofficial', 'Twitter-o-fish', ':']","Try Rocket Money FREE unlock feature premium : Thanks Rocket Money sponsoring video ! The Elder Scrolls : Oblivion Is A NIGHTMARE . My oh long time coming . From The Dark Brotherhood The Adoring Fan , I cover everything made Bethesda 's masterpiece ( Oblivion ) magical , bit nightmare . Join Patreon exclusive video ! Next channel Oblivion Remastered . I already written review , wo n't long next Elder Scrolls : Oblivion review . ( Sorry trying hit SEO point . ) CREDIT Vampire Story Voice Actor , CDawgVA : Perfectly Balanced Commentary , TheSpiffingBrit : Thumbnail : @ SkutchDraws Patreon bros : Instagram : @ upisnotjumpofficial Twitter-o-fish :",1278.0,Long,47,9,748,116,Evening,11506,0.08022124823631833,0.006131608177478911,0.08635285641379724,1,0,High,Beginning,False,False,Evening,Comedy,11.79994481787191,9.27706400401909,6.706862336602747
8Pvtspqc8E0,The Cleaning Lady is BACK | Hermitcraft 11: Episode 18,"Scar has a major shulker monster problem on the Hermitcraft server, and it desperately needs solving. It's time to bring back the cleaning lady for another round. This episode includes an assortment of clean up and pranks involving Scar, Grian and a retaliation on EGG in general. Social Links: Twitter: Instagram: Twitch: Discord Server:",2026-08-06 16:05:40+00:00,UC1GJ5aeqpEWklMBQ3oXrPQQ,PearlescentMoon,20,"['hermitcraft', 'minecraft hermitcraft', 'pearlescentmoon', 'minecraft lets play', 'hermitcraft 11', 'hermitcraft season 11', 'Minecraft', 'hermitcraft pearl', 'hermitcraft pearlescentmoon', 'shopping district', 'chaos cubed', 'new update', 'moving a base', 'goodtimeswithscar', 'grian', 'egg', 'prank']",PT37M3S,hd,false,107571,10462,395,https://twitter.com/PearlescentMoon | https://www.instagram.com/pearlescentmoo/ | https://www.twitch.tv/pearlescentmoon | https://discord.gg/pearlescentmoon,4,"['Twitter/X', 'Instagram', 'Twitch', 'Discord']","['#minecraft', '#hermitcraft']",2,"Scar has a major shulker monster problem on the Hermitcraft server, and it desperately needs solving. It's time to bring back the cleaning lady for another round. This episode includes an assortment of clean up and pranks involving Scar, Grian and a retaliation on EGG in general. Social Links: Twitter: Instagram: Twitch: Discord Server:","['hermitcraft', 'minecraft hermitcraft', 'pearlescentmoon', 'minecraft lets play', 'hermitcraft 11', 'hermitcraft season 11', 'Minecraft', 'hermitcraft pearl', 'hermitcraft pearlescentmoon', 'shopping district', 'chaos cubed', 'new update', 'moving a base', 'goodtimeswithscar', 'grian', 'egg', 'prank']",17,2026-08-06,8,August,6,Thursday,32,False,16,5,40,"['Scar', 'major', 'shulker', 'monster', 'problem', 'Hermitcraft', 'server', ',', 'desperately', 'need', 'solving', '.', 'It', ""'s"", 'time', 'bring', 'back', 'cleaning', 'lady', 'another', 'round', '.', 'This', 'episode', 'includes', 'assortment', 'clean', 'prank', 'involving', 'Scar', ',', 'Grian', 'retaliation', 'EGG', 'general', '.', 'Social', 'Links', ':', 'Twitter', ':', 'Instagram', ':', 'Twitch', ':', 'Discord', 'Server', ':']","Scar major shulker monster problem Hermitcraft server , desperately need solving . It 's time bring back cleaning lady another round . This episode includes assortment clean prank involving Scar , Grian retaliation EGG general . Social Links : Twitter : Instagram : Twitch : Discord Server :",2223.0,Long,54,10,338,54,Afternoon,10857,0.09725669557780443,0.003671993381115728,0.10092868895892015,1,0,Medium,Beginning,True,False,Afternoon,Gaming,11.585915669797602,9.255600503381046,5.981414211254481
Fj2Fudahna8,The Long Horse.. (help),"The Long Horse.. (help) This video Dash, Baby Dash, and Anne have to face the Long Horse mod! To do that, they need to find saddles hidden around the world and use them to tame the horse! Will they be able to do it? Watch the full video to find out!",2026-08-06 19:00:32+00:00,UCdtoloDKybNstNxtT38YTAg,Daaash,20,"['dash', 'roblox', 'dash roblox', 'dash minecraft', 'minecraft', 'minecraft mod', 'The Long Horse.. (help)']",PT24M2S,hd,false,148180,2338,571,,0,[],"['#Roblox', '#Dash']",2,"The Long Horse.. (help) This video Dash, Baby Dash, and Anne have to face the Long Horse mod! To do that, they need to find saddles hidden around the world and use them to tame the horse! Will they be able to do it? Watch the full video to find out!","['dash', 'roblox', 'dash roblox', 'dash minecraft', 'minecraft', 'minecraft mod', 'The Long Horse.. (help)']",7,2026-08-06,8,August,6,Thursday,32,False,19,0,32,"['The', 'Long', 'Horse', '..', '(', 'help', ')', 'This', 'video', 'Dash', ',', 'Baby', 'Dash', ',', 'Anne', 'face', 'Long', 'Horse', 'mod', '!', 'To', ',', 'need', 'find', 'saddle', 'hidden', 'around', 'world', 'use', 'tame', 'horse', '!', 'Will', 'able', '?', 'Watch', 'full', 'video', 'find', '!']","The Long Horse .. ( help ) This video Dash , Baby Dash , Anne face Long Horse mod ! To , need find saddle hidden around world use tame horse ! Will able ? Watch full video find !",1442.0,Long,23,4,249,51,Evening,2909,0.015778107706843028,0.0038534215143744095,0.01963152922121744,1,0,High,Beginning,True,False,Evening,Gaming,11.90618977849694,7.757478766584179,6.349138991379798
Ziknzpgtxta,☀️ THE RETURN OF WAVE RACE 64,"Game Grumps: Margiplier and Jackspetiguy Click to SUBSCRIBE Support us on Patreon! MERCH!! FACEBOOK INSTAGRAM TIKTOK TWITTER WEBSITE Our email list! Game Grumps is a comedy gaming show hosted by Arin Hanson and Dan Avidan. We publish daily episodes on Game Grumps, and weekly episodes on our live channel @TheGrumps! Game Grumps is a game publisher. It's a touring act. But most importantly, it's a group of people excited about creating literally anything. We're always working on something new and exciting, and we can't wait for you to see what's next. Arin Danny",2026-08-06 17:00:12+00:00,UC9CuvdOVfMPvKCiwdGKL3cQ,GameGrumps,20,"['lets play', 'walkthrough', 'gameplay', 'egoraptor', 'danny', 'game grumps', 'gamegrumps', 'funny', 'arin', 'letsplay', 'gaming', ""let's play"", 'game play', 'dan avidan', 'arin hanson', 'Game Grumps']",PT43M40S,hd,false,81008,4177,509,http://bit.ly/GrumpSubscribe | https://www.patreon.com/gamegrumps | http://gamegrumps.com/merch | https://www.facebook.com/GameGrumps | https://www.instagram.com/gamegrumps/ | https://www.tiktok.com/@gamegrumps | https://www.twitter.com/gamegrumps | http://gamegrumps.com | http://eepurl.com/cN7syX | http://www.youtube.com/Egoraptor | http://www.youtube.com/NinjaSexParty,11,"['Other', 'Facebook', 'Instagram', 'TikTok', 'Twitter/X', 'YouTube']","['#bignostalgia', '#waverace64', '#ep3']",3,"Game Grumps: Margiplier and Jackspetiguy Click to SUBSCRIBE ► Support us on Patreon! ► ********************************************* MERCH!! ► ********************************************* FACEBOOK ► INSTAGRAM ► TIKTOK ► TWITTER ► WEBSITE ► Our email list! ► ********************************************* Game Grumps is a comedy gaming show hosted by Arin Hanson and Dan Avidan. We publish daily episodes on Game Grumps, and weekly episodes on our live channel @TheGrumps! Game Grumps is a game publisher. It's a touring act. But most importantly, it's a group of people excited about creating literally anything. We're always working on something new and exciting, and we can't wait for you to see what's next. Arin ► Danny ►","['lets play', 'walkthrough', 'gameplay', 'egoraptor', 'danny', 'game grumps', 'gamegrumps', 'funny', 'arin', 'letsplay', 'gaming', ""let's play"", 'game play', 'dan avidan', 'arin hanson', 'Game Grumps']",16,2026-08-06,8,August,6,Thursday,32,False,17,0,12,"['Game', 'Grumps', ':', 'Margiplier', 'Jackspetiguy', 'Click', 'SUBSCRIBE', 'Support', 'u', 'Patreon', '!', 'MERCH', '!', '!', 'FACEBOOK', 'INSTAGRAM', 'TIKTOK', 'TWITTER', 'WEBSITE', 'Our', 'email', 'list', '!', 'Game', 'Grumps', 'comedy', 'gaming', 'show', 'hosted', 'Arin', 'Hanson', 'Dan', 'Avidan', '.', 'We', 'publish', 'daily', 'episode', 'Game', 'Grumps', ',', 'weekly', 'episode', 'live', 'channel', '@', 'TheGrumps', '!', 'Game', 'Grumps', 'game', 'publisher', '.', 'It', ""'s"", 'touring', 'act', '.', 'But', 'importantly', ',', ""'s"", 'group', 'people', 'excited', 'creating', 'literally', 'anything', '.', 'We', ""'re"", 'always', 'working', 'something', 'new', 'exciting', ',', 'ca', ""n't"", 'wait', 'see', ""'s"", 'next', '.', 'Arin', 'Danny']","Game Grumps : Margiplier Jackspetiguy Click SUBSCRIBE Support u Patreon ! MERCH ! ! FACEBOOK INSTAGRAM TIKTOK TWITTER WEBSITE Our email list ! Game Grumps comedy gaming show hosted Arin Hanson Dan Avidan . We publish daily episode Game Grumps , weekly episode live channel @ TheGrumps ! Game Grumps game publisher . It 's touring act . But importantly , 's group people excited creating literally anything . We 're always working something new exciting , ca n't wait see 's next . Arin Danny",2620.0,Long,29,7,566,93,Afternoon,4686,0.05156280861149516,0.006283330041477385,0.05784613865297255,1,0,Medium,Beginning,True,False,Afternoon,Gaming,11.302315538593305,8.33758794211651,6.234410725718371
Tn8Dovdjc4S,This Chuck E Cheese FNAF Game is HORRIFYING..,Five Nights at Chuck E. Cheese's + Game: 0:00 Returning to the Pizzeria 0:30 Navigating the Confusing Shop 2:22 Trapped on the Ceiling 4:07 Lost in the Sewers 9:27 The Basement Mystery 19:09 Restarting My Own Heart 33:55 The Secret Laboratory,2026-08-07 01:04:54+00:00,UC5enhS5tdXhHNbj8s_kdBUw,FusionZGamer,20,"['five nights at freddys', 'roblox', 'chuck e cheese', 'five nights at chuck e cheese +', 'fnaf fan games', 'five nights at chuck e cheese', ""five nights at chuck e cheese's rebooted"", 'chuck e cheeses', 'fnaf']",PT42M40S,hd,false,45229,2662,457,https://www.roblox.com/games/140383549854334/Five-Nights-at-Chuck-E-Cheeses-CABARET,1,['Twitter/X'],[],0,Five Nights at Chuck E. Cheese's + Game: 0:00 Returning to the Pizzeria 0:30 Navigating the Confusing Shop 2:22 Trapped on the Ceiling 4:07 Lost in the Sewers 9:27 The Basement Mystery 19:09 Restarting My Own Heart 33:55 The Secret Laboratory,"['five nights at freddys', 'roblox', 'chuck e cheese', 'five nights at chuck e cheese +', 'fnaf fan games', 'five nights at chuck e cheese', ""five nights at chuck e cheese's rebooted"", 'chuck e cheeses', 'fnaf']",9,2026-08-07,8,August,7,Friday,32,False,1,4,54,"['Five', 'Nights', 'Chuck', 'E.', 'Cheese', ""'s"", '+', 'Game', ':', '0:00', 'Returning', 'Pizzeria', '0:30', 'Navigating', 'Confusing', 'Shop', '2:22', 'Trapped', 'Ceiling', '4:07', 'Lost', 'Sewers', '9:27', 'The', 'Basement', 'Mystery', '19:09', 'Restarting', 'My', 'Own', 'Heart', '33:55', 'The', 'Secret', 'Laboratory']",Five Nights Chuck E. Cheese 's + Game : 0:00 Returning Pizzeria 0:30 Navigating Confusing Shop 2:22 Trapped Ceiling 4:07 Lost Sewers 9:27 The Basement Mystery 19:09 Restarting My Own Heart 33:55 The Secret Laboratory,2560.0,Long,45,8,242,41,Night,3119,0.05885604368878374,0.010104136726436579,0.06896018041522033,1,0,Low,Beginning,True,False,Late Night,Gaming,10.719515862471889,7.887208585813932,6.126869184114185
O_Ychvnm2Fw,The Truth of Endacopia ALL ENDINGS / SECRETS BOSSES / SECRETS [ 4 ],"Video contains the finale of Endacopia including all 3 endings / all bosses and secret bosses / all secrets and we finally find out what the meaning of Endacopia is. Game Info: Game Playlist: Manly PLUSH Links: ""Enda of Copia"" (ω`)----Crummy Personal Links Below This Line----(´ω) My Manly GamerSupps Code MANLY : My AManzing Cheeky Soap Code: My Maingear Gear: My Cool Twitch: My Manly Twitter: My Chill Instagram: My Comfy Tiktok:",2026-08-07 01:07:20+00:00,UCKv8Rrrdc9oxLJmdHItafLA,ManlyBadassHero,20,"['Endacopia', ""Let's Play"", 'Playthrough', 'Walkthrough', 'Horror Game', 'Indie Game', 'Gameplay', 'Video Game', 'Andyland', 'All Endings', 'Endacopia ALl Endings', 'Endacopia All Secrets']",PT2H36M37S,hd,false,38523,2985,429,https://store.steampowered.com/app/2684630/Endacopia/ | https://www.youtube.com/playlist?list=PLRSUWzFuFMao | https://www.makeship.com/products/anime-manly | https://www.makeship.com/products/tiny-manlys-double-trouble-pin-pack | https://gamersupps.gg/manly | https://usecheeky.com/pages/manly | https://maingear.com/manlybadasshero | https://goo.gl/neioFL | http://goo.gl/wStB6o | https://goo.gl/8nPFzi | https://tinyurl.com/czm4ewbp,11,"['Steam', 'YouTube', 'Other']","['#endacopia', '#andyland']",2,"Video contains the finale of Endacopia including all 3 endings / all bosses and secret bosses / all secrets and we finally find out what the meaning of Endacopia is. Game Info: Game Playlist: Manly PLUSH Links: ""Enda of Copia"" ヽ(・ω・`)----Crummy Personal Links Below This Line----(´・ω・)ﾉ My Manly GamerSupps Code MANLY : My AManzing Cheeky Soap Code: My Maingear Gear: My Cool Twitch: My Manly Twitter: My Chill Instagram: My Comfy Tiktok:","['Endacopia', ""Let's Play"", 'Playthrough', 'Walkthrough', 'Horror Game', 'Indie Game', 'Gameplay', 'Video Game', 'Andyland', 'All Endings', 'Endacopia ALl Endings', 'Endacopia All Secrets']",12,2026-08-07,8,August,7,Friday,32,False,1,7,20,"['Video', 'contains', 'finale', 'Endacopia', 'including', '3', 'ending', '/', 'boss', 'secret', 'boss', '/', 'secret', 'finally', 'find', 'meaning', 'Endacopia', '.', 'Game', 'Info', ':', 'Game', 'Playlist', ':', 'Manly', 'PLUSH', 'Links', ':', '``', 'Enda', 'Copia', ""''"", '(', 'ω', '`', ')', '--', '--', 'Crummy', 'Personal', 'Links', 'Below', 'This', 'Line', '--', '--', '(', '´ω', ')', 'My', 'Manly', 'GamerSupps', 'Code', 'MANLY', ':', 'My', 'AManzing', 'Cheeky', 'Soap', 'Code', ':', 'My', 'Maingear', 'Gear', ':', 'My', 'Cool', 'Twitch', ':', 'My', 'Manly', 'Twitter', ':', 'My', 'Chill', 'Instagram', ':', 'My', 'Comfy', 'Tiktok', ':']",Video contains finale Endacopia including 3 ending / boss secret boss / secret finally find meaning Endacopia . Game Info : Game Playlist : Manly PLUSH Links : `` Enda Copia '' ( ω ` ) -- -- Crummy Personal Links Below This Line -- -- ( ´ω ) My Manly GamerSupps Code MANLY : My AManzing Cheeky Soap Code : My Maingear Gear : My Cool Twitch : My Manly Twitter : My Chill Instagram : My Comfy Tiktok :,9397.0,Long,67,14,432,72,Night,3414,0.07748617708901176,0.011136204345455961,0.08862238143446773,1,0,Low,Beginning,True,False,Late Night,Gaming,10.559036702680755,8.001689978099135,6.063785208687608
Zhylm1Wx0O0,Breaking 100+ STREAKS With this 7 FOOT DEMIGOD Build In Practical Basketball,Socials Where I get my clothes from - Discord Server: Twitter: Spotify: Instagram: Twitch: Join this channel to get access to perks:,2026-08-06 23:44:36+00:00,UCapdaZu980orxjwpn0q-lrg,Wittyyb,20,"['Roblox', 'wittyb', 'witty b', 'wittyyb', 'witty', 'Roblox funny', '7 foot demigod', 'Practical basketball', 'Practical basketball best build', 'Best build', 'Iso build', 'BEST iso build', 'DEMIGOD', 'DEMIGOD practical basketball']",PT21M13S,hd,false,51145,2156,528,https://www.roblox.com/groups/10454105/WittyCrew#!/store | https://discord.gg/witty | https://twitter.com/xWittyyb | https://open.spotify.com/artist/0BZSKK4L5hauP3AKK23D6c?si=r4vrnhDwTNeYO4e9MJ6UnA | https://www.instagram.com/wittyyb/ | https://www.twitch.tv/wittyyb | https://www.youtube.com/channel/UCapdaZu980orxjwpn0q-lrg/join,7,"['Twitter/X', 'Discord', 'Spotify', 'Instagram', 'Twitch', 'YouTube']",[],0,Socials⬇️⬇️ Where I get my clothes from - Discord Server: Twitter: Spotify: Instagram: Twitch: Join this channel to get access to perks:,"['Roblox', 'wittyb', 'witty b', 'wittyyb', 'witty', 'Roblox funny', '7 foot demigod', 'Practical basketball', 'Practical basketball best build', 'Best build', 'Iso build', 'BEST iso build', 'DEMIGOD', 'DEMIGOD practical basketball']",14,2026-08-06,8,August,6,Thursday,32,False,23,44,36,"['Socials', 'Where', 'I', 'get', 'clothes', '-', 'Discord', 'Server', ':', 'Twitter', ':', 'Spotify', ':', 'Instagram', ':', 'Twitch', ':', 'Join', 'channel', 'get', 'access', 'perk', ':']",Socials Where I get clothes - Discord Server : Twitter : Spotify : Instagram : Twitch : Join channel get access perk :,1273.0,Long,76,12,132,22,Evening,2684,0.04215465832437188,0.010323589793723727,0.05247824811809561,1,0,Low,Beginning,True,False,Night,Gaming,10.842439566953361,7.676473646389156,6.270988431858299
Hihuisjx9Ye,Toby Fox just changed everything,"check out neurospasm demo if u want: today i talked about the oncoming doom use code ""why"" for 10% off cheeky soap: send me anything to make a vid on: kwytebox@gmail.com (this email is for video idea submissions only, please see this channel's about section for business inquiries) twitter: edited by @JeanieBoxx Game: Neurospasm Demo",2026-08-06 20:37:52+00:00,UC66if-99jJT-hcbK4iUJudA,with uh why,25,"['Kwyte', 'Kwite', 'Kwote', 'Kwate']",PT20M17S,hd,false,92100,7373,852,https://bit.ly/neurospasmdemo | https://usecheeky.com/why | https://x.com/withuhwhy,3,"['Other', 'Twitter/X']",[],0,"check out neurospasm demo if u want: today i talked about the oncoming doom use code ""why"" for 10% off cheeky soap: send me anything to make a vid on: kwytebox@gmail.com (this email is for video idea submissions only, please see this channel's about section for business inquiries) twitter: edited by @JeanieBoxx Game: Neurospasm Demo","['Kwyte', 'Kwite', 'Kwote', 'Kwate']",4,2026-08-06,8,August,6,Thursday,32,False,20,37,52,"['check', 'neurospasm', 'demo', 'u', 'want', ':', 'today', 'talked', 'oncoming', 'doom', 'use', 'code', '``', ""''"", '10', '%', 'cheeky', 'soap', ':', 'send', 'anything', 'make', 'vid', ':', 'kwytebox', '@', 'gmail.com', '(', 'email', 'video', 'idea', 'submission', ',', 'please', 'see', 'channel', ""'s"", 'section', 'business', 'inquiry', ')', 'twitter', ':', 'edited', '@', 'JeanieBoxx', 'Game', ':', 'Neurospasm', 'Demo']","check neurospasm demo u want : today talked oncoming doom use code `` '' 10 % cheeky soap : send anything make vid : kwytebox @ gmail.com ( email video idea submission , please see channel 's section business inquiry ) twitter : edited @ JeanieBoxx Game : Neurospasm Demo",1217.0,Long,32,5,334,55,Evening,8225,0.0800542888165038,0.009250814332247557,0.08930510314875136,1,0,Medium,Beginning,False,False,Evening,News & Politics,11.430641079947755,8.90571557879409,6.748759547491679
Hhsfcfc3Omc,"BOPL BATTLE BUT KYLE IS MY TEAMMATE... (w/ H2O Delirious, Kyle, Squirrel)","My Let's Play Channel: NEW MERCH! Thumbnails: @H2ODelirious Squirrel: Kyle: Anthony: SEND FANMAIL HERE! PO Box 18002 Greensboro, NC 27419-8002 Social Media: - @_cartoonz I Outro Song: ""Watching Cartoons"" - Jay Allen",2026-08-07 00:45:58+00:00,UCdQWs2nw6w77Rw0t-37a4OA,CaRtOoNz,20,"['cart0onz', 'cartoonz', 'cartoons', 'funny moments', ""let's play"", 'cartoonz face reveal', 'cartoonz crew', 'cartoonz crew song', 'cartoonz crew junior', 'toonz']",PT41M,hd,false,49769,3588,111,https://www.youtube.com/@toonzplays | https://cartoonz.3blackdot.com/ | http://www.cartoonz.com | http://www.amazon.com/shop/cartoonz | https://twitter.com/Jihi_chan | https://www.youtube.com/channel/UClJ38gvUfmqrAT-hGsIt6Lw | https://www.youtube.com/channel/UCartrOxoMpk-szhErUlAzSA | https://www.twitch.tv/anthony_kongphan | http://www.twitter.com/_cartoonz | http://www.facebook.com/cart0onz | http://www.instagram.com/cartoonz | https://www.youtube.com/watch?v=VChfV6zUzXI,12,"['YouTube', 'Other', 'Twitter/X', 'Twitch', 'Facebook', 'Instagram']",['#cartoonz'],1,"My Let's Play Channel: NEW MERCH! Thumbnails: @H2ODelirious Squirrel: Kyle: Anthony: SEND FANMAIL HERE! PO Box 18002 Greensboro, NC 27419-8002 Social Media: - @_cartoonz I Outro Song: ""Watching Cartoons"" - Jay Allen","['cart0onz', 'cartoonz', 'cartoons', 'funny moments', ""let's play"", 'cartoonz face reveal', 'cartoonz crew', 'cartoonz crew song', 'cartoonz crew junior', 'toonz']",10,2026-08-07,8,August,7,Friday,32,False,0,45,58,"['My', 'Let', ""'s"", 'Play', 'Channel', ':', 'NEW', 'MERCH', '!', 'Thumbnails', ':', '@', 'H2ODelirious', 'Squirrel', ':', 'Kyle', ':', 'Anthony', ':', 'SEND', 'FANMAIL', 'HERE', '!', 'PO', 'Box', '18002', 'Greensboro', ',', 'NC', '27419-8002', 'Social', 'Media', ':', '-', '@', '_cartoonz', 'I', 'Outro', 'Song', ':', '``', 'Watching', 'Cartoons', ""''"", '-', 'Jay', 'Allen']","My Let 's Play Channel : NEW MERCH ! Thumbnails : @ H2ODelirious Squirrel : Kyle : Anthony : SEND FANMAIL HERE ! PO Box 18002 Greensboro , NC 27419-8002 Social Media : - @ _cartoonz I Outro Song : `` Watching Cartoons '' - Jay Allen",2460.0,Long,73,12,215,32,Night,3699,0.07209306998332295,0.0022303040045007936,0.07432337398782375,1,0,Low,Beginning,True,False,Late Night,Gaming,10.815167671852599,8.185628891147607,4.718498871295094
Vlcz8Vyzigg,These are the best legendary weapons in Destiny 2. Every single one.,"now and for eternity, these are the top legendary weapons in destiny 2. hunt them down, get good perks and be merry. this list is designed for the average player in the average piece of content, scaling as low as solo ops to as high as 3 feat raiding. it does not cater to specific gameplay encounters or activities, but rather an overall suggestion across the entire game. 99% of perk recommendations on all weapons are summarized as such: reload or ammo perk and a damage perk. primary weapons will likely utilize a high damage perk or some sort of a subclass perk (like incandescent for solar). destiny.report is a good website, use it to further your research. aegis' spreadsheet is a great resource to further your knowledge beyond the limits of this video: (if it's not here anymore, i'm sorry, updated as of the posting of this video and i probably will never update this link) intro and preamble - 0:00 autos: 4:25 pulses: 6:20 hand cannons: 8:54 scout rifles: 11:47 sidearms: 13:39 SMGs: 15:42 bows: 17:10 special weapon preamble/fusions - 18:44 snipers: 21:40 special GLs: 23:44 shotguns: 25:02 glaives: 25:48 trace rifles: 26:25 heavy GLs: 27:46 rockets: 29:07 machine guns: 29:58 linear fusions: 31:43 swords/finale: 32:26 edited by: xVauda (twitter/Twitch) Watch Datto Live at on Mondays, Tuesdays, Thursdays and Fridays. I stream on Youtube as well, but only on days when I play Destiny. Datto is now partnered with Logitech! Use ""Datto10"" at checkout to get a 5% discount on Logitech and Logitech G products: Epic Games Store Creator Code: HelloDatto Datto Does Destiny Social Media: Twitter: Twitch:",2026-08-06 16:00:32+00:00,UCkmAjbIecTIjTQctolYeuDw,Datto,20,"['datto', 'destiny gameplay', 'destiny 2', 'destiny 2 gameplay', 'datto does destiny', 'destiny', 'destiny new gameplay', 'guide', 'best weapons', 'best legendary weapons', 'legendary weapons', 'best auto', 'best pulse', 'best primary', 'best gl', 'best damage', 'best', 'destiny 2 weapons']",PT34M37S,hd,true,86152,4290,407,https://docs.google.com/spreadsheets/d/1JM-0SlxVDAi-C6rGVlLxa-J1WGewEeL8Qvq4htWZHhY/htmlview#gid=346832350 | https://www.twitch.tv/Datto | https://logi.gg/Datto | https://www.twitter.com/DattosDestiny | https://www.twitch.tv/Datto,5,"['Other', 'Twitch', 'Twitter/X']",['#gid'],1,"now and for eternity, these are the top legendary weapons in destiny 2. hunt them down, get good perks and be merry. this list is designed for the average player in the average piece of content, scaling as low as solo ops to as high as 3 feat raiding. it does not cater to specific gameplay encounters or activities, but rather an overall suggestion across the entire game. 99% of perk recommendations on all weapons are summarized as such: reload or ammo perk and a damage perk. primary weapons will likely utilize a high damage perk or some sort of a subclass perk (like incandescent for solar). destiny.report is a good website, use it to further your research. aegis' spreadsheet is a great resource to further your knowledge beyond the limits of this video: (if it's not here anymore, i'm sorry, updated as of the posting of this video and i probably will never update this link) intro and preamble - 0:00 autos: 4:25 pulses: 6:20 hand cannons: 8:54 scout rifles: 11:47 sidearms: 13:39 SMGs: 15:42 bows: 17:10 special weapon preamble/fusions - 18:44 snipers: 21:40 special GLs: 23:44 shotguns: 25:02 glaives: 25:48 trace rifles: 26:25 heavy GLs: 27:46 rockets: 29:07 machine guns: 29:58 linear fusions: 31:43 swords/finale: 32:26 edited by: xVauda (twitter/Twitch) Watch Datto Live at on Mondays, Tuesdays, Thursdays and Fridays. I stream on Youtube as well, but only on days when I play Destiny. Datto is now partnered with Logitech! Use ""Datto10"" at checkout to get a 5% discount on Logitech and Logitech G products: Epic Games Store Creator Code: HelloDatto Datto Does Destiny Social Media: Twitter: Twitch:","['datto', 'destiny gameplay', 'destiny 2', 'destiny 2 gameplay', 'datto does destiny', 'destiny', 'destiny new gameplay', 'guide', 'best weapons', 'best legendary weapons', 'legendary weapons', 'best auto', 'best pulse', 'best primary', 'best gl', 'best damage', 'best', 'destiny 2 weapons']",18,2026-08-06,8,August,6,Thursday,32,False,16,0,32,"['eternity', ',', 'top', 'legendary', 'weapon', 'destiny', '2.', 'hunt', ',', 'get', 'good', 'perk', 'merry', '.', 'list', 'designed', 'average', 'player', 'average', 'piece', 'content', ',', 'scaling', 'low', 'solo', 'ops', 'high', '3', 'feat', 'raiding', '.', 'cater', 'specific', 'gameplay', 'encounter', 'activity', ',', 'rather', 'overall', 'suggestion', 'across', 'entire', 'game', '.', '99', '%', 'perk', 'recommendation', 'weapon', 'summarized', ':', 'reload', 'ammo', 'perk', 'damage', 'perk', '.', 'primary', 'weapon', 'likely', 'utilize', 'high', 'damage', 'perk', 'sort', 'subclass', 'perk', '(', 'like', 'incandescent', 'solar', ')', '.', 'destiny.report', 'good', 'website', ',', 'use', 'research', '.', 'aegis', ""'"", 'spreadsheet', 'great', 'resource', 'knowledge', 'beyond', 'limit', 'video', ':', '(', ""'s"", 'anymore', ',', ""'m"", 'sorry', ',', 'updated', 'posting', 'video', 'probably', 'never', 'update', 'link', ')', 'intro', 'preamble', '-', '0:00', 'auto', ':', '4:25', 'pulse', ':', '6:20', 'hand', 'cannon', ':', '8:54', 'scout', 'rifle', ':', '11:47', 'sidearms', ':', '13:39', 'SMGs', ':', '15:42', 'bow', ':', '17:10', 'special', 'weapon', 'preamble/fusions', '-', '18:44', 'sniper', ':', '21:40', 'special', 'GLs', ':', '23:44', 'shotgun', ':', '25:02', 'glaives', ':', '25:48', 'trace', 'rifle', ':', '26:25', 'heavy', 'GLs', ':', '27:46', 'rocket', ':', '29:07', 'machine', 'gun', ':', '29:58', 'linear', 'fusion', ':', '31:43', 'swords/finale', ':', '32:26', 'edited', ':', 'xVauda', '(', 'twitter/Twitch', ')', 'Watch', 'Datto', 'Live', 'Mondays', ',', 'Tuesdays', ',', 'Thursdays', 'Fridays', '.', 'I', 'stream', 'Youtube', 'well', ',', 'day', 'I', 'play', 'Destiny', '.', 'Datto', 'partnered', 'Logitech', '!', 'Use', '``', 'Datto10', ""''"", 'checkout', 'get', '5', '%', 'discount', 'Logitech', 'Logitech', 'G', 'product', ':', 'Epic', 'Games', 'Store', 'Creator', 'Code', ':', 'HelloDatto', 'Datto', 'Does', 'Destiny', 'Social', 'Media', ':', 'Twitter', ':', 'Twitch', ':']","eternity , top legendary weapon destiny 2. hunt , get good perk merry . list designed average player average piece content , scaling low solo ops high 3 feat raiding . cater specific gameplay encounter activity , rather overall suggestion across entire game . 99 % perk recommendation weapon summarized : reload ammo perk damage perk . primary weapon likely utilize high damage perk sort subclass perk ( like incandescent solar ) . destiny.report good website , use research . aegis ' spreadsheet great resource knowledge beyond limit video : ( 's anymore , 'm sorry , updated posting video probably never update link ) intro preamble - 0:00 auto : 4:25 pulse : 6:20 hand cannon : 8:54 scout rifle : 11:47 sidearms : 13:39 SMGs : 15:42 bow : 17:10 special weapon preamble/fusions - 18:44 sniper : 21:40 special GLs : 23:44 shotgun : 25:02 glaives : 25:48 trace rifle : 26:25 heavy GLs : 27:46 rocket : 29:07 machine gun : 29:58 linear fusion : 31:43 swords/finale : 32:26 edited : xVauda ( twitter/Twitch ) Watch Datto Live Mondays , Tuesdays , Thursdays Fridays . I stream Youtube well , day I play Destiny . Datto partnered Logitech ! Use `` Datto10 '' checkout get 5 % discount Logitech Logitech G product : Epic Games Store Creator Code : HelloDatto Datto Does Destiny Social Media : Twitter : Twitch :",2077.0,Long,68,12,1615,270,Afternoon,4697,0.04979570990806946,0.004724208375893769,0.05451991828396323,1,1,Medium,Beginning,True,False,Afternoon,Gaming,11.363880064332939,8.364275084991524,6.0112671744041615
Rlgkmkgpgoi,Going On A Big Walk,This video has horrible audio mixing due to the game only having one volume slider and no way to alter the players voice volumes. The players will feel quiet and the game will feel loud and there is nothing I can do about it. I won't be returning to this game until there is better audio options.,2026-08-06 16:00:05+00:00,UCDiznUV6dtdB9PQj__XVhnA,Two Much Grian,20,[],PT2H58M35S,hd,false,123522,5914,364,,0,[],[],0,This video has horrible audio mixing due to the game only having one volume slider and no way to alter the players voice volumes. The players will feel quiet and the game will feel loud and there is nothing I can do about it. I won't be returning to this game until there is better audio options.,[],0,2026-08-06,8,August,6,Thursday,32,False,16,0,5,"['This', 'video', 'horrible', 'audio', 'mixing', 'due', 'game', 'one', 'volume', 'slider', 'way', 'alter', 'player', 'voice', 'volume', '.', 'The', 'player', 'feel', 'quiet', 'game', 'feel', 'loud', 'nothing', 'I', '.', 'I', 'wo', ""n't"", 'returning', 'game', 'better', 'audio', 'option', '.']",This video horrible audio mixing due game one volume slider way alter player voice volume . The player feel quiet game feel loud nothing I . I wo n't returning game better audio option .,10715.0,Long,19,5,296,57,Afternoon,6278,0.04787811078188501,0.0029468434772753033,0.05082495425916031,1,0,Medium,Beginning,True,False,Afternoon,Gaming,11.724182652528432,8.685246776412487,5.8998973535824915
Xqfcxscwigs,My Viewers Broke Verity With His Own Voice Lines...,The verity mod in Minecraft is an assistant that can hear your voice and help you. In this video I let my viewers communicate with and rage bait verity with my soundboard. I recorded his voice lines in real time and played them back to verity to see what could possibly go wrong! TWITCH! DISCORD! BUSINESS INQUIRIES - Bushwhack18@gmail.com,2026-08-06 16:30:01+00:00,UCeuTqSaqk32vp1cn8W-8IWg,Bushwhack 18,20,"['perfect timing', 'gamers react perfect timing', 'perfect timing minecraft', 'fortnite perfect timing', 'fortnite chapter 4 perfect timing', 'twitch timing perfect', 'fortnite perfect timing emotes', 'fortnite perfect timing dances', 'fortnite perfect timing moments', 'fortnite perfect timing compilation', 'fortnite perfect timing dance moments', 'timing', 'perfect timing twitch', 'twitch perfect timing', 'perfect timing moments', 'moments of perfect timing', 'perfect timing caught on camera']",PT22M19S,hd,false,111673,3578,434,https://www.twitch.tv/bushwhack18 | https://discord.gg/zUNwvCkv2u,2,"['Twitch', 'Discord']",[],0,The verity mod in Minecraft is an assistant that can hear your voice and help you. In this video I let my viewers communicate with and rage bait verity with my soundboard. I recorded his voice lines in real time and played them back to verity to see what could possibly go wrong! TWITCH! DISCORD! BUSINESS INQUIRIES - Bushwhack18@gmail.com,"['perfect timing', 'gamers react perfect timing', 'perfect timing minecraft', 'fortnite perfect timing', 'fortnite chapter 4 perfect timing', 'twitch timing perfect', 'fortnite perfect timing emotes', 'fortnite perfect timing dances', 'fortnite perfect timing moments', 'fortnite perfect timing compilation', 'fortnite perfect timing dance moments', 'timing', 'perfect timing twitch', 'twitch perfect timing', 'perfect timing moments', 'moments of perfect timing', 'perfect timing caught on camera']",17,2026-08-06,8,August,6,Thursday,32,False,16,30,1,"['The', 'verity', 'mod', 'Minecraft', 'assistant', 'hear', 'voice', 'help', '.', 'In', 'video', 'I', 'let', 'viewer', 'communicate', 'rage', 'bait', 'verity', 'soundboard', '.', 'I', 'recorded', 'voice', 'line', 'real', 'time', 'played', 'back', 'verity', 'see', 'could', 'possibly', 'go', 'wrong', '!', 'TWITCH', '!', 'DISCORD', '!', 'BUSINESS', 'INQUIRIES', '-', 'Bushwhack18', '@', 'gmail.com']",The verity mod Minecraft assistant hear voice help . In video I let viewer communicate rage bait verity soundboard . I recorded voice line real time played back verity see could possibly go wrong ! TWITCH ! DISCORD ! BUSINESS INQUIRIES - Bushwhack18 @ gmail.com,1339.0,Long,51,9,339,59,Afternoon,4012,0.03203997385222928,0.003886346744512998,0.03592632059674227,1,0,Medium,Beginning,True,False,Afternoon,Gaming,11.623339191624597,8.182838710766026,6.075346031088684
F9Jjwq7Ywfg,I Took a Park Ranger Job in the Middle of Nowhere..,"Welcome to Uncanny Tales: The Watcher Full Game Walkthrough Gameplay. You are the new reserve caretaker, who came to the Altai wilderness seeking quiet and income. But the picturesque landscapes conceal a dark secret: local residents and reserve workers whisper about unexplained anomalies in the taiga. Authorities dismiss all incidents as accidents, but soon enough, you will realize that peace in this place is merely an illusion. 0:00 Prologue 30:10 Full Game Twitter: Instagram: Facebook: Subscribe: Gaming Headset + Equipment: Logitech G - (Use code HOLLOW for discount) Kontrol Freek: Use code HOLLOW at",2026-08-06 20:11:13+00:00,UCmp5y07YIV6i2jPX4x82hVQ,Hollow,20,"['Uncanny Tales The Watcher', 'Uncanny tales the watcher full game', 'uncanny tales the watcher horror game', 'uncanny tales horror games', 'the watcher horror game', 'horror games', 'scary games', 'scariest games', 'scary horror games', 'indie horror games', 'indie horror gameplay', 'best indie horror game', 'cozy horror games', 'cozy horror game']",PT2H12M25S,hd,false,61883,2597,169,https://twitter.com/HollowPoiint | http://instagram.com/HollowPoiint | https://Facebook.com/HollowPoiint | http://bit.ly/sub2hollowpoiint | https://logi.gg/Hollow | http://kontrolfreek.pro/hKRFoO,6,"['Twitter/X', 'Instagram', 'Facebook', 'Other']",[],0,"Welcome to Uncanny Tales: The Watcher Full Game Walkthrough Gameplay. You are the new reserve caretaker, who came to the Altai wilderness seeking quiet and income. But the picturesque landscapes conceal a dark secret: local residents and reserve workers whisper about unexplained anomalies in the taiga. Authorities dismiss all incidents as accidents, but soon enough, you will realize that peace in this place is merely an illusion. 0:00 Prologue 30:10 Full Game Twitter: Instagram: Facebook: Subscribe: Gaming Headset + Equipment: Logitech G - (Use code HOLLOW for discount) Kontrol Freek: Use code HOLLOW at","['Uncanny Tales The Watcher', 'Uncanny tales the watcher full game', 'uncanny tales the watcher horror game', 'uncanny tales horror games', 'the watcher horror game', 'horror games', 'scary games', 'scariest games', 'scary horror games', 'indie horror games', 'indie horror gameplay', 'best indie horror game', 'cozy horror games', 'cozy horror game']",14,2026-08-06,8,August,6,Thursday,32,False,20,11,13,"['Welcome', 'Uncanny', 'Tales', ':', 'The', 'Watcher', 'Full', 'Game', 'Walkthrough', 'Gameplay', '.', 'You', 'new', 'reserve', 'caretaker', ',', 'came', 'Altai', 'wilderness', 'seeking', 'quiet', 'income', '.', 'But', 'picturesque', 'landscape', 'conceal', 'dark', 'secret', ':', 'local', 'resident', 'reserve', 'worker', 'whisper', 'unexplained', 'anomaly', 'taiga', '.', 'Authorities', 'dismiss', 'incident', 'accident', ',', 'soon', 'enough', ',', 'realize', 'peace', 'place', 'merely', 'illusion', '.', '0:00', 'Prologue', '30:10', 'Full', 'Game', 'Twitter', ':', 'Instagram', ':', 'Facebook', ':', 'Subscribe', ':', 'Gaming', 'Headset', '+', 'Equipment', ':', 'Logitech', 'G', '-', '(', 'Use', 'code', 'HOLLOW', 'discount', ')', 'Kontrol', 'Freek', ':', 'Use', 'code', 'HOLLOW']","Welcome Uncanny Tales : The Watcher Full Game Walkthrough Gameplay . You new reserve caretaker , came Altai wilderness seeking quiet income . But picturesque landscape conceal dark secret : local resident reserve worker whisper unexplained anomaly taiga . Authorities dismiss incident accident , soon enough , realize peace place merely illusion . 0:00 Prologue 30:10 Full Game Twitter : Instagram : Facebook : Subscribe : Gaming Headset + Equipment : Logitech G - ( Use code HOLLOW discount ) Kontrol Freek : Use code HOLLOW",7945.0,Long,51,11,610,94,Evening,2766,0.04196629122699287,0.0027309600374901023,0.04469725126448298,1,0,Low,Beginning,True,False,Evening,Gaming,11.033016943838959,7.862497197230545,5.135798437050262
3Dliafcchag,I Used Infinite Rats to Kill God,"Join me in celebrating Zenless Zone Zero's 2nd anniversary! Make sure to use code ZZZ31REMIELLE for 60 Polychromes and 6,666 Denny (Valid for version 3.1) Make sure to also check out the rewards page: Thanks to Zenless Zone Zero for sponsoring this video. Discord: If you're enjoying my content, consider becoming a channel member/ patron ( to support me on my quest to create the worst gaming content on youtube",2026-08-05 14:47:20+00:00,UCz95kD99JQ8sRez11-COg5g,Reggie,20,"['conquest of elysium 5', 'COE 5', 'reggie', 'reginald II', 'i used rats to kill god', 'skaven', 'COE mods', 'COE warhammer']",PT39M52S,hd,false,766501,51378,2856,https://hoyo.link/ZPWzjiESt | https://hoyo.link/n81xeDB3p | https://discord.gg/vpPYy6sWS | https://www.patreon.com/ReginaldGames),4,"['Other', 'Discord']","['#zzzero', '#zenlesszonezero', '#ZZZ2ndANNI']",3,"Join me in celebrating Zenless Zone Zero's 2nd anniversary! Make sure to use code ZZZ31REMIELLE for 60 Polychromes and 6,666 Denny (Valid for version 3.1) Make sure to also check out the rewards page: Thanks to Zenless Zone Zero for sponsoring this video. Discord: If you're enjoying my content, consider becoming a channel member/ patron ( to support me on my quest to create the worst gaming content on youtube","['conquest of elysium 5', 'COE 5', 'reggie', 'reginald II', 'i used rats to kill god', 'skaven', 'COE mods', 'COE warhammer']",8,2026-08-05,8,August,5,Wednesday,32,False,14,47,20,"['Join', 'celebrating', 'Zenless', 'Zone', 'Zero', ""'s"", '2nd', 'anniversary', '!', 'Make', 'sure', 'use', 'code', 'ZZZ31REMIELLE', '60', 'Polychromes', '6,666', 'Denny', '(', 'Valid', 'version', '3.1', ')', 'Make', 'sure', 'also', 'check', 'reward', 'page', ':', 'Thanks', 'Zenless', 'Zone', 'Zero', 'sponsoring', 'video', '.', 'Discord', ':', 'If', ""'re"", 'enjoying', 'content', ',', 'consider', 'becoming', 'channel', 'member/', 'patron', '(', 'support', 'quest', 'create', 'worst', 'gaming', 'content', 'youtube']","Join celebrating Zenless Zone Zero 's 2nd anniversary ! Make sure use code ZZZ31REMIELLE 60 Polychromes 6,666 Denny ( Valid version 3.1 ) Make sure also check reward page : Thanks Zenless Zone Zero sponsoring video . Discord : If 're enjoying content , consider becoming channel member/ patron ( support quest create worst gaming content youtube",2392.0,Long,32,7,412,70,Afternoon,54234,0.06702926675894748,0.003726022536174121,0.07075528929512159,1,0,Very High,Beginning,True,False,Afternoon,Gaming,13.549592586553485,10.84698480764847,7.957527402230773
Xaskbs4Dd1S,playing the are you smarter than a 5th grader wii game from 2009,want to watch the next video LIVE? » FOLLOW ME ON TWITCH Thanks for watching! » SUBSCRIBE FOR MORE VIDEOS __ Website Main Channel Twitter Instagram Facebook Twitch TikTok Spotify playing the are you smarter than a 5th grader wii game from 2009 Jenn McAllister / jennxpenn,2026-08-06 21:45:09+00:00,UCXDb7USogA0cr9nFsHcqtjw,jenn,20,"['jenn', 'mcallister', 'jennxpenn', 'jennxpenngames', 'jennxpenn2', 'vlog', 'vlogging', 'live', 'shows', 'show', 'streaming', 'stream', 'broadcasting', 'broadcast', 'twitch', 'VOD', 'livestream', 'live-streaming', 'live stream', 'wii game', 'wii', 'playing', 'play', 'game', 'gaming', 'gameplay', 'playthrough', 'tv show', 'tv', 'television', 'television show', 'nintendo', 'nintendo wii', 'funny', 'hilarious', 'cursed', 'strange', 'weird', 'playing the are you smarter than a 5th grader wii game from 2009', '2009', 'are you smarter than a 5th grader', '5th grader', 'fifth', 'grader', 'trivia', 'smarter', 'game time']",PT36M31S,hd,false,55153,4234,618,http://www.twitch.tv/jennmcallister | https://bit.ly/3epajJS | http://www.jennxpenn.com/ | http://www.youtube.com/jennxpenn | http://www.twitter.com/jennmcallister | http://www.instagram.com/jennmcallister | http://www.facebook.com/jennmcallister | http://www.twitch.tv/jennmcallister | https://www.tiktok.com/@jennmcallister | http://www.sptfy.com/jennmcallister | https://youtu.be/XaSkBS4dD1s | http://www.youtube.com/jenn,12,"['Twitch', 'Other', 'YouTube', 'Twitter/X', 'Instagram', 'Facebook', 'TikTok']",[],0,want to watch the next video LIVE? » FOLLOW ME ON TWITCH Thanks for watching! » SUBSCRIBE FOR MORE VIDEOS __ Website Main Channel Twitter Instagram Facebook Twitch TikTok Spotify playing the are you smarter than a 5th grader wii game from 2009 Jenn McAllister / jennxpenn,"['jenn', 'mcallister', 'jennxpenn', 'jennxpenngames', 'jennxpenn2', 'vlog', 'vlogging', 'live', 'shows', 'show', 'streaming', 'stream', 'broadcasting', 'broadcast', 'twitch', 'VOD', 'livestream', 'live-streaming', 'live stream', 'wii game', 'wii', 'playing', 'play', 'game', 'gaming', 'gameplay', 'playthrough', 'tv show', 'tv', 'television', 'television show', 'nintendo', 'nintendo wii', 'funny', 'hilarious', 'cursed', 'strange', 'weird', 'playing the are you smarter than a 5th grader wii game from 2009', '2009', 'are you smarter than a 5th grader', '5th grader', 'fifth', 'grader', 'trivia', 'smarter', 'game time']",47,2026-08-06,8,August,6,Thursday,32,False,21,45,9,"['want', 'watch', 'next', 'video', 'LIVE', '?', '»', 'FOLLOW', 'ME', 'ON', 'TWITCH', 'Thanks', 'watching', '!', '»', 'SUBSCRIBE', 'FOR', 'MORE', 'VIDEOS', '__', 'Website', 'Main', 'Channel', 'Twitter', 'Instagram', 'Facebook', 'Twitch', 'TikTok', 'Spotify', 'playing', 'smarter', '5th', 'grader', 'wii', 'game', '2009', 'Jenn', 'McAllister', '/', 'jennxpenn']",want watch next video LIVE ? » FOLLOW ME ON TWITCH Thanks watching ! » SUBSCRIBE FOR MORE VIDEOS __ Website Main Channel Twitter Instagram Facebook Twitch TikTok Spotify playing smarter 5th grader wii game 2009 Jenn McAllister / jennxpenn,2191.0,Long,64,13,271,47,Evening,4852,0.07676826283248418,0.01120519282722608,0.08797345565971026,1,0,Low,Beginning,True,False,Evening,Gaming,10.91788455151661,8.351138607086154,6.428105272684596
Coi0Vl3Ludi,Choose Your Starter Playing I SPY!,"Use code SHADYFB50 to get 50% OFF your first Factor box plus free breakfast for 1 year at We've randomized our starters in Pokemon Scarlet and Violet BUT we're not going to be simply choosing them! Instead, each round we'll be given three random Pokemon and five random abilities. We'll have to assign each ability to one of the Pokemon, and then our friend will have to SPY and guess which starter we've chosen. If they get it right, they get to choose our starter for us! After seven rounds, we'll build the teams we can and have a best of three set of Pokemon battles! Featuring @Patterrz Thumbnail by: Edited by: @KingCorphish YouTube: ​⁠ Twitter: Discord:",2026-08-06 16:13:48+00:00,UCU_mC__7H8NBJzX8ubMGY4Q,shadypenguinn,20,[],PT1H26M22S,hd,false,77513,3819,306,https://bit.ly/4lj6IxQ! | https://x.com/HoodieCrow_ | http://YouTube.com/shadypenguinn | http://twitter.com/shadypenguinn | http://discord.gg/shadypeople,5,"['Other', 'Twitter/X', 'YouTube', 'Discord']","['#pokemon', '#pokemonchallenge', '#starterpokemon', '#bestmattress', '#HelixSleep', '#mattressquiz']",6,"Use code SHADYFB50 to get 50% OFF your first Factor box plus free breakfast for 1 year at We've randomized our starters in Pokemon Scarlet and Violet BUT we're not going to be simply choosing them! Instead, each round we'll be given three random Pokemon and five random abilities. We'll have to assign each ability to one of the Pokemon, and then our friend will have to SPY and guess which starter we've chosen. If they get it right, they get to choose our starter for us! After seven rounds, we'll build the teams we can and have a best of three set of Pokemon battles! Featuring @Patterrz Thumbnail by: Edited by: @KingCorphish ►YouTube: ​⁠ ►Twitter: ►Discord:",[],0,2026-08-06,8,August,6,Thursday,32,False,16,13,48,"['Use', 'code', 'SHADYFB50', 'get', '50', '%', 'OFF', 'first', 'Factor', 'box', 'plus', 'free', 'breakfast', '1', 'year', 'We', ""'ve"", 'randomized', 'starter', 'Pokemon', 'Scarlet', 'Violet', 'BUT', ""'re"", 'going', 'simply', 'choosing', '!', 'Instead', ',', 'round', ""'ll"", 'given', 'three', 'random', 'Pokemon', 'five', 'random', 'ability', '.', 'We', ""'ll"", 'assign', 'ability', 'one', 'Pokemon', ',', 'friend', 'SPY', 'guess', 'starter', ""'ve"", 'chosen', '.', 'If', 'get', 'right', ',', 'get', 'choose', 'starter', 'u', '!', 'After', 'seven', 'round', ',', ""'ll"", 'build', 'team', 'best', 'three', 'set', 'Pokemon', 'battle', '!', 'Featuring', '@', 'Patterrz', 'Thumbnail', ':', 'Edited', ':', '@', 'KingCorphish', 'YouTube', ':', '\u200b\u2060', 'Twitter', ':', 'Discord', ':']","Use code SHADYFB50 get 50 % OFF first Factor box plus free breakfast 1 year We 've randomized starter Pokemon Scarlet Violet BUT 're going simply choosing ! Instead , round 'll given three random Pokemon five random ability . We 'll assign ability one Pokemon , friend SPY guess starter 've chosen . If get right , get choose starter u ! After seven round , 'll build team best three set Pokemon battle ! Featuring @ Patterrz Thumbnail : Edited : @ KingCorphish YouTube : ​⁠ Twitter : Discord :",5182.0,Long,34,6,660,117,Afternoon,4125,0.04926915485144427,0.0039477248977590855,0.05321687974920336,1,0,Medium,Beginning,True,False,Afternoon,Gaming,11.258213844188356,8.24800570160062,5.726847747587197
F2Zuy-0J_3E,EG SUDOWOODO | NRG vs ENVY - VCT Americas Stage 2 #VCTWatchparty | !socials !decision !vote,"Be sure to give the video a LIKE and SUBSCRIBE if you enjoyed yourself watching it! To stay updated, hit the notification bell and get an alert for every upload! Watch me live at and be sure to drop a follow with notifications to catch when I go live! Follow my socials here! Twitter: Instagram: Editor: Tamura Editor/Manager: Aiden Thank you for watching!! All music used in this video is not OWNED by me and should be given credited to their rightful owners",2026-08-07 01:23:31+00:00,UC0l4egqFkC7XQvZFW1qajPg,FNS,20,[],PT4H22M49S,hd,false,131705,1604,9,https://www.twitch.tv/GOFNS | https://twitter.com/FNS | https://www.instagram.com/pujmehta/ | https://x.com/generaltamura6 | https://www.youtube.com/@Tamura666/videos | https://twitter.com/aidensphan | https://www.youtube.com/c/AsianAiden,7,"['Twitch', 'Twitter/X', 'Instagram', 'YouTube']",['#Valorant'],1,"Be sure to give the video a 👍🏽 LIKE and SUBSCRIBE ❤️ if you enjoyed yourself watching it! To stay updated, hit the notification bell 🛎 and get an alert for every upload! 🔴 Watch me live at and be sure to drop a follow with notifications to catch when I go live! ➡️ Follow my socials here! 🐦 Twitter: 📸 Instagram: Editor: Tamura Editor/Manager: Aiden Thank you for watching!! 🎉 All music used in this video is not OWNED by me and should be given credited to their rightful owners",[],0,2026-08-07,8,August,7,Friday,32,False,1,23,31,"['Be', 'sure', 'give', 'video', 'LIKE', 'SUBSCRIBE', 'enjoyed', 'watching', '!', 'To', 'stay', 'updated', ',', 'hit', 'notification', 'bell', 'get', 'alert', 'every', 'upload', '!', 'Watch', 'live', 'sure', 'drop', 'follow', 'notification', 'catch', 'I', 'go', 'live', '!', 'Follow', 'social', '!', 'Twitter', ':', 'Instagram', ':', 'Editor', ':', 'Tamura', 'Editor/Manager', ':', 'Aiden', 'Thank', 'watching', '!', '!', 'All', 'music', 'used', 'video', 'OWNED', 'given', 'credited', 'rightful', 'owner']","Be sure give video LIKE SUBSCRIBE enjoyed watching ! To stay updated , hit notification bell get alert every upload ! Watch live sure drop follow notification catch I go live ! Follow social ! Twitter : Instagram : Editor : Tamura Editor/Manager : Aiden Thank watching ! ! All music used video OWNED given credited rightful owner",15769.0,Long,91,16,459,83,Night,1613,0.012178732774002506,6.833453551497666e-05,0.012247067309517481,1,0,High,Beginning,True,False,Late Night,Gaming,11.788327444780194,7.380879035564116,2.302585092994046
Jjhndnhia5Y,SIDEMEN MECCHA CHAMELEON: SNITCH ROLE,Watch Side+ FREE with 3-Day Free Trial: : Order food NOW at: : XIX Vodka: : Subscribe to our Reacts Channel: : Sidemen Clothing: : Sidemen Instagram: : Sidemen Twitter: Hot House Games: SIDEMEN JOSH (Zerkaa) HARRY (W2S) VIK (Vikkstar123) TOBI (Tobjizzle) ETHAN (Behzinga) SIMON (Miniminter),2026-08-05 17:59:41+00:00,UCh5mLn90vUaB1PbRRx_AiaA,MoreSidemen,24,"['sidemen', 'moresidemen', 'miniminter', 'zerkaa', 'behzinga', 'tbjzl', 'vikkstar', 'wroetoshaw']",PT24M59S,hd,false,1371856,49735,1068,https://SidePlus.com | https://www.eatsides.com/ | https://www.xixvodka.com/ | https://www.youtube.com/SidemenReacts | https://www.sidemenclothing.com | http://www.instagram.com/Sidemen | http://www.twitter.com/Sidemen | https://www.hothousegames.com/ | http://www.youtube.com/Zerkaa | http://www.youtube.com/ZerkaaPlays | http://www.instagram.com/Zerkaa | http://www.twitter.com/ZerkaaHD | http://www.youtube.com/W2S | http://www.youtube.com/W2SPlays | http://www.instagram.com/Wroetoshaw | http://www.twitter.com/Wroetoshaw | http://www.youtube.com/Vikkstar123 | http://www.youtube.com/Vikkstar123HD | http://www.youtube.com/VikkstarPlays | https://www.instagram.com/vikkstar | http://www.twitter.com/Vikkstar123 | http://www.youtube.com/TBJZL | http://www.youtube.com/Editingaming | http://www.instagram.com/Tobjizzle | http://www.twitter.com/Tobjizzle | http://www.youtube.com/Behzinga | http://www.youtube.com/Beh2inga | http://www.instagram.com/Behzingagram | http://www.twitter.com/Behzinga | http://www.youtube.com/Miniminter | http://www.youtube.com/MM7Games | http://www.instagram.com/Miniminter | http://www.twitter.com/Miniminter,33,"['Other', 'YouTube', 'Instagram', 'Twitter/X']",[],0,🎥 Watch Side+ FREE with 3-Day Free Trial: 🍗: Order food NOW at: 🍹: XIX Vodka: 👉🏻: Subscribe to our Reacts Channel: 👈🏻 👕: Sidemen Clothing: 📸: Sidemen Instagram: 🐤: Sidemen Twitter: 🃏Hot House Games: ▶️ SIDEMEN ◀️ 🔵 JOSH (Zerkaa) ● ● ● ● 🔴 HARRY (W2S) ● ● ● ● 🔵 VIK (Vikkstar123) ● ● ● ● ● 🔵 TOBI (Tobjizzle) ● ● ● ● 🔴 ETHAN (Behzinga) ● ● ● ● 🔵 SIMON (Miniminter) ● ● ● ●,"['sidemen', 'moresidemen', 'miniminter', 'zerkaa', 'behzinga', 'tbjzl', 'vikkstar', 'wroetoshaw']",8,2026-08-05,8,August,5,Wednesday,32,False,17,59,41,"['Watch', 'Side+', 'FREE', '3-Day', 'Free', 'Trial', ':', ':', 'Order', 'food', 'NOW', ':', ':', 'XIX', 'Vodka', ':', ':', 'Subscribe', 'Reacts', 'Channel', ':', ':', 'Sidemen', 'Clothing', ':', ':', 'Sidemen', 'Instagram', ':', ':', 'Sidemen', 'Twitter', ':', 'Hot', 'House', 'Games', ':', 'SIDEMEN', 'JOSH', '(', 'Zerkaa', ')', 'HARRY', '(', 'W2S', ')', 'VIK', '(', 'Vikkstar123', ')', 'TOBI', '(', 'Tobjizzle', ')', 'ETHAN', '(', 'Behzinga', ')', 'SIMON', '(', 'Miniminter', ')']",Watch Side+ FREE 3-Day Free Trial : : Order food NOW : : XIX Vodka : : Subscribe Reacts Channel : : Sidemen Clothing : : Sidemen Instagram : : Sidemen Twitter : Hot House Games : SIDEMEN JOSH ( Zerkaa ) HARRY ( W2S ) VIK ( Vikkstar123 ) TOBI ( Tobjizzle ) ETHAN ( Behzinga ) SIMON ( Miniminter ),1499.0,Long,37,5,290,46,Afternoon,50803,0.03625380506408836,0.0007785073652045113,0.03703231242929287,1,0,Very High,Beginning,False,False,Afternoon,Entertainment,14.131675854430666,10.814484295949173,6.974478911025045
Nogfqvuxcvg,100% Speedrunning Scale The Depths is Brutal,"Today we're 100% speedrun Scale The Depths which means collecting every fish, getting every upgrade, finding every collectible, and serving every customer. This speedrun is brutal with all these requirements, but we get to fish so it's okay Check out the game here: Check out the new merch: My 2nd channel (WEEKLY UPLOADS): Edited by: @TheSuitedBird Watch the world record speedrun here: this video My channel generally focuses on a more casual side of speedruns. With these videos I want to show off cool speedruns, explain how they work, and entertain. Hopefully you enjoy the content and maybe even take up speedrunning yourself, because it is truly a lot of fun!",2026-08-05 22:00:38+00:00,UCQSEAbOs6vsJfy7WN7iYaGQ,EazySpeezy,20,"['EazySpeezy', 'scale the depths', 'speedrun', 'speed run', 'scale the depths speedrun', 'scale the depths speed run', '100%', 'scale the depths 100%', '100% speedrun', 'scale the depths 100% speedrun', 'fishing game']",PT1H12M59S,hd,false,380720,9735,296,https://store.steampowered.com/app/3198890/Scale_the_Depths/ | https://eazyspeezy.com | https://www.youtube.com/eaziestspeezy,3,"['Steam', 'Other', 'YouTube']","['#EazySpeezy', '#ScaleTheDepths', '#Speedrun']",3,"Today we're 100% speedrun Scale The Depths which means collecting every fish, getting every upgrade, finding every collectible, and serving every customer. This speedrun is brutal with all these requirements, but we get to fish so it's okay Check out the game here: Check out the new merch: My 2nd channel (WEEKLY UPLOADS): Edited by: @TheSuitedBird Watch the world record speedrun here: this video My channel generally focuses on a more casual side of speedruns. With these videos I want to show off cool speedruns, explain how they work, and entertain. Hopefully you enjoy the content and maybe even take up speedrunning yourself, because it is truly a lot of fun!","['EazySpeezy', 'scale the depths', 'speedrun', 'speed run', 'scale the depths speedrun', 'scale the depths speed run', '100%', 'scale the depths 100%', '100% speedrun', 'scale the depths 100% speedrun', 'fishing game']",11,2026-08-05,8,August,5,Wednesday,32,False,22,0,38,"['Today', ""'re"", '100', '%', 'speedrun', 'Scale', 'The', 'Depths', 'mean', 'collecting', 'every', 'fish', ',', 'getting', 'every', 'upgrade', ',', 'finding', 'every', 'collectible', ',', 'serving', 'every', 'customer', '.', 'This', 'speedrun', 'brutal', 'requirement', ',', 'get', 'fish', ""'s"", 'okay', 'Check', 'game', ':', 'Check', 'new', 'merch', ':', 'My', '2nd', 'channel', '(', 'WEEKLY', 'UPLOADS', ')', ':', 'Edited', ':', '@', 'TheSuitedBird', 'Watch', 'world', 'record', 'speedrun', ':', 'video', 'My', 'channel', 'generally', 'focus', 'casual', 'side', 'speedruns', '.', 'With', 'video', 'I', 'want', 'show', 'cool', 'speedruns', ',', 'explain', 'work', ',', 'entertain', '.', 'Hopefully', 'enjoy', 'content', 'maybe', 'even', 'take', 'speedrunning', ',', 'truly', 'lot', 'fun', '!']","Today 're 100 % speedrun Scale The Depths mean collecting every fish , getting every upgrade , finding every collectible , serving every customer . This speedrun brutal requirement , get fish 's okay Check game : Check new merch : My 2nd channel ( WEEKLY UPLOADS ) : Edited : @ TheSuitedBird Watch world record speedrun : video My channel generally focus casual side speedruns . With video I want show cool speedruns , explain work , entertain . Hopefully enjoy content maybe even take speedrunning , truly lot fun !",4379.0,Long,44,7,666,111,Evening,10031,0.025569972683336835,0.0007774742592981719,0.02634744694263501,1,0,Very High,Beginning,True,False,Night,Gaming,12.84982210239377,9.183585634667363,5.6937321388027
4Rmbkgqjkuo,GUESS THE NBA JUMPSHOT TO GO 82-0 ,Small Ball With Kenny Beecham Spotify Link: Apple Podcast Link: My Other Channels: KennyToo: Kenny For Real: KOT4Q: Kenny 13aseball: NOTB: Subscribe to my newsletter: Subscribe here! Twitter: Instagram: SnapChat: Beechamm Twitch: twitch.tv/KOT4Q,2026-08-06 21:52:14+00:00,UCu9sYmfPNydPJFqLLTdmxvA,KOT4Q,20,"['king of the fourth quarter', 'kot4q nba', 'kot4q no money spent', 'kot4q rebuild', 'basketball', 'bball', 'kot4q', 'nba rebuild', 'rebuild', 'rebuilding challenge', 'nba 2k23', 'nba 2k23 rebuild', 'nba 2k23 challenge', 'nba 2k23 myeras', 'nba 2k24', 'nba 2k24 rebuild']",PT28M17S,hd,false,57873,2495,80,https://enjoybball.com/collections/spring-2-0 | https://www.youtube.com/@SmallBallPod | https://rb.gy/py5oj | https://rb.gy/lwi9n | https://bit.ly/3FOgQvO | https://bit.ly/3gzL7m0 | https://bit.ly/2WuhewL | https://bit.ly/3mzUohZ | https://shorturl.at/uxHMZ | https://enjoybasketball.beehiiv.com/ | http://bit.ly/kot4qsub | https://twitter.com/KOT4Q | https://www.instagram.com/kennybeecham_/,13,"['Other', 'YouTube', 'Twitter/X', 'Instagram']",[],0,Small Ball With Kenny Beecham Spotify Link: Apple Podcast Link: My Other Channels: KennyToo: Kenny For Real: KOT4Q: Kenny 13aseball: NOTB: Subscribe to my newsletter: Subscribe here! Twitter: Instagram: SnapChat: Beechamm Twitch: twitch.tv/KOT4Q,"['king of the fourth quarter', 'kot4q nba', 'kot4q no money spent', 'kot4q rebuild', 'basketball', 'bball', 'kot4q', 'nba rebuild', 'rebuild', 'rebuilding challenge', 'nba 2k23', 'nba 2k23 rebuild', 'nba 2k23 challenge', 'nba 2k23 myeras', 'nba 2k24', 'nba 2k24 rebuild']",16,2026-08-06,8,August,6,Thursday,32,False,21,52,14,"['Small', 'Ball', 'With', 'Kenny', 'Beecham', 'Spotify', 'Link', ':', 'Apple', 'Podcast', 'Link', ':', 'My', 'Other', 'Channels', ':', 'KennyToo', ':', 'Kenny', 'For', 'Real', ':', 'KOT4Q', ':', 'Kenny', '13aseball', ':', 'NOTB', ':', 'Subscribe', 'newsletter', ':', 'Subscribe', '!', 'Twitter', ':', 'Instagram', ':', 'SnapChat', ':', 'Beechamm', 'Twitch', ':', 'twitch.tv/KOT4Q']",Small Ball With Kenny Beecham Spotify Link : Apple Podcast Link : My Other Channels : KennyToo : Kenny For Real : KOT4Q : Kenny 13aseball : NOTB : Subscribe newsletter : Subscribe ! Twitter : Instagram : SnapChat : Beechamm Twitch : twitch.tv/KOT4Q,1697.0,Long,34,7,245,33,Evening,2575,0.04311164100703264,0.001382337186598241,0.04449397819363088,1,0,Low,Beginning,True,False,Evening,Gaming,10.966023512621547,7.822444729489319,4.394449154672439
Lq6Dud5G-Gm,I Played MM2 in VR... (Roblox),"SOCIALS: Instagram: TikTok: Discord: Roblox Group: OTHER CHANNELS: Second Channel: Reaction Channel: Niz & Rex: IRL Channel: Clips Channel: Movies Channel: Join the ""Cutie Verse"" to get access to perks:",2026-08-06 16:18:20+00:00,UCVhGR9TU1vfvHXl73uaEiEQ,Nizarisaqt,20,[],PT15M50S,hd,false,123199,2613,566,https://www.instagram.com/nizarisaqt/?next=%2F | https://www.tiktok.com/@nizarisaqt | https://discord.gg/fERrJKRShp | https://www.roblox.com/share/g/665957595 | https://www.youtube.com/@MoreNizarisaqt | https://www.youtube.com/@Nizreacts | https://www.youtube.com/@NizXRex | https://www.youtube.com/@NizarisaqtIRL | https://www.youtube.com/@NizarisaqtClips | https://www.youtube.com/@NizarisaqtTV | https://www.youtube.com/channel/UCVhGR9TU1vfvHXl73uaEiEQ/join,11,"['Instagram', 'TikTok', 'Discord', 'Twitter/X', 'YouTube']",[],0,"*SOCIALS:* Instagram: TikTok: Discord: Roblox Group: *OTHER CHANNELS:* Second Channel: Reaction Channel: Niz & Rex: IRL Channel: Clips Channel: Movies Channel: Join the ""Cutie Verse"" to get access to perks:",[],0,2026-08-06,8,August,6,Thursday,32,False,16,18,20,"['SOCIALS', ':', 'Instagram', ':', 'TikTok', ':', 'Discord', ':', 'Roblox', 'Group', ':', 'OTHER', 'CHANNELS', ':', 'Second', 'Channel', ':', 'Reaction', 'Channel', ':', 'Niz', '&', 'Rex', ':', 'IRL', 'Channel', ':', 'Clips', 'Channel', ':', 'Movies', 'Channel', ':', 'Join', '``', 'Cutie', 'Verse', ""''"", 'get', 'access', 'perk', ':']",SOCIALS : Instagram : TikTok : Discord : Roblox Group : OTHER CHANNELS : Second Channel : Reaction Channel : Niz & Rex : IRL Channel : Clips Channel : Movies Channel : Join `` Cutie Verse '' get access perk :,950.0,Long,30,6,202,30,Afternoon,3179,0.02120958774016023,0.004594193134684535,0.025803780874844764,1,0,Medium,Beginning,True,False,Afternoon,Gaming,11.721564330081556,7.868636894184167,6.340359303727752
Lejphvf5Zcu,DON’T GO IN THE SEWERS,"Official MERCH!! - My Twitch My Instagram My Twitter Like me on Facebook BECOME A MEMBER and SUPPORT the today!! (Users of iOS and other unsupported devices can use this link to become members) If you’re reading the description, this is Berleezy's official gaming channel! Subscribe for gaming, horror let’s play videos and fire ass content every week!",2026-08-05 20:37:34+00:00,UCp1VWSTrt2cUBInkn4dUmDA,berleezy,20,"['Berleezy', 'iBerleezy', 'Gameplay', 'Walkthrough', 'Lets Play', 'Comedy', 'Commentary', 'Hilarious']",PT53M57S,hd,false,244245,16650,1124,https://www.eezygang.com | https://www.twitch.tv/berleezy | https://www.instagram.com/berleezy | https://twitter.com/berleezy | https://www.facebook.com/berleezy | https://www.youtube.com/channel/UCp1VWSTrt2cUBInkn4dUmDA/join,6,"['Other', 'Twitch', 'Instagram', 'Twitter/X', 'Facebook', 'YouTube']","['#EEZYGANG', '#EEZYGANG']",2,"Official MERCH!! - My Twitch ► My Instagram ► My Twitter ► Like me on Facebook ► BECOME A MEMBER and SUPPORT the today!! (Users of iOS and other unsupported devices can use this link to become members) If you’re reading the description, this is Berleezy's official gaming channel! Subscribe for gaming, horror let’s play videos and fire ass content every week!","['Berleezy', 'iBerleezy', 'Gameplay', 'Walkthrough', 'Lets Play', 'Comedy', 'Commentary', 'Hilarious']",8,2026-08-05,8,August,5,Wednesday,32,False,20,37,34,"['Official', 'MERCH', '!', '!', '-', 'My', 'Twitch', 'My', 'Instagram', 'My', 'Twitter', 'Like', 'Facebook', 'BECOME', 'A', 'MEMBER', 'SUPPORT', 'today', '!', '!', '(', 'Users', 'iOS', 'unsupported', 'device', 'use', 'link', 'become', 'member', ')', 'If', '’', 'reading', 'description', ',', 'Berleezy', ""'s"", 'official', 'gaming', 'channel', '!', 'Subscribe', 'gaming', ',', 'horror', 'let', '’', 'play', 'video', 'fire', 'as', 'content', 'every', 'week', '!']","Official MERCH ! ! - My Twitch My Instagram My Twitter Like Facebook BECOME A MEMBER SUPPORT today ! ! ( Users iOS unsupported device use link become member ) If ’ reading description , Berleezy 's official gaming channel ! Subscribe gaming , horror let ’ play video fire as content every week !",3237.0,Long,22,5,352,58,Evening,17774,0.06816925627955536,0.004601936580073287,0.07277119285962866,1,0,High,Beginning,True,False,Evening,Gaming,12.405931193107675,9.720225553665117,7.025538314638521
1Vvv6W9Gft8,"I downloaded some Desktop Helpers, but there's something VERY wrong with them..","Welcome to a game called My Helpers. This is a unique game that gives me vibes to Kinito Pet. We download some virtual assistants for our desktop, but something seems terribly wrong with them. 2nd Channel: Twitch: Check out my Instagram - Follow me on Twitter - Game 1: Game 2: Music: Myuu: Kevin Macleod: 0:00 Intro 1:21 My Helpers 21:35 Late Pizza Delivery",2026-08-06 18:00:20+00:00,UCx8vbgWs666cAS7wsKos5sA,8-BitRyan,20,"['8bitryan', '8-bitryan', '8 bitryan', 'my helpers', 'my helpers game', 'horror game', 'indie horror game', 'new horror game', '8 bitryan horror']",PT32M50S,hd,false,81073,4587,193,https://www.youtube.com/channel/UC6LSW-L7wOFb7i562dOElBA | https://www.twitch.tv/iam8bitryan | https://www.instagram.com/8bitryan/?hl=en | https://twitter.com/IAm8BitRyan | https://store.steampowered.com/app/4002600/My_Helpers/ | https://bubu07.itch.io/late-pizza-delivery | http://youtube.com/myuuji | http://incompetech.com/wordpress/,8,"['YouTube', 'Twitch', 'Instagram', 'Twitter/X', 'Steam', 'Other']",[],0,"Welcome to a game called My Helpers. This is a unique game that gives me vibes to Kinito Pet. We download some virtual assistants for our desktop, but something seems terribly wrong with them. 2nd Channel: Twitch: Check out my Instagram - Follow me on Twitter - Game 1: Game 2: Music: Myuu: Kevin Macleod: 0:00 Intro 1:21 My Helpers 21:35 Late Pizza Delivery","['8bitryan', '8-bitryan', '8 bitryan', 'my helpers', 'my helpers game', 'horror game', 'indie horror game', 'new horror game', '8 bitryan horror']",9,2026-08-06,8,August,6,Thursday,32,False,18,0,20,"['Welcome', 'game', 'called', 'My', 'Helpers', '.', 'This', 'unique', 'game', 'give', 'vibe', 'Kinito', 'Pet', '.', 'We', 'download', 'virtual', 'assistant', 'desktop', ',', 'something', 'seems', 'terribly', 'wrong', '.', '2nd', 'Channel', ':', 'Twitch', ':', 'Check', 'Instagram', '-', 'Follow', 'Twitter', '-', 'Game', '1', ':', 'Game', '2', ':', 'Music', ':', 'Myuu', ':', 'Kevin', 'Macleod', ':', '0:00', 'Intro', '1:21', 'My', 'Helpers', '21:35', 'Late', 'Pizza', 'Delivery']","Welcome game called My Helpers . This unique game give vibe Kinito Pet . We download virtual assistant desktop , something seems terribly wrong . 2nd Channel : Twitch : Check Instagram - Follow Twitter - Game 1 : Game 2 : Music : Myuu : Kevin Macleod : 0:00 Intro 1:21 My Helpers 21:35 Late Pizza Delivery",1970.0,Long,79,12,358,64,Afternoon,4780,0.0565786390043541,0.002380570596869488,0.05895920960122359,1,0,Medium,Beginning,True,False,Evening,Gaming,11.303117596841048,8.431199478249262,5.267858159063328
Uvmayejykyg,GEARS OF WAR: E-DAY IS FINALLY HERE! 🔥,BECOME A MEMBER OF THE STREAM - DONATE - 🤝 BUSINESS INQUIRIES - nickmercs@paradigmsports.com CHANNELS Twitch Live More Nickmercs | GET CONNECTED Website | TikTok | Twitter | Instagram | Discord | Shoutout To Our Partners 1st Phorm | PowerGPU | GameSir | (Use code MFAM for 8% off your order!) MyBookie | (USE CODE MFAM!),2026-08-07 01:15:35+00:00,UCDvm7YoLE5r3ZZ6MWyD2vGQ,NICKMERCS,20,"['nickmercs', 'nickmercs reacts', 'warzone', 'nickmercs timthetatman warzone update', 'nickmercs skin', 'nickmercs live', 'live nickmercs', 'nickmercs stream', 'live', 'timthetatman', 'nickmercs timthetatman', 'arc raiders', 'arc raiders gameplay', 'arc raiders new', 'arc raiders trailer', 'arc raiders release', 'arc raiders best', 'arc raiders tips', 'arc raiders secrets', 'arc raiders best guns', 'arc raiders live']",PT11H55M,hd,false,144306,2192,27,https://www.youtube.com/TheRealNICKMERCS/join | https://streamelements.com/nickmercs/tip | https://www.twitch.tv/nickmercs | https://youtube.com/morenickmercs | https://mfam.gg | https://www.tiktok.com/@nickmercs | https://www.Twitter.com/Nickmercs | https://www.Instagram.com/Nickmercs | https://discord.gg/Nickmercs | https://1stphorm.sjv.io/MFAM | https://powergpu.com/ | https://gamesir.com/MFAM | https://bit.ly/4dzndWd,13,"['YouTube', 'Other', 'Twitch', 'TikTok', 'Twitter/X', 'Instagram', 'Discord']",['#apexlegends'],1,💥 BECOME A MEMBER OF THE STREAM - 💰 DONATE - 🤝 BUSINESS INQUIRIES - nickmercs@paradigmsports.com 🔥 CHANNELS 🔥 🎬 Twitch Live 🎬 More Nickmercs | ▶️ GET CONNECTED ▶️ 🖥️ Website | 📱 TikTok | 🐥 Twitter | 📸 Instagram | 📩 Discord | 💥 Shoutout To Our Partners 💥 1st Phorm | PowerGPU | GameSir | (Use code MFAM for 8% off your order!) MyBookie | (USE CODE MFAM!),"['nickmercs', 'nickmercs reacts', 'warzone', 'nickmercs timthetatman warzone update', 'nickmercs skin', 'nickmercs live', 'live nickmercs', 'nickmercs stream', 'live', 'timthetatman', 'nickmercs timthetatman', 'arc raiders', 'arc raiders gameplay', 'arc raiders new', 'arc raiders trailer', 'arc raiders release', 'arc raiders best', 'arc raiders tips', 'arc raiders secrets', 'arc raiders best guns', 'arc raiders live']",21,2026-08-07,8,August,7,Friday,32,False,1,15,35,"['BECOME', 'A', 'MEMBER', 'OF', 'THE', 'STREAM', '-', 'DONATE', '-', '🤝', 'BUSINESS', 'INQUIRIES', '-', 'nickmercs', '@', 'paradigmsports.com', 'CHANNELS', 'Twitch', 'Live', 'More', 'Nickmercs', '|', 'GET', 'CONNECTED', 'Website', '|', 'TikTok', '|', 'Twitter', '|', 'Instagram', '|', 'Discord', '|', 'Shoutout', 'To', 'Our', 'Partners', '1st', 'Phorm', '|', 'PowerGPU', '|', 'GameSir', '|', '(', 'Use', 'code', 'MFAM', '8', '%', 'order', '!', ')', 'MyBookie', '|', '(', 'USE', 'CODE', 'MFAM', '!', ')']",BECOME A MEMBER OF THE STREAM - DONATE - 🤝 BUSINESS INQUIRIES - nickmercs @ paradigmsports.com CHANNELS Twitch Live More Nickmercs | GET CONNECTED Website | TikTok | Twitter | Instagram | Discord | Shoutout To Our Partners 1st Phorm | PowerGPU | GameSir | ( Use code MFAM 8 % order ! ) MyBookie | ( USE CODE MFAM ! ),42900.0,Long,38,8,320,56,Night,2219,0.015189943592089033,0.00018710240738430833,0.015377045999473342,1,0,High,Beginning,True,False,Late Night,Gaming,11.879698253633897,7.693025748417888,3.332204510175204
Zqkyha4L0Uw,IM SELLING FILIPINO STREET FOOD BUT A GHOST KEEPS HAUNTING ME CUZ SHE KNOWS MY FAMILY'S SECRET..,"Our dad is sick so we have to run his Filipino street food stand by ourselves but a strange lady keeps popping up to remind us of our familly history Kalayaan road game link: Follow me on Twitter! Watch me on Twitch! I made a new instagram! (These are the only socials that I currently have, anything else is not me!) --------------------------- We're here to have fun and not take ourselves too seriously, so any negative comments will be automatically deleted! Thanks for watching!",2026-08-07 06:41:05+00:00,UCZBY6V8Lxmwu8gGRBOyO11w,Kubz Scouts,20,"['kubz', 'scouts', 'kubz scouts', 'kalayaan road', 'Filipino horror game', 'filipino horror game 2026', 'kubz scouts filipino horror game', 'jumpscares', 'commentary', 'face cam', 'indie horror games 2026']",PT40M35S,hd,false,30605,4863,810,https://lawdgames.itch.io/kalayaan-road | https://twitter.com/JayKubzScouts | http://www.twitch.tv/thekubzscouts | https://www.instagram.com/itsthatdudejay/,4,"['Other', 'Twitter/X', 'Twitch', 'Instagram']",['#KubzScouts'],1,"Our dad is sick so we have to run his Filipino street food stand by ourselves but a strange lady keeps popping up to remind us of our familly history Kalayaan road game link: Follow me on Twitter! ► Watch me on Twitch! ► I made a new instagram! ► (These are the only socials that I currently have, anything else is not me!) --------------------------- We're here to have fun and not take ourselves too seriously, so any negative comments will be automatically deleted! Thanks for watching!","['kubz', 'scouts', 'kubz scouts', 'kalayaan road', 'Filipino horror game', 'filipino horror game 2026', 'kubz scouts filipino horror game', 'jumpscares', 'commentary', 'face cam', 'indie horror games 2026']",11,2026-08-07,8,August,7,Friday,32,False,6,41,5,"['Our', 'dad', 'sick', 'run', 'Filipino', 'street', 'food', 'stand', 'strange', 'lady', 'keep', 'popping', 'remind', 'u', 'familly', 'history', 'Kalayaan', 'road', 'game', 'link', ':', 'Follow', 'Twitter', '!', 'Watch', 'Twitch', '!', 'I', 'made', 'new', 'instagram', '!', '(', 'These', 'social', 'I', 'currently', ',', 'anything', 'else', '!', ')', '--', '--', '--', '--', '--', '--', '--', '--', '--', '--', '--', '--', '--', '-', 'We', ""'re"", 'fun', 'take', 'seriously', ',', 'negative', 'comment', 'automatically', 'deleted', '!', 'Thanks', 'watching', '!']","Our dad sick run Filipino street food stand strange lady keep popping remind u familly history Kalayaan road game link : Follow Twitter ! Watch Twitch ! I made new instagram ! ( These social I currently , anything else ! ) -- -- -- -- -- -- -- -- -- -- -- -- -- - We 're fun take seriously , negative comment automatically deleted ! Thanks watching !",2435.0,Long,96,17,483,84,Night,5673,0.15889560529325272,0.026466263682404834,0.18536186897565757,1,0,Low,Beginning,True,False,Morning,Gaming,10.328951347150982,8.489616423646003,6.698268054115413
I08I3Tsfro4,[Hollow Knight: Silksong] I Forgot | #7,"[Twitter] [Thumbnail Art] Game Title: Hollow Knight: Silksong Store Page: ---------------------------------------------------------------------------- [Viewer Rules] Thank you for watching my stream! To help everyone enjoy the stream more, please follow these rules: 1. Be nice to other viewers. Don’t spam or troll. 2. If you see spam or trolling, don’t respond. Just block, report, and ignore those comments. 3. Talk about the stream, but please don’t bring up unrelated topics or have personal conversations. 4. Don’t bring up other streamers or streams unless I mention them. 5. Similarly, don’t talk about me or my stream in other streamers’ chat. 6. No backseating unless I ask for help. I'd rather learn from my mistakes by dying countless times; if I fail, it will be on my own terms. 7. Please refrain from chatting before the stream starts to prevent any issues. 8. I will be reading some superchats that may catch my attention during the game but most of the reading will be done at the end of stream. 9. Please refrain from making voice requests as they were most likely done already. 10. Please respect the moderators. Moderation done by staff also often reflect how I feel about such comments as well. As long as you follow the rules above, you can chat in any language! ---------------------------------------------------------------------------- [Credits] (BGM) DOVA-SYNDROME - Daystar - Zero Gravity / ---------------------------------------------------------------------------- [Fan Work Guidelines] Request from hololive Production to underage viewers: Please be sure to check the link below before viewing our content. ---------------------------------------------------------------------------- [Official Online Shop] [Holoschedule] (Check all members streaming schedules) ---------------------------------------------------------------------------- [Hololive Production] Hololive English YouTube Channel: Hololive Production Official Twitter: Hololive English Official Twitter: Hololive English Official Reddit: ----------------------------------------------------------------------------",2026-08-06 08:18:45+00:00,UCmbs8T6MWqUHP1tIQvSgKrg,Ouro Kronii Ch. hololive-EN,20,"['ホロライブ', 'hololive', 'ホロライブゲーマーズ', '歌ってみた', 'ゲーム実況', '実況', 'バーチャルyoutuber', 'Vtuber', 'VTuber', 'バーチャルYouTuber', 'VR', '3D', 'ときのそら', 'ロボ子さん', '夜空メル', 'アキ・ローゼンタール', '赤井はあと', '白上フブキ', '夏色まつり', '湊あくあ', '紫咲シオン', '百鬼あやめ', '癒月ちょこ', '大空スバル', '大神ミオ', 'さくらみこ', '猫又おかゆ', '戌神ころね', '兎田ぺこら', '潤羽るしあ', '不知火フレア', '宝鐘マリン', '白銀ノエル', 'AZKi', '星街すいせい', '天音かなた', '桐生ココ', '姫森ルーナ', '角巻わため', '常闇トワ', '雪花ラミィ', '桃鈴ねね', '獅白ぼたん', '尾丸ポルカ', 'Watson', 'Amelia', 'Gawr', 'Gura', 'Mori', 'Calliope', 'Takanashi', 'Kiara', 'Ninomae', 'Ina’nis', 'IRyS', 'Tsukumo', 'Sana', 'Ceres', 'Fauna', 'Ouro', 'Kronii', 'Nanashi', 'Mumei', 'Hakos', 'Baelz']",PT6H54M7S,hd,false,290084,10108,75,https://twitter.com/ourokronii | https://x.com/cahryos | https://store.steampowered.com/app/1030300/Hollow_Knight_Silksong/ | https://dova-s.jp/ | https://youtu.be/YqAbL2hm27g | https://en.hololive.tv/terms | https://en.hololive.tv/request-to-minors | https://hololive.booth.pm/ | https://schedule.hololive.tv/#hololive | https://t.co/LcYDgFF9V0?amp=1 | https://twitter.com/hololivetv | https://twitter.com/hololive_En | https://www.reddit.com/r/Hololive/,13,"['Twitter/X', 'Steam', 'Other', 'YouTube']","['#hololive', '#holoCouncil', '#hololiveEnglish']",3,"[Twitter] [Thumbnail Art] Game Title: Hollow Knight: Silksong Store Page: ---------------------------------------------------------------------------- [Viewer Rules] Thank you for watching my stream! To help everyone enjoy the stream more, please follow these rules: 1. Be nice to other viewers. Don’t spam or troll. 2. If you see spam or trolling, don’t respond. Just block, report, and ignore those comments. 3. Talk about the stream, but please don’t bring up unrelated topics or have personal conversations. 4. Don’t bring up other streamers or streams unless I mention them. 5. Similarly, don’t talk about me or my stream in other streamers’ chat. 6. No backseating unless I ask for help. I'd rather learn from my mistakes by dying countless times; if I fail, it will be on my own terms. 7. Please refrain from chatting before the stream starts to prevent any issues. 8. I will be reading some superchats that may catch my attention during the game but most of the reading will be done at the end of stream. 9. Please refrain from making voice requests as they were most likely done already. 10. Please respect the moderators. Moderation done by staff also often reflect how I feel about such comments as well. As long as you follow the rules above, you can chat in any language! ---------------------------------------------------------------------------- [Credits] (BGM) DOVA-SYNDROME - Daystar - Zero Gravity / ---------------------------------------------------------------------------- [Fan Work Guidelines] Request from hololive Production to underage viewers: Please be sure to check the link below before viewing our content. ---------------------------------------------------------------------------- [Official Online Shop] [Holoschedule] (Check all members streaming schedules) ---------------------------------------------------------------------------- [Hololive Production] ・Hololive English YouTube Channel: ・Hololive Production Official Twitter: ・Hololive English Official Twitter: ・Hololive English Official Reddit: ----------------------------------------------------------------------------","['ホロライブ', 'hololive', 'ホロライブゲーマーズ', '歌ってみた', 'ゲーム実況', '実況', 'バーチャルyoutuber', 'Vtuber', 'VTuber', 'バーチャルYouTuber', 'VR', '3D', 'ときのそら', 'ロボ子さん', '夜空メル', 'アキ・ローゼンタール', '赤井はあと', '白上フブキ', '夏色まつり', '湊あくあ', '紫咲シオン', '百鬼あやめ', '癒月ちょこ', '大空スバル', '大神ミオ', 'さくらみこ', '猫又おかゆ', '戌神ころね', '兎田ぺこら', '潤羽るしあ', '不知火フレア', '宝鐘マリン', '白銀ノエル', 'AZKi', '星街すいせい', '天音かなた', '桐生ココ', '姫森ルーナ', '角巻わため', '常闇トワ', '雪花ラミィ', '桃鈴ねね', '獅白ぼたん', '尾丸ポルカ', 'Watson', 'Amelia', 'Gawr', 'Gura', 'Mori', 'Calliope', 'Takanashi', 'Kiara', 'Ninomae', 'Ina’nis', 'IRyS', 'Tsukumo', 'Sana', 'Ceres', 'Fauna', 'Ouro', 'Kronii', 'Nanashi', 'Mumei', 'Hakos', 'Baelz']",65,2026-08-06,8,August,6,Thursday,32,False,8,18,45,"['[', 'Twitter', ']', '[', 'Thumbnail', 'Art', ']', 'Game', 'Title', ':', 'Hollow', 'Knight', ':', 'Silksong', 'Store', 'Page', ':', '--', '--', '--', '--', '--', '--', '--', '--', '--', '--', '--', '--', '--', '--', '--', '--', '--', '--', '--', '--', '--', '--', '--', '--', '--', '--', '--', '--', '--', '--', '--', '--', '--', '--', '--', '--', '--', '--', '[', 'Viewer', 'Rules', ']', 'Thank', 'watching', 'stream', '!', 'To', 'help', 'everyone', 'enjoy', 'stream', ',', 'please', 'follow', 'rule', ':', '1', '.', 'Be', 'nice', 'viewer', '.', 'Don', '’', 'spam', 'troll', '.', '2', '.', 'If', 'see', 'spam', 'trolling', ',', '’', 'respond', '.', 'Just', 'block', ',', 'report', ',', 'ignore', 'comment', '.', '3', '.', 'Talk', 'stream', ',', 'please', '’', 'bring', 'unrelated', 'topic', 'personal', 'conversation', '.', '4', '.', 'Don', '’', 'bring', 'streamer', 'stream', 'unless', 'I', 'mention', '.', '5', '.', 'Similarly', ',', '’', 'talk', 'stream', 'streamer', '’', 'chat', '.', '6', '.', 'No', 'backseating', 'unless', 'I', 'ask', 'help', '.', 'I', ""'d"", 'rather', 'learn', 'mistake', 'dying', 'countless', 'time', ';', 'I', 'fail', ',', 'term', '.', '7', '.', 'Please', 'refrain', 'chatting', 'stream', 'start', 'prevent', 'issue', '.', '8', '.', 'I', 'reading', 'superchats', 'may', 'catch', 'attention', 'game', 'reading', 'done', 'end', 'stream', '.', '9', '.', 'Please', 'refrain', 'making', 'voice', 'request', 'likely', 'done', 'already', '.', '10', '.', 'Please', 'respect', 'moderator', '.', 'Moderation', 'done', 'staff', 'also', 'often', 'reflect', 'I', 'feel', 'comment', 'well', '.', 'As', 'long', 'follow', 'rule', ',', 'chat', 'language', '!', '--', '--', '--', '--', '--', '--', '--', '--', '--', '--', '--', '--', '--', '--', '--', '--', '--', '--', '--', '--', '--', '--', '--', '--', '--', '--', '--', '--', '--', '--', '--', '--', '--', '--', '--', '--', '--', '--', '[', 'Credits', ']', '(', 'BGM', ')', 'DOVA-SYNDROME', '-', 'Daystar', '-', 'Zero', 'Gravity', '/', '--', '--', '--', '--', '--', '--', '--', '--', '--', '--', '--', '--', '--', '--', '--', '--', '--', '--', '--', '--', '--', '--', '--', '--', '--', '--', '--', '--', '--', '--', '--', '--', '--', '--', '--', '--', '--', '--', '[', 'Fan', 'Work', 'Guidelines', ']', 'Request', 'hololive', 'Production', 'underage', 'viewer', ':', 'Please', 'sure', 'check', 'link', 'viewing', 'content', '.', '--', '--', '--', '--', '--', '--', '--', '--', '--', '--', '--', '--', '--', '--', '--', '--', '--', '--', '--', '--', '--', '--', '--', '--', '--', '--', '--', '--', '--', '--', '--', '--', '--', '--', '--', '--', '--', '--', '[', 'Official', 'Online', 'Shop', ']', '[', 'Holoschedule', ']', '(', 'Check', 'member', 'streaming', 'schedule', ')', '--', '--', '--', '--', '--', '--', '--', '--', '--', '--', '--', '--', '--', '--', '--', '--', '--', '--', '--', '--', '--', '--', '--', '--', '--', '--', '--', '--', '--', '--', '--', '--', '--', '--', '--', '--', '--', '--', '[', 'Hololive', 'Production', ']', 'Hololive', 'English', 'YouTube', 'Channel', ':', 'Hololive', 'Production', 'Official', 'Twitter', ':', 'Hololive', 'English', 'Official', 'Twitter', ':', 'Hololive', 'English', 'Official', 'Reddit', ':', '--', '--', '--', '--', '--', '--', '--', '--', '--', '--', '--', '--', '--', '--', '--', '--', '--', '--', '--', '--', '--', '--', '--', '--', '--', '--', '--', '--', '--', '--', '--', '--', '--', '--', '--', '--', '--', '--']","[ Twitter ] [ Thumbnail Art ] Game Title : Hollow Knight : Silksong Store Page : -- -- -- -- -- -- -- -- -- -- -- -- -- -- -- -- -- -- -- -- -- -- -- -- -- -- -- -- -- -- -- -- -- -- -- -- -- -- [ Viewer Rules ] Thank watching stream ! To help everyone enjoy stream , please follow rule : 1 . Be nice viewer . Don ’ spam troll . 2 . If see spam trolling , ’ respond . Just block , report , ignore comment . 3 . Talk stream , please ’ bring unrelated topic personal conversation . 4 . Don ’ bring streamer stream unless I mention . 5 . Similarly , ’ talk stream streamer ’ chat . 6 . No backseating unless I ask help . I 'd rather learn mistake dying countless time ; I fail , term . 7 . Please refrain chatting stream start prevent issue . 8 . I reading superchats may catch attention game reading done end stream . 9 . Please refrain making voice request likely done already . 10 . Please respect moderator . Moderation done staff also often reflect I feel comment well . As long follow rule , chat language ! -- -- -- -- -- -- -- -- -- -- -- -- -- -- -- -- -- -- -- -- -- -- -- -- -- -- -- -- -- -- -- -- -- -- -- -- -- -- [ Credits ] ( BGM ) DOVA-SYNDROME - Daystar - Zero Gravity / -- -- -- -- -- -- -- -- -- -- -- -- -- -- -- -- -- -- -- -- -- -- -- -- -- -- -- -- -- -- -- -- -- -- -- -- -- -- [ Fan Work Guidelines ] Request hololive Production underage viewer : Please sure check link viewing content . -- -- -- -- -- -- -- -- -- -- -- -- -- -- -- -- -- -- -- -- -- -- -- -- -- -- -- -- -- -- -- -- -- -- -- -- -- -- [ Official Online Shop ] [ Holoschedule ] ( Check member streaming schedule ) -- -- -- -- -- -- -- -- -- -- -- -- -- -- -- -- -- -- -- -- -- -- -- -- -- -- -- -- -- -- -- -- -- -- -- -- -- -- [ Hololive Production ] Hololive English YouTube Channel : Hololive Production Official Twitter : Hololive English Official Twitter : Hololive English Official Reddit : -- -- -- -- -- -- -- -- -- -- -- -- -- -- -- -- -- -- -- -- -- -- -- -- -- -- -- -- -- -- -- -- -- -- -- -- -- --",24847.0,Long,39,7,2110,277,Morning,10183,0.034845079356324374,0.00025854580052674396,0.03510362515685112,1,0,Very High,Beginning,True,False,Morning,Gaming,12.577929262464508,9.221181395154058,4.330733340286331
Ruf8Thobf3E,Ghost Recon: 25th Anniversary Showcase,"Get all the details on the free Last Rites update (available now!) for Ghost Recon Wildlands that brings a new narrative mission, 4K and 60FPS on current gen consoles, new customization options, and more. Plus, learn how to join the Insider Program to help shape the future of Ghost Recon. Download and play Ghost Recon Wildlands and Ghost Recon Breakpoint for free from now through August 10, and beware the return of the Predator in the jungles of Bolivia... Learn more about Ubisoft: www.ubisoftgroup.com © Ubisoft Entertainment. All Rights Reserved. Ubisoft and the Ubisoft logo are registered trademarks in the US and/or other countries.",2026-08-06 17:45:24+00:00,UC0KU8F9jJqSLS11LRXvFWmg,Ubisoft,20,"['New Ghost Recon', 'New Wildlands Mission', 'NewDLC', 'New Ghost Recon DLC', 'Last Rights', 'Ghost Recon Last Rites', 'Ghost Recon WIldlands Update', '4k60', 'Ghost Recon Updgrade', 'Ghost Recon New Game', 'News Ghost Recon', 'Free Games', 'Free Ghost Recon', 'Shooter', 'FPS', 'Tactical Shooter']",PT17M8S,hd,true,97540,5549,902,https://store.ubisoft.com/tom-clancy-ghost-recon,1,['Other'],"['#Ubisoft', '#GhostRecon']",2,"Get all the details on the free Last Rites update (available now!) for Ghost Recon Wildlands that brings a new narrative mission, 4K and 60FPS on current gen consoles, new customization options, and more. Plus, learn how to join the Insider Program to help shape the future of Ghost Recon. Download and play Ghost Recon Wildlands and Ghost Recon Breakpoint for free from now through August 10, and beware the return of the Predator in the jungles of Bolivia... Learn more about Ubisoft: www.ubisoftgroup.com © Ubisoft Entertainment. All Rights Reserved. Ubisoft and the Ubisoft logo are registered trademarks in the US and/or other countries.","['New Ghost Recon', 'New Wildlands Mission', 'NewDLC', 'New Ghost Recon DLC', 'Last Rights', 'Ghost Recon Last Rites', 'Ghost Recon WIldlands Update', '4k60', 'Ghost Recon Updgrade', 'Ghost Recon New Game', 'News Ghost Recon', 'Free Games', 'Free Ghost Recon', 'Shooter', 'FPS', 'Tactical Shooter']",16,2026-08-06,8,August,6,Thursday,32,False,17,45,24,"['Get', 'detail', 'free', 'Last', 'Rites', 'update', '(', 'available', '!', ')', 'Ghost', 'Recon', 'Wildlands', 'brings', 'new', 'narrative', 'mission', ',', '4K', '60FPS', 'current', 'gen', 'console', ',', 'new', 'customization', 'option', ',', '.', 'Plus', ',', 'learn', 'join', 'Insider', 'Program', 'help', 'shape', 'future', 'Ghost', 'Recon', '.', 'Download', 'play', 'Ghost', 'Recon', 'Wildlands', 'Ghost', 'Recon', 'Breakpoint', 'free', 'August', '10', ',', 'beware', 'return', 'Predator', 'jungle', 'Bolivia', '...', 'Learn', 'Ubisoft', ':', 'www.ubisoftgroup.com', '©', 'Ubisoft', 'Entertainment', '.', 'All', 'Rights', 'Reserved', '.', 'Ubisoft', 'Ubisoft', 'logo', 'registered', 'trademark', 'US', 'and/or', 'country', '.']","Get detail free Last Rites update ( available ! ) Ghost Recon Wildlands brings new narrative mission , 4K 60FPS current gen console , new customization option , . Plus , learn join Insider Program help shape future Ghost Recon . Download play Ghost Recon Wildlands Ghost Recon Breakpoint free August 10 , beware return Predator jungle Bolivia ... Learn Ubisoft : www.ubisoftgroup.com © Ubisoft Entertainment . All Rights Reserved . Ubisoft Ubisoft logo registered trademark US and/or country .",1028.0,Long,38,5,642,104,Afternoon,6451,0.05688948123846627,0.009247488209965142,0.0661369694484314,1,1,Medium,Beginning,True,False,Afternoon,Gaming,11.488028081415713,8.62155320674048,6.805722553416985
Pgdbi8Odzke,The NEW *GEM SPRITE* UPDATE in Fortnite,"Gem sprites are officially in Fortnite for real this time, so let's go look for them! Use code tomato if you want to be a gem (Epic Partner) Music from epidemicsound",2026-08-06 21:20:48+00:00,UC3yHtryql8S7y2jukpFsZSg,Tomato - Fortnite,20,"['fortnite', ""fortnite's gem sprite update"", 'the gem sprite update in fortnite', 'tomato fortnite', 'funny fortnite', 'fortnite gem sprite', 'fortnite mythic sprite', 'fortnite new sprites', 'fortnite gem grim', 'fortnite gem zero point sprite']",PT9M1S,hd,false,64447,1544,327,,0,[],[],0,"Gem sprites are officially in Fortnite for real this time, so let's go look for them! Use code tomato if you want to be a gem (Epic Partner) Music from epidemicsound","['fortnite', ""fortnite's gem sprite update"", 'the gem sprite update in fortnite', 'tomato fortnite', 'funny fortnite', 'fortnite gem sprite', 'fortnite mythic sprite', 'fortnite new sprites', 'fortnite gem grim', 'fortnite gem zero point sprite']",10,2026-08-06,8,August,6,Thursday,32,False,21,20,48,"['Gem', 'sprite', 'officially', 'Fortnite', 'real', 'time', ',', 'let', ""'s"", 'go', 'look', '!', 'Use', 'code', 'tomato', 'want', 'gem', '(', 'Epic', 'Partner', ')', 'Music', 'epidemicsound']","Gem sprite officially Fortnite real time , let 's go look ! Use code tomato want gem ( Epic Partner ) Music epidemicsound",541.0,Medium,39,7,165,31,Evening,1871,0.02395767064409515,0.005073936723198907,0.029031607367294057,1,0,Low,Beginning,True,False,Evening,Gaming,11.073613976078233,7.3427791893318455,5.793013608384144
5Fksfa-5Tx4,We Played Happy's Humble Burger Cult.. (got crazy),We Played Happy's Humble Burger Cult.. (got crazy) IF YOU WANT TO SEE MORE KATIEB: Twitch: Tiktok: Instagram: Youtube: Cameo: Discord:,2026-08-07 00:00:24+00:00,UCngWiBCiWXr_MnnljK4QK_Q,KatieB,22,"['KatieB', 'RealKatieB', 'KatieB Live', 'KatieBlive', 'KatieB Moments', 'Katie B', 'Real Katie B', 'KatieB Livestream', 'KatieB Funny moments']",PT2H49M33S,hd,false,20015,1248,93,https://www.twitch.tv/realkatieb | https://www.tiktok.com/@realkatieb | https://www.instagram.com/theoneandonlykatieb/ | https://www.youtube.com/@RealKatieB | https://www.cameo.com/realkatieb?utm_source=talent_copy_url&utm_medium=talent_unknown&utm_content=talent_settings_share_link&utm_campaign=profile_share&%24web_only=true | https://discord.com/invite/katieb,6,"['Twitch', 'TikTok', 'Instagram', 'YouTube', 'Other', 'Discord']",[],0,We Played Happy's Humble Burger Cult.. (got crazy) IF YOU WANT TO SEE MORE KATIEB: Twitch: Tiktok: Instagram: Youtube: Cameo: Discord:,"['KatieB', 'RealKatieB', 'KatieB Live', 'KatieBlive', 'KatieB Moments', 'Katie B', 'Real Katie B', 'KatieB Livestream', 'KatieB Funny moments']",9,2026-08-07,8,August,7,Friday,32,False,0,0,24,"['We', 'Played', 'Happy', ""'s"", 'Humble', 'Burger', 'Cult', '..', '(', 'got', 'crazy', ')', 'IF', 'YOU', 'WANT', 'TO', 'SEE', 'MORE', 'KATIEB', ':', 'Twitch', ':', 'Tiktok', ':', 'Instagram', ':', 'Youtube', ':', 'Cameo', ':', 'Discord', ':']",We Played Happy 's Humble Burger Cult .. ( got crazy ) IF YOU WANT TO SEE MORE KATIEB : Twitch : Tiktok : Instagram : Youtube : Cameo : Discord :,10173.0,Long,50,8,134,21,Night,1341,0.06235323507369473,0.004646515113664752,0.06699975018735949,1,0,Low,Beginning,False,False,Late Night,People & Blogs,9.904287232706693,7.130098510125578,4.543294782270004
Vl8Ui1Wxotm,"7 Heroes Who Made Everything Much, Much Worse","Typically videogame heroes are infallible types who vanquish evil and leave the world much better than they found it. Not these ones, who somehow manage to make things much, much worse, and then maybe, if you're lucky, fix the problem later. Subscribe for a list like this every Thursday! --- Official Merch Store! If you like what we do, you can support us by joining the OX Supporters Club. It's totally optional but it helps us make more of the stuff you love: Outside Xbox brings you daily videos about videogames, especially Xbox games. Join us for new gameplay, original list videos, previews and other things (ask us about the other things). Thanks for watching and be excellent to each other in the comments. Find us at Follow us on Twitter: Follow us on Instagram: Follow us on TikTok:",2026-08-06 18:39:55+00:00,UCKk076mm-7JjLxJcFSXIPJA,outsidexbox,20,"['outsidexbox', 'andy farrant', 'jane douglas', 'mike channell']",PT20M27S,hd,false,80253,5226,502,https://store.outsidexbox.com/ | http://www.patreon.com/OXclub | http://www.outsidexbox.com | http://www.twitter.com/outsidexbox | http://www.instagram.com/outsidexboxofficial | https://www.tiktok.com/@outsidexbox,6,"['Twitter/X', 'Other', 'Instagram', 'TikTok']","['#list', '#gaming', '#funny']",3,"Typically videogame heroes are infallible types who vanquish evil and leave the world much better than they found it. Not these ones, who somehow manage to make things much, much worse, and then maybe, if you're lucky, fix the problem later. Subscribe for a list like this every Thursday! --- Official Merch Store! If you like what we do, you can support us by joining the OX Supporters Club. It's totally optional but it helps us make more of the stuff you love: Outside Xbox brings you daily videos about videogames, especially Xbox games. Join us for new gameplay, original list videos, previews and other things (ask us about the other things). Thanks for watching and be excellent to each other in the comments. Find us at Follow us on Twitter: Follow us on Instagram: Follow us on TikTok:","['outsidexbox', 'andy farrant', 'jane douglas', 'mike channell']",4,2026-08-06,8,August,6,Thursday,32,False,18,39,55,"['Typically', 'videogame', 'hero', 'infallible', 'type', 'vanquish', 'evil', 'leave', 'world', 'much', 'better', 'found', '.', 'Not', 'one', ',', 'somehow', 'manage', 'make', 'thing', 'much', ',', 'much', 'worse', ',', 'maybe', ',', ""'re"", 'lucky', ',', 'fix', 'problem', 'later', '.', 'Subscribe', 'list', 'like', 'every', 'Thursday', '!', '--', '-', 'Official', 'Merch', 'Store', '!', 'If', 'like', ',', 'support', 'u', 'joining', 'OX', 'Supporters', 'Club', '.', 'It', ""'s"", 'totally', 'optional', 'help', 'u', 'make', 'stuff', 'love', ':', 'Outside', 'Xbox', 'brings', 'daily', 'video', 'videogames', ',', 'especially', 'Xbox', 'game', '.', 'Join', 'u', 'new', 'gameplay', ',', 'original', 'list', 'video', ',', 'preview', 'thing', '(', 'ask', 'u', 'thing', ')', '.', 'Thanks', 'watching', 'excellent', 'comment', '.', 'Find', 'u', 'Follow', 'u', 'Twitter', ':', 'Follow', 'u', 'Instagram', ':', 'Follow', 'u', 'TikTok', ':']","Typically videogame hero infallible type vanquish evil leave world much better found . Not one , somehow manage make thing much , much worse , maybe , 're lucky , fix problem later . Subscribe list like every Thursday ! -- - Official Merch Store ! If like , support u joining OX Supporters Club . It 's totally optional help u make stuff love : Outside Xbox brings daily video videogames , especially Xbox game . Join u new gameplay , original list video , preview thing ( ask u thing ) . Thanks watching excellent comment . Find u Follow u Twitter : Follow u Instagram : Follow u TikTok :",1227.0,Long,45,8,794,139,Afternoon,5728,0.06511906096968338,0.006255217873475135,0.07137427884315851,1,0,Medium,Beginning,True,False,Evening,Gaming,11.29295188398684,8.561592778712923,6.220590170099739
Dgj19X2T15G,NEW LONGEST MINECRAFT ITEM NAME?,"Windswept Forest Abandoned Campsite Map. Plushies: Merch: -------------------------------------------------------------------- This channel is powered by Shockbyte -- Enjoy a 25% discount on your first month with code ""PHOENIXSC""! If you'd like to monetarily support the channel, consider joining as a member! SECOND CHANNEL: TWITTER: TWITCH: INSTAGRAM: WEBSITE: FACEBOOK:",2026-08-07 01:30:01+00:00,UCj4zC1Hfj-uc90FUXzRamNw,Phoenix SC,20,"['Command', 'Blocks', 'Redstone', 'Phnixhamsta', 'phoenix', 'sc', 'tutorial', 'vanilla', 'mod', 'datapack']",PT8M37S,hd,false,78908,5624,408,https://www.makeship.com/shop/creator/phoenix-sc | https://phoenixsc.store/ | https://shockbyte.com/partner/phoenixsc | https://www.youtube.com/channel/UCj4zC1Hfj-uc90FUXzRamNw/join | https://www.youtube.com/@Feenix_SC | https://twitter.com/phnixhamsta | https://www.twitch.tv/phoenixsclive | https://www.instagram.com/phoenixsclive/ | https://phoenixsc.me | https://facebook.com/phnixhamstasc | https://minecraft.net/,11,"['Other', 'YouTube', 'Twitter/X', 'Twitch', 'Instagram', 'Facebook']","['#PhoenixSC', '#Minecraft']",2,"Windswept Forest Abandoned Campsite Map. Plushies: Merch: -------------------------------------------------------------------- This channel is powered by Shockbyte -- Enjoy a 25% discount on your first month with code ""PHOENIXSC""! If you'd like to monetarily support the channel, consider joining as a member! SECOND CHANNEL: TWITTER: TWITCH: INSTAGRAM: WEBSITE: FACEBOOK:","['Command', 'Blocks', 'Redstone', 'Phnixhamsta', 'phoenix', 'sc', 'tutorial', 'vanilla', 'mod', 'datapack']",10,2026-08-07,8,August,7,Friday,32,False,1,30,1,"['Windswept', 'Forest', 'Abandoned', 'Campsite', 'Map', '.', 'Plushies', ':', 'Merch', ':', '--', '--', '--', '--', '--', '--', '--', '--', '--', '--', '--', '--', '--', '--', '--', '--', '--', '--', '--', '--', '--', '--', '--', '--', '--', '--', '--', '--', '--', '--', '--', '--', '--', '--', 'This', 'channel', 'powered', 'Shockbyte', '--', 'Enjoy', '25', '%', 'discount', 'first', 'month', 'code', '``', 'PHOENIXSC', ""''"", '!', 'If', ""'d"", 'like', 'monetarily', 'support', 'channel', ',', 'consider', 'joining', 'member', '!', 'SECOND', 'CHANNEL', ':', 'TWITTER', ':', 'TWITCH', ':', 'INSTAGRAM', ':', 'WEBSITE', ':', 'FACEBOOK', ':']","Windswept Forest Abandoned Campsite Map . Plushies : Merch : -- -- -- -- -- -- -- -- -- -- -- -- -- -- -- -- -- -- -- -- -- -- -- -- -- -- -- -- -- -- -- -- -- -- This channel powered Shockbyte -- Enjoy 25 % discount first month code `` PHOENIXSC '' ! If 'd like monetarily support channel , consider joining member ! SECOND CHANNEL : TWITTER : TWITCH : INSTAGRAM : WEBSITE : FACEBOOK :",517.0,Medium,32,5,372,46,Night,6032,0.07127287474020379,0.005170578395093019,0.0764434531352968,1,0,Medium,Beginning,True,False,Late Night,Gaming,11.27605056876972,8.63497622707262,6.013715156042802
Ikqygv24Kcq,🔴DR DISRESPECT - GEARS OF WAR E-DAY - EARLY ACCESS BETA,"""The chainsaw is BACK. Early access to the biggest Xbox game of the year with Horde Siege, Versus, and the first taste of Emergence Day. The world waits for October. But the 6'8"" Gaming Great revs it up today..."" -Dr Disrespect ------------------------------------------------------------------------------------------------ JOIN THE CHAMPIONS CLUB: Get Rumble Wallet Now! Also Streaming on Rumble! DONATE: ------------------------------------------------------------------------------------------------ Drink KENETIK! - Discord: X: Instagram: TikTok: Merchandise:",2026-08-06 21:33:32+00:00,UCcJL2ld6kxy_nuV1u7PVQ0g,DrDisRespect,20,"['gears of war e-day', 'gears of war e-day beta', 'e-day beta', 'gears of war e-day gameplay', 'e-day early access', 'horde siege', 'gears e-day versus', 'how to play e-day beta', 'gears of war beta', 'gears of war 2026', 'marcus fenix', 'emergence day', 'gears of war e-day review', 'gears beta rewards', 'dr disrespect', 'dr disrespect gears of war', 'gears of war', 'e-day gameplay', 'xbox game pass', 'unreal engine 5', 'gears of war new game', 'lancer chainsaw', 'two time', 'gears of war live', 'e-day beta day one']",PT5H12M26S,hd,false,205542,5540,151,https://youtube.com/DrDisrespect/join | https://wallet.rumble.com/ | https://Rumble.com/DrDisrespect | https://streamlabs.com/drdisrespect/tip | https://drinkkenetik.com/DOC?q=doc | https://discord.com/invite/drdisrespect | https://twitter.com/drdisrespect | https://www.instagram.com/drdisrespect/ | https://www.tiktok.com/@drdisrespectlive | https://www.championsclub.world,10,"['YouTube', 'Other', 'Discord', 'Twitter/X', 'Instagram', 'TikTok']","['#GearsOfWarEDay', '#DrDisrespect', '#Gaming']",3,"""The chainsaw is BACK. Early access to the biggest Xbox game of the year with Horde Siege, Versus, and the first taste of Emergence Day. The world waits for October. But the 6'8"" Gaming Great revs it up today..."" -Dr Disrespect ------------------------------------------------------------------------------------------------ ►JOIN THE CHAMPIONS CLUB: ►Get Rumble Wallet Now! ►Also Streaming on Rumble! ►DONATE: ------------------------------------------------------------------------------------------------ ♦ Drink KENETIK! - ♦ Discord: ♦ X: ♦ Instagram: ♦ TikTok: ♦ Merchandise:","['gears of war e-day', 'gears of war e-day beta', 'e-day beta', 'gears of war e-day gameplay', 'e-day early access', 'horde siege', 'gears e-day versus', 'how to play e-day beta', 'gears of war beta', 'gears of war 2026', 'marcus fenix', 'emergence day', 'gears of war e-day review', 'gears beta rewards', 'dr disrespect', 'dr disrespect gears of war', 'gears of war', 'e-day gameplay', 'xbox game pass', 'unreal engine 5', 'gears of war new game', 'lancer chainsaw', 'two time', 'gears of war live', 'e-day beta day one']",25,2026-08-06,8,August,6,Thursday,32,False,21,33,32,"['``', 'The', 'chainsaw', 'BACK', '.', 'Early', 'access', 'biggest', 'Xbox', 'game', 'year', 'Horde', 'Siege', ',', 'Versus', ',', 'first', 'taste', 'Emergence', 'Day', '.', 'The', 'world', 'wait', 'October', '.', 'But', ""6'8"", ""''"", 'Gaming', 'Great', 'rev', 'today', '...', ""''"", '-Dr', 'Disrespect', '--', '--', '--', '--', '--', '--', '--', '--', '--', '--', '--', '--', '--', '--', '--', '--', '--', '--', '--', '--', '--', '--', '--', '--', '--', '--', '--', '--', '--', '--', '--', '--', '--', '--', '--', '--', '--', '--', '--', '--', '--', '--', '--', '--', '--', '--', '--', '--', 'JOIN', 'THE', 'CHAMPIONS', 'CLUB', ':', 'Get', 'Rumble', 'Wallet', 'Now', '!', 'Also', 'Streaming', 'Rumble', '!', 'DONATE', ':', '--', '--', '--', '--', '--', '--', '--', '--', '--', '--', '--', '--', '--', '--', '--', '--', '--', '--', '--', '--', '--', '--', '--', '--', '--', '--', '--', '--', '--', '--', '--', '--', '--', '--', '--', '--', '--', '--', '--', '--', '--', '--', '--', '--', '--', '--', '--', '--', 'Drink', 'KENETIK', '!', '-', 'Discord', ':', 'X', ':', 'Instagram', ':', 'TikTok', ':', 'Merchandise', ':']","`` The chainsaw BACK . Early access biggest Xbox game year Horde Siege , Versus , first taste Emergence Day . The world wait October . But 6'8 '' Gaming Great rev today ... '' -Dr Disrespect -- -- -- -- -- -- -- -- -- -- -- -- -- -- -- -- -- -- -- -- -- -- -- -- -- -- -- -- -- -- -- -- -- -- -- -- -- -- -- -- -- -- -- -- -- -- -- -- JOIN THE CHAMPIONS CLUB : Get Rumble Wallet Now ! Also Streaming Rumble ! DONATE : -- -- -- -- -- -- -- -- -- -- -- -- -- -- -- -- -- -- -- -- -- -- -- -- -- -- -- -- -- -- -- -- -- -- -- -- -- -- -- -- -- -- -- -- -- -- -- -- Drink KENETIK ! - Discord : X : Instagram : TikTok : Merchandise :",18746.0,Long,55,11,564,64,Evening,5691,0.026953128800926332,0.0007346430413248874,0.02768777184225122,1,0,High,Beginning,True,False,Evening,Gaming,12.233410536771682,8.61993026886735,5.0238805208462765
Bvwuzrufcbq,Super Mario Bros. is 0.1 From Perfect,"Get jewelry as unique as the people who wear it and unlock buy one get one free (mix and match site wide) at: 8-4 Breakdown: Input swapping info/thoughts: ‣ Patreon: ‣ Twitch: ‣ Second Channel (Speedruns, Romhacks, etc.): Music, footage, and other resources used: Thank you to my Patreon supporters! - Adam Hinds - Alex W - Aron - Cameron Holiman - Dan Salvato - David Dean the human Juggernaut - Dioskur - Dungeon47 - High speed dubbing - Jay_the_Wook - Jessye - John Gasiewski - Julie Tomasi - Knoxium - libertyernie - Litelbrown - Mr Dreamcast - Neil Moore - Paul Ryan - Rick Eldrod - Rob Carey - Ruka Tachiarai - Sapphy - Steve Atherton - tap16 - TempoTutor - uglywannabe - Vencislav Atanasov - Volts",2026-08-06 16:24:24+00:00,UC6esFMAIud24sYSHfHGzPhg,Kosmic,20,"['Kosmic', 'cosmic', 'kosmicd12', 'speedrun', 'Super Mario Brother', 'smb', 'SMB1', 'World Record', 'WR', 'First', 'Huge', 'New', 'Milestone', 'Biggest', 'Newest', 'Brand New', 'Record', 'Summoning Salt', 'Story', 'History', 'Technical', 'Glitch', 'Trick', 'Explained', 'Explanation', 'Breakdown']",PT32M43S,hd,true,150383,9889,799,https://patrickadairdesigns.com/kosmic | https://www.youtube.com/watch?v=Q4vYXwtILIs&t=18m54s | https://youtu.be/ZLG1S-dR1Cs | http://www.patreon.com/kosmicd12 | http://www.twitch.tv/kosmic | https://www.youtube.com/channel/UC9Fzncw3ayMObPDJL85zaYw | https://docs.google.com/document/d/1OH9r7NyvT3qKcw2Cd6t07F46gtA-cvQtGrg57SqxxPs/edit?tab=t.0,7,"['Other', 'YouTube', 'Twitch']","['#Kosmic', '#Breakdown', '#History']",3,"Get jewelry as unique as the people who wear it and unlock buy one get one free (mix and match site wide) at: 8-4 Breakdown: Input swapping info/thoughts: ‣ Patreon: ‣ Twitch: ‣ Second Channel (Speedruns, Romhacks, etc.): Music, footage, and other resources used: Thank you to my Patreon supporters! - Adam Hinds - Alex W - Aron - Cameron Holiman - Dan Salvato - David Dean the human Juggernaut - Dioskur - Dungeon47 - High speed dubbing - Jay_the_Wook - Jessye - John Gasiewski - Julie Tomasi - Knoxium - libertyernie - Litelbrown - Mr Dreamcast - Neil Moore - Paul Ryan - Rick Eldrod - Rob Carey - Ruka Tachiarai - Sapphy - Steve Atherton - tap16 - TempoTutor - uglywannabe - Vencislav Atanasov - Volts","['Kosmic', 'cosmic', 'kosmicd12', 'speedrun', 'Super Mario Brother', 'smb', 'SMB1', 'World Record', 'WR', 'First', 'Huge', 'New', 'Milestone', 'Biggest', 'Newest', 'Brand New', 'Record', 'Summoning Salt', 'Story', 'History', 'Technical', 'Glitch', 'Trick', 'Explained', 'Explanation', 'Breakdown']",26,2026-08-06,8,August,6,Thursday,32,False,16,24,24,"['Get', 'jewelry', 'unique', 'people', 'wear', 'unlock', 'buy', 'one', 'get', 'one', 'free', '(', 'mix', 'match', 'site', 'wide', ')', ':', '8-4', 'Breakdown', ':', 'Input', 'swapping', 'info/thoughts', ':', '‣', 'Patreon', ':', '‣', 'Twitch', ':', '‣', 'Second', 'Channel', '(', 'Speedruns', ',', 'Romhacks', ',', 'etc', '.', ')', ':', 'Music', ',', 'footage', ',', 'resource', 'used', ':', 'Thank', 'Patreon', 'supporter', '!', '-', 'Adam', 'Hinds', '-', 'Alex', 'W', '-', 'Aron', '-', 'Cameron', 'Holiman', '-', 'Dan', 'Salvato', '-', 'David', 'Dean', 'human', 'Juggernaut', '-', 'Dioskur', '-', 'Dungeon47', '-', 'High', 'speed', 'dubbing', '-', 'Jay_the_Wook', '-', 'Jessye', '-', 'John', 'Gasiewski', '-', 'Julie', 'Tomasi', '-', 'Knoxium', '-', 'libertyernie', '-', 'Litelbrown', '-', 'Mr', 'Dreamcast', '-', 'Neil', 'Moore', '-', 'Paul', 'Ryan', '-', 'Rick', 'Eldrod', '-', 'Rob', 'Carey', '-', 'Ruka', 'Tachiarai', '-', 'Sapphy', '-', 'Steve', 'Atherton', '-', 'tap16', '-', 'TempoTutor', '-', 'uglywannabe', '-', 'Vencislav', 'Atanasov', '-', 'Volts']","Get jewelry unique people wear unlock buy one get one free ( mix match site wide ) : 8-4 Breakdown : Input swapping info/thoughts : ‣ Patreon : ‣ Twitch : ‣ Second Channel ( Speedruns , Romhacks , etc . ) : Music , footage , resource used : Thank Patreon supporter ! - Adam Hinds - Alex W - Aron - Cameron Holiman - Dan Salvato - David Dean human Juggernaut - Dioskur - Dungeon47 - High speed dubbing - Jay_the_Wook - Jessye - John Gasiewski - Julie Tomasi - Knoxium - libertyernie - Litelbrown - Mr Dreamcast - Neil Moore - Paul Ryan - Rick Eldrod - Rob Carey - Ruka Tachiarai - Sapphy - Steve Atherton - tap16 - TempoTutor - uglywannabe - Vencislav Atanasov - Volts",1963.0,Long,37,7,704,128,Afternoon,10688,0.0657587626260947,0.005313100549929181,0.07107186317602389,1,1,High,Beginning,True,False,Afternoon,Gaming,11.920947301860082,9.199279424616758,6.684611727667927
Qizmn1_Wtmw,"ANIMAL HOSPITAL, But I ONLY Accept GREEN PATIENTS!",Today I ONLY Accept GREEN PATIENTS in ANIMAL HOSPITAL!! This was SO HARD TO DO! Stay till the end to see if I survive!! SHOP MY FIVE BELOW COLLECTION: STYLEVERSE 2.0 COMING SOON even better hehe SUBSCRIBE and LEAVE A LIKE for MORE ROBLOX CONTENT IRL YOUTUBE CHANNEL: 🩵 ME AND RUSSOS CHANNEL: Become a MEMBER for CHANNEL PERKS: FOLLOW me on ROBLOX Roblox Username: Lanaraee Roblox Group: ADD ME ON SNAPCHAT: TIKTOK: INSTAGRAM: TWITTER: DISCORD: TWITCH:,2026-08-05 16:46:48+00:00,UCvICJHzZEwb_9ckAMohAqzw,Lana's Life,20,[],PT23M34S,hd,false,518828,9467,3293,https://www.fivebelow.com/search?q=lanas%20life | https://www.youtube.com/@Lanaraee_ | https://www.youtube.com/@sidequestgamess | https://www.youtube.com/lanaslifeee/join | https://www.roblox.com/groups/7175867/Lanas-Luvs | https://www.snapchat.com/add/lanaa_raee | https://www.tiktok.com/@lanaslifeee | https://www.instagram.com/lanaraee | https://twitter.com/lanaraee_ | https://discord.gg/DJf6AA9PRV | https://www.twitch.tv/Lanaraee,11,"['Other', 'YouTube', 'Twitter/X', 'TikTok', 'Instagram', 'Discord', 'Twitch']","['#roblox', '#lanaslifeee', '#lanarae']",3,Today I ONLY Accept GREEN PATIENTS in ANIMAL HOSPITAL!! This was SO HARD TO DO! Stay till the end to see if I survive!! ✨SHOP MY FIVE BELOW COLLECTION: 💖STYLEVERSE 2.0 COMING SOON *even better hehe* 🔔SUBSCRIBE and LEAVE A LIKE for MORE ROBLOX CONTENT🔔 ❤️ IRL YOUTUBE CHANNEL: 🩵 ME AND RUSSOS CHANNEL: 💚Become a MEMBER for CHANNEL PERKS: ✨FOLLOW me on ROBLOX✨ 🎀 Roblox Username: Lanaraee 🎀 Roblox Group: 💛ADD ME ON SNAPCHAT: 🎵TIKTOK: 📸INSTAGRAM: 🐦TWITTER: 💬DISCORD: 👾TWITCH:,[],0,2026-08-05,8,August,5,Wednesday,32,False,16,46,48,"['Today', 'I', 'ONLY', 'Accept', 'GREEN', 'PATIENTS', 'ANIMAL', 'HOSPITAL', '!', '!', 'This', 'SO', 'HARD', 'TO', 'DO', '!', 'Stay', 'till', 'end', 'see', 'I', 'survive', '!', '!', 'SHOP', 'MY', 'FIVE', 'BELOW', 'COLLECTION', ':', 'STYLEVERSE', '2.0', 'COMING', 'SOON', 'even', 'better', 'hehe', 'SUBSCRIBE', 'LEAVE', 'A', 'LIKE', 'MORE', 'ROBLOX', 'CONTENT', 'IRL', 'YOUTUBE', 'CHANNEL', ':', '\U0001fa75', 'ME', 'AND', 'RUSSOS', 'CHANNEL', ':', 'Become', 'MEMBER', 'CHANNEL', 'PERKS', ':', 'FOLLOW', 'ROBLOX', 'Roblox', 'Username', ':', 'Lanaraee', 'Roblox', 'Group', ':', 'ADD', 'ME', 'ON', 'SNAPCHAT', ':', 'TIKTOK', ':', 'INSTAGRAM', ':', 'TWITTER', ':', 'DISCORD', ':', 'TWITCH', ':']",Today I ONLY Accept GREEN PATIENTS ANIMAL HOSPITAL ! ! This SO HARD TO DO ! Stay till end see I survive ! ! SHOP MY FIVE BELOW COLLECTION : STYLEVERSE 2.0 COMING SOON even better hehe SUBSCRIBE LEAVE A LIKE MORE ROBLOX CONTENT IRL YOUTUBE CHANNEL : 🩵 ME AND RUSSOS CHANNEL : Become MEMBER CHANNEL PERKS : FOLLOW ROBLOX Roblox Username : Lanaraee Roblox Group : ADD ME ON SNAPCHAT : TIKTOK : INSTAGRAM : TWITTER : DISCORD : TWITCH :,1414.0,Long,50,8,451,77,Afternoon,12760,0.018246894924714933,0.00634699746351392,0.024593892388228854,1,0,Very High,Beginning,True,False,Afternoon,Gaming,13.159329628088855,9.155672970633875,8.099857910737585
J8X9Xg9Icym,TIME FOR MORE MARVEL TOKON!!!  !TOKON #ad,"Follow my team Basilisk for more FGC updates! Check out the best PCs in the universe: Join my Patreon for exclusive benefits and giveaways and a way to get better at fighting games! Subscribe to my Travel YT Channel: Subscribe to my VODS YT Channel Join this channel to get access to perks: Follow me on Twitch: Instagram: Twitter: VOD Channel: TikTok: Shoutouts to my editors Queue: Theivid: FightZone: AntaresHeart: Thumbnail Designer/SEO Specialist: Devilmaycats: Check out Logitech and use code ""jwong"" for 5% off:",2026-08-07 06:04:11+00:00,UC98DqRRDSGQ0y68XEihDQzw,Justin Wong,20,"['justin wong', 'jwong', 'jwonggg', 'jwong daigo parry', 'justin wong marvel vs capcom 2', 'jwong marvel vs capcom', 'jwong marvel vs capcom 2', 'marvel vs capcom 2', 'mvc2', 'marvel vs capcom fighting collection']",PT2H16M1S,hd,false,26486,449,4,https://x.com/BASILISK_gg | https://starforgepc.com/jwonggg | https://patreon.com/JWonggg?utm_medium=unknown&utm_source=join_link&utm_campaign=creatorshare_creator&utm_content=copyLink | https://www.youtube.com/@Lets_Go_Justin | https://www.youtube.com/@JustinWongVODS | https://www.youtube.com/channel/UC98DqRRDSGQ0y68XEihDQzw/join | https://www.twitch.tv/jwonggg | https://www.instagram.com/jwonggg | https://www.twitter.com/jwonggg | https://www.youtube.com/@JustinWongVODS | https://www.tiktok.com/@jwonggg | https://x.com/Queue_SS | https://x.com/Theivid | https://x.com/sasaawd | https://x.com/Yung_Falcon | https://x.com/AntaresHeart07 | https://x.com/devilmaycats | https://logi.gg/JWong,18,"['Twitter/X', 'Other', 'YouTube', 'Twitch', 'Instagram', 'TikTok']","['#JustinWong', '#JWong', '#FGC', '#whiteclawpartner']",4,"Follow my team Basilisk for more FGC updates! Check out the best PCs in the universe: Join my Patreon for exclusive benefits and giveaways and a way to get better at fighting games! Subscribe to my Travel YT Channel: Subscribe to my VODS YT Channel Join this channel to get access to perks: Follow me on 💻 Twitch: 📱 Instagram: 🗣 Twitter: 🎥 VOD Channel: 📺TikTok: Shoutouts to my editors 🎥 Queue: 🎮 Theivid: 📼 FightZone: 🎞️ 🎦AntaresHeart: Thumbnail Designer/SEO Specialist: 🎨 Devilmaycats: Check out Logitech and use code ""jwong"" for 5% off:","['justin wong', 'jwong', 'jwonggg', 'jwong daigo parry', 'justin wong marvel vs capcom 2', 'jwong marvel vs capcom', 'jwong marvel vs capcom 2', 'marvel vs capcom 2', 'mvc2', 'marvel vs capcom fighting collection']",10,2026-08-07,8,August,7,Friday,32,False,6,4,11,"['Follow', 'team', 'Basilisk', 'FGC', 'update', '!', 'Check', 'best', 'PCs', 'universe', ':', 'Join', 'Patreon', 'exclusive', 'benefit', 'giveaway', 'way', 'get', 'better', 'fighting', 'game', '!', 'Subscribe', 'Travel', 'YT', 'Channel', ':', 'Subscribe', 'VODS', 'YT', 'Channel', 'Join', 'channel', 'get', 'access', 'perk', ':', 'Follow', 'Twitch', ':', 'Instagram', ':', 'Twitter', ':', 'VOD', 'Channel', ':', 'TikTok', ':', 'Shoutouts', 'editor', 'Queue', ':', 'Theivid', ':', 'FightZone', ':', 'AntaresHeart', ':', 'Thumbnail', 'Designer/SEO', 'Specialist', ':', 'Devilmaycats', ':', 'Check', 'Logitech', 'use', 'code', '``', 'jwong', ""''"", '5', '%', ':']",Follow team Basilisk FGC update ! Check best PCs universe : Join Patreon exclusive benefit giveaway way get better fighting game ! Subscribe Travel YT Channel : Subscribe VODS YT Channel Join channel get access perk : Follow Twitch : Instagram : Twitter : VOD Channel : TikTok : Shoutouts editor Queue : Theivid : FightZone : AntaresHeart : Thumbnail Designer/SEO Specialist : Devilmaycats : Check Logitech use code `` jwong '' 5 % :,8161.0,Long,41,7,518,84,Night,453,0.01695235218606056,0.00015102318205844598,0.017103375368119005,1,0,Low,Beginning,True,False,Morning,Gaming,10.184409325569693,6.1092475827643655,1.6094379124341003
Gyuthzulhp8,BLINDLY TRUSTING ANYBODY WILL GET YOU SLIMED OUT! (Lockdown Protocol),"FOLLOW US ON TWITCH: RDC Snapchat (Behind the Scenes): RDC's SOCIALS Mark - @markphillips Aff - @Affiong Leland - @23_Is_Leland Dylan - @DylanPatel4_ Desmond - @l0v3andPeac3 Benjamin - @Ive_Ben_Jammin MERCH: GAMING CHANNEL: RDCWorld Reddit: Twitter Community: RDCworld P.O BOX: PO Box 6124 Round Rock, TX 78683",2026-08-05 19:37:41+00:00,UCOnECY8FBKKPVi5ZsSgXPJA,RDC Live,20,"['rdc', 'rdc live', 'rdc stream', 'rdc game', 'rdc play']",PT1H22M59S,hd,false,179682,7398,638,https://www.twitch.tv/rdcgaming | https://www.snapchat.com/add/rdcuniverse1 | https://rdcworld1.com | https://www.youtube.com/@RDCWorldGaming | https://www.reddit.com/r/RDCWorld/ | https://x.com/i/communities/1622613483266121730,6,"['Twitch', 'Other', 'YouTube', 'Twitter/X']","['#rdcworld', '#rdc', '#rdclive']",3,"👾 FOLLOW US ON TWITCH: 👻 RDC Snapchat (Behind the Scenes): 🌎RDC's SOCIALS🌎 Mark - @markphillips Aff - @Affiong Leland - @23_Is_Leland Dylan - @DylanPatel4_ Desmond - @l0v3andPeac3 Benjamin - @Ive_Ben_Jammin 👔 MERCH: 🎮 GAMING CHANNEL: 👽 RDCWorld Reddit: 🕊️ Twitter Community: RDCworld P.O BOX: PO Box 6124 Round Rock, TX 78683","['rdc', 'rdc live', 'rdc stream', 'rdc game', 'rdc play']",5,2026-08-05,8,August,5,Wednesday,32,False,19,37,41,"['FOLLOW', 'US', 'ON', 'TWITCH', ':', 'RDC', 'Snapchat', '(', 'Behind', 'Scenes', ')', ':', 'RDC', ""'s"", 'SOCIALS', 'Mark', '-', '@', 'markphillips', 'Aff', '-', '@', 'Affiong', 'Leland', '-', '@', '23_Is_Leland', 'Dylan', '-', '@', 'DylanPatel4_', 'Desmond', '-', '@', 'l0v3andPeac3', 'Benjamin', '-', '@', 'Ive_Ben_Jammin', 'MERCH', ':', 'GAMING', 'CHANNEL', ':', 'RDCWorld', 'Reddit', ':', 'Twitter', 'Community', ':', 'RDCworld', 'P.O', 'BOX', ':', 'PO', 'Box', '6124', 'Round', 'Rock', ',', 'TX', '78683']","FOLLOW US ON TWITCH : RDC Snapchat ( Behind Scenes ) : RDC 's SOCIALS Mark - @ markphillips Aff - @ Affiong Leland - @ 23_Is_Leland Dylan - @ DylanPatel4_ Desmond - @ l0v3andPeac3 Benjamin - @ Ive_Ben_Jammin MERCH : GAMING CHANNEL : RDCWorld Reddit : Twitter Community : RDCworld P.O BOX : PO Box 6124 Round Rock , TX 78683",4979.0,Long,69,10,310,46,Evening,8036,0.04117273850469162,0.0035507173784797585,0.04472345588317138,1,0,High,Beginning,True,False,Evening,Gaming,12.098949466181953,8.90910013492555,6.459904454377535
X01L2Inxebm,STARING INTO THE BOOMSHOOT ABYSS,"Come join mining federation, we have boomshoots. Chapters: 00:00 - Intro? 16:36 - Brutal Fall 20:45 - Brutal Tank 27:48 - Brutal John Forever 39:13 - End Credits Links: Brutal John 2 on Steam: Patrons see episodes early: Join the dungeon discord: Noelle's (Credits composer) Channel: / @AmelieDoree",2026-08-06 13:39:55+00:00,UC21uZkfXpT8rPY-gPgMiCwA,Civvie 11,20,"['cv11', 'civvie11', ""civvie's dungeon"", 'review', 'recap', 'brutal john', 'old school laws', 'boomshoot', 'fps']",PT40M57S,hd,true,149873,10153,1312,https://store.steampowered.com/app/1859620/BRUTAL_JOHN_2/ | https://www.patreon.com/civvie11 | https://discord.gg/e7ngCwDmS3,3,"['Steam', 'Other', 'Discord']","['#FreeCivvie', '#retrogaming', '#boomershooter']",3,"Come join mining federation, we have boomshoots. Chapters: 00:00 - Intro? 16:36 - Brutal Fall 20:45 - Brutal Tank 27:48 - Brutal John Forever 39:13 - End Credits Links: Brutal John 2 on Steam: Patrons see episodes early: Join the dungeon discord: Noelle's (Credits composer) Channel: / @AmelieDoree","['cv11', 'civvie11', ""civvie's dungeon"", 'review', 'recap', 'brutal john', 'old school laws', 'boomshoot', 'fps']",9,2026-08-06,8,August,6,Thursday,32,False,13,39,55,"['Come', 'join', 'mining', 'federation', ',', 'boomshoots', '.', 'Chapters', ':', '00:00', '-', 'Intro', '?', '16:36', '-', 'Brutal', 'Fall', '20:45', '-', 'Brutal', 'Tank', '27:48', '-', 'Brutal', 'John', 'Forever', '39:13', '-', 'End', 'Credits', 'Links', ':', 'Brutal', 'John', '2', 'Steam', ':', 'Patrons', 'see', 'episode', 'early', ':', 'Join', 'dungeon', 'discord', ':', 'Noelle', ""'s"", '(', 'Credits', 'composer', ')', 'Channel', ':', '/', '@', 'AmelieDoree']","Come join mining federation , boomshoots . Chapters : 00:00 - Intro ? 16:36 - Brutal Fall 20:45 - Brutal Tank 27:48 - Brutal John Forever 39:13 - End Credits Links : Brutal John 2 Steam : Patrons see episode early : Join dungeon discord : Noelle 's ( Credits composer ) Channel : / @ AmelieDoree",2457.0,Long,32,5,298,48,Afternoon,11465,0.06774402327303784,0.008754078453090283,0.07649810172612811,1,1,High,Beginning,True,False,Afternoon,Gaming,11.9175502200807,9.22562299550734,7.180069874302796
5Snobamau5C,ENVY vs NRG - VCT Americas Stage 2 - Week 4 Day 1,"Widely regarded as the most successful region in international VALORANT competition, VCT Americas is home to world-class talent, championship-winning veterans, and the latest generation of emerging stars. The region also boasts the reigning Masters London champions and the current VALORANT Champions winners. Now, the stakes are higher than ever. Every team enters Stage 2 with one objective: secure a spot at VALORANT Champions Shanghai. Leviatán enters Stage 2 riding high after its Masters London triumph. NRG is ready to remind the world why it has long been considered a global powerhouse. Meanwhile, G2 Esports aims to defend its VCT Americas crown and add another championship to its trophy case. We’re proud to work with our fantastic partners throughout 2026: ExpressVPN, HP, Pulsar, Red Bull, Samsung, Secretlab, Verizon, and Zowie. Follow the below channels to get the latest information on VCT Americas: Twitter/X: Tik Tok: Instagram: Twitch: YouTube: Photos from the Event: Official VALORANT Esports News: Web:",2026-08-07 01:25:59+00:00,UCifCesg-EUkjKyQedaB3hRg,VALORANT Champions Tour Americas,20,"['VALORANT Champions Tour', 'VCT', 'VALORANT', 'VAL Americas', 'VALORANT Esports', 'VALORANT International League', 'VCT Americas', 'Esports', 'FPS', 'Riot Games', 'VCT Americas 2024', 'VCT 2024', 'VALORANT Champions Tour 2024']",PT4H35M1S,hd,false,147703,1529,14,https://www.x.com/valesportsna | https://www.tiktok.com/@valesportsna | https://www.instagram.com/valesportsna | https://www.twitch.tv/valorant_americas | https://www.youtube.com/@valorant_americas | https://www.flickr.com/photos/vctamericas/ | https://www.valorantesports.com/news | https://www.valorantesports.com,8,"['Twitter/X', 'TikTok', 'Instagram', 'Twitch', 'YouTube', 'Other']","['#VCTAmericas', '#VCT']",2,"Widely regarded as the most successful region in international VALORANT competition, VCT Americas is home to world-class talent, championship-winning veterans, and the latest generation of emerging stars. The region also boasts the reigning Masters London champions and the current VALORANT Champions winners. Now, the stakes are higher than ever. Every team enters Stage 2 with one objective: secure a spot at VALORANT Champions Shanghai. Leviatán enters Stage 2 riding high after its Masters London triumph. NRG is ready to remind the world why it has long been considered a global powerhouse. Meanwhile, G2 Esports aims to defend its VCT Americas crown and add another championship to its trophy case. We’re proud to work with our fantastic partners throughout 2026: ExpressVPN, HP, Pulsar, Red Bull, Samsung, Secretlab, Verizon, and Zowie. Follow the below channels to get the latest information on VCT Americas: Twitter/X: Tik Tok: Instagram: Twitch: YouTube: Photos from the Event: Official VALORANT Esports News: Web:","['VALORANT Champions Tour', 'VCT', 'VALORANT', 'VAL Americas', 'VALORANT Esports', 'VALORANT International League', 'VCT Americas', 'Esports', 'FPS', 'Riot Games', 'VCT Americas 2024', 'VCT 2024', 'VALORANT Champions Tour 2024']",13,2026-08-07,8,August,7,Friday,32,False,1,25,59,"['Widely', 'regarded', 'successful', 'region', 'international', 'VALORANT', 'competition', ',', 'VCT', 'Americas', 'home', 'world-class', 'talent', ',', 'championship-winning', 'veteran', ',', 'latest', 'generation', 'emerging', 'star', '.', 'The', 'region', 'also', 'boast', 'reigning', 'Masters', 'London', 'champion', 'current', 'VALORANT', 'Champions', 'winner', '.', 'Now', ',', 'stake', 'higher', 'ever', '.', 'Every', 'team', 'enters', 'Stage', '2', 'one', 'objective', ':', 'secure', 'spot', 'VALORANT', 'Champions', 'Shanghai', '.', 'Leviatán', 'enters', 'Stage', '2', 'riding', 'high', 'Masters', 'London', 'triumph', '.', 'NRG', 'ready', 'remind', 'world', 'long', 'considered', 'global', 'powerhouse', '.', 'Meanwhile', ',', 'G2', 'Esports', 'aim', 'defend', 'VCT', 'Americas', 'crown', 'add', 'another', 'championship', 'trophy', 'case', '.', 'We', '’', 'proud', 'work', 'fantastic', 'partner', 'throughout', '2026', ':', 'ExpressVPN', ',', 'HP', ',', 'Pulsar', ',', 'Red', 'Bull', ',', 'Samsung', ',', 'Secretlab', ',', 'Verizon', ',', 'Zowie', '.', 'Follow', 'channel', 'get', 'latest', 'information', 'VCT', 'Americas', ':', 'Twitter/X', ':', 'Tik', 'Tok', ':', 'Instagram', ':', 'Twitch', ':', 'YouTube', ':', 'Photos', 'Event', ':', 'Official', 'VALORANT', 'Esports', 'News', ':', 'Web', ':']","Widely regarded successful region international VALORANT competition , VCT Americas home world-class talent , championship-winning veteran , latest generation emerging star . The region also boast reigning Masters London champion current VALORANT Champions winner . Now , stake higher ever . Every team enters Stage 2 one objective : secure spot VALORANT Champions Shanghai . Leviatán enters Stage 2 riding high Masters London triumph . NRG ready remind world long considered global powerhouse . Meanwhile , G2 Esports aim defend VCT Americas crown add another championship trophy case . We ’ proud work fantastic partner throughout 2026 : ExpressVPN , HP , Pulsar , Red Bull , Samsung , Secretlab , Verizon , Zowie . Follow channel get latest information VCT Americas : Twitter/X : Tik Tok : Instagram : Twitch : YouTube : Photos Event : Official VALORANT Esports News : Web :",16501.0,Long,49,13,1024,156,Night,1543,0.010351854735516544,9.47848046417473e-05,0.01044663954015829,1,0,High,Beginning,True,False,Late Night,Gaming,11.90296555007558,7.333023014386481,2.70805020110221
Twmirrvgre4,The most insane GTA 6 story yet...,"SUB TO NOASDEN: Live Channel: ⁨@lukestephenslive⁩ All my links: ----------------------------------------------------------------- Sources: Mod: Mod Set Up Guide - Community Map - Grand Theft Auto VI is an upcoming action-adventure game developed and published by Rockstar Games. It is due to be the eighth main Grand Theft Auto game, following Grand Theft Auto V (2013), and the sixteenth entry overall. Set within the fictional US state of Leonida, based on Florida, the story follows the romantic criminal duo of Jason Duval and Lucia Caminos. Players will be able to freely roam Leonida's open world, which features the Miami-inspired Vice City. ~ Wikipedia ----------------------------------------------------------------- ----------------------------------------------------------------- Subscribe and I'll be your bestest friend!",2026-08-06 22:26:58+00:00,UCe4_UPAmhz2sqorGbF8oZHA,Luke Stephens,20,['luke stephens'],PT22M56S,hd,false,112111,5510,624,https://www.youtube.com/watch?v=IhV0Ratkhxs | https://linktr.ee/lukestephens | https://mods.paradoxplaza.com/mods/153426/Any | https://www.youtube.com/watch?v=mdN6Bm1aCV0 | https://map.stateofleonida.net/?lang=en,5,"['YouTube', 'Other']","['#gaming', '#ps5', '#gta']",3,"SUB TO NOASDEN: 🔥 Live Channel: ⁨@lukestephenslive⁩ 🔥 👉 All my links: 👈 ----------------------------------------------------------------- Sources: Mod: Mod Set Up Guide - Community Map - Grand Theft Auto VI is an upcoming action-adventure game developed and published by Rockstar Games. It is due to be the eighth main Grand Theft Auto game, following Grand Theft Auto V (2013), and the sixteenth entry overall. Set within the fictional US state of Leonida, based on Florida, the story follows the romantic criminal duo of Jason Duval and Lucia Caminos. Players will be able to freely roam Leonida's open world, which features the Miami-inspired Vice City. ~ Wikipedia ----------------------------------------------------------------- ╔═╦╗╔╦╗╔═╦═╦╦╦╦╗╔═╗ ║╚╣║║║╚╣╚╣╔╣╔╣║╚╣═╣ ╠╗║╚╝║║╠╗║╚╣║║║║║═╣ ╚═╩══╩═╩═╩═╩╝╚╩═╩═╝ ----------------------------------------------------------------- Subscribe and I'll be your bestest friend!",['luke stephens'],1,2026-08-06,8,August,6,Thursday,32,False,22,26,58,"['SUB', 'TO', 'NOASDEN', ':', 'Live', 'Channel', ':', '\u2068', '@', 'lukestephenslive\u2069', 'All', 'link', ':', '--', '--', '--', '--', '--', '--', '--', '--', '--', '--', '--', '--', '--', '--', '--', '--', '--', '--', '--', '--', '--', '--', '--', '--', '--', '--', '--', '--', '--', '--', '--', '--', '-', 'Sources', ':', 'Mod', ':', 'Mod', 'Set', 'Up', 'Guide', '-', 'Community', 'Map', '-', 'Grand', 'Theft', 'Auto', 'VI', 'upcoming', 'action-adventure', 'game', 'developed', 'published', 'Rockstar', 'Games', '.', 'It', 'due', 'eighth', 'main', 'Grand', 'Theft', 'Auto', 'game', ',', 'following', 'Grand', 'Theft', 'Auto', 'V', '(', '2013', ')', ',', 'sixteenth', 'entry', 'overall', '.', 'Set', 'within', 'fictional', 'US', 'state', 'Leonida', ',', 'based', 'Florida', ',', 'story', 'follows', 'romantic', 'criminal', 'duo', 'Jason', 'Duval', 'Lucia', 'Caminos', '.', 'Players', 'able', 'freely', 'roam', 'Leonida', ""'s"", 'open', 'world', ',', 'feature', 'Miami-inspired', 'Vice', 'City', '.', '~', 'Wikipedia', '--', '--', '--', '--', '--', '--', '--', '--', '--', '--', '--', '--', '--', '--', '--', '--', '--', '--', '--', '--', '--', '--', '--', '--', '--', '--', '--', '--', '--', '--', '--', '--', '-', '--', '--', '--', '--', '--', '--', '--', '--', '--', '--', '--', '--', '--', '--', '--', '--', '--', '--', '--', '--', '--', '--', '--', '--', '--', '--', '--', '--', '--', '--', '--', '--', '-', 'Subscribe', 'I', ""'ll"", 'bestest', 'friend', '!']","SUB TO NOASDEN : Live Channel : ⁨ @ lukestephenslive⁩ All link : -- -- -- -- -- -- -- -- -- -- -- -- -- -- -- -- -- -- -- -- -- -- -- -- -- -- -- -- -- -- -- -- - Sources : Mod : Mod Set Up Guide - Community Map - Grand Theft Auto VI upcoming action-adventure game developed published Rockstar Games . It due eighth main Grand Theft Auto game , following Grand Theft Auto V ( 2013 ) , sixteenth entry overall . Set within fictional US state Leonida , based Florida , story follows romantic criminal duo Jason Duval Lucia Caminos . Players able freely roam Leonida 's open world , feature Miami-inspired Vice City . ~ Wikipedia -- -- -- -- -- -- -- -- -- -- -- -- -- -- -- -- -- -- -- -- -- -- -- -- -- -- -- -- -- -- -- -- - -- -- -- -- -- -- -- -- -- -- -- -- -- -- -- -- -- -- -- -- -- -- -- -- -- -- -- -- -- -- -- -- - Subscribe I 'll bestest friend !",1376.0,Long,34,7,835,109,Evening,6134,0.04914771967068352,0.005565912354719876,0.05471363202540339,1,0,Medium,Beginning,True,False,Night,Gaming,11.627253650610315,8.614501373883236,6.437751649736401
W8Fn_5Duytu,Digging the WORLD'S LARGEST HOLE with only a spoon!,"Go to for 10% off your first month of therapy with our paid partner, BetterHelp. Make your mental health and growth a positive focus this year. Dirt Clicker is a game about digging with a spoon... Want to get your Civil Draft (and any other TCG) cards slabbed and graded? Use code RCE for 5% off (affiliate): Stock up on Gamer Supps with 10% off (affiliate): LINKS! PATREON: MERCH: MEMBERSHIP: DISCORD: REDDIT: TWITCH: PADDY (MY DOG): STREAM ARCHIVE: SPOTIFY: Epic Game Store Support-A-Creator Code: RCE (In connection with Epic Games’ Support-A-Creator Program, I may receive a commission from certain in-game purchases)",2026-08-06 16:00:30+00:00,UCeP4Yv3s4RvS0-6d9OInRMw,Real Civil Engineer,20,"['rce', 'real civil engineer']",PT30M54S,hd,false,122620,3940,174,https://betterhelp.com/realcivilengineer | https://acegrading.com/ | https://gamersupps.gg/BOOSH | https://www.patreon.com/Realcivilengineer | https://realcivilengineer.com | https://www.youtube.com/channel/UCeP4Yv3s4RvS0-6d9OInRMw/join | https://discord.gg/realcivilengineer | https://www.reddit.com/r/realcivilengineer/ | https://www.twitch.tv/realcivilengineer | https://www.youtube.com/channel/UCcGn_Cyb-0-jI1xI_nrq7iA | https://www.youtube.com/channel/UClktduM8LupB3Jep7l0nlLA | https://open.spotify.com/artist/5b48KgsbugPtMt4afp1omm?si=Ltj0JFSYRfqMFA2Ms6pHSg,12,"['Other', 'YouTube', 'Discord', 'Twitch', 'Spotify']","['#realcivilengineer', '#engineering', '#dirtclicker']",3,"Go to for 10% off your first month of therapy with our paid partner, BetterHelp. Make your mental health and growth a positive focus this year. Dirt Clicker is a game about digging with a spoon... Want to get your Civil Draft (and any other TCG) cards slabbed and graded? Use code RCE for 5% off (affiliate): Stock up on Gamer Supps with 10% off (affiliate): LINKS! PATREON: MERCH: MEMBERSHIP: DISCORD: REDDIT: TWITCH: PADDY (MY DOG): STREAM ARCHIVE: SPOTIFY: Epic Game Store Support-A-Creator Code: RCE (In connection with Epic Games’ Support-A-Creator Program, I may receive a commission from certain in-game purchases)","['rce', 'real civil engineer']",2,2026-08-06,8,August,6,Thursday,32,False,16,0,30,"['Go', '10', '%', 'first', 'month', 'therapy', 'paid', 'partner', ',', 'BetterHelp', '.', 'Make', 'mental', 'health', 'growth', 'positive', 'focus', 'year', '.', 'Dirt', 'Clicker', 'game', 'digging', 'spoon', '...', 'Want', 'get', 'Civil', 'Draft', '(', 'TCG', ')', 'card', 'slabbed', 'graded', '?', 'Use', 'code', 'RCE', '5', '%', '(', 'affiliate', ')', ':', 'Stock', 'Gamer', 'Supps', '10', '%', '(', 'affiliate', ')', ':', 'LINKS', '!', 'PATREON', ':', 'MERCH', ':', 'MEMBERSHIP', ':', 'DISCORD', ':', 'REDDIT', ':', 'TWITCH', ':', 'PADDY', '(', 'MY', 'DOG', ')', ':', 'STREAM', 'ARCHIVE', ':', 'SPOTIFY', ':', 'Epic', 'Game', 'Store', 'Support-A-Creator', 'Code', ':', 'RCE', '(', 'In', 'connection', 'Epic', 'Games', '’', 'Support-A-Creator', 'Program', ',', 'I', 'may', 'receive', 'commission', 'certain', 'in-game', 'purchase', ')']","Go 10 % first month therapy paid partner , BetterHelp . Make mental health growth positive focus year . Dirt Clicker game digging spoon ... Want get Civil Draft ( TCG ) card slabbed graded ? Use code RCE 5 % ( affiliate ) : Stock Gamer Supps 10 % ( affiliate ) : LINKS ! PATREON : MERCH : MEMBERSHIP : DISCORD : REDDIT : TWITCH : PADDY ( MY DOG ) : STREAM ARCHIVE : SPOTIFY : Epic Game Store Support-A-Creator Code : RCE ( In connection Epic Games ’ Support-A-Creator Program , I may receive commission certain in-game purchase )",1854.0,Long,51,9,621,101,Afternoon,4114,0.032131789267656176,0.0014190181047137498,0.03355080737236992,1,0,Medium,Beginning,True,False,Afternoon,Gaming,11.716853576559888,8.279189777195004,5.1647859739235145
U9Jrtw9Kn4Y,The Beginners Guide to Marvel Tokon Fighting Souls,"Here we are with the Beginners Guide to Marvel Tokon Fighting Souls! Learn everything about this newest fighting game set in the Marvel universe and about its gameplay and mechanics. I go over everything you need to know to begin your journey to understanding this game, its systems and mechanics and more! It can be scary out of the gate but armed with knowledge it all gets a lot easier to enjoy the game! We got all the classics like Captain America, Hulk, Spider-Man to lesser known characters like The Champion and Danger, everything you need to know about Tokon is here in this starter guide! 0:00 - The Basics 3:08 - Quick Skill & Special Moves 6:31 - Movement 101 7:59 - All About Meters 10:41 - Everything about Assists 17:56 - Team Building & Unlocking 21:35 - Offense - Auto Combos 23:15 - Offense - Throws 25:48 - Offense - Mixup Basics 29:52 - Offense - Assemble Smash 34:07 - Defense - Anti Airs 36:30 - Defense - Assemble Counter 39:01 - Defense - Crossover Reflect 42:34 - Defense - Techs and Rolls 45:39 - All about Combos 50:54 - In Closing --------------- --On Twitter @ --On Twitch @ --Rooflemonger monkey merch! @ --Help support the Channel on Patreon! Anything helps! You can help me buy decent bread instead of the cheap flakey bread! --Or if you would rather leave a Tip(appreciated!) try here: --Check out the clips channel!",2026-08-06 23:32:52+00:00,UC-zoo0r7MUN8qD34J8s3Pqw,rooflemonger,20,"['roofle', 'rooflemonger', 'gaming', 'video games', 'fighting games', 'fgc', 'marvel tokon', 'tokon', 'marvel tokon fighting souls', 'marvel tokon starter guide', 'marvel tokon beginner guide', 'marvel tokon beginners guide', 'marvel tokon guide', 'marvel tokon tutorial', 'marvel tokon tips', 'marvel tokon how to play', 'how to play marvel tokon', 'marvel tokon overview', 'marvel tokon gameplay', 'learn marvel tokon', 'marvel tokon beginner tips', 'marvel fighting game', 'marvel', 'marvel comics', 'xmen', 'avengers', 'magik', 'hulk', 'wolverine']",PT52M31S,hd,false,27490,2061,158,https://twitter.com/rooflemonger | https://www.twitch.tv/rooflemonger | https://teespring.com/stores/rooflemonger | https://www.patreon.com/rooflemonger | https://www.paypal.com/paypalme/rooflemonger | https://www.youtube.com/channel/UCuXN4z1dAXfuhwpNlqfismQ/videos,6,"['Twitter/X', 'Twitch', 'Other', 'YouTube']","['#gaming', '#marvel', '#marveltokon']",3,"Here we are with the Beginners Guide to Marvel Tokon Fighting Souls! Learn everything about this newest fighting game set in the Marvel universe and about its gameplay and mechanics. I go over everything you need to know to begin your journey to understanding this game, its systems and mechanics and more! It can be scary out of the gate but armed with knowledge it all gets a lot easier to enjoy the game! We got all the classics like Captain America, Hulk, Spider-Man to lesser known characters like The Champion and Danger, everything you need to know about Tokon is here in this starter guide! 0:00 - The Basics 3:08 - Quick Skill & Special Moves 6:31 - Movement 101 7:59 - All About Meters 10:41 - Everything about Assists 17:56 - Team Building & Unlocking 21:35 - Offense - Auto Combos 23:15 - Offense - Throws 25:48 - Offense - Mixup Basics 29:52 - Offense - Assemble Smash 34:07 - Defense - Anti Airs 36:30 - Defense - Assemble Counter 39:01 - Defense - Crossover Reflect 42:34 - Defense - Techs and Rolls 45:39 - All about Combos 50:54 - In Closing --------------- --On Twitter @ --On Twitch @ --Rooflemonger monkey merch! @ --Help support the Channel on Patreon! Anything helps! You can help me buy decent bread instead of the cheap flakey bread! --Or if you would rather leave a Tip(appreciated!) try here: --Check out the clips channel!","['roofle', 'rooflemonger', 'gaming', 'video games', 'fighting games', 'fgc', 'marvel tokon', 'tokon', 'marvel tokon fighting souls', 'marvel tokon starter guide', 'marvel tokon beginner guide', 'marvel tokon beginners guide', 'marvel tokon guide', 'marvel tokon tutorial', 'marvel tokon tips', 'marvel tokon how to play', 'how to play marvel tokon', 'marvel tokon overview', 'marvel tokon gameplay', 'learn marvel tokon', 'marvel tokon beginner tips', 'marvel fighting game', 'marvel', 'marvel comics', 'xmen', 'avengers', 'magik', 'hulk', 'wolverine']",29,2026-08-06,8,August,6,Thursday,32,False,23,32,52,"['Here', 'Beginners', 'Guide', 'Marvel', 'Tokon', 'Fighting', 'Souls', '!', 'Learn', 'everything', 'newest', 'fighting', 'game', 'set', 'Marvel', 'universe', 'gameplay', 'mechanic', '.', 'I', 'go', 'everything', 'need', 'know', 'begin', 'journey', 'understanding', 'game', ',', 'system', 'mechanic', '!', 'It', 'scary', 'gate', 'armed', 'knowledge', 'get', 'lot', 'easier', 'enjoy', 'game', '!', 'We', 'got', 'classic', 'like', 'Captain', 'America', ',', 'Hulk', ',', 'Spider-Man', 'lesser', 'known', 'character', 'like', 'The', 'Champion', 'Danger', ',', 'everything', 'need', 'know', 'Tokon', 'starter', 'guide', '!', '0:00', '-', 'The', 'Basics', '3:08', '-', 'Quick', 'Skill', '&', 'Special', 'Moves', '6:31', '-', 'Movement', '101', '7:59', '-', 'All', 'About', 'Meters', '10:41', '-', 'Everything', 'Assists', '17:56', '-', 'Team', 'Building', '&', 'Unlocking', '21:35', '-', 'Offense', '-', 'Auto', 'Combos', '23:15', '-', 'Offense', '-', 'Throws', '25:48', '-', 'Offense', '-', 'Mixup', 'Basics', '29:52', '-', 'Offense', '-', 'Assemble', 'Smash', '34:07', '-', 'Defense', '-', 'Anti', 'Airs', '36:30', '-', 'Defense', '-', 'Assemble', 'Counter', '39:01', '-', 'Defense', '-', 'Crossover', 'Reflect', '42:34', '-', 'Defense', '-', 'Techs', 'Rolls', '45:39', '-', 'All', 'Combos', '50:54', '-', 'In', 'Closing', '--', '--', '--', '--', '--', '--', '--', '-', '--', 'On', 'Twitter', '@', '--', 'On', 'Twitch', '@', '--', 'Rooflemonger', 'monkey', 'merch', '!', '@', '--', 'Help', 'support', 'Channel', 'Patreon', '!', 'Anything', 'help', '!', 'You', 'help', 'buy', 'decent', 'bread', 'instead', 'cheap', 'flakey', 'bread', '!', '--', 'Or', 'would', 'rather', 'leave', 'Tip', '(', 'appreciated', '!', ')', 'try', ':', '--', 'Check', 'clip', 'channel', '!']","Here Beginners Guide Marvel Tokon Fighting Souls ! Learn everything newest fighting game set Marvel universe gameplay mechanic . I go everything need know begin journey understanding game , system mechanic ! It scary gate armed knowledge get lot easier enjoy game ! We got classic like Captain America , Hulk , Spider-Man lesser known character like The Champion Danger , everything need know Tokon starter guide ! 0:00 - The Basics 3:08 - Quick Skill & Special Moves 6:31 - Movement 101 7:59 - All About Meters 10:41 - Everything Assists 17:56 - Team Building & Unlocking 21:35 - Offense - Auto Combos 23:15 - Offense - Throws 25:48 - Offense - Mixup Basics 29:52 - Offense - Assemble Smash 34:07 - Defense - Anti Airs 36:30 - Defense - Assemble Counter 39:01 - Defense - Crossover Reflect 42:34 - Defense - Techs Rolls 45:39 - All Combos 50:54 - In Closing -- -- -- -- -- -- -- - -- On Twitter @ -- On Twitch @ -- Rooflemonger monkey merch ! @ -- Help support Channel Patreon ! Anything help ! You help buy decent bread instead cheap flakey bread ! -- Or would rather leave Tip ( appreciated ! ) try : -- Check clip channel !",3151.0,Long,50,8,1349,241,Evening,2219,0.07497271735176428,0.005747544561658785,0.08072026191342306,1,0,Low,Beginning,True,False,Night,Gaming,10.221613957361983,7.631431664576906,5.0689042022202315
Vetpwzytfx4,Hice un CUARTO SECRETO para ESCONDERME con MIS MASCOTAS de Mandarina en brookhaven Roblox,🩷Entradas BODA LYNIEL: Hice un CUARTO SECRETO para ESCONDERME con MIS MASCOTAS de Mandarina en brookhaven Roblox!! Like y suscríbete a @Lyna y @YoSoyMandarina Conviértete en Miembro del canal ahora mismo: Únete a mi canal de Whatsapp: Escucha mi música en Spotify: Discord Lyniel: MIS LIBROS Encuentra todos mis libros aquí: Merchandising oficial: SÍGUEME EN MIS REDES SOCIALES Instagram: Twitter: Facebook: TikTok: TikTok de gaming:,2026-08-06 20:36:00+00:00,UC-cnbLlplnXA4oc7rR21qzg,Lyna,20,[],PT16M51S,hd,false,602797,8870,535,https://linktr.ee/lynavallejos | https://www.youtube.com/channel/UC-cnbLlplnXA4oc7rR21qzg/join | https://whatsapp.com/channel/0029VaDE0nN2P59fRkPhF30P | https://open.spotify.com/intl-es/artist/52Nw4vEbVCypyzo5agInBI | https://discord.gg/lyniel | https://bit.ly/3yBgdCb | http://bit.ly/LynaStore | https://instagram.com/Lynavallejos | https://twitter.com/srtalyna | https://facebook.com/Lynayoutube | https://www.tiktok.com/@lynitavallejos | https://www.tiktok.com/@lynagamingyt,12,"['Other', 'YouTube', 'Spotify', 'Discord', 'Instagram', 'Twitter/X', 'Facebook', 'TikTok']",['#roblox'],1,🩷Entradas BODA LYNIEL: Hice un CUARTO SECRETO para ESCONDERME con MIS MASCOTAS de Mandarina en brookhaven Roblox!! Like y suscríbete a @Lyna y @YoSoyMandarina ✨ ○ Conviértete en Miembro del canal ahora mismo: ○ Únete a mi canal de Whatsapp: ○ Escucha mi música en Spotify: ○ Discord Lyniel: ✨ MIS LIBROS ✨ ○ Encuentra todos mis libros aquí: ○ Merchandising oficial: ✨ SÍGUEME EN MIS REDES SOCIALES ✨ ○ Instagram: ○ Twitter: ○ Facebook: ○ TikTok: ○ TikTok de gaming:,[],0,2026-08-06,8,August,6,Thursday,32,False,20,36,0,"['\U0001fa77Entradas', 'BODA', 'LYNIEL', ':', 'Hice', 'un', 'CUARTO', 'SECRETO', 'para', 'ESCONDERME', 'con', 'MIS', 'MASCOTAS', 'de', 'Mandarina', 'en', 'brookhaven', 'Roblox', '!', '!', 'Like', 'suscríbete', '@', 'Lyna', '@', 'YoSoyMandarina', 'Conviértete', 'en', 'Miembro', 'del', 'canal', 'ahora', 'mismo', ':', 'Únete', 'mi', 'canal', 'de', 'Whatsapp', ':', 'Escucha', 'mi', 'música', 'en', 'Spotify', ':', 'Discord', 'Lyniel', ':', 'MIS', 'LIBROS', 'Encuentra', 'todos', 'mi', 'libros', 'aquí', ':', 'Merchandising', 'oficial', ':', 'SÍGUEME', 'EN', 'MIS', 'REDES', 'SOCIALES', 'Instagram', ':', 'Twitter', ':', 'Facebook', ':', 'TikTok', ':', 'TikTok', 'de', 'gaming', ':']",🩷Entradas BODA LYNIEL : Hice un CUARTO SECRETO para ESCONDERME con MIS MASCOTAS de Mandarina en brookhaven Roblox ! ! Like suscríbete @ Lyna @ YoSoyMandarina Conviértete en Miembro del canal ahora mismo : Únete mi canal de Whatsapp : Escucha mi música en Spotify : Discord Lyniel : MIS LIBROS Encuentra todos mi libros aquí : Merchandising oficial : SÍGUEME EN MIS REDES SOCIALES Instagram : Twitter : Facebook : TikTok : TikTok de gaming :,1011.0,Long,89,14,433,65,Evening,9405,0.014714738129088233,0.0008875293009089296,0.015602267429997162,1,0,Very High,Beginning,True,False,Evening,Gaming,13.30933742787894,9.090542808520587,6.284134161070802
Tr9Gxvtvuwo,We Played ILLEGAL Games in Machine Party!,Yumi and the boys play illegal and lethal games in Machine Party! If you wanna see us play more of this crazy party game LEAVE A LIKE AND SUB WOOOOOOOO!! 10% OFF GAMERSUPPS: Streamed live at: Main Channel: ‪@Yumi 2nd Channel: @TooYumi Yumi Music: ‪@YumiMusicc,2026-08-06 21:00:27+00:00,UCLMYuYy1GkhaR2xnhx2koWg,YumiLive,20,"['vod', 'live', 'live stream', 'yumi', 'gaming', 'gameplay', 'funny moments', 'yumilive', 'streamer', 'machine party', 'machine party game', 'machine party gameplay', 'machine party co op', 'machine party steam', 'machineparty', 'mike klubnika', 'gdeavid', 'buckshot roulette', 'co op horror game', 'co op party game', 'horror party game', 'indie horror game', 'co op minigames', 'indie co op game', '4 player co op', 'coop', 'mario party', 'pummel party', 'minigames', 'party game', 'soup', 'trippy', '4sixty', 'yumi plays', 'yumi live', 'illegal games', 'party']",PT58M39S,hd,false,38643,1956,63,https://bit.ly/CODEYUMI | https://www.twitch.tv/yumi,2,"['Other', 'Twitch']",[],0,Yumi and the boys play illegal and lethal games in Machine Party! If you wanna see us play more of this crazy party game LEAVE A LIKE AND SUB WOOOOOOOO!! 10% OFF GAMERSUPPS: Streamed live at: Main Channel: ‪@Yumi 2nd Channel: @TooYumi Yumi Music: ‪@YumiMusicc,"['vod', 'live', 'live stream', 'yumi', 'gaming', 'gameplay', 'funny moments', 'yumilive', 'streamer', 'machine party', 'machine party game', 'machine party gameplay', 'machine party co op', 'machine party steam', 'machineparty', 'mike klubnika', 'gdeavid', 'buckshot roulette', 'co op horror game', 'co op party game', 'horror party game', 'indie horror game', 'co op minigames', 'indie co op game', '4 player co op', 'coop', 'mario party', 'pummel party', 'minigames', 'party game', 'soup', 'trippy', '4sixty', 'yumi plays', 'yumi live', 'illegal games', 'party']",37,2026-08-06,8,August,6,Thursday,32,False,21,0,27,"['Yumi', 'boy', 'play', 'illegal', 'lethal', 'game', 'Machine', 'Party', '!', 'If', 'wan', 'na', 'see', 'u', 'play', 'crazy', 'party', 'game', 'LEAVE', 'A', 'LIKE', 'AND', 'SUB', 'WOOOOOOOO', '!', '!', '10', '%', 'OFF', 'GAMERSUPPS', ':', 'Streamed', 'live', ':', 'Main', 'Channel', ':', '\u202a', '@', 'Yumi', '2nd', 'Channel', ':', '@', 'TooYumi', 'Yumi', 'Music', ':', '\u202a', '@', 'YumiMusicc']",Yumi boy play illegal lethal game Machine Party ! If wan na see u play crazy party game LEAVE A LIKE AND SUB WOOOOOOOO ! ! 10 % OFF GAMERSUPPS : Streamed live : Main Channel : ‪ @ Yumi 2nd Channel : @ TooYumi Yumi Music : ‪ @ YumiMusicc,3519.0,Long,41,7,259,45,Evening,2019,0.05061718810651347,0.0016303082058846362,0.052247496312398105,1,0,Low,Beginning,True,False,Evening,Gaming,10.5621468026374,7.579167967396076,4.1588830833596715
Cb82Ghywury,LEFT PUNCH ONLY! Mike Tyson's Punch-Out!! (PORTRAIT),Undefeated Left Punch Challenge | Live every Monday / Tuesday / Thursday / Sunday ~5:30PM Pacific My Consoles & Hardware: Nintendo AV Famicom (NES) - RGB Modded Nintendo Entertainment System (NES) - RGB Modded Nintendo Super Famicom 1-Chip (SNES) Nintendo 64 - RGB Modded Nintendo Gamecube Nintendo Wii Playstation 2 - HDMI Modded Sega Dreamcast Live streams available: (horizontal & vertical) (horizontal),2026-08-07 05:48:21+00:00,UCjtT6JBy3-CSdqVajCeTIyQ,NaadoFett,20,"['Deathless Run', 'Challenge Run', 'Deathless Challenge', 'RetroTink', 'video scaler', 'RetroTink 4k', 'Original hardware', 'classic console', 'HD Retrovision', 'nes', 'Nintendo entertainment system', 'SNES', 'Super Nintendo', 'Super Famicom', 'nintendo 64', 'n64', 'rgb mod', 'rgb console mod', 'mister project', 'mister fpga', 'mister', 'daemonbite adapter', 'snac adapter', '3d printer', '3d printing', 'fusion360', 'Cozy stream']",PT4H49M23S,hd,false,74554,576,1,http://www.youtube.com/naadofett | http://www.twitch.tv/naadofett,2,"['YouTube', 'Twitch']","['#punchout', '#miketysonspunchout', '#nes', '#nintendo', '#retrogames', '#misterfpga']",6,Undefeated Left Punch Challenge | Live every Monday / Tuesday / Thursday / Sunday ~5:30PM Pacific My Consoles & Hardware: Nintendo AV Famicom (NES) - RGB Modded Nintendo Entertainment System (NES) - RGB Modded Nintendo Super Famicom 1-Chip (SNES) Nintendo 64 - RGB Modded Nintendo Gamecube Nintendo Wii Playstation 2 - HDMI Modded Sega Dreamcast Live streams available: (horizontal & vertical) (horizontal),"['Deathless Run', 'Challenge Run', 'Deathless Challenge', 'RetroTink', 'video scaler', 'RetroTink 4k', 'Original hardware', 'classic console', 'HD Retrovision', 'nes', 'Nintendo entertainment system', 'SNES', 'Super Nintendo', 'Super Famicom', 'nintendo 64', 'n64', 'rgb mod', 'rgb console mod', 'mister project', 'mister fpga', 'mister', 'daemonbite adapter', 'snac adapter', '3d printer', '3d printing', 'fusion360', 'Cozy stream']",27,2026-08-07,8,August,7,Friday,32,False,5,48,21,"['Undefeated', 'Left', 'Punch', 'Challenge', '|', 'Live', 'every', 'Monday', '/', 'Tuesday', '/', 'Thursday', '/', 'Sunday', '~5:30PM', 'Pacific', 'My', 'Consoles', '&', 'Hardware', ':', 'Nintendo', 'AV', 'Famicom', '(', 'NES', ')', '-', 'RGB', 'Modded', 'Nintendo', 'Entertainment', 'System', '(', 'NES', ')', '-', 'RGB', 'Modded', 'Nintendo', 'Super', 'Famicom', '1-Chip', '(', 'SNES', ')', 'Nintendo', '64', '-', 'RGB', 'Modded', 'Nintendo', 'Gamecube', 'Nintendo', 'Wii', 'Playstation', '2', '-', 'HDMI', 'Modded', 'Sega', 'Dreamcast', 'Live', 'stream', 'available', ':', '(', 'horizontal', '&', 'vertical', ')', '(', 'horizontal', ')']",Undefeated Left Punch Challenge | Live every Monday / Tuesday / Thursday / Sunday ~5:30PM Pacific My Consoles & Hardware : Nintendo AV Famicom ( NES ) - RGB Modded Nintendo Entertainment System ( NES ) - RGB Modded Nintendo Super Famicom 1-Chip ( SNES ) Nintendo 64 - RGB Modded Nintendo Gamecube Nintendo Wii Playstation 2 - HDMI Modded Sega Dreamcast Live stream available : ( horizontal & vertical ) ( horizontal ),17363.0,Long,52,7,406,62,Night,577,0.007725943611342115,1.3413096547468949e-05,0.007739356707889583,1,0,Medium,Beginning,True,False,Late Night,Gaming,11.219292387025007,6.3578422665081,0.6931471805599453
Wk3Nmi1Ko2I,My Girlfriend Won't Stop Throwing Up at the Trampoline Park!,"Subscribe if you like Johnny Minecraft! Make sure you watch till the end to see what happens! Watch the teaser for our NEW animated series, JOHNNY IRL: Limited plush drop coming soon… get early access: Join the new Johnny discord server:",2026-08-06 22:30:26+00:00,UCtHWok614W2Nw7x0R-uHS7Q,Johnny World,20,"['johnny', 'heres johnny', 'johnny gaming', 'johnny minecraft', 'johnny compilation', 'best of johnny', 'johnny funny moments', 'funny moments', 'funniest moments', 'compilation', 'gaming compilation', 'family friendly', 'kid friendly', 'no cussing', 'no bad words', 'minecraft', 'minecraft funny', 'minecraft challenge', 'minecraft roleplay', 'minecraft skit', 'minecraft mod', 'cash', 'cash minecraft', 'cash and nico', 'nico', 'maizen', 'aphmau', 'roblox', 'roblox funny', 'roblox roleplay', 'gaming', 'funny gaming videos']",PT1H54M15S,hd,false,56146,840,84,https://www.youtube.com/watch?v=pLkJ2Pu9Fik | https://spinnyhat.store | https://discord.gg/wChcP6Nbc2,3,"['YouTube', 'Other', 'Discord']","['#johnny', '#minecraft']",2,"Subscribe if you like Johnny Minecraft! Make sure you watch till the end to see what happens! 🎬 Watch the teaser for our NEW animated series, JOHNNY IRL: 👀 Limited plush drop coming soon… get early access: Join the new Johnny discord server: 💛","['johnny', 'heres johnny', 'johnny gaming', 'johnny minecraft', 'johnny compilation', 'best of johnny', 'johnny funny moments', 'funny moments', 'funniest moments', 'compilation', 'gaming compilation', 'family friendly', 'kid friendly', 'no cussing', 'no bad words', 'minecraft', 'minecraft funny', 'minecraft challenge', 'minecraft roleplay', 'minecraft skit', 'minecraft mod', 'cash', 'cash minecraft', 'cash and nico', 'nico', 'maizen', 'aphmau', 'roblox', 'roblox funny', 'roblox roleplay', 'gaming', 'funny gaming videos']",32,2026-08-06,8,August,6,Thursday,32,False,22,30,26,"['Subscribe', 'like', 'Johnny', 'Minecraft', '!', 'Make', 'sure', 'watch', 'till', 'end', 'see', 'happens', '!', 'Watch', 'teaser', 'NEW', 'animated', 'series', ',', 'JOHNNY', 'IRL', ':', 'Limited', 'plush', 'drop', 'coming', 'soon…', 'get', 'early', 'access', ':', 'Join', 'new', 'Johnny', 'discord', 'server', ':']","Subscribe like Johnny Minecraft ! Make sure watch till end see happens ! Watch teaser NEW animated series , JOHNNY IRL : Limited plush drop coming soon… get early access : Join new Johnny discord server :",6855.0,Long,60,10,237,41,Evening,924,0.014960994549923414,0.0014960994549923414,0.016457094004915754,1,0,Low,Beginning,True,False,Night,Gaming,10.935728530422239,6.734591659972948,4.442651256490317
F8Gspmnw-Cy,Bungie released One More Surprise Update for Destiny 2...,"New Destiny 2 News after what was supposed to be the latest TWAB (TWID) on Aug 4 in Destiny 2: Monument of Triumph (June Update)! We have the First Community TWID! Bungie Surprised Destiny 2 Players with another Small but much-wanted Update to the game! And people HAVE FOUND A WAY TO LOAD INTO THE LEVIATHAN RAID IN 2026! --FOLLOW ME ON TWITCH: --CHECK OUT THE COMMUNITY TWID HERE: --- My Twitter: New video, going over the latest Destiny 2 News from the New Weekly Update (What was supposed to be the final TWAB aka Final TWID) on August 4th in the new Monument of Triumph Update, the New Destiny 2 Update with Destiny 2 Ending, after the Launch of the New Destiny 2 Renegades Expansion! Monument of Triumph is here and we have the Destiny 2 News from the New TWAB (This week at Bungie) or TWID (This Week in Destiny), during Destiny 2 Monument of Triumph! This is after Destiny 2: Renegades, and The Edge of Fate DLC. The Renegades Expansion brought a new Campaign, and the ""Lawless Frontiers"" Activity! Pledge to the different Syndicates (Totality Division, The Pikers, or Tharsis Reformation), and complete Bounties in the Lawless Frontier, secure Contested Zones, and fend off Invaders! Get the new Praxic Blade Exotic Sword (Destiny 2 Lightsaber), and play the new Equilibrium Dungeon! But now We have the Monument Of Triumph! The Last Destiny 2 Update Ever! It brings Pantheon 2.0 (Calus Resplendent and Morgeth Surpassing) As well as Updated Destinations, New Exotic Catalysts, the new Secret Exotic Quest and Secret Exotic Mission for the Cull's Shadow, Sparrow Racing League (SRL), and more! But today we're going over the new Destiny 2 news from the New Destiny 2 Reset, and more! We have new featured raids and dungeons with absolutely god tier armor that will be tier 5! We had the last patch ever, but this week bungie actually made another small Updates fixing things! The a free god roll Zavala Weapon from Vanguard Armory is back! And the Europa Armor set was disabled in pvp! And someone figured out how to Load into the Leviathan Raid in 2026!",2026-08-06 21:06:43+00:00,UCLM1eE8w_DZ89n4yIxVbffA,KackisHD,20,"['destiny 2', 'destiny 2 news', 'titan build', 'warlock build', 'hunter build', 'destiny 2 new dlc', 'destiny 2 twab', 'twid', 'destiny 2 2026', 'bungie', 'destiny 3', 'twab', 'destiny 2 best weapons', 'destiny 2 new update', 'destiny 2 new abilities', 'destiny', 'srl', 'destiny 2 exotic quest', 'destiny 2 pantheon', 'monument of triumph', 'destiny 2 reset', 'destiny 2 weekly reset', 'destiny 2 raid', 'vanguard arsenal', 'destiny 2 emblem', 'leviathan raid', 'destiny 2 europa', 'destiny 2 armor', 'destiny 2 armor set bonuses']",PT17M43S,hd,false,71137,6376,341,https://www.twitch.tv/kackishd | https://d2communityhub.com/articles/twid-08-06-26 | https://twitter.com/RickKackis,3,"['Twitch', 'Other', 'Twitter/X']","['#destiny2', '#destiny2news', '#gaming']",3,"New Destiny 2 News after what was supposed to be the latest TWAB (TWID) on Aug 4 in Destiny 2: Monument of Triumph (June Update)! We have the First Community TWID! Bungie Surprised Destiny 2 Players with another Small but much-wanted Update to the game! And people HAVE FOUND A WAY TO LOAD INTO THE LEVIATHAN RAID IN 2026! --FOLLOW ME ON TWITCH: --CHECK OUT THE COMMUNITY TWID HERE: --- My Twitter: New video, going over the latest Destiny 2 News from the New Weekly Update (What was supposed to be the final TWAB aka Final TWID) on August 4th in the new Monument of Triumph Update, the New Destiny 2 Update with Destiny 2 Ending, after the Launch of the New Destiny 2 Renegades Expansion! Monument of Triumph is here and we have the Destiny 2 News from the New TWAB (This week at Bungie) or TWID (This Week in Destiny), during Destiny 2 Monument of Triumph! This is after Destiny 2: Renegades, and The Edge of Fate DLC. The Renegades Expansion brought a new Campaign, and the ""Lawless Frontiers"" Activity! Pledge to the different Syndicates (Totality Division, The Pikers, or Tharsis Reformation), and complete Bounties in the Lawless Frontier, secure Contested Zones, and fend off Invaders! Get the new Praxic Blade Exotic Sword (Destiny 2 Lightsaber), and play the new Equilibrium Dungeon! But now We have the Monument Of Triumph! The Last Destiny 2 Update Ever! It brings Pantheon 2.0 (Calus Resplendent and Morgeth Surpassing) As well as Updated Destinations, New Exotic Catalysts, the new Secret Exotic Quest and Secret Exotic Mission for the Cull's Shadow, Sparrow Racing League (SRL), and more! But today we're going over the new Destiny 2 news from the New Destiny 2 Reset, and more! We have new featured raids and dungeons with absolutely god tier armor that will be tier 5! We had the last patch ever, but this week bungie actually made another small Updates fixing things! The a free god roll Zavala Weapon from Vanguard Armory is back! And the Europa Armor set was disabled in pvp! And someone figured out how to Load into the Leviathan Raid in 2026!","['destiny 2', 'destiny 2 news', 'titan build', 'warlock build', 'hunter build', 'destiny 2 new dlc', 'destiny 2 twab', 'twid', 'destiny 2 2026', 'bungie', 'destiny 3', 'twab', 'destiny 2 best weapons', 'destiny 2 new update', 'destiny 2 new abilities', 'destiny', 'srl', 'destiny 2 exotic quest', 'destiny 2 pantheon', 'monument of triumph', 'destiny 2 reset', 'destiny 2 weekly reset', 'destiny 2 raid', 'vanguard arsenal', 'destiny 2 emblem', 'leviathan raid', 'destiny 2 europa', 'destiny 2 armor', 'destiny 2 armor set bonuses']",29,2026-08-06,8,August,6,Thursday,32,False,21,6,43,"['New', 'Destiny', '2', 'News', 'supposed', 'latest', 'TWAB', '(', 'TWID', ')', 'Aug', '4', 'Destiny', '2', ':', 'Monument', 'Triumph', '(', 'June', 'Update', ')', '!', 'We', 'First', 'Community', 'TWID', '!', 'Bungie', 'Surprised', 'Destiny', '2', 'Players', 'another', 'Small', 'much-wanted', 'Update', 'game', '!', 'And', 'people', 'HAVE', 'FOUND', 'A', 'WAY', 'TO', 'LOAD', 'INTO', 'THE', 'LEVIATHAN', 'RAID', 'IN', '2026', '!', '--', 'FOLLOW', 'ME', 'ON', 'TWITCH', ':', '--', 'CHECK', 'OUT', 'THE', 'COMMUNITY', 'TWID', 'HERE', ':', '--', '-', 'My', 'Twitter', ':', 'New', 'video', ',', 'going', 'latest', 'Destiny', '2', 'News', 'New', 'Weekly', 'Update', '(', 'What', 'supposed', 'final', 'TWAB', 'aka', 'Final', 'TWID', ')', 'August', '4th', 'new', 'Monument', 'Triumph', 'Update', ',', 'New', 'Destiny', '2', 'Update', 'Destiny', '2', 'Ending', ',', 'Launch', 'New', 'Destiny', '2', 'Renegades', 'Expansion', '!', 'Monument', 'Triumph', 'Destiny', '2', 'News', 'New', 'TWAB', '(', 'This', 'week', 'Bungie', ')', 'TWID', '(', 'This', 'Week', 'Destiny', ')', ',', 'Destiny', '2', 'Monument', 'Triumph', '!', 'This', 'Destiny', '2', ':', 'Renegades', ',', 'The', 'Edge', 'Fate', 'DLC', '.', 'The', 'Renegades', 'Expansion', 'brought', 'new', 'Campaign', ',', '``', 'Lawless', 'Frontiers', ""''"", 'Activity', '!', 'Pledge', 'different', 'Syndicates', '(', 'Totality', 'Division', ',', 'The', 'Pikers', ',', 'Tharsis', 'Reformation', ')', ',', 'complete', 'Bounties', 'Lawless', 'Frontier', ',', 'secure', 'Contested', 'Zones', ',', 'fend', 'Invaders', '!', 'Get', 'new', 'Praxic', 'Blade', 'Exotic', 'Sword', '(', 'Destiny', '2', 'Lightsaber', ')', ',', 'play', 'new', 'Equilibrium', 'Dungeon', '!', 'But', 'We', 'Monument', 'Of', 'Triumph', '!', 'The', 'Last', 'Destiny', '2', 'Update', 'Ever', '!', 'It', 'brings', 'Pantheon', '2.0', '(', 'Calus', 'Resplendent', 'Morgeth', 'Surpassing', ')', 'As', 'well', 'Updated', 'Destinations', ',', 'New', 'Exotic', 'Catalysts', ',', 'new', 'Secret', 'Exotic', 'Quest', 'Secret', 'Exotic', 'Mission', 'Cull', ""'s"", 'Shadow', ',', 'Sparrow', 'Racing', 'League', '(', 'SRL', ')', ',', '!', 'But', 'today', ""'re"", 'going', 'new', 'Destiny', '2', 'news', 'New', 'Destiny', '2', 'Reset', ',', '!', 'We', 'new', 'featured', 'raid', 'dungeon', 'absolutely', 'god', 'tier', 'armor', 'tier', '5', '!', 'We', 'last', 'patch', 'ever', ',', 'week', 'bungie', 'actually', 'made', 'another', 'small', 'Updates', 'fixing', 'thing', '!', 'The', 'free', 'god', 'roll', 'Zavala', 'Weapon', 'Vanguard', 'Armory', 'back', '!', 'And', 'Europa', 'Armor', 'set', 'disabled', 'pvp', '!', 'And', 'someone', 'figured', 'Load', 'Leviathan', 'Raid', '2026', '!']","New Destiny 2 News supposed latest TWAB ( TWID ) Aug 4 Destiny 2 : Monument Triumph ( June Update ) ! We First Community TWID ! Bungie Surprised Destiny 2 Players another Small much-wanted Update game ! And people HAVE FOUND A WAY TO LOAD INTO THE LEVIATHAN RAID IN 2026 ! -- FOLLOW ME ON TWITCH : -- CHECK OUT THE COMMUNITY TWID HERE : -- - My Twitter : New video , going latest Destiny 2 News New Weekly Update ( What supposed final TWAB aka Final TWID ) August 4th new Monument Triumph Update , New Destiny 2 Update Destiny 2 Ending , Launch New Destiny 2 Renegades Expansion ! Monument Triumph Destiny 2 News New TWAB ( This week Bungie ) TWID ( This Week Destiny ) , Destiny 2 Monument Triumph ! This Destiny 2 : Renegades , The Edge Fate DLC . The Renegades Expansion brought new Campaign , `` Lawless Frontiers '' Activity ! Pledge different Syndicates ( Totality Division , The Pikers , Tharsis Reformation ) , complete Bounties Lawless Frontier , secure Contested Zones , fend Invaders ! Get new Praxic Blade Exotic Sword ( Destiny 2 Lightsaber ) , play new Equilibrium Dungeon ! But We Monument Of Triumph ! The Last Destiny 2 Update Ever ! It brings Pantheon 2.0 ( Calus Resplendent Morgeth Surpassing ) As well Updated Destinations , New Exotic Catalysts , new Secret Exotic Quest Secret Exotic Mission Cull 's Shadow , Sparrow Racing League ( SRL ) , ! But today 're going new Destiny 2 news New Destiny 2 Reset , ! We new featured raid dungeon absolutely god tier armor tier 5 ! We last patch ever , week bungie actually made another small Updates fixing thing ! The free god roll Zavala Weapon Vanguard Armory back ! And Europa Armor set disabled pvp ! And someone figured Load Leviathan Raid 2026 !",1063.0,Long,57,9,2063,360,Evening,6717,0.0896298691257714,0.004793567341889593,0.09442343646766099,1,0,Low,Beginning,True,False,Evening,Gaming,11.172376931528394,8.760453046315272,5.834810737062605
Z9Fwbfoliwc,【ZELDA: A LINK TO THE PAST】first ever zelda literally in my life #calliolive,"buy my blu-ray so I can tour someday: opening animation: ---------------------------- Nintendo properties used in this video and livestream are used with permission and under license by Nintendo Co., Ltd. ---------------------------- Request from hololive Productions to underage viewers Please search for [Request To Minors] or click on the link below, to read it and enjoy the video!",2026-08-07 05:29:02+00:00,UCL_qhgtOy0dy1Agp8vkySQg,Mori Calliope Ch. hololive-EN,20,"['ホロライブ', 'hololive', 'ホロライブプロダクション', 'hololive production', 'ホロプロ', 'Mori', 'Calliope', 'カリオペ', 'hololive English', 'holoEN', 'hololive Myth', 'holoMyth']",PT5H9M42S,hd,false,121777,8590,56,https://lnk.to/mc_grimoire | https://x.com/aimusu1208 | https://hololivepro.com/en/request-to-minors/,3,"['Other', 'Twitter/X']",[],0,"buy my blu-ray so I can tour someday: opening animation: ---------------------------- Nintendo properties used in this video and livestream are used with permission and under license by Nintendo Co., Ltd. ---------------------------- Request from hololive Productions to underage viewers Please search for [Request To Minors] or click on the link below, to read it and enjoy the video!","['ホロライブ', 'hololive', 'ホロライブプロダクション', 'hololive production', 'ホロプロ', 'Mori', 'Calliope', 'カリオペ', 'hololive English', 'holoEN', 'hololive Myth', 'holoMyth']",12,2026-08-07,8,August,7,Friday,32,False,5,29,2,"['buy', 'blu-ray', 'I', 'tour', 'someday', ':', 'opening', 'animation', ':', '--', '--', '--', '--', '--', '--', '--', '--', '--', '--', '--', '--', '--', '--', 'Nintendo', 'property', 'used', 'video', 'livestream', 'used', 'permission', 'license', 'Nintendo', 'Co.', ',', 'Ltd.', '--', '--', '--', '--', '--', '--', '--', '--', '--', '--', '--', '--', '--', '--', 'Request', 'hololive', 'Productions', 'underage', 'viewer', 'Please', 'search', '[', 'Request', 'To', 'Minors', ']', 'click', 'link', ',', 'read', 'enjoy', 'video', '!']","buy blu-ray I tour someday : opening animation : -- -- -- -- -- -- -- -- -- -- -- -- -- -- Nintendo property used video livestream used permission license Nintendo Co. , Ltd. -- -- -- -- -- -- -- -- -- -- -- -- -- -- Request hololive Productions underage viewer Please search [ Request To Minors ] click link , read enjoy video !",18582.0,Long,76,13,385,57,Night,8646,0.07053877168923524,0.0004598569516411145,0.07099862864087636,1,0,Medium,Beginning,True,False,Late Night,Gaming,11.709954993969731,9.058470422638056,4.04305126783455
Mh4Ktr2Hgke,Solo to Apex Predator is easy...,I love Apex Legends My Socials: Twitter: Discord: Twitch: TikTok: ---------------------------------------------------| Edited/Managed by: Becoming the Best Player in the World | HisWattson Apex Legends ---------------------------------------------------|,2026-08-07 02:25:06+00:00,UCu6xqwLxixO-UidWIQzTHlg,HisWattson,20,"['apex legends', 'apex legends ranked', 'apex predator', 'hiswattson', 'hiswattson apex', 'hiswattson apex legends', 'hiswattson settings', 'apex legends live', 'live apex legends', 'algs', 'apex legends algs', 'apex legends ranked challenge']",PT1H43M22S,hd,false,33533,1230,227,https://twitter.com/HisWattson | https://discord.gg/jxJXeSv4GT | https://www.twitch.tv/hiswattson | https://www.tiktok.com/@hiswattson | https://twitter.com/solace6k,5,"['Twitter/X', 'Discord', 'Twitch', 'TikTok']",['#apexlegends'],1,I love Apex Legends My Socials: Twitter: Discord: Twitch: TikTok: ---------------------------------------------------| Edited/Managed by: Becoming the Best Player in the World | HisWattson Apex Legends ---------------------------------------------------|,"['apex legends', 'apex legends ranked', 'apex predator', 'hiswattson', 'hiswattson apex', 'hiswattson apex legends', 'hiswattson settings', 'apex legends live', 'live apex legends', 'algs', 'apex legends algs', 'apex legends ranked challenge']",12,2026-08-07,8,August,7,Friday,32,False,2,25,6,"['I', 'love', 'Apex', 'Legends', 'My', 'Socials', ':', 'Twitter', ':', 'Discord', ':', 'Twitch', ':', 'TikTok', ':', '--', '--', '--', '--', '--', '--', '--', '--', '--', '--', '--', '--', '--', '--', '--', '--', '--', '--', '--', '--', '--', '--', '--', '--', '--', '-|', 'Edited/Managed', ':', 'Becoming', 'Best', 'Player', 'World', '|', 'HisWattson', 'Apex', 'Legends', '--', '--', '--', '--', '--', '--', '--', '--', '--', '--', '--', '--', '--', '--', '--', '--', '--', '--', '--', '--', '--', '--', '--', '--', '--', '-|']",I love Apex Legends My Socials : Twitter : Discord : Twitch : TikTok : -- -- -- -- -- -- -- -- -- -- -- -- -- -- -- -- -- -- -- -- -- -- -- -- -- -| Edited/Managed : Becoming Best Player World | HisWattson Apex Legends -- -- -- -- -- -- -- -- -- -- -- -- -- -- -- -- -- -- -- -- -- -- -- -- -- -|,6202.0,Long,32,6,254,25,Night,1457,0.03668028509229714,0.006769450988578415,0.04344973608087555,1,0,Low,Beginning,True,False,Late Night,Gaming,10.420315128497753,7.115582126184454,5.429345628954441
Zetbkvn1-9K,The Vanoss Crew Play Big Walk!,Who knew walking could be so fun? Friends: @VanossGaming @Terroriser @KingLuiCalibre @wildcat @BasicallyIDoWrk @Sp00nerism Edited by: @ECO516 Outr​⁠o:,2026-08-06 18:00:09+00:00,UCvPW1W4WlpTgNezZzwIstLA,Nogla,20,"['nogla', 'vanoss crew']",PT31M36S,hd,false,101328,5094,224,https://youtu.be/AodgAC0gA4k?si=RDuS9R0TYcCBOMV3,1,['YouTube'],"['#nogla', '#vanosscrew', '#bigwalk', '#gaming']",4,Who knew walking could be so fun? Friends: @VanossGaming @Terroriser @KingLuiCalibre @wildcat @BasicallyIDoWrk @Sp00nerism Edited by: @ECO516 Outr​⁠o:,"['nogla', 'vanoss crew']",2,2026-08-06,8,August,6,Thursday,32,False,18,0,9,"['Who', 'knew', 'walking', 'could', 'fun', '?', 'Friends', ':', '@', 'VanossGaming', '@', 'Terroriser', '@', 'KingLuiCalibre', '@', 'wildcat', '@', 'BasicallyIDoWrk', '@', 'Sp00nerism', 'Edited', ':', '@', 'ECO516', 'Outr\u200b\u2060o', ':']",Who knew walking could fun ? Friends : @ VanossGaming @ Terroriser @ KingLuiCalibre @ wildcat @ BasicallyIDoWrk @ Sp00nerism Edited : @ ECO516 Outr​⁠o :,1896.0,Long,30,6,150,18,Afternoon,5318,0.050272382756987206,0.0022106426654034425,0.05248302542239065,1,0,Medium,Beginning,True,False,Evening,Gaming,11.526127927647984,8.536014945656826,5.41610040220442
Woyi9Zvfaku,Blarg Reacts To Goons TRY NOT TO LAUGH ,"USE CODE ""blarg"" or ""cozy"" for 10% off:",2026-08-06 16:50:09+00:00,UCj7KXMG2Bc4QAe1mSAOShtA,BlargLive,22,[],PT23M30S,hd,false,58564,4306,147,https://gamersupps.gg/blarg,1,['Other'],[],0,"USE CODE ""blarg"" or ""cozy"" for 10% off:",[],0,2026-08-06,8,August,6,Thursday,32,False,16,50,9,"['USE', 'CODE', '``', 'blarg', ""''"", '``', 'cozy', ""''"", '10', '%', ':']",USE CODE `` blarg '' `` cozy '' 10 % :,1410.0,Long,39,8,39,8,Afternoon,4453,0.07352639847004987,0.0025100744484666346,0.07603647291851649,1,0,Low,Beginning,False,False,Afternoon,People & Blogs,10.977892527503975,8.36799688505411,4.997212273764115
Lnjnlem9Oj0,Hide from the VILLAIN in Roblox!,"Escape the Villain… or else! Subscribe & never miss a video! Pre-Order our New Graphic Novel! Shop KREW DISTRICT! VIDEOS! Gaming Vlogs Livestreams KREW! @PaintingRainbows @GoldenGlare @ItsFunneh @LunarEclispe @DraconiteDragon GAME! Roblox Hide From The Villain: If you enjoyed the video, like & subscribe to show your support! Thanks for watching! :]",2026-08-05 21:00:18+00:00,UCUk7VggtJdo9XYTy3Z5QVAw,ItsFunneh,20,"['itsfunneh', 'funneh', 'funny moments', 'funny', 'krew', 'krew plays', 'gaming', 'games', 'roblox', 'itsfunneh roblox', 'youtube itsfunneh', 'itsfunneh minecraft', 'itsfunneh krew', 'itsfunneh videos', 'no swearing', 'no cursing', 'roblox funny moments', 'roblox roleplay', 'roblox funny', 'funny roblox', 'funny roblox game', 'roblox funneh', 'roblox hide from the villain', 'hide from the villain', 'roblox villain', 'roblox hide and seek']",PT32M14S,hd,false,376002,14547,1839,http://www.youtube.com/@ItsFunneh?sub_confirmation=1 | http://krewintotheuniverse.com/ | https://krewdistrict.com | https://youtube.com/playlist?list=PLfjWV0CFo_5xJh_HJZ4MSMlZc14zy4vZ4 | https://youtube.com/playlist?list=PLfjWV0CFo_5x2pQyKh4agInDxRxgYzagl | https://youtube.com/playlist?list=PLfjWV0CFo_5wTzNpvLPqDHq9psMdibAum | https://www.roblox.com/games/97463774278378/HIDE-FROM-THE-VILLAIN,7,"['YouTube', 'Other', 'Twitter/X']","['#ItsFunneh', '#KREW', '#Roblox']",3,"Escape the Villain… or else! Subscribe & never miss a video! Pre-Order our New Graphic Novel! Shop KREW DISTRICT! *VIDEOS!* Gaming Vlogs Livestreams *KREW!* @PaintingRainbows @GoldenGlare @ItsFunneh @LunarEclispe @DraconiteDragon *GAME!* Roblox Hide From The Villain: If you enjoyed the video, like & subscribe to show your support! Thanks for watching! :]","['itsfunneh', 'funneh', 'funny moments', 'funny', 'krew', 'krew plays', 'gaming', 'games', 'roblox', 'itsfunneh roblox', 'youtube itsfunneh', 'itsfunneh minecraft', 'itsfunneh krew', 'itsfunneh videos', 'no swearing', 'no cursing', 'roblox funny moments', 'roblox roleplay', 'roblox funny', 'funny roblox', 'funny roblox game', 'roblox funneh', 'roblox hide from the villain', 'hide from the villain', 'roblox villain', 'roblox hide and seek']",26,2026-08-05,8,August,5,Wednesday,32,False,21,0,18,"['Escape', 'Villain…', 'else', '!', 'Subscribe', '&', 'never', 'miss', 'video', '!', 'Pre-Order', 'New', 'Graphic', 'Novel', '!', 'Shop', 'KREW', 'DISTRICT', '!', 'VIDEOS', '!', 'Gaming', 'Vlogs', 'Livestreams', 'KREW', '!', '@', 'PaintingRainbows', '@', 'GoldenGlare', '@', 'ItsFunneh', '@', 'LunarEclispe', '@', 'DraconiteDragon', 'GAME', '!', 'Roblox', 'Hide', 'From', 'The', 'Villain', ':', 'If', 'enjoyed', 'video', ',', 'like', '&', 'subscribe', 'show', 'support', '!', 'Thanks', 'watching', '!', ':', ']']","Escape Villain… else ! Subscribe & never miss video ! Pre-Order New Graphic Novel ! Shop KREW DISTRICT ! VIDEOS ! Gaming Vlogs Livestreams KREW ! @ PaintingRainbows @ GoldenGlare @ ItsFunneh @ LunarEclispe @ DraconiteDragon GAME ! Roblox Hide From The Villain : If enjoyed video , like & subscribe show support ! Thanks watching ! : ]",1934.0,Long,32,6,350,51,Evening,16386,0.03868862399668087,0.004890931431215792,0.04357955542789666,1,0,Very High,Beginning,True,False,Evening,Gaming,12.837352401063606,9.58520880610688,7.517520850603031
Oxoftzv419G,6 ways to TROLL NOOBS in Roblox Rivals!,"@TapWaterRBLX MINI DOGGERSON PLUSHY- USE CODE ""MINI"" WHEN BUYING ROBUX Twitter- Instagram- Group- Snapchat-",2026-08-06 22:28:37+00:00,UC-8zLYB2DB1fFCP3KJxe0Sg,MiniBloxia,20,"['Roblox', 'Roblox Rivals', 'Rivals']",PT22M56S,hd,false,88863,2134,578,https://minibloxia.junipercreates.com/channel/UC-8zLYB2DB1fFCP3KJxe0Sg/p/7538191401151 | https://twitter.com/MiniBloxia | https://www.instagram.com/Minifatsss/ | https://www.roblox.com/groups/11652480/Town-Of-MiniBloxia#!/store | https://t.snapchat.com/w1F74Efh,5,"['Other', 'Twitter/X', 'Instagram']",[],0,"@TapWaterRBLX MINI DOGGERSON PLUSHY- ⭐USE CODE ""MINI"" WHEN BUYING ROBUX⭐ ➜Twitter- ➜Instagram- ➜Group- ➜Snapchat-","['Roblox', 'Roblox Rivals', 'Rivals']",3,2026-08-06,8,August,6,Thursday,32,False,22,28,37,"['@', 'TapWaterRBLX', 'MINI', 'DOGGERSON', 'PLUSHY-', 'USE', 'CODE', '``', 'MINI', ""''"", 'WHEN', 'BUYING', 'ROBUX', 'Twitter-', 'Instagram-', 'Group-', 'Snapchat-']",@ TapWaterRBLX MINI DOGGERSON PLUSHY- USE CODE `` MINI '' WHEN BUYING ROBUX Twitter- Instagram- Group- Snapchat-,1376.0,Long,39,8,107,14,Evening,2712,0.024014494221441994,0.006504394404870419,0.030518888626312413,1,0,Medium,Beginning,True,False,Night,Gaming,11.394862390106526,7.666221925662725,6.361302477572996
4_Hvmk5Fi6E,WATCHING NA EVAL CUP FINALS 🏆 NEW UPDATE? 👀,WATCHING EVAL CUP FINALS NEW UPDATE? Aussie Antics Socials: 2nd Channel - Twitter - Instagram - instagram.com/ausantics Discord - Twitch - Tiktok -,2026-08-07 04:33:35+00:00,UC5aATYG-mEny8VBUzf2TIjQ,AussieAntics,24,"['fortnite', 'fortnite battle royale', 'epic games', 'comp fortnite', 'competitive fortnite', 'sypherpk', 'sypher', 'itsjerian', 'fortnite news', 'fortnite update', 'tournament', 'fortnite tournament', 'aussie antics', 'antics with aussie', 'fortnite drama', 'chapter 5 season 1', 'chapter 5', 'PETERBOT']",PT9H7M25S,hd,false,110003,1221,4,https://www.youtube.com/channel/UCDf0vu3DCZ-iriwrPRpy5wg | https://twitter.com/aussieantics | https://discord.gg/aussie | https://www.twitch.tv/aussieantics | https://tiktok.com/@aussieantics,5,"['YouTube', 'Twitter/X', 'Discord', 'Twitch', 'TikTok']","['#fortnite', '#competitivefortnite', '#chapter5']",3,WATCHING EVAL CUP FINALS 🏆 NEW UPDATE? 👀 📝 Aussie Antics Socials: 🎥 2nd Channel - 🐦 Twitter - 📷 Instagram - instagram.com/ausantics 🎮 Discord - ➡️ Twitch - Tiktok -,"['fortnite', 'fortnite battle royale', 'epic games', 'comp fortnite', 'competitive fortnite', 'sypherpk', 'sypher', 'itsjerian', 'fortnite news', 'fortnite update', 'tournament', 'fortnite tournament', 'aussie antics', 'antics with aussie', 'fortnite drama', 'chapter 5 season 1', 'chapter 5', 'PETERBOT']",18,2026-08-07,8,August,7,Friday,32,False,4,33,35,"['WATCHING', 'EVAL', 'CUP', 'FINALS', 'NEW', 'UPDATE', '?', 'Aussie', 'Antics', 'Socials', ':', '2nd', 'Channel', '-', 'Twitter', '-', 'Instagram', '-', 'instagram.com/ausantics', 'Discord', '-', 'Twitch', '-', 'Tiktok', '-']",WATCHING EVAL CUP FINALS NEW UPDATE ? Aussie Antics Socials : 2nd Channel - Twitter - Instagram - instagram.com/ausantics Discord - Twitch - Tiktok -,32845.0,Long,43,9,147,23,Night,1225,0.011099697280983246,3.636264465514577e-05,0.01113605992563839,1,0,Medium,Beginning,False,False,Late Night,Entertainment,11.608272007749775,7.108244139731541,1.6094379124341003
Mtr5Priz8Ti,cartoon animal game of the year (Zoominoes),"Zoominoes on Steam: This video came from my stream on August 4th, 2026. Catch me live from 9AM-2PM PT every weekday here: If you enjoyed the video, please consider hitting the Like button. It helps me out a lot! ----------------------------------------------- Subscribe: Follow me on Twitter: -----------------------------------------------",2026-08-06 17:00:16+00:00,UC3tNpTOHsTnkmbwztCs30sA,Northernlion,20,[],PT56M6S,hd,false,62635,1687,164,https://store.steampowered.com/app/3282420/Zoominoes/ | http://twitch.tv/Northernlion | http://bit.ly/Northernlion | http://twitter.com/Northernlion,4,"['Steam', 'Twitch', 'Other', 'Twitter/X']",[],0,"Zoominoes on Steam: This video came from my stream on August 4th, 2026. Catch me live from 9AM-2PM PT every weekday here: If you enjoyed the video, please consider hitting the Like button. It helps me out a lot! ----------------------------------------------- Subscribe: Follow me on Twitter: -----------------------------------------------",[],0,2026-08-06,8,August,6,Thursday,32,False,17,0,16,"['Zoominoes', 'Steam', ':', 'This', 'video', 'came', 'stream', 'August', '4th', ',', '2026', '.', 'Catch', 'live', '9AM-2PM', 'PT', 'every', 'weekday', ':', 'If', 'enjoyed', 'video', ',', 'please', 'consider', 'hitting', 'Like', 'button', '.', 'It', 'help', 'lot', '!', '--', '--', '--', '--', '--', '--', '--', '--', '--', '--', '--', '--', '--', '--', '--', '--', '--', '--', '--', '--', '--', '--', '--', '-', 'Subscribe', ':', 'Follow', 'Twitter', ':', '--', '--', '--', '--', '--', '--', '--', '--', '--', '--', '--', '--', '--', '--', '--', '--', '--', '--', '--', '--', '--', '--', '--', '-']","Zoominoes Steam : This video came stream August 4th , 2026 . Catch live 9AM-2PM PT every weekday : If enjoyed video , please consider hitting Like button . It help lot ! -- -- -- -- -- -- -- -- -- -- -- -- -- -- -- -- -- -- -- -- -- -- -- - Subscribe : Follow Twitter : -- -- -- -- -- -- -- -- -- -- -- -- -- -- -- -- -- -- -- -- -- -- -- -",3366.0,Long,43,7,340,46,Afternoon,1851,0.02693382294244432,0.0026183443761475214,0.02955216731859184,1,0,Low,Beginning,True,False,Afternoon,Gaming,11.045095471665334,7.431299675155903,5.10594547390058
Imobxwibj0Y,Persona 4 Revival — Yukiko Sizzle,"She’ll give it her all Take on the mystery of the Midnight Channel with Yukiko Amagi, voiced by Brianna Knickerbocker! Pre-order Persona 4 Revival: Follow Atlus West: Twitter/X - Instagram - TikTok - Facebook - Web -",2026-08-07 00:00:38+00:00,UC7hgDFSPvJVIUx_b8i1cILA,Official ATLUS West,20,[],PT1M28S,hd,false,72774,6950,599,https://atlus.link/P4R | https://www.twitter.com/Atlus_West | https://www.instagram.com/atlus_west | https://www.tiktok.com/@atlus_west | https://www.facebook.com/atluswest | https://atlus.com,6,"['Other', 'Twitter/X', 'Instagram', 'TikTok', 'Facebook']",[],0,"She’ll give it her all 🌸 Take on the mystery of the Midnight Channel with Yukiko Amagi, voiced by Brianna Knickerbocker! Pre-order Persona 4 Revival: Follow Atlus West: Twitter/X - Instagram - TikTok - Facebook - Web -",[],0,2026-08-07,8,August,7,Friday,32,False,0,0,38,"['She', '’', 'give', 'Take', 'mystery', 'Midnight', 'Channel', 'Yukiko', 'Amagi', ',', 'voiced', 'Brianna', 'Knickerbocker', '!', 'Pre-order', 'Persona', '4', 'Revival', ':', 'Follow', 'Atlus', 'West', ':', 'Twitter/X', '-', 'Instagram', '-', 'TikTok', '-', 'Facebook', '-', 'Web', '-']","She ’ give Take mystery Midnight Channel Yukiko Amagi , voiced Brianna Knickerbocker ! Pre-order Persona 4 Revival : Follow Atlus West : Twitter/X - Instagram - TikTok - Facebook - Web -",88.0,Medium,33,6,216,37,Night,7549,0.09550114051721768,0.008230961607167395,0.10373210212438508,1,0,Medium,Beginning,True,False,Late Night,Gaming,11.195127768613824,8.846640813100485,6.396929655216146
Llbxf4N1R78,All This NEW Stuff Just Added to College Football 27,"In this College Football 27 video, I'll show all the new stuff that was added in the new title update. FOLLOW ME ON SOCIAL: Twitter: Instagram: For Business Inquires: contact@tablerockmanagement.com",2026-08-07 02:23:15+00:00,UCq_2n18CJaRVGxEfxtCfI-Q,EricRayweather,20,"['eric rayweather', 'ericrayweather', 'eric rayweather madden', 'ea sports college football', 'college football 27', 'ncaa 27', 'cfb 27', 'college football 27 gameplay']",PT9M47S,hd,false,27971,1026,141,https://twitter.com/EricRayweather | https://www.instagram.com/ericrayweather/,2,"['Twitter/X', 'Instagram']",[],0,"In this College Football 27 video, I'll show all the new stuff that was added in the new title update. FOLLOW ME ON SOCIAL: ▬ Twitter: ▬ Instagram: For Business Inquires: contact@tablerockmanagement.com","['eric rayweather', 'ericrayweather', 'eric rayweather madden', 'ea sports college football', 'college football 27', 'ncaa 27', 'cfb 27', 'college football 27 gameplay']",8,2026-08-07,8,August,7,Friday,32,False,2,23,15,"['In', 'College', 'Football', '27', 'video', ',', 'I', ""'ll"", 'show', 'new', 'stuff', 'added', 'new', 'title', 'update', '.', 'FOLLOW', 'ME', 'ON', 'SOCIAL', ':', 'Twitter', ':', 'Instagram', ':', 'For', 'Business', 'Inquires', ':', 'contact', '@', 'tablerockmanagement.com']","In College Football 27 video , I 'll show new stuff added new title update . FOLLOW ME ON SOCIAL : Twitter : Instagram : For Business Inquires : contact @ tablerockmanagement.com",587.0,Medium,52,10,198,30,Night,1167,0.03668084802116478,0.005040935254370598,0.04172178327553538,1,0,Low,Beginning,True,False,Late Night,Gaming,10.238959288823757,6.934397209928558,4.955827057601261
Hmmfrwe2Z4E,VANOSS helps me TROLL Wildcat in Big Walk,"We couldn't help ourselves... SUBSCRIBE & CLICK THE BELL! BECOME A MEMBER: Sub to my Patreon for UNCENSORED & EXCLUSIVE videos! MY MERCH STORE: Send stuff to my PO BOX address! TERRORISER 19215 SE 34TH ST STE 106 BOX 188 CAMAS, WA 98607 STAY CONNECTED: TerroriserXtra! 🟣 Twitch! TikTok | Twitter | Instagram | Website | JOIN THE DISCORD | Friends in the Video @VanossGaming @wildcat @DaithiDeNogla @Sp00nerism @BasicallyIDoWrk @KingLuiCalibre",2026-08-06 19:44:10+00:00,UCQiojTHkAvFvdCSajklqUXA,Terroriser,20,"['big walk update', 'big walk gameplay', 'big walk', 'house house', 'terroriser', 'vanoss', 'vanoss crew', 'house house big walk', 'big walk game', 'big walk review', 'friendslop', 'pc games', 'vanoss crew funny moments', 'vanoss crew memes', 'the gaming terroriser', 'vanossgaming', 'online co-op multiplayer', 'funny moments', 'funny vanoss crew moments', 'coop', 'basicallyidowrk', 'wildcat', 'nogla', 'the terroriser', 'gaming', 'friendslop games']",PT31M34S,hd,false,51443,3654,118,https://www.youtube.com/user/TheGamingTerroriser/join | https://www.patreon.com/Terroriser | https://terroriser.com | https://www.youtube.com/@TerroriserXtra | https://www.twitch.tv/terroriser | https://www.tiktok.com/@terrorisertiktok | https://twitter.com/terroriser | https://www.instagram.com/terroriser | https://terroriser.com/ | https://discord.gg/terroriser,10,"['YouTube', 'Other', 'Twitch', 'TikTok', 'Twitter/X', 'Instagram', 'Discord']",[],0,"We couldn't help ourselves... ❤️ SUBSCRIBE & CLICK THE BELL! 💎 BECOME A MEMBER: 🚫 Sub to my Patreon for UNCENSORED & EXCLUSIVE videos! 🛒 MY MERCH STORE: Send stuff to my PO BOX address! TERRORISER 19215 SE 34TH ST STE 106 BOX 188 CAMAS, WA 98607 ➡️ STAY CONNECTED: 🔴 TerroriserXtra! 🟣 Twitch! 📱TikTok | 🐦Twitter | 📷 Instagram | 🖥️ Website | 👉JOIN THE DISCORD | Friends in the Video @VanossGaming @wildcat @DaithiDeNogla @Sp00nerism @BasicallyIDoWrk @KingLuiCalibre","['big walk update', 'big walk gameplay', 'big walk', 'house house', 'terroriser', 'vanoss', 'vanoss crew', 'house house big walk', 'big walk game', 'big walk review', 'friendslop', 'pc games', 'vanoss crew funny moments', 'vanoss crew memes', 'the gaming terroriser', 'vanossgaming', 'online co-op multiplayer', 'funny moments', 'funny vanoss crew moments', 'coop', 'basicallyidowrk', 'wildcat', 'nogla', 'the terroriser', 'gaming', 'friendslop games']",26,2026-08-06,8,August,6,Thursday,32,False,19,44,10,"['We', 'could', ""n't"", 'help', '...', 'SUBSCRIBE', '&', 'CLICK', 'THE', 'BELL', '!', 'BECOME', 'A', 'MEMBER', ':', 'Sub', 'Patreon', 'UNCENSORED', '&', 'EXCLUSIVE', 'video', '!', 'MY', 'MERCH', 'STORE', ':', 'Send', 'stuff', 'PO', 'BOX', 'address', '!', 'TERRORISER', '19215', 'SE', '34TH', 'ST', 'STE', '106', 'BOX', '188', 'CAMAS', ',', 'WA', '98607', 'STAY', 'CONNECTED', ':', 'TerroriserXtra', '!', '🟣', 'Twitch', '!', 'TikTok', '|', 'Twitter', '|', 'Instagram', '|', 'Website', '|', 'JOIN', 'THE', 'DISCORD', '|', 'Friends', 'Video', '@', 'VanossGaming', '@', 'wildcat', '@', 'DaithiDeNogla', '@', 'Sp00nerism', '@', 'BasicallyIDoWrk', '@', 'KingLuiCalibre']","We could n't help ... SUBSCRIBE & CLICK THE BELL ! BECOME A MEMBER : Sub Patreon UNCENSORED & EXCLUSIVE video ! MY MERCH STORE : Send stuff PO BOX address ! TERRORISER 19215 SE 34TH ST STE 106 BOX 188 CAMAS , WA 98607 STAY CONNECTED : TerroriserXtra ! 🟣 Twitch ! TikTok | Twitter | Instagram | Website | JOIN THE DISCORD | Friends Video @ VanossGaming @ wildcat @ DaithiDeNogla @ Sp00nerism @ BasicallyIDoWrk @ KingLuiCalibre",1894.0,Long,41,8,442,70,Evening,3772,0.0710300721186556,0.002293800905856968,0.07332387302451257,1,0,Low,Beginning,True,False,Evening,Gaming,10.848249116385977,8.203851372183879,4.77912349311153
Anqurgdkd4G,I Played 100% of Jazzpunk. I Have No Words,I played 100% of Jazzpunk and what on earth just happened? main channel → discord →,2026-08-06 12:00:11+00:00,UCO9XZbb3iTp4l5dsLkW8Z1w,Floydsonson,20,"['floydson', 'floydsonson', 'full game', '100%', 'full playthrough', 'all achievements', 'every achievement', 'jazzpunk', 'jazzpunk 100%', 'jazzpunk playthrough', 'jazzpunk full game', 'jazzpunk all achievements']",PT1H30M15S,hd,false,125089,4100,190,https://www.youtube.com/c/floydsonyt | https://discord.com/invite/5c4dw8mHzu,2,"['YouTube', 'Discord']",[],0,I played 100% of Jazzpunk and what on earth just happened? main channel → discord →,"['floydson', 'floydsonson', 'full game', '100%', 'full playthrough', 'all achievements', 'every achievement', 'jazzpunk', 'jazzpunk 100%', 'jazzpunk playthrough', 'jazzpunk full game', 'jazzpunk all achievements']",12,2026-08-06,8,August,6,Thursday,32,False,12,0,11,"['I', 'played', '100', '%', 'Jazzpunk', 'earth', 'happened', '?', 'main', 'channel', '→', 'discord', '→']",I played 100 % Jazzpunk earth happened ? main channel → discord →,5415.0,Long,42,9,83,16,Morning,4290,0.032776663015932656,0.0015189185300066353,0.03429558154593929,1,0,High,Beginning,True,False,Afternoon,Gaming,11.736788757208787,8.31898612539206,5.25227342804663
Zc9Oh3Xuhce,Black Ops 2 Sweats HATE Rapid Fire SMGs,"Toxic raging sweats, creative emblems, I am home. Black Ops 1 and 2 are beautiful as the day we lost them. Im rocking the skorpion SMG in this video and it made alot of people mad Modern Warfare 4 BETA GAMEPLAY drops soon what are we all thinking so far Editor - Zappy_v2 on Twitter! Discord: TMAL SECOND CHANNEL: @Tmalington SOCIALS: Twitch: Twitter: RECENT VIDEOS - Sidewinder Tact Stance SVA Cursed Viewer Builds Shock Stick Menace Tyr Sniper Cor AMP Rise of the Ratnettis Haymaker Warzone 725 sniper 2024 REWIND BOOMSTICK SHOTGUN Flamethrower Orion Camo grind RAT RICK DMZ STORIES Chivalry IS FUN Power of the FRIENDSHIP BULLETS DMZ BIKE TRICKS THE DREADNOUGHT DMZ IS FUN 12v12 SND Akimbo Tec 9 Tec9 Drill Charge God of Star Wars - Jedi Survivor Call of Duty Crossbowing like it's 2010 Call of Duty Noobtubing like it's 2009 John Wick THE FINALS DUAL KODACHI MENACE YAKUZA KV BROADSIDE SHOTGUN HOGWARTS LEGACY G18 Akimbo / Kastov Ultimate Camo Grind Invasion Proximity Chat P890 Akimbo Magnum Revolver Akimbo Snakeshot Basilisk MW2 Campaign Vanguard Toxic COD Lobbies Nazi Zombies (MEME DER TOTEN)",2026-08-06 17:37:15+00:00,UCJhkqWiq7wI3BCXz2IwOqng,Tmal,20,"['Video', 'Free', 'Camera', 'Photo', 'Sharing', 'BO2', 'BLACK OPS', 'Rage']",PT10M59S,sd,false,89266,4343,421,https://discord.gg/ecdDEUw7su | https://www.twitch.tv/tmallive | https://twitter.com/TmalYT | https://youtu.be/EmKUH2R0NHg | https://youtu.be/jNEKyLLe4l8?si=5qEX8ZfXIinTNdse | https://youtu.be/ED1r74mCmr8?si=lOTyk75Dx8Y1k96q | https://youtu.be/Q9Ry3uK4zQ8?si=od4C3RIEh_1ayMk- | https://youtu.be/GF07WRzGpEs?si=0QTk_pY7P_f2TkO_ | https://youtu.be/lNtDtGKbDSY?si=xqexUXSA0SISFzLb | https://youtu.be/5M14WjxvXSo?si=LkPTEPjDfGYI6Wvt | https://youtu.be/kxovi9JRymQ?si=9XTwaSpAJxvqT9qA | https://youtu.be/yVSfym3vJO0?si=b-kK-UlHUBTWV4Nf | https://youtu.be/JCbuI36oKuQ?si=vodYnSMOwSqtdFul | https://youtu.be/g6kAazQLsi4?si=szfJhjbiECckj9Bo | https://youtu.be/T5iQU4rab2Q?si=ZmgSkD3oQr8jySi- | https://youtu.be/hkIGb6BE-e0 | https://youtu.be/NeuTlivfsJ0 | https://youtu.be/HEiKexsY4tk | https://youtu.be/WMrmVKLxjG4 | https://youtu.be/2ERZ6D06gBk | https://youtu.be/7kDdffjMyj4 | https://youtu.be/NiBVff8e63g | https://youtu.be/iIHpZu1eEtA | https://youtu.be/N7I7S5CTyD8 | https://youtu.be/coS0mC6_2Jc | https://youtu.be/tXrNThetT9k | https://youtu.be/aPj6XWfxyuk | https://youtu.be/pLQ9wpDA6BQ | https://youtu.be/qkW1x1pew1Q | https://youtu.be/YJf1sx-ZPng | https://youtu.be/fZoOhA7u04Y | https://youtu.be/o4iEI-7NQMA | https://youtu.be/5W51NOhJhzo | https://youtu.be/A_ObE0pPMqo | https://youtu.be/eRWbNS__Nrc | https://youtu.be/RAvsOCmKVAs | https://youtu.be/SsoxOzEn7v0 | https://youtu.be/rP83_Th3L9o | https://youtu.be/7HYBJqg04wM | https://youtu.be/TaqrIvhf-lI | https://youtu.be/_3TqAaBZbJ8 | https://youtu.be/vEMzKhGnWKs | https://youtu.be/YOHK2p5I8ns | https://youtu.be/fqkIGD0j_A8 | https://youtu.be/9iMVdQaUm2E | https://youtu.be/pSty6GL5uhE,46,"['Discord', 'Twitch', 'Twitter/X', 'YouTube']",[],0,"Toxic raging sweats, creative emblems, I am home. Black Ops 1 and 2 are beautiful as the day we lost them. Im rocking the skorpion SMG in this video and it made alot of people mad Modern Warfare 4 BETA GAMEPLAY drops soon what are we all thinking so far Editor - Zappy_v2 on Twitter! Discord: TMAL SECOND CHANNEL: @Tmalington SOCIALS: Twitch: Twitter: RECENT VIDEOS - Sidewinder Tact Stance SVA Cursed Viewer Builds Shock Stick Menace Tyr Sniper Cor AMP Rise of the Ratnettis Haymaker Warzone 725 sniper 2024 REWIND BOOMSTICK SHOTGUN Flamethrower Orion Camo grind RAT RICK DMZ STORIES Chivalry IS FUN Power of the FRIENDSHIP BULLETS DMZ BIKE TRICKS THE DREADNOUGHT DMZ IS FUN 12v12 SND Akimbo Tec 9 Tec9 Drill Charge God of Star Wars - Jedi Survivor Call of Duty Crossbowing like it's 2010 Call of Duty Noobtubing like it's 2009 John Wick THE FINALS DUAL KODACHI MENACE YAKUZA KV BROADSIDE SHOTGUN HOGWARTS LEGACY G18 Akimbo / Kastov Ultimate Camo Grind Invasion Proximity Chat P890 Akimbo Magnum Revolver Akimbo Snakeshot Basilisk MW2 Campaign Vanguard Toxic COD Lobbies Nazi Zombies (MEME DER TOTEN)","['Video', 'Free', 'Camera', 'Photo', 'Sharing', 'BO2', 'BLACK OPS', 'Rage']",8,2026-08-06,8,August,6,Thursday,32,False,17,37,15,"['Toxic', 'raging', 'sweat', ',', 'creative', 'emblem', ',', 'I', 'home', '.', 'Black', 'Ops', '1', '2', 'beautiful', 'day', 'lost', '.', 'Im', 'rocking', 'skorpion', 'SMG', 'video', 'made', 'alot', 'people', 'mad', 'Modern', 'Warfare', '4', 'BETA', 'GAMEPLAY', 'drop', 'soon', 'thinking', 'far', 'Editor', '-', 'Zappy_v2', 'Twitter', '!', 'Discord', ':', 'TMAL', 'SECOND', 'CHANNEL', ':', '@', 'Tmalington', 'SOCIALS', ':', 'Twitch', ':', 'Twitter', ':', 'RECENT', 'VIDEOS', '-', 'Sidewinder', 'Tact', 'Stance', 'SVA', 'Cursed', 'Viewer', 'Builds', 'Shock', 'Stick', 'Menace', 'Tyr', 'Sniper', 'Cor', 'AMP', 'Rise', 'Ratnettis', 'Haymaker', 'Warzone', '725', 'sniper', '2024', 'REWIND', 'BOOMSTICK', 'SHOTGUN', 'Flamethrower', 'Orion', 'Camo', 'grind', 'RAT', 'RICK', 'DMZ', 'STORIES', 'Chivalry', 'IS', 'FUN', 'Power', 'FRIENDSHIP', 'BULLETS', 'DMZ', 'BIKE', 'TRICKS', 'THE', 'DREADNOUGHT', 'DMZ', 'IS', 'FUN', '12v12', 'SND', 'Akimbo', 'Tec', '9', 'Tec9', 'Drill', 'Charge', 'God', 'Star', 'Wars', '-', 'Jedi', 'Survivor', 'Call', 'Duty', 'Crossbowing', 'like', ""'s"", '2010', 'Call', 'Duty', 'Noobtubing', 'like', ""'s"", '2009', 'John', 'Wick', 'THE', 'FINALS', 'DUAL', 'KODACHI', 'MENACE', 'YAKUZA', 'KV', 'BROADSIDE', 'SHOTGUN', 'HOGWARTS', 'LEGACY', 'G18', 'Akimbo', '/', 'Kastov', 'Ultimate', 'Camo', 'Grind', 'Invasion', 'Proximity', 'Chat', 'P890', 'Akimbo', 'Magnum', 'Revolver', 'Akimbo', 'Snakeshot', 'Basilisk', 'MW2', 'Campaign', 'Vanguard', 'Toxic', 'COD', 'Lobbies', 'Nazi', 'Zombies', '(', 'MEME', 'DER', 'TOTEN', ')']","Toxic raging sweat , creative emblem , I home . Black Ops 1 2 beautiful day lost . Im rocking skorpion SMG video made alot people mad Modern Warfare 4 BETA GAMEPLAY drop soon thinking far Editor - Zappy_v2 Twitter ! Discord : TMAL SECOND CHANNEL : @ Tmalington SOCIALS : Twitch : Twitter : RECENT VIDEOS - Sidewinder Tact Stance SVA Cursed Viewer Builds Shock Stick Menace Tyr Sniper Cor AMP Rise Ratnettis Haymaker Warzone 725 sniper 2024 REWIND BOOMSTICK SHOTGUN Flamethrower Orion Camo grind RAT RICK DMZ STORIES Chivalry IS FUN Power FRIENDSHIP BULLETS DMZ BIKE TRICKS THE DREADNOUGHT DMZ IS FUN 12v12 SND Akimbo Tec 9 Tec9 Drill Charge God Star Wars - Jedi Survivor Call Duty Crossbowing like 's 2010 Call Duty Noobtubing like 's 2009 John Wick THE FINALS DUAL KODACHI MENACE YAKUZA KV BROADSIDE SHOTGUN HOGWARTS LEGACY G18 Akimbo / Kastov Ultimate Camo Grind Invasion Proximity Chat P890 Akimbo Magnum Revolver Akimbo Snakeshot Basilisk MW2 Campaign Vanguard Toxic COD Lobbies Nazi Zombies ( MEME DER TOTEN )",659.0,Long,39,8,1101,186,Afternoon,4764,0.04865234243721014,0.004716241346089217,0.05336858378329935,0,0,Medium,Beginning,True,False,Afternoon,Gaming,11.399387157694076,8.37655086161377,6.045005314036012
P5B7M0Awzdk,Best Friends BiRTHDAY SURPRiSE in Berry Avenue!!  Adley Spins the Wheel PART 3 fun bday challenges,"Adley's Roblox BiRTHDAY went CRAZY!! JOIN THE FAM - HEY EVERYBODY!! HAPPY BiRTHDAY ADLEY!! Today is an extra special episode of G for Gaming because it is Adley's birthday!! For a fun celebration, Adley got some friends and family to play some more Berry Ave Roleplay Roblox to continue our Berry High School adventures! We've got Adley, Shaun, Saedie, Kensley and Mason all together and LOTS of insane moments! We even brought back the challenge wheel from last time to see what funny things everyone will have to do! Trust us, it gets CRAZY! There's a birthday party shark attack, a double date and even pulling the fire alarm in the high school after sneaking Everyone tell Adley Happy Birthday!! Thanks for Watching!! BYE! Pssssssshhhhhhhhhhhh enjoy some A for Adley videos: have a blast with our A for Adley Shorts: share a best day ever with our family: fun best day ever shorts: watch the latest A for Adley video: this is our channel G for Gaming!! this is a place that i can share all of my favorite gaming moments!!",2026-08-06 13:00:29+00:00,UCo0NaLsgPT6JrQLQGecpMyw,G for Gaming,24,"['g for gaming', 'a for adley', 'shonduras', 'adley', 'niko', 'mcbride', 'minecraft', 'roblox', 'gaming', 'ipad games']",PT41M27S,hd,false,99600,1335,545,https://www.youtube.com/@GforGaming | https://www.youtube.com/c/AforAdleyLe... | https://www.youtube.com/channel/UCMHpfyAqrjrhn-mRS2bUL0g | https://www.youtube.com/user/Shonduras | https://www.youtube.com/channel/UCgVE...,5,['YouTube'],[],0,"Adley's Roblox BiRTHDAY went CRAZY!! JOIN THE FAM - HEY EVERYBODY!! HAPPY BiRTHDAY ADLEY!! Today is an extra special episode of G for Gaming because it is Adley's birthday!! For a fun celebration, Adley got some friends and family to play some more Berry Ave Roleplay Roblox to continue our Berry High School adventures! We've got Adley, Shaun, Saedie, Kensley and Mason all together and LOTS of insane moments! We even brought back the challenge wheel from last time to see what funny things everyone will have to do! Trust us, it gets CRAZY! There's a birthday party shark attack, a double date and even pulling the fire alarm in the high school after sneaking Everyone tell Adley Happy Birthday!! Thanks for Watching!! BYE! Pssssssshhhhhhhhhhhh enjoy some A for Adley videos: have a blast with our A for Adley Shorts: share a best day ever with our family: fun best day ever shorts: watch the latest A for Adley video: this is our channel G for Gaming!! this is a place that i can share all of my favorite gaming moments!!","['g for gaming', 'a for adley', 'shonduras', 'adley', 'niko', 'mcbride', 'minecraft', 'roblox', 'gaming', 'ipad games']",10,2026-08-06,8,August,6,Thursday,32,False,13,0,29,"['Adley', ""'s"", 'Roblox', 'BiRTHDAY', 'went', 'CRAZY', '!', '!', 'JOIN', 'THE', 'FAM', '-', 'HEY', 'EVERYBODY', '!', '!', 'HAPPY', 'BiRTHDAY', 'ADLEY', '!', '!', 'Today', 'extra', 'special', 'episode', 'G', 'Gaming', 'Adley', ""'s"", 'birthday', '!', '!', 'For', 'fun', 'celebration', ',', 'Adley', 'got', 'friend', 'family', 'play', 'Berry', 'Ave', 'Roleplay', 'Roblox', 'continue', 'Berry', 'High', 'School', 'adventure', '!', 'We', ""'ve"", 'got', 'Adley', ',', 'Shaun', ',', 'Saedie', ',', 'Kensley', 'Mason', 'together', 'LOTS', 'insane', 'moment', '!', 'We', 'even', 'brought', 'back', 'challenge', 'wheel', 'last', 'time', 'see', 'funny', 'thing', 'everyone', '!', 'Trust', 'u', ',', 'get', 'CRAZY', '!', 'There', ""'s"", 'birthday', 'party', 'shark', 'attack', ',', 'double', 'date', 'even', 'pulling', 'fire', 'alarm', 'high', 'school', 'sneaking', 'Everyone', 'tell', 'Adley', 'Happy', 'Birthday', '!', '!', 'Thanks', 'Watching', '!', '!', 'BYE', '!', 'Pssssssshhhhhhhhhhhh', 'enjoy', 'A', 'Adley', 'video', ':', 'blast', 'A', 'Adley', 'Shorts', ':', 'share', 'best', 'day', 'ever', 'family', ':', 'fun', 'best', 'day', 'ever', 'short', ':', 'watch', 'latest', 'A', 'Adley', 'video', ':', 'channel', 'G', 'Gaming', '!', '!', 'place', 'share', 'favorite', 'gaming', 'moment', '!', '!']","Adley 's Roblox BiRTHDAY went CRAZY ! ! JOIN THE FAM - HEY EVERYBODY ! ! HAPPY BiRTHDAY ADLEY ! ! Today extra special episode G Gaming Adley 's birthday ! ! For fun celebration , Adley got friend family play Berry Ave Roleplay Roblox continue Berry High School adventure ! We 've got Adley , Shaun , Saedie , Kensley Mason together LOTS insane moment ! We even brought back challenge wheel last time see funny thing everyone ! Trust u , get CRAZY ! There 's birthday party shark attack , double date even pulling fire alarm high school sneaking Everyone tell Adley Happy Birthday ! ! Thanks Watching ! ! BYE ! Pssssssshhhhhhhhhhhh enjoy A Adley video : blast A Adley Shorts : share best day ever family : fun best day ever short : watch latest A Adley video : channel G Gaming ! ! place share favorite gaming moment ! !",2487.0,Long,98,16,1025,181,Afternoon,1880,0.013403614457831326,0.005471887550200803,0.01887550200803213,1,0,Medium,Beginning,False,False,Afternoon,Entertainment,11.50892748368293,7.197435354096591,6.302618975744905
Ddqysefzwms,🚨🍀EXPOSING THE #1 HACKER ON WARZONE REBIRTH ISLAND 🚨🍀,EXPOSING THE HACKER ON WARZONE REBIRTH ISLAND Controller: Code: LUCKYCHAMU for 5% off! headset: 12% OFF Sony INZONE E9: Lucky Chamu is playing the brand new WARZONE REBIRTH ISLAND map on call of duty black ops 7. Lucky Chamu using meta loadouts such as the near black ops 6 loadouts. The new warzone season 6 upcoming meta loadouts include no recoil and broken meta loadouts that you have to try! Discord: twitch: twitch.tv/luckychamu instagam: LuckyChamuu,2026-08-07 06:05:54+00:00,UCAtGANLX7I5N4wOBLH8Yq8Q,Lucky Chamu,20,"['lucky chamu', 'lucky chamu warzone', 'lucky warzone', 'lucky chamu settings', 'warzone update', 'warzone', 'new warzone', 'rebirth island', 'rebirth island warzone', 'warzone live', 'rebirth live', 'rebirth island live', 'warzone live stream', 'black ops 6', 'warzone new', 'warzone new update', 'lucky chamu live', 'lucky chamu live stream']",PT3H14M30S,hd,false,13979,111,0,https://bit.ly/gamesirlucky | https://bit.ly/luckysony | https://discord.gg/tYfNhP8zkm,3,"['Other', 'Discord']","['#1', '#cod', '#warzone', '#callofduty', '#warzone', '#blackops6']",6,🚨🍀EXPOSING THE HACKER ON WARZONE REBIRTH ISLAND 🚨🍀 Controller: Code: LUCKYCHAMU for 5% off! headset: 12% OFF Sony INZONE E9: Lucky Chamu is playing the brand new WARZONE REBIRTH ISLAND map on call of duty black ops 7. Lucky Chamu using meta loadouts such as the near black ops 6 loadouts. The new warzone season 6 upcoming meta loadouts include no recoil and broken meta loadouts that you have to try! Discord: twitch: twitch.tv/luckychamu instagam: LuckyChamuu,"['lucky chamu', 'lucky chamu warzone', 'lucky warzone', 'lucky chamu settings', 'warzone update', 'warzone', 'new warzone', 'rebirth island', 'rebirth island warzone', 'warzone live', 'rebirth live', 'rebirth island live', 'warzone live stream', 'black ops 6', 'warzone new', 'warzone new update', 'lucky chamu live', 'lucky chamu live stream']",18,2026-08-07,8,August,7,Friday,32,False,6,5,54,"['EXPOSING', 'THE', 'HACKER', 'ON', 'WARZONE', 'REBIRTH', 'ISLAND', 'Controller', ':', 'Code', ':', 'LUCKYCHAMU', '5', '%', '!', 'headset', ':', '12', '%', 'OFF', 'Sony', 'INZONE', 'E9', ':', 'Lucky', 'Chamu', 'playing', 'brand', 'new', 'WARZONE', 'REBIRTH', 'ISLAND', 'map', 'call', 'duty', 'black', 'ops', '7', '.', 'Lucky', 'Chamu', 'using', 'meta', 'loadouts', 'near', 'black', 'ops', '6', 'loadouts', '.', 'The', 'new', 'warzone', 'season', '6', 'upcoming', 'meta', 'loadouts', 'include', 'recoil', 'broken', 'meta', 'loadouts', 'try', '!', 'Discord', ':', 'twitch', ':', 'twitch.tv/luckychamu', 'instagam', ':', 'LuckyChamuu']",EXPOSING THE HACKER ON WARZONE REBIRTH ISLAND Controller : Code : LUCKYCHAMU 5 % ! headset : 12 % OFF Sony INZONE E9 : Lucky Chamu playing brand new WARZONE REBIRTH ISLAND map call duty black ops 7 . Lucky Chamu using meta loadouts near black ops 6 loadouts . The new warzone season 6 upcoming meta loadouts include recoil broken meta loadouts try ! Discord : twitch : twitch.tv/luckychamu instagam : LuckyChamuu,11670.0,Long,53,9,456,75,Night,111,0.007940482151799128,0.0,0.007940482151799128,1,0,Low,Beginning,True,False,Morning,Gaming,9.5453830157878,4.718498871295094,0.0
Xdlklxkqccu,Spiff's first* playthrough of FNAF 4 and FNAF: Pizzeria Simulator,THIS CHANNEL IS UNOFFICIAL AND FAN MANAGED Somehow FNAF 4 was way more of a PITA to edit than FNAF 3. 00:00 FNAF 4 1:27:27 FNAF 6 before enlightenment 2:39:01 FNAF 6 after enlightenment 3:28:20 bonus egg cleaning Thank you Ben for the VODS channel. Streamed on March 19 2026 and March 31 2026 Original VODS: Is the sea soup VODS: butter in microwave video: seahorse floaty video: engagement photo video: young spiff at chess national: what is nightmare video: goated fnaf 6 guide video: waddlehi pov of helping spiff's DST archipelago: pointcrow subnautica vods: VODS Channel: @AstralSpiffVODS Spiff's Channel: @AstralSpiff Music Used: Schlatt Basement @ludandschlattsmusicalempor6746,2026-08-06 15:00:18+00:00,UCVvmyRG-p-aoZ10AJ9Q3qbw,AstralPlink,22,[],PT3H31M39S,hd,false,23577,762,78,https://youtu.be/3O4R_1xV6a8 | https://youtu.be/leLF1xFTPfA | https://youtu.be/h3yhwgnA9nA | https://youtu.be/9JIM9LTKTYs | https://youtu.be/dYDDy8qXyGM | https://youtu.be/nuZTgOiVyoc | https://youtu.be/bVYHCvrLzUs | https://youtu.be/zvNtpg_GV78 | https://youtu.be/6fByPNcI6LA | https://youtu.be/ztWZ7Cpgp9I | https://youtu.be/7l6JlOIShR0,11,['YouTube'],"['#spiff', '#horror', '#challenge']",3,THIS CHANNEL IS UNOFFICIAL AND FAN MANAGED Somehow FNAF 4 was way more of a PITA to edit than FNAF 3. 00:00 FNAF 4 1:27:27 FNAF 6 before enlightenment 2:39:01 FNAF 6 after enlightenment 3:28:20 bonus egg cleaning Thank you Ben for the VODS channel. Streamed on March 19 2026 and March 31 2026 Original VODS: Is the sea soup VODS: butter in microwave video: seahorse floaty video: engagement photo video: young spiff at chess national: what is nightmare video: goated fnaf 6 guide video: waddlehi pov of helping spiff's DST archipelago: pointcrow subnautica vods: VODS Channel: @AstralSpiffVODS Spiff's Channel: @AstralSpiff Music Used: Schlatt Basement @ludandschlattsmusicalempor6746,[],0,2026-08-06,8,August,6,Thursday,32,False,15,0,18,"['THIS', 'CHANNEL', 'IS', 'UNOFFICIAL', 'AND', 'FAN', 'MANAGED', 'Somehow', 'FNAF', '4', 'way', 'PITA', 'edit', 'FNAF', '3', '.', '00:00', 'FNAF', '4', '1:27:27', 'FNAF', '6', 'enlightenment', '2:39:01', 'FNAF', '6', 'enlightenment', '3:28:20', 'bonus', 'egg', 'cleaning', 'Thank', 'Ben', 'VODS', 'channel', '.', 'Streamed', 'March', '19', '2026', 'March', '31', '2026', 'Original', 'VODS', ':', 'Is', 'sea', 'soup', 'VODS', ':', 'butter', 'microwave', 'video', ':', 'seahorse', 'floaty', 'video', ':', 'engagement', 'photo', 'video', ':', 'young', 'spiff', 'chess', 'national', ':', 'nightmare', 'video', ':', 'goated', 'fnaf', '6', 'guide', 'video', ':', 'waddlehi', 'pov', 'helping', 'spiff', ""'s"", 'DST', 'archipelago', ':', 'pointcrow', 'subnautica', 'vods', ':', 'VODS', 'Channel', ':', '@', 'AstralSpiffVODS', 'Spiff', ""'s"", 'Channel', ':', '@', 'AstralSpiff', 'Music', 'Used', ':', 'Schlatt', 'Basement', '@', 'ludandschlattsmusicalempor6746']",THIS CHANNEL IS UNOFFICIAL AND FAN MANAGED Somehow FNAF 4 way PITA edit FNAF 3 . 00:00 FNAF 4 1:27:27 FNAF 6 enlightenment 2:39:01 FNAF 6 enlightenment 3:28:20 bonus egg cleaning Thank Ben VODS channel . Streamed March 19 2026 March 31 2026 Original VODS : Is sea soup VODS : butter microwave video : seahorse floaty video : engagement photo video : young spiff chess national : nightmare video : goated fnaf 6 guide video : waddlehi pov helping spiff 's DST archipelago : pointcrow subnautica vods : VODS Channel : @ AstralSpiffVODS Spiff 's Channel : @ AstralSpiff Music Used : Schlatt Basement @ ludandschlattsmusicalempor6746,12699.0,Long,65,10,684,106,Afternoon,840,0.032319633541163,0.003308308945158417,0.035627942486321416,1,0,Low,Beginning,False,False,Afternoon,People & Blogs,10.068069352852072,6.637258031284457,4.3694478524670215
