video_id,title,description,channel_id,channel_title,tags,duration,definition,caption,publish_date,publish_time,publish_month_name,publish_day_name,category_id,view_count,like_count,favorite_count,comment_count,publish_year,publish_month,publish_day,publish_week,publish_quarter,publish_hour,publish_minute,publish_second,published_at,published_at_date,is_weekend,duration_seconds,duration_category,title_length,title_word_count,description_length,description_word_count,tag_count,publish_session,engagement_score,like_rate,comment_rate,engagement_rate,is_hd,has_caption,view_bucket,month_part,channel_video_count,popular_category,weekend_flag,upload_time,category_name,Definition
afSgBNwmZrQ,Ariana Grande - petal (official music video),"The official music video for Ariana Grande’s “petal” out july 31 at 11am et. 

'petal’: https://arianagrande.lnk.to/petal

Shop the ‘petal’ collection: https://arianagrande.lnk.to/shop

► Follow Ariana Grande:
https://www.arianagrande.com
https://instagram.com/arianagrande
https://tiktok.com/@arianagrande 
https://facebook.com/arianagrande

► Subscribe to Ariana Grande: https://arianagrande.lnk.to/subscribe

Director: Christian Breslauer 
Prod Co: London Alley
Executive Producer: Luga Podesta
Producer: Mike Breslauer
Producer: Lisa Arianna

Director of Photography: Marzakio Miller

Production Designer: Taisa Rodrigues

1st AD: Jonas Morales

Production Supervisor: Nick Pistone

Production Manager: Anthony Nelson

Post Supervisor: Ivan Ovalle

SFX Makeup: Justin Raleigh 

#arianagrande #petal 

Music video by Ariana Grande performing petal.© 2026 Babydoll Music, under exclusive license to Republic Records, a division of UMG Recordings, Inc.",UC0VOyT2OCBKdQhF3BAbZ-1g,ArianaGrandeVevo,"['Ariana Grande', 'Ariana Grande LP6', 'Pop', 'petal']",PT6M51S,hd,true,2026-07-31,15:00:06,July,Friday,10,9356390,630087,0,58086,2026,7,31,31,3,15,0,6,2026-07-31 15:00:06+00:00,2026-07-31 15:00:06+00:00,False,411.0,Medium,44,7,953,105,4,Afternoon,688173,0.06734296026565802,0.006208163618660616,0.07355112388431863,1,1,Very High,End,1,False,False,Afternoon,Music,hd
PK5FfiDX4P4,"Spider-Man Brand New Day Box Office Opening Weekend - $355 Million, Doomsday vs Dune 3 Preview?!","Spider-Man Brand New Day Box Office today! Beyond The Trailer breakdown second biggest all-time opening weekend $355 million, $927 billion global!
http://bit.ly/subscribeBTT

Spider-Man Brand New Day Box Office today! Beyond The Trailer host Grace Randolph's reaction and breakdown to the near record breaking opening weekend box office for Spider-Man Brand New Day! Kevin Feige and Amy Pascal! Marvel MCU! Domestic, Foreign, including China and Global aka Worldwide! Preview of opening weekend for Avengers Doomsday vs Dune 3?! IMAX, Dolby and other PLFs! Share your own reaction to Spider-Man Brand New Day opening weekend box office!  And be sure to make Beyond The Trailer your first stop for movie and entertainment news here on YouTube today!

CHAPTER TIMES
Photo Finish - 00:00
Run on Tickets - 1:02
Avengers Doomsday vs Dune Preview - 4:33
Spider Man Opening Weekend - 7:45
Who Wins - 9:59
Tom Holland - 13:33
Zendaya - 16:11
Billion Dollar Club Update - 16:53
August - 17:56
Overall Top Ten - 18:18
Cooper Hoffman Cyclops - 18:48
Nielsen Ratings - 19:53
Netflix Charts - 21:58
Digital - 24:19
This Coming Weekend - 26:03

Spider-Man Brand New Day Box Office Opening Weekend - $355 Million, Doomsday vs Dune 3 Preview?!

Interact with host & creator Grace Randolph!
Twitter: http://bit.ly/GraceOnTwitter

#SpiderManBrandNewDay #MCU #BoxOffice",UCAXR2zenCwvRIyQd9ydtfaA,Beyond The Trailer,"['Spider-Man Brand New Day Box Office', 'Spider-Man Brand New Day Box Office Today', 'Spider-Man Brand New Day Opening Weekend', 'Box Office', 'Spider-Man Brand New Day', 'Opening Weekend', '2026', 'Marvel', 'MCU', '$355 Million', '$927 Million', 'Avengers Endgame', 'Today', 'Beyond The Trailer', 'Grace Randolph', 'Movie Math', 'News', 'Update', 'This Week', 'What to Watch Streaming', 'What to Watch Netflix', 'What to Watch', 'Streaming', 'Netflix', 'Marvel Box Office', 'MCU Box Office', 'The Odyssey', 'Spider-Man Brand New Day Billion']",PT29M34S,hd,false,2026-08-02,23:54:06,August,Sunday,24,70900,3752,0,867,2026,8,2,31,3,23,54,6,2026-08-02 23:54:06+00:00,2026-08-02 23:54:06+00:00,True,1774.0,Long,96,16,1350,213,28,Evening,4619,0.052919605077574046,0.012228490832157969,0.06514809590973202,1,0,Low,Beginning,1,False,True,Night,Entertainment,hd
psGsc1n8Klw,Five Nights at Freddy's: ULTIMATE CUSTOM STREAM,"I'M FINALLY SPONSORED!! Use code MARKIPLIER to get 10% off GoPro ►► https://prf.hn/l/55DP8aB/
I'm actually addicted to Five Nights at Freddy's... I can't stop playing and I haven't wanted to dive this deep into the FNAF world in ages and ages! Speaking of FNAF world I should probably play that one.",UC7_YxT-KID8kRbqZo7MyscQ,Markiplier,"['markiplier', 'five nights at freddys', 'fnaf', 'fnaf 20 mode', 'markiplier cheated', 'drama']",PT3H37S,hd,false,2026-08-02,23:35:14,August,Sunday,20,1181939,57390,0,784,2026,8,2,31,3,23,35,14,2026-08-02 23:35:14+00:00,2026-08-02 23:35:14+00:00,True,10837.0,Long,47,7,299,51,6,Evening,58174,0.048555805333439374,0.0006633168039974991,0.04921912213743687,1,0,Very High,Beginning,1,True,True,Night,Gaming,hd
xXZwZ0DolJc,BABYMONSTER - 'MOON' M/V,"MOON 

I’m the moon
보름달 뜨는 밤 On the loose
Zalabim zalabam zalaboom
I shine so bright in the gloom
I’m the moon, I’m the moon, I’m the moon

Fog thickens
Night vision
Where we gonna end up is unwritten
Grave digger
Go figure
But if you’re killing my mood
Good riddance

Ice in my veins
You’re gonna need to keep up with the pace
더 빨리 더 높이
When you, when you, when you at the crack of dawn
You keep on raving on
You keep on raving on uh

까만 밤 빛이나
진짜가 나타나
세상을 불태워라
(Baby do you see me now)
거울아 거울아
말해봐 알잖아
In your heart, leave a mark

I’m the moon
보름달 뜨는 밤 On the loose
Zalabim zalabam zalaboom
I’m the queen of the tide and the youth
I’m the moon, I’m the moon, I’m the moon

I’m the moon
보름달 뜨는 밤 On the loose
Zalabim zalabam zalaboom
I’m the queen of the tide and the youth
I’m the moon, I’m the moon, I’m the moon

Charismatic, energetic
It’s a habit
Oh she stuntin’, she stuntin’
I’m in a spaceship coupe 
We ’bout to take off
Leave ’em in the dust
Yeah see you later
Outta this world
I’m off the radar
You wish on a star that you had these bars

I whoosh
Gettin’ that ah
When we go strut in like woah
Setting on hot
That’s what we got
That’s how we baking that dough
Lock and we load
Shoot for the stars
We in the sky
Raising the bar
Eyes on the prize
Shining my light
Ready get set
S.O.S
When I flex

까만 밤 빛이나
진짜가 나타나
세상을 불태워라
(Baby do you see me now)
거울아 거울아
말해봐 알잖아
In your heart, leave a mark

I’m the moon
보름달 뜨는 밤 On the loose
Zalabim zalabam zalaboom
I’m the queen of the tide and the youth
I’m the moon, I’m the moon, I’m the moon

I’m the moon
보름달 뜨는 밤 On the loose
Zalabim zalabam zalaboom
I’m the queen of the tide and the youth
I’m the moon, I’m the moon, I’m the moon

하늘을 봐
We gonna shine bright
내 길을 가
Baby it’s our time
If you wanna ride
If you wanna ride
If you wanna ride
If you wanna ride, let’s ride

Give ’em all in
Give ’em all out
Give ’em all a show
Ride let’s ride
Give ’em all in
Give ’em all out
Give ’em all that woah
Baby I’mma glow
It’s about to blow
They don’t even know

Outta this world, we be taking off, get in
Look at me, I’mma need your attention
Hut 1, 2 hut 1, 2, 3
All eyes, all eyes on me
Outta this world, we be taking off, get in
Look at me, I’mma need your attention 
Hut 1, 2 hut 1, 2, 3
All eyes, all eyes on me

#BABYMONSTER #베이비몬스터 #3rdMINIALBUM #춤 #CHOOM #MOON #MV #OUTNOW #YG 

Available @ https://BABYMONSTER.lnk.to/CHOOM

More about BABYMONSTER @
Official YouTube https://www.youtube.com/@BABYMONSTER
Official Instagram https://www.instagram.com/babymonster_ygofficial
Official Facebook https://www.facebook.com/BABYMONSTER.ygofficial
Official X https://x.com/YGBABYMONSTER_
Official TikTok https://tiktok.com/@babymonster_yg_tiktok
Official Weibo https://weibo.com/u/7811488144
Official bilibili https://space.bilibili.com/3493127232948989",UCqwUnggBBct-AY2lAdI88jQ,BABYMONSTER,"['BABYMONSTER', '베이비몬스터', '베몬', 'BABYMON', 'BAEMON', '하람', '아현', '루카', '치키타', '파리타', '로라', '아사', 'HARAM', 'AHYEON', 'RUKA', 'CHIQUITA', 'PHARITA', 'RORA', 'ASA']",PT2M55S,hd,true,2026-08-02,15:00:06,August,Sunday,10,6170913,499751,0,41985,2026,8,2,31,3,15,0,6,2026-08-02 15:00:06+00:00,2026-08-02 15:00:06+00:00,True,175.0,Medium,24,4,2795,523,19,Afternoon,541736,0.0809849369129009,0.006803693391885447,0.08778863030478634,1,1,Very High,Beginning,1,False,True,Afternoon,Music,hd
3FqCH-Q_3TM,WICKER | Official Trailer | 2026 [HD],"A hard man is good to find. 
 
In a seaside village lost to time, a fisherwoman (Olivia Coleman) delivers the food relied on by the townsfolk, who barely tolerate her cantankerous presence. Unexpectedly named the next to be wed and sick of the disdain, she commissions the local Basketmaker (Peter Dinklage) to weave her the perfect husband (Alexander Skarsgård) and he truly goes above and beyond. When you’re married to the hottest and handiest man around, jealousies inevitably flare up.

WICKER releases nationwide across Australia (November 26) & New Zealand (January 7).

Follow us:
https://www.instagram.com/roadshow
https://www.facebook.com/roadshow",UCSi5779nMiFTbLm3prHaa1g,Roadshow Films,[],PT2M36S,hd,false,2026-08-03,00:28:20,August,Monday,1,13512,225,0,19,2026,8,3,32,3,0,28,20,2026-08-03 00:28:20+00:00,2026-08-03 00:28:20+00:00,False,156.0,Medium,37,7,657,96,0,Night,244,0.016651865008880995,0.0014061574896388396,0.018058022498519833,1,0,Low,Beginning,1,False,False,Late Night,Film & Animation,hd
RIi9uULatdA,2FithyRicky - GMFU [Official Music Video],"FOLLOW FINESSE2TYMES
Instagram: https://Finesse2Tymes.lnk.to/Instagram
TikTok: https://Finesse2Tymes.lnk.to/TikTok
Twitter: https://Finesse2Tymes.lnk.to/Twitter
Facebook: https://Finesse2Tymes.lnk.to/Facebook
Discord: https://finesse2tymes.lnk.to/Discord

SUBSCRIBE TO FINESSE2TYMES YOUTUBE
https://Finesse2Tymes.lnk.to/Youtube

LISTEN TO FINESSE2TYMES
Apple: https://Finesse2Tymes.lnk.to/AppleMusic
Spotify: https://Finesse2Tymes.lnk.to/Spotify
Amazon: https://Finesse2Tymes.lnk.to/Amazon
Soundcloud: https://Finesse2Tymes.lnk.to/SoundCloud
Audiomack: https://Finesse2Tymes.lnk.to/Audiomack
 
The official YouTube channel of Finesse2Tymes. Subscribe for the latest music videos, performances, and more.",UCWot_hGZs3ovEEzAKu_EzLw,2FithyRicky ,"['Finesse2Tymes', 'Finesse 2 Tymes', 'Finesse 2Tymes', 'Finesse2Times', 'Finesse 2 Times', 'Finesse 2Times', 'Finesse Two Tymes', '1finesse2tymes', 'Moneybagg Yo', 'Bread Gang', 'J Prince', 'Mob Ties', 'back end', ""it's cool when they do it"", 'its cool when they do it', ""it's a problem when I do it"", 'its a problem when I do it', 'luv n hip hop', 'tiktok']",PT2M2S,hd,false,2026-08-01,00:26:35,August,Saturday,10,506094,24110,0,1512,2026,8,1,31,3,0,26,35,2026-08-01 00:26:35+00:00,2026-08-01 00:26:35+00:00,True,122.0,Medium,41,6,703,45,19,Night,25622,0.047639371342082695,0.002987587286156327,0.05062695862823902,1,0,Very High,Beginning,1,False,True,Late Night,Music,hd
IgIY-M9FZC4,Street Fighter 6 - Yasmine Update Launch Trailer,"Maligayang pagdating! The Yasmine Update starts off Year 4 of Street Fighter 6 with a bang!

Slash through Yasmine's Combo Trials, in-depth Character Guide, and Arcade Mode story
Earn new Special Moves and play new Battle Tour content in Avatar Arcade
Unleash new possibilities with a battle balance update

Activate Bayani Mode and jump into the update today!

Yasmine can be obtained individually with Fighter Coins, and the owners of the Year 4 Character Pass / Ultimate Pass will automatically get access to Yasmine.

https://www.streetfighter.com/6/

#StreetFighter6 #SF6 #Yasmine #Capcom

Twitter: http://www.twitter.com/streetfighter
Discord: https://discord.gg/streetfighter
Instagram: https://www.instagram.com/streetfightergame/
Facebook: http://www.facebook.com/streetfighter
Twitch: http://www.twitch.tv/capcomfighters

©CAPCOM CO., LTD. ALL RIGHTS RESERVED.",UCVg9nCmmfIyP4QcGOnZZ9Qg,Street Fighter,"['street', 'fighter', 'capcom', 'street fighter 6', 'yasmine']",PT1M27S,hd,false,2026-08-03,02:00:03,August,Monday,20,75990,3302,0,348,2026,8,3,32,3,2,0,3,2026-08-03 02:00:03+00:00,2026-08-03 02:00:03+00:00,False,87.0,Medium,48,8,870,105,5,Night,3650,0.04345308593235952,0.004579549940781682,0.0480326358731412,1,0,Low,Beginning,1,True,False,Late Night,Gaming,hd
mJaWwnPoNKE,STREAMER GAMES DAY 2,"Get the Jynxzi charm HERE: https://subs.twitch.tv/jynxzi

Get the Jynxzi charm HERE: https://subs.twitch.tv/jynxzi

Get the Jynxzi charm HERE: https://subs.twitch.tv/jynxzi

---------------------------------------------------------------------------------------------------------------------------

Timestamps:

00:00 - Intro/Penalty Kick Practice
52:40 - Cubert Toss Reaction 
1:29:58 - Half and Half (Joe and Jynxzi)
1:35:06 - Miscellaneous Activities
3:52:35 - Start of Dodgeball 
4:06:58 - USA vs Mexico (Dodgeball)
4:14:46 - All-Stars vs Canada (watch party)
4:23:41 - Worldwide vs France (watch party)
4:29:13 - USA vs Alumni 
4:39:13 - Worldwide vs Alumni (watch party)
4:47:02 - USA vs Canada 
4:52:30 - Miscellaneous Activities
5:04:52 - Simon Says
5:21:00 - Simon Says w/ Jynxzi
5:48:45 - Penalty Kick Warmup
6:08:56 - Penalty Kicks 
6:17:34 - USA vs Mexico Penalty Kicks
6:26:43 - Penalty Kicks
6:49:05 - USA vs UK Penalty Kicks
6:55:35 - Worldwide vs Canada Penalty Kicks
7:09:02 - Losers Finals - Worldwide vs USA
7:13:04 - Penalty Kicks (Winners Bracket)
7:42:51 - Closing 


---------------------------------------------------------------------------------------------------------------------------

G FUEL x JYNXZI 20% OFF: http://gfuel.ly/jynxzi Code: ""JYNXZI""

KONTROLFREEK x JYNXZI 12% off: https://glnk.io/Jynxzi Code: ""JYNXZI""",UCjiXtODGCCulmhwypZAWSag,Jynxzi,[],PT7H57M18S,hd,false,2026-08-03,09:39:55,August,Monday,24,644179,8270,0,133,2026,8,3,32,3,9,39,55,2026-08-03 09:39:55+00:00,2026-08-03 09:39:55+00:00,False,28638.0,Long,20,4,1347,167,0,Morning,8403,0.012838046567801806,0.00020646435229959375,0.0130445109201014,1,0,Very High,Beginning,1,False,False,Morning,Entertainment,hd
Mp5WzxPsSEQ,Morgan Wallen - Last Night (Lyrics),"🎵 Morgan Wallen - Last Night (Lyrics)
🎶 Listen on Spotify: https://open.spotify.com/track/583dMdiUquLMenarTp7PQm
🔥 Help us reach 500,000 subscribers!
🔔 Turn on notifications to stay updated with new uploads!

🎧 Stream & Download: https://sptfy.com/QAzA

✨ Follow morgan wallen:  
Instagram: https://www.instagram.com/morganwallen  
Twitter: https://twitter.com/MorganWallen  
Facebook: https://www.facebook.com/morganwallenmusic  

📱 Follow us on:  
Instagram: https://www.instagram.com/nearsidehq

〰〰〰〰〰  
Letra/Lyrics for ""morgan wallen - Last Night""

Last night we let the liquor talk  
I can't remember everything we said, but we said it all  
You told me that you wish I was somebody you never met  
But, baby, baby, something's tellin' me this ain't over yet  

No way it was our last night I kissed your lips  
Make you grip the sheets with your fingertips  
Last bottle of Jack, we split a fifth  
Just talkin' 'bout life, goin' sip for sip  
Yeah, you, you know you love to fight  
And I say shit I don't mean  
But I'm still gon' wake up wantin' you and me  

I know that last night we let the liquor talk  
I can't remember everything we said, but we said it all  
You told me that you wish I was somebody you never met  
But, baby, baby, something's tellin' me this ain't over yet  

No way it was our last night (last night)  
No way it was our last night (last night)  

No way it was the last night that we break up  
I see your tail lights in the dust  
You call your mama, I call your bluff  
In the middle of the night, pull it right back up  
Yeah, my, my friends say, ""Let her go""  
Your friends say, ""What the hell?""  
I wouldn't trade your kind of love for nothin' else  

Oh, baby, last night we let the liquor talk  
I can't remember everything we said, but we said it all  
You told me that you wish I was somebody you never met  
But, baby, baby, something's tellin' me this ain't over yet  

No way it was our last night, we said we'd had enough  
I can't remember everything we said, but we said too much  
I know you packed your shit and slammed the door right before you left  
But baby, baby, something's tellin' me this ain't over yet  

No way it was our last night (last night)  
No way it was our last night (last night)  

I know you said this time you really weren't comin' back again  
But, baby, baby, something's tellin' me this ain't over yet  
No way it was our last night (last night)  
No way it was our last night (last night)

🏷️Tags
#lastnight #morganwallen #auralatin #latindaily #lastnightletra

📸 Background Credits: https://www.pexels.com/

🔥 Submit your music: https://auralatin.portal.district.biz/app/login

🔗 LINKS:
Subscribe: https://www.youtube.com/@AuraNetworkLatin?sub_confirmation=1

morgan wallen, morgan wallen Latest, Last Night Letra/Lyrics, Last Night Letra/Lyrics Video

Comment #weareaura if you see this! 🎵",UCqEiG9kuebr4b2UacElAQig,Aura Country,"['morgan wallen', 'Last Night', 'Last Night morgan wallen', 'Last Night lyrics', 'morgan wallen lyrics', 'Last Night morgan wallen lyrics', 'Last Night lyric video', 'morgan wallen Last Night', 'morgan wallen new song', 'Last Night audio', 'aura latin', 'lyrics video', 'lyric video', 'new music', 'new song', 'music video', 'latest music', 'trending music', 'viral music', 'chill vibes', 'chill music', 'relaxing music', 'best songs', 'countrymusic', 'breakup', 'heartbreak', 'last night tiktok', 'morgan wallen last night lyrics']",PT3M5S,hd,true,2026-07-29,13:00:36,July,Wednesday,10,55223,216,0,7,2026,7,29,31,3,13,0,36,2026-07-29 13:00:36+00:00,2026-07-29 13:00:36+00:00,False,185.0,Medium,35,6,2874,465,28,Afternoon,223,0.003911413722543143,0.00012675877804537965,0.0040381725005885225,1,1,Low,End,1,False,False,Afternoon,Music,hd
BmIvO3WuWp0,GTA 6 Already Has Cut Content!?,"No trailer 3? No Gameplay Trailer? Yet we are already talking about cut content from Grand Theft Auto 6. In this video we look at features that looked like they were going to be in GTA Vi from leaks but now are removed. From hurricanes to going prone this convers everything!  This is what @DandyAndyPlays had to say.

Original:
https://www.youtube.com/watch?v=e3HYjL0MAr8


▼ STAY CONNECTED! ▼
The Weekly Reload: https://www.youtube.com/@theweeklyreload
Story Videos: https://www.youtube.com/inkslasher
Live: https://twitch.tv/inkslasher
Twitter: https://twitter.com/inkslasher
Merch: https://inkslasher-shop.fourthwall.com
TikTok: https://www.tiktok.com/@theweeklyreload",UCfB7vdi-hl4lvKUk0mkMzvg,InkTV,"['Ink TV', 'Ink Reacts', 'GTA 6', 'Grand Theft Auto 6', 'GTA VI', 'GTA 6 cut content', 'GTA 6 removed features', 'GTA 6 leaks', 'GTA 6 Trailer 3', 'GTA 6 gameplay', 'Rockstar Games', 'GTA 6 news', 'GTA 6 update', 'GTA 6 analysis', 'GTA 6 discussion', 'GTA 6 rumors', 'GTA 6 speculation', 'Rockstar Games news', 'GTA 6 development', 'Vice City', 'Leonida', 'GTA 6 features', 'Grand Theft Auto VI', 'Rockstar leaks', 'GTA 6 community', 'gaming news', 'Rockstar update', 'open world games', 'GTA 6 secrets', 'GTA 6 breakdown']",PT28M16S,hd,false,2026-08-02,22:26:06,August,Sunday,20,26774,783,0,190,2026,8,2,31,3,22,26,6,2026-08-02 22:26:06+00:00,2026-08-02 22:26:06+00:00,True,1696.0,Long,31,6,672,79,30,Evening,973,0.02924478972137148,0.007096436841712109,0.03634122656308359,1,0,Low,Beginning,1,True,True,Night,Gaming,hd
pMJ3Q8Sz6DQ,🔴 LIVE! - HUNTING NEW SPRITES in FORTNITE!,"New huge Sprites update in Fortnite Chapter 7, Season 3 and my Typical Gamer icon bundle is back in the items hop!
Use code TYPICALGAMER in the item shop 💙 (Epic Partner)
❤️ SUBSCRIBE! ► http://bit.ly/SubToTG

🎮 I build Fortnite games with my studio JOGO
⭐ Follow us in Fortnite for new maps and updates first 👇
https://www.fortnite.com/@TypicalGamer
https://www.fortnite.com/@JOGO

💬 Join the Discord: https://discord.gg/TypicalGamer
🐦 Twitter: https://twitter.com/TypicalGamer
📸 Instagram: https://instagram.com/typicalgamer  
🧢 Shop Merch: https://typical.store

Music by Epidemic Sound: https://www.epidemicsound.com",UC2wKfjlioOCLP4xQMOWNcgg,Typical Gamer,[],PT3H48M2S,hd,false,2026-08-03,07:43:27,August,Monday,20,241967,2798,0,23,2026,8,3,32,3,7,43,27,2026-08-03 07:43:27+00:00,2026-08-03 07:43:27+00:00,False,13682.0,Long,42,8,620,79,0,Morning,2821,0.011563560320208954,9.505428426190349e-05,0.011658614604470858,1,0,High,Beginning,1,True,False,Morning,Gaming,hd
Y3jq_WIHP9k,Shakira & Burna Boy - Dai Dai (Lyrics) World Cup Song 2026,"🎵 Follow the official 7clouds playlist on Spotify : http://spoti.fi/2SJsUcZ
​🎧 Shakira & Burna Boy - Dai Dai (Lyrics) World Cup Song 2026
⏬ Download / Stream: https://songwhip.com/shakira/dai-dai
🔔 Turn on notifications to stay updated with new uploads!

❤️ Follow our Spotify playlists: http://bit.ly/7cloudsSpotify

👉 Shakira
https://Shakira.lnk.to/followFI 
https://Shakira.lnk.to/followII
https://Shakira.lnk.to/followTI
https://Shakira.lnk.to/followYx
https://Shakira.lnk.to/followWI
https://Shakira.lnk.to/followSI
https://Shakira.lnk.to/subscribeYD

👉 Burna Boy
https://Burna.lnk.to/Facebook 
https://Burna.lnk.to/Instagram
https://Burna.lnk.to/Official
https://Burna.lnk.to/Twitter
https://Burna.lnk.to/TikTok 
https://Burna.lnk.to/Triller

☁️ 7clouds:
https://open.spotify.com/user/7cloudsmusic
https://soundcloud.com/7cloudsmusic
https://audiomack.com/7cloudsmusic
https://facebook.com/7cloudsofficial
https://discord.com/invite/d5Arh8Y
https://twitter.com/7cloudsmusic
https://instagram.com/7clouds
https://tiktok.com/@7clouds
https://7clouds.org

.........
🎤 Lyrics: Shakira & Burna Boy - Dai Dai World Cup Song 2026

[Intro: Shakira]
Oh-eh-oh-eh (Oh-eh), eh-oh-eh (Oh-eh)
Oh-eh-oh-eh (Oh-eh), eh-oh-eh

[Refrain: Shakira, Shakira & Burna Boy]
You knew from the day you were born
That here in this place you belong
You been this brave all along
What broke you once made you strong
Dai, dai, ikou, dale, allez, let's go
Dai, dai, ikou, dale, allez, let's go

[Verse 1: Burna Boy & Shakira]
Come follow your desire
Where there's a will, there's a way
You are the owner of that fire
No onе can take it away
Sweat and blood to write your story
That is how you pavеd the way
You're about to reach the glory
Only one step away

[Pre-Chorus: Burna Boy & Shakira, Both]
All the highs and lows
All the tears and the pain
You been there through it all, been through it all
Just do it again
Now you got to believe, I believe
'Cause you know what it takes
To be living my dream
At the top of your game

[Chorus: Shakira & Burna Boy, Shakira]
Feel it, got everything you needed
Now bring it like you mean it
Just like you mean it
Dale, no olvide' lo que vales
Juega como tú sabes
Como tú sabe'

[Verse 2: Shakira & Burna Boy]
Energy's contagious, you know
And it never fails, no, no
No one's getting tired, I know
'Cause you got that fire, ayo
Dream a little higher, let's go, let's go, let's go

[Bridge: Shakira]
Ayo
Ayo

[Verse 3: Burna Boy, Burna Boy & Shakira]
We've taken all that our hearts can hold
And we can't hold on to the past no more (Mmm)
From the dirt and the tears, we make gold
And we are more than flesh and bones

[Pre-Chorus: Shakira & Burna Boy, Both]
All the highs and lows (Highs and lows)
All the tears and the pain
You been there through it all, been through it all
Just do it again
Now you got to believe (I believe)
'Cause you know what it takes
To be living my dream
At the top of your game
[Chorus: Burna Boy & Shakira, Both]
Feel it, got everything you needed
Now bring it like you mean it
Just like you mean it
Dale, no olvide' lo que vales
Juega como tú sabes
Como tú sabe'

[Verse 4: Shakira & Burna Boy]
Pelé, Maradona, Maldini, Romário
Cristiano Ronaldo
El Pibe, Iniesta, Beckham y Kaká
Messi, Mbappé, Salah
Brasil, Uruguay, Argentina, Colombia
US, England, Germany, France
South Africa, España, México, Japan
Korea, Netherlands

[Bridge: Shakira & Burna Boy]
Oh-eh-oh-eh (Oh-eh), eh-oh-eh
Oh-eh-oh-eh (Oh-eh), eh-oh-eh

[Refrain: Shakira & Burna Boy, Shakira]
Knew from the day you were born
Here in this place, you belong
You've been this brave all along
What broke you once made you strong (Ow)
Dai, dai, ikou, dale, allez, let's go
Dai, dai, ikou, dale, allez, let's go
Dai, dai, ikou, dale, allez, let's go
Dai, dai, ikou, dale, allez, let's go

.......
📧 Contact / Demo Submissions: contact@7clouds.org
.........
💌 Demos / Music Submissions: https://7clouds.edmdistrict.com
.........
📝 Licensing / Sync Requests for 7clouds Releases: licensing@7clouds.org
.........

#shakira #burnaboy #daidai #lyrics #7clouds",UCQqEC0LPfvgFCP8ixrCqADA,7clouds Rock,"['dai dai', 'dai dai lyrics', 'lyrics dai dai', 'shakira', 'burna boy', 'world cup song', 'world cup song 2026', 'world cup song 2026 lyrics', 'shakira world cup song', 'shakira world cup song 2026 lyrics', 'shakira dai dai', 'dai dai shakira', 'shakira dai dai lyrics', 'dai dai shakira lyrics', 'shakira dai dai world cup song', 'shakira dai dai world cup song lyrics', 'shakira burna boy dai dai', 'shakira burna boy dai dai lyrics', 'shakira dai dai letra', 'shakira world cup song 2026', 'fifa world cup 2026 song']",PT3M43S,hd,false,2026-08-02,13:00:27,August,Sunday,22,378281,2319,0,86,2026,8,2,31,3,13,0,27,2026-08-02 13:00:27+00:00,2026-08-02 13:00:27+00:00,True,223.0,Medium,58,12,4051,609,21,Afternoon,2405,0.00613036340709684,0.00022734422294537658,0.006357707630042217,1,0,Very High,Beginning,1,False,True,Afternoon,People & Blogs,hd
BEMURK22eyM,"WARHAMMER 40,000: Dawn Of War 4 Official Trailer (2026) Extended Space Marines Cinematic | 4K UHD","Three faction cinematics from Warhammer 40,000: Dawn of War 4 cut together into one extended sequence — Blood Ravens and Dark Angels Space Marines standing against overwhelming enemy forces for the planet Kronus. 

Warhammer 40,000: Dawn of War IV releases 2026 on PC.

#Warhammer40k #DawnOfWar4 #SpaceMarines #Gaming #Cinematic

Enjoy advanced 4K Upscaling and HDR-10 mastering across future trailers. Stay tuned for more.
-------
For More Movie News:
https://www.MovieGasm.com 
-------
To Submit a Film:
 Advertising@MovieGasm.com 
-------
#movies #trailers",UC7eHWbD_a7h4dE-QPZDjiwg,GameGasm,"['trailer', 'movies', '2026', 'movie', 'trailers', 'new', 'Warhammer', 'Warhammer 40000', 'warhammer dawn of war', 'cinematic trailer', 'sci fi', 'space marine', 'sci-fi', 'action', 'warhammer 40k', 'warhammer+', 'space marines', 'video game', 'film', 'clip', 'reveal', 'teaser', 'tv spot', '4K', 'fight scene', 'cinematic', 'extended', 'orcs', 'necron']",PT6M23S,hd,false,2026-08-01,21:40:34,August,Saturday,24,722184,13960,0,2023,2026,8,1,31,3,21,40,34,2026-08-01 21:40:34+00:00,2026-08-01 21:40:34+00:00,True,383.0,Medium,97,16,559,77,29,Evening,15983,0.019330253785738813,0.0028012251725322078,0.02213147895827102,1,0,Very High,Beginning,1,False,True,Evening,Entertainment,hd
OPdyG0kHzgc,🔴LIVE | RUST: GLOBAL WARFARE | MOON LAUNCH AT 4PM CT | 3 NUKES ON THE MOON | FINAL DAY | #BUNGULATE,,UCMNEVbszv8ZyvSXoTn3yhpQ,TheBurntPeanut,"['funny', 'escape from tarkov', 'tarkov']",PT7H59M,hd,false,2026-08-03,04:44:59,August,Monday,20,556408,7640,0,74,2026,8,3,32,3,4,44,59,2026-08-03 04:44:59+00:00,2026-08-03 04:44:59+00:00,False,28740.0,Long,99,22,0,0,3,Night,7714,0.013730931259076073,0.00013299593104340699,0.01386392719011948,1,0,Very High,Beginning,1,True,False,Late Night,Gaming,hd
t78LWm3Zj1s,NoCap - Basic Burner (Official Music Video),"Pre-Save Album ""Heaven On Mars"" - https://nocap.lnk.to/HeavenOnMars

Subscribe for more official content from NoCap: 
https://nocap.lnk.to/YouTubeAY

Follow NoCap:
http://instagram.com/thebackendchild 
https://twitter.com/NoCap
https://soundcloud.com/officialnocap
https://www.facebook.com/NoCapOfficial

#NoCap #BasicBurner",UCvfat4DPrM3BM-xZ2zn5ruQ,NoCap,"['nocap', 'thebackendchild', 'ghetto angels', 'legend', 'point guard', 'rylo rodriguez', 'rylo', 'free ghetto', 'blind nights', 'freestyle', 'mobile', 'alabama', 'innocent', 'nba youngboy', 'quando rondo', 'evol', 'exotic', 'lyrics', 'rap lyrics', 'official', 'official video', 'official audio', 'mr crawford', 'yb']",PT4M18S,hd,false,2026-08-02,01:23:12,August,Sunday,10,81452,5953,0,281,2026,8,2,31,3,1,23,12,2026-08-02 01:23:12+00:00,2026-08-02 01:23:12+00:00,True,258.0,Medium,43,7,324,23,24,Night,6234,0.0730859892943083,0.003449884594607867,0.07653587388891617,1,0,Medium,Beginning,1,False,True,Late Night,Music,hd
8uyVc6yvU9c,Minecraft Hunger Games (Ft. anthony's mom),yeah and so whoever wins gets to post whatever they want on our channel,UCRlrVtx-aH9s5hT1djFXueA,Bunch of Friends,"['Vlog', 'minecraft', 'hunger games', 'bunch of friends', 'dax flame', 'turtlewithhat', 'turtle with hat', 'izzy and emma', 'sinjin drowning', 'nikki', 'josie kay', 'edmondx', 'edmond', 'grace reiter', 'hunger games but better']",PT38M36S,hd,false,2026-08-03,01:00:06,August,Monday,24,236542,36524,0,3699,2026,8,3,32,3,1,0,6,2026-08-03 01:00:06+00:00,2026-08-03 01:00:06+00:00,False,2316.0,Long,42,6,71,14,15,Night,40223,0.15440809665936706,0.015637814848948602,0.17004591150831566,1,0,High,Beginning,1,False,False,Late Night,Entertainment,hd
S0RVtwqJxuA,"Lord, I Need You 🙏 Morning Worship Songs 2026 ✝️ Best Hillsong Worship Music , Gospel Music","#LordINeedYou #MorningWorshipSongs2026 #BestHillsongWorshipMusic #GospelMusic
Lord, I Need You 🙏 Morning Worship Songs 2026 ✝️ Best Hillsong Worship Music | Gospel Music ✨
https://youtu.be/S0RVtwqJxuA
Welcome to Lord, I Need You – Morning Worship Songs 2026, a peaceful collection of the Best Hillsong Worship Music and inspiring Gospel Music created to help you begin every day in the presence of God. Let these powerful worship songs draw your heart closer to Jesus Christ, strengthen your faith, and fill your life with His perfect peace. 🙏🎶

Every worship song in this Morning Worship Songs 2026 playlist has been carefully selected to help you experience God's presence, renew your heart, and strengthen your relationship with Christ. Let every lyric remind you that God is faithful, His mercy is new every morning, and His love never fails.

💛 Whether you're seeking peace before a busy day, comfort during difficult times, encouragement for your journey, or simply a deeper worship experience, this Best Hillsong Worship Music collection is your perfect companion. Let every melody fill your heart with hope, joy, and the presence of the Holy Spirit.

🔔 Subscribe for more Christian worship music and praise songs
👍 Share the music to bless others
💬 Let us know your favorite worship songs in the comments ✝️
🎧 Listen on Spotify – Full Playlist: https://open.spotify.com/artist/0PC2rSx5D2eDbxp0heZgd5
🍎 Listen on Apple Music: https://music.apple.com/us/artist/wbm-worship/1860201010

🙏 Thank you for worshiping with us. May the Lord bless your morning with His peace, strengthen your faith, guide every step you take, and fill your life with His everlasting love, grace, wisdom, and abundant blessings. May the name of Jesus bring hope to your heart today and every day.

#MorningWorshipSongs2026 #LordINeedYou #HillsongWorship #ChristianWorship #PraiseAndWorship #GospelMusic #MorningPrayer #ChristianMusic #DailyDevotion #WorshipPlaylist",UCyQQDi2abzR5-Y8dQ6VE9hg,Praise Of Light,"['Lord I Need You', 'Morning Worship Songs 2026', 'Gospel Music', 'Morning Worship', 'Worship Songs', '2026', 'Praise Of Light', 'morning worship songs', 'christian songs', 'gospel songs', 'i speak jesus', 'hillsong worship', 'praise and worship songs', 'music', 'morning worship 2026', 'jesus songs', 'best morning worship songs', 'songs', 'worship song', 'worship music', 'prayer song', 'songs with lyrics', 'worship songs 2026', 'morning worship music', 'praise songs', 'best worship songs', 'jesus', 'elevation worship', 'hillsong']",PT1H23M21S,hd,false,2026-08-02,09:59:30,August,Sunday,22,36419,432,0,19,2026,8,2,31,3,9,59,30,2026-08-02 09:59:30+00:00,2026-08-02 09:59:30+00:00,True,5001.0,Long,91,17,1946,285,29,Morning,451,0.011861940196051511,0.0005217057030670804,0.012383645899118592,1,0,Low,Beginning,1,False,True,Morning,People & Blogs,hd
efFagfNfe2Q,They’re Trying To Get In My House…,"CaseOh X Starforge  https://starforgepc.com/CaseOh 
GamerSupps -10% off Code CaseOh -  https://gamersupps.gg/
Merch - https://caseohgames.com/
Cheeky - https://usecheeky.com/
Kitty Thumbsticks - https://kontrolfreek.pro/CaseOh
BTV - http://btvcomic.com/caseoh
_________________________________________________________________

Join this channel to get access to uploads with no blurs or mutes:
https://www.youtube.com/channel/UC63anZxfVGHUEmfBAf5w7pw/join
________________________________________________________________
Follow 👇
Twitch 🎥 https://www.twitch.tv/caseoh_
MoreCaseOh YT 📺  https://www.youtube.com/@MoreCaseOh
TikTok - https://www.tiktok.com/@caseohgames 
X - https://x.com/CaseOh__
Instagram - https://www.instagram.com/caseoh_games
Discord - https://discord.gg/caseoh
_________________________________________________________________",UC63anZxfVGHUEmfBAf5w7pw,CaseOh,"['gaming', 'caseoh', 'caseohgames', 'case', 'funny', 'streamer', 'horror', 'horror gaming', 'scary', 'jumpscare']",PT1H37M34S,hd,false,2026-08-02,22:00:33,August,Sunday,20,259123,10009,0,880,2026,8,2,31,3,22,0,33,2026-08-02 22:00:33+00:00,2026-08-02 22:00:33+00:00,True,5854.0,Long,34,7,847,62,10,Evening,10889,0.03862644381239797,0.003396070591958259,0.04202251440435623,1,0,High,Beginning,1,True,True,Night,Gaming,hd
TqmzGaB-PwE,Sutim Tok ,Saii Kay ft Junkie & Cammy Bee,UCv9wSO7Zc0iq9HSfY0Njqjg,Saii Kay,[],PT4M33S,hd,false,2026-07-07,14:59:25,July,Tuesday,10,33799,391,0,8,2026,7,7,28,3,14,59,25,2026-07-07 14:59:25+00:00,2026-07-07 14:59:25+00:00,False,273.0,Medium,10,2,30,7,0,Afternoon,399,0.011568389597325365,0.00023669339329565964,0.011805082990621024,1,0,Low,Beginning,1,False,False,Afternoon,Music,hd
PRp5Y543LN0,Exploring My Abandoned Minecraft Server,"I can't believe a random video 6 years ago started all this

I want to make it clear that I don't own this Minecraft server anymore, it's now in the hands of the community. So be warned that if you go on this server, you may see profanity or other things that I have no control over. The community I met on the server was so wholesome, so if you go on the server, let's try and keep it that way.

New Merch - https://mrbeast.store
Join our discord server for your chance to compete in future Minecraft challenges!
https://discord.gg/mrbeastgaming
Music Provided by https://www.extrememusic.com
----------------------------------------------------------------
follow all of these or i will kick you
• Facebook - https://www.facebook.com/MrBeast/
• Twitter - https://twitter.com/MrBeast
•  Instagram - https://www.instagram.com/mrbeast",UCIPPMRA040LQr5QPyJEbmXA,MrBeast Gaming,[],PT19M45S,hd,true,2026-08-01,16:00:03,August,Saturday,20,23654668,712711,0,18971,2026,8,1,31,3,16,0,3,2026-08-01 16:00:03+00:00,2026-08-01 16:00:03+00:00,True,1185.0,Long,39,5,833,125,0,Afternoon,731682,0.030129824692530033,0.0008019981510626148,0.03093182284359265,1,1,Very High,Beginning,1,True,True,Afternoon,Gaming,hd
Cv1AXnX8DjU,Five Nights at Freddy's: Secret of the Mimic Song - It Doesn't Matter - The Living Tombstone,"A new piece of entirely Human-Generated Music!

➢ Stream 'It Doesn't Matter' here: https://thelivingtombstone.lnk.to/itdoesntmatter

Credits: 

Written by Yoav Landau and Sam Haft
Produced by Yoav Landau
Mixing by Yoav Landau
Solo Guitar by Jonas Wisner
Vocals by Yoav Landau, Sam Haft and Andrea Pacas 
Mastering by Leon Zervos 

Video by: BLINDSPOT 3DCG Animation Group
https://www.blind-spot.dev/

Follow The Living Tombstone:
➢ YouTube: https://www.youtube.com/channel/UCFYMDSW-BzeYZKFSxROw3Rg?sub_confirmation=1
➢ Discord: https://discord.gg/dtzJ48c
➢ Twitter: https://twitter.com/LivingTombstone/
➢ Instagram: https://www.instagram.com/livingtombstone/
➢ Spotify: https://open.spotify.com/artist/0I6yADrmeyvw66g7yjkqIF?si=gWxK26FmQwGoqM-Ql8g-qw
➢ Facebook: https://www.facebook.com/TheLivingTombstoneOfficial/
➢ Twitch: https://twitch.tv/LivingTombstone
➢ Tiktok: https://www.tiktok.com/@thelivingtombstone",UCFYMDSW-BzeYZKFSxROw3Rg,The Living Tombstone,"['the living tombstone', 'livingtombstone', 'tlt', 'thelivingtombstone']",PT3M50S,hd,false,2026-07-31,16:00:06,July,Friday,10,1736525,127940,0,9129,2026,7,31,31,3,16,0,6,2026-07-31 16:00:06+00:00,2026-07-31 16:00:06+00:00,False,230.0,Medium,92,17,912,83,4,Afternoon,137069,0.07367587567123998,0.0052570507191085645,0.07893292639034855,1,0,Very High,End,1,False,False,Afternoon,Music,hd
jLRHqXGtcgE,I got ADMIN COMMANDS in RIVALS,thank you to the Rivals devs for giving me admin this was soooooo fun play their game NOW https://www.roblox.com/games/17625359962/RIVALS,UCm-X6o81nRsXQTmqpyArkBQ,Flamingo,"['roblox', 'admin', 'rivals']",PT17M3S,hd,false,2026-08-03,00:09:46,August,Monday,20,261787,19138,0,3064,2026,8,3,32,3,0,9,46,2026-08-03 00:09:46+00:00,2026-08-03 00:09:46+00:00,False,1023.0,Long,30,6,137,19,3,Night,22202,0.07310523440812569,0.011704171712117102,0.08480940612024279,1,0,High,Beginning,1,True,False,Late Night,Gaming,hd
UMzvn1VIBjo,PlaqueBoyMax - Diva (Official Music Video),"Diva By PlaqueBoyMax Official Music Video 
Directed By Nick Mays 

Diva Out Now: https://plaqueboymax.lnk.to/Diva


Follow Me:
https://www.instagram.com/plaqueboymax/",UCaSE0bK1P1twQzkPUkncjLQ,PlaqueBoyMax,"['plaqueboymax', 'diva', 'plaqueboymax diva', 'diva music video']",PT2M43S,hd,false,2026-07-31,20:21:02,July,Friday,10,763608,39072,0,3383,2026,7,31,31,3,20,21,2,2026-07-31 20:21:02+00:00,2026-07-31 20:21:02+00:00,False,163.0,Medium,42,6,166,17,4,Evening,42455,0.051167614797121036,0.0044302836010099425,0.05559789839813098,1,0,Very High,End,1,False,False,Evening,Music,hd
vSEtmtFEwnw,Hermitcraft 11: Episode 22 - LAUNCHING HERMITS,Hermitcraft 11: Episode 22 - Grian is back on hermitcraft and makes his first shop.. The Good egg. Bad egg soon to follow.,UCR9Gcq0CMm6YgTzsDxAxjOQ,Grian,"['Minecraft', 'Grian', 'building', 'grian', 'mincraft', 'tutorial', 'yt:quality=high', 'minecraft', 'ideas', 'creative', 'build']",PT30M3S,hd,true,2026-08-02,17:00:30,August,Sunday,20,485755,42335,0,2109,2026,8,2,31,3,17,0,30,2026-08-02 17:00:30+00:00,2026-08-02 17:00:30+00:00,True,1803.0,Long,46,7,122,23,11,Afternoon,44444,0.08715298864653992,0.0043416948873403255,0.09149468353388025,1,1,Very High,Beginning,1,True,True,Afternoon,Gaming,hd
qLC_B2cQrcE,Meek Mill - Nightmares To Dreams (Official Audio),"Meek Mill - Nightmares To Dreams
https://dreamchasers.ffm.to/nightmares

Subscribe for more official content from Meek Mill:
https://MeekMill.lnk.to/subscribe

Follow Meek Mill
Official Website: https://MeekMill.lnk.to/Official
Twitter: https://MeekMill.lnk.to/Twitter
Instagram : https://MeekMill.lnk.to/Instagram
Tiktok: https://MeekMill.lnk.to/tiktok
Facebook: https://MeekMill.lnk.to/Facebook
GIPHY: https://MeekMill.lnk.to/GIPHY

Listen to Meek Mill
Apple Music : https://MeekMill.lnk.to/Apple
Spotify : https://MeekMill.lnk.to/Spotify
Amazon: https://MeekMill.lnk.to/AmazonMusic
Audiomack: https://MeekMill.lnk.to/Audiomack
Tidal: https://meekmill.lnk.to/Tidal
Pandora: https://MeekMill.lnk.to/Pandora
YouTube: https://MeekMill.lnk.to/YouTube

The official YouTube channel of Meek Mill. Subscribe for the latest music videos, performances, and more.

#DreamChasers",UC9HlWVtENbiMQzVRmnbJxtw,Meek Mill,"['meek mill', 'meek', 'mill', 'hip hop', 'rap', 'atlantic', 'atlantic records', 'wins & losses', 'dreams worth more than money', 'stay woke', 'dangerous', 'champions', 'championship', 'Intro', 'trauma', 'whats free', 'Respect the game', 'splash warning', 'going bad', 'almost slipped', 'expensive pain', 'sharing locations', 'EXPENSIVE PAIN', 'MEEK NEW ALBUM', 'NEW MEEK']",PT3M15S,hd,false,2026-07-31,23:56:59,July,Friday,10,351859,22752,0,2093,2026,7,31,31,3,23,56,59,2026-07-31 23:56:59+00:00,2026-07-31 23:56:59+00:00,False,195.0,Medium,49,8,870,71,25,Evening,24845,0.06466226528240006,0.005948405469236257,0.07061067075163631,1,0,Very High,End,1,False,False,Night,Music,hd
iJzBd0U-D1U,WATCHING FNCS GRAND-FINALS 🏆  DAY 2  👀,"WATCHING FNCS GRAND-FINALS 🏆 WHO WILL WIN!? 👀

📝 Aussie Antics Socials:
🎥 2nd Channel - https://www.youtube.com/channel/UCDf0vu3DCZ-iriwrPRpy5wg
🐦 Twitter - https://twitter.com/aussieantics 
📷 Instagram - instagram.com/ausantics       
🎮 Discord - https://discord.gg/aussie
➡️ Twitch - https://www.twitch.tv/aussieantics 
Tiktok - https://tiktok.com/@aussieantics 


#fortnite #competitivefortnite #chapter5",UC5aATYG-mEny8VBUzf2TIjQ,AussieAntics,"['fortnite', 'fortnite battle royale', 'epic games', 'comp fortnite', 'competitive fortnite', 'sypherpk', 'sypher', 'itsjerian', 'fortnite news', 'fortnite update', 'tournament', 'fortnite tournament', 'aussie antics', 'antics with aussie', 'fortnite drama', 'chapter 5 season 1', 'chapter 5', 'PETERBOT']",PT11H55M,hd,false,2026-08-03,05:27:49,August,Monday,24,530064,5525,0,4,2026,8,3,32,3,5,27,49,2026-08-03 05:27:49+00:00,2026-08-03 05:27:49+00:00,False,42900.0,Long,38,7,407,39,18,Night,5529,0.010423269642911044,7.5462585650034716e-06,0.010430815901476048,1,0,Very High,Beginning,1,False,False,Late Night,Entertainment,hd
e6iAAAObz3c,KATSEYE - Animal (on the dance floor),"Listen to KATSEYE’s new single Animal now: https://KATSEYE.lnk.to/Animal 
Pre-order KATSEYE's Third EP ‘WILD’: https://KATSEYE.lnk.to/WILD  

Shop KATSEYE: https://KATSEYE.lnk.to/Shop   

Follow KATSEYE
Instagram: https://www.instagram.com/katseyeworld/   
TikTok: https://www.tiktok.com/@katseyeworld  
Twitter: https://twitter.com/katseyeworld  
Weverse: https://weverse.io/katseye/feed 
YouTube: https://www.youtube.com/@katseyeworld 
Official Website: https://Katseye.world 
Newsletter: https://KATSEYE.lnk.to/SignUpID 

#KATSEYE #KATSEYE_Animal",UCA61H4fWOMHikLcUFKyQUog,KATSEYE,[],PT3M41S,hd,false,2026-07-31,16:00:33,July,Friday,10,3794321,207682,0,20211,2026,7,31,31,3,16,0,33,2026-07-31 16:00:33+00:00,2026-07-31 16:00:33+00:00,False,221.0,Medium,37,7,549,36,0,Afternoon,227893,0.05473495784884832,0.005326644740916754,0.060061602589765076,1,0,Very High,End,1,False,False,Afternoon,Music,hd
LP4JMZiKrEk,Exposing 15 SECRETS in Animal Hospital...,"Join My Roblox Group!
https://www.roblox.com/groups/33043362/The-Techy-ARMY#!/about

Socials: https://solo.to/techys

#Roblox",UCNDzLI-hyihpAx3zKtwhGZw,Techy Plays,"['roblox', 'brookhaven', 'funnyroblox', 'techyblox', 'techy', 'crazy fan girls', 'crazy fan girl', 'my crazy fan girls']",PT11M26S,hd,false,2026-08-02,14:00:17,August,Sunday,20,376148,13254,0,1429,2026,8,2,31,3,14,0,17,2026-08-02 14:00:17+00:00,2026-08-02 14:00:17+00:00,True,686.0,Long,41,6,125,8,8,Afternoon,14683,0.0352361304592873,0.003799036549443304,0.03903516700873061,1,0,Very High,Beginning,1,True,True,Afternoon,Gaming,hd
d6tMnbLofJw,Hustle,"Provided to YouTube by Alamo

Hustle · Rod Wave

Hustle

℗ 2026 Alamo Records, LLC/Sony Music Entertainment

Released on: 2026-07-31

Associated Performer: Rod Wave
Composer: Rodarius Green
Composer: Thomas Horton
Composer: David McDowell
Composer: Cameron Holmes
Producer: TNTXD
Producer: Dmac
Producer: Camm

Auto-generated by YouTube.",UChWPNW87QHcXAsw2mzlsYNw,Rod Wave - Topic,"['Rod Wave', 'Hustle']",PT2M20S,hd,false,2026-07-31,04:01:32,July,Friday,10,622452,19781,0,540,2026,7,31,31,3,4,1,32,2026-07-31 04:01:32+00:00,2026-07-31 04:01:32+00:00,False,140.0,Medium,6,1,337,45,2,Night,20321,0.031779157268351614,0.0008675367739199167,0.03264669404227153,1,0,Very High,End,1,False,False,Late Night,Music,hd
tKf2k7qE-5s,BEST FORTNITE UPDATE!! (let's play WYFUL PILLARS),"Wow… if you're not in here then WHAT ARE YOU DOING?!

main channel: https://www.youtube.com/c/Wyful

Drop a ❤️ #shorts",UC6ejXV1LENJP7Glx7RqF5Jw,Wyful Shorts,"['FYP', 'EXPLORE', 'GAMING', 'FUNNY', 'SIGMA', 'girlfriend']",PT4H25M25S,hd,false,2026-08-03,06:15:20,August,Monday,20,604879,6646,0,7,2026,8,3,32,3,6,15,20,2026-08-03 06:15:20+00:00,2026-08-03 06:15:20+00:00,False,15925.0,Long,49,7,118,18,6,Night,6653,0.010987321431228395,1.1572562446373572e-05,0.010998893993674768,1,0,Very High,Beginning,1,True,False,Morning,Gaming,hd
uOaRxV7Ef-M,"Best Worship Songs 2026 - Goodness Of God, Top Praise And Worship Songs, Christian Songs Collection","Best Worship Songs 2026 - Goodness Of God, Top Praise And Worship Songs, Christian Songs Collection
#BestWorshipSongs2026 #GoodnessOfGod #TopPraiseAndWorshipSongs #ChristianSongsCollection

Experience a collection of worship songs inspired by Goodness Of God, featuring top Christian praise and worship music for 2026. Blending timeless favorites with contemporary worship, this playlist offers a smooth and uplifting listening experience from beginning to end.

Featured in this collection:
• Best worship songs and praise music
• Contemporary Christian favorites
• Hillsong-style worship and inspiring melodies
• A nonstop playlist for everyday listening

Perfect for:
• Morning devotion and prayer
• Bible study and quiet reflection
• Work, relaxation, or daily routines
• Creating a peaceful worship atmosphere

Whether you're beginning your day or taking a quiet moment to reflect, let these songs encourage your faith and remind you of God's goodness, love, and unfailing grace.

If you enjoy this playlist, like, share, and subscribe for more Christian worship music.

#GoodnessOfGod #BestWorshipSongs2026 #ChristianSongs #PraiseAndWorship #ChristianMusic

Listen to worship music that leads your heart into God’s presence, available whenever you need.
🎧 Spotify: https://open.spotify.com/artist/0PC2rSx5D2eDbxp0heZgd5
🍎 Apple Music: https://music.apple.com/us/artist/wbm-worship/1860201010",UCqZWmpmj24iC7dletjnf_gA,Worship Songs,"['Best Worship Songs 2026', 'Goodness Of God', 'Top Praise And Worship Songs', 'Christian Songs Collection', 'hillsong worship', 'praise and worship songs', 'morning worship songs', 'hillsong', 'night worship', 'hillsong worship songs', 'worship music', 'christian songs', 'golden time', 'worship songs 2026', 'best christian songs', 'christian music', 'christian worship songs', 'worship', 'christian', 'worship songs', 'christian songs with lyrics', 'hillsong worship album', 'Top christian songs', 'Top worship songs']",PT3H1M46S,hd,false,2026-08-01,12:00:00,August,Saturday,10,118591,1114,0,74,2026,8,1,31,3,12,0,0,2026-08-01 12:00:00+00:00,2026-08-01 12:00:00+00:00,True,10906.0,Long,99,16,1397,181,24,Morning,1188,0.009393630208025904,0.0006239933890430134,0.010017623597068917,1,0,Medium,Beginning,1,False,True,Afternoon,Music,hd
zr8npQDGFn8,THE CRAZIEST NEW PARTY GAME!,"USE CODE CLOO FOR 10% OFF 
BUY BBL - https://gamersupps.gg/Puffer
BUY After Hours - http://gamersupps.gg/clooless

Clooless: 
CLOOLESS MERCH - https://clooless.shop/
 ⁨@CloolessPodcast⁩  
​ ⁨@CloolessGamingg⁩  
​ ⁨@CloolessReacts⁩  

Other Channels:
PufferTV:   ⁨@puffertv⁩  
PufferPlays:   ⁨@PufferPlayss⁩  
Twitch: http://twitch.tv/bigpuffer

Socials:
Twitter: http://twitter.com/Bigpuffer
Instagram: http://instagram.com/Bigpufferr
Discord: https://discord.gg/QkFPbnc
Reddit: https://www.reddit.com/r/Bigpuffer/

Friends: 
@ElasticDroid 
@Pezzy 
@EliLikesRice 

Join this channel to get access to perks:
https://www.youtube.com/channel/UCmY6t25uVbXIDTizjfLBI4Q/join

Intro/Outro Song: https://www.youtube.com/watch?v=HClyQjRkJbU

#Bigpuffer",UCmY6t25uVbXIDTizjfLBI4Q,Bigpuffer,"['Bigpuffer', 'Puffer', 'Iambigpuffer', 'Puffer reddit', 'Puffer grizzy', 'Puffer unban requests', 'puffer beef', 'puffer drama', 'unban request twitch', 'unban request', 'Puffer ban', 'Puffer twitch highlights', 'Bigpuffer ban', 'Puffer reddit review', 'reddit review', 'Bigpuffer reddit', 'Bigpuffer reactions', 'Bigpuffer reacts', 'Reacting video', 'Smii7y', 'smii7yplus', 'blarg', 'grizzy']",PT1H39M13S,hd,false,2026-08-02,19:00:24,August,Sunday,20,208948,10167,0,178,2026,8,2,31,3,19,0,24,2026-08-02 19:00:24+00:00,2026-08-02 19:00:24+00:00,True,5953.0,Long,28,5,743,59,23,Evening,10345,0.048658039320787945,0.0008518865937936712,0.049509925914581615,1,0,High,Beginning,1,True,True,Evening,Gaming,hd
E0iBGrFd40Y,223,"Provided to YouTube by Roc Nation Distribution

223 · Lil Uzi Vert

Maverick “Almost Forever” EP

℗ Cor(e) / Roc Nation Distribution

Released on: 2026-07-31

Unknown: Argenis “Trilla” Peguero
Mixing Engineer, Mastering Engineer, Unknown: JESS JACKSON
Unknown, Assistant Mixing Engineer: Dillon Brophy
Producer: ChiChi
Producer: Giannii
Producer: Cade
Producer: Alexcheyz
Producer: Akumi
Composer, Lyricist: Symere Woods
Composer: Gian Baba
Composer: Cade Blodgett
Composer: Aleksandr Kolomiec
Composer: Dmitrii Shakin
Composer: Chidi Osondu

Auto-generated by YouTube.",UCq3BWNYLyFDMBzOjnRt5agw,Release - Topic,"['Lil Uzi Vert', 'Maverick “Almost Forever” EP', '223']",PT2M31S,hd,false,2026-08-01,18:56:43,August,Saturday,10,61029,2533,0,0,2026,8,1,31,3,18,56,43,2026-08-01 18:56:43+00:00,2026-08-01 18:56:43+00:00,True,151.0,Medium,3,1,569,74,3,Afternoon,2533,0.041504858346032215,0.0,0.041504858346032215,1,0,Low,Beginning,1,False,True,Evening,Music,hd
mdwznVc0mbs,Our New QB Is GAMEBREAKING! Wheel of CUT! Ep. #5,"A clean sweep. Undefeated. 5-0. A perfect regular season. That's what's on the line today boys. Can we secure our playoff berth and head into the playoffs on a high note? Sit back, relax, call the huzz, and find out...

wow, you stud - thanks for clicking this video. quite simply, i cant help but notice how handsome you look right now - great job sport. keep up the nice work!

#mmg",UCaYxyR9mzVlTrOOyZD0XAmA,MMG,['mmg'],PT33M6S,hd,false,2026-08-02,23:17:54,August,Sunday,17,169473,7293,0,387,2026,8,2,31,3,23,17,54,2026-08-02 23:17:54+00:00,2026-08-02 23:17:54+00:00,True,1986.0,Long,48,10,384,72,1,Evening,7680,0.043033403551008126,0.0022835495919704026,0.045316953142978525,1,0,High,Beginning,1,False,True,Night,Sports,hd
KD5u-zVJbRQ,Lilypad (Pomni X Ribbit Theme Song)【THE AMAZING DIGITAL CIRCUS 3D FAN MUSIC VIDEO】,"Lilypad (Pomni X Ribbit Theme Song) Is OUT NOW On ALL Listening Services: https://open.spotify.com/track/17kg0yD6OAo295RRCixYeV?si=1169b17c27e6432d

Vocals by
Jax - Cougar
Ribbit - @officialkathychan 
Kaufmo - @DjsmellYT 
Pomni & Gangle - @jelzyart 
Kinger - TreWatson & DjsmellYT
Ragatha - @Cycoriot 
Caine - Cougar
Bubbles & Zooble - Ivi

Music Production/Lyrics by @CougarMacDowall  & @ivifromnowhere 
Mixing/Tuning/Additional MusicbyEarendil

Credits

Video by Butter Shooter Studios

Director - @Poiuy 

Co director / Producer - @NCC Animations

Layout Artist - @NCC Animations 

Storyboard - CougarMacDowall‬, Poiuy, and Ashekatt

Animators
F O X X 
Bobby
Springglitch 
Not-None 
NCC Animations 

Modeling artist
RobcastXM 
Zerrek

Texture artist
RobcastXM
Zerrek

Rigging Artist
Not-None 
RobcastXM
Zerrek

Lighting Artist
DanyGersh 

Compositing artist
DanyGersh 

Render artist
NCC Animations 
DanyGersh

Ending Credits
Garduno

2D Artist
Misty

Editor - 
NCC Animations

Assets
Blueambiance - Maps
Nytte - Ribbit
Malik Radwan - TADC Models
Mr_Faz - Spudzys
Trixel - Caine v2.5

Follow Cougar MacDowall VA's social media:

Spotify ▶ https://open.spotify.com/artist/5XltLT7MA8tDZpPKuynpym?si=I-rpsaylTLS9upV8PU06Og
Instagram ▶   https://www.instagram.com/cougarmacdowallva/
Twitter ▶ https://twitter.com/CougarMacDowal1

Watch The Amazing Digital Circus Episode 6 Here:
https://www.youtube.com/watch?v=mOvhHim78YA

LYRICS:

[POMNI]
Everything sucks!
But this sucks less
You might just be the one that makes me feel my best
(I guess)

[RIBBIT]
I can't believe
You're just no good for my health
You're way too sweet for me
Wouldn't choose nobody else

[POMNI]
Lead the way, take me out, write the end, play pretend

[RIBBIT]
I think the drama makes you look bad,
Chill out on my lily pad 

[POMNI & RIBBIT]
I'm not happy, but I'm playing along (I get that)
I'm not happy, but I'm playing along (We did that)
I'm not happy, but I'm playing along (We did it!)

[RIBBIT]
I think the drama makes you look bad,
Hop onto my lily pad

[RIBBIT]
Jump on it
J-j-jump on it
J-j-jump on it
J-j-jump on it 
On my lily pad

[RIBBIT]
How many times have you been bad? (JAX: Who's counting?)
Yeah, I guessed that
How much time could we have had? (POMNI: A lot?)
Yeah, he did that

[RIBBIT]
I can't believe
You're just no good for my health
You're way too sweet for me
Wouldn't choose nobody else

[POMNI]
Lead the way, take me out, write the end, play pretend

[RIBBIT]
I think the drama makes you look bad,
Chill out on my lily pad 

[POMNI & RIBBIT]
I'm not happy, but I'm playing along (JAX, ANNOYED: I get that)
I'm not happy, but I'm playing along (JAX: You did that...)
I'm not happy, but I'm playing along (JAX: I'm done)

[RIBBIT]
I think the drama makes you look bad,
Hop onto my lily pad

[POMNI, RIBBIT, GANGLE, CAINE, ZOOBLE]
P-O-M-N-I X R-I-B-B-I-T
P-O-M-N-I X R-I-B-B-I-T

[RIBBIT]
I can't believe
You're just no good for my health
You're way too sweet for me
Wouldn't choose nobody else

[POMNI]
Lead the way, take me out, write the end, play pretend

[RIBBIT]
I think the drama makes you look bad,
Hop onto my lily pad

[POMNI & RIBBIT]
I'm not happy, but I'm playing along (I get that)
I'm not happy, but I'm playing along (We did that)
I'm not happy, but I'm playing along
I think the drama makes you look bad
Hop onto my lily pad



[RIBBIT]
I feel so happy today
It's too bad I have crippling depression
And it's just a manic day
I'm trapped here in this colorful delusion

Why can't we sleep or even cry?
Is it possible to die?
Am I even still alive?
Open my eyes

All I need now to survive
Is my friends right by my side
I'm so happy I could die-ie-ie 

[JAX]
I feel so happy today
I can't throw this one away
Maybe it's not a mistake

[JAX W/ RIBBIT & KAUFMO GLITCHING]
To stay ali-ive

Ribbit and Kaufmo and me
Got so much world left to see
If she won't give up today

[JAX W/ RIBBIT & KAUFMO GLITCHING]
We'll never die-ie!

[RIBBIT]
Happy happy happy, I might just stay
Even though I'm trapped, and I'm not okay!
I feel happy happy happy, once in my life
Pretend I'm alright, when I lost my mind

[JAX]
Better yet, now here's my chance 
Start again, new life, new dance

[JAX & KAUFMO]
Gotta live with no regrets
Let it go begin again

[JAX]
And just be 

[RIBBIT]
Happy happy happy
Forever more
Just keep holding on here,

[RIBBIT, KAUFMO, JAX]
Together

[RIBBIT]
I feel so happy today
It's too bad all I'm good at is lying
I'm at my lowest today
And all that I can think about is...

[RIBBIT]
Why can I recall the way
I tried to end today?
Considering my body isn't mine
I know it isn't ordinary
Being here just doesn't scare me

No more than the thoughts in my head
No more than the things unsaid

Fall away from me
And leave it all to nothing more than memory

[KAUFMO]
Where is she, what have you done now?
Great job, Jax, way to break her down


#Glitch #GlitchProductions #digitalcircus #JaxXPomni #Gummigoo",UCYL0au6V77nHEhVP9kUMwlQ,Cougar macdowall Va,"['glitch', 'glitch productions', 'digital circus', 'the amazing digital circus', 'murder drones', 'Pomni', 'Jax', 'Ragatha', 'Kinger', 'Gangle', 'Zooble', 'Caine', 'Bubble', '3D', 'Animation', '3D Animation', 'Indie Animation', 'Gummigoo', 'music video', 'gooseworx', 'minecraft', 'nerdcore', 'jakeneutron jax toy', 'JaxToy', 'The Amazing Digital Circus', 'Amanda Hufford', 'JAXTOY', 'Music Video', 'TADC', 'Kovox', 'Jax Abstraction Song', 'cg5 song', 'the amazing digital circus episode 9 song', 'digital circus song cg5', 'digital circus episode 9', 'jax song cg5', 'jax', 'Uzi']",PT1M58S,hd,false,2026-08-01,14:30:06,August,Saturday,10,1000218,30571,0,1538,2026,8,1,31,3,14,30,6,2026-08-01 14:30:06+00:00,2026-08-01 14:30:06+00:00,True,118.0,Medium,82,13,4929,831,38,Afternoon,32109,0.03056433697453955,0.0015376647890759814,0.03210200176361553,1,0,Very High,Beginning,1,False,True,Afternoon,Music,hd
XyzpgXUXCsU,Aphmau CANNOT be HURT!,"Sticks and stones can’t break my bones!

💜 Come take a look at my merch! 💜 https://aphmeow.com/
★ Check out my Minecraft Marketplace! ★ https://www.minecraft.net/en-us/marketplace/creator/catface
► Instagram: https://www.instagram.com/aphmau_ 

====. * ･ ｡ﾟ☆ [Friends!] ☆｡ﾟ･* .====
★ Aaron: Jason Bravura
★ Zane: Kestin Howard
★ KC: MegaMoeka
★ Ein: Chris Escalante

NOT an official Minecraft Product. Not approved by or associated with Mojang or Microsoft.

#Minecraft #Aphmau",UCzYfz8uibvnB7Yc1LjePi4g,Aphmau,"['Aphmau', 'Minecraft', 'Minecraft funny', 'Minecraft mods', 'Minecraft Aphmau', 'Aphmau pranks', 'Aphmau Minecraft Pranks', 'Aphmau Gaming', 'Aphmau Games', 'Aphmau Pranks Friends', 'Aphmau Playing As', 'Aphmau Aaron']",PT18M23S,hd,false,2026-08-02,19:48:02,August,Sunday,20,278367,8768,0,1368,2026,8,2,31,3,19,48,2,2026-08-02 19:48:02+00:00,2026-08-02 19:48:02+00:00,True,1103.0,Long,22,4,477,66,12,Evening,10136,0.03149798647109751,0.0049143756264212355,0.03641236209751874,1,0,High,Beginning,1,True,True,Evening,Gaming,hd
SWn8PU83_-c,"Mili - Not My Paradiso [""Hell Maiden"" Opening Theme]","Opening theme for the game Hell Maiden: https://store.steampowered.com/app/3372060/Hell_Maiden/

Streaming: https://linkco.re/CZqfVppN

Mili on Patreon: https://www.patreon.com/project_mili

Mili Merch & Goods: https://projectmili.store/

Follow Mili
Spotify: https://open.spotify.com/artist/0K05TDnN7xPwIHDOwD2YYs
Apple Music: https://music.apple.com/jp/artist/mili/906934266
X: https://twitter.com/ProjectMili
Instagram: https://www.instagram.com/projectmili/
Homepage: http://projectmili.com/

Lyrics: Cassie Wei
Music: Cassie Wei & Yamato Kasai
Arrangement: Yamato Kasai

Artwork: Ao Fujimori

Mixing & Recording Engineer: Satoshi Yoneda
Mastering: Akihiro Shiba (TEMAS)


Mili members on X
Cassie Wei: https://twitter.com/momocashew
Yamato Kasai: https://twitter.com/HAMOloid/
Yukihito: https://twitter.com/going_man
Shoto Yoshida: https://twitter.com/shoto_0y
Ao Fujimori: https://twitter.com/pioooooon

#Mili #hellmaiden",UCVh47EKH9VLresRqiYi9txw,Mili,"['Mili', 'Cytus', 'Deemo', 'Rayark', 'Aurora', 'amazarashi', '米津玄師', 'supercell', 'EGOIST', 'Aimer', '澤野弘之', 'DEDE MOUSE', 'DAOKO', ""world's end girlfriend"", 'yonezu kenshi', 'utada hikaru', '宇多田ヒカル', 'plastic love', 'はるまきごはん', 'goblin slayer', 'ゴブリンスレイヤー', 'アニメ', 'anime', 'ずっと真夜中でいいのに', 'kokia', 'YMO', 'reol', '花澤香菜', 'hanazawa kana', 'momocashew', 'yamato kasai', 'hamoloid', '凛として時雨', '攻殻機動隊', 'Ghost in the Shell', 'King Gnu', 'millennium parade', 'sac_2045', 'sac 2045', 'yoasobi', 'library of ruina', 'lobotomy corporation', 'project moon', '魔法使いの約束', 'limbus company', 'arknights']",PT4M24S,hd,true,2026-08-02,11:00:06,August,Sunday,10,254485,26868,0,1183,2026,8,2,31,3,11,0,6,2026-08-02 11:00:06+00:00,2026-08-02 11:00:06+00:00,True,264.0,Medium,52,9,927,77,46,Morning,28051,0.1055779319016838,0.004648604043460322,0.11022653594514412,1,1,High,Beginning,1,False,True,Morning,Music,hd
LghNjCjircY,Would You Rather Outfit Tower in Roblox!,"We play Would You Rather Boys vs Girls Outfit Tower!
Subscribe & never miss a video! http://www.youtube.com/@ItsFunneh?sub_confirmation=1
Pre-Order our New Graphic Novel! http://krewintotheuniverse.com/

Shop KREW DISTRICT! https://krewdistrict.com

*VIDEOS!*
✦ Gaming / https://youtube.com/playlist?list=PLfjWV0CFo_5xJh_HJZ4MSMlZc14zy4vZ4
✧ Vlogs / https://youtube.com/playlist?list=PLfjWV0CFo_5x2pQyKh4agInDxRxgYzagl
✦ Livestreams / https://youtube.com/playlist?list=PLfjWV0CFo_5wTzNpvLPqDHq9psMdibAum

*KREW!*
 @PaintingRainbows 
 @GoldenGlare  
 @ItsFunneh  
 @LunarEclispe  
 @DraconiteDragon  

*GAME!*
Roblox Would You Rather Outfit Tower: https://www.roblox.com/games/84525826229916/Would-You-Rather-Boys-Girls-Outfit-Tower

If you enjoyed the video, like & subscribe to show your support! Thanks for watching! :]
#ItsFunneh #KREW #Roblox",UCUk7VggtJdo9XYTy3Z5QVAw,ItsFunneh,"['itsfunneh', 'funneh', 'funny moments', 'funny', 'krew', 'krew plays', 'gaming', 'games', 'roblox', 'itsfunneh roblox', 'youtube itsfunneh', 'itsfunneh minecraft', 'itsfunneh krew', 'itsfunneh videos', 'no swearing', 'no cursing', 'roblox funny moments', 'roblox roleplay', 'roblox funny', 'funny roblox', 'funny roblox game', 'roblox funneh', 'roblox needoh', 'roblox obby', 'roblox satisfying', 'satisfying', 'roblox krew', 'roblox itsfunneh', 'roblox tower', 'roblox outfit tower', 'outfit tower', 'boys vs girls', 'roblox boys vs girls tower']",PT33M33S,hd,false,2026-08-02,19:00:11,August,Sunday,20,252599,14340,0,2426,2026,8,2,31,3,19,0,11,2026-08-02 19:00:11+00:00,2026-08-02 19:00:11+00:00,True,2013.0,Long,40,7,846,73,33,Evening,16766,0.056769820941492244,0.009604155202514657,0.0663739761440069,1,0,High,Beginning,1,True,True,Evening,Gaming,hd
kP4WacH9xH8,Katy Perry - The One That Got Away (Lyrics),"🎵 Katy Perry - The One That Got Away (Lyrics)
⏬ Download / Stream the song: http://katy.to/TeenageDream
Our spotify playlist: https://open.spotify.com/playlist/4McPoMa4So9BeOrPgz67co 
💕 Like the video and comment your favourite song!
🔔 Turn on notifications to stay updated with new uploads!

👉 Moonshine socials:
https://www.instagram.com/lyricsbymoonshine/

👉 Katy Perry
http://katy.to/WebsiteYD
http://katy.to/InstagramYD
http://katy.to/TwitterYD
http://katy.to/FacebookYD

🎤 Lyrics: Katy Perry - The One That Got Away

[Verse 1]
Summer after high school, when we first met
We'd make out in your Mustang to Radiohead
And on my eighteenth birthday, we got matching tattoos
Used to steal your parents' liquor and climb to the roof
Talked about our future like we had a clue
Never planned that one day, I'd be losing you

[Chorus]
In another life
I would be your girl
We'd keep all our promises
Be us against the world
In another life
I would make you stay
So I don't have to say you were
The one that got away
The one that got away

[Verse 2]
I was June, and you were my Johnny Cash
Never one without the other, we made a pact
Sometimes when I miss you, I put those records on, woah
Someone said you had your tattoo removed
Saw you downtown, singing the blues
It's time to face the music, I'm no longer your muse

[Chorus]
But in another life
I would be your girl
We'd keep all our promises
Be us against the world
In another life
I would make you stay
So I don't have to say you were
The one that got away
The one that got away

[Post-Chorus]
The one
The one
The one
The one that got away

[Bridge]
All this money can't buy me a time machine, no
Can't replace you with a million rings, no
I should've told you what you meant to me, woah
'Cause now I pay the price

[Chorus]
In another life
I would be your girl
We'd keep all our promises
Be us against the world
In another life
I would make you stay
So I don't have to say you were
The one that got away
The one that got away (The one that got away)

[Post-Chorus]
The one (The one)
The one (The one)
The one (The one)
In another life
I would make you stay
So I don't have to say you were
The one that got away
The one that got away

📧 Contact: mgmt.moonshine@gmail.com

#katyperry  #theonethatgotaway  #lyrics",UCJX7Etv7ISmc-uWMkxpOngA,Moonshine,"['the one that got away', 'the one that got away lyrics', 'lyrics the one that got away', 'katy perry', 'lyrics', 'katy perry the one that got away', 'the one that got away katy perry', 'katy perry the one that got away lyrics', 'lyrics katy perry the one that got away', 'katy perry lyrics', 'lyrics the one that got away katy perry', 'the one that got away katy perry lyrics', 'In another life I would be your girl', ""We'd keep all our promises"", 'Be us against the world', 'In another life I would make you stay']",PT3M49S,hd,false,2026-07-31,23:04:38,July,Friday,10,968786,2753,0,21,2026,7,31,31,3,23,4,38,2026-07-31 23:04:38+00:00,2026-07-31 23:04:38+00:00,False,229.0,Medium,43,9,2262,405,16,Evening,2774,0.0028417008503425936,2.167661382389919e-05,0.002863377464166493,1,0,Very High,End,1,False,False,Night,Music,hd
-3Dog0KsSZw,I Put 10 YouTubers on One Minecraft Block,"will we be able to build civilization..? Subscribe!

I Put 10 YouTubers on One Minecraft Block, can we beat the game starting from nothing?

Follow My Twitch:
Twitch ➽ https://www.twitch.tv/baablu

Featuring: @FeinbergMC @GroxMC @isaacwhyy @Softwilly @Fantst @AJTHEBOLD @OGQndres @SquareApple @Vitjok 

All My Socials:
Discord ➽ https://discord.gg/baablu
X / Twitter ➽  https://twitter.com/baablu_lol
Instagram ➽ https://www.instagram.com/baablu_lol/
TikTok ➽ https://www.tiktok.com/@baablulol

#Minecraft #Baablu",UCOxAZ3wFgF6MJpPK1J6RoeA,Baablu,"['minecraft manhunt', 'minecraft manhunt but', 'minecraft', 'manhunt minecraft', 'minecraft challenge', 'minecraft manhunt with a twist', 'minecraft manhunt dream', 'minecraft but challenge', 'minecraft manhunt custom', 'minecraft speedrunner vs hunter', 'minecraft but', 'baablu', 'unstable smp', 'feinberg', 'ajthebold', 'babblu', 'bablu', 'babluu', 'baabluu', 'saparata', '10 youtubers minecraft', 'isaacwhy', 'minecraft skyblock', '100 days skyblock', '10 youtubers skyblock', 'grox', 'grox minecraft', 'grox manhunt', 'minecraft one block']",PT40M5S,hd,false,2026-08-02,14:00:11,August,Sunday,20,476228,20871,0,1140,2026,8,2,31,3,14,0,11,2026-08-02 14:00:11+00:00,2026-08-02 14:00:11+00:00,True,2405.0,Long,41,8,513,59,29,Afternoon,22011,0.04382564653905272,0.002393811367664228,0.04621945790671695,1,0,Very High,Beginning,1,True,True,Afternoon,Gaming,hd
ezvFU3bIsmA,Squash - Cyaa War We (Official Video),"Official Video for ""Cyaa War We"" by Squash 
Download/Stream: https://Hapilos.lnk.to/Squash-FAME

2026 6ixReal Records 

Follow #Squash:
https://www.instagram.com/squash6iixboss/

#6ixReal #CyaaWarWe",UCLLZ9Yz4iZhZWzD4UKuCSsw,SquashVEVO,"['Squash', '6ixReal Records Shortdon Muzik', 'Dancehall']",PT2M25S,hd,false,2026-08-02,21:00:30,August,Sunday,10,77101,7516,0,508,2026,8,2,31,3,21,0,30,2026-08-02 21:00:30+00:00,2026-08-02 21:00:30+00:00,True,145.0,Medium,37,7,198,18,3,Evening,8024,0.09748252292447569,0.006588760197662806,0.1040712831221385,1,0,Medium,Beginning,1,False,True,Evening,Music,hd
0-JaOZWYg3E,My Only Weapons A Lasso... [Sheriff Looper],"TRY OUT GAMER SUPPS AND USE CODE: Bart FOR 10% OFF AND FREE SHIPPING: https://gamersupps.gg/bart

☆Socials:
➥ Main Channel: https://www.youtube.com/@JoeBartolozzi
➥ Philosophy Channel: https://www.youtube.com/@Joe-Bart-Philosophy
➥ Vod Channel: https://www.youtube.com/channel/UC-lfGGqb5hHLBqVnVnWyrsw
➥Twitch: https://www.twitch.tv/joe_bartolozzi
➥Twitter: https://twitter.com/joebartolozzi_?lang=en
➥ Instagram: https://www.instagram.com/joe.bartolozzi/?hl=en


Editor:
@yourbusinessdad2716 
Thumbnails: @EvanJohnson2 

☆Discord:
➥https://discord.gg/joebart

Outro Song:  @PlayaPhonkOfficial   https://www.youtube.com/watch?v=1oC_WYWJx9A",UCeBPTBz1oRnsWsUBnKNNKNw,Joe Bart Games,['joebartolozzi'],PT40M40S,hd,false,2026-08-02,16:52:28,August,Sunday,20,203783,6501,0,437,2026,8,2,31,3,16,52,28,2026-08-02 16:52:28+00:00,2026-08-02 16:52:28+00:00,True,2440.0,Long,43,7,639,45,1,Afternoon,6938,0.03190158158433235,0.0021444379560611043,0.034046019540393456,1,0,High,Beginning,1,True,True,Afternoon,Gaming,hd
XGKJxb2b3ZI,"benny blanco, Selena Gomez, Becky G - Te Olvido (La La) [Official Music Video]","listen to ""Te Olvido (La La)"" now: https://bennyblanco.lnk.to/TeOlvido
pre-order the new album 'Hermoso' now: https://bennyblanco.lnk.to/Hermoso

follow benny:
https://www.instagram.com/itsbennyblanco
https://www.facebook.com/itsbennyblanco
https://twitter.com/itsbennyblanco
https://www.tiktok.com/@itsbennyblanco

follow Selena Gomez:
https://www.instagram.com/selenagomez
https://www.facebook.com/Selena
https://twitter.com/selenagomez
https://www.tiktok.com/@selenagomez

follow Becky G:
https://www.instagram.com/iambeckyg
https://www.facebook.com/iambeckyg/
https://twitter.com/iambeckyg
https://www.tiktok.com/@iambeckyg

credits:
Production Company: WeOwnTheCity
Director: Stillz
Creative Director & Photographer: Aidan Cullen
Photographer & Casting Director: Estevan Oriol
Executive Producer: Esteban Zuluaga
Producers: Esteban Zuluaga & Malcolm Duncan
Production Supervisor: Mikey Nicholas
Production Supervisor: Sho Schrock-Manabe
Creative Director & Photographer Assistant: Liam Cavanaugh
Director of Photography: Russ Fraser
Editor: Aitor Bigas
Assistant Editor: Daniel Mendoza
Colorist: Cameron Marygold (Fairchild)
VFX: Buralqy
Title Design: Maximilia Villa
Sound Design: Roman Richards
1st AD: Parker McMillan
2nd AD: Robert Arthur Main
PA – AD: Ashley Otis
PA – Office: Dominque Da Silva
PA – Truck: Damine Pettway
PA – Set: Alan Krohn
PA – Set: Christian Arroyo
PA – Truck: Chris Butler
B Unit DOP: Grant Duncan
1st AC: Q Rodriguez
2nd AC: Ramone Deshawn
Loader: Chastin Noblett
Key Grip: Luke Poole
Best Grip: Stephen Chang
Grip: Javier Brandon Diaz
Grip: Eric Fowler
Location Manager: Rick Schroder
Moho – Vogue Supreme: Hector Juarez
Moho – Eko Lux: Chris Mortimore
Moho – Eko Lux: Joe Pires
Bathroom Trailer – Setlife: Jeff Robbins
Playback: Morgan Spadone
Catering: Primicias Catering
Crafty: James Noble
Crafty Assistant: Cat Sengsourichanh
Medic: Angelo Ghilgeri
Talent: Danny Trejo
Talent: Rebecca Coss
RC Management: Maggie Barragan
RC Management: Leonor
12 Dancers: Alfonso Fox Orozco
Model: Gabriel Pimentel / Wiz
Model: Sabrina
Model: Leah
5 Catrinas: Maria Flores
Professional Skateboarder: P-Rod
Puppet Master: Cain
Low Rider: George Zacarias
Low Rider: Jorge
2 Low Riders: BIG PAGE
Low Rider: Javie Covarrubias
4 Bikes: Danny Salazar Jr
Talent: Fernando Barragan
Talent: Freddie Negrete
DT Assistant: Mario Castillo
Homeboy: Jerry / Trigger HOB Orozco
Model: Maya Salinas
Model: Gisselle Hidalgo
Model: Kimberly Cuevas
Interscope Records: Michelle An, Christiana Divona, Chelsea Dodson, Alyssa Kamalski, Briana Trujillo
BTS Video: Hunter Simmons
benny blanco Manager: Andrew Luftman
benny blanco Management: Ashlyn Banner
benny blanco Groomer: Christine Nelli
benny blanco Groomer Assistant: Alivia Speech
benny blanco Stylist: Chloe Badawy
benny blanco Stylist Assistant: Natalie O'Campo
benny blanco Social Media Shooter: Lionel Chambers
Selena Gomez Management: Aleen Keshishian, Zack Morgenroth
Selena Gomez Makeup Artist: Jenna Nicole
Selena Gomez Hair Stylist: Ashley Ruiz
Selena Gomez Stylist: Erin Walsh
Selena Gomez Stylist Assistant: Claudia Stamatoiu
Selena Gomez Stylist Assistant: Olya Revutskaya
Selena Gomez Stylist Assistant: Esther Dashevsky
Selena Gomez Nail Artist: Tom Bachik
Becky G Manager: Ben Tischker
Becky G Day-to-Day Manager: John Rosales
Becky G Socials: Tavo Roig, Kat Tagarao
Becky G Creative Director: Daniela Matos
Becky G Personal Day-to-Day: Leslie Gomez
Becky G Makeup Artist: Etienne Ortega
Becky G Makeup Assistant: Ahna Ellis
Becky G Hair Stylist: Davontae Washington
Becky G Wardrobe: Morgan Pinney
Becky G Wardrobe Assistant: Avantika Nehru
Becky G Nail Artist: Patty Gamez

#bennyblanco #SelenaGomez #BeckyG #TeOlvido #Hermoso

Music video by benny blanco, Selena Gomez, Becky G performing Te Olvido (La La).© 2026 Friends Keep Secrets, under exclusive license to Interscope Records",UCjDsGV6fgTtXiNsKqwKIxJQ,bennyblancoVEVO,"['benny blanco', 'Selena Gomez', 'Becky', 'Friends Keep Secrets', 'under exclusive license to Interscope Records', 'Latin']",PT3M10S,hd,true,2026-07-31,04:00:32,July,Friday,10,3075542,151809,0,6912,2026,7,31,31,3,4,0,32,2026-07-31 04:00:32+00:00,2026-07-31 04:00:32+00:00,False,190.0,Medium,78,14,3857,499,6,Night,158721,0.0493600802720301,0.002247408749417176,0.051607489021447274,1,1,Very High,End,1,False,False,Late Night,Music,hd
p_iiusgceTE,Kicked Out By DIAMOND VILLAGERS..,"Instagram: https://www.instagram.com/cashmarcoyt/
Merch: https://cashandnico.com

#Minecraft #MinecraftMod #Cash #NicoAndCash",UC0eLBYhxW9HC0P9PXQ73mpQ,Cash,"['Cash', 'Nico', 'Nico and Cash', 'Cash and Nico', 'Minecraft', 'Minecraft mod', 'family friendly', 'kid friendly']",PT16M44S,hd,false,2026-08-02,15:00:28,August,Sunday,24,372875,5652,0,962,2026,8,2,31,3,15,0,28,2026-08-02 15:00:28+00:00,2026-08-02 15:00:28+00:00,True,1004.0,Long,33,5,125,8,8,Afternoon,6614,0.015157894736842105,0.0025799530673818304,0.017737847804223935,1,0,Very High,Beginning,1,False,True,Afternoon,Entertainment,hd
oj_rilLr0P8,Stay x Well Done (Welzx Remixx) Jxss Chill Riddim,"Provided to YouTube by DistroKid

Stay x Well Done (Welzx Remixx) Jxss Chill Riddim · AVEX_ · Jxss · Jxss

Stay x Well Done (Welzx Remixx) Jxss Chill Riddim

℗ 7739785 Records DK

Released on: 2026-07-04

Auto-generated by YouTube.",UCNNz1Atv596dQw_nqOdjOug,AVEX_ - Topic,"['AVEX_', 'Jxss', 'Stay x Well Done (Welzx Remixx) Jxss Chill Riddim']",PT2M42S,hd,false,2026-07-04,18:35:34,July,Saturday,10,56035,1721,0,0,2026,7,4,27,3,18,35,34,2026-07-04 18:35:34+00:00,2026-07-04 18:35:34+00:00,True,162.0,Medium,49,9,231,39,3,Afternoon,1721,0.030712947265102167,0.0,0.030712947265102167,1,0,Low,Beginning,1,False,True,Evening,Music,hd
fewaj_eTyBg,The 20 Most Hated Pokémon (and why they shouldn't be),"The 20 Pokemon people hate the most, as voted by you! And why in some cases, you're wrong!
Download Clash of Critters today using my link: https://flg.top/s/iS8E and until September 21, use code HELLOTATARI to get 100 pinballs, 4000 candies, and 3 blue Tatari capsules and code GOONBUG to get 1 Goonbug, 1 lunchbox, and 4000 candies. Redeemable once per player.
📽️Subscribe here! http://bit.ly/mandjtv_sub
👕Merch store! https://mandjtvmerch.com/
🎮Gameplay Channel MandJTV Plays! http://bit.ly/mandjtv_plays
💸Patreon for exclusive videos! https://www.patreon.com/JohnMichaelandCo
📱 TikTok! http://bit.ly/mandjtv_tiktok
📸Instagram! http://bit.ly/mandjtv_insta
👽Reddit! http://bit.ly/mandjtv_reddit

Pokémon videos about new Pokémon games, retro Pokémon games, or just Pokemon in general!

Edited by KeeLoker! https://twitter.com/KeeLoker
Mytey subscribe animation by Spoody: https://www.youtube.com/channel/UCtT-Ff9o7Ygj0dUu8wGiXcw

#Pokemon",UCSAYHSNaY5_UEol4_frPurg,MandJTV,"['New Pokemon games', 'New Pokemon', 'Top Pokemon', 'Pokemon Talk', 'MandJTV', 'MandJTV Pokevids', 'gaming', 'video games', 'nintendo switch', 'nintendo', 'pokemon', 'new games', 'family friendly', 'top 10', 'top 5', 'charizard', 'greninja', 'pikachu', 'best pokemon', 'all pokemon', 'original pokemon', 'retro games', 'retro pokemon games', 'nintendo pokemon', 'pokemon legends arceus', 'pokemon scarlet and violet', 'gen 9', 'pokemon legends z-a', 'legends z-a']",PT38M40S,hd,false,2026-08-02,12:36:25,August,Sunday,20,335786,20115,0,5033,2026,8,2,31,3,12,36,25,2026-08-02 12:36:25+00:00,2026-08-02 12:36:25+00:00,True,2320.0,Long,53,10,939,109,29,Morning,25148,0.05990422471455034,0.014988713049382643,0.07489293776393298,1,0,High,Beginning,1,True,True,Afternoon,Gaming,hd
RgQjxV5W4PA,Selena - Si Una Vez (Visualizer),"Music video by Selena performing Si Una Vez (Visualizer).© 2026 UMG Recordings, Inc.",UCw95UwXIkdYb8Huhi-2NJKQ,EVRgreenhitsVEVO,"['Selena', 'UMLE Latino', 'Latin Pop']",PT2M44S,hd,false,2026-07-31,04:00:24,July,Friday,10,684056,2500,0,14,2026,7,31,31,3,4,0,24,2026-07-31 04:00:24+00:00,2026-07-31 04:00:24+00:00,False,164.0,Medium,32,6,84,13,3,Night,2514,0.0036546715473586957,2.0466160665208697e-05,0.0036751377080239045,1,0,Very High,End,1,False,False,Late Night,Music,hd
SnHvwYCLSyc,REAL PAPER CHASERS CHANGE THE WORLD! (Lethal Company),"👾 FOLLOW US ON TWITCH: https://www.twitch.tv/rdcgaming
👻 RDC Snapchat (Behind the Scenes): https://www.snapchat.com/add/rdcuniverse1

🌎RDC's SOCIALS🌎
Mark - @markphillips
Aff - @Affiong
Leland - @23_Is_Leland
Dylan - @DylanPatel4_
Desmond - @l0v3andPeac3
Benjamin - @Ive_Ben_Jammin

👔 MERCH: https://rdcworld1.com
🎮 GAMING CHANNEL: https://www.youtube.com/@RDCWorldGaming
👽 RDCWorld Reddit: https://www.reddit.com/r/RDCWorld/
🕊️ Twitter Community: https://x.com/i/communities/1622613483266121730



RDCworld P.O BOX:
PO Box 6124
Round Rock, TX 78683

#rdcworld #rdc #rdclive",UCOnECY8FBKKPVi5ZsSgXPJA,RDC Live,"['rdc', 'rdc live', 'rdc stream', 'rdc game', 'rdc play']",PT1H37M30S,sd,false,2026-08-02,17:27:59,August,Sunday,20,121886,6678,0,477,2026,8,2,31,3,17,27,59,2026-08-02 17:27:59+00:00,2026-08-02 17:27:59+00:00,True,5850.0,Long,53,8,574,61,5,Afternoon,7155,0.05478890110431058,0.003913492936022184,0.05870239404033277,1,0,Medium,Beginning,1,True,True,Afternoon,Gaming,sd
j_MQ5eAjqS0,Rio Da Yung Og - Patek (Official Video),"Follow:
https://www.instagram.com/riodayung0g/
https://x.com/riodayungog01

Listen: 
https://open.spotify.com/artist/6O1vRHWVGKJTnWuJmItnsx
https://music.apple.com/us/artist/rio-da-yung-og/1463776488

  
#RioDaYungOG  #Patek",UCjUy5GbylYJC6kxJZYRwwVA,Rio Da Yung OG,[],PT2M36S,hd,false,2026-08-01,01:00:36,August,Saturday,10,278089,9313,0,422,2026,8,1,31,3,1,0,36,2026-08-01 01:00:36+00:00,2026-08-01 01:00:36+00:00,True,156.0,Medium,39,8,224,8,0,Night,9735,0.033489278612242844,0.0015174997932316631,0.035006778405474503,1,0,High,Beginning,1,False,True,Late Night,Music,hd
bhcUzTZLL1k,🚨🍀EXPOSING THE #1 HACKER ON WARZONE REBIRTH ISLAND 🚨🍀,"🚨🍀EXPOSING THE #1 HACKER ON WARZONE REBIRTH ISLAND 🚨🍀

Controller: https://bit.ly/gamesirlucky Code: LUCKYCHAMU for 5% off!
headset: 12% OFF Sony INZONE E9: https://bit.ly/luckysony
 
Lucky Chamu is playing the brand new WARZONE REBIRTH ISLAND map on call of duty black ops 7. Lucky Chamu using meta loadouts such as the near black ops 6 loadouts. The new warzone season 6 upcoming meta loadouts include no recoil and broken meta loadouts that you have to try!

Discord: https://discord.gg/tYfNhP8zkm
twitch: twitch.tv/luckychamu
instagam: LuckyChamuu

#cod  #warzone #callofduty #warzone #blackops6",UCAtGANLX7I5N4wOBLH8Yq8Q,Lucky Chamu,"['lucky chamu', 'lucky chamu warzone', 'lucky warzone', 'lucky chamu settings', 'warzone update', 'warzone', 'new warzone', 'rebirth island', 'rebirth island warzone', 'warzone live', 'rebirth live', 'rebirth island live', 'warzone live stream', 'black ops 6', 'warzone new', 'warzone new update', 'lucky chamu live', 'lucky chamu live stream']",PT3H45M39S,hd,false,2026-08-03,09:40:57,August,Monday,20,22978,142,0,0,2026,8,3,32,3,9,40,57,2026-08-03 09:40:57+00:00,2026-08-03 09:40:57+00:00,False,13539.0,Long,53,9,599,85,18,Morning,142,0.0061798241796501,0.0,0.0061798241796501,1,0,Low,Beginning,1,True,False,Morning,Gaming,hd
xR-1Zm1iCR8,Moy Bobadilla — Tus Mentiras (Letra/Lyrics),"╰► 𝗕𝗔𝗦𝗜𝗖 𝗜𝗡𝗙𝗢 ❥
Moy Bobadilla - Tus Mentiras (En Vivo)
Released 09/04/2025
From the album ""Arriba La Moyombiza (En Vivo)""

#MoyBobadilla #regionalmexicano #tusmentiras #proyectada #lyrics 

🌅 Video de fondo: https://youtu.be/Elp1SHhSQ9M?si=9qClBP4j6N6ctSyv

💿 Sigue al artista: @moybobadilla

🍃 Sígueme a mí (chi?)
Instagram: https://www.instagram.com/richii.almazan/
____________________________________

Lyrics de la canción :(
____________________________________

Tags 🧃✨
música, mix, canciones mix, musica mexicana, regional, mariachi, rock, pop, indie, banda, reggaeton, canciones tristes, vibes, musica 2025
canciones playlist, richie mexa
______________________________________

💬 Coméntame algo lindo:)
🎶 Sugerencias escríbelas en los comentarios o en mi instagram 

Gracias por ver 🧃",UCofK-jm2oG6GqkYp7Vw3U6g,Richie Mexa,"['lyrics', 'lyric video', 'letra', 'canciones con letra', 'music with lyrics', 'musica viral', 'video lyrics', 'canciones del momento', 'musica mexicana', 'canciones mexicanas', 'regional mexicano', 'banda', 'norteño', 'pop mexicano', 'reggaeton mexicano', 'rock mexicano', 'mix musica mexicana', 'regional', 'mariachi', 'rock', 'Moy Bobadilla — Tus Mentiras (Letra/Lyrics)', 'Moy Bobadilla — Tus Mentiras', 'Tus Mentiras', 'Moy Bobadilla', 'Moy Bobadilla — Tus Mentiras (Letra', 'Tus Mentiras (Letra']",PT4M41S,hd,false,2026-07-31,18:21:17,July,Friday,10,306974,623,0,7,2026,7,31,31,3,18,21,17,2026-07-31 18:21:17+00:00,2026-07-31 18:21:17+00:00,False,281.0,Medium,43,6,793,93,26,Afternoon,630,0.0020294878393609882,2.2803234150123463e-05,0.0020522910735111116,1,0,High,End,1,False,False,Evening,Music,hd
AKk1M1sJ1gU,When a solo builder and a PVP Chad play Rust..,"The return of The two solos...
 #RustSoloSurvival #ChilledVibes


WILLJUMS SURVIVAL ISLAND (Live from 17th May) connect 1grid.willjum.eu

[EU] Willjum's Casual Duo Monthly 
connect monthly.willjum.eu
[NA] Willjum's Casual Duo Monthly
connect monthly.willjum.us
[EU] Willjum's solo only thursdays
Connect willjum.eu
[NA] Willjum's solo only thursdays
Connect willjum.us
[EU] 1.5x Trio Thursdays
connect modded.willjum.eu
[NA] 2x Trio Mondays
connect 2x.willjum.us
[EU] 2x Trio Mondays
connect 2x.willjum.eu
[NA] 3x Fridays
connect 3x.willjum.us

MY SECOND CHANNEL : https://www.youtube.com/channel/UCgYBxwW1sqqKMb4KjfvDZgQ/videos


Massive thank you to my current Patrons, Thanks to your help i was able to afford my Very first PC! so thank you! If you do enjoy the vids and want to support me further, click the link below!

https://www.patreon.com/Willjum
MY TWITCH :
https://www.twitch.tv/willjum






Give me a follow on twitter! https://twitter.com/willjum1

Business email (for non business stuff just message me on discord) willjumbusiness@gmail.com

Much love to the wonderful  @Sinhunsan1 on Twitter for the Thumbnail!!

Fantastic Music From 

""Leaving Home"" Kevin MacLeod (incompetech.com)
Licensed under Creative Commons: By Attribution 4.0 License
http://creativecommons.org/licenses/by/4.0/

""Ether Vox"" Kevin MacLeod (incompetech.com)
Licensed under Creative Commons: By Attribution 4.0 License
http://creativecommons.org/licenses/by/4.0/

Epidemic Sounds
Musicbed
Artlist",UCzOfLNkiScJp3U_h_QlvHHg,Willjum,"['Willjum', 'Rust', 'Rust Solo Survival', 'Rust Movie', 'Twitch highlights', 'Rust Chilled', 'Willyum', 'Rust Solo Story', 'Solo', 'Rust Solo Base', 'Spoonkid', 'BritYT', 'BritRust']",PT1H15M44S,hd,false,2026-08-02,15:51:56,August,Sunday,20,330156,13003,0,889,2026,8,2,31,3,15,51,56,2026-08-02 15:51:56+00:00,2026-08-02 15:51:56+00:00,True,4544.0,Long,46,10,1486,182,13,Afternoon,13892,0.039384412217254874,0.0026926664970498794,0.04207707871430475,1,0,High,Beginning,1,True,True,Afternoon,Gaming,hd
591W58EnuTQ,Em i orait - Tonton Malele (feat. Jarahn & Rich Anthony) Official Music Video,,UCACfJmh_OB_IcVxtZQoGYKQ,Tonton Malele,[],PT3M57S,hd,false,2026-07-10,09:02:15,July,Friday,10,255239,6763,0,349,2026,7,10,28,3,9,2,15,2026-07-10 09:02:15+00:00,2026-07-10 09:02:15+00:00,False,237.0,Medium,77,14,0,0,0,Morning,7112,0.026496734433217494,0.0013673458993335658,0.02786408033255106,1,0,High,Beginning,1,False,False,Morning,Music,hd
laHz-OzAa90,Teaching ishowspeed how to beat the hardest ROBLOX game..,"🥩⭐STAR CODE STEAK⭐🥩

🥩 TALK TO ME: https://discord.gg/dinner 🥩

SONG USED: https://www.youtube.com/watch?v=3_-a9nVZYjk&pp=ygUKeGVub2dlbnNpcw%3D%3D

FOLLOW ME:
🥩 TikTok: https://www.tiktok.com/@steakonyoutube
🥩 ROBLOX GROUP:  https://www.roblox.com/groups/11659059
🥩 Twitter: https://twitter.com/steak834
🥩 Instagram: https://www.instagram.com/steak834/

SEND ME STUFF:

P.O BOX 171002
Salt Lake City, UT, 84117",UC7c8wbA9yQjzxkj2uyrHrkg,steak,[],PT1H54M,hd,false,2026-08-03,00:06:59,August,Monday,20,652480,11367,0,437,2026,8,3,32,3,0,6,59,2026-08-03 00:06:59+00:00,2026-08-03 00:06:59+00:00,False,6840.0,Long,57,9,410,38,0,Night,11804,0.017421223639038745,0.0006697523295733203,0.018090975968612064,1,0,Very High,Beginning,1,True,False,Late Night,Gaming,hd
-Gjz1cKyGHo,Farruko - Pepas (Lyrics),"🎵 Farruko - Pepas  (Lyrics)
🎶 Listen on Spotify: http://bit.ly/4c1YIwO
🔥 Help us reach 100,000 subscribers!
🔔 Turn on notifications to stay updated with new uploads!

🎧 Stream & Download: https://open.spotify.com/track/5fwSHlTEWpluwOM0Sxnh5k

✨ Follow Farruko:
Instagram: https://www.instagram.com/farruko/
Twitter: https://twitter.com/farrukoofficial
Facebook: https://www.facebook.com/FarrukoOficial/

📱 Follow us on:
Instagram: https://www.instagram.com/nearsidehq

〰〰〰〰〰

Lyrics for ""Farruko - Pepas""

No me importa lo que de mí se diga
Viva usted su vida, que yo vivo la mía
Que solo es una, disfruta el momento
Que el tiempo se acaba y pa'trás no vira

Bebiendo, fumando y jodiendo
Sigo vacilando de party to' los día'
Síguelo, oh-oh-oh, oh-oh-oh, oh-oh (Farru)
Síguelo, oh-oh-oh, oh-oh-oh, oh-oh (la rola y pepa)

Pepa y agua pa' la seca
To' el mundo en pastilla' en la discoteca
Pepa y agua pa' la seca
To' el mundo en pastilla' en la discoteca

Desacata'o
Empastilla'o

Qué maldita nota
Arcoíris
Fa-Fa-rru

Sube las mano' y las botella' pa' arriba (¡blep!)
Siempre la movie la tenemo' prendi'a
Hoy vamo' a darle hasta que se haga de día
Sigo rulay y 'toy en la mía

Salió el sol, wol
Tráeme la hookah y el alcohol
Y préndelo, woh-oh-oh
Esto se salió de control
Y síguelo, oh-oh-oh, oh-oh-oh, oh-oh (la rola y pepa)

Pepa y agua pa' la seca
To' el mundo en pastilla' en la discoteca (desacata'o)
Pepa y agua pa' la seca
To' el mundo en pastilla' en la discoteca (empastilla'o)

¡Blep!
Fa-Fa-rru
Qué maldita nota
Arcoíris

No me importa lo que de mí se diga
Viva usted su vida, que yo vivo la mía
Que solo es una, disfruta el momento
Que el tiempo se acaba y pa'trás no vira

Bebiendo, fumando y jodiendo
Sigo vacilando de party to' los día'
Y síguelo, oh-oh-oh, oh-oh-oh, oh-oh (Farru)
Síguelo, oh-oh-oh, oh-oh-oh, oh-oh (la rola y pepa)

Pepa y agua pa' la seca
To' el mundo en pastilla' en la discoteca
Pepa y agua pa' la seca
To' el mundo en pastilla' en la discoteca

Desacata'o
Empastilla'o

Qué maldita nota
Arcoíris
Fa-Fa-rru

Dímelo, Chino
The Most Winning
Victor Cárdenas
White Star
Sharo Towers
La 167
La 167

🏷️Tags
#pepas #farruko #auraserenity #freshvibes #pepaslyrics

📸 Background Credits: https://www.pexels.com/

🔥 Submit your music: https://auraserenity.portal.district.biz/app/login

🔗 LINKS:
Subscribe: https://www.youtube.com/@AuraNetworkSerenity?sub_confirmation=1
serenity ©: https://youtube.com/playlist?list=PL6XvoUHzMezgk4YGb1Rs4Al7ODm5d6ww4&si=VitAZQD1P_lJRSen
Sad Bangers: https://youtube.com/playlist?list=PL6XvoUHzMezgw-hXXRkW_M8ggWGLkT7S8&si=QRCnACqT8oSnOD92

farruko, farruko Latest, Pepas Lyrics, Pepas Lyrics Video

Comment #weareaura if you see this! 🎵",UCnjDfkZQJpaB91w3gbgbhOA,Aura Serenity,"['auraserenity', 'emotional', 'indiepop', 'farruko', 'Pepas', 'Pepas farruko', 'Pepas lyrics', 'farruko lyrics', 'Pepas farruko lyrics', 'Pepas lyrics video', 'Pepas lyric video', 'farruko Pepas', 'farruko new song', 'Pepas audio', 'aura serenity', 'lyrics video', 'lyric video', 'new music', 'new song', 'music video', 'latest music', 'trending music', 'viral music', 'chill vibes', 'chill music', 'relaxing music', 'best songs', 'reggaeton', 'partyvibes', 'feelgood', 'latinomusic', '2020s', 'dancefloor', 'celebration', 'nightlife', 'moodboost', 'energetic']",PT5M8S,hd,false,2026-07-26,08:15:12,July,Sunday,10,443181,1144,0,9,2026,7,26,30,3,8,15,12,2026-07-26 08:15:12+00:00,2026-07-26 08:15:12+00:00,True,308.0,Medium,24,4,2695,389,37,Morning,1153,0.002581338098880593,2.0307729798885783e-05,0.0026016458286794784,1,0,Very High,End,1,False,True,Morning,Music,hd
M3cypzLlU1s,🔴IF I CRINGE = STREAM ENDS!🔴,"LINKS: https://linktr.ee/ninjagamingrblx

Roblox Profile: https://www.roblox.com/users/1192791216/profile
ROBLOX USER: Ninjagaming

My Discord 🎮:  https://discord.com/invite/zUU2XPmJdk

My Roblox group🐱‍👤: https://www.roblox.com/communities/8903560/The-Ninjagaming-TEAM#!/about

If a Link isn't working, inform me so I can fix it!
___________________________________________________________
Tags: roblox, shorts, youtube shorts, live, shorts live, roblox cringe shorts, roblox shorts cringe, shorts cringe, roblox youtube shorts cringe live, live on youtube shorts, reaction with speakers, sus, youtube shorts, roblox sus shorts, roblox sus, minecraft, minecraft speedrun, speedrunning minecraft, beating minecraft, minecraft hardcore",UC7xpeYGGwMo_h3rXmRLfZyg,Ninjagaming,"['#roblox', '#update', '#live', '#play', 'Viewers', '#pro', '#new', '#Ninjagaming', '#russo', '#digito', '#rblx', '#pet simulator x', '#psx', 'viewers', 'Roblox', 'pets', 'rblx', 'lclc', 'hide', 'pet simulator x', 'zomg', 'ninjagaming', 'new', 'play', 'update', 'bedwars', 'live', 'giveaway', '#giveaway', 'roblox game', 'chill', 'chill stream', 'kreekcraft', 'pls donate', 'free robux', 'robux', 'free huge', 'rbx', 'late night', 'late night stream', 'free', 'live robux', 'pls', 'donate', 'donating to viewers', 'kreek', 'roblox', '#plsdonate', '#free robux', 'hunt', 'the hunt', 'egg hunt', 'minecraft', 'mine']",PT2H14M18S,hd,false,2026-08-03,00:10:47,August,Monday,20,773164,6478,0,20,2026,8,3,32,3,0,10,47,2026-08-03 00:10:47+00:00,2026-08-03 00:10:47+00:00,False,8058.0,Long,28,6,734,74,54,Night,6498,0.008378558753382207,2.5867733107076894e-05,0.008404426486489282,1,0,Very High,Beginning,1,True,False,Late Night,Gaming,hd
jeIzFD91U3I,I Became The #1 Player In +1 Keyboard Escape...,"Join My Roblox Group!
https://www.roblox.com/groups/3304336...

Socials: https://solo.to/techys

#Roblox",UCoRjsuzMh-MqfRjvlqaVLPw,Techys,[],PT14M7S,hd,false,2026-08-02,15:00:27,August,Sunday,20,220177,5421,0,992,2026,8,2,31,3,15,0,27,2026-08-02 15:00:27+00:00,2026-08-02 15:00:27+00:00,True,847.0,Long,47,9,104,8,0,Afternoon,6413,0.02462110029657957,0.004505466056854258,0.029126566353433827,1,0,High,Beginning,1,True,True,Afternoon,Gaming,hd
X2IS6bc3sJo,We The WORST Duck Herders,"Yumi tries to heard ducks joined by Daukey and Smii7y in Quack Quack Up! LEAVE A LIKE AND SUB IF YOU WANNA SEE MORE GAMING WITH THE BOYS WOOOOOOOOO!!
10% OFF GAMERSUPPS: https://bit.ly/CODEYUMI
Streamed live at: https://www.twitch.tv/yumi
Main Channel: ‪@Yumi 
2nd Channel: @TooYumi 
Yumi Music: ‪@YumiMusicc",UCLMYuYy1GkhaR2xnhx2koWg,YumiLive,"['vod', 'live', 'live stream', 'yumi', 'gaming', 'gameplay', 'funny moments', 'yumilive', 'streamer', 'quack quack up', 'quack quack up game', 'quack quack up gameplay', 'quack quack up co op', 'quack quack up steam', 'quack quack up multiplayer', 'quack quack up funny', 'quak quak up', '2p games', '2p games franchise', 'co op party game', 'voice control game', 'funny co op game', 'online co op game', 'indie party game', 'human fall flat', 'pico park', 'gang beasts', 'party animals', 'duck game', 'herding ducks', 'ducks', 'screaming']",PT1H29M23S,hd,false,2026-08-01,21:40:32,August,Saturday,20,332317,2149,0,59,2026,8,1,31,3,21,40,32,2026-08-01 21:40:32+00:00,2026-08-01 21:40:32+00:00,True,5363.0,Long,25,5,308,46,32,Evening,2208,0.006466717020194573,0.0001775413234953373,0.006644258343689911,1,0,High,Beginning,1,True,True,Evening,Gaming,hd
0WqRgNU9DMo,I Used REAL HACKS to TROLL MM2 Teamers...,"Hey what's up guys welcome back to another video and in today's video, I Used REAL HACKS to TROLL MM2 Teamers...

🔥 Get your DREAM Godlies in Murder Mystery 2 today.
👉 https://mm2.cheap/
💸 Use code CHILLZ for 10% off.

☃️ 🌸 CHILLZ AND LLXLLIE MERCH: https://www.llxllie.com/

I make ROBLOX Murder Mystery 2 content! If you guys do enjoy, make sure to drop a like and subscribe for more! I work super hard everyday to deliver you guys the best quality content! The more support I receive, the better quality videos.

☃️ Chillz Plushie: https://www.roblox.com/catalog/16661194051/Chillz-Shoulder-Buddy
❄️ Chillz Shirt: https://www.roblox.com/catalog/12226718591/Chillz-IVS
🎄 Chillz Pants: https://www.roblox.com/catalog/12216563412/Chillz-IVP

▶ Brookhaven Roblox Videos! https://www.youtube.com/@ChillzBrookhavenRP
▶ Random Roblox Videos! https://www.youtube.com/channel/UCjL1Dw8neqZcGpLXi793htA
▶ Roblox Profile: https://www.roblox.com/users/117479169/profile
▶ Roblox Group / Clothes: https://www.roblox.com/groups/6722257/Chillz-Pro-Gamers


Murder Mystery 2: https://www.roblox.com/games/142823291/Murder-Mystery-2

#mm2 #roblox #murdermystery2 #murdermystery #chillz #chillzroblox #robloxmm2",UCyt_LLqnD2LzLn03IPsBl9g,Chillz,"['mm2', 'murder mystery 2', 'chillz', 'chillz mm2', 'roblox trolling', 'roblox funny moments', 'roblox murder mystery 2', 'teamers mm2', 'roblox gameplay', 'mm2 montage', 'mm2 tryhard', 'mm2 gameplay', 'roblox mm2', 'roblox game', 'roblox video', 'murder mystery 2 roblox', 'roblox', 'mm2 beating teamers', 'roblox games', 'roblox funny', 'mm2 roblox', 'roblox gaming', 'roblox moments', 'mm2 trolling', 'mm2 teamers', 'roblox memes', 'mm2 funny moments', 'murder mystery roblox', 'roblox videos', 'funny roblox', 'roblox meme']",PT17M15S,hd,false,2026-08-02,17:42:30,August,Sunday,20,149326,4062,0,829,2026,8,2,31,3,17,42,30,2026-08-02 17:42:30+00:00,2026-08-02 17:42:30+00:00,True,1035.0,Long,41,8,1195,134,31,Afternoon,4891,0.02720222868087272,0.005551611909513414,0.032753840590386135,1,0,High,Beginning,1,True,True,Afternoon,Gaming,hd
EQBSLKlhi8k,Adding ADMIN CHEATS in Among Us Meccha Chameleon,"We play Among Us Meccha Chameleon but we add CHEATS!

Friends in the Video
⭑ @SilentFlame 
⭑ @Ambrew 
⭑ @Nicovald 
⭑ @PatP_ 
⭑ @Lookumz 
⭑ @championbran 

• Video Editor ► Russell
https://www.youtube.com/russelledits

• Discord: https://discord.gg/ssundee

​​• Music by Ninety9 ► LivesTobu - Such Fun
Video Link: https://www.youtube.com/watch?v=d3Oc26AFDdU
Channel: https://99l.tv/Subscribe
Download the album! https://99l.tv/Levelup-i

#gaming #ssundee #funny 

Thanks for watching!",UCke6I9N4KfC968-yRcd5YRg,SSundee,[],PT15M21S,hd,false,2026-08-02,17:30:37,August,Sunday,20,210872,7070,0,624,2026,8,2,31,3,17,30,37,2026-08-02 17:30:37+00:00,2026-08-02 17:30:37+00:00,True,921.0,Long,48,8,483,59,0,Afternoon,7694,0.033527447930498125,0.002959141090329679,0.0364865890208278,1,0,High,Beginning,1,True,True,Afternoon,Gaming,hd
sZBV4nN-w_4,Starting Over Using ONLY ROBUX in Keyboard Escape..,"Merch:  https://shopcaylus.com/ 

My Roblox Group: https://www.roblox.com/communities/11190175/Caylus-Group#!/store

My Discord: https://discord.gg/infinite

Waterpark Simulator: https://store.steampowered.com/app/3293260/Waterpark_Simulator/

Instagram: https://www.instagram.com/caylus/?hl=en

Twitter: https://x.com/caylusq",UCsPMNatXCwqyUuJilBT73jg,CaylusBlox,"['caylusblox', 'caylus roblox', 'caylus', 'caylus gaming', 'caylus infinite', 'infinite lists', 'calus', 'callus', 'calis', 'roblox', 'caylus horror', 'caylus scary', 'caylus scariest', 'caylus scary myths', 'caylus creepy', 'caylus roblox horror', 'caylus roblox scary', 'caylus steal a brainrot', 'caylus aura', 'caylus stream', 'caylus brainrot', 'caylus foltyn', 'Keyboard escape']",PT16M33S,hd,false,2026-08-02,18:27:23,August,Sunday,20,276794,9188,0,720,2026,8,2,31,3,18,27,23,2026-08-02 18:27:23+00:00,2026-08-02 18:27:23+00:00,True,993.0,Long,51,8,326,16,23,Afternoon,9908,0.033194361149446884,0.0026012124540271825,0.035795573603474067,1,0,High,Beginning,1,True,True,Evening,Gaming,hd
CGQYXgENU8I,I Trapped my Friend Inside MY Game,"COME TO THE LIVE SHOW: https://failboat.show

Who needs Mario? I made my OWN 3D platformer... now its just needs the levels.


Thank you to @DougDoug or @dougdougdoug whatever he goes by now for being an excellent player!

Thank you to JeremyCiege for the thumbnail render!

ANDDDD Thank you to Noteblock for editing this video!!


►JOIN THE FAILBOAT DISCORD:
    https://discord.gg/Failboat

►FOLLOW THE BOAT:
    https://Twitter.com/Failboat103


Don't forget to like and subscribe!

:D",UC9mBJdNZxwE-La5vX0Kozvg,Failboat,[],PT29M6S,hd,false,2026-08-02,19:33:18,August,Sunday,20,144310,10837,0,1302,2026,8,2,31,3,19,33,18,2026-08-02 19:33:18+00:00,2026-08-02 19:33:18+00:00,True,1746.0,Long,34,7,488,70,0,Evening,12139,0.07509528099230822,0.009022243780749775,0.084117524773058,1,0,High,Beginning,1,True,True,Evening,Gaming,hd
Du_aE1Kew_k,HALO - DEW - DORITOS LAN PARTY w/YoVG 🔴Full Stream🔴 (8-2),"Check out our Livestream! http://twitch.tv/maximilian_dood

Our official merch collection! ►►► https://maxdood.tv/merch
Follow Me on Twitter! http://www.twitter.com/maximilian_",UCOgaIuQYGr6ow_jbote4BKA,Maximilian Dood,"['maximilian', 'dood', 'fighting', 'games', 'capcom', 'street', 'fighter', 'hype', 'rage', 'max', 'reaction', 'twitch', 'videos', 'yo', 'videogames', 'maximilian_dood', 'max dood', 'dude', 'stream', 'streaming', 'playstation 5', 'playstation 2', 'marvel', 'vs', 'supers', 'chrono trigger', 'snes', 'super nintendo', 'tekken 8', 'mario', 'world']",PT4H6M13S,hd,false,2026-08-03,08:44:48,August,Monday,20,59305,1286,0,5,2026,8,3,32,3,8,44,48,2026-08-03 08:44:48+00:00,2026-08-03 08:44:48+00:00,False,14773.0,Long,57,11,176,16,31,Morning,1291,0.021684512267093836,8.430992327796982e-05,0.021768822190371805,1,0,Low,Beginning,1,True,False,Morning,Gaming,hd
03TXJgANQ1o,☢️☢️☢️لعبناها مرة أخرىلعبناها مرة أخرى☢️☢️☢️لعبناها مرة أخرى 💥⚠️⚠️لعبناها مرة أخرىلعبناها مرة أخرى,"➤ 2nd channel - https://www.youtube.com/user/SnipingSoup
➤ VODS - https://www.youtube.com/channel/UCeJnECtsGqzCQd7rP81-KnA
➤ Stream - https://www.twitch.tv/snipingsoup
➤ Twitter - https://twitter.com/Sniping_Soup
➤ Instagram - https://instagram.com/dallas_soup/
➤ Discord - https://discordapp.com/invite/soup
➤ Slackjaw website - https://www.slackjawband.com/

Get 10% off your Gamer Supps order here - https://gamersupps.gg/Soup

friendings in vid
@TheDooo 
@mcnasty 
@BlargMyShnoople 

Outro song - https://www.youtube.com/watch?v=SkmHOkP5B-Q

© 2026 Sniping Soup (liquidmetall711)",UCifRgVk-GEo1_vvf8x53t6A,Soup,"['comedy', 'funny', 'funny moments', 'gameplay', 'soup', 'sniping soup']",PT41M48S,hd,false,2026-08-02,20:00:43,August,Sunday,20,130454,7649,0,491,2026,8,2,31,3,20,0,43,2026-08-02 20:00:43+00:00,2026-08-02 20:00:43+00:00,True,2508.0,Long,98,12,583,55,6,Evening,8140,0.05863369463565701,0.00376377880325632,0.06239747343891333,1,0,Medium,Beginning,1,True,True,Evening,Gaming,hd
1c_EPEI3WE0,FNCS MAJOR 2 | FINALS DAY 2 | NORTH AMERICA CENTRAL,#fortnitecompetitive #fortnite,UCrK8YXOE215o5FxQI_V0ydg,Fortnite Competitive,[],PT4H1M1S,hd,false,2026-08-03,00:56:25,August,Monday,20,252255,3432,0,43,2026,8,3,32,3,0,56,25,2026-08-03 00:56:25+00:00,2026-08-03 00:56:25+00:00,False,14461.0,Long,51,11,30,2,0,Night,3475,0.0136052803710531,0.00017046242889139958,0.0137757427999445,1,0,High,Beginning,1,True,False,Late Night,Gaming,hd
m6KU4RPajhE,Can Hawaii Handle a NEW Conference?,"Use my code BORDEAUXFFB or https://factor-partner.com/4tlyYDW for 50% of your first box + Free Breakfast for a year! T&C apply.
-
Can Hawaii Handle a NEW Conference in College Football 27, the newest college football game?
-
I'm an owner of Student Seats — the protected student-to-student ticket exchange for student tickets: studentseats.com
-
Follow Me on Social Media:
https://instagram.com/JamesBordeaux_
https://twitter.com/BordeauxYoutube
https://www.tiktok.com/@bordeauxyt
-
Second Channel:
https://www.youtube.com/c/BordeauxPremium
-
Contact Me Via Email:
bordeaux@echotalentagency.com
-
Check Out My Editor: gridironpictures.com
-
Inspired By Channels Like NotTheExpert, RBT, MMG, and Deestroying
-
Tags:
#collegefootball27 #collegefootball #ncaafootball",UCyIjXN5TEaU-LzMT0iQx_ww,Bordeaux,"['college football', 'cfb 27', 'college football 27', 'ncaa football', 'dynasty', 'rtg', 'road to glory', 'bordeaux', 'college football 27 dynasty', 'cfb 27 dynasty', 'rebuild', 'cfb 27 rebuild', 'college football 27 rebuild', 'college football 27 road to glory']",PT2H52M15S,hd,false,2026-08-02,17:56:04,August,Sunday,20,81463,2595,0,348,2026,8,2,31,3,17,56,4,2026-08-02 17:56:04+00:00,2026-08-02 17:56:04+00:00,True,10335.0,Long,35,6,764,93,14,Afternoon,2943,0.03185495255514774,0.004271878030516922,0.036126830585664654,1,0,Medium,Beginning,1,True,True,Afternoon,Gaming,hd
8iRcY2vVw1I,Uno But We All Get Uno At The Same Time! ,"BLDBLZ: https://www.bldblz.com/ 
Thanks for watching! LIKE the video if you enjoyed!
Follow me on Twitter: http://bit.ly/I_AM_WILDCAT
My Instagram: http://instagram.com/wildcat_official 

Friends in this video!
@VanossGaming @DaithiDeNogla 

Follow Me on Twitch: http://www.twitch.tv/WILDCAT
Subscribe to my let's play channel: http://bit.ly/WILDCATLetsPlays
Apply for a Partnership: http://apply.fullscreen.net/?ref=w1ldc4t43

For Business Inquiries Contact: business@iamwildcat.net

Please flag hateful comments or spam...we don't need that here :D

Music from:
Kevin MacLeod: http://incompetech.com/ 
http://www.premiumbeat.com/ 
http://audionautix.com/

I am a part owner of Glitch Energy Drink

No one reads this far into the description...what are you doing snooping around...

#WILDCAT",UC-kOXc3gBwksVfmndSEz7jg,WILDCAT,"['WILDCAT', 'I AM WILDCAT', 'iamwildcat']",PT30M38S,hd,false,2026-08-02,23:23:02,August,Sunday,20,107161,5083,0,132,2026,8,2,31,3,23,23,2,2026-08-02 23:23:02+00:00,2026-08-02 23:23:02+00:00,True,1838.0,Long,41,10,792,88,3,Evening,5215,0.04743330129431416,0.0012317914166534466,0.04866509271096761,1,0,Medium,Beginning,1,True,True,Night,Gaming,hd
fA-QUDzUeXM,Upgrading Planes To GOD PLANES In GTA 5!,"Socials: https://solo.to/techys

#Techy #AmongUs #AmongUsMods",UCTU3m4rCUS-7qXuHK-j9Uqw,TechyCrew,"['Techy', 'TechyCrew', 'Among Us', 'Fortnite', 'Fortnite Creative', 'Roblox', 'Techy Roblox', 'Among Us Roles']",PT12M35S,hd,false,2026-08-02,13:00:18,August,Sunday,20,282645,5081,0,618,2026,8,2,31,3,13,0,18,2026-08-02 13:00:18+00:00,2026-08-02 13:00:18+00:00,True,755.0,Long,40,8,61,5,8,Afternoon,5699,0.01797661377346141,0.0021864883511118188,0.02016310212457323,1,0,High,Beginning,1,True,True,Afternoon,Gaming,hd
mf9cMaMDlmA,I Was Hiding In Plain Sight (Meccha Chameleon),"GamerSupps -10% off Code CaseOh -  https://gamersupps.gg/
CaseOh X Starforge  https://starforgepc.com/CaseOh 
Merch - https://caseohgames.com/
________________________________________________________________
🔗 LINKS 👇
Youtube |  https://www.youtube.com/@caseoh_
Twitch  |  https://www.twitch.tv/caseoh_
TikTok  |   https://www.tiktok.com/@caseohgames 
X  |  https://x.com/CaseOh__
Instagram | https://www.instagram.com/caseoh_games

🟨Join Discord |  https://discord.gg/caseoh",UCr1kbyiJzl-x5YYDxhYJuPw,MoreCaseOh,"['caseoh', 'caseohgames', 'gaming', 'humor', 'funny', 'meccha chameleon best spots', 'meccha chameleon caseoh', 'meccha chameleon hiding spots', 'case', 'streamer', 'caseoh gaming', 'caseoh gameplay', 'meccha chameleon', 'meccha chameleon gameplay', 'meccha chameleon best hiding', 'caseoh meccha chameleon', 'caseoh funny', 'caseoh funny moments']",PT1H5M36S,hd,false,2026-08-02,20:00:26,August,Sunday,20,115367,4349,0,359,2026,8,2,31,3,20,0,26,2026-08-02 20:00:26+00:00,2026-08-02 20:00:26+00:00,True,3936.0,Long,46,8,475,37,18,Evening,4708,0.037697088422165785,0.0031118084027494863,0.04080889682491527,1,0,Medium,Beginning,1,True,True,Evening,Gaming,hd
yaAMthnx36A,UNDERGROUND MOB BASE BATTLE in Minecraft!,"UNDERGROUND MOB BASE BATTLE in Minecraft!

🎬 Watch the teaser for our NEW animated series, JOHNNY IRL:
https://www.youtube.com/watch?v=pLkJ2Pu9Fik

👀 Limited plush drop coming soon... get early access:
https://spinnyhat.store

🔥 Join my Roblox group:
https://www.roblox.com/share/g/15997897

💛 Hang out in the Johnny Discord:
https://discord.gg/wChcP6Nbc2

#Minecraft #MinecraftMod #HeresJohnny #Johnny",UCWVSknuLPIRVGWf-4bFKT4Q,Johnny Minecraft,"['minecraft', 'minecraft funny', 'minecraft gameplay', 'minecraft roleplay', 'minecraft story', 'minecraft prank', 'minecraft challenge', 'minecraft mod', 'minecraft survival', 'funny minecraft', 'minecraft trolling', 'minecraft friends', 'family friendly minecraft', 'no cursing minecraft', 'minecraft prank friends', 'heres johnny', 'johnny minecraft', 'johnny and marty', 'spinny hat studios', 'UNDERGROUND MOB BASE BATTLE in Minecraft!']",PT16M40S,hd,false,2026-08-02,21:31:16,August,Sunday,20,100141,1589,0,232,2026,8,2,31,3,21,31,16,2026-08-02 21:31:16+00:00,2026-08-02 21:31:16+00:00,True,1000.0,Long,41,6,402,46,20,Evening,1821,0.015867626646428535,0.0023167334058976845,0.01818436005232622,1,0,Medium,Beginning,1,True,True,Evening,Gaming,hd
WCjFiOHPp1E,GOML 2026 | Day 3/3 | Smash Melee Tournament Finals,"Get On My Level 2026 is a Smash Melee Tournament in Toronto, Canada which takes place on July 31st - August 2, 2026. This Super Smash Bros. Melee Tournament features Zain, Hungrybox, Wizzrobe, moky, Salt, RapMonster, Jmook, Soonsay, SluG, SDJ, Magi, ILoD, Aklo, Spark, Ginger, Axe, Ossify, n0ne, Swift, DarkGenex, Zamu, Dial M, JChu, Morsecode762, KJH, Dawson, Frostbyte, Epoodle, Inky, Rishi, Zuppy, Mot$

Melee Top 8 Intro song by Punch Deck - https://www.youtube.com/watch?v=oZTA97IIY3o

Bracket: https://www.start.gg/tournament/get-on-my-level-2026-canadian-fighting-game-championships/details

#supersmashbrosmelee #supersmashbros #smashmelee",UCj1J3QuIftjOq9iv_rr7Egw,VGBootCamp,"['twitch', 'games', 'vgbc', 'vgbootcamp', 'video games', 'bootcamp', 'boot camp', 'ultimate', 'ssbu', 'smash bros', 'super smash bros', 'smash bros ultimate', 'smash ultimate', 'super smash bros ultimate', 'ultimate tournament', 'smash ultimate tournament', 'smash bros tournament', 'super smash bros. ultimate', 'smash bros. ultimate', 'sub tournament', 'tweek', 'mkleo', 'esam', 'minecraft', 'steve', 'riddles', 'marss', 'hungrybox', 'fatality', 'invitational', 'sephiroth', 'kazuya', 'sora', 'zain', 'zackray', 'world tour', 'smash world tour', 'swt']",PT7H49M30S,hd,false,2026-08-03,05:01:59,August,Monday,20,110184,1496,0,7,2026,8,3,32,3,5,1,59,2026-08-03 05:01:59+00:00,2026-08-03 05:01:59+00:00,False,28170.0,Long,51,10,647,78,38,Night,1503,0.013577288898569665,6.353009511362811e-05,0.013640818993683293,1,0,Medium,Beginning,1,True,False,Late Night,Gaming,hd
rSmVJxLNsnk,SEN vs G2 - VCT Americas Stage 2 - Week 3 Day 4,"Widely regarded as the most successful region in international VALORANT competition, VCT Americas is home to world-class talent, championship-winning veterans, and the latest generation of emerging stars. The region also boasts the reigning Masters London champions and the current VALORANT Champions winners.
Now, the stakes are higher than ever. Every team enters Stage 2 with one objective: secure a spot at VALORANT Champions Shanghai.
Leviatán enters Stage 2 riding high after its Masters London triumph. NRG is ready to remind the world why it has long been considered a global powerhouse. Meanwhile, G2 Esports aims to defend its VCT Americas crown and add another championship to its trophy case.
We’re proud to work with our fantastic partners throughout 2026: ExpressVPN, HP, Pulsar, Red Bull, Samsung, Secretlab, Verizon, and Zowie.

Follow the below channels to get the latest information on VCT Americas:
Twitter/X: https://www.x.com/valesportsna
Tik Tok: https://www.tiktok.com/@valesportsna
Instagram: https://www.instagram.com/valesportsna
Twitch: https://www.twitch.tv/valorant_americas
YouTube: https://www.youtube.com/@valorant_americas
Photos from the Event: https://www.flickr.com/photos/vctamericas/
Official VALORANT Esports News: https://www.valorantesports.com/news
Web: https://www.valorantesports.com
#VCTAmericas #VCT",UCifCesg-EUkjKyQedaB3hRg,VALORANT Champions Tour Americas,"['VALORANT Champions Tour', 'VCT', 'VALORANT', 'VAL Americas', 'VALORANT Esports', 'VALORANT International League', 'VCT Americas', 'Esports', 'FPS', 'Riot Games', 'VCT Americas 2024', 'VCT 2024', 'VALORANT Champions Tour 2024']",PT6H17M16S,hd,false,2026-08-03,03:03:22,August,Monday,20,304501,2686,0,9,2026,8,3,32,3,3,3,22,2026-08-03 03:03:22+00:00,2026-08-03 03:03:22+00:00,False,22636.0,Long,47,13,1345,166,13,Night,2695,0.008820989093631876,2.9556553180449326e-05,0.008850545646812326,1,0,High,Beginning,1,True,False,Late Night,Gaming,hd
4fiuP-j7694,The Long Horse.. (Minecraft),"Instagram: https://www.instagram.com/cashmarcoyt/
Merch: https://cashandnico.com",UCOC5YUqfdbwlnpeMfSTx26Q,CashPlays,"['Nico', 'Cash', 'Cash and Nico', 'Nico and Cash', 'Cash & Nico', 'Nico & Cash', 'Shady', 'Zoey', 'Mia', 'Cash Marco']",PT26M46S,hd,false,2026-08-02,16:42:36,August,Sunday,24,242309,4987,0,1193,2026,8,2,31,3,16,42,36,2026-08-02 16:42:36+00:00,2026-08-02 16:42:36+00:00,True,1606.0,Long,28,4,80,4,10,Afternoon,6180,0.020581158768349504,0.0049234654924084536,0.025504624260757957,1,0,High,Beginning,1,False,True,Afternoon,Entertainment,hd
MWN8by86xY4,MICKEY plays EVERY MINECRAFT HORROR MOD,"pls never make me do this again.



TikTok: https://www.tiktok.com/@mickeymunch
Instagram: https://www.instagram.com/m1ck3ymunch/
Join the Clubhouse: https://discord.gg/mickeymunch
ROBLOX: https://www.roblox.com/users/207200680/profile


THUMBNAIL and PFP by prawnfried

#robloxvc #roblox #mickeymunch",UCXBexZ-MxdGtAcd4KWFAfbw,MickeyMunch,"['#roblox', '#robloxvc', '#mickeymunch']",PT16M39S,hd,false,2026-08-02,23:16:40,August,Sunday,20,165860,7374,0,1694,2026,8,2,31,3,23,16,40,2026-08-02 23:16:40+00:00,2026-08-02 23:16:40+00:00,True,999.0,Long,39,6,301,25,3,Evening,9068,0.044459182443024235,0.010213433015796455,0.05467261545882069,1,0,High,Beginning,1,True,True,Night,Gaming,hd
1ymNFfsubmw,THIS IS THE CRAZIEST PARTY GAME EVER,"Well Howdy there. 
Turn on notification bell so you wont miss a video! : ]
-----------------------------------------------------------
Check out the Clooless content!

• Podcast:  https://youtube.com/@cloolesspodcast

• React:  https://youtube.com/@cloolessreacts

• Gaming:  https://youtube.com/@cloolessgamingg

Check out the Clooless goodies!

• Clooless MERCH! - https://clooless.shop/

• BUY BBL! - https://gamersupps.gg/clooless

-----------------------------------------------------------
• Second Channel: https://www.youtube.com/@moredroid

• VOD Channel: https://www.youtube.com/@elasticdroidVODS

-----------------------------------------------------------
• Twitter: https://twitter.com/ElasticDroid

• Twitch: https://www.twitch.tv/elasticdroid

• Instagram: https://www.instagram.com/elasticdroid/

• Discord: https://discord.gg/elasticdroid
-----------------------------------------------------------
Friends:

• Puffer: https://www.youtube.com/@Bigpuffer

• Pezzy: https://www.youtube.com/@Pezzy

• Eli: https://www.youtube.com/@EliLikesRice

-----------------------------------------------------------
Please Ignore or flag spam, negative, or hateful comments. We're here to have a good time. Thanks :]
-----------------------------------------------------------
• Edited by:  https://www.youtube.com/@ItsRequiemTV
-----------------------------------------------------------
• Thumbnail by: https://www.youtube.com/@Ashterismart
-----------------------------------------------------------
• Outro song: https://www.youtube.com/watch?v=RcsbbEsVVdY
-----------------------------------------------------------
#elasticdroid #clooless",UCRYZxlAfSqJmY1DLTyQrp8w,ElasticDroid,"['Grizzy', 'ElasticDroid', 'twitch highlights', 'twitch partner', 'funny moments', 'gaming', 'streaming', 'twitch', 'twitch moments', 'twitch funny', 'elasticdroid funny moments', 'best twitch clips', 'top twitch clips', 'furry', 'clooless podcast', 'clooless']",PT1H10M28S,hd,false,2026-08-02,23:15:18,August,Sunday,20,62304,5447,0,161,2026,8,2,31,3,23,15,18,2026-08-02 23:15:18+00:00,2026-08-02 23:15:18+00:00,True,4228.0,Long,36,7,1647,115,16,Evening,5608,0.08742616846430405,0.0025841037493579866,0.09001027221366205,1,0,Low,Beginning,1,True,True,Night,Gaming,hd
_LcspzsL5os,I Spent 100 Days in RLCRAFT DREGORA in Minecraft Hardcore,"Surviving 100 Days in RLCraft Dregora, One of Minecraft’s Hardest Challenges

🕹️HOW WE PLAY TOGETHER🕹️  
I use BisectHosting to run all the servers in my videos!
You can grab your own and support the channel using the link below:  
👉 https://www.bisecthosting.com/clients/aff.php?aff=6946

🔥SUBSCRIBE HERE🔥
👉 https://www.youtube.com/@DefinitelyDead?sub_confirmation=1

▶️MORE CONTENT▶️
👻Minecraft Horror:  @SomethingSeriouslySinister 

🦁KEEP IN TOUCH🦁
🎮Discord: https://discord.gg/bmFsFhNQNg
🎶TikTok: https://www.tiktok.com/@definitelydeadyt
📷Instagram: https://www.instagram.com/definitelydeadyt

‼️CHECK OUT THE MODPACK‼️
Modpack: https://www.curseforge.com/minecraft/modpacks/rlcraft-dregora
Modpack Creator: @NLBlackEagle",UCpLT1Stf-JH2O33yyZETUiA,DefinitelyDead,"['minecraft', '100 days in minecraft', '100 days in hardcore minecraft', '100 days', 'minecraft hardcore', 'hardcore', 'survival', 'modded', 'modded minecraft', 'RLCraft', 'dregora', 'rlcraft dregora', 'rlcraft', 'rlcraft update', 'new rlcraft', 'hardest modpack', 'modpack', 'minecraft mods', '500 days', '1000 days', '1000 days rlcraft', '100 days rlcraft', '1000 days rlcraft dregora', 'amalgalich', 'minecraft 100 days', '1000 days minecraft', 'rlcraft full movie', 'rlcraft 1000 days', 'minecraft full movie', '100 days modded minecraft']",PT3H59M59S,hd,false,2026-08-02,19:50:49,August,Sunday,20,32248,363,0,60,2026,8,2,31,3,19,50,49,2026-08-02 19:50:49+00:00,2026-08-02 19:50:49+00:00,True,14399.0,Long,57,10,725,68,30,Evening,423,0.011256512031753907,0.0018605805011163482,0.013117092532870255,1,0,Low,Beginning,1,True,True,Evening,Gaming,hd
zYdn8v-Fmb8,Surviving Lifesteal: Minecraft's Deadliest Server,"Surviving Lifesteal: Minecraft's Deadliest Server

Includes music from @nombra101 

Thank you for watching!

『Extras』
» Lunar Cosmetics https://store.lunarclient.com/category/minutetech
» Twitter https://twitter.com/MinuteTech_
» Twitch https://www.twitch.tv/minute
» Instagram https://www.instagram.com/minutetechyt/
» NameMC https://namemc.com/profile/MinuteTech.1

『Affiliates』
» Server Hosting https://rocketnode.com/minute

This video is unscripted, and takes place on ""Lifesteal World""",UCwPlekBdyNPnNxLhkp9K--A,MinuteTech,[],PT2H26M13S,hd,false,2026-08-01,21:36:21,August,Saturday,20,901966,31623,0,2272,2026,8,1,31,3,21,36,21,2026-08-01 21:36:21+00:00,2026-08-01 21:36:21+00:00,True,8773.0,Long,49,5,491,45,0,Evening,33895,0.03506007986997293,0.0025189419556834736,0.0375790218256564,1,0,Very High,Beginning,1,True,True,Evening,Gaming,hd
3XaiSCMlcpQ,EG SUDOWOODO | G2 vs SEN - VCT Americas Stage 2 #VCTWatchparty | !socials !decision,"Be sure to give the video a 👍🏽 LIKE and SUBSCRIBE ❤️ if you enjoyed yourself watching it!

To stay updated, hit the notification bell 🛎 and get an alert for every upload!

🔴 Watch me live at https://www.twitch.tv/GOFNS and be sure to drop a follow with notifications to catch when I go live!

➡️ Follow my socials here!
🐦 Twitter: https://twitter.com/FNS
📸 Instagram: https://www.instagram.com/pujmehta/

Editor: Tamura
https://x.com/generaltamura6
https://www.youtube.com/@Tamura666/videos

Editor/Manager: Aiden
https://twitter.com/aidensphan 
https://www.youtube.com/c/AsianAiden

Thank you for watching!! 🎉

All music used in this video is not OWNED by me and should be given credited to their rightful owners

#Valorant",UC0l4egqFkC7XQvZFW1qajPg,FNS,[],PT8H36M29S,hd,false,2026-08-03,02:58:37,August,Monday,20,248344,2672,0,8,2026,8,3,32,3,2,58,37,2026-08-03 02:58:37+00:00,2026-08-03 02:58:37+00:00,False,30989.0,Long,83,15,724,99,0,Night,2680,0.010759269400508972,3.221338143864961e-05,0.010791482781947621,1,0,High,Beginning,1,True,False,Late Night,Gaming,hd
ua3WAe-v6Uk,BLACK OPS on PS5 is too hardcore for weaklings,"Enjoy!

Twitter - https://twitter.com/Jev
Twitch - http://www.twitch.tv/Jev
Instagram - http://instagram.com/mrjeverson#

GET GFUEL HERE WITH MY LINK :)
USE CODE 'JEV' AT CHECKOUT FOR A DISCOUNT
https://www.gfuel.com/JEV

JOIN THE CHANNEL AS A MEMBER
https://www.youtube.com/channel/UC7trU46U_9XPDtMnDbiDPUQ/join",UC7trU46U_9XPDtMnDbiDPUQ,JEV,"['FaZe', 'Jev', 'FaZeClan', 'FaZeJev', 'FaZe Jev', 'BLACK OPS', 'BLACK OPS SNIPER', 'BLACK OPS SNIPING', 'BLACK OPS GAMEPLAY', 'PRESTIGE', 'BLACK OPS PRESTIGE', 'FUNNY MOMENTS', 'RAGE', 'CLASS SETUP', 'PRO PERKS', 'BLACK OPS PRO PERKS', 'BLACK OPS PRO PERKS GUIDE', 'BLACK OPS BEST CLASS', 'BLACK OPS CLASS SETUP', 'BLACK OPS XP', 'BLACK OPS HACKS', 'BLACK OPS MODS', 'MODS', 'MODDED', 'HACK', 'HACKED', 'HACKER']",PT10M43S,hd,false,2026-08-02,22:26:42,August,Sunday,20,121728,5596,0,342,2026,8,2,31,3,22,26,42,2026-08-02 22:26:42+00:00,2026-08-02 22:26:42+00:00,True,643.0,Long,46,9,312,33,27,Evening,5938,0.04597134595162986,0.0028095425867507885,0.048780888538380654,1,0,Medium,Beginning,1,True,True,Night,Gaming,hd
5aRsEkmqbtI,"NEW MAP AND NEW MONSTERS!!?! | Cryo (w/ H2O Delirious, Kyle, Squirrel)","My Let's Play Channel: https://www.youtube.com/@toonzplays
NEW MERCH!  https://cartoonz.3blackdot.com/

http://www.cartoonz.com
http://www.amazon.com/shop/cartoonz

Thumbnails: https://twitter.com/Jihi_chan

@H2ODelirious 
Squirrel: https://www.youtube.com/channel/UClJ38gvUfmqrAT-hGsIt6Lw 
Kyle: https://www.youtube.com/channel/UCartrOxoMpk-szhErUlAzSA
Anthony: https://www.twitch.tv/anthony_kongphan


SEND FANMAIL HERE!
PO Box 18002
Greensboro, NC
27419-8002

Social Media:
http://www.twitter.com/_cartoonz  -   @_cartoonz
http://www.facebook.com/cart0onz
Ihttp://www.instagram.com/cartoonz

Outro Song: ""Watching Cartoons"" - Jay Allen 
https://www.youtube.com/watch?v=VChfV6zUzXI

#cartoonz",UCdQWs2nw6w77Rw0t-37a4OA,CaRtOoNz,"['cart0onz', 'cartoonz', 'cartoons', 'funny moments', ""let's play"", 'cartoonz face reveal', 'cartoonz crew', 'cartoonz crew song', 'cartoonz crew junior', 'toonz']",PT1H7M31S,hd,false,2026-08-03,00:51:44,August,Monday,20,61943,3705,0,131,2026,8,3,32,3,0,51,44,2026-08-03 00:51:44+00:00,2026-08-03 00:51:44+00:00,False,4051.0,Long,70,12,694,44,10,Night,3836,0.05981305393668373,0.0021148475211081154,0.06192790145779184,1,0,Low,Beginning,1,True,False,Late Night,Gaming,hd
ThIB3XidRLM,SWEAR YOU WONT TELL A SOUL YOU SAW ME PLAY THIS GAME | Hachishakusama,"if you clicked on this vid, it means you're not telling anyone

Hachishakusama | 八尺様がいた夏休み game link:
https://store.steampowered.com/app/4689420/Hachishakusama/

Shoutout Donmahluvinlandry:
https://www.youtube.com/@DonMahLuvinLandry/

Follow me on Twitter! ► https://twitter.com/JayKubzScouts
Watch me on Twitch! ► http://www.twitch.tv/thekubzscouts
I made a new instagram! ► https://www.instagram.com/itsthatdudejay/
(These are the only socials that I currently have, anything else is not me!)

---------------------------

We're here to have fun and not take ourselves too seriously, so any negative comments will be automatically deleted! Thanks for watching!

#KubzScouts",UCZBY6V8Lxmwu8gGRBOyO11w,Kubz Scouts,"['kubz', 'scouts', 'kubz scouts', 'Hachishakusama', '八尺様がいた夏休み', 'Hachishakusama | 八尺様がいた夏休み', 'hachishakusama kubz scouts', 'jumpscares', 'commentary', 'all endings']",PT1H6M54S,hd,false,2026-08-02,06:30:39,August,Sunday,20,226537,18208,0,1499,2026,8,2,31,3,6,30,39,2026-08-02 06:30:39+00:00,2026-08-02 06:30:39+00:00,True,4014.0,Long,69,14,675,78,10,Night,19707,0.08037539121644588,0.006617020619148307,0.08699241183559418,1,0,High,Beginning,1,True,True,Morning,Gaming,hd
OTb5zY7Tsh0,The DOWNFALL Of Fortnite Sprites,"The DOWNFALL Of Fortnite Sprites
Item Shop Code: T5G #UseCodeT5G #fortnite #epicpartner 

Follow us on Instagram & Twitter to be informed when we post:
https://twitter.com/Top5Gamingx
https://www.instagram.com/top5gamingx/

Check out our Other Fortnite Videos Here

Our FIRST LOOK At Fortnite SEASON 4!
https://www.youtube.com/watch?v=KqGOIVP5_ss

Fortnite SEASON 3 - EVERYTHING WE KNOW!
https://www.youtube.com/watch?v=rSkR-u2b6o0

50 Secrets & Easter Eggs In Fortnite!
https://www.youtube.com/watch?v=6SBO6DanZIM

Our LAST SEASON With Jonesy
https://www.youtube.com/watch?v=u3qorFBLoUg

For more fortnite content subscribe

Notice: We earn revenue from you supporting us in the Fortnite Item Shop. Thank you to Epic Games for partnering with us",UCYn6CZe5UGIyPe9WJb0pTrg,Top5Gaming,"['fortnite sprites', 'The DOWNFALL Of Fortnite Sprites', 'fortnite', 'fortnite new sprites', 'new fortnite sprites', 'fortnite rarest sprites', 'fortnite rarest sprite', 'fortnite update', 'fortnite new update', 'new fortnite update', 'fortnite update sprites', 'fortnite sprites update', 'fortnite collabs', 'fortnite collab sprites', 'fortnite rare sprite', 'rare sprite fortnite', 'new fortnite updates', 'fortnite new updates', 'fortnite updates', 'fort', 'nite', 'battle royale', 'sprites', 'new', 'update', 'video']",PT16M1S,hd,false,2026-08-02,20:44:14,August,Sunday,20,143590,4811,0,848,2026,8,2,31,3,20,44,14,2026-08-02 20:44:14+00:00,2026-08-02 20:44:14+00:00,True,961.0,Long,32,5,746,90,26,Evening,5659,0.03350511874085939,0.00590570373981475,0.039410822480674144,1,0,Medium,Beginning,1,True,True,Evening,Gaming,hd
WbvXBbuqhzQ,"Every Time I DIE, EAT Different COUNTRIES FOOD! (MM2)","*SOCIALS:*

Instagram: https://www.instagram.com/nizarisaqt/?next=%2F 
TikTok: https://www.tiktok.com/@nizarisaqt 
Discord: https://discord.gg/fERrJKRShp 
Roblox Group: https://www.roblox.com/share/g/665957595 



*OTHER CHANNELS:*

Second Channel: https://www.youtube.com/@MoreNizarisaqt 
Reaction Channel: https://www.youtube.com/@Nizreacts 
Niz & Rex: https://www.youtube.com/@NizXRex 
IRL Channel: https://www.youtube.com/@NizarisaqtIRL 
Clips Channel: https://www.youtube.com/@NizarisaqtClips 
Movies Channel: https://www.youtube.com/@NizarisaqtTV 


Join the ""Cutie Verse"" to get access to perks:
https://www.youtube.com/channel/UCVhGR9TU1vfvHXl73uaEiEQ/join",UCVhGR9TU1vfvHXl73uaEiEQ,Nizarisaqt,[],PT21M5S,hd,false,2026-08-02,16:15:03,August,Sunday,20,132427,3379,0,1070,2026,8,2,31,3,16,15,3,2026-08-02 16:15:03+00:00,2026-08-02 16:15:03+00:00,True,1265.0,Long,53,9,664,41,0,Afternoon,4449,0.025515944633647217,0.008079923278485505,0.033595867912132725,1,0,Medium,Beginning,1,True,True,Afternoon,Gaming,hd
Ht__yJ8aDik,Using ONE COLOR CAMOUFLAGE to Find My Friend’s SECRETS in Minecraft!,"🎬 Watch the teaser for our NEW animated series, JOHNNY IRL:
https://www.youtube.com/watch?v=pLkJ2Pu9Fik

👀 Limited plush drop coming soon… get early access:
https://spinnyhat.store

🔥 Join my Roblox group:
https://www.roblox.com/share/g/15997897

💛 Hang out in the Johnny Discord:
https://discord.gg/wChcP6Nbc2

#Minecraft #MinecraftMod #HeresJohnny #Johnny",UC8Z766VdGCg9sSySmeL-APQ,Here's Johnny,"['minecraft', 'minecraft funny', 'minecraft gameplay', 'minecraft roleplay', 'minecraft story', 'minecraft prank', 'minecraft challenge', 'minecraft mod', 'minecraft survival', 'funny minecraft', 'minecraft trolling', 'minecraft friends', 'family friendly minecraft', 'no cursing minecraft', 'heres johnny', 'johnny minecraft', 'johnny and marty', 'spinny hat studios', 'Using ONE COLOR CAMOUFLAGE to Find My Friend’s SECRETS in Minecraft!']",PT2H2M20S,hd,false,2026-08-02,22:00:22,August,Sunday,20,66161,1250,0,176,2026,8,2,31,3,22,0,22,2026-08-02 22:00:22+00:00,2026-08-02 22:00:22+00:00,True,7340.0,Long,68,11,357,40,19,Evening,1426,0.018893305723915902,0.002660177445927359,0.021553483169843263,1,0,Low,Beginning,1,True,True,Night,Gaming,hd
SsEfjeY8e1k,RAINBOW TSUNAMI vs DOOMSDAY BUNKER In Minecraft!,"Subscribe if you like Johnny Minecraft! Make sure you watch till the end to see what happens!

🎬 Watch the teaser for our NEW animated series, JOHNNY IRL:
https://www.youtube.com/watch?v=pLkJ2Pu9Fik

👀 Limited plush drop coming soon… get early access:
https://spinnyhat.store

Join the new Johnny discord server: https://discord.gg/wChcP6Nbc2 💛

#johnny #minecraft",UCtHWok614W2Nw7x0R-uHS7Q,Johnny World,"['johnny', 'heres johnny', 'johnny gaming', 'johnny minecraft', 'johnny compilation', 'best of johnny', 'johnny funny moments', 'funny moments', 'funniest moments', 'compilation', 'gaming compilation', 'family friendly', 'kid friendly', 'no cussing', 'no bad words', 'minecraft', 'minecraft funny', 'minecraft challenge', 'minecraft roleplay', 'minecraft skit', 'minecraft mod', 'cash', 'cash minecraft', 'cash and nico', 'nico', 'maizen', 'aphmau', 'roblox', 'roblox funny', 'roblox roleplay', 'gaming', 'funny gaming videos']",PT2H5M54S,hd,false,2026-08-02,14:00:06,August,Sunday,20,112634,1134,0,58,2026,8,2,31,3,14,0,6,2026-08-02 14:00:06+00:00,2026-08-02 14:00:06+00:00,True,7554.0,Long,48,7,364,49,32,Afternoon,1192,0.010068007883942682,0.0005149422021769626,0.010582950086119643,1,0,Medium,Beginning,1,True,True,Afternoon,Gaming,hd
9lG79xEIZ-o,Meccha Chameleon in a Girl Server,"🥷 Hey there, it's your friend Silver! 

⚔️ If you're a fan of Roblox, following my channel is a must for you! I'll be posting 2 to 3 daily videos involving this fantastic game that we all love, filled with good humor, action and drama. 

🤍 Don't waste any other second without being part of the #SILVERGANG - subscribe now and light up your days!",UCXs61Ndm1-67HwDZR70g8pQ,Silver,"['roblox', 'roblox games', 'best roblox games', 'new roblox games', 'top roblox games', 'fun roblox games', 'roblox games you must play', 'Roblox Game Compilations', 'Roblox Game Rankings', 'Ultimate Roblox Game Lists', 'Roblox Game Catalog', 'Roblox Game Reviews', 'Best Roblox Game Collections', 'Roblox Game Suggestions', 'Roblox Game Selections', 'Roblox Game Lineup', 'Roblox Game Mix', 'Featured Roblox Games', 'Roblox Game Encyclopedia', 'Roblox Game Vault', 'Roblox Game Library', 'Weekly Roblox Game Picks']",PT1H1M34S,hd,false,2026-08-02,11:00:32,August,Sunday,20,593602,6321,0,113,2026,8,2,31,3,11,0,32,2026-08-02 11:00:32+00:00,2026-08-02 11:00:32+00:00,True,3694.0,Long,33,6,346,65,22,Morning,6434,0.010648549027799771,0.00019036324001603768,0.010838912267815809,1,0,Very High,Beginning,1,True,True,Morning,Gaming,hd
Mp-WKG1T6SU,I Created Pokemon's Largest Nuzlocke Tournament,"For the month of July, 16 streamers, on 8 different teams (one experienced, one inexperienced) are challenged to complete a Pokemon Nuzlocke of pChal and my creation. The 6 Pokemon they beat the nuzlocke with are then entered into this tournament, where they face off against the 7 other teams that have done the same. The winner is the true hall of famer. All the information you want (abilities, moves, items, bracket, merch, rules) is available at https://nuzlocke.in ! 
I'm multistreaming -- I'm also live on twitch.tv/pointcrow and twitch.tv/pchal ! superchat tts is OFF today!

Try Wand for free today AND enter our giveaway to win a Lenovo Legion 5 Laptop +more: https://get.wand.com/pointcrow/ #ad 

Check out my other content:
▶TWITCH: https://twitch.tv/pointcrow
▶MERCH: https://pointcrow.shop
▶VOD Channel: https://youtube.com/pointcrowvods
▶Twitter: https://twitter.com/pointcrow
▶Discord: https://discord.gg/pointcrow
▶Instagram: https://instagram.com/pointcrow

Editors for the nuzlocke website and production:
Kathryn: https://twitter.com/verytiredkat
Sime: https://twitter.com/simemedia
Ava: https://bsky.app/profile/ahvahhediting.com
Zoey: https://x.com/cosmizoey
Palatinik: https://twitter.com/palatinik
Thom: https://www.youtube.com/@UCn-A7vrBcolZNJ4ok6PkRQA 
Vixento: https://x.com/vixento_
Drewster: https://x.com/ContentDrew

Creative Director & Editing: https://twitter.com/verytiredkat
Editing: https://bsky.app/profile/ahvahhediting.com
Graphic/Brand Design: https://www.mikamiba.com/
Website: https://fabian9799.de/
Sprites and Art: https://bsky.app/profile/jordanosart.bsky.social
Game Dev: https://x.com/atsign8877
Playtesting & Game Design: Zoe Mairs

Production:
DCV Live: https://www.dcvlive.com/
Creative Director: https://twitter.com/verytiredkat
Producer: https://www.imdb.com/name/nm3937336/
Production Assistant & PA: https://x.com/nanceisfance

#pointcrow #gaming #pokemon",UCG6zBb8GZKo1XZW4eHdg-0Q,PointCrow,"['pointcrow', 'point crow', 'livestream', 'live', 'stream', 'pointcrow stream', 'point crow stream', 'point crow live', 'pointcrow live', 'playthrough', 'walkthrough', 'event', 'live event', 'gaming', 'entertainment', 'funny', 'nuzlocke', 'nuzlocke invitational']",PT8H28M11S,hd,false,2026-08-03,04:14:42,August,Monday,20,106452,2434,0,50,2026,8,3,32,3,4,14,42,2026-08-03 04:14:42+00:00,2026-08-03 04:14:42+00:00,False,30491.0,Long,47,6,1917,197,18,Night,2484,0.02286476534024725,0.00046969526171419985,0.023334460601961447,1,0,Medium,Beginning,1,True,False,Late Night,Gaming,hd
S2Rx2cUVz28,100% win rate,"https://twitter.com/kfcclash
https://discord.gg/ken-s-dungeon-412132415503466506",UCiFOL6V9KbvxfXvzdFSsqCw,Ken,[],PT12M24S,hd,false,2026-08-02,22:00:20,August,Sunday,20,166566,12583,0,773,2026,8,2,31,3,22,0,20,2026-08-02 22:00:20+00:00,2026-08-02 22:00:20+00:00,True,744.0,Long,13,3,80,2,0,Evening,13356,0.07554362835152433,0.004640803045039204,0.08018443139656352,1,0,High,Beginning,1,True,True,Night,Gaming,hd
UNI9Wz8CwUk,ROBLOX BUILD A BASE RNG..,"Today I built a base in Roblox but it was random! Make sure you watch the whole video to find out what happens.

Merch: https://foltyn.shop/

Join this channel to get access to perks:
https://www.youtube.com/channel/UCRkuUgtDAL4XSU5jB40J_wA/join

--Socials--

Discord: https://discord.gg/hqwZhrkqRr

Roblox Group: https://www.roblox.com/groups/11775558/Foltyns-Family#!/about

Roblox Name: TheRealFoltyn

Insta: https://www.instagram.com/realfoltyn/

Twitter: https://twitter.com/Foltynnn

What is Roblox? ROBLOX is an online virtual playground and workshop, where kids of all ages can safely interact, create, have fun, and learn. It’s unique in that practically everything on ROBLOX is designed and constructed by members of the community.  Each player starts by choosing an avatar and giving it an identity. They can then explore ROBLOX — interacting with others by chatting, playing games, or collaborating on creative projects. Each player is also given their own piece of undeveloped real estate along with a virtual toolbox with which to design and build anything — be it a navigable skyscraper, a working helicopter, a giant pinball machine, a multiplayer “Capture the Flag” game or some other, yet-to-be-dreamed-up creation. There is no cost for this first plot of virtual land. By participating and by building cool stuff, ROBLOX members can earn specialty badges as well as ROBLOX dollars (“Robux”). In turn, they can shop the online catalog to purchase avatar clothing and accessories as well as premium building materials, interactive components, and working mechanisms.

#Roblox #foltyn",UCRkuUgtDAL4XSU5jB40J_wA,Foltyn,"['foltyn', 'foltyn roblox', 'roblox', 'roblox foltyn', 'foltyn family', 'funny', 'foltyn family roblox', 'roblox foltyn family', 'blade ball', 'roblox blade ball', 'foltyn blade ball', 'build a base rng', 'build a base roblox', 'foltyn and caylus', 'foltyn and caylus playing roblox', 'foltyn build a base', 'roblox build a base', 'foltyn safe base', 'foltyn and caylus playing roblox together']",PT23M5S,hd,false,2026-08-02,02:23:04,August,Sunday,20,798833,27915,0,2989,2026,8,2,31,3,2,23,4,2026-08-02 02:23:04+00:00,2026-08-02 02:23:04+00:00,True,1385.0,Long,25,5,1600,223,19,Night,30904,0.03494472561849598,0.0037417082168613464,0.038686433835357324,1,0,Very High,Beginning,1,True,True,Late Night,Gaming,hd
oxU-FiMSuIA,I Hired An Abusive Security Guard - Waterpark Simulator 10,"Welcome back to Daz Games! Subscribe!

MERCH : dazblackshop.com
Business : dazblack@independenttalent.com

X : https://twitter.com/daz_black
INSTAGRAM : http://instagram.com/daz_black
Off The Hook : http://bit.ly/2daMcU3
FACEBOOK : http://bit.ly/1QsBu0
TIKTOK: https://www.tiktok.com/@daz_black

Welcome to Daz Games! Here you’ll find all my Try Not To Laugh Challenge, Sketches and Reaction videos where you’ll enjoy my responses to videos from “LIFE HACKS THAT MAKE NO SENSE” and everything else on the internet you could think of. I like to do commentary walkthroughs and playthroughs of games like The Sims, ARK, GTA V, Minecraft, Horror Games and many others. New gaming videos will be posted five to six times a week. Be sure to Subscribe to never miss one!",UCDBCCMlFD-hArPbWv38FINA,Daz Games,"['Daz', 'games', 'daz', 'watches', 'daz black', 'HORROR', 'SCARY', 'LAUGH', 'COMEDY', 'DAZ GAMES', 'humor', 'daz watches', 'amazing', 'laugh', 'gaming', 'game', 'funny', 'amzing', 'most', 'ghost', 'vlog', 'best moments', 'top 10', 'reels']",PT51M8S,hd,false,2026-08-02,17:29:30,August,Sunday,20,225641,14185,0,1028,2026,8,2,31,3,17,29,30,2026-08-02 17:29:30+00:00,2026-08-02 17:29:30+00:00,True,3068.0,Long,58,10,763,112,24,Afternoon,15213,0.06286534805288047,0.004555909608626092,0.06742125766150656,1,0,High,Beginning,1,True,True,Afternoon,Gaming,hd
DNKy1_3ZAag,uh oh no pp ): | Pokemon Grumplocke [50],"Alexa play 'Tragedy' by the BeeGees.

Click to SUBSCRIBE ► http://bit.ly/GrumpSubscribe
Support us on Patreon! ► https://www.patreon.com/gamegrumps

*********************************************
MERCH!! ► http://gamegrumps.com/merch
*********************************************

FACEBOOK ► https://www.facebook.com/GameGrumps
INSTAGRAM ► https://www.instagram.com/gamegrumps/
TIKTOK  ► https://www.tiktok.com/@gamegrumps
TWITTER ► https://www.twitter.com/gamegrumps
WEBSITE ► http://gamegrumps.com
Our email list! ► http://eepurl.com/cN7syX 

*********************************************
Game Grumps is a comedy gaming show hosted by Arin Hanson and Dan Avidan. We publish daily episodes on Game Grumps, and weekly episodes on our live channel @TheGrumps! 
Game Grumps is a game publisher. It's a touring act. But most importantly, it's a group of people excited about creating literally anything. We're always working on something new and exciting, and we can't wait for you to see what's next.

Arin ► http://www.youtube.com/Egoraptor
Danny ► http://www.youtube.com/NinjaSexParty

#tragedy #PokemonGrumplocke #ep50",UC9CuvdOVfMPvKCiwdGKL3cQ,GameGrumps,"['lets play', 'walkthrough', 'gameplay', 'egoraptor', 'danny', 'game grumps', 'gamegrumps', 'funny', 'arin', 'letsplay', 'gaming', ""let's play"", 'game play', 'dan avidan', 'arin hanson', 'Game Grumps']",PT50M44S,hd,false,2026-08-02,17:00:40,August,Sunday,20,73756,4002,0,1408,2026,8,2,31,3,17,0,40,2026-08-02 17:00:40+00:00,2026-08-02 17:00:40+00:00,True,3044.0,Long,40,9,1118,122,16,Afternoon,5410,0.054259992407397366,0.019089972341233257,0.07334996474863062,1,0,Low,Beginning,1,True,True,Afternoon,Gaming,hd
RNASrczxvzU,Markiplier Situation Is Hilarious,"Markiplier has finally followed through after being exposed for cheating last year

Markiplier no cheats FNAF 2 10/20 run:
https://www.youtube.com/watch?v=M3H8u3Y0S-s

Bones5 Video:
https://www.youtube.com/watch?v=SjK7M0LRbqw

Pokemon Channel ► https://www.youtube.com/@dolandarkrai
Main Channel ► https://www.youtube.com/c/dolandarker
Second Channel ►  https://www.youtube.com/c/dolandark",UCJO31lXn1Uo924ha6nO8XlA,Dolan Darkest,"['Dolan Dark', 'Dolan Darker', 'Memes']",PT2M46S,hd,false,2026-08-02,19:21:22,August,Sunday,23,338216,18851,0,1120,2026,8,2,31,3,19,21,22,2026-08-02 19:21:22+00:00,2026-08-02 19:21:22+00:00,True,166.0,Medium,33,4,389,35,3,Evening,19971,0.055736570712207584,0.003311493246919129,0.05904806395912671,1,0,Very High,Beginning,1,False,True,Evening,Comedy,hd
NbGx3GLV4_A,I Spent 100+ Days Becoming A Pokémon CHAMPION in Minecraft Cobblemon...,"I Spent 100+ Days Becoming A Pokémon CHAMPION in Minecraft Cobblemon...

If you enjoyed make sure to Like, Subscribe, and hit the Bell Icon!

💬 My Discord 💬 ► https://discord.gg/TgqKB64
👔 Check Out Ya Boys UGC's 👔 ► https://www.roblox.com/groups/8429829/HWs-Haven#!/store
👔 Ascended Cape UGC (Dio's Cape) 👔 ► https://www.roblox.com/catalog/7675300546/Ascended-Cape

🎵 Music: 🎵
https://www.youtube.com/watch?v=xZJWgWamkp0
https://www.youtube.com/watch?v=eimRgjUPnEE
Pokemon music by Zame:
https://www.youtube.com/watch?v=kSkWCcBQvsc
https://www.youtube.com/watch?v=Jq7zkIH6NOI
https://www.youtube.com/watch?v=iVJD33AZCs0
https://www.youtube.com/watch?v=thqRkKkgAVM
https://www.youtube.com/watch?v=Bl3tfkEVm_8
https://www.youtube.com/watch?v=oEvn0woNwmo
https://www.youtube.com/watch?v=w6k1HhDqZTo&t=9s
https://www.youtube.com/watch?v=d8hghYqHjcQ
https://www.youtube.com/watch?v=QCHGJY9cbxY
Gym Battle music by Elementality Studios:
https://www.youtube.com/watch?v=b4c6dPPvBdM
https://www.youtube.com/watch?v=_1PEqJ6dF3Y
https://www.youtube.com/watch?v=XA2BQl0Sf5E&t=928s
Playlist: https://www.youtube.com/playlist?list=PLY7DE-D-pSYQ5IDfQ7iNo00mlWDqFw7cf
I Own None Of The Songs Used In The Video.",UCtJqaNF7McbeDB1UJZ_nWJg,HW5567,"['roblox', 'fun', 'anime', 'one piece', 'dragon ball', 'ability', 'bleach', 'fighting', 'showcase', 'fast', 'trolling', 'memes', 'funny', 'a universal time', 'stand upright', 'HW5567', 'AUT', 'A Universal Time', 'Your Bizarre Adventure', 'roblox jojo', 'roblox anime', 'anime roblox', 'JoJo', 'HW', 'hw5567', 'Roblox JOJO', 'JOJO Roblox', 'Roblox One Piece', 'One Piece Roblox', 'Blox Fruit', 'King Legacy', 'Sakura Stand', 'Jujutsu Kaisen', 'JJK', 'tsb', 'battlegrounds', 'grind', 'suffering', 'robux', 'spending robux', 'horror', 'brainrot', 'minecraft', 'pokemon']",PT46M50S,hd,false,2026-08-02,12:10:09,August,Sunday,20,170404,10821,0,970,2026,8,2,31,3,12,10,9,2026-08-02 12:10:09+00:00,2026-08-02 12:10:09+00:00,True,2810.0,Long,71,11,1195,87,44,Morning,11791,0.06350203046876834,0.005692354639562452,0.06919438510833079,1,0,High,Beginning,1,True,True,Afternoon,Gaming,hd
c46PwK2M1lo,DEMON'S LITTLE BROTHER GOT GROUNDED..,"NEW PLUSHIES & MERCH OUT NOW! https://GOOBERS.SHOP/ 

❗Get GOOBERS chains here❗ - https://www.roblox.com/communities/33725874/THE-GOOBERS-CHANNEL#!/store

💯Make sure to SUBSCRIBE and Join the GOOBER GANG Today!!💯
❗AND JOIN OUR ROBLOX GROUP TOO!❗
https://www.roblox.com/groups/33725874/THE-GOOBERS-CHANNEL#!/about

🧟STUD's Profile
https://www.roblox.com/users/19044882/profile

🔥Demon's Profile
https://www.roblox.com/users/25941481/profile

🟡 Mango's Profile
https://www.roblox.com/users/254301387/profile

#Roblox #xDemon #Stud #Mangopool #Goobers",UCZnEPs55HO-dakem8GSo8Aw,GOOBERS,[],PT16M10S,hd,false,2026-08-02,11:00:36,August,Sunday,20,231916,5710,0,1103,2026,8,2,31,3,11,0,36,2026-08-02 11:00:36+00:00,2026-08-02 11:00:36+00:00,True,970.0,Long,37,5,548,45,0,Morning,6813,0.02462098345952845,0.004756032356542886,0.029377015816071335,1,0,High,Beginning,1,True,True,Morning,Gaming,hd
FhX4dR5pOoQ,My First Full Classic% GTA 5 Speedrun in 5 Years,"There aren’t cougars in missions, but there is incredible merch on my store! https://go.darkviper.au/Merch Premium quality, low prices, unique designs, and frequent bonuses like FREE stickers and FREE shipping on $75+ orders.

⭐ Follow Me Everywhere
Instagram: https://go.darkviper.au/Instagram
Twitch: https://go.darkviper.au/Twitch
TikTok: https://go.darkviper.au/TikTok
Past Livestreams: https://go.darkviper.au/OldLivestreams
Twitter (X): https://go.darkviper.au/Twitter
BlueSky: https://go.darkviper.au/Bsky 
Facebook: https://go.darkviper.au/Facebook

⭐ Join the Community
Discord: https://go.darkviper.au/Discord
Subreddit: https://go.darkviper.au/Reddit
GTA 5 Speedrun Discord: https://go.darkviper.au/SpeedrunDiscord

⭐ Support Me
Full Setup and Daily Gear: https://darkviper.au/products-i-use/
Merch: https://go.darkviper.au/Merch
YouTube Membership: https://go.darkviper.au/YouTubeMembership
Twitch Sub: https://go.darkviper.au/TwitchMembership
TikTok Sub: https://go.darkviper.au/TikTokSubscribe
GamerSupps (Why I Drink It): https://go.darkviper.au/GamerSupps

⭐ Business Contact
darkviperau@mgmtexe.com",UCV6mNrW8CrmWtcxWfQXy11g,DarkViperAU,"['GTA 5', 'GTA V', 'GTA Online', 'Grand Theft Auto 5', 'Grand Theft Auto V', 'GTA 5 Live', 'GTA Live', 'GTA Online Live', 'GTA 5 Stream', 'GTA Stream', 'GTA Gameplay', 'GTA Online Gameplay', 'GTA 5 Speedrun', 'GTA Speedrun', 'Speedrun', 'Chaos Mod', 'GTA Chaos Mod', 'GTA Challenge', 'GTA 5 Challenge', 'Rockstar Games', 'GTA 6', 'Grand Theft Auto 6', 'Funny GTA', 'Live Gaming', 'Gaming Live', 'DarkViperAU', 'Matto', 'Los Santos', 'Cayo Perico', 'Doomsday Heist', 'Diamond Casino', 'Pacifist', 'Challenge Run', 'Open World', 'Gaming']",PT8H42M18S,hd,false,2026-08-03,08:34:43,August,Monday,20,112868,2355,0,16,2026,8,3,32,3,8,34,43,2026-08-03 08:34:43+00:00,2026-08-03 08:34:43+00:00,False,31338.0,Long,48,10,1115,95,35,Morning,2371,0.02086508133394762,0.0001417585143707694,0.02100683984831839,1,0,Medium,Beginning,1,True,False,Morning,Gaming,hd
DqRBbjmGTkc,"Minecraft, But Damage Is Permanent","Check out my crack: https://amin-5-shop.fourthwall.com/products/aminimiis-crack-t-shirt-2

In this video, every bit of damage I take is permanent. ANYTHING. My goals it to beat the game but i only have one try. Can I win? 

This was loads of fun, and the run itself was streamed. Check out my streams!

-------------------------- 
Twitch: https://www.twitch.tv/aminimiii
TikTok: https://www.tiktok.com/@aminimiiwastaken
Instagram: https://www.instagram.com/aminimiiwastaken/
Twitter: https://x.com/aminimii

My Mods And Discord: https://www.patreon.com/Aminimii
Music: https://share.epidemicsound.com/nysomf
Editor: https://davinciresolvetitles.com/?sca_ref=9576543.LW4XZiwri7GoCe",UCK79ONVea6J_02hBoTWlVzw,Aminimii,"['minecraft', 'aminimii', 'minecraft but']",PT32M43S,hd,false,2026-08-02,16:00:26,August,Sunday,20,99974,4423,0,277,2026,8,2,31,3,16,0,26,2026-08-02 16:00:26+00:00,2026-08-02 16:00:26+00:00,True,1963.0,Long,34,5,680,66,3,Afternoon,4700,0.04424150279072559,0.002770720387300698,0.04701222317802629,1,0,Medium,Beginning,1,True,True,Afternoon,Gaming,hd
vqlHSPlRDbs,Hero Valkyrie: A Hero Written in Stone,"X ► https://twitter.com/ClashRoyale/
Instagram ► https://www.instagram.com/clashroyale
TikTok ► https://www.tiktok.com/@clashroyale
Facebook ► https://www.facebook.com/ClashRoyale/

ENTER THE ARENA
Build your Battle Deck and outsmart the enemy in fast real-time battles. From the creators of CLASH OF CLANS comes a real-time multiplayer battle game starring your favourite Clash characters and more. Start battling against players from around the world!

BECOME A MASTER OF STRATEGY AND DECK BUILDING
Choose unique Cards to your Battle Deck and head to the Arena for Battle!
Place your Cards right and knock down the enemy King and Tower Troops from their Towers in a strategic and fast-paced match.

COLLECT AND UPGRADE 100+ CARDS
Hog Rider! Collect and upgrade 100+ Cards featuring the Clash of Clans troops, spells and defences you know and love and many others. Win battles and progress to new Arenas to unlock powerful new Cards to your collection!

BATTLE YOUR WAY TO THE TOP
Battle your way to the League and Global Tournaments to match against the best players in the world.
Compete for glory and rewards!

SEASONAL EVENTS
Unlock new Seasonal items like Tower Skins, Emotes and powerful Magic Items with the Season Pass and participate in fun Challenges that put your skills to the test!

JOIN A CLAN AND GO TO WAR
Join or form a Clan with other players to share Cards and battle in Clan Wars for BIG rewards!

See you in the Arena!
#ClashRoyale",UC_F8DoJf9MZogEOU51TpTbQ,Clash Royale,"['Clash Royale', 'Clash Royale Game', 'Supercell', 'Supercell Game', 'Clash Royale Supercell', 'Mobile Game']",PT2M39S,hd,false,2026-08-01,14:45:32,August,Saturday,20,1668880,46492,0,962,2026,8,1,31,3,14,45,32,2026-08-01 14:45:32+00:00,2026-08-01 14:45:32+00:00,True,159.0,Medium,38,7,1453,233,6,Afternoon,47454,0.02785820430468338,0.0005764344949906524,0.028434638799674034,1,0,Very High,Beginning,1,True,True,Afternoon,Gaming,hd
mIz4PJa_hjs,i can't play roblox..,"i can't login to my roblox account..

👇 SUPPORT THE CHANNEL 👇
👑 Become a Member - https://www.youtube.com/kreekcraft/join
🔥 KreekCraft Merch - https://kreekcraft.store
🌟 Get a Cameo Shoutout - https://www.cameo.com/kreekcraft

📱 FOLLOW MY SOCIALS 📱
🐦 Twitter/X - https://twitter.com/kreekcraft
📸 Instagram - https://www.instagram.com/kreekcraft
🎵 TikTok - https://www.tiktok.com/@dakreekcraft
👻 Snapchat - https://www.snapchat.com/add/kreekcraft
💜 Twitch - https://www.twitch.tv/kreekcraft

🟥 ROBLOX 🟦
👤 Roblox Profile - https://www.roblox.com/users/140258990
👥 Roblox Group - https://www.roblox.com/groups/3072234

💼 BUSINESS INQUIRIES 💼
📧 kreekcraft@bloxmgmt.com

#roblox #robloxlive #kreekcraft",UCxsk7hqE_CwZWGEJEkGanbA,KreekCraft,[],PT3H15M40S,hd,false,2026-08-02,21:40:14,August,Sunday,20,426489,8432,0,321,2026,8,2,31,3,21,40,14,2026-08-02 21:40:14+00:00,2026-08-02 21:40:14+00:00,True,11740.0,Long,21,4,697,77,0,Evening,8753,0.019770732656645307,0.0007526571611460084,0.020523389817791313,1,0,Very High,Beginning,1,True,True,Evening,Gaming,hd
sVMtO_cp3Fk,"🔴 TOP 1-3 🔴 ""ARTEMIS 13"" 66% 🔴 Stream 420👁 Antarctic Lights soon meow mrrp =3","come watch on the twitch aswell: https://www.twitch.tv/zoinkgd

If u donate to join vc / friend request AND OR LEVEL REQUEST i will DENY so please no
FAQ: my keyboard is a WOOTING 80HE, i have a model o 

and a baskilis v3 as a mouse
my moniter is 360hz. and its not a tv
speed i need this. my mom is kinda homeless
#live #zoink #geometrydash #gd ,zoink live,





https://www.youtube.com/channel/UCWB5bXE2mtdtT42csZv-w6A/join",UCWB5bXE2mtdtT42csZv-w6A,Zoink,"['geometry dash', 'geometry', 'dash', 'zoink', 'gd', 'live', 'zoink live', 'livestream', 'zoink gd', 'gd zoink', 'geometry dash live', 'tidal wave', 'flamewall', 'zoink geometry dash', 'geometry dash 2.2', '2.2', 'gd 2.2', 'extreme demon', 'extreme', 'demon', 'day 1', 'new', 'hardest', 'orbit', 'zoink orbit', 'orbit gd', 'mindcap', 'orbit verification', 'verification', 'orbit verify', 'orbit 99', '99', 'jynxzi', 'jynxzi tourney', 'roulette', 'heliopolis zoink', '47', 'WORLD', 'RECORD', '51', 'fursuit', 'zoink furry', 'artemis 13', '13', 'artemis', 'top 1', 'top 3']",PT2H46M47S,hd,false,2026-08-03,05:11:52,August,Monday,20,148344,3030,0,69,2026,8,3,32,3,5,11,52,2026-08-03 05:11:52+00:00,2026-08-03 05:11:52+00:00,False,10007.0,Long,77,16,426,70,47,Night,3099,0.020425497492315158,0.0004651350914091571,0.020890632583724318,1,0,High,Beginning,1,True,False,Late Night,Gaming,hd
Ml3V18zcObE,A Survival Game Where a Nuclear Explosion Left Me Stranded in the Brutal Arctic...,"Welcome to POLYARIS demo gameplay! Survive the Arctic in this first-person single-player game. Move by skis and boat, stay warm, dry, and hydrated, loot what's left behind, fight enemies, and escape the lonely north by any means.

Follow Me Here:
➜ http://instagram.com/thefoosterchannel 
➜ Twitter/X: https://twitter.com/thafooster

Need a Server?
10% Off G-Portal Servers ➜ https://www.g-portal.com/?ref=Fooster
If you use this link it supports me directly so thank you!

ABOUT POLYARIS:
You're an engineer and polar explorer who finds yourself in the wrong place at the wrong time: somewhere in the far north, on the border between Norway and Russia.
A nuclear explosion occurs. By sheer luck, your location in the Arctic zone spares you from the direct blast. But the aftermath is haunting—you've lost all contact with the outside world, and inexplicably, there's no one else around.
Now it's just you, your skis, the melting glaciers, a boat, and a mystery you must unravel.

Game Link:  https://store.steampowered.com/app/2979810/POLYARIS/

0:00 - Intro
0:48 - Gameplay
1:11:00 - Ending",UC7TIkH-0TzhP1EmSD9QN3xw,Fooster,"['polyaris', 'polyaris game', 'polyaris demo', 'polyaris demo gameplay', 'polyaris survival game', 'polyaris gameplay', 'polyaris full demo gameplay', 'games like the long dark', 'survival games like the long dark', 'single player survival games 2026', 'new survival games', 'new surival games 2026', 'fooster', 'fooster survival', 'fooster survival games', 'new indie games 2026', 'upcoming survival games 2026', 'fooster polyaris', 'survival games', 'polyaris trailer', 'thefoosterchannel']",PT1H12M36S,hd,false,2026-08-02,19:00:08,August,Sunday,20,122715,6631,0,490,2026,8,2,31,3,19,0,8,2026-08-02 19:00:08+00:00,2026-08-02 19:00:08+00:00,True,4356.0,Long,82,14,1092,164,21,Evening,7121,0.054035773947765146,0.00399299189178177,0.05802876583954692,1,0,Medium,Beginning,1,True,True,Evening,Gaming,hd
ns9dPcaLKck,SPECTATING #1 CAP WITH NEW TEAMUP,"LIKE and SUBSCRIBE with NOTIFICATIONS ON if you enjoyed the video! 👍

👉Don't forget to choose me as your support-a-creator! Use Code - ""timthetatman"" in the Fortnite Store! #EpicPartner 

💪BECOME A MEMBER OF THE STREAM - https://youtube.com/timthetatman/join
💰 DONATE: https://streamelements.com/timthetatman/tip
👉JOIN THE DISCORD: https://discord.gg/timthetatman
🔴 You can catch me live on Twitch! https://twitch.tv/timthetatman
🎥 MoreTimTheTatman: https://www.youtube.com/moretimthetatman
🎥 TimTheTatman Two: https://youtube.com/TimTheTatmanTwo
🎥 TimTheTatman VODs: https://www.youtube.com/timthetatmanvods
🎥 TimTheTatman Shorts: https://youtube.com/TimTheTatmanShorts
▶️ GET CONNECTED:
🖥️ Website | https://timthetatman.com/
🐦Twitter | https://twitter.com/timthetatman
📷 Instagram | https://www.instagram.com/timthetatman/
📱TikTok  | https://tiktok.com/@timthetatman


THANKS FOR WATCHING!! 💖

#timthetatman #marvelrivals #marvelrivalsgameplay",UCXBE_QQSZueB8082ml5fslg,TimTheTatman,"['timthetatman', 'tatmanarmy', 'tim', 'the', 'tat', 'man', 'timthetatman ninja', 'nickmercs', 'funny moments', 'gameplay', 'compilation', 'funny', 'fat', 'streamer', 'spectating solos', 'warzone hacker', 'warzone cheater', 'cheater', 'hacker', 'solos', 'warzone solo', 'warzone solos', 'tim solos', 'tim the tatman', 'timthetatman spectates', 'timthetatman highlights', 'timthetatman moments', 'warzone spectating', 'best of', 'best of timthetatman', 'best of tim', 'timthetatman funny', 'timthetatman solo', 'marvel rivals', 'spectating', 'cap', 'winter soldier']",PT39M2S,hd,false,2026-08-02,14:00:25,August,Sunday,20,65679,1631,0,80,2026,8,2,31,3,14,0,25,2026-08-02 14:00:25+00:00,2026-08-02 14:00:25+00:00,True,2342.0,Long,33,6,946,92,37,Afternoon,1711,0.02483289940468034,0.0012180453417378462,0.026050944746418184,1,0,Low,Beginning,1,True,True,Afternoon,Gaming,hd
bXxYzpYoBVg,DAN AND PHIL VS PHANS KART CLASH EXTREME,dan's dressed like a sock and phil is wearing his racing jacket so let's talk nonsense about stuff and crash out figuratively and videogameaologically - COME JOIN OUR AFTERPARTY ON PHAM-TIER PATREON http://patreon.com/danandphil,UCuhwvTYFvVZjyBVXc9T7CrA,Dan and Phil,"['dan and phil', 'dan and phil games', 'danisnotonfire', 'amazingphil', 'phil lester', 'dan howell', 'gaming channel', 'games', 'daniel howell', 'play', 'podcast', 'hard launch', 'british', 'guys', 'funny', 'react', 'phan', 'pod', 'new', 'series', 'clip']",PT52M15S,hd,false,2026-08-02,20:09:11,August,Sunday,20,103309,9795,0,272,2026,8,2,31,3,20,9,11,2026-08-02 20:09:11+00:00,2026-08-02 20:09:11+00:00,True,3135.0,Long,40,8,228,33,21,Evening,10067,0.09481264943034973,0.0026328780648346224,0.09744552749518436,1,0,Medium,Beginning,1,True,True,Evening,Gaming,hd
r589jFFXr0s,Choose Your Starter By ONLY Seeing Bad Pokemon Drawings!,"Thank you Helix Sleep for sponsoring! Visit https://helixsleep.com/unitedgamer to take advantage of their Fourth of July Sale Extended Exclusive Partner Offer and get 27% Off Sitewide!

Choose Your Starter Pokemon, But You ONLY See Poor Drawings!

The amazing artist for today's video: https://x.com/joeowlart

Featuring: @shadypenguinn 

Watch ALL of my videos on Spotify: https://open.spotify.com/show/5T5nJs0x1RJjVXb4qDgQrB?si=c2a79c44a22844c0

Other Channel & Other Socials:
► Youtube: https://youtube.com/UnitedPlaysYT
► Instagram - http://instagram.com/UnitedHayze​
► Twitter - https://twitter.com/UnitedHayze
► Discord: https://discord.gg/UnitedGamer",UCOxdVScJgZHg7FlMv_CVsGA,UnitedGamer,[],PT1H36M17S,hd,false,2026-08-02,15:09:42,August,Sunday,20,90043,5040,0,386,2026,8,2,31,3,15,9,42,2026-08-02 15:09:42+00:00,2026-08-02 15:09:42+00:00,True,5777.0,Long,56,9,657,72,0,Afternoon,5426,0.0559732572215497,0.004286840731650434,0.060260097953200135,1,0,Medium,Beginning,1,True,True,Afternoon,Gaming,hd
8CaxUZ0i_04,EWC WARZONE WATCH PARTY. DAY 4 CHAMP SUNDAY!,"LIKE and SUBSCRIBE with NOTIFICATIONS ON if you enjoyed the video! 👍

🎥 Main Channel: @Scumpii 
🎥 Second Channel: @MoreScump     

Follow me on my Socials:
📺 Twitch | http://www.twitch.tv/Scump
🐥 Twitter | http://www.twitter.com/Scump
📷 Instagram | https://www.instagram.com/scumpabner/
📱 TikTok | https://www.tiktok.com/@scump

CoD Creator Code: SCUMP

Follow OpTic:
👉 https://twitter.com/OpTic
👉 https://twitter.com/OpTicTexas
📺 https://opticgaming.com/nation

My new pearlescent SCUF collection has arrived. Available now: https://scuf.co/Scump

🔥SPONSORS:
Oakley | https://www.oakley.com/en-us/lp/e-sports | Code SCUMP
Razer | https://bit.ly/3mxvK3j
Monster | http://monsterenergy.com/gaming
PrizePicks | https://www.prizepicks.com/
USAA | https://opticgaming.com/wallace-warriors

🎥 Edited by Tru | https://twitter.com/TruEdits

#scump",UCCWSG8MXoqvIEBPRnOSxwzw,Scump,"['scump', 'scumpii', 'scumpie', 'scumpy', 'CDL', 'Modern Warfare', 'Warzone', 'Call of Duty', 'CoD', 'Call of Duty Warzone', 'OpTic', 'Black Ops', 'Nuke', 'Funny', 'Fail', 'Comedy', 'Twitch', 'Streaming', 'Warzone Clips', 'Twitch Clips', 'Professional', 'Pro', 'Pro Player', 'eSports', 'Professional Player', 'Pro CoD Player', 'Pro Call Of Duty Player', 'Pro Warzone', 'OpTic Gaming', 'CoD Warzone', 'Warzone funny', 'CoD Clips', 'React', 'Reaction']",PT5H11M34S,hd,false,2026-08-02,18:27:35,August,Sunday,20,142179,1582,0,33,2026,8,2,31,3,18,27,35,2026-08-02 18:27:35+00:00,2026-08-02 18:27:35+00:00,True,18694.0,Long,44,8,840,89,34,Afternoon,1615,0.011126819009839709,0.0002321017871837613,0.01135892079702347,1,0,Medium,Beginning,1,True,True,Evening,Gaming,hd
if7zGZQ9VVo,25 BEST Superhero Games of ALL Time,"Superhero games may feel like a dime a dozen, but there’s a select  few that are truly special.
Subscribe for more: https://www.youtube.com/gameranxTV?sub_confirmation=1     

0:00 Intro
0:25 Injustice 2
2:29 LEGO Batman: Legacy of the Dark Knight
4:10 The inFAMOUS Series
6:14 Deadpool (2013)
7:48 The Darkness
9:05 X-Men Origins: Wolverine
10:45 Dispatch
12:32 Batman: Arkham Shadow
13:49 Marvel: Ultimate Alliance
15:07 Spider-Man: Web of Shadows
16:31 The Punisher
17:58 Spider-Man: Shattered Dimensions
19:48 Prototype 1 & 2
22:07 South Park: The Fractured But Whole
23:25 Freedom Force
25:26 Marvel Cosmic Invasion
27:23 Shadow Man Remastered
28:53 Batman: The Enemy Within
30:59 Midnight Suns
33:00 Batman: The Video Game (NES)
34:09 Guardians of the Galaxy
35:31 The Incredible Hulk: Ultimate Destruction
37:16 Marvel vs. Capcom 2 / 3
38:27 Marvel's Spider-Man
40:01 Batman: Arkham Asylum / City / Knight",UCNvzD7Z-g64bPXxGzaQaa4g,gameranx,"['superhero games', 'best superhero games', 'best batman games', 'best superman games', 'best spiderman games', 'best hulk games', 'best marvel games', 'gameranx', 'falcon']",PT41M45S,hd,false,2026-08-02,19:30:50,August,Sunday,20,103419,4168,0,536,2026,8,2,31,3,19,30,50,2026-08-02 19:30:50+00:00,2026-08-02 19:30:50+00:00,True,2505.0,Long,35,7,912,137,9,Evening,4704,0.04030207215308599,0.005182800065751941,0.04548487221883793,1,0,Medium,Beginning,1,True,True,Evening,Gaming,hd
0yfN8yLBZXg,Finding 100+ SPRITES in 2 HOURS! (SPIDER-MAN),"The CUBE SPRITE EVENT is HERE!
❤️ Subscribe so you don't miss future videos!

Use code TYPICALGAMER in the item shop 💙 (Epic Partner)

🎮 I build Fortnite games with my studio JOGO
⭐ Follow us in Fortnite for new maps and updates first 👇
https://www.fortnite.com/@TypicalGamer
https://www.fortnite.com/@JOGO

💬 Join the Discord: https://discord.gg/TypicalGamer
🐦 Twitter: https://twitter.com/TypicalGamer
📸 Instagram: https://instagram.com/typicalgamer  
🧢 Shop Merch: https://typical.store

Music by Epidemic Sound: https://www.epidemicsound.com",UCqVCSWnuOSPm26orvNDTuWQ,TG Plays,[],PT40M36S,hd,false,2026-08-02,01:28:59,August,Sunday,20,372722,5584,0,487,2026,8,2,31,3,1,28,59,2026-08-02 01:28:59+00:00,2026-08-02 01:28:59+00:00,True,2436.0,Long,45,7,545,67,0,Night,6071,0.014981675350529348,0.0013066038495178711,0.01628827920004722,1,0,Very High,Beginning,1,True,True,Late Night,Gaming,hd
hArDW2llTgo,I committed unbelievable amounts of fraud,"Its Your Painting, Sir
• Join if you dare:
https://www.youtube.com/channel/UCzEy7pi3B7TIS9cn_sdKK9A/join
• Facebook - https://www.facebook.com/graystillplays
• Instagram - https://www.instagram.com/graystillplaysofficial
• TikTok - https://www.tiktok.com/@graystillplaystiktok
• Twitter - https://twitter.com/graystillplays
----------------------------------------------------------------
About:
Your Painting, Sir is a puzzle game about forging paintings using newspaper cutouts. Fool your legally blind boss or lose your job!
• Steam: https://store.steampowered.com/app/4117830/Your_Painting_Sir/",UCzEy7pi3B7TIS9cn_sdKK9A,GrayStillPlays,"['graystillplays', 'gray still plays', 'game', 'your painting sir graystillplays', 'your painting sir steam', 'your painting sir game', 'your painting sir games', 'indie games', 'your painting sir', 'painting game', 'painting game steam']",PT24M57S,hd,false,2026-08-02,20:00:13,August,Sunday,20,73222,3493,0,178,2026,8,2,31,3,20,0,13,2026-08-02 20:00:13+00:00,2026-08-02 20:00:13+00:00,True,1497.0,Long,41,6,598,53,11,Evening,3671,0.047704241894512577,0.002430963371664254,0.05013520526617683,1,0,Low,Beginning,1,True,True,Evening,Gaming,hd
n0xMt2Bo6lo,THE LCK IS HEATING UP - KT VS HLE - LCK SUMMER 2026,"Follow Marc:
►https://www.twitch.tv/Caedrel
►https://twitter.com/Caedrel
►https://www.instagram.com/caedrel/
►https://www.tiktok.com/@caedrel
►https://www.youtube.com/@more_caedrel

Inquiries: Business@Caedrel.com

Edited By:
►https://twitter.com/HeyGuysItsMoo
►►https://www.youtube.com/@Adammura

Thumbnail made by:
►https://x.com/kdxdawi

#Caedrel",UCOFiUtKui6-x4T-J7_DgCag,Caedrel,"['caedrel', 'league of legends', 'lec', 'streamer', 'mid', 'jungle', 'rumours', 'offseason', 'roster', 'lol', 'lolesports', 'lol moments', 'lol clips', 'lol streamers', 'lol shorts', 'league shorts', 'twitch clips', 'vod review', 'pro play', 'caedrel stream', 'caedrel highlights', 'caedrel clips', 'caedrel twitch', 'caedrel reacts', 'lcs', 'lck', 'lpl', 'gaming', 'british', 'pedro', 'funny moments', 'accent', 'caster', 'lol caster', 'analyst', 'pro player', 'worlds', 'msi', 'eulcs', 'videogames', 'variety streamer', 'riot games', 'twitch', 'cancelled it', 'fnatic', 'fnc', 'g2', 't1', 'damwon', 'geng', 'ig']",PT58M15S,hd,false,2026-08-02,15:03:30,August,Sunday,20,153416,2949,0,247,2026,8,2,31,3,15,3,30,2026-08-02 15:03:30+00:00,2026-08-02 15:03:30+00:00,True,3495.0,Long,51,13,349,18,51,Afternoon,3196,0.01922224539813318,0.0016100015643739896,0.02083224696250717,1,0,High,Beginning,1,True,True,Afternoon,Gaming,hd
jMvUDBjh_fk,"YOU Choose One To Marry, Kiss Or Kill!","👊 Hey there! My name is Zoomy!

📩 media@protagames.com

⚡ LIKE if you love Steal a Brainrot!
💬 COMMENT your favorite BRAINROT! 🔥
📌 SUBSCRIBE for more insane videos! 🏴‍☠️

#StealaBrainrot #RobloxShorts #StealaBrainrotShorts #StealaBrainrotUpdate #Roblox",UCJnH5Ph5O1EZhKiKiNgH9IA,Zoomy,"['Steal a Brainrot', 'StealABrainrot', 'Steal a Brainrot Shorts', 'Steal a Brainrot Roblox', 'Steal a Brainrot funny moments', 'Steal a Brainrot clips', 'Steal a Brainrot meme', 'Steal a Brainrot animation', 'Steal a Brainrot gameplay', 'Steal a Brainrot story', 'Steal a Brainrot edit', 'Steal a Brainrot compilation', 'Steal a Brainrot scenes', 'Steal a Brainrot reaction', 'Roblox Steal a Brainrot', 'Roblox Shorts', 'Roblox funny', 'Roblox meme', 'Roblox edit', 'Roblox animation', 'Roblox gameplay', 'Roblox short film']",PT22M2S,hd,false,2026-08-02,11:00:31,August,Sunday,20,499413,9480,0,281,2026,8,2,31,3,11,0,31,2026-08-02 11:00:31+00:00,2026-08-02 11:00:31+00:00,True,1322.0,Long,38,8,252,35,22,Morning,9761,0.01898228520282812,0.0005626605635015509,0.01954494576632967,1,0,Very High,Beginning,1,True,True,Morning,Gaming,hd
AUHrA7dv-nw,A Perfectly Normal Stream,"Support me on Patreon, or make a one-time donation with Streamlabs:
PATREON.COM/HOTDIGGEDYDEMON
https://streamlabs.com/hotdiggedydemon/tip
NOTE: Streamlabs donations don't activate TTS, only superchats do that.

SUPERCHAT TTS GUIDE! Use these tips to avoid having Plankton (Text-To-Speech) skip your superchat:  

1: There is a threshold for how much a superchat needs to be for it to be read aloud by TTS. Usually its 5 American dollars, but on streams where I want to be interrupted less it may be set higher. 

2: TTS goes by American currency, so be mindful of exchange rates. If you donate 5 Canadian dollars, Youtube will list it in the chat as CA $5.00, but this is only $3.74 in USD and will be skipped.

3: When donating from an IOS device, a penny will be rounded off, turning a 5 dollar superchat into a $4.99 superchat. Apparently this is Apple taking their cut? $4.99 superchats are SOMETIMES read by TTS, but sometimes are not. I wouldn't risk it, so you can either superchat a higher amount or just send superchats from a PC. 

4: Be patient! It can take up to 6 minutes for Plankton to read a superchat. It also sometimes reads them out of order. 

5: If you send a horny/lascivious/vulgar superchat and it annoys me enough, I may tell the mods to mute or ban you. You've been warned! 

6: If after following these rules your superchat is STILL skipped, let a mod know and they'll screenshot it and send it to me, and I'll read it aloud myself at the end of the show.",UCmvXfmJEtURCEtHNbMXfDqg,hotdiggedydemon,[],PT2H8M11S,hd,false,2026-08-02,02:57:22,August,Sunday,20,289792,11481,0,4006,2026,8,2,31,3,2,57,22,2026-08-02 02:57:22+00:00,2026-08-02 02:57:22+00:00,True,7691.0,Long,25,4,1483,261,0,Night,15487,0.039618070892226145,0.013823708038869257,0.053441778931095404,1,0,High,Beginning,1,True,True,Late Night,Gaming,hd
WQGf3HQjY_0,ROGUE TRANSMISSION! - DayZ,"Today we head into the frosty wasteland of Livonia to find the source of a mysterious Transmission from the Dark Forest. Surrounded by infected hoards, cannibal factions and countless other dangers, can we make it to the last Survivor City -  the walled safe-haven of Topolin?

• Server: FRANKIEonPC Organic RP Livonia (162.19.126.49:2302)
• Server Discord: https://discord.gg/K7HXGbf2UN
• Use DZSALauncher to find the server: https://dayzsalauncher.com/ - https://join.dayzsalauncher.com/162.19.126.49:230

Thanks to all the kind people in the Community who helped with parts of this!

The footage in this is heavily edited for entertainment, it isn't meant to represent day-to-day gameplay in DayZ.",UCxbivvwPkudpfWrLQHGHQyw,FRANKIEonPC,"['FRANKIEonPC', 'FrankieOnPC', 'DayZ', 'DayZ Gameplay', 'DayZ Survival', 'DayZ Story', 'DayZ Cinematic', 'DayZ Movie', 'DayZ PvP', 'DayZ Adventure', 'DayZ Roleplay', 'Zombie Survival', 'Survival Game', 'Open World Survival', 'PC Gaming', 'Livonia', 'Chernarus']",PT42M41S,hd,false,2026-08-02,19:22:55,August,Sunday,20,118334,10358,0,1205,2026,8,2,31,3,19,22,55,2026-08-02 19:22:55+00:00,2026-08-02 19:22:55+00:00,True,2561.0,Long,26,4,700,100,17,Evening,11563,0.08753190122872548,0.010183041222302973,0.09771494245102845,1,0,Medium,Beginning,1,True,True,Evening,Gaming,hd
dujh071axXM,Gaijin Wants To Kill This Tank,"War Thunder battle rating changes are always goofy to some degree, but this time around Gaijin decided to dedicate an entire section to talking about the American T20 medium tank, and how they're going to nerf it for overperforming. It's basically a slightly better Sherman at a much higher BR, so is it really that broken?

Check the channel ""About"" section for the link to the creator of my profile picture.

Songs used (in order from first to last):
Various Halo Soundtracks

Patreon: https://www.patreon.com/spookston

#warthundertanks #warthunder​​​​​​​​​​​​​​​​​​​​​​​​ #warthundergameplay
Gaijin Wants To Kill This Tank",UCZjp01JbF-hCWlaDWi1zKbA,Spookston,"['war thunder', 'war thunder spookston', 'spookston', 'spookton', 'war thunder update', 'war thunder t20', 'war thunder br changes', 'spookston t20', 'spookston aphe', 'spookston american tanks', 'Gaijin Wants To Kill This Tank']",PT19M10S,hd,false,2026-08-02,16:30:22,August,Sunday,20,178670,11554,0,1413,2026,8,2,31,3,16,30,22,2026-08-02 16:30:22+00:00,2026-08-02 16:30:22+00:00,True,1150.0,Long,30,6,626,93,11,Afternoon,12967,0.06466670397940337,0.00790843454413164,0.072575138523535,1,0,High,Beginning,1,True,True,Afternoon,Gaming,hd
5QVLNqRFGN4,Escaping In Roblox Pets Vs Police!,"🎬 Watch the teaser for our NEW animated series, JOHNNY IRL:
https://www.youtube.com/watch?v=pLkJ2Pu9Fik

👀 Limited plush drop coming soon… get early access:
https://spinnyhat.store

🔥 Join my Roblox group:
https://www.roblox.com/share/g/15997897

💛 Hang out in the Johnny Discord:
https://discord.gg/wChcP6Nbc2

#Roblox #RobloxFunny #JohnnyAndMarty",UCHudxWzwLDAr06TWFmrP7hQ,Johnny and Marty,"['roblox', 'roblox funny', 'roblox gameplay', 'roblox roleplay', 'roblox story', 'roblox prank', 'roblox challenge', 'roblox skit', 'roblox brookhaven', 'brookhaven roblox', 'roblox adopt me', 'roblox rp', 'funny roblox moments', 'family friendly roblox', 'no cursing roblox', 'roblox friends', 'roblox trolling', 'roblox funny moments', 'roblox story mode', 'roblox adventures', 'johnnyandmarty', 'johnny and marty roblox', 'heres johnny', 'spinny hat studios', 'Steal a brainrot', 'brainrot', 'PETS vs. POLICE in Roblox']",PT13M14S,hd,false,2026-08-02,21:04:59,August,Sunday,20,60520,1087,0,121,2026,8,2,31,3,21,4,59,2026-08-02 21:04:59+00:00,2026-08-02 21:04:59+00:00,True,794.0,Long,34,6,348,39,27,Evening,1208,0.01796100462656973,0.0019993390614672837,0.01996034368803701,1,0,Low,Beginning,1,True,True,Evening,Gaming,hd
FrL13EvDSIM,They killed the greatest franchise of all time..,"Asmongold reacts to https://youtube.com/watch?v=kkHVTAkaMdk
► Asmongold's Twitch: https://www.twitch.tv/zackrawrr
► Asmongold's X: https://x.com/asmongold
► Asmongold's Kick: https://kick.com/asmongold
► Asmongold's Sub-Reddit: https://www.reddit.com/r/Asmongold
► Asmongold's Twitch VOD Rerun Channel: https://twitch.tv/asmongold247
► Asmongold's Kick VOD Rerun Channel: https://kick.com/asmongold247

Channel Editors: CatDany & Daily Dose of Asmongold
If you own the copyright of content showed in this video and would like it to be removed:
https://x.com/CatDanyRU
https://x.com/DAsmongold",UCQeRaTukNYft1_6AZPACnog,Asmongold TV  ,"['asmongold', 'asmongold reacts', 'asmongold wow', 'asmongold highlights', 'asmongold youtube', 'world of warcraft', 'asmongold funny', 'asmongold tv', 'asmongold channel', 'zackrawrr']",PT24M57S,hd,false,2026-08-01,12:00:38,August,Saturday,20,1187180,58190,0,9238,2026,8,1,31,3,12,0,38,2026-08-01 12:00:38+00:00,2026-08-01 12:00:38+00:00,True,1497.0,Long,48,8,592,62,10,Morning,67428,0.0490153136002965,0.007781465321181287,0.05679677892147779,1,0,Very High,Beginning,1,True,True,Afternoon,Gaming,hd
FyHnkhBiiMo,I Opened a RESTAURANT in Animal Hospital Anomaly!,"Today in Roblox Tyler & Snowi run an ANOMALY RESTAURANT! 🍝👻 Can we SAVE the ANIMALS at this restaurant with FOOD!? This ROBLOX ANIMAL ANOMALY GAME has so many FUNNY MOMENTS! 👉Don't forget to SUBSCRIBE & leave a like 👍 if you enjoyed!

Join our Roblox Group here! https://www.roblox.com/groups/15659093/Tyler-and-Snowi

#funnymoments #cartoon #roblox  
[1033]",UCzzF1kdBgwv5RB6rbB6kVSA,Tyler & Snowi,"['roblox', 'funny moments', 'funny', 'moments', 'roblox funny moments', 'tyler', 'snowi', 'tyler and snowi', 'tyler & snowi', 'roblox funny videos', 'roblox funny games', 'escape', 'roblox escape', 'roblox escape evil', 'roblox funny story', 'roblox funny stories', 'roblox story funny', 'simulator', 'roblox animal restaurant anomaly', 'roblox animal anomaly restaurant', 'roblox animal anomaly hospital restaurant', 'animal anomaly', 'animal anomalies', 'animal anomaly restaurant', 'animal anomaly restaurant roblox', 'restaurant', 'animal']",PT17M21S,hd,false,2026-08-01,23:14:15,August,Saturday,20,607356,20959,0,894,2026,8,1,31,3,23,14,15,2026-08-01 23:14:15+00:00,2026-08-01 23:14:15+00:00,True,1041.0,Long,49,8,358,53,27,Evening,21853,0.03450859133687656,0.0014719538458498804,0.03598054518272644,1,0,Very High,Beginning,1,True,True,Night,Gaming,hd
HbUfB9eimFM,ROBLOX ANIMAL HOSPITAL ESCAPE... (IMPOSSIBLE),"💖STYLEVERSE 2.0 COMING SOON *even better hehe*

🔔SUBSCRIBE and LEAVE A LIKE for MORE ROBLOX CONTENT🔔 
❤️ IRL YOUTUBE CHANNEL: https://www.youtube.com/@Lanaraee_ 
🩵 ME AND RUSSOS CHANNEL: https://www.youtube.com/@sidequestgamess
💚Become a MEMBER for CHANNEL PERKS: https://www.youtube.com/lanaslifeee/join

✨FOLLOW me on ROBLOX✨
🎀 Roblox Username: Lanaraee
🎀 Roblox Group: https://www.roblox.com/groups/7175867/Lanas-Luvs

💛ADD ME ON SNAPCHAT: https://www.snapchat.com/add/lanaa_raee
🎵TIKTOK: https://www.tiktok.com/@lanaslifeee
📸INSTAGRAM: https://www.instagram.com/lanaraee
🐦TWITTER: https://twitter.com/lanaraee_
💬DISCORD: https://discord.gg/DJf6AA9PRV
👾TWITCH: https://www.twitch.tv/Lanaraee

#roblox #lanaslifeee #lanarae",UCvICJHzZEwb_9ckAMohAqzw,Lana's Life,[],PT9M5S,hd,false,2026-08-02,15:05:06,August,Sunday,20,165656,5806,0,1130,2026,8,2,31,3,15,5,6,2026-08-02 15:05:06+00:00,2026-08-02 15:05:06+00:00,True,545.0,Medium,45,5,725,64,0,Afternoon,6936,0.035048534312068384,0.006821364755879654,0.04186989906794804,1,0,High,Beginning,1,True,True,Afternoon,Gaming,hd
oVr4drIgq-M,BEST OF SPRING 2026,"Subscribe for more Oney Plays ► http://bit.ly/oneyshole
Follow Oney Plays on Twitter: http://twitter.com/oneyplays
Our Merch Store ► http://oneyplays.store
Follow Oney Plays on Facebook: https://www.facebook.com/oneyplays
Follow Oney on Instagram: https://www.instagram.com/oneysc
Subscribe to Oney Cartoons! ► http://bit.ly/1i9kZFO
Check out my Music Channel! ♫ http://bit.ly/1i8zi3z
Follow me on Facebook: http://facebook.com/oneysvideohole",UCO1ITICo8MLHGAXR1uzFwjA,OneyPlays,"['Oneyplays', 'oney', 'letsplay', 'videogames', 'pcgames']",PT3H58M21S,hd,false,2026-08-02,19:00:09,August,Sunday,20,41701,1486,0,400,2026,8,2,31,3,19,0,9,2026-08-02 19:00:09+00:00,2026-08-02 19:00:09+00:00,True,14301.0,Long,19,4,449,47,5,Evening,1886,0.035634637059063334,0.00959209611280305,0.04522673317186638,1,0,Low,Beginning,1,True,True,Evening,Gaming,hd
MWZsncqf8fQ,"The Ultimate ""Lost"" Run","the most broken chaos dupe in history of isaac
10% off GAMER supplements: https://gamersupps.gg/LazyMattman
Watch me live: https://www.twitch.tv/lazymattman
Follow me: https://twitter.com/LazyMattman
Join the discord: https://discord.gg/AqWzt8f7cD
My Mods: https://steamcommunity.com/sharedfiles/filedetails/?id=2820444619
VARIETY: https://www.youtube.com/channel/UC1L0-c54wd7pjpGuQTSZ5FQ
VOD CHANNEL: https://www.youtube.com/channel/UCAbtYWw5ZFsOW3ZmmKwazGg
CLIPS: https://www.youtube.com/channel/UCoPvEFV0tPs94z9laTuxkxg

Music: The Binding of Isaac: Antibirth music++ Mod and Q4 Item Persona Specialist Mod, Binding of Isaac: Repentance OST

Mods: Specialist Dance for Good Items, [Rep] Enhanced Boss Bars, [AB+] [Rep] External Item Descriptions, Regret Pedestals, Hanging Dream Catcher, Destination Indicator, Boss Rush Wave Indicator [Rep | AB+], Accurate Stage Bosses, Ugh for Bad Items: High Effort, Planetarium Chance, Garry's Mod Death Animation, Unintrusive Pause Menu, Dogma Brimstone Lasers,  Trash Isaac's Will, Better Explosions, Blue Baby's Wardrobe+, Custom Mr Dollys, Damage Multiplier Stat, Minecraft Glass Holy Mantle Effect, Lemegaton Wisp Effect, Skill Issue Death Screen, TimeMachine [Repentance], Tainted Lost Auto Holy Card, Improved Charge bars, Unique C Section Fetuses!
Epiphany Mod, Fiend Folio, Extra Tarnished Characters and GOLDEN Items
Outro: Binding of Isaac OST Vanilla Main Menu Theme Edouard Nolin, edouardgraphics@gmail.com


#repentance #lucky #breaking",UCGkEZAV34aWfgKqawCVgjbA,Lazy Mattman,[],PT25M34S,hd,false,2026-08-03,04:43:45,August,Monday,20,50539,3881,0,461,2026,8,3,32,3,4,43,45,2026-08-03 04:43:45+00:00,2026-08-03 04:43:45+00:00,False,1534.0,Long,23,4,1491,169,0,Night,4342,0.07679218029640476,0.009121668414491779,0.08591384871089654,1,0,Low,Beginning,1,True,False,Late Night,Gaming,hd
qtx8iBQnYFE,"A Pokemon Quiz, but everything is MISSPELLED","I built a new Pokémon quiz with the help of my discord where every pokemon is misspelled! Can my friends @FlygonHG, @Blooby, and @SuspiciousJamesGames use their Pokemon detective skills to figure out what silhouette they're actually looking at? Let's find out! 

Join as a channel member for cool perks, like deleted scenes from our videos! https://www.youtube.com/channel/UCNQ3WMvrKDeKq0iDVY7QYwQ/join

Check out MORE DeliciousJames:
Gameplay Channel: https://youtube.com/@SuspiciousJamesGames
Twitch: https://www.twitch.tv/deliciousjames
Discord: discord.gg/3hcShuw
MERCH: https://deliciousjames-shop.fourthwall.com

Social Media:
Instagram: https://www.instagram.com/deliciousjamesgames
Tiktok: https://www.tiktok.com/@deliciousjames
Twitter: https://x.com/DeliciousJames_
Bluesky: https://bsky.app/profile/deliciousjames.bsky.social

Thumbnail by: Oerpro
Carrd: oerpro.carrd.co

#pokemon #pokemoncommunity",UCNQ3WMvrKDeKq0iDVY7QYwQ,DeliciousJames,"['pokemon', 'pokemon quiz', 'pokemon gameshow', 'pokemon game show', 'pokemon spelling bee']",PT33M57S,hd,false,2026-08-02,16:30:24,August,Sunday,20,88225,5488,0,384,2026,8,2,31,3,16,30,24,2026-08-02 16:30:24+00:00,2026-08-02 16:30:24+00:00,True,2037.0,Long,44,7,909,86,5,Afternoon,5872,0.06220459053556248,0.0043525077925758,0.06655709832813829,1,0,Medium,Beginning,1,True,True,Afternoon,Gaming,hd
noV78cLkyJo,Halo Campaign Evolved BLOCKS Refunds + New Report Confirms PS5 Launch DISASTER,"Halo...it's really over isn't it? 

Email: EndymionYT@hotmail.com
Twitter: @EndymionYT
Instagram: endymionn
Patreon: https://www.patreon.com/endymiontv

Gameplay from: @GameRiot",UC92iwH5d9u0CeJtCx17YT9Q,ENDYMIONtv,[],PT22M28S,hd,false,2026-08-02,15:36:52,August,Sunday,20,159657,7540,0,2601,2026,8,2,31,3,15,36,52,2026-08-02 15:36:52+00:00,2026-08-02 15:36:52+00:00,True,1348.0,Long,78,12,177,16,0,Afternoon,10141,0.047226241254689744,0.016291174204701327,0.06351741545939107,1,0,High,Beginning,1,True,True,Afternoon,Gaming,hd
cPb8i3veWfA,LCS Summer Split | SEN vs TLAW,"The 2026 LCS Summer Split features a best-of-three round-robin regular season, ensuring more games, deeper rivalries, and a clear competitive arc from Week 1 to Finals. At the end of the regular season, the top six teams advance to a double-elimination playoff bracket that mirrors the Spring Split Structure. Every series matters, and every adjustment counts. The stakes are high, as the top two teams qualify for the 2026 League of Legends World Championship, hosted here in North America, to represent the LCS against the world’s best.



In 2026, the LCS Fantasy app becomes a comprehensive hub for fans. Schedules, standings, content, and fantasy integration all live in one place, making it easier than ever to follow the league and compete with your friends. We’re building this as a true home for LCS fans everywhere, whether you’re tuning in every weekend or tracking every stat between matches. Let us know what you think!



Catch the LCS every Saturday and Sunday (and some Fridays!):

Games begin at 1PM PT / 3PM CT / 4PM ET



League of Legends Championship Series teams include Cloud9 Kia, FlyQuest, Team Liquid Alienware, Dignitas, Shopify Rebellion, LYON, Sentinels, and Disguised.



You can always learn more and view the full match schedule at https://lolesports.com/en-US/leagues/...



Follow us:

https://x.com/LCSOfficial

https://www.instagram.com/lcsofficial

https://www.tiktok.com/@lcsofficial",UCSF_aFGIIIoWY30GVV19TKA,LCS,"['lolesports', 'League of Legends', 'LoL', 'LCS', 'League Championship Series', 'Esports', 'MOBA', 'Riot Games', 'Team Liquid', 'TL', 'FlyQuest', 'FLY', 'Cloud9', 'C9', 'Dignitas', 'DIG', 'Shopify Rebellion', 'SR', 'Disguised', 'Disguised Toast', 'Lyon Gaming', 'LYON', 'Sentinels', 'SEN', 'North America LoL', 'esports pros', 'Demacia', 'Worlds', 'MSI']",PT4H57M11S,hd,false,2026-08-02,23:44:39,August,Sunday,20,133655,1006,0,4,2026,8,2,31,3,23,44,39,2026-08-02 23:44:39+00:00,2026-08-02 23:44:39+00:00,True,17831.0,Long,30,7,1421,212,29,Evening,1010,0.007526841494893569,2.992779918446747e-05,0.007556769294078037,1,0,Medium,Beginning,1,True,True,Night,Gaming,hd
P1I9Di7XsLQ,Our Family Survived The TOTAL BLACKOUT..(Brookhaven),"Our Family Survived The TOTAL BLACKOUT..

🩵CONNECT WITH ME🩵
♡ DISCORD: https://discord.gg/8BKXX985B7
♡ TWITTER: https://twitter.com/_Thisisbrook_

💎ROBLOX INFO💎
♡ ROBLOX PROFILE: https://www.roblox.com/users/4391860484/profile
♡ ROBLOX GROUP: https://www.roblox.com/groups/33789321/Brookies-Besties#!/about

💎BECOME A CHANNEL MEMBER💎
♡ https://www.youtube.com/channel/UC4lFxxkm5q5_EiEWJVJxImg/join

| #brookhaven | #brookhavenrp | #roblox |",UC4lFxxkm5q5_EiEWJVJxImg,Brook,"['Brook', 'Brookhaven RP', 'Brookhaven', 'Roblox Brookhaven', 'Roblox', 'Brook and Riley', 'Riley', 'BrookBlox', 'Bash', 'Our Family Survived The BLACKOUT..(Brookhaven)']",PT19M3S,hd,false,2026-08-02,13:15:34,August,Sunday,20,110662,2271,0,776,2026,8,2,31,3,13,15,34,2026-08-02 13:15:34+00:00,2026-08-02 13:15:34+00:00,True,1143.0,Long,52,6,440,38,10,Afternoon,3047,0.020521949720771357,0.007012343894019627,0.027534293614790987,1,0,Medium,Beginning,1,True,True,Afternoon,Gaming,hd
VMYMI9dcWXM,GTA 5 Online Kortz Center Heist on Hard Difficulty,,UCcWl6q7rcJ9WoF_Kwmxg23A,Lui Calibre,[],PT4H1M36S,hd,false,2026-08-03,07:57:41,August,Monday,20,23198,477,0,2,2026,8,3,32,3,7,57,41,2026-08-03 07:57:41+00:00,2026-08-03 07:57:41+00:00,False,14496.0,Long,50,9,0,0,0,Morning,479,0.020562117423915855,8.621432882145013e-05,0.020648331752737305,1,0,Low,Beginning,1,True,False,Morning,Gaming,hd
nNJ1uyYhmPo,I Secretly Duped in a Minecraft Hunters vs Speedrunner,"In this #minecraft   Hunters vs Speedrunner video, I can dupe EVERYTHING! Can the full Diamond Hunters stop me before I mine the trophy, or will my duplication powers be too strong?",UCHdMK5Ef2El8KbD3L_WgANg,Slogo,"['minecraft', 'manhunt', 'hunters vs speedrunner', 'op', 'dupe', 'minecraft dupe', 'slogoman', 'slogo', 'finoggin', 'stubaroo', 'rishypov', 'victoar']",PT1H24M21S,hd,false,2026-08-02,16:15:10,August,Sunday,20,113092,6491,0,775,2026,8,2,31,3,16,15,10,2026-08-02 16:15:10+00:00,2026-08-02 16:15:10+00:00,True,5061.0,Long,54,9,181,31,12,Afternoon,7266,0.05739574859406501,0.006852827786227142,0.06424857638029215,1,0,Medium,Beginning,1,True,True,Afternoon,Gaming,hd
t23B5V1GpiI,LIFE OF PEEWEE 👿 STREAMER WORLD RP 👿 GRAND OPENING 👿 #1 ENTERTAINING GTA STREAMER 👿 ICONIC RP 👿,"Become a OTM Member:  https://www.youtube.com/channel/UCNnuqOmEXMEAn7ZlqiIg1fA/join

Donate: cashapp $SylviaTT

Let's Hit 300K Together!

Daily LiveStreams
http://www.twitch.tv/YoThatsEJ

Follow my Instagram http://www.instagram.com/_YoThatsEJ

Follow Me On Twitter 
 http://www.twitter.com/__YoThatsEJ


#gta #yothatsej #live  

BEST JUMPSHOT,BEST DRIBBLE MOVES,THE BEST JUMPSHOT ON NBA 2K23, BEST DRIBBLE MOVE ON NBA 2K23,REP UP FAST NBA 2K23,MASCOT NBA2K23,MASCOT,NBA 2K23,NBA2K23,2K23, POINT GUARD NBA 2K23,BASKETBALL NBA 2K23,NBA 2K22 NBA 2K22,SHOT CREATOR NBA 2k23, GLASS CLEANER 2K23,PURE STRETCH 2K23,LOCKDOWN 2K23,PLAYSHARP 2K23,POST SCORER NBA 2K23,HALLOFFAME,HALLOFFAME 2K23,BADGES 2K23,BEST ARCHETYPE NBA 2K24,NBA 2K 99 OVERALL,NBA 2K24 BADGES,NBA 2K23 SHOT METER, BEST STRETCH BIG NBA2K24,NBA 2K24 CLANS,TNB CLAN,DF CLAN,BEST CLAN, TNB vs DF 
During NBA 2K21 I made videos on: 
Comp Stage,- BEST JUMPSHOT 2K26
- BEST JUMPSHOT NBA 2K26 V1
- JUMPSHOT NBA 2K26
- CUSTOM JUMPSHOT NBA 2K26
- BEST JUMPSHOT FOR SHOT CREATORS, STRETCH BIGS, SLASHERS, &amp;amp;amp; PLAYMAKERS.
- NEW VC GLITCH
- RED BALL BLUE BALL
- BEST BUILDS IN NBA 2K26
- BEST SIGNATURE STYLES NBA 2K26
- BEST DRIBBLE MOVES NBA 2K26
- BEST ANIMATIONS NBA 2K26
- DRIBBLE TUTORIAL NBA 2K26
- GLITCHY DRIBBLE MOVES NBA 2K26
- 99 OVERALL ONE DAY NBA 2K26
- BEST 99 OVERALL METHOD NBA 2K26

- BEST SHOOTING BADGES NBA 2K26
- BEST GUARD BADGES NBA 2K26

- HIT 99 OVERALL FAST NBA 2K26
- REACH 99 OVERALL FAST 2K26
- HOW TO HIT 99 FAST IN 2K26
- NBA 2K23TOP REP
- NBA 2K23 REP REWARDS
- NBA 2K23 DF CLAN
- NBA 2K23 DF
- NBA 2K23 DEDICATED FOREVER
- HOW TO WEAR CHRISTMAS CLOTHES IN NBA 2K24
- BEST BADGES NBA 2K26

- BEST OUTFITS NBA 2K26
- SHOOTING TIPS NBA 2K26
- HOW TO SHOOT BETTER NBA 2K26
- BEST JUMPSHOT 2K26

- DRIPPY OUTFITS NBA 2K26
- PLAYMAKING BADGES NBA 2K26
- SHOOTING BADGES NBA 2K26
- DEFENSE BADGES NBA 2K26
- REBOUNDING BADGES NBA 2K26
- FINISHING BADGES NBA
NBA 2K23 shoot everyone Instant legend 5 mascot glitch joedaddy505 icyhot2kfinest nba 2K23 news
best dribble moves nba 2k26
how to momentum crossover nba 2k26
how to momentum spam in nba 2k26
nba 2k24 ultimate dribble tutorial 
fastest dribble moves nba 2k26
steezo dribble moves
best jumpshot nba 2k26
momentum spin tutorial
momentum behind the back tutorialVc glitch after patch 5 vc glitch PRETTYBOYFREDO PRETTYBOYFREDO SAVAGE SQUAD HOOPERS SSh WONDERSHARE FILMORA, WONDERSHARE FILMORA TUTORIAL, WONDERSHARE FILMORA PIP, WONDERSHARE FILMORA HOW TO DO PIP, WONDERSHARE FILMORA HOW TO DO AN OVERLAY, WONDERSHARE FILMORA HOW TO DO OVERLAY, WONDERSHARE FILMORA OVERLAY, WONDERSHARE FILMORA VIDEO OVER VIDEO, WONDERSHARE FILMORA OVERLAY TUTORIAL, WONDERSHARE FILMORA HOW TO APPLY A OVERLAY, nba2K26 unlimited vc glitch, dr 2k slasher build speedboosting sharpshooter smallest player ever nba2K26 best jumpshot,nba2K23 best dribble moves, nba2K26 best dunks, redcityboy23, nba 2K26 montage, nba2K23 montage, nba 2K23 park, nba2K26 funny, nba 2K26 funny moments, nba2K23 funny moments,rtg, nba2K23 stage jackpot
NBA 2K26 shoot everyone Instant legend 5 mascot glitch

In NBA 2K26 I plan on making videos on: 

Nba 2K23, nba 2K24 gameplay, nba2K24 gameplay, nba2K24 dunks, nba2K23 park, nba 2K23, nba2K23 animations, nba2K23 mypark, 2K23, nba 2K23 first look, nba 2K23 best jumpshots, nba 2K23 best dunks, nba 2K23 best signature styles, nba2K23 best jumpshots, nba2K23 best dunks, nba2K23 animations, nba 2K23 jumpshots, nba2K26 all parks, nba2K26 rep, nba2K23 leaked gameplay, nba2K23 myteam, nba 2K26 myteam, nba2K26 myplayer, nba2K26 mycareer, nba 2K23 game, nba2K23 best jumpshot nba2K23 best jumpshot nba 2K26 best jumpshot nba2K23 best jumpshots, nba 2K23 best jumpshots nba 2K23 best jumpshot nba 2K23 best jumpshot nba 2K23 best myplayer build nba 2K23 best point guard build nba 2K23 best center build nba 2K23 best shooting guard build nba 2K23 best small forward build nba 2K23 best power forward build nba 2K26 best outside player build nba2K23 best balanced player build nba 2K26 mycareer nba 2K23 best inside player build Nba2K22, nba 2K23, nba2K23 best jumpshots, nba 2K23 best jumpshot, nba2K23 myplayer build, nba2K23 mycareer, nba2K26 mypark, nba2K23 best dunks, nba2K23 best signature styles,#Nba2k23,

Favorite 2K YTers:

Power DF, Grinding DF, Dat Boi, Duke Dennis, COLETHEMAN TW, Agent 00, ImDavisss, Badgeplug, Stumpy, Prettyboyfredo, IRunYew, HankDaTank, Troydan, Bandit, SoLLUMINATI",UCNnuqOmEXMEAn7ZlqiIg1fA,YoThatsEJ,"['NBA 2K22', '2K22', ""the power of a 5'7 slasher 2k22"", '1v1 stage 2k22', 'shortest myplayer 2k22', '5 foot 7 slasher 2k22', '5 foot 7 dunk 2k22', ""5'7 slasher 2k22"", ""5'7 contact dunk 2k22"", ""i made a 5'7 slasher nba 2k22"", ""I made a 5'7 SLASHER and BROKE NBA 2K22"", ""5'7 slasher contact dunk 2k22"", 'best jumpshot nba 2k22', 'best build nba 2k22', 'nba 2k22 current gen', 'tiny slasher 2k22', 'contact dunk 2k22', '2K', 'YoThatsEJ', '2k23', 'ishowspeed', 'Adin Ross', 'Kai Cenat', 'Jynxzi', 'Plaqueboymax', 'NBA']",PT6H27M23S,hd,false,2026-08-03,09:12:00,August,Monday,20,16178,391,0,3,2026,8,3,32,3,9,12,0,2026-08-03 09:12:00+00:00,2026-08-03 09:12:00+00:00,False,23243.0,Long,95,19,4449,679,26,Morning,394,0.02416862405736185,0.00018543701322784028,0.02435406107058969,1,0,Low,Beginning,1,True,False,Morning,Gaming,hd
1agJ-hd5R7E,THE WALTEN FILES 5 IS SO SAD ,"THE WALTEN FILES 5

Sub to Martin and support his series! https://www.youtube.com/channel/UCNzZD3otfZVlIdvYYRRqNSw

Become a Dawkbro!
http://www.twitter.com/dawkosgames
http://www.twitch.tv/dawkosgames
https://instagram.com/lewis_dawkins/
USE CODE DAWKO AT GFUEL CHECKOUT FOR A DISCOUNT! https://gfuel.ly/31AcTEM
Discord: https://discordapp.com/invite/dawko
MERCH: https://dawko.teemill.com/
NINDAWKO - https://www.youtube.com/channel/UC8WOu0JSYcwmCHCYyiHx5mA

#fnaf #waltenfiles",UCDfYcuNw-ff952Xn0VDWwDw,Dawko,"['the walten files', 'walton files', 'fnaf vhs', 'reaction', 'the walten files reaction', 'dawko', 'fnaf', ""five nights at freddy's"", 'the walten files explained', 'THE WALTEN FILES 5']",PT1H22M35S,hd,false,2026-08-02,16:06:01,August,Sunday,20,79825,6007,0,501,2026,8,2,31,3,16,6,1,2026-08-02 16:06:01+00:00,2026-08-02 16:06:01+00:00,True,4955.0,Long,29,7,486,37,10,Afternoon,6508,0.07525211399937363,0.006276229251487629,0.08152834325086127,1,0,Medium,Beginning,1,True,True,Afternoon,Gaming,hd
_bfAKIgjVAs,Rainbow Six Siege Has Ruined My Life *JYNXZI REACTS*,"Rainbow Six Siege Has Ruined My Life *JYNXZI REACTS*
IM LIVE EVERY DAY - https://www.twitch.tv/jynxzi
Oringal creator @Cinnabrit 
🔴Follow My Socials:
Main Channel: https://www.youtube.com/@Jynxzi
Twitter : https://twitter.com/Jynxzi
Instagram: https://www.instagram.com/Jynxzi
#jynxzi #rainbowsixsiege #jynxziclips",UCyNzZ1wgkOWkzYE0zbs7zhA,Jynxzi Live,"['jynxzilive', 'jynxzi clips', 'jynxzi', 'rainbowsixsiege', 'jynxzi rage', 'jynxzi funny', 'jynxzi funny moments', 'jynxzi reacts', 'rainbow six siege', 'rainbow 6', 'jynxzi rainbow six siege', 'jynxzi moments', 'jynxzi rage moments', 'jynxzi 1v1', 'jynxzi toxic', 'jynxzi cheater', 'jynxzi pack opening', 'jynxzi hacker', 'Silver players make jynxzi break his controller', 'rainbow six siege jynxzi', 'rainbow six siege cheaters', 'jynxzi best clips of the day', 'Rainbow Six Siege Has Ruined My Life *JYNXZI REACTS*']",PT39M59S,hd,false,2026-08-01,15:45:17,August,Saturday,20,446508,12043,0,780,2026,8,1,31,3,15,45,17,2026-08-01 15:45:17+00:00,2026-08-01 15:45:17+00:00,True,2399.0,Long,52,9,314,32,23,Afternoon,12823,0.026971521226943303,0.001746889193474697,0.028718410420418,1,0,Very High,Beginning,1,True,True,Afternoon,Gaming,hd
IO96SAjTSSA,Building the LONGEST DRILL in Roblox!,"game in video → https://www.roblox.com/games/101906032112547/Drill-to-Earth-s-Core

Friends in video
@Nadweyt 
@BlazaBlox 
@officialallieblox 
SUBSCRIBE 
----------------------------------------------------------------
play our NEW games

Benny Backrooms 
https://www.roblox.com/games/133037945374941/Bennys-Backrooms
Socks Minigames 
https://www.roblox.com/games/12191579104/Socks-Minigames
Join our group!
https://www.roblox.com/communities/14469199/Socks-Games
Roblox UGC Store! 
https://www.roblox.com/communities/14469199/Socks-Games#!/store

----------------------------------------------------------------
follow me or I will eat your toes

Instagram → https://bit.ly/2MRg4WP
Twitter → https://bit.ly/2MrebAu
Reddit → https://bit.ly/3apoz3C
Discord  → https://discord.gg/socks 
Snapchat → https://bit.ly/48iD46w

----------------------------------------------------------------

Business business? or problem with copyright? 
socks@night.co

Work with me!
https://socksfor1.com

Roblox collabs? Make a game or play one? https://twitter.com/Ever_Soull

drill to earth’s core, drill to earth’s core gui, drill to the earth’s core, drill to earth's core cores, script for drill to earth’s core, drill to earths core, drill to earth's core, drill to earth's core driller, drill to the earth’s core roblox, drill to earth’s core script mobile, drill to earth's core daily quest, jj and mikey drill to the earth’s core, drill to earths core guide, drill to earth's core driller class, drill to earths core roblox, drill to earth's core guide, roblox drill to earths core",UCXzNUzXm8LVwh7IfBmhIb6A,SocksBlox,"['drill to earth’s core', 'drill to earth’s core gui', 'drill to the earth’s core', ""drill to earth's core cores"", 'script for drill to earth’s core', 'drill to earths core', ""drill to earth's core"", ""drill to earth's core driller"", 'drill to the earth’s core roblox', ""drill to earth's core daily quest"", 'jj and mikey drill to the earth’s core', 'drill to earths core guide', ""drill to earth's core driller class"", 'drill to earths core roblox', ""drill to earth's core guide"", 'roblox drill to earths core']",PT28M54S,hd,false,2026-08-03,00:13:40,August,Monday,20,74093,2499,0,535,2026,8,3,32,3,0,13,40,2026-08-03 00:13:40+00:00,2026-08-03 00:13:40+00:00,False,1734.0,Long,37,6,1571,166,16,Night,3034,0.0337278825260146,0.007220655122616172,0.040948537648630774,1,0,Low,Beginning,1,True,False,Late Night,Gaming,hd
2bDwaCEsq5U,I tricked toxic players into 1v1ing against a pro... (Battlefront 2) part #3,"I tricked more toxic players into 1v1ing against a pro in Star Wars Battlefront 2

SUBSCRIBE ➡️ https://rb.gy/f2cosv 

#Battlefront2",UCN9xb6JEIntehYBrsupN4gw,Aysoka,"['Star Wars Battlefront 2', 'Star Wars Battlefront II', 'SWBF2', 'Battlefront 2 gameplay', 'Star Wars Battlefront 2 2026', 'Battlefront 2 tips', 'Star Wars Battlefront 2 multiplayer', 'Battlefront 2 best class', 'Star Wars Battlefront 2 heroes', 'Battlefront 2 guide', 'Battlefront 2 tricks', 'Star Wars Battlefront 2 walkthrough', 'Star Wars Battlefront 2 weapons', 'Battlefront 2 star cards', 'Star Wars Battlefront 2 galactic assault', 'Battlefront 2 best hero', 'battlefront 2']",PT17M36S,hd,false,2026-08-02,17:00:30,August,Sunday,20,101202,11073,0,971,2026,8,2,31,3,17,0,30,2026-08-02 17:00:30+00:00,2026-08-02 17:00:30+00:00,True,1056.0,Long,76,13,132,19,17,Afternoon,12044,0.10941483369893876,0.009594672042054504,0.11900950574099325,1,0,Medium,Beginning,1,True,True,Afternoon,Gaming,hd
7LWm7gz8-EM,I Set Traffic Speed To 9999 In GTA 5 RP,"Today I am back with the super speed 9999 traffic NPC's. But this time I am able to control them and set their target. This was so much fun because I can turn all the traffic on one person. Then make them crazy speed! Will this power help me escape cops or will it sabotage me while I run away. 

Second Channel | @elanipmore⁩  
Merch | https://elanip.world/

----------------------------------------------------------------
Check these out!
Join my RP server! https://discord.gg/redlinerp
Instagram | https://www.instagram.com/elanipp/
Twitter | https://twitter.com/ItsElanip
----------------------------------------------------------------",UCntCTaM2Jz1sLN3iRwabpMA,Elanip,"['gta 5 rp', 'in gta 5 rp', 'gta 5 roleplay', 'gta 5 online', 'fivem', 'gat5', 'elanip', 'elanip trolls cops', '9999 traffic speed npcs', 'cops hate the 9999 traffic speed npc', 'super fast nps', 'controlling 9999 traffic speed npcs', 'I Control 9999 traffic speed']",PT50M9S,hd,false,2026-08-02,17:00:14,August,Sunday,20,87941,3967,0,123,2026,8,2,31,3,17,0,14,2026-08-02 17:00:14+00:00,2026-08-02 17:00:14+00:00,True,3009.0,Long,39,10,641,83,13,Afternoon,4090,0.045109789517972274,0.0013986650140435065,0.04650845453201578,1,0,Medium,Beginning,1,True,True,Afternoon,Gaming,hd
AWBVKihDiEE,revealing myself...,"revealing what i look like...
🌺 LILY MERCH & PLUSHIE ★ https://www.llxllie.com/
⭐ USE CODE ""LILY"" FOR 20% DISCOUNT AT: https://bloxcart.com/store/murder-mystery-2/r/lily 

┈┈┈꒰ა ♡ ໒꒱┈┈┈

🏘️ BROOKHAVEN CHANNEL ★ https://www.youtube.com/@llxlliebrookhaven
🐬 ROBLOX PROFILE ★ https://www.roblox.com/users/1045866964/profile
🩷 ROBLOX GROUP ★ https://www.roblox.com/communities/35448394/lilys-ugcs#!/about
🎀 OUTFIT GAME ★ https://www.roblox.com/games/17639873235/Chillys-Matching-Outfits
👚 ROBLOX GROUP ★ https://www.roblox.com/communities/10452894/my-lillies#!/about

┈┈┈꒰ა ♡ ໒꒱┈┈┈

🎮 DISCORD SERVER ★ https://discord.gg/llxllie
⏱️ TIKTOK ★ https://www.tiktok.com/@llxllie
📱 INSTAGRAM ★ https://www.instagram.com/onlyllxllie

#roblox #llxllie #funny #robloxgames #mm2 #murdermystery2",UCg3l7vLT_h79mUeQeaf99Qw,llxllie,"['mm2', 'murder mystery 2', 'chillz', 'chillz mm2', 'roblox', 'roblox gameplay', 'mm2 gameplay', 'roblox mm2', 'mm2 montage', 'mm2 roblox', 'chillz girlfriend', 'auiciq mm2', 'mm2 with my crush', 'llxllie', 'playing roblox with my girlfriend', 'chillzsubzero', 'chillz brookhaven', 'mm2 boyfriend', 'llxllie mm2', 'mm2 llxllie', 'lily mm2', 'auiciq', 'lily roblox', 'mm2 lily', 'mm2 chillz', 'vanilbean', 'kreativekyle', 'lily irl', 'llxllie irl', 'funny roblox', 'roblox funny', 'talia mm2', 'spork mm2', 'molly mm2', 'moki mm2', 'mm2 auiciq']",PT9M57S,hd,false,2026-08-02,14:36:09,August,Sunday,20,122408,6706,0,1381,2026,8,2,31,3,14,36,9,2026-08-02 14:36:09+00:00,2026-08-02 14:36:09+00:00,True,597.0,Medium,19,2,779,71,36,Afternoon,8087,0.05478400104568329,0.011281942356708713,0.066065943402392,1,0,Medium,Beginning,1,True,True,Afternoon,Gaming,hd
PIoFdakMbeY,COPPER TO CHAMP IS BACK,"GET MY CHARM HERE: https://www.twitch.tv/subs/Skittlz
Link Your Twitch and Ubi to recieve it: http://drops-register.ubi.com

TWITCH: https://www.twitch.tv/skittlz
MERCH: https://skittlz.com
Twitter: https://twitter.com/Skitttlz
Instagram: https://www.instagram.com/skitttlzzz
Discord: https://discord.gg/AbbbxRn

IRL CHANNEL: https://www.youtube.com/@SkittlzIRL
2nd Channel: https://www.youtube.com/channel/UCclFG6g27Tkfbp-A74taBVA

Mouse Sensitivity:

400 dpi
9 vertical
9 horizontal
1.0x: 45
2.5x: 65
3.5x: 81
5.0x: 82
12.0x: 126

Aspect Ratio: 16:10

Mouse: Logitech G-Pro Wireless

#Rainbow6 #RainbowSixSiege #Skittlz",UCppDHJVQMHqeDvQ-8byOEEA,Skittlz,"['rainbow six siege', 'rainbow six siege gameplay', 'rainbow six siege new season', 'rainbow six siege new operator', 'rainbow six siege ranked', 'rainbow six siege placements', 'rainbow six siege tips', 'rainbow six siege pro league', 'rainbow six siege funny moments', 'rainbow six siege diamond', 'rainbow six siege champion', 'rainbow six siege new gadget', 'rainbow six siege memes', 'Skittlz', 'Ubisoft', 'Broke']",PT50M40S,hd,false,2026-08-02,18:30:19,August,Sunday,20,77354,2545,0,178,2026,8,2,31,3,18,30,19,2026-08-02 18:30:19+00:00,2026-08-02 18:30:19+00:00,True,3040.0,Long,23,5,621,58,16,Afternoon,2723,0.0329006903327559,0.0023011091863381337,0.03520179951909404,1,0,Medium,Beginning,1,True,True,Evening,Gaming,hd
ax7bK76zVv8,We Have Never Played Black Ops 4 Zombies,"We have never played Call of Duty Zombies (outside of Cold War Mythbusters). So let's play every single map and finish every quest major easter egg quest within. Shouldn't take us too long. 

It is finally here, Black Ops 4 begins! We are starting off with Voyage of Despair but we have 7 maps to get through in this game so get comfy, Black Ops 4 is going to be here for a while.

These videos take a ton of time and effort and are currently not very healthy for the channel so if you want to support the survival of this series, check out our Patreon. https://www.patreon.com/defendthehouse 

More Gauntlet and Rush streams coming soon! https://www.twitch.tv/defendthetwitch

Also somewhere in this video is a hidden code that goes at the end of this URL and will give the first 100 people a free month of our Patreon! https://www.patreon.com/defendthehouse/redeem/?????

Zombie Playlist: 
https://www.youtube.com/playlist?list=PLVSZoKmDBr8WmlE_iVELtEgdOBmvcltC4 

Music Used: 
Voyage of Despair OST
Roaming Around: https://www.epidemicsound.com/music/tracks/3ed755e0-985f-445c-a70a-49ac4d1467cc/
Monty Python Intermission: https://www.youtube.com/watch?v=AiUzDb3lF18
Saw Theme Song: https://www.youtube.com/watch?v=vhSHXGM7kgE
Rosalina's Story: https://www.youtube.com/watch?v=VGyVKdSczJk


Follow Us!
Subscribe: http://bit.ly/SubToDTH
DTH Twitter: http://bit.ly/DTHTwitter
DTH Facebook: https://www.facebook.com/Defendthehouse2/ 
Community Discord: http://bit.ly/DTHDiscord 
Twitch: https://www.twitch.tv/defendthetwitch
Thumbnail Assistance by: instagram.com/zach_janzen_art  

Watch More DefendTheHouse!
We Play Every Zombies Map: https://www.youtube.com/playlist?list=PLVSZoKmDBr8WmlE_iVELtEgdOBmvcltC4 
Latest Videos: https://youtube.com/playlist?list=PLVSZoKmDBr8WAetCaxIwl6dAOKs1OeAYu
Grand Theft Auto V Myths: https://youtube.com/playlist?list=PLVSZoKmDBr8UdW2MjaDo5uZ8ESO68Bdrk
Welcome to the official Defend the House Youtube channel, busting myths since 2008! On this channel you'll find a variety of gameplay episodes, where we put your favourite games to the test in our classic Mythbusters format. We are always open to myth suggestions! We cover games like Call of Duty, Halo, Battlefield, Grand Theft Auto and more! Make sure to subscribe and enable all notifications. 
#zombies #codzombies",UC7ezYtIOQSq7_Pk7d5OVJig,DefendTheHouse,"['defendthehouse', 'dth', 'secrets', 'easter eggs', 'defend the house', 'defend the house youtube', 'youtube defend the house', 'video games', 'game', 'gaming', 'call of duty', 'call', 'of duty', 'call of duty zombies', 'zombies call of duty', 'zombies', 'easter', 'eggs', 'ww2', 'easter egg guide', 'easter egg walkthrough', 'black ops', 'black ops 4', 'blops 4', 'voyage of despair', 'voyage', 'titanic', 'black ops 4 voyage of despair', 'blops 4 voyage of despair', 'black ops 4 voyage', 'blops 4 voyage', 'flying car', 'abandon ship', 'skeleton']",PT3H53M44S,hd,false,2026-08-01,16:03:27,August,Saturday,20,78692,1348,0,262,2026,8,1,31,3,16,3,27,2026-08-01 16:03:27+00:00,2026-08-01 16:03:27+00:00,True,14024.0,Long,40,8,2309,275,34,Afternoon,1610,0.017130076754943324,0.003329436283230824,0.020459513038174146,1,0,Medium,Beginning,1,True,True,Afternoon,Gaming,hd
T0GudXje-Mw,YOU Play Minecraft Date Marry MURDER!,"Today YOU Play Minecraft Date Marry MURDER with Omz, Roxy, Crystal, Lily, Kevin and Megan (Crazy Fan Girl) in Minecraft! #minecraft #minecraftmod #omz",UClCvmntMJCrerMDSc1WQGNg,Omz,"['Cash', 'Nico', 'Nico and Cash', 'Cash and Nico', 'Minecraft', 'Minecraft mod', 'Omz', 'Crystal', 'Roxy', 'Luke', 'Lily', 'Johnny', 'Aphmau', 'Omziscool', 'Kory', 'Maizen', 'maze build', 'noob vs pro', 'noobs vs pro vs hacker', 'noob vs pro vs hacker vs god', 'cash and nico', 'Omz and Roxy', 'Roxy and Omz', 'YOU Play Minecraft Date Marry MURDER!']",PT15M7S,hd,false,2026-08-03,02:58:12,August,Monday,20,50092,1313,0,201,2026,8,3,32,3,2,58,12,2026-08-03 02:58:12+00:00,2026-08-03 02:58:12+00:00,False,907.0,Long,37,6,150,23,24,Night,1514,0.026211770342569673,0.004012616785115388,0.03022438712768506,1,0,Low,Beginning,1,True,False,Late Night,Gaming,hd
XBmyzLcaDaI,OH MY GOD...,"SMii7Y x BLDBLZ IS BACK! A new drop unlike anything else on August 7th! JOIN THE WAITLIST NOW http://bldblz.com/smii7y

Funnel Runners is insane...

MERCH Available now! https://smii7y.store/

Use code S7 on Gamer Supps for 10% OFF your order
Get my GamerSupps flavor, GOOD here!: https://gamersupps.gg/s7

Check out my other channels!
Solo Let's Play Channel: https://www.youtube.com/@SMii7Yplays
Stream Highlight Channel:  https://www.youtube.com/c/SMii7Yplus
Stream VODs:  https://www.youtube.com/c/SMii7Yminus

Follow my social medias and stream!
🔴 Stream  -  http://www.twitch.tv/smii7y
👕 Merch - https://smii7y.store/
🐦 Twitter  -  https://twitter.com/SMii7Y
📷 Instagram  -  https://www.instagram.com/smii7y/
🎬 Clips Page - https://www.instagram.com/smii7y.clips/

Friends in the video:
@Yumi 
@daukey 
@imSovi 

🎵 Music by:
http://www.epidemicsound.com/
https://www.shutterstock.com/
http://www.premiumbeat.com/
http://audiojungle.net/
https://www.soundsnap.com/
https://www.pond5.com/
https://motionarray.com/
incompetech.com 
Licensed under Creative Commons: By Attribution 3.0
http://creativecommons.org/licenses/by/3.0/
https://99sounds.org/

Edited by: https://x.com/MrNoxn
Thumbnail Milkbag Character Artist: https://twitter.com/ArtzyYT
Intro Milkbag Character Artist: https://twitter.com/RoboEye5
Outro Music Created by:  https://www.youtube.com/@MattercellEntertainment",UCzXwjTI6c6mVn6oui_p6oiw,SMii7Y,"['smii7y', 'smii7yplus', 'smii7y+', 'smii7y plus', 'funnel runners', 'funnel runners game', 'co op funny moments', 'funnel runners multiplayer', 'storm chasing game', 'natural disaster game', 'funnel runners co op', 'tornado simulator', 'tornado destruction', 'multiplayer funny', 'tornado game', 'storm chaser', 'storm chasing', 'funnel runners gameplay', 'funnel runners funny']",PT34M18S,hd,false,2026-07-31,19:13:01,July,Friday,20,2624779,109983,0,4186,2026,7,31,31,3,19,13,1,2026-07-31 19:13:01+00:00,2026-07-31 19:13:01+00:00,False,2058.0,Long,12,3,1384,134,19,Evening,114169,0.04190181344791314,0.0015948009337167052,0.04349661438162984,1,0,Very High,End,1,True,False,Evening,Gaming,hd
U-TJ9kSkw0I,Roblox games are tuff💀,"Playing with @KingOfCupsYT 


#roblox #gaming",UCcp5LD_0FxJhTJvhZR9n_zQ,Mob +,[],PT3H28M30S,hd,false,2026-08-03,07:05:37,August,Monday,20,84370,5686,0,181,2026,8,3,32,3,7,5,37,2026-08-03 07:05:37+00:00,2026-08-03 07:05:37+00:00,False,12510.0,Long,22,4,45,5,0,Morning,5867,0.06739362332582671,0.00214531231480384,0.06953893564063056,1,0,Medium,Beginning,1,True,False,Morning,Gaming,hd
eircw1rqd94,What is TF2's WORST Possible Meta?,"Use code WEEZYFB50 to get 50% OFF your first Factor box plus free breakfast for 1 year at https://bit.ly/47k38jz!

I still make these things?

TF2 SERVERS: https://weezytf2.com/
Twitch: https://www.twitch.tv/weezytf2
Twitter: https://x.com/WeezyTF2
2nd Channel: https://www.youtube.com/@UCSc0UYdzdgHJsShY6erBpYw 
Discord: https://discord.gg/asKxCR7kMq

Chapters:
0:00 - Intro
2:37 - Scout
6:51 - Soldier
10:43 - Pyro
13:08 - Demo
17:56 - Heavy
22:13 - Engineer
26:23 - Medic
31:42 - Sniper
35:41 - Spy
40:59 - Final Thoughts",UCfAU9ieiLsemQtd7IHanmkA,WeezyTF2,"['weezytf2', 'tf2', 'mvm', 'mann vs machine', 'team fortress 2']",PT43M4S,hd,false,2026-08-03,01:09:34,August,Monday,22,38398,2968,0,408,2026,8,3,32,3,1,9,34,2026-08-03 01:09:34+00:00,2026-08-03 01:09:34+00:00,False,2584.0,Long,34,6,524,71,5,Night,3376,0.07729569248398355,0.010625553414240325,0.08792124589822387,1,0,Low,Beginning,1,False,False,Late Night,People & Blogs,hd
zR_IrCjuQos,Tienes Una Deuda de $100.000.000,"Like si este juego curó tu TDAH.. Oink!..Oink!

Streams: https://www.twitch.tv/Rubius
Mi Tienda: https://madkat.net
Discord: https://discord.gg/rubius",UCcjIvuxmWlS5IEQ0JdPV4Ng,Rubius Z,"['elrubius', 'rubius', 'Bills Must Be Paid', 'cerditos', 'paga deudas', 'nuevo', '2026', 'romper', 'hucha', 'alcancía', 'incremental', 'Martillo', 'Las facturas deben pagarse', 'cerdo', 'monedas', 'completo', 'billsmustbepaid completo', 'byrubius']",PT3H37M23S,hd,false,2026-08-02,16:08:10,August,Sunday,20,1516717,68462,0,2358,2026,8,2,31,3,16,8,10,2026-08-02 16:08:10+00:00,2026-08-02 16:08:10+00:00,True,13043.0,Long,32,5,150,15,18,Afternoon,70820,0.045138282224040475,0.0015546736800602882,0.04669295590410077,1,0,Very High,Beginning,1,True,True,Afternoon,Gaming,hd
XZt7hXrDH0c,Breaking the WORLD RECORD in +1 Keyboard Escape..,"Instagram: https://www.instagram.com/cashmarcoyt/
Merch: https://cashandnico.com

#Roblox #Cash #NicoandCash",UCY0R0Ck6qK2deVTKkfWJIEA,CashBlox,"['Cash', 'Nico', 'Nico and Cash', 'Cash and Nico', 'Minecraft', 'Minecraft mod', 'family friendly', 'kid friendly']",PT18M12S,hd,false,2026-08-01,21:25:24,August,Saturday,20,692419,6930,0,1082,2026,8,1,31,3,21,25,24,2026-08-01 21:25:24+00:00,2026-08-01 21:25:24+00:00,True,1092.0,Long,49,8,108,7,8,Evening,8012,0.010008390873156282,0.0015626376514798121,0.011571028524636094,1,0,Very High,Beginning,1,True,True,Evening,Gaming,hd
UU26KmM8EZw,Playing as a BABY HOTDOG in Minecraft!,"Playing as a BABY HOTDOG in Minecraft!

This video Dash turns into a living hot dog that can also transform into a hot dog dog! How will Baby Dash and Anne react? Watch the full video to find out!

#Dash #minecraft #minecraftmod",UCpHCfDBZ3AJyuofz6DHy-ew,Dash,"['dash', 'baby dash', 'anne', 'dash minecraft', 'dash roblox', 'minecraft challenge', 'minecraft mods', 'minecraft funny', 'roblox', 'Playing as a BABY HOTDOG in Minecraft!']",PT16M59S,hd,false,2026-08-02,14:00:42,August,Sunday,20,191384,2892,0,393,2026,8,2,31,3,14,0,42,2026-08-02 14:00:42+00:00,2026-08-02 14:00:42+00:00,True,1019.0,Long,38,7,228,42,10,Afternoon,3285,0.015110981064247795,0.0020534631944154162,0.01716444425866321,1,0,High,Beginning,1,True,True,Afternoon,Gaming,hd
6qOtRCcwpes,"Get On My Level 2026 Watch Party | A+ Tier | Feat. MKLeo, Sparg0, Tweek, & More! Main Stream on VGBC","Watch Party for Get On My Level 2026, a tournament in Ontario, Canada Feat. MKLeo, Sparg0, Tweek, Light, Riddles, Lima, Hurt, Kola & More

Bracket: https://www.start.gg/tournament/get-on-my-level-2026-canadian-fighting-game-championships/details
Stream(s): https://www.twitch.tv/vgbootcamp & https://www.twitch.tv/vgbootcamp3",UCTc6QUhdAc-yU99rpDxlWrw,LarryLurr,[],PT11H47M3S,hd,false,2026-08-03,04:22:03,August,Monday,20,84202,995,0,10,2026,8,3,32,3,4,22,3,2026-08-03 04:22:03+00:00,2026-08-03 04:22:03+00:00,False,42423.0,Long,100,21,325,30,0,Night,1005,0.011816821453172133,0.00011876202465499632,0.01193558347782713,1,0,Medium,Beginning,1,True,False,Late Night,Gaming,hd
bhQgnrpZTVE,I Played Garten Of Banban 7..😳,"Catch us live on twitch: https://twitch.tv/officialrichlev

Main Channel: https://www.youtube.com/@LEVCHANNEL
Second Channel: https://www.youtube.com/@levmusicchannel
LFG Discord ▶ https://discord.gg/tWUK6ANUUe
Twitter ▶ https://twitter.com/OFFICIALRICHLEV
Tiktok ▶ https://www.tiktok.com/@youtube_richlev?lang=en
Instagram ▶ https://www.instagram.com/officialrichlev/
LFG MERCH ▶ https://lev-clothing.creator-spring.com

Business Inquiries: richlev@fixated.com",UCC08GN1Gxb4nOAeUZM2GEQA,RICHLEV GAMING,"['richlev', 'richlev gaming', 'lev gaming', 'lev', 'officialrichlev']",PT1H37M1S,hd,false,2026-08-03,00:53:49,August,Monday,22,50691,2542,0,1192,2026,8,3,32,3,0,53,49,2026-08-03 00:53:49+00:00,2026-08-03 00:53:49+00:00,False,5821.0,Long,30,6,461,32,5,Night,3734,0.05014696888994102,0.023515022390562426,0.07366199128050344,1,0,Low,Beginning,1,False,False,Late Night,People & Blogs,hd
00SiGnXCjnE,we got in a fight..,"👚 VANILBEAN MERCH ♡ https://vanilbean.com
🔥 BECOME A MEMBER ♡ https://www.youtube.com/@VanilBean/join

───────── ౨ৎ ─────────
⭐ USE STAR CODE ""VANI""⭐
🩷 ROBLOX PROFILE ♡ https://www.roblox.com/users/103762395
🖤 ROBLOX GROUP ♡ https://www.roblox.com/groups/16414907
───────── ౨ৎ ─────────

📱 TIKTOK ♡ https://www.tiktok.com/@vanilbean
📸 INSTA ♡ https://www.instagram.com/vanilbeanz
💜 TWITCH ♡ https://www.twitch.tv/vanilbean

#roblox #live #vanilbean",UC7HXQHCI183Oivq-aqbURNg,vanilbean,[],PT1H53M40S,hd,false,2026-08-02,17:52:14,August,Sunday,20,267974,9760,0,384,2026,8,2,31,3,17,52,14,2026-08-02 17:52:14+00:00,2026-08-02 17:52:14+00:00,True,6820.0,Long,19,5,448,47,0,Afternoon,10144,0.036421443871420364,0.0014329748408427683,0.03785441871226313,1,0,High,Beginning,1,True,True,Afternoon,Gaming,hd
0NrtNVEuaUM,The Best Chess Game I Ever Played,"AUTOGRAPHED BOOKS: https://sites.prh.com/gothamchessbook

EUROPE TOUR 2026 TICKETS: https://www.apollomasters.de/events/

Want to SKYROCKET your chess elo? Try Chessly: https://www.chessly.com 

➡️ My book in the UK and Europe: https://bit.ly/3qFqSf7
➡️ Mein Buch auf Deutsch: https://bit.ly/45fKt3R
➡️ Mi libro en Español: https://bit.ly/3Y5xaRx
➡️ Mon livre en français: https://bit.ly/3W9rQvQ
➡️ Il mio libro in italiano: https://amzn.to/3yY1Qfc
➡️ Το βιβλίο μου στα ελληνικά: https://bit.ly/3SitmdS
➡️ My book in ALL OTHER LANGUAGES: https://bit.ly/3YiagZd

➡️ Start Playing Chess FOR FREE: http://bit.ly/3Xa3EsB

➡️ Enjoy my videos? Donate Here : https://www.paypal.me/gothamchess

Email me your games: gothamletters@gmail.com
Business and Speaking Inquiries: Info@apollomasters.de

⭐️ Follow Me If You Are Amazing:
➡️ FACEBOOK:  https://www.facebook.com/gothamchessofficial
➡️ SNAP: https://www.snapchat.com/add/levy.rozman

➡️ INSTAGRAM: https://www.instagram.com/gothamchess/
➡️ TWITCH:  https://www.twitch.tv/gothamchess
➡️ TIKTOK: https://www.tiktok.com/@levyrozman
➡️ TWITTER: https://twitter.com/gothamchess
➡️ GOTHAM DISCORD:   https://discord.gg/f2ETqcWKdt

➡️ THUMBNAILS by : https://www.instagram.com/agmek.thumbnails",UCQHX6ViZmPsWiYSFAyS0a3Q,GothamChess,"['gothamchess', 'gothamchess london', 'gothamchess caro kann', 'gothamchess openings', 'gothamchess vienna']",PT22M36S,hd,false,2026-08-02,21:54:04,August,Sunday,24,99226,5544,0,499,2026,8,2,31,3,21,54,4,2026-08-02 21:54:04+00:00,2026-08-02 21:54:04+00:00,True,1356.0,Long,33,7,1233,125,5,Evening,6043,0.05587245278455243,0.00502892387075968,0.06090137665531212,1,0,Medium,Beginning,1,False,True,Evening,Entertainment,hd
LEY23ubtmAo,Life as an IRON GOLEM in Minecraft!,"Download Cash App Today: https://cashapp.yt.link/4WHqrJl #CashAppPartner 

Cash App is a financial services platform, not a bank. Banking services provided by Cash App's bank partner(s). Savings and Promotions provided by Cash App, a Block Inc. brand.

Cash App will pass through a portion of the interest paid on your savings balance held in an account for the benefit of Cash App customers at Wells Fargo Bank, N.A., Member FDIC. To earn interest on your Cash App savings balance, you need to have sponsor approval. Exceptions may apply. Savings yield rate is subject to change. Visit https://cash.app/us/en/legal/podcast for full disclosures.

❇️Need new glasses? Check out our partner Zenni Optical: https://preston.gg/ZenniPlayz
For 10% off your purchase at checkout use code: PRESTON10

❇️ SUBSCRIBE - https://preston.gg/subscribeplayz
👕 FIRE MERCH - https://preston.gg/FireMerchPlayz

👀 FOLLOW ME HERE!
☛ TikTok -  https://preston.gg/TikTokPlayz
☛ Instagram -  https://preston.gg/InstagramPlayz
☛ Twitter -  https://preston.gg/XTwitterPlayz

🎮 OUR COMMUNITY DISCORD! 
☛ https://preston.gg/Discord

📬 Use this address to send me mail! It can be fan art, letters, etc.
PO BOX 191212
Dallas Texas 75219
------------------------------

If you believe your copyrighted work was unintentionally used in this video without permission, please contact us at copyright@tbnr.net",UCJZam2u1G0syq3kyqrCXrNw,PrestonPlayz,"['minecraft', 'preston', 'brianna', 'gaming', 'funny', 'ssundee', 'unspeakable', 'mrbeast', 'aphmau', 'canman', 'lankybox', 'cash minecraft', 'nico mc', 'stokestwins', 'gametoons', 'maizen', 'eyestreem']",PT24M56S,hd,false,2026-08-01,14:15:23,August,Saturday,20,624212,7242,0,441,2026,8,1,31,3,14,15,23,2026-08-01 14:15:23+00:00,2026-08-01 14:15:23+00:00,True,1496.0,Long,35,7,1374,190,17,Afternoon,7683,0.011601827584218183,0.000706490743529442,0.012308318327747625,1,0,Very High,Beginning,1,True,True,Afternoon,Gaming,hd
Kp1qMuSEZNI,Destroying Paradise! - Mythical Cobblemon Season 4 Part 2 (Minecraft Pokemon Mod),"My Twitch - https://www.twitch.tv/kyr_sp33dy
My Twitter - https://twitter.com/KYR_SP33DY
Become a member of the channel: https://www.youtube.com/channel/UCIDlKYC7I6_76jCUBdX-6VQ/join

Download the Mythical Launcher:  https://launcher.mythicalnetwork.com/download
Sign in with your Microsoft account, install the Cobblemon Pack, and hit Play to join the adventure! Your mods, skins, and settings stay safe through updates with easy setup, smooth performance, and direct access to the Mythical Discord.

Join the Mythical Network Discord:
https://discord.com/invite/mythicalnetwork

Check out FocusFuel: https://thefocusfuel.com/speedy
Use Code ""Speedy"" for 10% Off!
I am a co-founder of FocusFuel.

Edited by Appreciator.",UCIDlKYC7I6_76jCUBdX-6VQ,KYRSP33DY,[],PT8H49M,hd,false,2026-08-03,05:17:10,August,Monday,20,54612,1219,0,17,2026,8,3,32,3,5,17,10,2026-08-03 05:17:10+00:00,2026-08-03 05:17:10+00:00,False,31740.0,Long,81,12,720,83,0,Night,1236,0.022321101589394272,0.0003112868966527503,0.022632388486047022,1,0,Low,Beginning,1,True,False,Late Night,Gaming,hd
mYHvy7cQHGE,sab duels!,This stream is created with #PRISMLiveStudio,UCDDK6wZ-VkLBjGhRPMtH2yA,Drezi,[],PT1H11M58S,hd,false,2026-08-03,01:31:09,August,Monday,24,136239,1179,0,7,2026,8,3,32,3,1,31,9,2026-08-03 01:31:09+00:00,2026-08-03 01:31:09+00:00,False,4318.0,Long,10,2,44,6,0,Night,1186,0.008653909673441526,5.1380294922892856e-05,0.008705289968364418,1,0,Medium,Beginning,1,False,False,Late Night,Entertainment,hd
bJL7x7lnVHI,Resource Gathering And MINING ! Scrap Mechanic Drilling Thunder LIVE!,"Enter the creative paradise of Scrap Mechanic! Build fantastic machines, go on adventures with your friends and defend against waves of evil Farmbots in this imaginative multiplayer survival sandbox. With Scrap Mechanic’s powerful creation tools you can engineer your own adventures!

Scrap Mechanic On Steam: https://store.steampowered.com/app/387990/Scrap_Mechanic/

Drilling Thunder drops you and your friends into an epic, full-story engineering survival adventure! Venture into an open world and abandon mines to uncover deep secrets. Fight new bot enemies and build incredible machines that haven't been possible before, all wrapped in an impressive new graphical upgrade!",UCMPpVtxOI8RtfurfvCcxgyA,Z1 Gaming,"['Z1', 'z1 gaming', 'scrap mechanic', 'drilling thunder']",PT4H53M15S,hd,false,2026-08-03,06:29:52,August,Monday,20,28845,566,0,5,2026,8,3,32,3,6,29,52,2026-08-03 06:29:52+00:00,2026-08-03 06:29:52+00:00,False,17595.0,Long,69,10,678,93,4,Night,571,0.019622118218062055,0.0001733402669440111,0.01979545848500607,1,0,Low,Beginning,1,True,False,Morning,Gaming,hd
guJmHLl9fcU,The Most INSANE Marvel Rivals Ignite Grand Finals EVER!!,"WATCH ME LIVE ►   / https://www.twitch.tv/flats
► Flats Two:    / @flatstwo
► More Flats:    / @more_flats   
► Clips Channel:    / @flatsclips   
► Variety Channel:    / @Flatsttv

►Edited by and thumbnail done by: KLO

►Follow Me
►Discord: https://discord.gg/flats
►Twitch: https://www.twitch.tv/flats
►Twitter: https://twitter.com/Flats_Ow
►TikTok: https://www.tiktok.com/@flats_ow
►Facebook: https://www.facebook.com/FlatsTTV

#marvel #marvlrivals #Flats",UCulXXKKrC3LjQpxGNPNMFPA,Flats,"['Flats', 'Flats Overwatch', 'FlatsOW', 'Flats_OW', 'flats bronzes', 'overwatch', 'Overwatch streamer', 'flats', 'Overwatch', 'Marvel Rivals', 'Flats Marvel Rivals']",PT1H29M9S,hd,false,2026-08-02,16:21:48,August,Sunday,20,45798,1279,0,128,2026,8,2,31,3,16,21,48,2026-08-02 16:21:48+00:00,2026-08-02 16:21:48+00:00,True,5349.0,Long,56,9,458,48,11,Afternoon,1407,0.027926983711079087,0.0027948818725708545,0.030721865583649942,1,0,Low,Beginning,1,True,True,Afternoon,Gaming,hd
B6uEHvpZRtU,I Played 100% of Bills Must Be Paid,"Watch me Live!: https://www.twitch.tv/skoottie

About Bills Must Be Paid: https://store.steampowered.com/app/4421010/Bills_Must_Be_Paid/
You're broke, smash piggy banks, bills must be paid. A short active incremental game. Get money, upgrade, and get debt free! 

Edited by: Shuko
https://x.com/ShukoHere
Thumbnail by: Me
#Skoottie #Indiegames #Completionist",UCI_NMOUQwdBGLw-PlcdcWsw,Skoottie,"['skoottie', 'I played 100%', 'all steam achievements', 'all achievements', 'skoottie daily', 'I played 100 days', 'simulator', 'completionist', 'skootie', 'skoot']",PT1H31M52S,hd,false,2026-08-02,05:33:33,August,Sunday,20,140161,3203,0,107,2026,8,2,31,3,5,33,33,2026-08-02 05:33:33+00:00,2026-08-02 05:33:33+00:00,True,5512.0,Long,35,8,358,41,10,Night,3310,0.022852291293583807,0.000763407795321095,0.0236156990889049,1,0,Medium,Beginning,1,True,True,Late Night,Gaming,hd
Mpap565wwlY,OHMWRECKER LIVE! #91 - THE ANGEL HAS BEEN BANISHED! 🔪 #DBDPartner,"Thank you to everyone for ALL SUPPORT, and Memberships, SUPERCHATs and donations! :)
►ENJOY THE VID? LIKE, COMMENT & SUBSCRIBE! http://bit.ly/RWT4Di ◄
THANKS FOR USING CODE ""OHM"" IN THE DBD Auric Cells STORE!

APPRECIATE YOU ALL, THANK YOU FOR HANGING OUT WITH ME!

-----------------------------------------------------------
SOCIAL MEDIA LINKS
-----------------------------------------------------------

TWITCH ► http://bit.ly/ohmtwitch
TWITTER ► http://bit.ly/ohmtwitter
INSTAGRAM ► http://bit.ly/ohminsta
FACEBOOK ► http://fb.me/ohmwrecker",UCURh19hEVawK-H0Wl7KnR5Q,Ohmwrecker / Maskedgamer,"['dead by daylight', 'dbd', 'dead by daylight new', 'ohmwrecker']",PT5H11M36S,hd,false,2026-08-03,08:20:34,August,Monday,20,17940,469,0,2,2026,8,3,32,3,8,20,34,2026-08-03 08:20:34+00:00,2026-08-03 08:20:34+00:00,False,18696.0,Long,65,11,543,60,4,Morning,471,0.026142697881828318,0.00011148272017837236,0.02625418060200669,1,0,Low,Beginning,1,True,False,Morning,Gaming,hd
DlvwuU3Tres,Something is Waiting Behind The Door...,"Something is Waiting Behind The Door...
JOIN MY DISCORD: https://discord.gg/8ruCMPWV3u

This is Part 1 of new series! ""2 DOORS""! Man the door man is kinda a freaky GUY isn't he? 
I really don't like choosing between the red and blue door! It's so scary! 
#lookout3d #lookout2dd

CREDITS:
Xploshi - Bliss Boutique
Dream or real? on Youtube for the music in the liminal dimensions!
RebeccaETripp - Enchanted Forest Temple Ocarina of Time Orchestral Remix
elliottruman on TIKTOK for a lot of the model inspiration/designs!

Thanks for watching! Part 2 coming soon!",UC6nNFbnwI9bee0ep5oaHfkA,LookOut2DD,"['Best of Minecraft', 'The Best Minecraft Moments', 'The Funniest Minecraft Moments', 'The best Moments in Minecraft History', 'lookout3d', 'lookout2d', 'horror', 'thatmob', 'thatmob verity', 'verity mod', 'minecraft verity', 'minecraft horror', 'minecraft arg', 'twixxel', 'verity', 'hi im verity', 'tiktok verity', 'verity edit', 'verity real mod', 'verity horror', 'verity horror minecraft', 'minecraft horror verity', 'minecraft horror mod', 'horror mod verity', 'horror mod', 'lookout2dd', 'lookout3d horse', 'horse mod', 'long horse']",PT17M38S,hd,false,2026-08-02,00:00:06,August,Sunday,20,617141,27494,0,4833,2026,8,2,31,3,0,0,6,2026-08-02 00:00:06+00:00,2026-08-02 00:00:06+00:00,True,1058.0,Long,39,6,561,90,29,Night,32327,0.044550597027259574,0.007831273566332491,0.05238187059359206,1,0,Very High,Beginning,1,True,True,Late Night,Gaming,hd
IJ8rfkK-pBs,I Got the PERFECT Trboulet Run,"Hey folks! In today’s video we’re back with more Gold Stake Balatro. In this run, the build started as a typical Gold Stake setup until a Soul Card appeared on Ante 8 suddenly giving the run the potential to make a deep push in Endless. Later, a natural Negative DNA allowed me to take an extra Ectoplasm making for the perfect Triboulet run. Enjoy the video!

Balatro is a poker roguelike deck building game centered around creating powerful synergies and winning with big hands. In it, you can combine valid poker hands with unique Jokers in order to create varied synergies and builds. No real money is involved, but you can earn enough chips to beat blinds, including challenging boss blinds, to make it to the next ante and progress your run!

Joker popup visual mod by https://www.twitch.tv/edalo

Broadcasted live on Twitch -- Watch live at https://www.twitch.tv/roffle

Like and Subscribe for more videos!

Enjoy the gameplay!

#balatro #Gaming #Roffle",UCLnar-aS8iHa2ldj1w_pgJQ,Roffle Lite,"['frostprime', 'rougelike', 'rougelite', 'Baalorlord', 'balatro gameplay', 'balatro', 'northernlion', 'balatro joker tier list', 'balatro best jokers', 'balatro best build', 'balatro stakes', 'balatro high score', 'poker roguelike', 'how to play balatro', 'balatro best cards', 'best roguelike games', 'skootie', 'balatro university']",PT1H37M38S,hd,false,2026-08-03,01:00:02,August,Monday,20,36573,1489,0,170,2026,8,3,32,3,1,0,2,2026-08-03 01:00:02+00:00,2026-08-03 01:00:02+00:00,False,5858.0,Long,30,6,960,159,18,Night,1659,0.04071309435922675,0.004648237771033276,0.04536133213026003,1,0,Low,Beginning,1,True,False,Late Night,Gaming,hd
AYabLlcsMSU,FINDING EVERY LITTLE GUY...,"WATCH LIVE HERE AS WELL 🔴 https://www.twitch.tv/bundun
Become a Member 🫡 https://www.youtube.com/channel/UCtxbV-l2t708Y4tkGSn2IZg/join
Join the Discord 👉 https://discord.gg/ZrJmk3f3eW

#bundun #roblox #livestreaming",UCtxbV-l2t708Y4tkGSn2IZg,Bundun,[],PT8H6M12S,hd,false,2026-08-03,07:58:17,August,Monday,20,97018,1576,0,108,2026,8,3,32,3,7,58,17,2026-08-03 07:58:17+00:00,2026-08-03 07:58:17+00:00,False,29172.0,Long,27,4,215,20,0,Morning,1684,0.016244408254138407,0.0011131954894967944,0.0173576037436352,1,0,Medium,Beginning,1,True,False,Morning,Gaming,hd
dhMEScX-M-4,AP SION IS BACK! *MY FIRST LEAGUE CLASSIC GAME*,"Make sure to hit the like button and subscribe to my channel!

↓ More Info Below ↓ 

For business inquiries ➡ thebausffs@evolved.gg

•Twitch ➡ http://www.twitch.tv/thebausffs
•Twitter ➡ http://www.twitter.com/thebausffs
•Discord ➡ https://www.discord.gg/thebausffs

Edit by Saca
YTB Management/Thumbnail by Kipro ➡ https://twitter.com/kipro31

Pre-Intro song ➡ https://www.youtube.com/watch?v=SJEFr6Kh0xE
Intro song ""8 Bit Adventure"" By HeatleyBros ➡ https://www.youtube.com/watch?v=Wsw-86zjb8I

Outro song ➡ https://www.youtube.com/watch?v=RXLzvo6kvVQ
LAKEY INSPIRED ➡ https://www.youtube.com/channel/UCOmy8wuTpC95lefU5d1dt2Q

#Thebausffs #ShillingGang",UCu7ODDeIZ4x1rJwM1LCVL8w,Thebausffs,"['thebausffs', 'G2', 'the', 'baus', 'ffs', 'sion', 'otp', 'challenger', 'grandmaster', 'master', 'top1', 'euw', 'twitch', 'stream', 'oneshot', 'chall', 'toplane', 'top lane', 'main top', 'league', 'of', 'legends', 'league of legends', 'riot', 'riot games', 'ad', 'full ad sion', 'ad sion', 'gragas', 'guide', 'top', 'guide sion', 'sion guide', 'solobolo', 'solo', 'bolo', 'solo bolo', 'korea', 'volibear', 'voli', 'new season', 'faker', 'los ratones', 'rekkles', 'caedrel', 'velja', 'crownshot', 'season 15']",PT16M7S,hd,false,2026-08-02,14:00:12,August,Sunday,20,273568,8144,0,309,2026,8,2,31,3,14,0,12,2026-08-02 14:00:12+00:00,2026-08-02 14:00:12+00:00,True,967.0,Long,47,9,653,63,48,Afternoon,8453,0.029769563691659843,0.0011295180722891566,0.030899081763949,1,0,High,Beginning,1,True,True,Afternoon,Gaming,hd
M0CqY4pI4m0,🔴 LIVE NOW | +1 Speed Keyboard Escape,"rying to make the leaderboard on robloxs game speed keyboard escape! joins are on for followers! username: bluburgerqueen , dont forget to subscribe ! road to 200k ilysm! the support has been amazing thank u all",UCu5K2rBuIW81IXEndXqFpMw,cryblutears,"['obby', 'roblox']",PT2H37M27S,hd,false,2026-08-03,02:21:59,August,Monday,20,371906,2531,0,3,2026,8,3,32,3,2,21,59,2026-08-03 02:21:59+00:00,2026-08-03 02:21:59+00:00,False,9447.0,Long,37,8,211,36,2,Night,2534,0.006805483105946126,8.066554451931403e-06,0.006813549660398058,1,0,Very High,Beginning,1,True,False,Late Night,Gaming,hd
UUODv_g_m08,This is NOT what I expected from a carpet cleaning sim!,"Carpet Cleaning Simulator at first glance seems like a satisfying cleaning game, oh how wrong I was!

Want to get your Civil Draft (and any other TCG) cards slabbed and graded? Use code RCE for 5% off (affiliate): https://acegrading.com/

Stock up on Gamer Supps with 10% off (affiliate):
https://gamersupps.gg/BOOSH

LINKS!
PATREON: https://www.patreon.com/Realcivilengineer
MERCH: https://realcivilengineer.com
MEMBERSHIP: https://www.youtube.com/channel/UCeP4Yv3s4RvS0-6d9OInRMw/join
DISCORD: https://discord.gg/realcivilengineer
REDDIT: https://www.reddit.com/r/realcivilengineer/
TWITCH: https://www.twitch.tv/realcivilengineer
PADDY (MY DOG): https://www.youtube.com/channel/UCcGn_Cyb-0-jI1xI_nrq7iA
STREAM ARCHIVE: https://www.youtube.com/channel/UClktduM8LupB3Jep7l0nlLA
SPOTIFY: https://open.spotify.com/artist/5b48KgsbugPtMt4afp1omm?si=Ltj0JFSYRfqMFA2Ms6pHSg


Epic Game Store Support-A-Creator Code: RCE

(In connection with Epic Games’ Support-A-Creator Program, I may receive a commission from certain in-game purchases)

#realcivilengineer #engineering #carpetcleaningsimulator",UCeP4Yv3s4RvS0-6d9OInRMw,Real Civil Engineer,"['rce', 'real civil engineer']",PT30M2S,hd,false,2026-08-02,16:00:10,August,Sunday,20,124119,4537,0,296,2026,8,2,31,3,16,0,10,2026-08-02 16:00:10+00:00,2026-08-02 16:00:10+00:00,True,1802.0,Long,55,11,1091,96,2,Afternoon,4833,0.03655362998412814,0.0023848081276839164,0.03893843811181205,1,0,Medium,Beginning,1,True,True,Afternoon,Gaming,hd
QcXh3-PrvRQ,BANNED on Black Ops 2 PS5...,"BANNED on Black Ops 2 PS5...
DROP A LIKE + SUB to SAVE BO2 ON PS5! (乃^o^)乃
NEW MERCH! ⇨ https://m3rkmus1c.com/

PREVIOUS VIDEO!
The BO1 and BO2 PS5 UPDATES have saved us - https://youtu.be/GCTsS-Q5nVM

DESCRIPTION: The Black Ops 2 PS5 hacking situation has gotten even crazier. In the last 24 hours, multiple BO2 players who got into hacked lobbies on BO2 PS5 have shared that they were permanently banned from playing Black Ops 2 on the PS5. If Call of Duty and Iron Galaxy Studios don't step in and do something ASAP, this could be the beginning of the end of the BO1 and BO2 ports, and it's a really bad look for COD as a whole...

Also TDAWG and I both got hit offline while streaming the ports, we NEED dedicated servers and I won't stop mentioning it lol

So, what do YOU think about Black Ops 2 in 2026? Are you still playing BO2, or nah? Leave a comment letting me know! ^-^

⏰ UPLOAD SCHEDULE 
⇨ Tuesday, Thursday, Saturday & Sunday @3PM EST

🎥 M3RK’S OTHER CHANNELS 
Nerd Plays - https://www.youtube.com/user/PleebPlays
Musick - https://www.youtube.com/musickal
M3RK+ - https://www.youtube.com/@M3RKPlus

📸 M3RK’S SOCIAL MEDIA 
Website - https://www.m3rkmus1c.com
Linktree - https://linktr.ee/m3rkmus1c
Facebook - http://www.facebook.com/M3RKMUS1C
Twitter - http://www.twitter.com/M3RKMUS1C
Instagram - https://www.instagram.com/merkmusic/
Tik Tok - https://www.tiktok.com/@m3rkmus1c
Twitch - https://www.twitch.tv/m3rkmus1c

🧡 M3RKMUS1C DISCORD + SUBS/MEMBERS OPEN LOBBIES!
JOIN ⇨ https://www.youtube.com/user/M3RKMUS1C/join
SUB ON TWITCH ⇨ https://www.twitch.tv/m3rkmus1c

🧢 MERCH:
https://www.m3rkmus1c.com

🌟 DISCOUNT CODES/LINKS: 
Elgato - https://e.lga.to/M3RK
GFUEL - Use code “M3RK’ for 20% OFF! https://www.gfuel.com/M3RK
Best Gaming PC - https://www.jdoqocy.com/click-100757392-14039771 (Origin PC)
M3RK's Custom Controller - https://us.aimcontrollers.com/product/m3rkmus1c-ps5-aim-controller/ref/531/

Songs: Music from
Youtube Audio Library - https://www.youtube.com/audiolibrary?feature=blog
Kevin MacLeod - https://incompetech.com/music/
Epidemic Sound - https://www.epidemicsound.com/music/featured/

Outro Song: Adrenaline 2025 Remix (M3RKMUS1C High Roller Outro Edition)
https://www.youtube.com/watch?v=ZUakrR1LnwA

Thanks for watching!

Erik - M3RKMUS1C

#BO2 #callofduty #M3RKMUS1C",UCMWHhRY7Iuxwm1hF1Fv-btw,M3RKMUS1C,[],PT13M2S,hd,false,2026-08-02,22:01:28,August,Sunday,20,56387,2654,0,731,2026,8,2,31,3,22,1,28,2026-08-02 22:01:28+00:00,2026-08-02 22:01:28+00:00,True,782.0,Long,28,6,2310,297,0,Evening,3385,0.047067586500434494,0.012963981059464062,0.06003156755989856,1,0,Low,Beginning,1,True,True,Night,Gaming,hd
BKRFouYnTgY,【LEAGUE OF LEGENDS】and this was our....league of legends,"This game is being streamed and monetized after receiving prior consent from © Riot Games, Inc.


‐‐‐‐‐‐‐‐‐‐‐‐‐‐‐  ⸜(｡˃ ᵕ ˂ )⸝♡ credits (˶ˆᗜˆ˵)  ‐‐‐‐‐‐‐‐‐‐‐‐‐‐‐
⨯ opening screen & tabletop assets: @alphasasuke
⨯ ending screen: @_amaicandy
⨯ ending screen animation: @Shikabashi
⨯ alert animation: Byun
    • https://x.com/monchipon 
⨯ overlays & schedule graphics: @_hodusae
⨯ chat css: @chrone_co
⨯ transition: @carrotsprout_
⨯ original BGM: @ nubiahistoria
    • URL:  https://studiogoshu.com/
⨯ BGM from IchinoseSound
⨯ BGM from DOVA-SYNDROME
    • Song: Wakuwaku rhythm
    • Link:   https://youtu.be/tYHpIz1zPBw?si=LSZoysY53I_VO40i  
    • URL: https://dova-s.jp
    • License: https://dova-s.jp/_contents/license/

‐‐‐‐‐‐‐‐‐‐‐‐‐‐‐ underage viewers  ‐‐‐‐‐‐‐‐‐‐‐‐‐‐‐
▶Request from hololive production to underage viewers
Please search for [Request To Minors] or click on the link below, to read it and enjoy the video
https://hololivepro.com/en/request-to-minors/

‐‐‐‐‐‐‐‐‐‐‐‐‐‐‐ Fan Work Guidelines  ‐‐‐‐‐‐‐‐‐‐‐‐‐‐‐
https://en.hololive.tv/terms

‐‐‐‐‐‐‐‐‐‐‐‐‐‐‐ Holoschedule  ‐‐‐‐‐‐‐‐‐‐‐‐‐‐‐
https://schedule.hololive.tv/#hololive

‐‐‐‐‐‐‐‐‐‐‐‐‐‐‐  Official Online Shop  ‐‐‐‐‐‐‐‐‐‐‐‐‐‐‐
https://shop.hololivepro.com/en

‐‐‐‐‐‐‐‐‐‐‐‐‐‐‐  Hololive Production  ‐‐‐‐‐‐‐‐‐‐‐‐‐‐‐
・Hololive English YouTube Channel: https://t.co/LcYDgFF9V0?amp=1
・Hololive Production Official Twitter: https://twitter.com/hololivetv
・Hololive English Official Twitter: https://twitter.com/hololive_En
・Hololive English Official Reddit: https://www.reddit.com/r/Hololive
_________________________________________________________

#hololiveEnglish #holoJustice",UCDHABijvPBnJm7F-KlNME3w,Gigi Murin Ch. hololive-EN,[],PT8H11M27S,hd,false,2026-08-03,05:31:37,August,Monday,20,237017,15472,0,116,2026,8,3,32,3,5,31,37,2026-08-03 05:31:37+00:00,2026-08-03 05:31:37+00:00,False,29487.0,Long,56,8,1640,162,0,Night,15588,0.0652780180324618,0.0004894163709776092,0.06576743440343942,1,0,High,Beginning,1,True,False,Late Night,Gaming,hd
fATrGWfHO6k,I won the FINAL Horse Race,The most intense horse racing game.,UCJsjC6g4pALwInqQIF8SMGQ,Windpress,[],PT2M5S,hd,false,2026-08-02,19:28:33,August,Sunday,20,1167402,2350,0,11,2026,8,2,31,3,19,28,33,2026-08-02 19:28:33+00:00,2026-08-02 19:28:33+00:00,True,125.0,Medium,26,6,35,6,0,Evening,2361,0.0020130169384667833,9.422632477929626e-06,0.002022439570944713,1,0,Very High,Beginning,1,True,True,Evening,Gaming,hd
U9-jl-j3Wy8,I UPDATED MY MM2 KIDS GAME...,"following my previous video, I decided to do an update on the MM2 Kids game I created...

play it if you want lol: https://www.roblox.com/games/70670854739587/MM2-KIDS

my socials 💙
TikTok: https://www.tiktok.com/@livingblu_
Discord: https://discord.com/invite/blu-1219172382208561223
Roblox Profile: https://www.roblox.com/users/8374530594/profile
Roblox Group: https://www.roblox.com/communities/36075047

#roblox #mm2 #mm2funnymoments #mm2funny #murdermystery2 #mm2aim #mm2aimtrainer",UCJUwLEJKA1-1JHLo2fK3I-g,blu,"['blu mm2', 'murder mystery 2', 'murder mystery 2 funny moments', 'roblox', 'roblox mm2', 'mm2 roblox', 'mm2']",PT10M46S,hd,false,2026-08-02,18:01:38,August,Sunday,20,151646,4258,0,1421,2026,8,2,31,3,18,1,38,2026-08-02 18:01:38+00:00,2026-08-02 18:01:38+00:00,True,646.0,Long,29,6,486,44,7,Afternoon,5679,0.028078551363042877,0.009370507629611068,0.037449058992653945,1,0,High,Beginning,1,True,True,Evening,Gaming,hd
caWOB4bb1wM,"Bedrock, this is so weird man. You gotta fix this.","Do not impersonate Mojang employees.
https://bugs.mojang.com/browse/MCPE/issues/MCPE-84673

Plushies: https://www.makeship.com/shop/creator/phoenix-sc
Merch: https://phoenixsc.store/

--------------------------------------------------------------------
This channel is powered by Shockbyte --
Enjoy a 25% discount on your first month with code ""PHOENIXSC""!
https://shockbyte.com/partner/phoenixsc

If you'd like to monetarily support the channel, consider joining as a member!
https://www.youtube.com/channel/UCj4zC1Hfj-uc90FUXzRamNw/join

SECOND CHANNEL: https://www.youtube.com/@Feenix_SC
TWITTER: https://twitter.com/phnixhamsta
TWITCH: https://www.twitch.tv/phoenixsclive
INSTAGRAM: https://www.instagram.com/phoenixsclive/
WEBSITE: https://phoenixsc.me
FACEBOOK: https://facebook.com/phnixhamstasc

#PhoenixSC #Minecraft https://minecraft.net/",UCj4zC1Hfj-uc90FUXzRamNw,Phoenix SC,"['Command', 'Blocks', 'Redstone', 'Phnixhamsta', 'phoenix', 'sc', 'tutorial', 'vanilla', 'mod', 'datapack']",PT8M20S,hd,false,2026-08-03,03:55:05,August,Monday,20,82796,6144,0,585,2026,8,3,32,3,3,55,5,2026-08-03 03:55:05+00:00,2026-08-03 03:55:05+00:00,False,500.0,Medium,50,10,848,60,10,Night,6729,0.07420648340499542,0.007065558722643606,0.08127204212763901,1,0,Medium,Beginning,1,True,False,Late Night,Gaming,hd
pAd3sVgCdFs,How Hard is Geometry Dash?,"SUBSCRIBE TO @Lyprin64 - https://www.youtube.com/watch?v=CMrQ5deX5pw

LIVE - https://www.twitch.tv/kingsammelot
DISCORD - https://discord.com/invite/kingsammelot
Type ""Sammelive sent me"" in twitch chat if you join a stream from here😎

Edited By: @Regnarrrr 

KingSammelot Usually Starts Streams At Around 1-3PM Central Time, But Join The Discord To Know 100% With Announcements😎

PHAT LINKS:
ALL LIVE ON TWITCH - https://www.twitch.tv/kingsammelot
THE TIKITY TOK - https://www.tiktok.com/@kingsammelot?lang=en
THE DISCORD - https://discord.com/invite/kingsammelot",UC4hHembiwfLQZP2u98XPG2Q,KingSammeLIVE,"['kingsammelot', 'kingsammelive', 'kingsammelot live', 'kingsammelot vods', 'kingsammelot vod']",PT50M16S,hd,false,2026-08-02,14:00:35,August,Sunday,20,151001,4997,0,793,2026,8,2,31,3,14,0,35,2026-08-02 14:00:35+00:00,2026-08-02 14:00:35+00:00,True,3016.0,Long,26,5,563,63,5,Afternoon,5790,0.033092496076184925,0.005251620850193045,0.03834411692637797,1,0,High,Beginning,1,True,True,Afternoon,Gaming,hd
EG6I4CoOWw0,🌸!Mistfall Hunter The Gylden Rush with stankRat & vincent #ad | Mistfall Hunter🌸,"🔴 Twitch - https://www.twitch.tv/gingy
🍀 Twitter - https://twitter.com/rngingy
💣 Discord - https://discord.com/invite/redSVXhFMm
💌 TikTok - https://www.tiktok.com/@gingytv
💖 Instagram - https://www.instagram.com/rngingy/

#ad",UCd_Iqrz2SjW9uLn69Yr2uWg,Gingy,"['escape from tarkov', 'tarkov', 'tarkov wipe', 'eft', 'wipe', 'tarkov news', 'escape from tarkov wipe', 'eft wipe', 'escape from tarkov gameplay', 'tarkov wipe 2023', 'escape from tarkov update', 'tarkov highlights', 'tarkov guide', 'pestily', 'tarkov gameplay', 'new tarkov update', 'scav', 'escape', 'streamer', 'escape from tarkov news', 'tarkov update', 'escape from tarkov guide', 'tarkov .13 patch notes', 'next tarkov wipe', 'tarkov new patch', 'new tarkov wipe', 'labs', 'bitcoin', 'bosses', 'willerz', 'lvndmark', 'streets', 'gunsmith', 'gingy', 'wiggle']",PT3H16M29S,hd,false,2026-08-03,06:08:54,August,Monday,20,25238,571,0,1,2026,8,3,32,3,6,8,54,2026-08-03 06:08:54+00:00,2026-08-03 06:08:54+00:00,False,11789.0,Long,80,13,225,21,35,Night,572,0.022624613677787463,3.962279102940011e-05,0.022664236468816865,1,0,Low,Beginning,1,True,False,Morning,Gaming,hd
dS-HWcyppUw,MEGALOPHOBIA Horror Is in Minecraft??,"--------------------------------------------------------------------------------------------------
SUBSCRIBE IF YOU ENJOYED!

🔴 LIVE HORROR MINECRAFT

DISCORD:
 [https://discord.gg/swayle]

INSTAGRAM
[https://www.instagram.com/swaylexd/]

NEW MERCH 
https://swayle-shop.fourthwall.com

TIKTOK
[https://www.tiktok.com/@swayleXD]

Thumbnail by Me


Music By Epidemic Sound and Slipstream and some music
--------------------------------------------------------------------------------------------------
#minecrafthorror #analoghorror #swaylemc",UCS3Iac7JbyHzuXmYj34weRw,Swayle,[],PT2H34M55S,hd,false,2026-08-03,04:22:37,August,Monday,20,43107,1700,0,36,2026,8,3,32,3,4,22,37,2026-08-03 04:22:37+00:00,2026-08-03 04:22:37+00:00,False,9295.0,Long,37,5,540,34,0,Night,1736,0.03943675041176607,0.0008351311851903403,0.04027188159695641,1,0,Low,Beginning,1,True,False,Late Night,Gaming,hd
ZV5bNqda8jQ,I finally figured it out...,"I love Apex Legends

My Socials:
Twitter: https://twitter.com/HisWattson
Discord:  https://discord.gg/jxJXeSv4GT
Twitch: https://www.twitch.tv/hiswattson
TikTok: https://www.tiktok.com/@hiswattson
---------------------------------------------------|
Edited/Managed by: https://twitter.com/solace6k

Becoming the Best Player in the World | HisWattson Apex Legends
---------------------------------------------------|
#apexlegends",UCu6xqwLxixO-UidWIQzTHlg,HisWattson,"['apex legends', 'apex legends ranked', 'apex predator', 'hiswattson', 'hiswattson apex', 'hiswattson apex legends', 'hiswattson settings', 'apex legends live', 'live apex legends', 'algs', 'apex legends algs', 'apex legends ranked challenge']",PT38M49S,hd,false,2026-08-03,01:33:17,August,Monday,20,36201,1445,0,174,2026,8,3,32,3,1,33,17,2026-08-03 01:33:17+00:00,2026-08-03 01:33:17+00:00,False,2329.0,Long,27,5,428,31,12,Night,1619,0.03991602441921494,0.004806497058092318,0.04472252147730726,1,0,Low,Beginning,1,True,False,Late Night,Gaming,hd
ZoIzd11vKxc,"Meccha Chameleon, But a WHEEL Decides Our Color!","Meccha Chameleon, But a WHEEL Decides Our Color!

Thanks for watching! Subscribe to our channels:
@ArkeyRBLX 
@DoodleBloxGaming 
@ArkeyBlox",UCnuf06xsaSO8f2svzMENyBw,Doodle and Arkey,"['Roblox', 'Roblox doors', 'roblox story', 'roblox storytime', 'roblox story new', 'roblox news', 'roblox game', 'roblox doors floor 2', 'roblox doors 2', 'roblox new', 'roblox shorts', 'robloxia', 'roblox brookhaven', 'brookhavenRP', 'Brookhaven roblox', 'Doodle and Arkey', 'Meccha Chameleon But a WHEEL Decides Our Color!']",PT12M9S,hd,false,2026-08-02,19:00:05,August,Sunday,20,61093,1162,0,339,2026,8,2,31,3,19,0,5,2026-08-02 19:00:05+00:00,2026-08-02 19:00:05+00:00,True,729.0,Long,48,8,139,18,17,Evening,1501,0.019020182344949503,0.005548917224559279,0.02456909956950878,1,0,Low,Beginning,1,True,True,Evening,Gaming,hd
3eRcSk9b2L8,[DROPS] OWCS 2026 | Midseason Championship Day 5,"Welcome to the 2026 OWCS Midseason Championship! 16 of the best Overwatch teams in the world are fighting to prove themselves as THE best team in the world as we cap off Stage 2. Tune in, earn your drops, and see who comes out on top! 

👉Don't forget to subscribe for all the action! https://bit.ly/OWCSYT
👉Follow OWCS on all of our channels! https://linktr.ee/owcs 
👉Support your favorite OWCS Partner Team by grabbing a Radiant Order Crowdfunding Bundle: bit.ly/SHOPOWCS
👉Read our MSC Viewers Guide: https://esports.overwatch.com/en-us/news/midseason-championship-ewc-viewers-guide-2026
👉Check the OWE website for news, schedule updates and more! https://esports.overwatch.com/en-us
👉View updated schedule and score details: https://esports.overwatch.com/en-us/schedule
👉Review our FIVE DAYS of OWCS MSC Drops: https://esports.overwatch.com/en-us/rewards
👉Join the OWCS Discord: discord.gg/overwatchesports
👉Play in FACEIT's Daily and Weekly Tournaments to increase your FACEIT Elo, win FACEIT Points, and more! https://www.faceit.com/en/ow2/tournam... 
👉Check the OWE website for news, schedule updates and more! https://esports.overwatch.com/en-us

#OverwatchEsports #Overwatch2 #Overwatch #OWCS #OWEsports #Esports #FACEIT #OWCSChampionsClash #OWCS2026",UCiAInBL9kUzz1XRxk66v-gw,Overwatch Esports,"['esports', 'Video Games', 'OW2', 'Overwatch 2', 'Overwatch League', 'OWCS', 'Overwatch Champions Series', 'overwatch', 'Twisted Minds', 'Crazy Raccoon', 'Spacestation', 'FACEIT', 'FACEIT League', 'FACEIT Overwatch', 'Dallas Fuel', 'ZETA DIVISION', 'Virtus.pro', 'virtus pro', 'Weibo Gaming', 'Once Again OW', 'CNOW', 'All Gamers', 'All Gamers Global', 'Team Falcons', 'Disguised', 'Team Peps', 'Team Liquid', 'T1']",PT8H50M49S,hd,false,2026-08-02,19:12:39,August,Sunday,20,215510,2548,0,74,2026,8,2,31,3,19,12,39,2026-08-02 19:12:39+00:00,2026-08-02 19:12:39+00:00,True,31849.0,Long,48,8,1257,153,28,Evening,2622,0.011823117256739827,0.0003433715372836527,0.012166488794023479,1,0,High,Beginning,1,True,True,Evening,Gaming,hd
WfhM-HDuDOQ,#AD INSANE COMBOS FOR WORLD RECORD OMG,,UCIVrwudKiOJfM5B6dUH4qPQ,Vampyro111,[],PT1H25M27S,hd,false,2026-08-03,01:20:38,August,Monday,20,92173,663,0,4,2026,8,3,32,3,1,20,38,2026-08-03 01:20:38+00:00,2026-08-03 01:20:38+00:00,False,5127.0,Long,38,7,0,0,0,Night,667,0.007192995779675176,4.339665628763304e-05,0.007236392435962809,1,0,Medium,Beginning,1,True,False,Late Night,Gaming,hd
g6BVvzWMJow,I Unlocked My First Boss (Cardcore Ep. 14),"Limited Edition OSRS PC, Keyboard, Wall-Art, Mousepad and Case at https://starforgepc.com/Faux

Join the family:

🔶  NEW Livestream/VOD Channel: https://www.youtube.com/@FauxOSRS
🔶  Twitch: https://www.twitch.tv/faux
🔶  Kick https://www.kick.com/faux
🔶  Twitter: https://www.twitter.com/faux_freedom
🔶  Instagram: https://www.instagram.com/fauxfreedom
🔶  TikTok: https://www.tiktok.com/fauxOSRS
🔶  Facebook: Facebook.com/fauxOSRS",UChEnqbxCMlDkDja1xsNZnCw,Faux,[],PT33M45S,hd,false,2026-08-02,13:30:22,August,Sunday,20,78618,2150,0,192,2026,8,2,31,3,13,30,22,2026-08-02 13:30:22+00:00,2026-08-02 13:30:22+00:00,True,2025.0,Long,42,8,429,37,0,Afternoon,2342,0.027347426797934317,0.002442188811722506,0.02978961560965682,1,0,Medium,Beginning,1,True,True,Afternoon,Gaming,hd
pYxov3p-n8I,WE FOUND LEGENDARY PALS,"BUY OUR MERCH - https://clooless.shop/
BUY BBL & Use Code ""CLOO"" for 10% off Gamersupps - https://gamersupps.gg/clooless
PATREON EXCLUSIVE CONTENT - https://www.patreon.com/Clooless

Subscribe and Follow EVERYTHING! 

Other Channels:
 @CloolessPodcast  
 @CloolessReacts  

Instagram - http://instagram.com/cloolesspodcast
TikTok- https://www.tiktok.com/@thecloolesspodcast
Twitter - https://x.com/cloolesspodcast

Spotify - https://tinyurl.com/CloolessSpotify
Apple - https://tinyurl.com/CloolessApple

The Guys: 
@Pezzy
@Grizzy
@Bigpuffer
@Elasticdroid  

Business Email: Clooless@mode.gg

#Clooless #cloolessgaming",UC-dDPClZzfqCAcxuQPhqx7A,Clooless Gaming,[],PT37M54S,hd,false,2026-08-01,21:00:31,August,Saturday,20,152296,9602,0,375,2026,8,1,31,3,21,0,31,2026-08-01 21:00:31+00:00,2026-08-01 21:00:31+00:00,True,2274.0,Long,23,4,617,55,0,Evening,9977,0.06304827441298524,0.0024623102379576615,0.06551058465094291,1,0,High,Beginning,1,True,True,Evening,Gaming,hd
Sue2_CktxAo,GTA5 - The Kortz Center Heist Ends Here! [Finale],"Outro Song: PROTO: https://youtu.be/HRPDp9jUNS8
Vanoss Merch HERE!: https://vanosslimited.com

Personal Twitter - https://twitter.com/evanfong
Personal Instagram - https://www.instagram.com/evanfong/
VanossGaming Twitter - http://twitter.com/#!/VanossGaming
VanossGaming Instagram - http://instagram.com/vanossinstagram
VanossGaming TikTok: https://www.tiktok.com/@vanossontiktok
VanossGaming Facebook Page - http://www.facebook.com/VanossGaming

Friends in Video: 

H2O Delirious -  @H2ODelirious  
Nogla -  @DaithiDeNogla  
Lui Calibre -  @KingLuiCalibre  

Please Ignore or flag spam, negative, or hateful comments.  We're here to have a good time.  Thanks everyone, and enjoy :]",UCKqH_9mk1waLgBiL2vT5b9g,VanossGaming,"['Funny Moments', 'Montage video games', 'gaming', 'Vanoss', 'VanossGaming', 'Gameplay', 'Secret', 'Puncake', 'Parody', 'Comedy', 'Remix', 'Epic', 'Trolling', 'Xbox One', 'MultiplayerPS4', 'Funtage']",PT26M57S,hd,false,2026-08-01,03:12:28,August,Saturday,20,710557,35827,0,861,2026,8,1,31,3,3,12,28,2026-08-01 03:12:28+00:00,2026-08-01 03:12:28+00:00,True,1617.0,Long,49,9,682,67,16,Night,36688,0.05042100774462851,0.001211725449189861,0.05163273319381837,1,0,Very High,Beginning,1,True,True,Late Night,Gaming,hd
4GJiXlX2YHw,Marvel's NEW Game Will Change EVERYTHING...,"ARE THESE THE MAINS!! Today on the channel we are back to the brand new marvel game. Marvel Tokon: Fighting Souls. Today with a possible main team lwe are getting into even more online matches. Can we gets some wins?

Follow me on twitter: https://twitter.com/DotoDoya
Follow me on twitch: https://www.twitch.tv/dotodoya

If you enjoyed the video make sure to hit the like button and subscribe! Feel free to share the video with anybody else you feel would enjoy it!",UCq-ZvpCLekNUJpD3iem0zDQ,DotoDoya,"['DragonballfighterZ', 'Dotodoya', 'dragon', 'ball', 'fighterz', 'anime', 'fighting', 'Ranked', 'games', 'beginner', 'guides', 'character', 'new', 'characters', 'broly', 'bardock', 'goku', 'krillin', 'yamcha', 'High', 'rank', 'dragonball', 'dotodoya', 'Spiderman', 'Spiderman combos', 'Tokon', 'Marvel tokon', 'Tokon fighting souls', 'Tokon ranked', 'Peni', 'Peni combos', 'Iron man', 'Doom', ""Marvel's NEW Fighting Game Will Change EVERYTHING..."", 'Marvel', 'spiderman', 'spiderman game']",PT42M45S,hd,false,2026-08-02,22:00:19,August,Sunday,20,46422,2437,0,161,2026,8,2,31,3,22,0,19,2026-08-02 22:00:19+00:00,2026-08-02 22:00:19+00:00,True,2565.0,Long,43,6,466,78,37,Evening,2598,0.05249666106587394,0.003468183189005213,0.05596484425487915,1,0,Low,Beginning,1,True,True,Night,Gaming,hd
lcjFND0PpX8,Not Backrooms (I think) - Hermitcraft Recap S11 Week 38,"This week, on Hermitcraft!

This episode covers videos released between Saturday July 25 and Friday July 31, 2026.

JOIN OUR DISCORD SERVER! https://discord.gg/GpNhcD5
→ r/hermitcraft Discord: https://discord.gg/U5QbH9pWG4
→ Website: http://www.hermitcraft.com 
→ Twitter: https://twitter.com/hermitcraft_ 
→ Reddit: http://www.reddit.com/r/HermitCraft 
→ Twitch Channel: http://www.twitch.tv/hermitcraft_/ 

Music:
Bensound - ""Clear Day"" and ""Energy"" - http://www.bensound.com/
Nat Keefe & Hot Buttered Rum - ""Cats Searching for the Truth"" - https://www.youtube.com/watch?v=rFUPmUGv6LM
Kevin MacLeod - ""Captain Scurvy"" and ""Village Tarantella"" and ""Goblin Tinker Soldier Spy""
Laudividni - A Quiet Place https://www.youtube.com/watch?v=w5fE9U8Ugyk",UC32w6uX5qtmUtF4QQQ2PKaQ,Hermitcraft Recap - a show by fans for fans,"['hermitcraft', 'hermitcraft recap', 'hermitcraft season 11', 'hermitcraft season XI', 'hermitcraft 11', 'hermitcraft new season', 'hermit minecraft', 'what is hermitcraft', 'what happened on hermitcraft', 'minecraft', ""minecraft let's play"", 'minecraft smp', 'hermitcraft smp', 'minecraft survival', 'minecraft multiplayer', 'minecraft youtube', 'mcyt', 'mcyt fandom', 'minecraft update', 'who to watch minecraft', 'hermitcraft memes', 'this week on hermitcraft']",PT16M7S,hd,true,2026-08-02,20:10:02,August,Sunday,20,57932,4601,0,73,2026,8,2,31,3,20,10,2,2026-08-02 20:10:02+00:00,2026-08-02 20:10:02+00:00,True,967.0,Long,55,10,747,82,22,Evening,4674,0.0794207001311883,0.001260098045984948,0.08068079817717323,1,1,Low,Beginning,1,True,True,Evening,Gaming,hd
NdIHrip-Qek,Can I get Top 100 on Every Trackmania Map in the Summer Campaign?,"We're looking to add an editor to the WirtualTV team!
Apply by sending an email to: contact@wirtual.gg

You should watch me live: https://www.twitch.tv/Wirtual

Main Channel:  https://www.youtube.com/c/Wirtual
Clips Channel:  https://www.youtube.com/c/WirtualClips
Twitter: https://www.twitter.com/Wirtual

Edited by 
https://twitter.com/CampOnYoutube
Thumbnail by
https://twitter.com/Danu_PNG
#Wirtual #Trackmania #Challenge",UCf-vV5woXPFpkvZKwooWoyw,WirtualTV,"['Wirtual', 'Trackmania', 'Shortcut', 'World Record', 'Highlight', 'Best', 'Pro', 'Player', 'Tricks', 'Tips', 'Tutorial', 'How To', 'Coaching', 'Cup of the day']",PT1H5M11S,hd,false,2026-08-02,08:56:11,August,Sunday,20,152263,5298,0,411,2026,8,2,31,3,8,56,11,2026-08-02 08:56:11+00:00,2026-08-02 08:56:11+00:00,True,3911.0,Long,65,13,425,40,14,Morning,5709,0.03479505855000887,0.002699276909032398,0.03749433545904127,1,0,High,Beginning,1,True,True,Morning,Gaming,hd
cfth-vlGMAA,EA Spent A Year DOING THIS for FC27?!,"twitter: https://www.twitter.com/nickrtfm
twitch: https://www.twitch.tv/runthefutmarket
instagram: https://www.instagram.com/nickrtfm
tiktok: https://www.tiktok.com/@realnickrtfm
reddit: https://www.reddit.com/r/NickRTFM/

FORTNITE CREATOR CODE: NickRTFM

CLIPS CHANNEL: https://www.youtube.com/channel/UCia_mCPMcNKYd0IdYS5IFSA

SECOND CHANNEL: https://www.youtube.com/nickrtfm2

VOD CHANNEL: www.youtube.com/@NickRTFMVODS

FUTBIN: https://www.futbin.com

fc, fc26, fifa, fc 25, football, nickrtfm

fifa, fc26, fut, fc, 

#EAFC26 #fc26",UC7Wyuc7HQXbC70GGqVLl9mQ,NickRTFM,"['runthefutmarket', 'fifa', 'draft', 'glory', 'sbsd', 'nickrtfm', 'rtfm', 'howto', 'make', 'coins', 'nickfifa', 'content', 'futurestars', 'teamoftheyear', 'o my gosh', 'wow', 'omg', 'guaranteed', 'fifanew', 'fifa21', 'runthefutmarket2', 'messi', 'rattoglory', 'rat', 'tactics', 'banned', 'ea', 'fut22', 'fifa22', 'fifa22ultimateteam', 'fifa22fut', 'leaks', 'fut22leaks', 'fifa23', 'leaks23', 'fut23', 'fifa23gameplay', 'fifa23rating', 'fifa23teams', 'fifa23content', 'ultimateteam23', 'fifamessi', 'fifaronaldo', 'fifadraft', 'futdraft', 'market', 'fifacoins', 'fc26', 'fc', 'fc25']",PT40M56S,hd,false,2026-08-02,22:15:56,August,Sunday,20,83230,3581,0,950,2026,8,2,31,3,22,15,56,2026-08-02 22:15:56+00:00,2026-08-02 22:15:56+00:00,True,2456.0,Long,37,8,535,38,50,Evening,4531,0.043025351435780367,0.0114141535504025,0.054439504986182864,1,0,Medium,Beginning,1,True,True,Night,Gaming,hd
4OXKzXPX2aE,SPEED RUNNING SANDTRIS,"MY GAMING CHAIR: https://bit.ly/Beuji-andaseat
($30 off with CODE: Beuji)
#andaseat #kaiser4 #gamingchair  @AndaSeat  

DISCORD: https://discord.gg/eQupA4CrRP 
THANK YOU I LOVE YOU",UCDnfNKQq0sjZvdv94voL7wg,Beuji,"['burgerking', 'funny', 'gaming', 'roblox']",PT3H8M54S,hd,false,2026-08-03,08:19:24,August,Monday,20,483485,1191,0,0,2026,8,3,32,3,8,19,24,2026-08-03 08:19:24+00:00,2026-08-03 08:19:24+00:00,False,11334.0,Long,22,3,180,20,4,Morning,1191,0.0024633649441037466,0.0,0.0024633649441037466,1,0,Very High,Beginning,1,True,False,Morning,Gaming,hd
R43IKSNAMtg,The Battle of the Guns! - ICARUS,"We're advancing into the future of technology. WE HAVE GUNS!!! Let's see which gun does the most damage. Using each other as a test dummy. 

► SUBSCRIBE -------  http://bit.ly/1NOKqlU

►SUPPORT us on PATREON
https://www.patreon.com/neebsgaming

► Check out our NEW CHANNEL - Neebs Magic Dumpster! https://www.youtube.com/@neebsmagicdumpster

► Want channel perks?? https://www.youtube.com/channel/UCiufyZv8iRPTafTw0D4CvnQ/join

► Nitrado supports our game servers for Ark, Enshrouded, PalWorld and more! 
     Get you one! https://nitra.do/NeebsGaming



► CHECK OUT OUR MERCH
https://neebs-gaming.myspreadshop.com/

► Neebs Gaming is powered by Xidax PCs, check them out here!
     https://www.xidax.com/neebs

► Hang out with other Neebs fans!
     discord.gg/neebsgaming


Follow us on Social Media
-------------------------------------------
► http://www.neebsflix.com
► https://www.Facebook.com/NeebsGaming
► https://x.com/Neebsofficial
► https://www.tiktok.com/@neebsofficial
► https://www.instagram.com/NeebsGaming
-------------------------------------------------------------------------------
Looking for more videos from NEEBS?  Check out these playlist!
CARTOONS ----- https://bit.ly/2RASc99
7Days to Die ----- https://bit.ly/32Hb9gV
Scrap Mechanic ----- https://bit.ly/2RDhdQZ
Minecraft ----- https://bit.ly/35R51ol
GTA V ----- https://bit.ly/33CxwmP
Subnautica ----- https://bit.ly/2E9g0xJ",UCiufyZv8iRPTafTw0D4CvnQ,Neebs Gaming,"['Icarus', 'Icarus Survival', 'Icarus Best Start', 'Icarus Survival Guide', 'Tips', 'Survival Game', 'Metal', 'Harvest', 'Tame', 'Mount', 'Forge Iron', 'Survival Game Icarus', 'Multiplayer', 'PVE', 'PVE Survival Game', 'Play through', 'Polar Bear', 'Snow', 'coop', 'Icarus Mission', 'Icarus Game Survival', 'Icarus Weapons', 'Icarus Armor']",PT19M21S,hd,false,2026-08-02,16:00:07,August,Sunday,20,58375,5499,0,271,2026,8,2,31,3,16,0,7,2026-08-02 16:00:07+00:00,2026-08-02 16:00:07+00:00,True,1161.0,Long,32,7,1402,142,23,Afternoon,5770,0.09420128479657387,0.004642398286937901,0.09884368308351178,1,0,Low,Beginning,1,True,True,Afternoon,Gaming,hd
BuNw3CV7COw,"Something is SERIOUSLY WRONG With This ""Cute"" Game... | Petal","Petal horror game starts cute before taking a dark turn...



Game: https://13-23.itch.io/petal",UC5enhS5tdXhHNbj8s_kdBUw,FusionZGamer,"['petal', 'indie horror games', 'cute horror game', 'horror game', 'indie game', 'jumpscare', 'scary games', 'indie horror', 'horror', 'indie games', 'horror games', 'petal full game', 'petal horror game', 'petal game', 'Petal horror game', 'indie horror gameplay', 'scary rabbit game', 'creepy indie games', 'psychological horror', 'Petal game review']",PT21M3S,hd,false,2026-08-03,01:00:12,August,Monday,20,30466,2134,0,309,2026,8,3,32,3,1,0,12,2026-08-03 01:00:12+00:00,2026-08-03 01:00:12+00:00,False,1263.0,Long,61,10,95,12,20,Night,2443,0.0700452963959824,0.010142453883017134,0.08018775027899953,1,0,Low,Beginning,1,True,False,Late Night,Gaming,hd
YjQLB-FcoA4,This Pokemon is Invincible (Kind Of),"Join me in celebrating Zenless Zone Zero's 2nd anniversary! https://hoyo.link/5fLaowovj  Make sure to use code ZZZ31REMIELLE for 60 Polychromes and 6,666 Denny (Valid for version 3.1)
Make sure to also check out the rewards page: https://hoyo.link/n81xeDB3p
Thanks to Zenless Zone Zero for sponsoring this video.
⁠#zzzero #zenlesszonezero ⁠#zzz2ndANNI

Shedinja is one of the most bizarre Pokemon ever made

Check out all my Pokemon Champions videos here: https://www.youtube.com/playlist?list=PLb_5fF_O3Fvg6rkUCmwXYHdS9BzgBdKGz

#Pokemon #PokemonChampions #WolfeyVGC
Store►: https://wolfeystore.com/
Patreon►: https://www.patreon.com/WolfeyVGC
Tiktok►: https://www.tiktok.com/@wolfeyvgc
Twitter►: https://twitter.com/WolfeyGlick
Instagram►: https://www.instagram.com/wolfeyglick/

Edited by: https://twitter.com/iconiqlast
Thumbnail Artist: https://bsky.app/profile/taplaos.bsky.social
Thumbnail Artist: https://x.com/spyggt",UC9OZkS1Mhl5UvKSiPrYqsxg,WolfeyVGC,"['Wolfey', 'Pokemon', 'VGC', 'Wolfe Glick', 'Competitive Pokemon', 'Pokemon VGC', 'pokemon nuzlocke', 'nuzlocke', 'pokemon challenge', 'alpharad', 'wolfeyvgc', 'Pokemon Champions', 'Champions', 'pokemon winds', 'pokemon waves', 'pokemon winds and waves', 'winds and waves', 'new pokemon', 'pokemon leaks', 'pokemon rumors', 'Shedinja', 'WolfeyVGC Shedinja', 'Shedninja', 'Shedinja Pokemon', 'how to get shedinja', 'SHedinja team', 'shedinja pokemon team', 'pokemon leak', 'pokemon rumor']",PT25M31S,hd,true,2026-08-01,15:00:12,August,Saturday,20,553624,25416,0,1414,2026,8,1,31,3,15,0,12,2026-08-01 15:00:12+00:00,2026-08-01 15:00:12+00:00,True,1531.0,Long,36,6,925,89,29,Afternoon,26830,0.04590841437509934,0.0025540800254324233,0.04846249440053177,1,1,Very High,Beginning,1,True,True,Afternoon,Gaming,hd
OyVPHaKlW3U,Do NOT Work The Shift At Midnight,"we're back on the night shift bro. 
also sorry for getting sleepy mid game and then mic was a lil bugged from my filters in 2nd half of video. 
-------------------------------------------
Friends In Video:
@SMii7Y 
@imSovi 
-------------------------------------------
× SOCIALS:
- Second Channel: https://www.youtube.com/@daukeytoo
- Group Channel:  https://www.youtube.com/@WeAreImaginaryFriends
- Twitch: https://www.twitch.tv/daukey
- Instagram: https://www.instagram.com/imdaukey/
- Outro Music: https://www.youtube.com/@ludandschlattsmusicalempor6746
-------------------------------------------
× thumbnail artist: https://www.youtube.com/@Ashterismart
× editor: https://www.youtube.com/@NoBuenoMan",UCCY0PEQgZbhXm6-0WHiHJEw,daukey,"['daukey', 'funny moments', 'horror gaming', 'funny horror moments', 'scary funny moments', 'gaming funny moments', 'multiplayer funny moments', 'horror game funny', 'jumpscare reactions', 'try not to laugh gaming', 'chaotic gaming', 'cursed gaming moments', 'meme gaming', 'viral gaming', 'best funny moments gaming', 'comedy gaming', 'scary games with friends', 'indie horror funny moments', 'unexpected funny moments', 'horror game chaos', 'party games funny moments', 'trending gaming', 'youtube gaming']",PT1H10M15S,hd,false,2026-08-01,18:09:45,August,Saturday,20,282543,12314,0,311,2026,8,1,31,3,18,9,45,2026-08-01 18:09:45+00:00,2026-08-01 18:09:45+00:00,True,4215.0,Long,33,7,703,64,23,Afternoon,12625,0.04358274669696294,0.0011007174129247584,0.044683464109887695,1,0,High,Beginning,1,True,True,Evening,Gaming,hd
6DOTYdrmQkI,The DOPPELGANGERS Are Getting Smarter..,"⚠️NEW MERCH OUT NOW!! https://shopcaylus.com/ 
🎯 Play Waterpark Simulator NOW - https://store.steampowered.com/app/3293260/Waterpark_Simulator/
🌊COME HANG OUT WITH ME IN THE DISCORD. I am there now! - https://discord.gg/waterparksimulator

*Caylus Plushies*  https://shopcaylus.com/

👍🏻  FOLLOW ME - 
https://www.instagram.com/caylus/
https://twitter.com/Caylusq
https://www.tiktok.com/@infinite?lang=en

👾 Join my FAN DISCORD! - 
https://discord.gg/infinite

Have you subscribed yet?",UCVAYy7_zddIx6USjXscV9Vg,Caylus  ,"['infinite lists', 'infinite', 'gta 5', 'caylus', 'gta 5 caylus', 'gta 5 mods', 'caylusblox', 'caylus roblox', 'caylus infinite', 'caylus horror', 'caylus vr', 'caylus gta 5', 'caylus tomo']",PT35M29S,hd,false,2026-08-02,20:10:21,August,Sunday,20,88256,2184,0,382,2026,8,2,31,3,20,10,21,2026-08-02 20:10:21+00:00,2026-08-02 20:10:21+00:00,True,2129.0,Long,39,5,484,47,13,Evening,2566,0.024746192893401017,0.004328317621464829,0.029074510514865846,1,0,Medium,Beginning,1,True,True,Evening,Gaming,hd
vMzooZNEBsU,Round 100 on EVERY Bo4 Zombies Map IN ONE SITTING,"SUBSCRIBE
200,000 is the goal by the end of the year!

👕MERCH: https://kingroberts.shop/

Second Channel: https://www.youtube.com/@KingRobClash

🚨20% OFF GFuel🚨using code ""KingRoberts""
https://www.gfuel.com/KingRoberts

🎮10% OFF Custom Controllers🎮 using code ""King""
https://demon-workshop.com/?ref=King

🛜10% OFF PC optimization🛜 using code ""King""
https://hdopti.com/?fpr=john75

Join my Discord Server: https://discord.gg/kingroberts

FOLLOW MY SOCIALS!
Twitter: https://twitter.com/kingroberts1st
Personal Instagram: https://instagram.com/john__roberts__
Instagram Shorts: https://instagram.com/kingrobertsyt
Twitch: https://www.twitch.tv/kingrobertsyt
TikTok: https://www.tiktok.com/@kingrobertsyt

Send fan mail here:
PO BOX 710412
13520 McLearen Rd
Herndon Va, 20171",UCJQOgmI8l9vDsa-bmlIU0Rg,King Roberts,"['cod', 'call of duty', 'camo challenges', 'camo grind', 'dark matter', 'mw3', 'modern warfare 3', 'sniping', 'black ops 6', 'black ops 7', 'bo7', 'mastery camos']",PT41M56S,hd,false,2026-08-02,19:01:27,August,Sunday,20,32593,3131,0,184,2026,8,2,31,3,19,1,27,2026-08-02 19:01:27+00:00,2026-08-02 19:01:27+00:00,True,2516.0,Long,49,10,772,71,12,Evening,3315,0.09606357193262358,0.005645383978154819,0.10170895591077839,1,0,Low,Beginning,1,True,True,Evening,Gaming,hd
dDZ3f97E1Hk,A Cute horror Adventure Game Hiding A Secret below - Endacopia [ 1 ],"Endacopia is a cute surreal not horror adventure game from artist Andyland featuring a edutainment retro style where a boy goes on an adventure meeteing various characters and worlds. Video is part 1 of a multi part series

Game Info: https://store.steampowered.com/app/2684630/Endacopia/
Game Playlist: https://www.youtube.com/playlist?list=PLRSUWzFuFMao
Manly PLUSH Links: https://www.makeship.com/products/anime-manly
https://www.makeship.com/products/tiny-manlys-double-trouble-pin-pack

""hi""

ヽ(・ω・`)----Crummy Personal Links Below This Line----(´・ω・)ﾉ
My Manly GamerSupps Code MANLY :  https://gamersupps.gg/manly
My AManzing Cheeky Soap Code: https://usecheeky.com/pages/manly
My Masculine Patreon: https://goo.gl/e8XfHN
My Cool Twitch: https://goo.gl/neioFL
My Manly Twitter: http://goo.gl/wStB6o
My Chill Instagram: https://goo.gl/8nPFzi
My Comfy Tiktok: https://tinyurl.com/czm4ewbp

#endacopia #andyland",UCKv8Rrrdc9oxLJmdHItafLA,ManlyBadassHero,"['Endacopia', ""Let's Play"", 'Playthrough', 'Walkthrough', 'Horror Game', 'Indie Game', 'Gameplay', 'Video Game', 'Adventure Game', 'Andyland']",PT1H33M28S,hd,false,2026-08-02,01:17:20,August,Sunday,20,143700,8149,0,625,2026,8,2,31,3,1,17,20,2026-08-02 01:17:20+00:00,2026-08-02 01:17:20+00:00,True,5608.0,Long,68,14,914,91,10,Night,8774,0.05670842032011134,0.004349338900487126,0.061057759220598466,1,0,Medium,Beginning,1,True,True,Late Night,Gaming,hd
Pv72mAvx-aY,Splatoon Raiders with a distinct lack of salt,"I promised I'd never draw bigman because bigman fans wouldn't leave my art alone

I'm sorry bigman, I don't hate you

Check out the vod channel/livestreams
►  ⁨  @streamfalco 

Join the channel maybe
► https://www.youtube.com/channel/UCxjs86jJMMa3Mhxt8KThsYA/join

Follow my twitch for livestreams
►  https://www.twitch.tv/scott_falco

Support me on Patreon
►  https://www.patreon.com/ScottFalco

Follow my twitter for art and updates
►  https://twitter.com/ScottFalco",UCxjs86jJMMa3Mhxt8KThsYA,ScottFalco,[],PT8M37S,hd,false,2026-08-02,16:00:05,August,Sunday,20,158649,9734,0,579,2026,8,2,31,3,16,0,5,2026-08-02 16:00:05+00:00,2026-08-02 16:00:05+00:00,True,517.0,Medium,45,8,468,57,0,Afternoon,10313,0.06135557110350522,0.003649566023107615,0.06500513712661284,1,0,High,Beginning,1,True,True,Afternoon,Gaming,hd
NbXZ5P7fWo4,ROBLOX MUKBANG ASMR vs IN REAL LIFE!,"Trying the viral mukbang game in Roblox then eating the same food in real life..

BUY MERCH:
https://kanebaileymerch.com/password

STREAM MY NEW SONG: 
https://youtu.be/OcPQsvhN-Zc?si=2lIiT_Opj_lByxqU
https://open.spotify.com/track/3Z6etx1TSxrqOSjrOauHNH?si=Kyrj8FHjTl6zDwXqmC2nWw
https://music.apple.com/si/album/100-degrees-single/1889093927

Check me out on all other platforms below:
Instagram: https://www.instagram.com/kanebailey_/?hl=en
TikTok: https://www.tiktok.com/@officialkanebailey 
SnapChat: https://www.snapchat.com/@realkanebailey",UCmQgPkVtuNfOulKBF7FTujg,KaneBailey,[],PT19M51S,hd,false,2026-08-03,01:00:06,August,Monday,24,35055,1077,0,336,2026,8,3,32,3,1,0,6,2026-08-03 01:00:06+00:00,2026-08-03 01:00:06+00:00,False,1191.0,Long,36,7,546,39,0,Night,1413,0.030723149336756527,0.009584937954642705,0.04030808729139923,1,0,Low,Beginning,1,False,False,Late Night,Entertainment,hd
EU--zXxuw_o,How to Make an Atomic Bomb in Your Garden,"Welcome to How to Make an Atomic Bomb in Your Garden. An absurd backyard bomb-building simulator. Raise funds, plan your approach, hunt down rare parts, and assemble your atomic masterpiece while staying calm and avoiding suspicion from nosy neighbors and federal agents. I hope you enjoy this full playthrough of this interesting little title.

How to Make an Atomic Bomb in Your Garden on Steam: https://store.steampowered.com/app/3700980/How_to_Make_an_Atomic_Bomb_in_Your_Garden/

2nd Channel: https://www.youtube.com/@GastDrae

Become a Channel Member: http://bit.ly/DraeSupport

Discord: https://discord.gg/draegast

My Webpage(Socials & Merch): https://www.draegast.com/

#Simulation #Funny #Drae",UCf2ocK7dG_WFUgtDtrKR4rw,Drae,[],PT1H8M5S,hd,false,2026-08-02,15:15:04,August,Sunday,20,61095,1961,0,157,2026,8,2,31,3,15,15,4,2026-08-02 15:15:04+00:00,2026-08-02 15:15:04+00:00,True,4085.0,Long,41,9,703,84,0,Afternoon,2118,0.032097552991243145,0.0025697683934855554,0.0346673213847287,1,0,Low,Beginning,1,True,True,Afternoon,Gaming,hd
Rt-SVGiZKkE,I MADE THE BEST ASMR SQUISHY TOWER ON ROBLOX!,"I MADE THE BEST ASMR SQUISHY TOWER ON ROBLOX!

@Lanaslifeee 

#roblox #gaming 

SUBSCRIBE IF YOU LOVE ROBLOX 😏

❤️ROBLOX CHANNEL: https://www.youtube.com/@Lanaslifeee
💖IRL CHANNEL: https://www.youtube.com/@Lanaraee_
💛ADD ME ON SNAPCHAT: https://www.snapchat.com/add/lanaa_raee
🎵TIKTOK: https://www.tiktok.com/@lanaslifeee
🐦TWITTER: https://twitter.com/lanaraee_
💬DISCORD: https://discord.gg/DJf6AA9PRV
📸INSTAGRAM: https://www.instagram.com/lanaraee/
👾TWITCH: https://www.twitch.tv/Lanaraee

#gaming #onlinegaming #roblox #robloxgamer",UCb1pZZrcBXKKIpkGZRfnJqQ,Lana's World,[],PT2H2M29S,hd,false,2026-08-02,23:00:25,August,Sunday,20,22008,342,0,80,2026,8,2,31,3,23,0,25,2026-08-02 23:00:25+00:00,2026-08-02 23:00:25+00:00,True,7349.0,Long,45,9,533,43,0,Evening,422,0.015539803707742638,0.0036350418029807343,0.019174845510723373,1,0,Low,Beginning,1,True,True,Night,Gaming,hd
DcAHosNxz9E,iShowSpeed Plays I Wanna Test This Game..,"iShowSpeed Plays I Wanna Test This Game..

JOIN!- https://www.youtube.com/channel/UC2bW_AY9BlbYLGJSXAbjS4Q?sub_confirmation=1

IM LIVE EVERY DAY-  https://www.youtube.com/channel/UCWsDFcIhY2DBi3GB5uykGXA

► Follow My Socials:
▶️ Twitter: https://twitter.com/IShowSpeed
🔴 Third Channel:  https://www.youtube.com/channel/UCd09ztChTkJ9dlY6RLawSog
📸 instagram: https://www.instagram.com/IShowSpeed
🟡 Snapchat: https://story.snapchat.com/@darrenwatkins1
📞 Discord: https://discord.com/invite/ishowspeed

#IShowSpeed #SpeedLive #SpeedyLive",UC2bW_AY9BlbYLGJSXAbjS4Q,Live Speedy,"['IShowSpeed', 'IShowSpeed Live', 'IShowSpeed Livestream', 'Speed Live', 'Speedy Live', 'Live Speedy', 'IShowSpeed Rage', 'IShowSpeed Funny', 'Speed Does America', 'iShowSpeed Stream Highlights', 'ishowspeed moments', 'Speed Funny Moments', 'iShowSpeed Funny Moments']",PT1H12M48S,hd,false,2026-08-03,00:14:18,August,Monday,24,99415,5822,0,739,2026,8,3,32,3,0,14,18,2026-08-03 00:14:18+00:00,2026-08-03 00:14:18+00:00,False,4368.0,Long,41,7,533,37,13,Night,6561,0.05856259115827592,0.007433485892470955,0.06599607705074687,1,0,Medium,Beginning,1,False,False,Late Night,Entertainment,hd
0eo5lmVkq0Y,The Great Advancement Race,"Please *boop* the like button if you enjoy the video! :)

Welcome to the Great Minecraft Advancement Race Challenge with LDShadowLady, Smallishbeans, Smajor1995, SolidarityGaming and TheOrionSound. We have 1 hour to obtain as many Minecraft achievements as possible.

Joel: @SmallishBeans 
Jimmy: @SolidarityGaming 
Oli: @TheOrionSound 
Scott: @Dangthatsalongname 

FOLLOW ME HERE:
Twitter: https://twitter.com/LDShadowLady
Facebook: https://www.facebook.com/LDShadowLadyFB
Instagram: http://www.instagram.com/ldshadowlady
Twitch: http://www.twitch.tv/ldshadowlady

Check out Joel's gaming channel:
http://www.youtube.com/SmallishBeans",UCzTlXb7ivVzuFlugVCv3Kvg,LDShadowLady,"['ldshadowlady', 'minecraft', 'mini game', 'girl gamer', 'pink hair', 'funny', 'walkthrough']",PT22M31S,hd,true,2026-08-01,16:00:13,August,Saturday,20,353592,29791,0,957,2026,8,1,31,3,16,0,13,2026-08-01 16:00:13+00:00,2026-08-01 16:00:13+00:00,True,1351.0,Long,26,4,644,63,7,Afternoon,30748,0.08425247177537953,0.002706509197040657,0.08695898097242019,1,1,Very High,Beginning,1,True,True,Afternoon,Gaming,hd
j0PIVqCOQP8,POOR vs RICH Secret Underground Base!,"POOR vs RICH Secret Underground Base!

This video Dash, Baby Dash, and Anne compete to steal the enemy team's gem! Dash and Anne are on the poor team, while Baby Dash is on the rich team. Who will come out on top? Watch the full video to find out!

#Roblox #Dash",UCdtoloDKybNstNxtT38YTAg,Daaash,"['dash', 'roblox', 'dash roblox', 'dash minecraft', 'minecraft', 'minecraft mod', 'POOR vs RICH Secret Underground Base!']",PT20M46S,hd,false,2026-08-02,19:00:38,August,Sunday,20,102724,1298,0,146,2026,8,2,31,3,19,0,38,2026-08-02 19:00:38+00:00,2026-08-02 19:00:38+00:00,True,1246.0,Long,37,6,262,51,7,Evening,1444,0.012635800786573732,0.0014212842179042872,0.014057085004478019,1,0,Medium,Beginning,1,True,True,Evening,Gaming,hd
eKAUtpDSBW8,SUPER EARLY STREAM.....,"----------------------------------------------------------------------------------------------------
►Become a 4K Member: https://www.youtube.com/channel/UCKIxLTqc1ukKX_QPlg8KS8Q/join

♦ Second Channel: https://www.youtube.com/@UCjsSScayJKWN2jFqQ6NVHsg 
♦ Instagram: https://www.instagram.com/tajh4k/
♦ https://discord.gg/yrryvRjM2j
♦Twitch: https://www.twitch.tv/tajh4k_

#live #tajh4k",UCKIxLTqc1ukKX_QPlg8KS8Q,Tajh4k,[],PT3H25M51S,hd,false,2026-08-02,20:14:15,August,Sunday,20,69891,2038,0,57,2026,8,2,31,3,20,14,15,2026-08-02 20:14:15+00:00,2026-08-02 20:14:15+00:00,True,12351.0,Long,23,3,386,19,0,Evening,2095,0.02915969151965203,0.0008155556509421814,0.029975247170594212,1,0,Low,Beginning,1,True,True,Evening,Gaming,hd
S5Gg83pgo2I,Can You Beat Every LEGO Marvel Game With ONLY Spider-Man Characters?,"Can I beat every LEGO Marvel Game using only Spider-Man characters from LEGO Marvel Superheroes to Avengers & more!

Timestamps -
0:00 LEGO Spider-Man 
0:30 LEGO Marvel Superheroes 
17:00 LEGO Marvel Avengers
19:58 LEGO Marvel Superheroes 2

Spiderman Mods by 
https://www.youtube.com/@TommFoolery/videos
Renzeno 
SwiftKnight5051

Come join my Discord Server-
https://discord.gg/QvfNTn8tbK

Follow my Socials!
https://www.tiktok.com/@ruggedeagle 
https://www.instagram.com/ruggedeagleyt/ 
https://twitter.com/Ruggedeagle77YT

Thumbnail Art Created by -
https://www.twitch.tv/jakiwashere
https://twitter.com/JakiWasHere

Music used in this Video-
https://www.youtube.com/@samuelkimmusic
https://www.youtube.com/channel/UCLuEtEE-MF7EYtGcN0Z6mDg
https://www.youtube.com/@johnzachariahg
https://www.youtube.com/@KrutikovMusic

#lego #spiderman #gaming",UC4nvVkDI_-AMgK3D-wVIWww,RuggedEagle,"['LEGO Marvel', 'LEGO Marvel Superheroes', 'lego games', 'ruggedeagle', 'lego spider man', 'lego spider man game', 'marvel', 'spiderman', 'lego spiderman brand new day', 'lego marvel avengers', 'lego marvel superheroes 2', 'lego marvel games', 'all lego marvel games', 'all characters in lego marvel superheroes', 'lego', 'spiderman lego']",PT21M36S,hd,false,2026-08-02,17:00:02,August,Sunday,20,78543,3261,0,225,2026,8,2,31,3,17,0,2,2026-08-02 17:00:02+00:00,2026-08-02 17:00:02+00:00,True,1296.0,Long,68,11,847,74,16,Afternoon,3486,0.041518658569191395,0.002864672854360032,0.04438333142355143,1,0,Medium,Beginning,1,True,True,Afternoon,Gaming,hd
fy5VqrmPKSM,We Found VERITY in Minecraft,"We Found Verity
Part 2 Verity meets the rest of the Goofy Gang. Will he accept that people can have other friends?
(HEADPHONES RECOMMENDED)

Voice actor: @JustWhispy 
Thanks to @AJTHEBOLD 
Original Verity (great work): @ThatMob 


like the video if you are team yellow!

Friends:
@tinymacdude 
@CheapPickle 
@Wallibear 
@Creebus 
This video is a horror short film, it uses scripted editing and sounds to add the main entity in the video.

Vlog Channel: @al1svlog 

.
.
.
.
.
.
 #minecraft #minecrafthorror #horror #verity #minecraftarg",UCSpzAXtHPzo3_vW1VbYi2eg,al1,[],PT18M49S,hd,false,2026-08-01,17:57:51,August,Saturday,20,737709,19366,0,3185,2026,8,1,31,3,17,57,51,2026-08-01 17:57:51+00:00,2026-08-01 17:57:51+00:00,True,1129.0,Long,28,5,535,83,0,Afternoon,22551,0.026251543630347467,0.004317420554717375,0.030568964185064842,1,0,Very High,Beginning,1,True,True,Afternoon,Gaming,hd
IGsAl1HRNSA,Rebuilding the Lakers Before LeBron on NBA2K18,"Rebuilding the Lakers Before LeBron on NBA2K18

Spotify: https://open.spotify.com/show/033ZEoXHrYH0WMH8vujoLU",UCbTsb893rochfiVVtMPdkYw,Danny2K,[],PT1H29M5S,hd,false,2026-08-03,02:30:30,August,Monday,20,23665,1031,0,138,2026,8,3,32,3,2,30,30,2026-08-03 02:30:30+00:00,2026-08-03 02:30:30+00:00,False,5345.0,Long,46,7,109,9,0,Night,1169,0.043566448341432494,0.005831396577223748,0.049397844918656245,1,0,Low,Beginning,1,True,False,Late Night,Gaming,hd
TihQB0Mjf3g,GEARS OF WAR E-Day Feels Like Classic Gears Again...,"Gears of War E-Day Walkthrough Gameplay includes a Full Game Review, Full Gameplay and Horde Siege on Xbox Series X/S and PC (Steam, Xbox on PC). This Gears of War E-Day Gameplay Walkthrough will include a Review, Reaction, Characters (Marcus Fenix, Dominic Santiago, Mags Carter, Lucas Reyes), Multiplayer (Versus, Horde Siege), Combat, Cinematics, Cut Scenes and OST. I'll be covering the Full Single Player Campaign at launch until the Story Ending. 

Thanks to Xbox for providing me with early access to Gears of War E-Day.

Membership: https://www.youtube.com/channel/UCpqXJOEqGS-TCnazcHCo0rA/join
Subscribe: http://www.youtube.com/subscription_center?add_user=theradbrad
Twitter: http://twitter.com/thaRadBrad
Facebook: http://www.facebook.com/theRadBrad

Gears of War E-Day is a third-person shooter video game developed by The Coalition and People Can Fly and published by Xbox Game Studios. 

Gears of War E-Day Release Date: October 6, 2026

#GearsofWar",UCpqXJOEqGS-TCnazcHCo0rA,theRadBrad,"['Gears of War E-Day', 'Gears of War E Day', 'Gears of War E-Day Gameplay', 'Gears of War E Day Gameplay', 'Gears of War E-Day Walkthrough', 'Gears of War E Day Walkthrough', 'Gears of War E-Day Horde Siege', 'Gears of War E Day Horde Siege', 'Gears of War E-Day Full Game', 'Gears of War E Day Full Game', 'Gears of War E-Day Full Gameplay', 'Gears of War E Day Full Gameplay', 'Gears of War E-Day Reaction', 'Gears of War E Day Reaction', 'Gears E-Day', 'Gears E Day', 'Gears E-Day Gameplay', 'Gears E Day Gameplay']",PT32M9S,sd,false,2026-08-02,14:00:26,August,Sunday,20,134805,5305,0,292,2026,8,2,31,3,14,0,26,2026-08-02 14:00:26+00:00,2026-08-02 14:00:26+00:00,True,1929.0,Long,52,9,963,127,18,Afternoon,5597,0.039353139720336786,0.0021660917621749935,0.04151923148251178,1,0,Medium,Beginning,1,True,True,Afternoon,Gaming,sd
WYBpt9RJrx0,Surviving a DayZ Server Like None Other...,"Surviving the best survival game ever made - DayZ!

🧡 BECOME A MEMBER: https://www.youtube.com/freshspawns/join
🟣 TWITCH:  / freshspawns  
💰 DONATE: https://streamlabs.com/freshspawns1
👕 MERCH: https://ShopFreshSpawns.com
📦PoBox: https://bit.ly/FreshPOBOX

----------------------------------------------------------------------------------

▶️CONNECT WITH US:
💬 JOIN THE DISCORD:   / discord  
🐦Twitter |   / freshspawns  
📷Instagram |   / freshspawns  
🎶 TikTok |   / freshspawns  

----------------------------------------------------------------------------------

🎵 Music | https://share.epidemicsound.com/l5tpcj
🖥️ DayZ Server: https://www.nitra.do/freshspawns

----------------------------------------------------------------------------------

🎧 OUR EQUIPMENT: https://bit.ly/FS-PC-BUILD

----------------------------------------------------------------------------------

#dayz",UCwVJr6R-2Hbezs5Ur4zmcLw,Fresh Spawns,"['dayz', 'fresh spawns']",PT7H8M48S,hd,false,2026-08-02,16:45:05,August,Sunday,20,46968,787,0,6,2026,8,2,31,3,16,45,5,2026-08-02 16:45:05+00:00,2026-08-02 16:45:05+00:00,True,25728.0,Long,42,7,885,65,2,Afternoon,793,0.016756089252256856,0.00012774655084312725,0.016883835803099982,1,0,Low,Beginning,1,True,True,Afternoon,Gaming,hd
NLclGWwrb-Q,I built an ABANDONED apartment complex in The Sims 4,"happy mold sunday?

Full VODs!
https://www.youtube.com/watch?v=o3ClY5ek-y4
https://www.youtube.com/watch?v=_ncnyxJHgy4

Daily Twitch streams! https://www.twitch.tv/lilsimsie

Check out my merch! https://lilsimsie.shop/

Find me elsewhere!
★ Instagram: https://www.instagram.com/lilsimsie/
★ TikTok: https://www.tiktok.com/@lilsimsie
★ Bluesky: https://bsky.app/profile/lilsimsie.bsky.social
★ Twitch Streams: https://www.twitch.tv/lilsimsie
★ Stream Reuploads: https://www.youtube.com/c/moresimsie
★ Sims Gallery: lilsimsie

This video is family friendly, but The Sims 4 is rated T for Teen and this video is intended for an audience aged 13 and up.

Business Inquiries: lilsimsie@iso-ent.com",UC_TYFButglZuuDbD-0Q_IzQ,lilsimsie,"['the sims', 'ts4', 'ts3', 'sims 4', 'sims 3', 'fixer upper', 'lilsimsie', 'kayla sims', 'kayla', 'gameplay', 'challenge', 'pg', 'family friendly', 'sims challenge', 'build', 'building', 'house']",PT22M37S,hd,true,2026-08-02,19:00:32,August,Sunday,20,56755,5113,0,239,2026,8,2,31,3,19,0,32,2026-08-02 19:00:32+00:00,2026-08-02 19:00:32+00:00,True,1357.0,Long,52,10,692,69,17,Evening,5352,0.09008897894458638,0.004211082723989076,0.09430006166857545,1,1,Low,Beginning,1,True,True,Evening,Gaming,hd
-QRTxkY2Gq4,🔴LIVE - SEN vs. G2 - VCT Americas Stage 2 - Twitter @tarik 🔴,ELLO ELLO ELLO,UCTbtlMEiBfs0zZLQyJzR0Uw,tarik,"['tarik', 'twitch', 'twitch highlights', 'tarik twitch', 'best of tarik', 'tarik twitch highlights', 'tarik stream', 'tarik valorant', 'valorant highlights', 'valorant clips', 'tarik clips', 'sentinels', 'tarik reacts', 'VCT', 'funny clips', 'valorant', 'streaming clips', 'stream highlights', 'sen']",PT3H52M55S,hd,false,2026-08-03,03:04:13,August,Monday,20,65881,581,0,4,2026,8,3,32,3,3,4,13,2026-08-03 03:04:13+00:00,2026-08-03 03:04:13+00:00,False,13975.0,Long,60,14,14,3,19,Night,585,0.008818931103049437,6.071553255111489e-05,0.008879646635600553,1,0,Low,Beginning,1,True,False,Late Night,Gaming,hd
