quote_id,quote_text,author,tags,source_url,text_length,original_text,normalized_text,tokens,filtered_tokens,lemmatized_tokens,stemmed_tokens,processed_text,original_char_count,processed_char_count,original_word_count,processed_word_count,bigrams,trigrams
1,“The world as we have created it is a process of our thinking. It cannot be changed without changing our thinking.”,Albert Einstein,"change, deep-thoughts, thinking, world",https://quotes.toscrape.com/,115,“The world as we have created it is a process of our thinking. It cannot be changed without changing our thinking.”,the world as we have created it is a process of our thinking it cannot be changed without changing our thinking,"['the', 'world', 'as', 'we', 'have', 'created', 'it', 'is', 'a', 'process', 'of', 'our', 'thinking', 'it', 'can', 'not', 'be', 'changed', 'without', 'changing', 'our', 'thinking']","['world', 'created', 'process', 'thinking', 'changed', 'without', 'changing', 'thinking']","['world', 'created', 'process', 'thinking', 'changed', 'without', 'changing', 'thinking']","['world', 'creat', 'process', 'think', 'chang', 'without', 'chang', 'think']",world created process thinking changed without changing thinking,115,64,22,8,"['world created', 'created process', 'process thinking', 'thinking changed', 'changed without', 'without changing', 'changing thinking']","['world created process', 'created process thinking', 'process thinking changed', 'thinking changed without', 'changed without changing', 'without changing thinking']"
2,"“It is our choices, Harry, that show what we truly are, far more than our abilities.”",J.K. Rowling,"abilities, choices",https://quotes.toscrape.com/,85,"“It is our choices, Harry, that show what we truly are, far more than our abilities.”",it is our choices harry that show what we truly are far more than our abilities,"['it', 'is', 'our', 'choices', 'harry', 'that', 'show', 'what', 'we', 'truly', 'are', 'far', 'more', 'than', 'our', 'abilities']","['choices', 'harry', 'show', 'truly', 'far', 'abilities']","['choice', 'harry', 'show', 'truly', 'far', 'ability']","['choic', 'harri', 'show', 'truli', 'far', 'abil']",choice harry show truly far ability,85,35,16,6,"['choice harry', 'harry show', 'show truly', 'truly far', 'far ability']","['choice harry show', 'harry show truly', 'show truly far', 'truly far ability']"
3,“There are only two ways to live your life. One is as though nothing is a miracle. The other is as though everything is a miracle.”,Albert Einstein,"inspirational, life, live, miracle, miracles",https://quotes.toscrape.com/,131,“There are only two ways to live your life. One is as though nothing is a miracle. The other is as though everything is a miracle.”,there are only two ways to live your life one is as though nothing is a miracle the other is as though everything is a miracle,"['there', 'are', 'only', 'two', 'ways', 'to', 'live', 'your', 'life', 'one', 'is', 'as', 'though', 'nothing', 'is', 'a', 'miracle', 'the', 'other', 'is', 'as', 'though', 'everything', 'is', 'a', 'miracle']","['two', 'ways', 'live', 'life', 'one', 'though', 'nothing', 'miracle', 'though', 'everything', 'miracle']","['two', 'way', 'live', 'life', 'one', 'though', 'nothing', 'miracle', 'though', 'everything', 'miracle']","['two', 'way', 'live', 'life', 'one', 'though', 'noth', 'miracl', 'though', 'everyth', 'miracl']",two way live life one though nothing miracle though everything miracle,131,70,26,11,"['two way', 'way live', 'live life', 'life one', 'one though', 'though nothing', 'nothing miracle', 'miracle though', 'though everything', 'everything miracle']","['two way live', 'way live life', 'live life one', 'life one though', 'one though nothing', 'though nothing miracle', 'nothing miracle though', 'miracle though everything', 'though everything miracle']"
4,"“The person, be it gentleman or lady, who has not pleasure in a good novel, must be intolerably stupid.”",Jane Austen,"aliteracy, books, classic, humor",https://quotes.toscrape.com/,104,"“The person, be it gentleman or lady, who has not pleasure in a good novel, must be intolerably stupid.”",the person be it gentleman or lady who has not pleasure in a good novel must be intolerably stupid,"['the', 'person', 'be', 'it', 'gentleman', 'or', 'lady', 'who', 'has', 'not', 'pleasure', 'in', 'a', 'good', 'novel', 'must', 'be', 'intolerably', 'stupid']","['person', 'gentleman', 'lady', 'pleasure', 'good', 'novel', 'must', 'intolerably', 'stupid']","['person', 'gentleman', 'lady', 'pleasure', 'good', 'novel', 'must', 'intolerably', 'stupid']","['person', 'gentleman', 'ladi', 'pleasur', 'good', 'novel', 'must', 'intoler', 'stupid']",person gentleman lady pleasure good novel must intolerably stupid,104,65,19,9,"['person gentleman', 'gentleman lady', 'lady pleasure', 'pleasure good', 'good novel', 'novel must', 'must intolerably', 'intolerably stupid']","['person gentleman lady', 'gentleman lady pleasure', 'lady pleasure good', 'pleasure good novel', 'good novel must', 'novel must intolerably', 'must intolerably stupid']"
5,"“Imperfection is beauty, madness is genius and it's better to be absolutely ridiculous than absolutely boring.”",Marilyn Monroe,"be-yourself, inspirational",https://quotes.toscrape.com/,111,"“Imperfection is beauty, madness is genius and it's better to be absolutely ridiculous than absolutely boring.”",imperfection is beauty madness is genius and its better to be absolutely ridiculous than absolutely boring,"['imperfection', 'is', 'beauty', 'madness', 'is', 'genius', 'and', 'its', 'better', 'to', 'be', 'absolutely', 'ridiculous', 'than', 'absolutely', 'boring']","['imperfection', 'beauty', 'madness', 'genius', 'better', 'absolutely', 'ridiculous', 'absolutely', 'boring']","['imperfection', 'beauty', 'madness', 'genius', 'better', 'absolutely', 'ridiculous', 'absolutely', 'boring']","['imperfect', 'beauti', 'mad', 'geniu', 'better', 'absolut', 'ridicul', 'absolut', 'bore']",imperfection beauty madness genius better absolutely ridiculous absolutely boring,111,81,16,9,"['imperfection beauty', 'beauty madness', 'madness genius', 'genius better', 'better absolutely', 'absolutely ridiculous', 'ridiculous absolutely', 'absolutely boring']","['imperfection beauty madness', 'beauty madness genius', 'madness genius better', 'genius better absolutely', 'better absolutely ridiculous', 'absolutely ridiculous absolutely', 'ridiculous absolutely boring']"
6,“Try not to become a man of success. Rather become a man of value.”,Albert Einstein,"adulthood, success, value",https://quotes.toscrape.com/,67,“Try not to become a man of success. Rather become a man of value.”,try not to become a man of success rather become a man of value,"['try', 'not', 'to', 'become', 'a', 'man', 'of', 'success', 'rather', 'become', 'a', 'man', 'of', 'value']","['try', 'become', 'man', 'success', 'rather', 'become', 'man', 'value']","['try', 'become', 'man', 'success', 'rather', 'become', 'man', 'value']","['tri', 'becom', 'man', 'success', 'rather', 'becom', 'man', 'valu']",try become man success rather become man value,67,46,14,8,"['try become', 'become man', 'man success', 'success rather', 'rather become', 'become man', 'man value']","['try become man', 'become man success', 'man success rather', 'success rather become', 'rather become man', 'become man value']"
7,“It is better to be hated for what you are than to be loved for what you are not.”,André Gide,"life, love",https://quotes.toscrape.com/,82,“It is better to be hated for what you are than to be loved for what you are not.”,it is better to be hated for what you are than to be loved for what you are not,"['it', 'is', 'better', 'to', 'be', 'hated', 'for', 'what', 'you', 'are', 'than', 'to', 'be', 'loved', 'for', 'what', 'you', 'are', 'not']","['better', 'hated', 'loved']","['better', 'hated', 'loved']","['better', 'hate', 'love']",better hated loved,82,18,19,3,"['better hated', 'hated loved']",['better hated loved']
8,"“I have not failed. I've just found 10,000 ways that won't work.”",Thomas A. Edison,"edison, failure, inspirational, paraphrased",https://quotes.toscrape.com/,65,"“I have not failed. I've just found 10,000 ways that won't work.”",i have not failed ive just found ways that wont work,"['i', 'have', 'not', 'failed', 'ive', 'just', 'found', 'ways', 'that', 'wont', 'work']","['failed', 'ive', 'found', 'ways', 'wont', 'work']","['failed', 'ive', 'found', 'way', 'wont', 'work']","['fail', 'ive', 'found', 'way', 'wont', 'work']",failed ive found way wont work,65,30,11,6,"['failed ive', 'ive found', 'found way', 'way wont', 'wont work']","['failed ive found', 'ive found way', 'found way wont', 'way wont work']"
9,“A woman is like a tea bag; you never know how strong it is until it's in hot water.”,Eleanor Roosevelt,misattributed-eleanor-roosevelt,https://quotes.toscrape.com/,85,“A woman is like a tea bag; you never know how strong it is until it's in hot water.”,a woman is like a tea bag you never know how strong it is until its in hot water,"['a', 'woman', 'is', 'like', 'a', 'tea', 'bag', 'you', 'never', 'know', 'how', 'strong', 'it', 'is', 'until', 'its', 'in', 'hot', 'water']","['woman', 'like', 'tea', 'bag', 'never', 'know', 'strong', 'hot', 'water']","['woman', 'like', 'tea', 'bag', 'never', 'know', 'strong', 'hot', 'water']","['woman', 'like', 'tea', 'bag', 'never', 'know', 'strong', 'hot', 'water']",woman like tea bag never know strong hot water,85,46,19,9,"['woman like', 'like tea', 'tea bag', 'bag never', 'never know', 'know strong', 'strong hot', 'hot water']","['woman like tea', 'like tea bag', 'tea bag never', 'bag never know', 'never know strong', 'know strong hot', 'strong hot water']"
10,"“A day without sunshine is like, you know, night.”",Steve Martin,"humor, obvious, simile",https://quotes.toscrape.com/,50,"“A day without sunshine is like, you know, night.”",a day without sunshine is like you know night,"['a', 'day', 'without', 'sunshine', 'is', 'like', 'you', 'know', 'night']","['day', 'without', 'sunshine', 'like', 'know', 'night']","['day', 'without', 'sunshine', 'like', 'know', 'night']","['day', 'without', 'sunshin', 'like', 'know', 'night']",day without sunshine like know night,50,36,9,6,"['day without', 'without sunshine', 'sunshine like', 'like know', 'know night']","['day without sunshine', 'without sunshine like', 'sunshine like know', 'like know night']"
11,"“This life is what you make it. No matter what, you're going to mess up sometimes, it's a universal truth. But the good part is you get to decide how you're going to mess it up. Girls will be your friends - they'll act like it anyway. But just remember, some come, some go. The ones that stay with you through everything - they're your true best friends. Don't let go of them. Also remember, sisters make the best friends in the world. As for lovers, well, they'll come and go too. And baby, I hate to say it, most of them - actually pretty much all of them are going to break your heart, but you can't give up because if you give up, you'll never find your soulmate. You'll never find that half who makes you whole and that goes for everything. Just because you fail once, doesn't mean you're gonna fail at everything. Keep trying, hold on, and always, always, always believe in yourself, because if you don't, then who will, sweetie? So keep your head high, keep your chin up, and most importantly, keep smiling, because life's a beautiful thing and there's so much to smile about.”",Marilyn Monroe,"friends, heartbreak, inspirational, life, love, sisters",https://quotes.toscrape.com/page/2/,1084,"“This life is what you make it. No matter what, you're going to mess up sometimes, it's a universal truth. But the good part is you get to decide how you're going to mess it up. Girls will be your friends - they'll act like it anyway. But just remember, some come, some go. The ones that stay with you through everything - they're your true best friends. Don't let go of them. Also remember, sisters make the best friends in the world. As for lovers, well, they'll come and go too. And baby, I hate to say it, most of them - actually pretty much all of them are going to break your heart, but you can't give up because if you give up, you'll never find your soulmate. You'll never find that half who makes you whole and that goes for everything. Just because you fail once, doesn't mean you're gonna fail at everything. Keep trying, hold on, and always, always, always believe in yourself, because if you don't, then who will, sweetie? So keep your head high, keep your chin up, and most importantly, keep smiling, because life's a beautiful thing and there's so much to smile about.”",this life is what you make it no matter what youre going to mess up sometimes its a universal truth but the good part is you get to decide how youre going to mess it up girls will be your friends theyll act like it anyway but just remember some come some go the ones that stay with you through everything theyre your true best friends dont let go of them also remember sisters make the best friends in the world as for lovers well theyll come and go too and baby i hate to say it most of them actually pretty much all of them are going to break your heart but you cant give up because if you give up youll never find your soulmate youll never find that half who makes you whole and that goes for everything just because you fail once doesnt mean youre gonna fail at everything keep trying hold on and always always always believe in yourself because if you dont then who will sweetie so keep your head high keep your chin up and most importantly keep smiling because lifes a beautiful thing and theres so much to smile about,"['this', 'life', 'is', 'what', 'you', 'make', 'it', 'no', 'matter', 'what', 'youre', 'going', 'to', 'mess', 'up', 'sometimes', 'its', 'a', 'universal', 'truth', 'but', 'the', 'good', 'part', 'is', 'you', 'get', 'to', 'decide', 'how', 'youre', 'going', 'to', 'mess', 'it', 'up', 'girls', 'will', 'be', 'your', 'friends', 'theyll', 'act', 'like', 'it', 'anyway', 'but', 'just', 'remember', 'some', 'come', 'some', 'go', 'the', 'ones', 'that', 'stay', 'with', 'you', 'through', 'everything', 'theyre', 'your', 'true', 'best', 'friends', 'dont', 'let', 'go', 'of', 'them', 'also', 'remember', 'sisters', 'make', 'the', 'best', 'friends', 'in', 'the', 'world', 'as', 'for', 'lovers', 'well', 'theyll', 'come', 'and', 'go', 'too', 'and', 'baby', 'i', 'hate', 'to', 'say', 'it', 'most', 'of', 'them', 'actually', 'pretty', 'much', 'all', 'of', 'them', 'are', 'going', 'to', 'break', 'your', 'heart', 'but', 'you', 'cant', 'give', 'up', 'because', 'if', 'you', 'give', 'up', 'youll', 'never', 'find', 'your', 'soulmate', 'youll', 'never', 'find', 'that', 'half', 'who', 'makes', 'you', 'whole', 'and', 'that', 'goes', 'for', 'everything', 'just', 'because', 'you', 'fail', 'once', 'doesnt', 'mean', 'youre', 'gon', 'na', 'fail', 'at', 'everything', 'keep', 'trying', 'hold', 'on', 'and', 'always', 'always', 'always', 'believe', 'in', 'yourself', 'because', 'if', 'you', 'dont', 'then', 'who', 'will', 'sweetie', 'so', 'keep', 'your', 'head', 'high', 'keep', 'your', 'chin', 'up', 'and', 'most', 'importantly', 'keep', 'smiling', 'because', 'lifes', 'a', 'beautiful', 'thing', 'and', 'theres', 'so', 'much', 'to', 'smile', 'about']","['life', 'make', 'matter', 'youre', 'going', 'mess', 'sometimes', 'universal', 'truth', 'good', 'part', 'get', 'decide', 'youre', 'going', 'mess', 'girls', 'friends', 'theyll', 'act', 'like', 'anyway', 'remember', 'come', 'go', 'ones', 'stay', 'everything', 'theyre', 'true', 'best', 'friends', 'dont', 'let', 'go', 'also', 'remember', 'sisters', 'make', 'best', 'friends', 'world', 'lovers', 'well', 'theyll', 'come', 'go', 'baby', 'hate', 'say', 'actually', 'pretty', 'much', 'going', 'break', 'heart', 'cant', 'give', 'give', 'youll', 'never', 'find', 'soulmate', 'youll', 'never', 'find', 'half', 'makes', 'whole', 'goes', 'everything', 'fail', 'doesnt', 'mean', 'youre', 'gon', 'na', 'fail', 'everything', 'keep', 'trying', 'hold', 'always', 'always', 'always', 'believe', 'dont', 'sweetie', 'keep', 'head', 'high', 'keep', 'chin', 'importantly', 'keep', 'smiling', 'lifes', 'beautiful', 'thing', 'theres', 'much', 'smile']","['life', 'make', 'matter', 'youre', 'going', 'mess', 'sometimes', 'universal', 'truth', 'good', 'part', 'get', 'decide', 'youre', 'going', 'mess', 'girl', 'friend', 'theyll', 'act', 'like', 'anyway', 'remember', 'come', 'go', 'one', 'stay', 'everything', 'theyre', 'true', 'best', 'friend', 'dont', 'let', 'go', 'also', 'remember', 'sister', 'make', 'best', 'friend', 'world', 'lover', 'well', 'theyll', 'come', 'go', 'baby', 'hate', 'say', 'actually', 'pretty', 'much', 'going', 'break', 'heart', 'cant', 'give', 'give', 'youll', 'never', 'find', 'soulmate', 'youll', 'never', 'find', 'half', 'make', 'whole', 'go', 'everything', 'fail', 'doesnt', 'mean', 'youre', 'gon', 'na', 'fail', 'everything', 'keep', 'trying', 'hold', 'always', 'always', 'always', 'believe', 'dont', 'sweetie', 'keep', 'head', 'high', 'keep', 'chin', 'importantly', 'keep', 'smiling', 'life', 'beautiful', 'thing', 'there', 'much', 'smile']","['life', 'make', 'matter', 'your', 'go', 'mess', 'sometim', 'univers', 'truth', 'good', 'part', 'get', 'decid', 'your', 'go', 'mess', 'girl', 'friend', 'theyll', 'act', 'like', 'anyway', 'rememb', 'come', 'go', 'one', 'stay', 'everyth', 'theyr', 'true', 'best', 'friend', 'dont', 'let', 'go', 'also', 'rememb', 'sister', 'make', 'best', 'friend', 'world', 'lover', 'well', 'theyll', 'come', 'go', 'babi', 'hate', 'say', 'actual', 'pretti', 'much', 'go', 'break', 'heart', 'cant', 'give', 'give', 'youll', 'never', 'find', 'soulmat', 'youll', 'never', 'find', 'half', 'make', 'whole', 'goe', 'everyth', 'fail', 'doesnt', 'mean', 'your', 'gon', 'na', 'fail', 'everyth', 'keep', 'tri', 'hold', 'alway', 'alway', 'alway', 'believ', 'dont', 'sweeti', 'keep', 'head', 'high', 'keep', 'chin', 'importantli', 'keep', 'smile', 'life', 'beauti', 'thing', 'there', 'much', 'smile']",life make matter youre going mess sometimes universal truth good part get decide youre going mess girl friend theyll act like anyway remember come go one stay everything theyre true best friend dont let go also remember sister make best friend world lover well theyll come go baby hate say actually pretty much going break heart cant give give youll never find soulmate youll never find half make whole go everything fail doesnt mean youre gon na fail everything keep trying hold always always always believe dont sweetie keep head high keep chin importantly keep smiling life beautiful thing there much smile,1084,609,199,102,"['life make', 'make matter', 'matter youre', 'youre going', 'going mess', 'mess sometimes', 'sometimes universal', 'universal truth', 'truth good', 'good part', 'part get', 'get decide', 'decide youre', 'youre going', 'going mess', 'mess girl', 'girl friend', 'friend theyll', 'theyll act', 'act like', 'like anyway', 'anyway remember', 'remember come', 'come go', 'go one', 'one stay', 'stay everything', 'everything theyre', 'theyre true', 'true best', 'best friend', 'friend dont', 'dont let', 'let go', 'go also', 'also remember', 'remember sister', 'sister make', 'make best', 'best friend', 'friend world', 'world lover', 'lover well', 'well theyll', 'theyll come', 'come go', 'go baby', 'baby hate', 'hate say', 'say actually', 'actually pretty', 'pretty much', 'much going', 'going break', 'break heart', 'heart cant', 'cant give', 'give give', 'give youll', 'youll never', 'never find', 'find soulmate', 'soulmate youll', 'youll never', 'never find', 'find half', 'half make', 'make whole', 'whole go', 'go everything', 'everything fail', 'fail doesnt', 'doesnt mean', 'mean youre', 'youre gon', 'gon na', 'na fail', 'fail everything', 'everything keep', 'keep trying', 'trying hold', 'hold always', 'always always', 'always always', 'always believe', 'believe dont', 'dont sweetie', 'sweetie keep', 'keep head', 'head high', 'high keep', 'keep chin', 'chin importantly', 'importantly keep', 'keep smiling', 'smiling life', 'life beautiful', 'beautiful thing', 'thing there', 'there much', 'much smile']","['life make matter', 'make matter youre', 'matter youre going', 'youre going mess', 'going mess sometimes', 'mess sometimes universal', 'sometimes universal truth', 'universal truth good', 'truth good part', 'good part get', 'part get decide', 'get decide youre', 'decide youre going', 'youre going mess', 'going mess girl', 'mess girl friend', 'girl friend theyll', 'friend theyll act', 'theyll act like', 'act like anyway', 'like anyway remember', 'anyway remember come', 'remember come go', 'come go one', 'go one stay', 'one stay everything', 'stay everything theyre', 'everything theyre true', 'theyre true best', 'true best friend', 'best friend dont', 'friend dont let', 'dont let go', 'let go also', 'go also remember', 'also remember sister', 'remember sister make', 'sister make best', 'make best friend', 'best friend world', 'friend world lover', 'world lover well', 'lover well theyll', 'well theyll come', 'theyll come go', 'come go baby', 'go baby hate', 'baby hate say', 'hate say actually', 'say actually pretty', 'actually pretty much', 'pretty much going', 'much going break', 'going break heart', 'break heart cant', 'heart cant give', 'cant give give', 'give give youll', 'give youll never', 'youll never find', 'never find soulmate', 'find soulmate youll', 'soulmate youll never', 'youll never find', 'never find half', 'find half make', 'half make whole', 'make whole go', 'whole go everything', 'go everything fail', 'everything fail doesnt', 'fail doesnt mean', 'doesnt mean youre', 'mean youre gon', 'youre gon na', 'gon na fail', 'na fail everything', 'fail everything keep', 'everything keep trying', 'keep trying hold', 'trying hold always', 'hold always always', 'always always always', 'always always believe', 'always believe dont', 'believe dont sweetie', 'dont sweetie keep', 'sweetie keep head', 'keep head high', 'head high keep', 'high keep chin', 'keep chin importantly', 'chin importantly keep', 'importantly keep smiling', 'keep smiling life', 'smiling life beautiful', 'life beautiful thing', 'beautiful thing there', 'thing there much', 'there much smile']"
12,"“It takes a great deal of bravery to stand up to our enemies, but just as much to stand up to our friends.”",J.K. Rowling,"courage, friends",https://quotes.toscrape.com/page/2/,107,"“It takes a great deal of bravery to stand up to our enemies, but just as much to stand up to our friends.”",it takes a great deal of bravery to stand up to our enemies but just as much to stand up to our friends,"['it', 'takes', 'a', 'great', 'deal', 'of', 'bravery', 'to', 'stand', 'up', 'to', 'our', 'enemies', 'but', 'just', 'as', 'much', 'to', 'stand', 'up', 'to', 'our', 'friends']","['takes', 'great', 'deal', 'bravery', 'stand', 'enemies', 'much', 'stand', 'friends']","['take', 'great', 'deal', 'bravery', 'stand', 'enemy', 'much', 'stand', 'friend']","['take', 'great', 'deal', 'braveri', 'stand', 'enemi', 'much', 'stand', 'friend']",take great deal bravery stand enemy much stand friend,107,53,23,9,"['take great', 'great deal', 'deal bravery', 'bravery stand', 'stand enemy', 'enemy much', 'much stand', 'stand friend']","['take great deal', 'great deal bravery', 'deal bravery stand', 'bravery stand enemy', 'stand enemy much', 'enemy much stand', 'much stand friend']"
13,"“If you can't explain it to a six year old, you don't understand it yourself.”",Albert Einstein,"simplicity, understand",https://quotes.toscrape.com/page/2/,78,"“If you can't explain it to a six year old, you don't understand it yourself.”",if you cant explain it to a six year old you dont understand it yourself,"['if', 'you', 'cant', 'explain', 'it', 'to', 'a', 'six', 'year', 'old', 'you', 'dont', 'understand', 'it', 'yourself']","['cant', 'explain', 'six', 'year', 'old', 'dont', 'understand']","['cant', 'explain', 'six', 'year', 'old', 'dont', 'understand']","['cant', 'explain', 'six', 'year', 'old', 'dont', 'understand']",cant explain six year old dont understand,78,41,15,7,"['cant explain', 'explain six', 'six year', 'year old', 'old dont', 'dont understand']","['cant explain six', 'explain six year', 'six year old', 'year old dont', 'old dont understand']"
14,"“You may not be her first, her last, or her only. She loved before she may love again. But if she loves you now, what else matters? She's not perfect—you aren't either, and the two of you may never be perfect together but if she can make you laugh, cause you to think twice, and admit to being human and making mistakes, hold onto her and give her the most you can. She may not be thinking about you every second of the day, but she will give you a part of her that she knows you can break—her heart. So don't hurt her, don't change her, don't analyze and don't expect more than she can give. Smile when she makes you happy, let her know when she makes you mad, and miss her when she's not there.”",Bob Marley,love,https://quotes.toscrape.com/page/2/,697,"“You may not be her first, her last, or her only. She loved before she may love again. But if she loves you now, what else matters? She's not perfect—you aren't either, and the two of you may never be perfect together but if she can make you laugh, cause you to think twice, and admit to being human and making mistakes, hold onto her and give her the most you can. She may not be thinking about you every second of the day, but she will give you a part of her that she knows you can break—her heart. So don't hurt her, don't change her, don't analyze and don't expect more than she can give. Smile when she makes you happy, let her know when she makes you mad, and miss her when she's not there.”",you may not be her first her last or her only she loved before she may love again but if she loves you now what else matters shes not perfect you arent either and the two of you may never be perfect together but if she can make you laugh cause you to think twice and admit to being human and making mistakes hold onto her and give her the most you can she may not be thinking about you every second of the day but she will give you a part of her that she knows you can break her heart so dont hurt her dont change her dont analyze and dont expect more than she can give smile when she makes you happy let her know when she makes you mad and miss her when shes not there,"['you', 'may', 'not', 'be', 'her', 'first', 'her', 'last', 'or', 'her', 'only', 'she', 'loved', 'before', 'she', 'may', 'love', 'again', 'but', 'if', 'she', 'loves', 'you', 'now', 'what', 'else', 'matters', 'shes', 'not', 'perfect', 'you', 'arent', 'either', 'and', 'the', 'two', 'of', 'you', 'may', 'never', 'be', 'perfect', 'together', 'but', 'if', 'she', 'can', 'make', 'you', 'laugh', 'cause', 'you', 'to', 'think', 'twice', 'and', 'admit', 'to', 'being', 'human', 'and', 'making', 'mistakes', 'hold', 'onto', 'her', 'and', 'give', 'her', 'the', 'most', 'you', 'can', 'she', 'may', 'not', 'be', 'thinking', 'about', 'you', 'every', 'second', 'of', 'the', 'day', 'but', 'she', 'will', 'give', 'you', 'a', 'part', 'of', 'her', 'that', 'she', 'knows', 'you', 'can', 'break', 'her', 'heart', 'so', 'dont', 'hurt', 'her', 'dont', 'change', 'her', 'dont', 'analyze', 'and', 'dont', 'expect', 'more', 'than', 'she', 'can', 'give', 'smile', 'when', 'she', 'makes', 'you', 'happy', 'let', 'her', 'know', 'when', 'she', 'makes', 'you', 'mad', 'and', 'miss', 'her', 'when', 'shes', 'not', 'there']","['may', 'first', 'last', 'loved', 'may', 'love', 'loves', 'else', 'matters', 'shes', 'perfect', 'arent', 'either', 'two', 'may', 'never', 'perfect', 'together', 'make', 'laugh', 'cause', 'think', 'twice', 'admit', 'human', 'making', 'mistakes', 'hold', 'onto', 'give', 'may', 'thinking', 'every', 'second', 'day', 'give', 'part', 'knows', 'break', 'heart', 'dont', 'hurt', 'dont', 'change', 'dont', 'analyze', 'dont', 'expect', 'give', 'smile', 'makes', 'happy', 'let', 'know', 'makes', 'mad', 'miss', 'shes']","['may', 'first', 'last', 'loved', 'may', 'love', 'love', 'else', 'matter', 'shes', 'perfect', 'arent', 'either', 'two', 'may', 'never', 'perfect', 'together', 'make', 'laugh', 'cause', 'think', 'twice', 'admit', 'human', 'making', 'mistake', 'hold', 'onto', 'give', 'may', 'thinking', 'every', 'second', 'day', 'give', 'part', 'know', 'break', 'heart', 'dont', 'hurt', 'dont', 'change', 'dont', 'analyze', 'dont', 'expect', 'give', 'smile', 'make', 'happy', 'let', 'know', 'make', 'mad', 'miss', 'shes']","['may', 'first', 'last', 'love', 'may', 'love', 'love', 'els', 'matter', 'she', 'perfect', 'arent', 'either', 'two', 'may', 'never', 'perfect', 'togeth', 'make', 'laugh', 'caus', 'think', 'twice', 'admit', 'human', 'make', 'mistak', 'hold', 'onto', 'give', 'may', 'think', 'everi', 'second', 'day', 'give', 'part', 'know', 'break', 'heart', 'dont', 'hurt', 'dont', 'chang', 'dont', 'analyz', 'dont', 'expect', 'give', 'smile', 'make', 'happi', 'let', 'know', 'make', 'mad', 'miss', 'she']",may first last loved may love love else matter shes perfect arent either two may never perfect together make laugh cause think twice admit human making mistake hold onto give may thinking every second day give part know break heart dont hurt dont change dont analyze dont expect give smile make happy let know make mad miss shes,697,328,140,58,"['may first', 'first last', 'last loved', 'loved may', 'may love', 'love love', 'love else', 'else matter', 'matter shes', 'shes perfect', 'perfect arent', 'arent either', 'either two', 'two may', 'may never', 'never perfect', 'perfect together', 'together make', 'make laugh', 'laugh cause', 'cause think', 'think twice', 'twice admit', 'admit human', 'human making', 'making mistake', 'mistake hold', 'hold onto', 'onto give', 'give may', 'may thinking', 'thinking every', 'every second', 'second day', 'day give', 'give part', 'part know', 'know break', 'break heart', 'heart dont', 'dont hurt', 'hurt dont', 'dont change', 'change dont', 'dont analyze', 'analyze dont', 'dont expect', 'expect give', 'give smile', 'smile make', 'make happy', 'happy let', 'let know', 'know make', 'make mad', 'mad miss', 'miss shes']","['may first last', 'first last loved', 'last loved may', 'loved may love', 'may love love', 'love love else', 'love else matter', 'else matter shes', 'matter shes perfect', 'shes perfect arent', 'perfect arent either', 'arent either two', 'either two may', 'two may never', 'may never perfect', 'never perfect together', 'perfect together make', 'together make laugh', 'make laugh cause', 'laugh cause think', 'cause think twice', 'think twice admit', 'twice admit human', 'admit human making', 'human making mistake', 'making mistake hold', 'mistake hold onto', 'hold onto give', 'onto give may', 'give may thinking', 'may thinking every', 'thinking every second', 'every second day', 'second day give', 'day give part', 'give part know', 'part know break', 'know break heart', 'break heart dont', 'heart dont hurt', 'dont hurt dont', 'hurt dont change', 'dont change dont', 'change dont analyze', 'dont analyze dont', 'analyze dont expect', 'dont expect give', 'expect give smile', 'give smile make', 'smile make happy', 'make happy let', 'happy let know', 'let know make', 'know make mad', 'make mad miss', 'mad miss shes']"
15,"“I like nonsense, it wakes up the brain cells. Fantasy is a necessary ingredient in living.”",Dr. Seuss,fantasy,https://quotes.toscrape.com/page/2/,92,"“I like nonsense, it wakes up the brain cells. Fantasy is a necessary ingredient in living.”",i like nonsense it wakes up the brain cells fantasy is a necessary ingredient in living,"['i', 'like', 'nonsense', 'it', 'wakes', 'up', 'the', 'brain', 'cells', 'fantasy', 'is', 'a', 'necessary', 'ingredient', 'in', 'living']","['like', 'nonsense', 'wakes', 'brain', 'cells', 'fantasy', 'necessary', 'ingredient', 'living']","['like', 'nonsense', 'wake', 'brain', 'cell', 'fantasy', 'necessary', 'ingredient', 'living']","['like', 'nonsens', 'wake', 'brain', 'cell', 'fantasi', 'necessari', 'ingredi', 'live']",like nonsense wake brain cell fantasy necessary ingredient living,92,65,16,9,"['like nonsense', 'nonsense wake', 'wake brain', 'brain cell', 'cell fantasy', 'fantasy necessary', 'necessary ingredient', 'ingredient living']","['like nonsense wake', 'nonsense wake brain', 'wake brain cell', 'brain cell fantasy', 'cell fantasy necessary', 'fantasy necessary ingredient', 'necessary ingredient living']"
16,"“I may not have gone where I intended to go, but I think I have ended up where I needed to be.”",Douglas Adams,"life, navigation",https://quotes.toscrape.com/page/2/,95,"“I may not have gone where I intended to go, but I think I have ended up where I needed to be.”",i may not have gone where i intended to go but i think i have ended up where i needed to be,"['i', 'may', 'not', 'have', 'gone', 'where', 'i', 'intended', 'to', 'go', 'but', 'i', 'think', 'i', 'have', 'ended', 'up', 'where', 'i', 'needed', 'to', 'be']","['may', 'gone', 'intended', 'go', 'think', 'ended', 'needed']","['may', 'gone', 'intended', 'go', 'think', 'ended', 'needed']","['may', 'gone', 'intend', 'go', 'think', 'end', 'need']",may gone intended go think ended needed,95,39,22,7,"['may gone', 'gone intended', 'intended go', 'go think', 'think ended', 'ended needed']","['may gone intended', 'gone intended go', 'intended go think', 'go think ended', 'think ended needed']"
17,"“The opposite of love is not hate, it's indifference. The opposite of art is not ugliness, it's indifference. The opposite of faith is not heresy, it's indifference. And the opposite of life is not death, it's indifference.”",Elie Wiesel,"activism, apathy, hate, indifference, inspirational, love, opposite, philosophy",https://quotes.toscrape.com/page/2/,224,"“The opposite of love is not hate, it's indifference. The opposite of art is not ugliness, it's indifference. The opposite of faith is not heresy, it's indifference. And the opposite of life is not death, it's indifference.”",the opposite of love is not hate its indifference the opposite of art is not ugliness its indifference the opposite of faith is not heresy its indifference and the opposite of life is not death its indifference,"['the', 'opposite', 'of', 'love', 'is', 'not', 'hate', 'its', 'indifference', 'the', 'opposite', 'of', 'art', 'is', 'not', 'ugliness', 'its', 'indifference', 'the', 'opposite', 'of', 'faith', 'is', 'not', 'heresy', 'its', 'indifference', 'and', 'the', 'opposite', 'of', 'life', 'is', 'not', 'death', 'its', 'indifference']","['opposite', 'love', 'hate', 'indifference', 'opposite', 'art', 'ugliness', 'indifference', 'opposite', 'faith', 'heresy', 'indifference', 'opposite', 'life', 'death', 'indifference']","['opposite', 'love', 'hate', 'indifference', 'opposite', 'art', 'ugliness', 'indifference', 'opposite', 'faith', 'heresy', 'indifference', 'opposite', 'life', 'death', 'indifference']","['opposit', 'love', 'hate', 'indiffer', 'opposit', 'art', 'ugli', 'indiffer', 'opposit', 'faith', 'heresi', 'indiffer', 'opposit', 'life', 'death', 'indiffer']",opposite love hate indifference opposite art ugliness indifference opposite faith heresy indifference opposite life death indifference,224,134,37,16,"['opposite love', 'love hate', 'hate indifference', 'indifference opposite', 'opposite art', 'art ugliness', 'ugliness indifference', 'indifference opposite', 'opposite faith', 'faith heresy', 'heresy indifference', 'indifference opposite', 'opposite life', 'life death', 'death indifference']","['opposite love hate', 'love hate indifference', 'hate indifference opposite', 'indifference opposite art', 'opposite art ugliness', 'art ugliness indifference', 'ugliness indifference opposite', 'indifference opposite faith', 'opposite faith heresy', 'faith heresy indifference', 'heresy indifference opposite', 'indifference opposite life', 'opposite life death', 'life death indifference']"
18,"“It is not a lack of love, but a lack of friendship that makes unhappy marriages.”",Friedrich Nietzsche,"friendship, lack-of-friendship, lack-of-love, love, marriage, unhappy-marriage",https://quotes.toscrape.com/page/2/,82,"“It is not a lack of love, but a lack of friendship that makes unhappy marriages.”",it is not a lack of love but a lack of friendship that makes unhappy marriages,"['it', 'is', 'not', 'a', 'lack', 'of', 'love', 'but', 'a', 'lack', 'of', 'friendship', 'that', 'makes', 'unhappy', 'marriages']","['lack', 'love', 'lack', 'friendship', 'makes', 'unhappy', 'marriages']","['lack', 'love', 'lack', 'friendship', 'make', 'unhappy', 'marriage']","['lack', 'love', 'lack', 'friendship', 'make', 'unhappi', 'marriag']",lack love lack friendship make unhappy marriage,82,47,16,7,"['lack love', 'love lack', 'lack friendship', 'friendship make', 'make unhappy', 'unhappy marriage']","['lack love lack', 'love lack friendship', 'lack friendship make', 'friendship make unhappy', 'make unhappy marriage']"
19,"“Good friends, good books, and a sleepy conscience: this is the ideal life.”",Mark Twain,"books, contentment, friends, friendship, life",https://quotes.toscrape.com/page/2/,76,"“Good friends, good books, and a sleepy conscience: this is the ideal life.”",good friends good books and a sleepy conscience this is the ideal life,"['good', 'friends', 'good', 'books', 'and', 'a', 'sleepy', 'conscience', 'this', 'is', 'the', 'ideal', 'life']","['good', 'friends', 'good', 'books', 'sleepy', 'conscience', 'ideal', 'life']","['good', 'friend', 'good', 'book', 'sleepy', 'conscience', 'ideal', 'life']","['good', 'friend', 'good', 'book', 'sleepi', 'conscienc', 'ideal', 'life']",good friend good book sleepy conscience ideal life,76,50,13,8,"['good friend', 'friend good', 'good book', 'book sleepy', 'sleepy conscience', 'conscience ideal', 'ideal life']","['good friend good', 'friend good book', 'good book sleepy', 'book sleepy conscience', 'sleepy conscience ideal', 'conscience ideal life']"
20,“Life is what happens to us while we are making other plans.”,Allen Saunders,"fate, life, misattributed-john-lennon, planning, plans",https://quotes.toscrape.com/page/2/,61,“Life is what happens to us while we are making other plans.”,life is what happens to us while we are making other plans,"['life', 'is', 'what', 'happens', 'to', 'us', 'while', 'we', 'are', 'making', 'other', 'plans']","['life', 'happens', 'us', 'making', 'plans']","['life', 'happens', 'u', 'making', 'plan']","['life', 'happen', 'us', 'make', 'plan']",life happens u making plan,61,26,12,5,"['life happens', 'happens u', 'u making', 'making plan']","['life happens u', 'happens u making', 'u making plan']"
21,"“I love you without knowing how, or when, or from where. I love you simply, without problems or pride: I love you in this way because I do not know any other way of loving but this, in which there is no I or you, so intimate that your hand upon my chest is my hand, so intimate that when I fall asleep your eyes close.”",Pablo Neruda,"love, poetry",https://quotes.toscrape.com/page/3/,319,"“I love you without knowing how, or when, or from where. I love you simply, without problems or pride: I love you in this way because I do not know any other way of loving but this, in which there is no I or you, so intimate that your hand upon my chest is my hand, so intimate that when I fall asleep your eyes close.”",i love you without knowing how or when or from where i love you simply without problems or pride i love you in this way because i do not know any other way of loving but this in which there is no i or you so intimate that your hand upon my chest is my hand so intimate that when i fall asleep your eyes close,"['i', 'love', 'you', 'without', 'knowing', 'how', 'or', 'when', 'or', 'from', 'where', 'i', 'love', 'you', 'simply', 'without', 'problems', 'or', 'pride', 'i', 'love', 'you', 'in', 'this', 'way', 'because', 'i', 'do', 'not', 'know', 'any', 'other', 'way', 'of', 'loving', 'but', 'this', 'in', 'which', 'there', 'is', 'no', 'i', 'or', 'you', 'so', 'intimate', 'that', 'your', 'hand', 'upon', 'my', 'chest', 'is', 'my', 'hand', 'so', 'intimate', 'that', 'when', 'i', 'fall', 'asleep', 'your', 'eyes', 'close']","['love', 'without', 'knowing', 'love', 'simply', 'without', 'problems', 'pride', 'love', 'way', 'know', 'way', 'loving', 'intimate', 'hand', 'upon', 'chest', 'hand', 'intimate', 'fall', 'asleep', 'eyes', 'close']","['love', 'without', 'knowing', 'love', 'simply', 'without', 'problem', 'pride', 'love', 'way', 'know', 'way', 'loving', 'intimate', 'hand', 'upon', 'chest', 'hand', 'intimate', 'fall', 'asleep', 'eye', 'close']","['love', 'without', 'know', 'love', 'simpli', 'without', 'problem', 'pride', 'love', 'way', 'know', 'way', 'love', 'intim', 'hand', 'upon', 'chest', 'hand', 'intim', 'fall', 'asleep', 'eye', 'close']",love without knowing love simply without problem pride love way know way loving intimate hand upon chest hand intimate fall asleep eye close,319,140,66,23,"['love without', 'without knowing', 'knowing love', 'love simply', 'simply without', 'without problem', 'problem pride', 'pride love', 'love way', 'way know', 'know way', 'way loving', 'loving intimate', 'intimate hand', 'hand upon', 'upon chest', 'chest hand', 'hand intimate', 'intimate fall', 'fall asleep', 'asleep eye', 'eye close']","['love without knowing', 'without knowing love', 'knowing love simply', 'love simply without', 'simply without problem', 'without problem pride', 'problem pride love', 'pride love way', 'love way know', 'way know way', 'know way loving', 'way loving intimate', 'loving intimate hand', 'intimate hand upon', 'hand upon chest', 'upon chest hand', 'chest hand intimate', 'hand intimate fall', 'intimate fall asleep', 'fall asleep eye', 'asleep eye close']"
22,“For every minute you are angry you lose sixty seconds of happiness.”,Ralph Waldo Emerson,happiness,https://quotes.toscrape.com/page/3/,69,“For every minute you are angry you lose sixty seconds of happiness.”,for every minute you are angry you lose sixty seconds of happiness,"['for', 'every', 'minute', 'you', 'are', 'angry', 'you', 'lose', 'sixty', 'seconds', 'of', 'happiness']","['every', 'minute', 'angry', 'lose', 'sixty', 'seconds', 'happiness']","['every', 'minute', 'angry', 'lose', 'sixty', 'second', 'happiness']","['everi', 'minut', 'angri', 'lose', 'sixti', 'second', 'happi']",every minute angry lose sixty second happiness,69,46,12,7,"['every minute', 'minute angry', 'angry lose', 'lose sixty', 'sixty second', 'second happiness']","['every minute angry', 'minute angry lose', 'angry lose sixty', 'lose sixty second', 'sixty second happiness']"
23,"“If you judge people, you have no time to love them.”",Mother Teresa,attributed-no-source,https://quotes.toscrape.com/page/3/,53,"“If you judge people, you have no time to love them.”",if you judge people you have no time to love them,"['if', 'you', 'judge', 'people', 'you', 'have', 'no', 'time', 'to', 'love', 'them']","['judge', 'people', 'time', 'love']","['judge', 'people', 'time', 'love']","['judg', 'peopl', 'time', 'love']",judge people time love,53,22,11,4,"['judge people', 'people time', 'time love']","['judge people time', 'people time love']"
24,“Anyone who thinks sitting in church can make you a Christian must also think that sitting in a garage can make you a car.”,Garrison Keillor,"humor, religion",https://quotes.toscrape.com/page/3/,123,“Anyone who thinks sitting in church can make you a Christian must also think that sitting in a garage can make you a car.”,anyone who thinks sitting in church can make you a christian must also think that sitting in a garage can make you a car,"['anyone', 'who', 'thinks', 'sitting', 'in', 'church', 'can', 'make', 'you', 'a', 'christian', 'must', 'also', 'think', 'that', 'sitting', 'in', 'a', 'garage', 'can', 'make', 'you', 'a', 'car']","['anyone', 'thinks', 'sitting', 'church', 'make', 'christian', 'must', 'also', 'think', 'sitting', 'garage', 'make', 'car']","['anyone', 'think', 'sitting', 'church', 'make', 'christian', 'must', 'also', 'think', 'sitting', 'garage', 'make', 'car']","['anyon', 'think', 'sit', 'church', 'make', 'christian', 'must', 'also', 'think', 'sit', 'garag', 'make', 'car']",anyone think sitting church make christian must also think sitting garage make car,123,82,24,13,"['anyone think', 'think sitting', 'sitting church', 'church make', 'make christian', 'christian must', 'must also', 'also think', 'think sitting', 'sitting garage', 'garage make', 'make car']","['anyone think sitting', 'think sitting church', 'sitting church make', 'church make christian', 'make christian must', 'christian must also', 'must also think', 'also think sitting', 'think sitting garage', 'sitting garage make', 'garage make car']"
25,“Beauty is in the eye of the beholder and it may be necessary from time to time to give a stupid or misinformed beholder a black eye.”,Jim Henson,humor,https://quotes.toscrape.com/page/3/,134,“Beauty is in the eye of the beholder and it may be necessary from time to time to give a stupid or misinformed beholder a black eye.”,beauty is in the eye of the beholder and it may be necessary from time to time to give a stupid or misinformed beholder a black eye,"['beauty', 'is', 'in', 'the', 'eye', 'of', 'the', 'beholder', 'and', 'it', 'may', 'be', 'necessary', 'from', 'time', 'to', 'time', 'to', 'give', 'a', 'stupid', 'or', 'misinformed', 'beholder', 'a', 'black', 'eye']","['beauty', 'eye', 'beholder', 'may', 'necessary', 'time', 'time', 'give', 'stupid', 'misinformed', 'beholder', 'black', 'eye']","['beauty', 'eye', 'beholder', 'may', 'necessary', 'time', 'time', 'give', 'stupid', 'misinformed', 'beholder', 'black', 'eye']","['beauti', 'eye', 'behold', 'may', 'necessari', 'time', 'time', 'give', 'stupid', 'misinform', 'behold', 'black', 'eye']",beauty eye beholder may necessary time time give stupid misinformed beholder black eye,134,86,27,13,"['beauty eye', 'eye beholder', 'beholder may', 'may necessary', 'necessary time', 'time time', 'time give', 'give stupid', 'stupid misinformed', 'misinformed beholder', 'beholder black', 'black eye']","['beauty eye beholder', 'eye beholder may', 'beholder may necessary', 'may necessary time', 'necessary time time', 'time time give', 'time give stupid', 'give stupid misinformed', 'stupid misinformed beholder', 'misinformed beholder black', 'beholder black eye']"
26,"“Today you are You, that is truer than true. There is no one alive who is Youer than You.”",Dr. Seuss,"comedy, life, yourself",https://quotes.toscrape.com/page/3/,90,"“Today you are You, that is truer than true. There is no one alive who is Youer than You.”",today you are you that is truer than true there is no one alive who is youer than you,"['today', 'you', 'are', 'you', 'that', 'is', 'truer', 'than', 'true', 'there', 'is', 'no', 'one', 'alive', 'who', 'is', 'youer', 'than', 'you']","['today', 'truer', 'true', 'one', 'alive', 'youer']","['today', 'truer', 'true', 'one', 'alive', 'youer']","['today', 'truer', 'true', 'one', 'aliv', 'youer']",today truer true one alive youer,90,32,19,6,"['today truer', 'truer true', 'true one', 'one alive', 'alive youer']","['today truer true', 'truer true one', 'true one alive', 'one alive youer']"
27,"“If you want your children to be intelligent, read them fairy tales. If you want them to be more intelligent, read them more fairy tales.”",Albert Einstein,"children, fairy-tales",https://quotes.toscrape.com/page/3/,138,"“If you want your children to be intelligent, read them fairy tales. If you want them to be more intelligent, read them more fairy tales.”",if you want your children to be intelligent read them fairy tales if you want them to be more intelligent read them more fairy tales,"['if', 'you', 'want', 'your', 'children', 'to', 'be', 'intelligent', 'read', 'them', 'fairy', 'tales', 'if', 'you', 'want', 'them', 'to', 'be', 'more', 'intelligent', 'read', 'them', 'more', 'fairy', 'tales']","['want', 'children', 'intelligent', 'read', 'fairy', 'tales', 'want', 'intelligent', 'read', 'fairy', 'tales']","['want', 'child', 'intelligent', 'read', 'fairy', 'tale', 'want', 'intelligent', 'read', 'fairy', 'tale']","['want', 'children', 'intellig', 'read', 'fairi', 'tale', 'want', 'intellig', 'read', 'fairi', 'tale']",want child intelligent read fairy tale want intelligent read fairy tale,138,71,25,11,"['want child', 'child intelligent', 'intelligent read', 'read fairy', 'fairy tale', 'tale want', 'want intelligent', 'intelligent read', 'read fairy', 'fairy tale']","['want child intelligent', 'child intelligent read', 'intelligent read fairy', 'read fairy tale', 'fairy tale want', 'tale want intelligent', 'want intelligent read', 'intelligent read fairy', 'read fairy tale']"
28,"“It is impossible to live without failing at something, unless you live so cautiously that you might as well not have lived at all - in which case, you fail by default.”",J.K. Rowling,,https://quotes.toscrape.com/page/3/,169,"“It is impossible to live without failing at something, unless you live so cautiously that you might as well not have lived at all - in which case, you fail by default.”",it is impossible to live without failing at something unless you live so cautiously that you might as well not have lived at all in which case you fail by default,"['it', 'is', 'impossible', 'to', 'live', 'without', 'failing', 'at', 'something', 'unless', 'you', 'live', 'so', 'cautiously', 'that', 'you', 'might', 'as', 'well', 'not', 'have', 'lived', 'at', 'all', 'in', 'which', 'case', 'you', 'fail', 'by', 'default']","['impossible', 'live', 'without', 'failing', 'something', 'unless', 'live', 'cautiously', 'might', 'well', 'lived', 'case', 'fail', 'default']","['impossible', 'live', 'without', 'failing', 'something', 'unless', 'live', 'cautiously', 'might', 'well', 'lived', 'case', 'fail', 'default']","['imposs', 'live', 'without', 'fail', 'someth', 'unless', 'live', 'cautious', 'might', 'well', 'live', 'case', 'fail', 'default']",impossible live without failing something unless live cautiously might well lived case fail default,169,99,31,14,"['impossible live', 'live without', 'without failing', 'failing something', 'something unless', 'unless live', 'live cautiously', 'cautiously might', 'might well', 'well lived', 'lived case', 'case fail', 'fail default']","['impossible live without', 'live without failing', 'without failing something', 'failing something unless', 'something unless live', 'unless live cautiously', 'live cautiously might', 'cautiously might well', 'might well lived', 'well lived case', 'lived case fail', 'case fail default']"
29,“Logic will get you from A to Z; imagination will get you everywhere.”,Albert Einstein,imagination,https://quotes.toscrape.com/page/3/,70,“Logic will get you from A to Z; imagination will get you everywhere.”,logic will get you from a to z imagination will get you everywhere,"['logic', 'will', 'get', 'you', 'from', 'a', 'to', 'z', 'imagination', 'will', 'get', 'you', 'everywhere']","['logic', 'get', 'z', 'imagination', 'get', 'everywhere']","['logic', 'get', 'z', 'imagination', 'get', 'everywhere']","['logic', 'get', 'z', 'imagin', 'get', 'everywher']",logic get z imagination get everywhere,70,38,13,6,"['logic get', 'get z', 'z imagination', 'imagination get', 'get everywhere']","['logic get z', 'get z imagination', 'z imagination get', 'imagination get everywhere']"
30,"“One good thing about music, when it hits you, you feel no pain.”",Bob Marley,music,https://quotes.toscrape.com/page/3/,65,"“One good thing about music, when it hits you, you feel no pain.”",one good thing about music when it hits you you feel no pain,"['one', 'good', 'thing', 'about', 'music', 'when', 'it', 'hits', 'you', 'you', 'feel', 'no', 'pain']","['one', 'good', 'thing', 'music', 'hits', 'feel', 'pain']","['one', 'good', 'thing', 'music', 'hit', 'feel', 'pain']","['one', 'good', 'thing', 'music', 'hit', 'feel', 'pain']",one good thing music hit feel pain,65,34,13,7,"['one good', 'good thing', 'thing music', 'music hit', 'hit feel', 'feel pain']","['one good thing', 'good thing music', 'thing music hit', 'music hit feel', 'hit feel pain']"
31,"“The more that you read, the more things you will know. The more that you learn, the more places you'll go.”",Dr. Seuss,"learning, reading, seuss",https://quotes.toscrape.com/page/4/,108,"“The more that you read, the more things you will know. The more that you learn, the more places you'll go.”",the more that you read the more things you will know the more that you learn the more places youll go,"['the', 'more', 'that', 'you', 'read', 'the', 'more', 'things', 'you', 'will', 'know', 'the', 'more', 'that', 'you', 'learn', 'the', 'more', 'places', 'youll', 'go']","['read', 'things', 'know', 'learn', 'places', 'youll', 'go']","['read', 'thing', 'know', 'learn', 'place', 'youll', 'go']","['read', 'thing', 'know', 'learn', 'place', 'youll', 'go']",read thing know learn place youll go,108,36,21,7,"['read thing', 'thing know', 'know learn', 'learn place', 'place youll', 'youll go']","['read thing know', 'thing know learn', 'know learn place', 'learn place youll', 'place youll go']"
32,"“Of course it is happening inside your head, Harry, but why on earth should that mean that it is not real?”",J.K. Rowling,dumbledore,https://quotes.toscrape.com/page/4/,107,"“Of course it is happening inside your head, Harry, but why on earth should that mean that it is not real?”",of course it is happening inside your head harry but why on earth should that mean that it is not real,"['of', 'course', 'it', 'is', 'happening', 'inside', 'your', 'head', 'harry', 'but', 'why', 'on', 'earth', 'should', 'that', 'mean', 'that', 'it', 'is', 'not', 'real']","['course', 'happening', 'inside', 'head', 'harry', 'earth', 'mean', 'real']","['course', 'happening', 'inside', 'head', 'harry', 'earth', 'mean', 'real']","['cours', 'happen', 'insid', 'head', 'harri', 'earth', 'mean', 'real']",course happening inside head harry earth mean real,107,50,21,8,"['course happening', 'happening inside', 'inside head', 'head harry', 'harry earth', 'earth mean', 'mean real']","['course happening inside', 'happening inside head', 'inside head harry', 'head harry earth', 'harry earth mean', 'earth mean real']"
33,"“The truth is, everyone is going to hurt you. You just got to find the ones worth suffering for.”",Bob Marley,friendship,https://quotes.toscrape.com/page/4/,97,"“The truth is, everyone is going to hurt you. You just got to find the ones worth suffering for.”",the truth is everyone is going to hurt you you just got to find the ones worth suffering for,"['the', 'truth', 'is', 'everyone', 'is', 'going', 'to', 'hurt', 'you', 'you', 'just', 'got', 'to', 'find', 'the', 'ones', 'worth', 'suffering', 'for']","['truth', 'everyone', 'going', 'hurt', 'got', 'find', 'ones', 'worth', 'suffering']","['truth', 'everyone', 'going', 'hurt', 'got', 'find', 'one', 'worth', 'suffering']","['truth', 'everyon', 'go', 'hurt', 'got', 'find', 'one', 'worth', 'suffer']",truth everyone going hurt got find one worth suffering,97,54,19,9,"['truth everyone', 'everyone going', 'going hurt', 'hurt got', 'got find', 'find one', 'one worth', 'worth suffering']","['truth everyone going', 'everyone going hurt', 'going hurt got', 'hurt got find', 'got find one', 'find one worth', 'one worth suffering']"
34,“Not all of us can do great things. But we can do small things with great love.”,Mother Teresa,"misattributed-to-mother-teresa, paraphrased",https://quotes.toscrape.com/page/4/,80,“Not all of us can do great things. But we can do small things with great love.”,not all of us can do great things but we can do small things with great love,"['not', 'all', 'of', 'us', 'can', 'do', 'great', 'things', 'but', 'we', 'can', 'do', 'small', 'things', 'with', 'great', 'love']","['us', 'great', 'things', 'small', 'things', 'great', 'love']","['u', 'great', 'thing', 'small', 'thing', 'great', 'love']","['us', 'great', 'thing', 'small', 'thing', 'great', 'love']",u great thing small thing great love,80,36,17,7,"['u great', 'great thing', 'thing small', 'small thing', 'thing great', 'great love']","['u great thing', 'great thing small', 'thing small thing', 'small thing great', 'thing great love']"
35,"“To the well-organized mind, death is but the next great adventure.”",J.K. Rowling,"death, inspirational",https://quotes.toscrape.com/page/4/,68,"“To the well-organized mind, death is but the next great adventure.”",to the wellorganized mind death is but the next great adventure,"['to', 'the', 'wellorganized', 'mind', 'death', 'is', 'but', 'the', 'next', 'great', 'adventure']","['wellorganized', 'mind', 'death', 'next', 'great', 'adventure']","['wellorganized', 'mind', 'death', 'next', 'great', 'adventure']","['wellorgan', 'mind', 'death', 'next', 'great', 'adventur']",wellorganized mind death next great adventure,68,45,11,6,"['wellorganized mind', 'mind death', 'death next', 'next great', 'great adventure']","['wellorganized mind death', 'mind death next', 'death next great', 'next great adventure']"
36,“All you need is love. But a little chocolate now and then doesn't hurt.”,Charles M. Schulz,"chocolate, food, humor",https://quotes.toscrape.com/page/4/,73,“All you need is love. But a little chocolate now and then doesn't hurt.”,all you need is love but a little chocolate now and then doesnt hurt,"['all', 'you', 'need', 'is', 'love', 'but', 'a', 'little', 'chocolate', 'now', 'and', 'then', 'doesnt', 'hurt']","['need', 'love', 'little', 'chocolate', 'doesnt', 'hurt']","['need', 'love', 'little', 'chocolate', 'doesnt', 'hurt']","['need', 'love', 'littl', 'chocol', 'doesnt', 'hurt']",need love little chocolate doesnt hurt,73,38,14,6,"['need love', 'love little', 'little chocolate', 'chocolate doesnt', 'doesnt hurt']","['need love little', 'love little chocolate', 'little chocolate doesnt', 'chocolate doesnt hurt']"
37,“We read to know we're not alone.”,William Nicholson,"misattributed-to-c-s-lewis, reading",https://quotes.toscrape.com/page/4/,34,“We read to know we're not alone.”,we read to know were not alone,"['we', 'read', 'to', 'know', 'were', 'not', 'alone']","['read', 'know', 'alone']","['read', 'know', 'alone']","['read', 'know', 'alon']",read know alone,34,15,7,3,"['read know', 'know alone']",['read know alone']
38,“Any fool can know. The point is to understand.”,Albert Einstein,"knowledge, learning, understanding, wisdom",https://quotes.toscrape.com/page/4/,48,“Any fool can know. The point is to understand.”,any fool can know the point is to understand,"['any', 'fool', 'can', 'know', 'the', 'point', 'is', 'to', 'understand']","['fool', 'know', 'point', 'understand']","['fool', 'know', 'point', 'understand']","['fool', 'know', 'point', 'understand']",fool know point understand,48,26,9,4,"['fool know', 'know point', 'point understand']","['fool know point', 'know point understand']"
39,“I have always imagined that Paradise will be a kind of library.”,Jorge Luis Borges,"books, library",https://quotes.toscrape.com/page/4/,65,“I have always imagined that Paradise will be a kind of library.”,i have always imagined that paradise will be a kind of library,"['i', 'have', 'always', 'imagined', 'that', 'paradise', 'will', 'be', 'a', 'kind', 'of', 'library']","['always', 'imagined', 'paradise', 'kind', 'library']","['always', 'imagined', 'paradise', 'kind', 'library']","['alway', 'imagin', 'paradis', 'kind', 'librari']",always imagined paradise kind library,65,37,12,5,"['always imagined', 'imagined paradise', 'paradise kind', 'kind library']","['always imagined paradise', 'imagined paradise kind', 'paradise kind library']"
40,“It is never too late to be what you might have been.”,George Eliot,inspirational,https://quotes.toscrape.com/page/4/,54,“It is never too late to be what you might have been.”,it is never too late to be what you might have been,"['it', 'is', 'never', 'too', 'late', 'to', 'be', 'what', 'you', 'might', 'have', 'been']","['never', 'late', 'might']","['never', 'late', 'might']","['never', 'late', 'might']",never late might,54,16,12,3,"['never late', 'late might']",['never late might']
41,"“A reader lives a thousand lives before he dies, said Jojen. The man who never reads lives only one.”",George R.R. Martin,"read, readers, reading, reading-books",https://quotes.toscrape.com/page/5/,101,"“A reader lives a thousand lives before he dies, said Jojen. The man who never reads lives only one.”",a reader lives a thousand lives before he dies said jojen the man who never reads lives only one,"['a', 'reader', 'lives', 'a', 'thousand', 'lives', 'before', 'he', 'dies', 'said', 'jojen', 'the', 'man', 'who', 'never', 'reads', 'lives', 'only', 'one']","['reader', 'lives', 'thousand', 'lives', 'dies', 'said', 'jojen', 'man', 'never', 'reads', 'lives', 'one']","['reader', 'life', 'thousand', 'life', 'dy', 'said', 'jojen', 'man', 'never', 'read', 'life', 'one']","['reader', 'live', 'thousand', 'live', 'die', 'said', 'jojen', 'man', 'never', 'read', 'live', 'one']",reader life thousand life dy said jojen man never read life one,101,63,19,12,"['reader life', 'life thousand', 'thousand life', 'life dy', 'dy said', 'said jojen', 'jojen man', 'man never', 'never read', 'read life', 'life one']","['reader life thousand', 'life thousand life', 'thousand life dy', 'life dy said', 'dy said jojen', 'said jojen man', 'jojen man never', 'man never read', 'never read life', 'read life one']"
42,“You can never get a cup of tea large enough or a book long enough to suit me.”,C.S. Lewis,"books, inspirational, reading, tea",https://quotes.toscrape.com/page/5/,79,“You can never get a cup of tea large enough or a book long enough to suit me.”,you can never get a cup of tea large enough or a book long enough to suit me,"['you', 'can', 'never', 'get', 'a', 'cup', 'of', 'tea', 'large', 'enough', 'or', 'a', 'book', 'long', 'enough', 'to', 'suit', 'me']","['never', 'get', 'cup', 'tea', 'large', 'enough', 'book', 'long', 'enough', 'suit']","['never', 'get', 'cup', 'tea', 'large', 'enough', 'book', 'long', 'enough', 'suit']","['never', 'get', 'cup', 'tea', 'larg', 'enough', 'book', 'long', 'enough', 'suit']",never get cup tea large enough book long enough suit,79,52,18,10,"['never get', 'get cup', 'cup tea', 'tea large', 'large enough', 'enough book', 'book long', 'long enough', 'enough suit']","['never get cup', 'get cup tea', 'cup tea large', 'tea large enough', 'large enough book', 'enough book long', 'book long enough', 'long enough suit']"
43,“You believe lies so you eventually learn to trust no one but yourself.”,Marilyn Monroe,,https://quotes.toscrape.com/page/5/,72,“You believe lies so you eventually learn to trust no one but yourself.”,you believe lies so you eventually learn to trust no one but yourself,"['you', 'believe', 'lies', 'so', 'you', 'eventually', 'learn', 'to', 'trust', 'no', 'one', 'but', 'yourself']","['believe', 'lies', 'eventually', 'learn', 'trust', 'one']","['believe', 'lie', 'eventually', 'learn', 'trust', 'one']","['believ', 'lie', 'eventu', 'learn', 'trust', 'one']",believe lie eventually learn trust one,72,38,13,6,"['believe lie', 'lie eventually', 'eventually learn', 'learn trust', 'trust one']","['believe lie eventually', 'lie eventually learn', 'eventually learn trust', 'learn trust one']"
44,"“If you can make a woman laugh, you can make her do anything.”",Marilyn Monroe,"girls, love",https://quotes.toscrape.com/page/5/,62,"“If you can make a woman laugh, you can make her do anything.”",if you can make a woman laugh you can make her do anything,"['if', 'you', 'can', 'make', 'a', 'woman', 'laugh', 'you', 'can', 'make', 'her', 'do', 'anything']","['make', 'woman', 'laugh', 'make', 'anything']","['make', 'woman', 'laugh', 'make', 'anything']","['make', 'woman', 'laugh', 'make', 'anyth']",make woman laugh make anything,62,30,13,5,"['make woman', 'woman laugh', 'laugh make', 'make anything']","['make woman laugh', 'woman laugh make', 'laugh make anything']"
45,"“Life is like riding a bicycle. To keep your balance, you must keep moving.”",Albert Einstein,"life, simile",https://quotes.toscrape.com/page/5/,76,"“Life is like riding a bicycle. To keep your balance, you must keep moving.”",life is like riding a bicycle to keep your balance you must keep moving,"['life', 'is', 'like', 'riding', 'a', 'bicycle', 'to', 'keep', 'your', 'balance', 'you', 'must', 'keep', 'moving']","['life', 'like', 'riding', 'bicycle', 'keep', 'balance', 'must', 'keep', 'moving']","['life', 'like', 'riding', 'bicycle', 'keep', 'balance', 'must', 'keep', 'moving']","['life', 'like', 'ride', 'bicycl', 'keep', 'balanc', 'must', 'keep', 'move']",life like riding bicycle keep balance must keep moving,76,54,14,9,"['life like', 'like riding', 'riding bicycle', 'bicycle keep', 'keep balance', 'balance must', 'must keep', 'keep moving']","['life like riding', 'like riding bicycle', 'riding bicycle keep', 'bicycle keep balance', 'keep balance must', 'balance must keep', 'must keep moving']"
46,“The real lover is the man who can thrill you by kissing your forehead or smiling into your eyes or just staring into space.”,Marilyn Monroe,love,https://quotes.toscrape.com/page/5/,125,“The real lover is the man who can thrill you by kissing your forehead or smiling into your eyes or just staring into space.”,the real lover is the man who can thrill you by kissing your forehead or smiling into your eyes or just staring into space,"['the', 'real', 'lover', 'is', 'the', 'man', 'who', 'can', 'thrill', 'you', 'by', 'kissing', 'your', 'forehead', 'or', 'smiling', 'into', 'your', 'eyes', 'or', 'just', 'staring', 'into', 'space']","['real', 'lover', 'man', 'thrill', 'kissing', 'forehead', 'smiling', 'eyes', 'staring', 'space']","['real', 'lover', 'man', 'thrill', 'kissing', 'forehead', 'smiling', 'eye', 'staring', 'space']","['real', 'lover', 'man', 'thrill', 'kiss', 'forehead', 'smile', 'eye', 'stare', 'space']",real lover man thrill kissing forehead smiling eye staring space,125,64,24,10,"['real lover', 'lover man', 'man thrill', 'thrill kissing', 'kissing forehead', 'forehead smiling', 'smiling eye', 'eye staring', 'staring space']","['real lover man', 'lover man thrill', 'man thrill kissing', 'thrill kissing forehead', 'kissing forehead smiling', 'forehead smiling eye', 'smiling eye staring', 'eye staring space']"
47,"“A wise girl kisses but doesn't love, listens but doesn't believe, and leaves before she is left.”",Marilyn Monroe,attributed-no-source,https://quotes.toscrape.com/page/5/,98,"“A wise girl kisses but doesn't love, listens but doesn't believe, and leaves before she is left.”",a wise girl kisses but doesnt love listens but doesnt believe and leaves before she is left,"['a', 'wise', 'girl', 'kisses', 'but', 'doesnt', 'love', 'listens', 'but', 'doesnt', 'believe', 'and', 'leaves', 'before', 'she', 'is', 'left']","['wise', 'girl', 'kisses', 'doesnt', 'love', 'listens', 'doesnt', 'believe', 'leaves', 'left']","['wise', 'girl', 'kiss', 'doesnt', 'love', 'listens', 'doesnt', 'believe', 'leaf', 'left']","['wise', 'girl', 'kiss', 'doesnt', 'love', 'listen', 'doesnt', 'believ', 'leav', 'left']",wise girl kiss doesnt love listens doesnt believe leaf left,98,59,17,10,"['wise girl', 'girl kiss', 'kiss doesnt', 'doesnt love', 'love listens', 'listens doesnt', 'doesnt believe', 'believe leaf', 'leaf left']","['wise girl kiss', 'girl kiss doesnt', 'kiss doesnt love', 'doesnt love listens', 'love listens doesnt', 'listens doesnt believe', 'doesnt believe leaf', 'believe leaf left']"
48,“Only in the darkness can you see the stars.”,Martin Luther King Jr.,"hope, inspirational",https://quotes.toscrape.com/page/5/,45,“Only in the darkness can you see the stars.”,only in the darkness can you see the stars,"['only', 'in', 'the', 'darkness', 'can', 'you', 'see', 'the', 'stars']","['darkness', 'see', 'stars']","['darkness', 'see', 'star']","['dark', 'see', 'star']",darkness see star,45,17,9,3,"['darkness see', 'see star']",['darkness see star']
49,"“It matters not what someone is born, but what they grow to be.”",J.K. Rowling,dumbledore,https://quotes.toscrape.com/page/5/,64,"“It matters not what someone is born, but what they grow to be.”",it matters not what someone is born but what they grow to be,"['it', 'matters', 'not', 'what', 'someone', 'is', 'born', 'but', 'what', 'they', 'grow', 'to', 'be']","['matters', 'someone', 'born', 'grow']","['matter', 'someone', 'born', 'grow']","['matter', 'someon', 'born', 'grow']",matter someone born grow,64,24,13,4,"['matter someone', 'someone born', 'born grow']","['matter someone born', 'someone born grow']"
50,"“Love does not begin and end the way we seem to think it does. Love is a battle, love is a war; love is a growing up.”",James Baldwin,love,https://quotes.toscrape.com/page/5/,118,"“Love does not begin and end the way we seem to think it does. Love is a battle, love is a war; love is a growing up.”",love does not begin and end the way we seem to think it does love is a battle love is a war love is a growing up,"['love', 'does', 'not', 'begin', 'and', 'end', 'the', 'way', 'we', 'seem', 'to', 'think', 'it', 'does', 'love', 'is', 'a', 'battle', 'love', 'is', 'a', 'war', 'love', 'is', 'a', 'growing', 'up']","['love', 'begin', 'end', 'way', 'seem', 'think', 'love', 'battle', 'love', 'war', 'love', 'growing']","['love', 'begin', 'end', 'way', 'seem', 'think', 'love', 'battle', 'love', 'war', 'love', 'growing']","['love', 'begin', 'end', 'way', 'seem', 'think', 'love', 'battl', 'love', 'war', 'love', 'grow']",love begin end way seem think love battle love war love growing,118,63,27,12,"['love begin', 'begin end', 'end way', 'way seem', 'seem think', 'think love', 'love battle', 'battle love', 'love war', 'war love', 'love growing']","['love begin end', 'begin end way', 'end way seem', 'way seem think', 'seem think love', 'think love battle', 'love battle love', 'battle love war', 'love war love', 'war love growing']"
51,"“There is nothing I would not do for those who are really my friends. I have no notion of loving people by halves, it is not my nature.”",Jane Austen,"friendship, love",https://quotes.toscrape.com/page/6/,136,"“There is nothing I would not do for those who are really my friends. I have no notion of loving people by halves, it is not my nature.”",there is nothing i would not do for those who are really my friends i have no notion of loving people by halves it is not my nature,"['there', 'is', 'nothing', 'i', 'would', 'not', 'do', 'for', 'those', 'who', 'are', 'really', 'my', 'friends', 'i', 'have', 'no', 'notion', 'of', 'loving', 'people', 'by', 'halves', 'it', 'is', 'not', 'my', 'nature']","['nothing', 'would', 'really', 'friends', 'notion', 'loving', 'people', 'halves', 'nature']","['nothing', 'would', 'really', 'friend', 'notion', 'loving', 'people', 'half', 'nature']","['noth', 'would', 'realli', 'friend', 'notion', 'love', 'peopl', 'halv', 'natur']",nothing would really friend notion loving people half nature,136,60,28,9,"['nothing would', 'would really', 'really friend', 'friend notion', 'notion loving', 'loving people', 'people half', 'half nature']","['nothing would really', 'would really friend', 'really friend notion', 'friend notion loving', 'notion loving people', 'loving people half', 'people half nature']"
52,“Do one thing every day that scares you.”,Eleanor Roosevelt,"attributed, fear, inspiration",https://quotes.toscrape.com/page/6/,41,“Do one thing every day that scares you.”,do one thing every day that scares you,"['do', 'one', 'thing', 'every', 'day', 'that', 'scares', 'you']","['one', 'thing', 'every', 'day', 'scares']","['one', 'thing', 'every', 'day', 'scare']","['one', 'thing', 'everi', 'day', 'scare']",one thing every day scare,41,25,8,5,"['one thing', 'thing every', 'every day', 'day scare']","['one thing every', 'thing every day', 'every day scare']"
53,"“I am good, but not an angel. I do sin, but I am not the devil. I am just a small girl in a big world trying to find someone to love.”",Marilyn Monroe,attributed-no-source,https://quotes.toscrape.com/page/6/,134,"“I am good, but not an angel. I do sin, but I am not the devil. I am just a small girl in a big world trying to find someone to love.”",i am good but not an angel i do sin but i am not the devil i am just a small girl in a big world trying to find someone to love,"['i', 'am', 'good', 'but', 'not', 'an', 'angel', 'i', 'do', 'sin', 'but', 'i', 'am', 'not', 'the', 'devil', 'i', 'am', 'just', 'a', 'small', 'girl', 'in', 'a', 'big', 'world', 'trying', 'to', 'find', 'someone', 'to', 'love']","['good', 'angel', 'sin', 'devil', 'small', 'girl', 'big', 'world', 'trying', 'find', 'someone', 'love']","['good', 'angel', 'sin', 'devil', 'small', 'girl', 'big', 'world', 'trying', 'find', 'someone', 'love']","['good', 'angel', 'sin', 'devil', 'small', 'girl', 'big', 'world', 'tri', 'find', 'someon', 'love']",good angel sin devil small girl big world trying find someone love,134,66,32,12,"['good angel', 'angel sin', 'sin devil', 'devil small', 'small girl', 'girl big', 'big world', 'world trying', 'trying find', 'find someone', 'someone love']","['good angel sin', 'angel sin devil', 'sin devil small', 'devil small girl', 'small girl big', 'girl big world', 'big world trying', 'world trying find', 'trying find someone', 'find someone love']"
54,"“If I were not a physicist, I would probably be a musician. I often think in music. I live my daydreams in music. I see my life in terms of music.”",Albert Einstein,music,https://quotes.toscrape.com/page/6/,147,"“If I were not a physicist, I would probably be a musician. I often think in music. I live my daydreams in music. I see my life in terms of music.”",if i were not a physicist i would probably be a musician i often think in music i live my daydreams in music i see my life in terms of music,"['if', 'i', 'were', 'not', 'a', 'physicist', 'i', 'would', 'probably', 'be', 'a', 'musician', 'i', 'often', 'think', 'in', 'music', 'i', 'live', 'my', 'daydreams', 'in', 'music', 'i', 'see', 'my', 'life', 'in', 'terms', 'of', 'music']","['physicist', 'would', 'probably', 'musician', 'often', 'think', 'music', 'live', 'daydreams', 'music', 'see', 'life', 'terms', 'music']","['physicist', 'would', 'probably', 'musician', 'often', 'think', 'music', 'live', 'daydream', 'music', 'see', 'life', 'term', 'music']","['physicist', 'would', 'probabl', 'musician', 'often', 'think', 'music', 'live', 'daydream', 'music', 'see', 'life', 'term', 'music']",physicist would probably musician often think music live daydream music see life term music,147,91,31,14,"['physicist would', 'would probably', 'probably musician', 'musician often', 'often think', 'think music', 'music live', 'live daydream', 'daydream music', 'music see', 'see life', 'life term', 'term music']","['physicist would probably', 'would probably musician', 'probably musician often', 'musician often think', 'often think music', 'think music live', 'music live daydream', 'live daydream music', 'daydream music see', 'music see life', 'see life term', 'life term music']"
55,"“If you only read the books that everyone else is reading, you can only think what everyone else is thinking.”",Haruki Murakami,"books, thought",https://quotes.toscrape.com/page/6/,110,"“If you only read the books that everyone else is reading, you can only think what everyone else is thinking.”",if you only read the books that everyone else is reading you can only think what everyone else is thinking,"['if', 'you', 'only', 'read', 'the', 'books', 'that', 'everyone', 'else', 'is', 'reading', 'you', 'can', 'only', 'think', 'what', 'everyone', 'else', 'is', 'thinking']","['read', 'books', 'everyone', 'else', 'reading', 'think', 'everyone', 'else', 'thinking']","['read', 'book', 'everyone', 'else', 'reading', 'think', 'everyone', 'else', 'thinking']","['read', 'book', 'everyon', 'els', 'read', 'think', 'everyon', 'els', 'think']",read book everyone else reading think everyone else thinking,110,60,20,9,"['read book', 'book everyone', 'everyone else', 'else reading', 'reading think', 'think everyone', 'everyone else', 'else thinking']","['read book everyone', 'book everyone else', 'everyone else reading', 'else reading think', 'reading think everyone', 'think everyone else', 'everyone else thinking']"
56,“The difference between genius and stupidity is: genius has its limits.”,Alexandre Dumas fils,misattributed-to-einstein,https://quotes.toscrape.com/page/6/,72,“The difference between genius and stupidity is: genius has its limits.”,the difference between genius and stupidity is genius has its limits,"['the', 'difference', 'between', 'genius', 'and', 'stupidity', 'is', 'genius', 'has', 'its', 'limits']","['difference', 'genius', 'stupidity', 'genius', 'limits']","['difference', 'genius', 'stupidity', 'genius', 'limit']","['differ', 'geniu', 'stupid', 'geniu', 'limit']",difference genius stupidity genius limit,72,40,11,5,"['difference genius', 'genius stupidity', 'stupidity genius', 'genius limit']","['difference genius stupidity', 'genius stupidity genius', 'stupidity genius limit']"
57,"“He's like a drug for you, Bella.”",Stephenie Meyer,"drug, romance, simile",https://quotes.toscrape.com/page/6/,34,"“He's like a drug for you, Bella.”",hes like a drug for you bella,"['hes', 'like', 'a', 'drug', 'for', 'you', 'bella']","['hes', 'like', 'drug', 'bella']","['he', 'like', 'drug', 'bella']","['he', 'like', 'drug', 'bella']",he like drug bella,34,18,7,4,"['he like', 'like drug', 'drug bella']","['he like drug', 'like drug bella']"
58,“There is no friend as loyal as a book.”,Ernest Hemingway,"books, friends, novelist-quotes",https://quotes.toscrape.com/page/6/,40,“There is no friend as loyal as a book.”,there is no friend as loyal as a book,"['there', 'is', 'no', 'friend', 'as', 'loyal', 'as', 'a', 'book']","['friend', 'loyal', 'book']","['friend', 'loyal', 'book']","['friend', 'loyal', 'book']",friend loyal book,40,17,9,3,"['friend loyal', 'loyal book']",['friend loyal book']
59,"“When one door of happiness closes, another opens; but often we look so long at the closed door that we do not see the one which has been opened for us.”",Helen Keller,inspirational,https://quotes.toscrape.com/page/6/,153,"“When one door of happiness closes, another opens; but often we look so long at the closed door that we do not see the one which has been opened for us.”",when one door of happiness closes another opens but often we look so long at the closed door that we do not see the one which has been opened for us,"['when', 'one', 'door', 'of', 'happiness', 'closes', 'another', 'opens', 'but', 'often', 'we', 'look', 'so', 'long', 'at', 'the', 'closed', 'door', 'that', 'we', 'do', 'not', 'see', 'the', 'one', 'which', 'has', 'been', 'opened', 'for', 'us']","['one', 'door', 'happiness', 'closes', 'another', 'opens', 'often', 'look', 'long', 'closed', 'door', 'see', 'one', 'opened', 'us']","['one', 'door', 'happiness', 'close', 'another', 'open', 'often', 'look', 'long', 'closed', 'door', 'see', 'one', 'opened', 'u']","['one', 'door', 'happi', 'close', 'anoth', 'open', 'often', 'look', 'long', 'close', 'door', 'see', 'one', 'open', 'us']",one door happiness close another open often look long closed door see one opened u,153,82,31,15,"['one door', 'door happiness', 'happiness close', 'close another', 'another open', 'open often', 'often look', 'look long', 'long closed', 'closed door', 'door see', 'see one', 'one opened', 'opened u']","['one door happiness', 'door happiness close', 'happiness close another', 'close another open', 'another open often', 'open often look', 'often look long', 'look long closed', 'long closed door', 'closed door see', 'door see one', 'see one opened', 'one opened u']"
60,“Life isn't about finding yourself. Life is about creating yourself.”,George Bernard Shaw,"inspirational, life, yourself",https://quotes.toscrape.com/page/6/,69,“Life isn't about finding yourself. Life is about creating yourself.”,life isnt about finding yourself life is about creating yourself,"['life', 'isnt', 'about', 'finding', 'yourself', 'life', 'is', 'about', 'creating', 'yourself']","['life', 'isnt', 'finding', 'life', 'creating']","['life', 'isnt', 'finding', 'life', 'creating']","['life', 'isnt', 'find', 'life', 'creat']",life isnt finding life creating,69,31,10,5,"['life isnt', 'isnt finding', 'finding life', 'life creating']","['life isnt finding', 'isnt finding life', 'finding life creating']"
61,"“That's the problem with drinking, I thought, as I poured myself a drink. If something bad happens you drink in an attempt to forget; if something good happens you drink in order to celebrate; and if nothing happens you drink to make something happen.”",Charles Bukowski,alcohol,https://quotes.toscrape.com/page/7/,252,"“That's the problem with drinking, I thought, as I poured myself a drink. If something bad happens you drink in an attempt to forget; if something good happens you drink in order to celebrate; and if nothing happens you drink to make something happen.”",thats the problem with drinking i thought as i poured myself a drink if something bad happens you drink in an attempt to forget if something good happens you drink in order to celebrate and if nothing happens you drink to make something happen,"['thats', 'the', 'problem', 'with', 'drinking', 'i', 'thought', 'as', 'i', 'poured', 'myself', 'a', 'drink', 'if', 'something', 'bad', 'happens', 'you', 'drink', 'in', 'an', 'attempt', 'to', 'forget', 'if', 'something', 'good', 'happens', 'you', 'drink', 'in', 'order', 'to', 'celebrate', 'and', 'if', 'nothing', 'happens', 'you', 'drink', 'to', 'make', 'something', 'happen']","['thats', 'problem', 'drinking', 'thought', 'poured', 'drink', 'something', 'bad', 'happens', 'drink', 'attempt', 'forget', 'something', 'good', 'happens', 'drink', 'order', 'celebrate', 'nothing', 'happens', 'drink', 'make', 'something', 'happen']","['thats', 'problem', 'drinking', 'thought', 'poured', 'drink', 'something', 'bad', 'happens', 'drink', 'attempt', 'forget', 'something', 'good', 'happens', 'drink', 'order', 'celebrate', 'nothing', 'happens', 'drink', 'make', 'something', 'happen']","['that', 'problem', 'drink', 'thought', 'pour', 'drink', 'someth', 'bad', 'happen', 'drink', 'attempt', 'forget', 'someth', 'good', 'happen', 'drink', 'order', 'celebr', 'noth', 'happen', 'drink', 'make', 'someth', 'happen']",thats problem drinking thought poured drink something bad happens drink attempt forget something good happens drink order celebrate nothing happens drink make something happen,252,175,44,24,"['thats problem', 'problem drinking', 'drinking thought', 'thought poured', 'poured drink', 'drink something', 'something bad', 'bad happens', 'happens drink', 'drink attempt', 'attempt forget', 'forget something', 'something good', 'good happens', 'happens drink', 'drink order', 'order celebrate', 'celebrate nothing', 'nothing happens', 'happens drink', 'drink make', 'make something', 'something happen']","['thats problem drinking', 'problem drinking thought', 'drinking thought poured', 'thought poured drink', 'poured drink something', 'drink something bad', 'something bad happens', 'bad happens drink', 'happens drink attempt', 'drink attempt forget', 'attempt forget something', 'forget something good', 'something good happens', 'good happens drink', 'happens drink order', 'drink order celebrate', 'order celebrate nothing', 'celebrate nothing happens', 'nothing happens drink', 'happens drink make', 'drink make something', 'make something happen']"
62,“You don’t forget the face of the person who was your last hope.”,Suzanne Collins,the-hunger-games,https://quotes.toscrape.com/page/7/,65,“You don’t forget the face of the person who was your last hope.”,you don t forget the face of the person who was your last hope,"['you', 'don', 't', 'forget', 'the', 'face', 'of', 'the', 'person', 'who', 'was', 'your', 'last', 'hope']","['forget', 'face', 'person', 'last', 'hope']","['forget', 'face', 'person', 'last', 'hope']","['forget', 'face', 'person', 'last', 'hope']",forget face person last hope,65,28,14,5,"['forget face', 'face person', 'person last', 'last hope']","['forget face person', 'face person last', 'person last hope']"
63,"“Remember, we're madly in love, so it's all right to kiss me anytime you feel like it.”",Suzanne Collins,humor,https://quotes.toscrape.com/page/7/,87,"“Remember, we're madly in love, so it's all right to kiss me anytime you feel like it.”",remember were madly in love so its all right to kiss me anytime you feel like it,"['remember', 'were', 'madly', 'in', 'love', 'so', 'its', 'all', 'right', 'to', 'kiss', 'me', 'anytime', 'you', 'feel', 'like', 'it']","['remember', 'madly', 'love', 'right', 'kiss', 'anytime', 'feel', 'like']","['remember', 'madly', 'love', 'right', 'kiss', 'anytime', 'feel', 'like']","['rememb', 'madli', 'love', 'right', 'kiss', 'anytim', 'feel', 'like']",remember madly love right kiss anytime feel like,87,48,17,8,"['remember madly', 'madly love', 'love right', 'right kiss', 'kiss anytime', 'anytime feel', 'feel like']","['remember madly love', 'madly love right', 'love right kiss', 'right kiss anytime', 'kiss anytime feel', 'anytime feel like']"
64,"“To love at all is to be vulnerable. Love anything and your heart will be wrung and possibly broken. If you want to make sure of keeping it intact you must give it to no one, not even an animal. Wrap it carefully round with hobbies and little luxuries; avoid all entanglements. Lock it up safe in the casket or coffin of your selfishness. But in that casket, safe, dark, motionless, airless, it will change. It will not be broken; it will become unbreakable, impenetrable, irredeemable. To love is to be vulnerable.”",C.S. Lewis,love,https://quotes.toscrape.com/page/7/,516,"“To love at all is to be vulnerable. Love anything and your heart will be wrung and possibly broken. If you want to make sure of keeping it intact you must give it to no one, not even an animal. Wrap it carefully round with hobbies and little luxuries; avoid all entanglements. Lock it up safe in the casket or coffin of your selfishness. But in that casket, safe, dark, motionless, airless, it will change. It will not be broken; it will become unbreakable, impenetrable, irredeemable. To love is to be vulnerable.”",to love at all is to be vulnerable love anything and your heart will be wrung and possibly broken if you want to make sure of keeping it intact you must give it to no one not even an animal wrap it carefully round with hobbies and little luxuries avoid all entanglements lock it up safe in the casket or coffin of your selfishness but in that casket safe dark motionless airless it will change it will not be broken it will become unbreakable impenetrable irredeemable to love is to be vulnerable,"['to', 'love', 'at', 'all', 'is', 'to', 'be', 'vulnerable', 'love', 'anything', 'and', 'your', 'heart', 'will', 'be', 'wrung', 'and', 'possibly', 'broken', 'if', 'you', 'want', 'to', 'make', 'sure', 'of', 'keeping', 'it', 'intact', 'you', 'must', 'give', 'it', 'to', 'no', 'one', 'not', 'even', 'an', 'animal', 'wrap', 'it', 'carefully', 'round', 'with', 'hobbies', 'and', 'little', 'luxuries', 'avoid', 'all', 'entanglements', 'lock', 'it', 'up', 'safe', 'in', 'the', 'casket', 'or', 'coffin', 'of', 'your', 'selfishness', 'but', 'in', 'that', 'casket', 'safe', 'dark', 'motionless', 'airless', 'it', 'will', 'change', 'it', 'will', 'not', 'be', 'broken', 'it', 'will', 'become', 'unbreakable', 'impenetrable', 'irredeemable', 'to', 'love', 'is', 'to', 'be', 'vulnerable']","['love', 'vulnerable', 'love', 'anything', 'heart', 'wrung', 'possibly', 'broken', 'want', 'make', 'sure', 'keeping', 'intact', 'must', 'give', 'one', 'even', 'animal', 'wrap', 'carefully', 'round', 'hobbies', 'little', 'luxuries', 'avoid', 'entanglements', 'lock', 'safe', 'casket', 'coffin', 'selfishness', 'casket', 'safe', 'dark', 'motionless', 'airless', 'change', 'broken', 'become', 'unbreakable', 'impenetrable', 'irredeemable', 'love', 'vulnerable']","['love', 'vulnerable', 'love', 'anything', 'heart', 'wrung', 'possibly', 'broken', 'want', 'make', 'sure', 'keeping', 'intact', 'must', 'give', 'one', 'even', 'animal', 'wrap', 'carefully', 'round', 'hobby', 'little', 'luxury', 'avoid', 'entanglement', 'lock', 'safe', 'casket', 'coffin', 'selfishness', 'casket', 'safe', 'dark', 'motionless', 'airless', 'change', 'broken', 'become', 'unbreakable', 'impenetrable', 'irredeemable', 'love', 'vulnerable']","['love', 'vulner', 'love', 'anyth', 'heart', 'wrung', 'possibl', 'broken', 'want', 'make', 'sure', 'keep', 'intact', 'must', 'give', 'one', 'even', 'anim', 'wrap', 'care', 'round', 'hobbi', 'littl', 'luxuri', 'avoid', 'entangl', 'lock', 'safe', 'casket', 'coffin', 'selfish', 'casket', 'safe', 'dark', 'motionless', 'airless', 'chang', 'broken', 'becom', 'unbreak', 'impenetr', 'irredeem', 'love', 'vulner']",love vulnerable love anything heart wrung possibly broken want make sure keeping intact must give one even animal wrap carefully round hobby little luxury avoid entanglement lock safe casket coffin selfishness casket safe dark motionless airless change broken become unbreakable impenetrable irredeemable love vulnerable,516,320,92,44,"['love vulnerable', 'vulnerable love', 'love anything', 'anything heart', 'heart wrung', 'wrung possibly', 'possibly broken', 'broken want', 'want make', 'make sure', 'sure keeping', 'keeping intact', 'intact must', 'must give', 'give one', 'one even', 'even animal', 'animal wrap', 'wrap carefully', 'carefully round', 'round hobby', 'hobby little', 'little luxury', 'luxury avoid', 'avoid entanglement', 'entanglement lock', 'lock safe', 'safe casket', 'casket coffin', 'coffin selfishness', 'selfishness casket', 'casket safe', 'safe dark', 'dark motionless', 'motionless airless', 'airless change', 'change broken', 'broken become', 'become unbreakable', 'unbreakable impenetrable', 'impenetrable irredeemable', 'irredeemable love', 'love vulnerable']","['love vulnerable love', 'vulnerable love anything', 'love anything heart', 'anything heart wrung', 'heart wrung possibly', 'wrung possibly broken', 'possibly broken want', 'broken want make', 'want make sure', 'make sure keeping', 'sure keeping intact', 'keeping intact must', 'intact must give', 'must give one', 'give one even', 'one even animal', 'even animal wrap', 'animal wrap carefully', 'wrap carefully round', 'carefully round hobby', 'round hobby little', 'hobby little luxury', 'little luxury avoid', 'luxury avoid entanglement', 'avoid entanglement lock', 'entanglement lock safe', 'lock safe casket', 'safe casket coffin', 'casket coffin selfishness', 'coffin selfishness casket', 'selfishness casket safe', 'casket safe dark', 'safe dark motionless', 'dark motionless airless', 'motionless airless change', 'airless change broken', 'change broken become', 'broken become unbreakable', 'become unbreakable impenetrable', 'unbreakable impenetrable irredeemable', 'impenetrable irredeemable love', 'irredeemable love vulnerable']"
65,“Not all those who wander are lost.”,J.R.R. Tolkien,"bilbo, journey, lost, quest, travel, wander",https://quotes.toscrape.com/page/7/,36,“Not all those who wander are lost.”,not all those who wander are lost,"['not', 'all', 'those', 'who', 'wander', 'are', 'lost']","['wander', 'lost']","['wander', 'lost']","['wander', 'lost']",wander lost,36,11,7,2,['wander lost'],[]
66,"“Do not pity the dead, Harry. Pity the living, and, above all those who live without love.”",J.K. Rowling,live-death-love,https://quotes.toscrape.com/page/7/,91,"“Do not pity the dead, Harry. Pity the living, and, above all those who live without love.”",do not pity the dead harry pity the living and above all those who live without love,"['do', 'not', 'pity', 'the', 'dead', 'harry', 'pity', 'the', 'living', 'and', 'above', 'all', 'those', 'who', 'live', 'without', 'love']","['pity', 'dead', 'harry', 'pity', 'living', 'live', 'without', 'love']","['pity', 'dead', 'harry', 'pity', 'living', 'live', 'without', 'love']","['piti', 'dead', 'harri', 'piti', 'live', 'live', 'without', 'love']",pity dead harry pity living live without love,91,45,17,8,"['pity dead', 'dead harry', 'harry pity', 'pity living', 'living live', 'live without', 'without love']","['pity dead harry', 'dead harry pity', 'harry pity living', 'pity living live', 'living live without', 'live without love']"
67,“There is nothing to writing. All you do is sit down at a typewriter and bleed.”,Ernest Hemingway,"good, writing",https://quotes.toscrape.com/page/7/,80,“There is nothing to writing. All you do is sit down at a typewriter and bleed.”,there is nothing to writing all you do is sit down at a typewriter and bleed,"['there', 'is', 'nothing', 'to', 'writing', 'all', 'you', 'do', 'is', 'sit', 'down', 'at', 'a', 'typewriter', 'and', 'bleed']","['nothing', 'writing', 'sit', 'typewriter', 'bleed']","['nothing', 'writing', 'sit', 'typewriter', 'bleed']","['noth', 'write', 'sit', 'typewrit', 'bleed']",nothing writing sit typewriter bleed,80,36,16,5,"['nothing writing', 'writing sit', 'sit typewriter', 'typewriter bleed']","['nothing writing sit', 'writing sit typewriter', 'sit typewriter bleed']"
68,“Finish each day and be done with it. You have done what you could. Some blunders and absurdities no doubt crept in; forget them as soon as you can. Tomorrow is a new day. You shall begin it serenely and with too high a spirit to be encumbered with your old nonsense.”,Ralph Waldo Emerson,"life, regrets",https://quotes.toscrape.com/page/7/,268,“Finish each day and be done with it. You have done what you could. Some blunders and absurdities no doubt crept in; forget them as soon as you can. Tomorrow is a new day. You shall begin it serenely and with too high a spirit to be encumbered with your old nonsense.”,finish each day and be done with it you have done what you could some blunders and absurdities no doubt crept in forget them as soon as you can tomorrow is a new day you shall begin it serenely and with too high a spirit to be encumbered with your old nonsense,"['finish', 'each', 'day', 'and', 'be', 'done', 'with', 'it', 'you', 'have', 'done', 'what', 'you', 'could', 'some', 'blunders', 'and', 'absurdities', 'no', 'doubt', 'crept', 'in', 'forget', 'them', 'as', 'soon', 'as', 'you', 'can', 'tomorrow', 'is', 'a', 'new', 'day', 'you', 'shall', 'begin', 'it', 'serenely', 'and', 'with', 'too', 'high', 'a', 'spirit', 'to', 'be', 'encumbered', 'with', 'your', 'old', 'nonsense']","['finish', 'day', 'done', 'done', 'could', 'blunders', 'absurdities', 'doubt', 'crept', 'forget', 'soon', 'tomorrow', 'new', 'day', 'shall', 'begin', 'serenely', 'high', 'spirit', 'encumbered', 'old', 'nonsense']","['finish', 'day', 'done', 'done', 'could', 'blunder', 'absurdity', 'doubt', 'crept', 'forget', 'soon', 'tomorrow', 'new', 'day', 'shall', 'begin', 'serenely', 'high', 'spirit', 'encumbered', 'old', 'nonsense']","['finish', 'day', 'done', 'done', 'could', 'blunder', 'absurd', 'doubt', 'crept', 'forget', 'soon', 'tomorrow', 'new', 'day', 'shall', 'begin', 'seren', 'high', 'spirit', 'encumb', 'old', 'nonsens']",finish day done done could blunder absurdity doubt crept forget soon tomorrow new day shall begin serenely high spirit encumbered old nonsense,268,142,52,22,"['finish day', 'day done', 'done done', 'done could', 'could blunder', 'blunder absurdity', 'absurdity doubt', 'doubt crept', 'crept forget', 'forget soon', 'soon tomorrow', 'tomorrow new', 'new day', 'day shall', 'shall begin', 'begin serenely', 'serenely high', 'high spirit', 'spirit encumbered', 'encumbered old', 'old nonsense']","['finish day done', 'day done done', 'done done could', 'done could blunder', 'could blunder absurdity', 'blunder absurdity doubt', 'absurdity doubt crept', 'doubt crept forget', 'crept forget soon', 'forget soon tomorrow', 'soon tomorrow new', 'tomorrow new day', 'new day shall', 'day shall begin', 'shall begin serenely', 'begin serenely high', 'serenely high spirit', 'high spirit encumbered', 'spirit encumbered old', 'encumbered old nonsense']"
69,“I have never let my schooling interfere with my education.”,Mark Twain,education,https://quotes.toscrape.com/page/7/,60,“I have never let my schooling interfere with my education.”,i have never let my schooling interfere with my education,"['i', 'have', 'never', 'let', 'my', 'schooling', 'interfere', 'with', 'my', 'education']","['never', 'let', 'schooling', 'interfere', 'education']","['never', 'let', 'schooling', 'interfere', 'education']","['never', 'let', 'school', 'interfer', 'educ']",never let schooling interfere education,60,39,10,5,"['never let', 'let schooling', 'schooling interfere', 'interfere education']","['never let schooling', 'let schooling interfere', 'schooling interfere education']"
70,“I have heard there are troubles of more than one kind. Some come from ahead and some come from behind. But I've bought a big bat. I'm all ready you see. Now my troubles are going to have troubles with me!”,Dr. Seuss,troubles,https://quotes.toscrape.com/page/7/,206,“I have heard there are troubles of more than one kind. Some come from ahead and some come from behind. But I've bought a big bat. I'm all ready you see. Now my troubles are going to have troubles with me!”,i have heard there are troubles of more than one kind some come from ahead and some come from behind but ive bought a big bat im all ready you see now my troubles are going to have troubles with me,"['i', 'have', 'heard', 'there', 'are', 'troubles', 'of', 'more', 'than', 'one', 'kind', 'some', 'come', 'from', 'ahead', 'and', 'some', 'come', 'from', 'behind', 'but', 'ive', 'bought', 'a', 'big', 'bat', 'im', 'all', 'ready', 'you', 'see', 'now', 'my', 'troubles', 'are', 'going', 'to', 'have', 'troubles', 'with', 'me']","['heard', 'troubles', 'one', 'kind', 'come', 'ahead', 'come', 'behind', 'ive', 'bought', 'big', 'bat', 'im', 'ready', 'see', 'troubles', 'going', 'troubles']","['heard', 'trouble', 'one', 'kind', 'come', 'ahead', 'come', 'behind', 'ive', 'bought', 'big', 'bat', 'im', 'ready', 'see', 'trouble', 'going', 'trouble']","['heard', 'troubl', 'one', 'kind', 'come', 'ahead', 'come', 'behind', 'ive', 'bought', 'big', 'bat', 'im', 'readi', 'see', 'troubl', 'go', 'troubl']",heard trouble one kind come ahead come behind ive bought big bat im ready see trouble going trouble,206,99,41,18,"['heard trouble', 'trouble one', 'one kind', 'kind come', 'come ahead', 'ahead come', 'come behind', 'behind ive', 'ive bought', 'bought big', 'big bat', 'bat im', 'im ready', 'ready see', 'see trouble', 'trouble going', 'going trouble']","['heard trouble one', 'trouble one kind', 'one kind come', 'kind come ahead', 'come ahead come', 'ahead come behind', 'come behind ive', 'behind ive bought', 'ive bought big', 'bought big bat', 'big bat im', 'bat im ready', 'im ready see', 'ready see trouble', 'see trouble going', 'trouble going trouble']"
71,“If I had a flower for every time I thought of you...I could walk through my garden forever.”,Alfred Tennyson,"friendship, love",https://quotes.toscrape.com/page/8/,93,“If I had a flower for every time I thought of you...I could walk through my garden forever.”,if i had a flower for every time i thought of youi could walk through my garden forever,"['if', 'i', 'had', 'a', 'flower', 'for', 'every', 'time', 'i', 'thought', 'of', 'youi', 'could', 'walk', 'through', 'my', 'garden', 'forever']","['flower', 'every', 'time', 'thought', 'youi', 'could', 'walk', 'garden', 'forever']","['flower', 'every', 'time', 'thought', 'youi', 'could', 'walk', 'garden', 'forever']","['flower', 'everi', 'time', 'thought', 'youi', 'could', 'walk', 'garden', 'forev']",flower every time thought youi could walk garden forever,93,56,18,9,"['flower every', 'every time', 'time thought', 'thought youi', 'youi could', 'could walk', 'walk garden', 'garden forever']","['flower every time', 'every time thought', 'time thought youi', 'thought youi could', 'youi could walk', 'could walk garden', 'walk garden forever']"
72,“Some people never go crazy. What truly horrible lives they must lead.”,Charles Bukowski,humor,https://quotes.toscrape.com/page/8/,71,“Some people never go crazy. What truly horrible lives they must lead.”,some people never go crazy what truly horrible lives they must lead,"['some', 'people', 'never', 'go', 'crazy', 'what', 'truly', 'horrible', 'lives', 'they', 'must', 'lead']","['people', 'never', 'go', 'crazy', 'truly', 'horrible', 'lives', 'must', 'lead']","['people', 'never', 'go', 'crazy', 'truly', 'horrible', 'life', 'must', 'lead']","['peopl', 'never', 'go', 'crazi', 'truli', 'horribl', 'live', 'must', 'lead']",people never go crazy truly horrible life must lead,71,51,12,9,"['people never', 'never go', 'go crazy', 'crazy truly', 'truly horrible', 'horrible life', 'life must', 'must lead']","['people never go', 'never go crazy', 'go crazy truly', 'crazy truly horrible', 'truly horrible life', 'horrible life must', 'life must lead']"
73,"“The trouble with having an open mind, of course, is that people will insist on coming along and trying to put things in it.”",Terry Pratchett,"humor, open-mind, thinking",https://quotes.toscrape.com/page/8/,125,"“The trouble with having an open mind, of course, is that people will insist on coming along and trying to put things in it.”",the trouble with having an open mind of course is that people will insist on coming along and trying to put things in it,"['the', 'trouble', 'with', 'having', 'an', 'open', 'mind', 'of', 'course', 'is', 'that', 'people', 'will', 'insist', 'on', 'coming', 'along', 'and', 'trying', 'to', 'put', 'things', 'in', 'it']","['trouble', 'open', 'mind', 'course', 'people', 'insist', 'coming', 'along', 'trying', 'put', 'things']","['trouble', 'open', 'mind', 'course', 'people', 'insist', 'coming', 'along', 'trying', 'put', 'thing']","['troubl', 'open', 'mind', 'cours', 'peopl', 'insist', 'come', 'along', 'tri', 'put', 'thing']",trouble open mind course people insist coming along trying put thing,125,68,24,11,"['trouble open', 'open mind', 'mind course', 'course people', 'people insist', 'insist coming', 'coming along', 'along trying', 'trying put', 'put thing']","['trouble open mind', 'open mind course', 'mind course people', 'course people insist', 'people insist coming', 'insist coming along', 'coming along trying', 'along trying put', 'trying put thing']"
74,"“Think left and think right and think low and think high. Oh, the thinks you can think up if only you try!”",Dr. Seuss,"humor, philosophy",https://quotes.toscrape.com/page/8/,107,"“Think left and think right and think low and think high. Oh, the thinks you can think up if only you try!”",think left and think right and think low and think high oh the thinks you can think up if only you try,"['think', 'left', 'and', 'think', 'right', 'and', 'think', 'low', 'and', 'think', 'high', 'oh', 'the', 'thinks', 'you', 'can', 'think', 'up', 'if', 'only', 'you', 'try']","['think', 'left', 'think', 'right', 'think', 'low', 'think', 'high', 'oh', 'thinks', 'think', 'try']","['think', 'left', 'think', 'right', 'think', 'low', 'think', 'high', 'oh', 'think', 'think', 'try']","['think', 'left', 'think', 'right', 'think', 'low', 'think', 'high', 'oh', 'think', 'think', 'tri']",think left think right think low think high oh think think try,107,62,22,12,"['think left', 'left think', 'think right', 'right think', 'think low', 'low think', 'think high', 'high oh', 'oh think', 'think think', 'think try']","['think left think', 'left think right', 'think right think', 'right think low', 'think low think', 'low think high', 'think high oh', 'high oh think', 'oh think think', 'think think try']"
75,"“What really knocks me out is a book that, when you're all done reading it, you wish the author that wrote it was a terrific friend of yours and you could call him up on the phone whenever you felt like it. That doesn't happen much, though.”",J.D. Salinger,"authors, books, literature, reading, writing",https://quotes.toscrape.com/page/8/,241,"“What really knocks me out is a book that, when you're all done reading it, you wish the author that wrote it was a terrific friend of yours and you could call him up on the phone whenever you felt like it. That doesn't happen much, though.”",what really knocks me out is a book that when youre all done reading it you wish the author that wrote it was a terrific friend of yours and you could call him up on the phone whenever you felt like it that doesnt happen much though,"['what', 'really', 'knocks', 'me', 'out', 'is', 'a', 'book', 'that', 'when', 'youre', 'all', 'done', 'reading', 'it', 'you', 'wish', 'the', 'author', 'that', 'wrote', 'it', 'was', 'a', 'terrific', 'friend', 'of', 'yours', 'and', 'you', 'could', 'call', 'him', 'up', 'on', 'the', 'phone', 'whenever', 'you', 'felt', 'like', 'it', 'that', 'doesnt', 'happen', 'much', 'though']","['really', 'knocks', 'book', 'youre', 'done', 'reading', 'wish', 'author', 'wrote', 'terrific', 'friend', 'could', 'call', 'phone', 'whenever', 'felt', 'like', 'doesnt', 'happen', 'much', 'though']","['really', 'knock', 'book', 'youre', 'done', 'reading', 'wish', 'author', 'wrote', 'terrific', 'friend', 'could', 'call', 'phone', 'whenever', 'felt', 'like', 'doesnt', 'happen', 'much', 'though']","['realli', 'knock', 'book', 'your', 'done', 'read', 'wish', 'author', 'wrote', 'terrif', 'friend', 'could', 'call', 'phone', 'whenev', 'felt', 'like', 'doesnt', 'happen', 'much', 'though']",really knock book youre done reading wish author wrote terrific friend could call phone whenever felt like doesnt happen much though,241,132,47,21,"['really knock', 'knock book', 'book youre', 'youre done', 'done reading', 'reading wish', 'wish author', 'author wrote', 'wrote terrific', 'terrific friend', 'friend could', 'could call', 'call phone', 'phone whenever', 'whenever felt', 'felt like', 'like doesnt', 'doesnt happen', 'happen much', 'much though']","['really knock book', 'knock book youre', 'book youre done', 'youre done reading', 'done reading wish', 'reading wish author', 'wish author wrote', 'author wrote terrific', 'wrote terrific friend', 'terrific friend could', 'friend could call', 'could call phone', 'call phone whenever', 'phone whenever felt', 'whenever felt like', 'felt like doesnt', 'like doesnt happen', 'doesnt happen much', 'happen much though']"
76,“The reason I talk to myself is because I’m the only one whose answers I accept.”,George Carlin,"humor, insanity, lies, lying, self-indulgence, truth",https://quotes.toscrape.com/page/8/,81,“The reason I talk to myself is because I’m the only one whose answers I accept.”,the reason i talk to myself is because i m the only one whose answers i accept,"['the', 'reason', 'i', 'talk', 'to', 'myself', 'is', 'because', 'i', 'm', 'the', 'only', 'one', 'whose', 'answers', 'i', 'accept']","['reason', 'talk', 'one', 'whose', 'answers', 'accept']","['reason', 'talk', 'one', 'whose', 'answer', 'accept']","['reason', 'talk', 'one', 'whose', 'answer', 'accept']",reason talk one whose answer accept,81,35,17,6,"['reason talk', 'talk one', 'one whose', 'whose answer', 'answer accept']","['reason talk one', 'talk one whose', 'one whose answer', 'whose answer accept']"
77,"“You may say I'm a dreamer, but I'm not the only one. I hope someday you'll join us. And the world will live as one.”",John Lennon,"beatles, connection, dreamers, dreaming, dreams, hope, inspirational, peace",https://quotes.toscrape.com/page/8/,117,"“You may say I'm a dreamer, but I'm not the only one. I hope someday you'll join us. And the world will live as one.”",you may say im a dreamer but im not the only one i hope someday youll join us and the world will live as one,"['you', 'may', 'say', 'im', 'a', 'dreamer', 'but', 'im', 'not', 'the', 'only', 'one', 'i', 'hope', 'someday', 'youll', 'join', 'us', 'and', 'the', 'world', 'will', 'live', 'as', 'one']","['may', 'say', 'im', 'dreamer', 'im', 'one', 'hope', 'someday', 'youll', 'join', 'us', 'world', 'live', 'one']","['may', 'say', 'im', 'dreamer', 'im', 'one', 'hope', 'someday', 'youll', 'join', 'u', 'world', 'live', 'one']","['may', 'say', 'im', 'dreamer', 'im', 'one', 'hope', 'someday', 'youll', 'join', 'us', 'world', 'live', 'one']",may say im dreamer im one hope someday youll join u world live one,117,66,25,14,"['may say', 'say im', 'im dreamer', 'dreamer im', 'im one', 'one hope', 'hope someday', 'someday youll', 'youll join', 'join u', 'u world', 'world live', 'live one']","['may say im', 'say im dreamer', 'im dreamer im', 'dreamer im one', 'im one hope', 'one hope someday', 'hope someday youll', 'someday youll join', 'youll join u', 'join u world', 'u world live', 'world live one']"
78,“I am free of all prejudice. I hate everyone equally. ”,W.C. Fields,"humor, sinister",https://quotes.toscrape.com/page/8/,55,“I am free of all prejudice. I hate everyone equally. ”,i am free of all prejudice i hate everyone equally,"['i', 'am', 'free', 'of', 'all', 'prejudice', 'i', 'hate', 'everyone', 'equally']","['free', 'prejudice', 'hate', 'everyone', 'equally']","['free', 'prejudice', 'hate', 'everyone', 'equally']","['free', 'prejudic', 'hate', 'everyon', 'equal']",free prejudice hate everyone equally,55,36,10,5,"['free prejudice', 'prejudice hate', 'hate everyone', 'everyone equally']","['free prejudice hate', 'prejudice hate everyone', 'hate everyone equally']"
79,“The question isn't who is going to let me; it's who is going to stop me.”,Ayn Rand,,https://quotes.toscrape.com/page/8/,74,“The question isn't who is going to let me; it's who is going to stop me.”,the question isnt who is going to let me its who is going to stop me,"['the', 'question', 'isnt', 'who', 'is', 'going', 'to', 'let', 'me', 'its', 'who', 'is', 'going', 'to', 'stop', 'me']","['question', 'isnt', 'going', 'let', 'going', 'stop']","['question', 'isnt', 'going', 'let', 'going', 'stop']","['question', 'isnt', 'go', 'let', 'go', 'stop']",question isnt going let going stop,74,34,16,6,"['question isnt', 'isnt going', 'going let', 'let going', 'going stop']","['question isnt going', 'isnt going let', 'going let going', 'let going stop']"
80,“′Classic′ - a book which people praise and don't read.”,Mark Twain,"books, classic, reading",https://quotes.toscrape.com/page/8/,56,“′Classic′ - a book which people praise and don't read.”,classic a book which people praise and dont read,"['classic', 'a', 'book', 'which', 'people', 'praise', 'and', 'dont', 'read']","['classic', 'book', 'people', 'praise', 'dont', 'read']","['classic', 'book', 'people', 'praise', 'dont', 'read']","['classic', 'book', 'peopl', 'prais', 'dont', 'read']",classic book people praise dont read,56,36,9,6,"['classic book', 'book people', 'people praise', 'praise dont', 'dont read']","['classic book people', 'book people praise', 'people praise dont', 'praise dont read']"
81,“Anyone who has never made a mistake has never tried anything new.”,Albert Einstein,mistakes,https://quotes.toscrape.com/page/9/,67,“Anyone who has never made a mistake has never tried anything new.”,anyone who has never made a mistake has never tried anything new,"['anyone', 'who', 'has', 'never', 'made', 'a', 'mistake', 'has', 'never', 'tried', 'anything', 'new']","['anyone', 'never', 'made', 'mistake', 'never', 'tried', 'anything', 'new']","['anyone', 'never', 'made', 'mistake', 'never', 'tried', 'anything', 'new']","['anyon', 'never', 'made', 'mistak', 'never', 'tri', 'anyth', 'new']",anyone never made mistake never tried anything new,67,50,12,8,"['anyone never', 'never made', 'made mistake', 'mistake never', 'never tried', 'tried anything', 'anything new']","['anyone never made', 'never made mistake', 'made mistake never', 'mistake never tried', 'never tried anything', 'tried anything new']"
82,"“A lady's imagination is very rapid; it jumps from admiration to love, from love to matrimony in a moment.”",Jane Austen,"humor, love, romantic, women",https://quotes.toscrape.com/page/9/,107,"“A lady's imagination is very rapid; it jumps from admiration to love, from love to matrimony in a moment.”",a ladys imagination is very rapid it jumps from admiration to love from love to matrimony in a moment,"['a', 'ladys', 'imagination', 'is', 'very', 'rapid', 'it', 'jumps', 'from', 'admiration', 'to', 'love', 'from', 'love', 'to', 'matrimony', 'in', 'a', 'moment']","['ladys', 'imagination', 'rapid', 'jumps', 'admiration', 'love', 'love', 'matrimony', 'moment']","['lady', 'imagination', 'rapid', 'jump', 'admiration', 'love', 'love', 'matrimony', 'moment']","['ladi', 'imagin', 'rapid', 'jump', 'admir', 'love', 'love', 'matrimoni', 'moment']",lady imagination rapid jump admiration love love matrimony moment,107,65,19,9,"['lady imagination', 'imagination rapid', 'rapid jump', 'jump admiration', 'admiration love', 'love love', 'love matrimony', 'matrimony moment']","['lady imagination rapid', 'imagination rapid jump', 'rapid jump admiration', 'jump admiration love', 'admiration love love', 'love love matrimony', 'love matrimony moment']"
83,"“Remember, if the time should come when you have to make a choice between what is right and what is easy, remember what happened to a boy who was good, and kind, and brave, because he strayed across the path of Lord Voldemort. Remember Cedric Diggory.”",J.K. Rowling,integrity,https://quotes.toscrape.com/page/9/,252,"“Remember, if the time should come when you have to make a choice between what is right and what is easy, remember what happened to a boy who was good, and kind, and brave, because he strayed across the path of Lord Voldemort. Remember Cedric Diggory.”",remember if the time should come when you have to make a choice between what is right and what is easy remember what happened to a boy who was good and kind and brave because he strayed across the path of lord voldemort remember cedric diggory,"['remember', 'if', 'the', 'time', 'should', 'come', 'when', 'you', 'have', 'to', 'make', 'a', 'choice', 'between', 'what', 'is', 'right', 'and', 'what', 'is', 'easy', 'remember', 'what', 'happened', 'to', 'a', 'boy', 'who', 'was', 'good', 'and', 'kind', 'and', 'brave', 'because', 'he', 'strayed', 'across', 'the', 'path', 'of', 'lord', 'voldemort', 'remember', 'cedric', 'diggory']","['remember', 'time', 'come', 'make', 'choice', 'right', 'easy', 'remember', 'happened', 'boy', 'good', 'kind', 'brave', 'strayed', 'across', 'path', 'lord', 'voldemort', 'remember', 'cedric', 'diggory']","['remember', 'time', 'come', 'make', 'choice', 'right', 'easy', 'remember', 'happened', 'boy', 'good', 'kind', 'brave', 'strayed', 'across', 'path', 'lord', 'voldemort', 'remember', 'cedric', 'diggory']","['rememb', 'time', 'come', 'make', 'choic', 'right', 'easi', 'rememb', 'happen', 'boy', 'good', 'kind', 'brave', 'stray', 'across', 'path', 'lord', 'voldemort', 'rememb', 'cedric', 'diggori']",remember time come make choice right easy remember happened boy good kind brave strayed across path lord voldemort remember cedric diggory,252,138,46,21,"['remember time', 'time come', 'come make', 'make choice', 'choice right', 'right easy', 'easy remember', 'remember happened', 'happened boy', 'boy good', 'good kind', 'kind brave', 'brave strayed', 'strayed across', 'across path', 'path lord', 'lord voldemort', 'voldemort remember', 'remember cedric', 'cedric diggory']","['remember time come', 'time come make', 'come make choice', 'make choice right', 'choice right easy', 'right easy remember', 'easy remember happened', 'remember happened boy', 'happened boy good', 'boy good kind', 'good kind brave', 'kind brave strayed', 'brave strayed across', 'strayed across path', 'across path lord', 'path lord voldemort', 'lord voldemort remember', 'voldemort remember cedric', 'remember cedric diggory']"
84,"“I declare after all there is no enjoyment like reading! How much sooner one tires of any thing than of a book! -- When I have a house of my own, I shall be miserable if I have not an excellent library.”",Jane Austen,"books, library, reading",https://quotes.toscrape.com/page/9/,203,"“I declare after all there is no enjoyment like reading! How much sooner one tires of any thing than of a book! -- When I have a house of my own, I shall be miserable if I have not an excellent library.”",i declare after all there is no enjoyment like reading how much sooner one tires of any thing than of a book when i have a house of my own i shall be miserable if i have not an excellent library,"['i', 'declare', 'after', 'all', 'there', 'is', 'no', 'enjoyment', 'like', 'reading', 'how', 'much', 'sooner', 'one', 'tires', 'of', 'any', 'thing', 'than', 'of', 'a', 'book', 'when', 'i', 'have', 'a', 'house', 'of', 'my', 'own', 'i', 'shall', 'be', 'miserable', 'if', 'i', 'have', 'not', 'an', 'excellent', 'library']","['declare', 'enjoyment', 'like', 'reading', 'much', 'sooner', 'one', 'tires', 'thing', 'book', 'house', 'shall', 'miserable', 'excellent', 'library']","['declare', 'enjoyment', 'like', 'reading', 'much', 'sooner', 'one', 'tire', 'thing', 'book', 'house', 'shall', 'miserable', 'excellent', 'library']","['declar', 'enjoy', 'like', 'read', 'much', 'sooner', 'one', 'tire', 'thing', 'book', 'hous', 'shall', 'miser', 'excel', 'librari']",declare enjoyment like reading much sooner one tire thing book house shall miserable excellent library,203,102,41,15,"['declare enjoyment', 'enjoyment like', 'like reading', 'reading much', 'much sooner', 'sooner one', 'one tire', 'tire thing', 'thing book', 'book house', 'house shall', 'shall miserable', 'miserable excellent', 'excellent library']","['declare enjoyment like', 'enjoyment like reading', 'like reading much', 'reading much sooner', 'much sooner one', 'sooner one tire', 'one tire thing', 'tire thing book', 'thing book house', 'book house shall', 'house shall miserable', 'shall miserable excellent', 'miserable excellent library']"
85,"“There are few people whom I really love, and still fewer of whom I think well. The more I see of the world, the more am I dissatisfied with it; and every day confirms my belief of the inconsistency of all human characters, and of the little dependence that can be placed on the appearance of merit or sense.”",Jane Austen,"elizabeth-bennet, jane-austen",https://quotes.toscrape.com/page/9/,309,"“There are few people whom I really love, and still fewer of whom I think well. The more I see of the world, the more am I dissatisfied with it; and every day confirms my belief of the inconsistency of all human characters, and of the little dependence that can be placed on the appearance of merit or sense.”",there are few people whom i really love and still fewer of whom i think well the more i see of the world the more am i dissatisfied with it and every day confirms my belief of the inconsistency of all human characters and of the little dependence that can be placed on the appearance of merit or sense,"['there', 'are', 'few', 'people', 'whom', 'i', 'really', 'love', 'and', 'still', 'fewer', 'of', 'whom', 'i', 'think', 'well', 'the', 'more', 'i', 'see', 'of', 'the', 'world', 'the', 'more', 'am', 'i', 'dissatisfied', 'with', 'it', 'and', 'every', 'day', 'confirms', 'my', 'belief', 'of', 'the', 'inconsistency', 'of', 'all', 'human', 'characters', 'and', 'of', 'the', 'little', 'dependence', 'that', 'can', 'be', 'placed', 'on', 'the', 'appearance', 'of', 'merit', 'or', 'sense']","['people', 'really', 'love', 'still', 'fewer', 'think', 'well', 'see', 'world', 'dissatisfied', 'every', 'day', 'confirms', 'belief', 'inconsistency', 'human', 'characters', 'little', 'dependence', 'placed', 'appearance', 'merit', 'sense']","['people', 'really', 'love', 'still', 'fewer', 'think', 'well', 'see', 'world', 'dissatisfied', 'every', 'day', 'confirms', 'belief', 'inconsistency', 'human', 'character', 'little', 'dependence', 'placed', 'appearance', 'merit', 'sense']","['peopl', 'realli', 'love', 'still', 'fewer', 'think', 'well', 'see', 'world', 'dissatisfi', 'everi', 'day', 'confirm', 'belief', 'inconsist', 'human', 'charact', 'littl', 'depend', 'place', 'appear', 'merit', 'sens']",people really love still fewer think well see world dissatisfied every day confirms belief inconsistency human character little dependence placed appearance merit sense,309,168,59,23,"['people really', 'really love', 'love still', 'still fewer', 'fewer think', 'think well', 'well see', 'see world', 'world dissatisfied', 'dissatisfied every', 'every day', 'day confirms', 'confirms belief', 'belief inconsistency', 'inconsistency human', 'human character', 'character little', 'little dependence', 'dependence placed', 'placed appearance', 'appearance merit', 'merit sense']","['people really love', 'really love still', 'love still fewer', 'still fewer think', 'fewer think well', 'think well see', 'well see world', 'see world dissatisfied', 'world dissatisfied every', 'dissatisfied every day', 'every day confirms', 'day confirms belief', 'confirms belief inconsistency', 'belief inconsistency human', 'inconsistency human character', 'human character little', 'character little dependence', 'little dependence placed', 'dependence placed appearance', 'placed appearance merit', 'appearance merit sense']"
86,“Some day you will be old enough to start reading fairy tales again.”,C.S. Lewis,"age, fairytales, growing-up",https://quotes.toscrape.com/page/9/,69,“Some day you will be old enough to start reading fairy tales again.”,some day you will be old enough to start reading fairy tales again,"['some', 'day', 'you', 'will', 'be', 'old', 'enough', 'to', 'start', 'reading', 'fairy', 'tales', 'again']","['day', 'old', 'enough', 'start', 'reading', 'fairy', 'tales']","['day', 'old', 'enough', 'start', 'reading', 'fairy', 'tale']","['day', 'old', 'enough', 'start', 'read', 'fairi', 'tale']",day old enough start reading fairy tale,69,39,13,7,"['day old', 'old enough', 'enough start', 'start reading', 'reading fairy', 'fairy tale']","['day old enough', 'old enough start', 'enough start reading', 'start reading fairy', 'reading fairy tale']"
87,“We are not necessarily doubting that God will do the best for us; we are wondering how painful the best will turn out to be.”,C.S. Lewis,god,https://quotes.toscrape.com/page/9/,126,“We are not necessarily doubting that God will do the best for us; we are wondering how painful the best will turn out to be.”,we are not necessarily doubting that god will do the best for us we are wondering how painful the best will turn out to be,"['we', 'are', 'not', 'necessarily', 'doubting', 'that', 'god', 'will', 'do', 'the', 'best', 'for', 'us', 'we', 'are', 'wondering', 'how', 'painful', 'the', 'best', 'will', 'turn', 'out', 'to', 'be']","['necessarily', 'doubting', 'god', 'best', 'us', 'wondering', 'painful', 'best', 'turn']","['necessarily', 'doubting', 'god', 'best', 'u', 'wondering', 'painful', 'best', 'turn']","['necessarili', 'doubt', 'god', 'best', 'us', 'wonder', 'pain', 'best', 'turn']",necessarily doubting god best u wondering painful best turn,126,59,25,9,"['necessarily doubting', 'doubting god', 'god best', 'best u', 'u wondering', 'wondering painful', 'painful best', 'best turn']","['necessarily doubting god', 'doubting god best', 'god best u', 'best u wondering', 'u wondering painful', 'wondering painful best', 'painful best turn']"
88,“The fear of death follows from the fear of life. A man who lives fully is prepared to die at any time.”,Mark Twain,"death, life",https://quotes.toscrape.com/page/9/,104,“The fear of death follows from the fear of life. A man who lives fully is prepared to die at any time.”,the fear of death follows from the fear of life a man who lives fully is prepared to die at any time,"['the', 'fear', 'of', 'death', 'follows', 'from', 'the', 'fear', 'of', 'life', 'a', 'man', 'who', 'lives', 'fully', 'is', 'prepared', 'to', 'die', 'at', 'any', 'time']","['fear', 'death', 'follows', 'fear', 'life', 'man', 'lives', 'fully', 'prepared', 'die', 'time']","['fear', 'death', 'follows', 'fear', 'life', 'man', 'life', 'fully', 'prepared', 'die', 'time']","['fear', 'death', 'follow', 'fear', 'life', 'man', 'live', 'fulli', 'prepar', 'die', 'time']",fear death follows fear life man life fully prepared die time,104,61,22,11,"['fear death', 'death follows', 'follows fear', 'fear life', 'life man', 'man life', 'life fully', 'fully prepared', 'prepared die', 'die time']","['fear death follows', 'death follows fear', 'follows fear life', 'fear life man', 'life man life', 'man life fully', 'life fully prepared', 'fully prepared die', 'prepared die time']"
89,“A lie can travel half way around the world while the truth is putting on its shoes.”,Mark Twain,"misattributed-mark-twain, truth",https://quotes.toscrape.com/page/9/,85,“A lie can travel half way around the world while the truth is putting on its shoes.”,a lie can travel half way around the world while the truth is putting on its shoes,"['a', 'lie', 'can', 'travel', 'half', 'way', 'around', 'the', 'world', 'while', 'the', 'truth', 'is', 'putting', 'on', 'its', 'shoes']","['lie', 'travel', 'half', 'way', 'around', 'world', 'truth', 'putting', 'shoes']","['lie', 'travel', 'half', 'way', 'around', 'world', 'truth', 'putting', 'shoe']","['lie', 'travel', 'half', 'way', 'around', 'world', 'truth', 'put', 'shoe']",lie travel half way around world truth putting shoe,85,51,17,9,"['lie travel', 'travel half', 'half way', 'way around', 'around world', 'world truth', 'truth putting', 'putting shoe']","['lie travel half', 'travel half way', 'half way around', 'way around world', 'around world truth', 'world truth putting', 'truth putting shoe']"
90,"“I believe in Christianity as I believe that the sun has risen: not only because I see it, but because by it I see everything else.”",C.S. Lewis,"christianity, faith, religion, sun",https://quotes.toscrape.com/page/9/,132,"“I believe in Christianity as I believe that the sun has risen: not only because I see it, but because by it I see everything else.”",i believe in christianity as i believe that the sun has risen not only because i see it but because by it i see everything else,"['i', 'believe', 'in', 'christianity', 'as', 'i', 'believe', 'that', 'the', 'sun', 'has', 'risen', 'not', 'only', 'because', 'i', 'see', 'it', 'but', 'because', 'by', 'it', 'i', 'see', 'everything', 'else']","['believe', 'christianity', 'believe', 'sun', 'risen', 'see', 'see', 'everything', 'else']","['believe', 'christianity', 'believe', 'sun', 'risen', 'see', 'see', 'everything', 'else']","['believ', 'christian', 'believ', 'sun', 'risen', 'see', 'see', 'everyth', 'els']",believe christianity believe sun risen see see everything else,132,62,26,9,"['believe christianity', 'christianity believe', 'believe sun', 'sun risen', 'risen see', 'see see', 'see everything', 'everything else']","['believe christianity believe', 'christianity believe sun', 'believe sun risen', 'sun risen see', 'risen see see', 'see see everything', 'see everything else']"
91,"“The truth."" Dumbledore sighed. ""It is a beautiful and terrible thing, and should therefore be treated with great caution.”",J.K. Rowling,truth,https://quotes.toscrape.com/page/10/,123,"“The truth."" Dumbledore sighed. ""It is a beautiful and terrible thing, and should therefore be treated with great caution.”",the truth dumbledore sighed it is a beautiful and terrible thing and should therefore be treated with great caution,"['the', 'truth', 'dumbledore', 'sighed', 'it', 'is', 'a', 'beautiful', 'and', 'terrible', 'thing', 'and', 'should', 'therefore', 'be', 'treated', 'with', 'great', 'caution']","['truth', 'dumbledore', 'sighed', 'beautiful', 'terrible', 'thing', 'therefore', 'treated', 'great', 'caution']","['truth', 'dumbledore', 'sighed', 'beautiful', 'terrible', 'thing', 'therefore', 'treated', 'great', 'caution']","['truth', 'dumbledor', 'sigh', 'beauti', 'terribl', 'thing', 'therefor', 'treat', 'great', 'caution']",truth dumbledore sighed beautiful terrible thing therefore treated great caution,123,80,19,10,"['truth dumbledore', 'dumbledore sighed', 'sighed beautiful', 'beautiful terrible', 'terrible thing', 'thing therefore', 'therefore treated', 'treated great', 'great caution']","['truth dumbledore sighed', 'dumbledore sighed beautiful', 'sighed beautiful terrible', 'beautiful terrible thing', 'terrible thing therefore', 'thing therefore treated', 'therefore treated great', 'treated great caution']"
92,"“I'm the one that's got to die when it's time for me to die, so let me live my life the way I want to.”",Jimi Hendrix,"death, life",https://quotes.toscrape.com/page/10/,103,"“I'm the one that's got to die when it's time for me to die, so let me live my life the way I want to.”",im the one thats got to die when its time for me to die so let me live my life the way i want to,"['im', 'the', 'one', 'thats', 'got', 'to', 'die', 'when', 'its', 'time', 'for', 'me', 'to', 'die', 'so', 'let', 'me', 'live', 'my', 'life', 'the', 'way', 'i', 'want', 'to']","['im', 'one', 'thats', 'got', 'die', 'time', 'die', 'let', 'live', 'life', 'way', 'want']","['im', 'one', 'thats', 'got', 'die', 'time', 'die', 'let', 'live', 'life', 'way', 'want']","['im', 'one', 'that', 'got', 'die', 'time', 'die', 'let', 'live', 'life', 'way', 'want']",im one thats got die time die let live life way want,103,52,25,12,"['im one', 'one thats', 'thats got', 'got die', 'die time', 'time die', 'die let', 'let live', 'live life', 'life way', 'way want']","['im one thats', 'one thats got', 'thats got die', 'got die time', 'die time die', 'time die let', 'die let live', 'let live life', 'live life way', 'life way want']"
93,“To die will be an awfully big adventure.”,J.M. Barrie,"adventure, love",https://quotes.toscrape.com/page/10/,42,“To die will be an awfully big adventure.”,to die will be an awfully big adventure,"['to', 'die', 'will', 'be', 'an', 'awfully', 'big', 'adventure']","['die', 'awfully', 'big', 'adventure']","['die', 'awfully', 'big', 'adventure']","['die', 'aw', 'big', 'adventur']",die awfully big adventure,42,25,8,4,"['die awfully', 'awfully big', 'big adventure']","['die awfully big', 'awfully big adventure']"
94,“It takes courage to grow up and become who you really are.”,E.E. Cummings,courage,https://quotes.toscrape.com/page/10/,60,“It takes courage to grow up and become who you really are.”,it takes courage to grow up and become who you really are,"['it', 'takes', 'courage', 'to', 'grow', 'up', 'and', 'become', 'who', 'you', 'really', 'are']","['takes', 'courage', 'grow', 'become', 'really']","['take', 'courage', 'grow', 'become', 'really']","['take', 'courag', 'grow', 'becom', 'realli']",take courage grow become really,60,31,12,5,"['take courage', 'courage grow', 'grow become', 'become really']","['take courage grow', 'courage grow become', 'grow become really']"
95,“But better to get hurt by the truth than comforted with a lie.”,Khaled Hosseini,life,https://quotes.toscrape.com/page/10/,64,“But better to get hurt by the truth than comforted with a lie.”,but better to get hurt by the truth than comforted with a lie,"['but', 'better', 'to', 'get', 'hurt', 'by', 'the', 'truth', 'than', 'comforted', 'with', 'a', 'lie']","['better', 'get', 'hurt', 'truth', 'comforted', 'lie']","['better', 'get', 'hurt', 'truth', 'comforted', 'lie']","['better', 'get', 'hurt', 'truth', 'comfort', 'lie']",better get hurt truth comforted lie,64,35,13,6,"['better get', 'get hurt', 'hurt truth', 'truth comforted', 'comforted lie']","['better get hurt', 'get hurt truth', 'hurt truth comforted', 'truth comforted lie']"
96,“You never really understand a person until you consider things from his point of view... Until you climb inside of his skin and walk around in it.”,Harper Lee,better-life-empathy,https://quotes.toscrape.com/page/10/,148,“You never really understand a person until you consider things from his point of view... Until you climb inside of his skin and walk around in it.”,you never really understand a person until you consider things from his point of view until you climb inside of his skin and walk around in it,"['you', 'never', 'really', 'understand', 'a', 'person', 'until', 'you', 'consider', 'things', 'from', 'his', 'point', 'of', 'view', 'until', 'you', 'climb', 'inside', 'of', 'his', 'skin', 'and', 'walk', 'around', 'in', 'it']","['never', 'really', 'understand', 'person', 'consider', 'things', 'point', 'view', 'climb', 'inside', 'skin', 'walk', 'around']","['never', 'really', 'understand', 'person', 'consider', 'thing', 'point', 'view', 'climb', 'inside', 'skin', 'walk', 'around']","['never', 'realli', 'understand', 'person', 'consid', 'thing', 'point', 'view', 'climb', 'insid', 'skin', 'walk', 'around']",never really understand person consider thing point view climb inside skin walk around,148,86,27,13,"['never really', 'really understand', 'understand person', 'person consider', 'consider thing', 'thing point', 'point view', 'view climb', 'climb inside', 'inside skin', 'skin walk', 'walk around']","['never really understand', 'really understand person', 'understand person consider', 'person consider thing', 'consider thing point', 'thing point view', 'point view climb', 'view climb inside', 'climb inside skin', 'inside skin walk', 'skin walk around']"
97,"“You have to write the book that wants to be written. And if the book will be too difficult for grown-ups, then you write it for children.”",Madeleine L'Engle,"books, children, difficult, grown-ups, write, writers, writing",https://quotes.toscrape.com/page/10/,139,"“You have to write the book that wants to be written. And if the book will be too difficult for grown-ups, then you write it for children.”",you have to write the book that wants to be written and if the book will be too difficult for grownups then you write it for children,"['you', 'have', 'to', 'write', 'the', 'book', 'that', 'wants', 'to', 'be', 'written', 'and', 'if', 'the', 'book', 'will', 'be', 'too', 'difficult', 'for', 'grownups', 'then', 'you', 'write', 'it', 'for', 'children']","['write', 'book', 'wants', 'written', 'book', 'difficult', 'grownups', 'write', 'children']","['write', 'book', 'want', 'written', 'book', 'difficult', 'grownup', 'write', 'child']","['write', 'book', 'want', 'written', 'book', 'difficult', 'grownup', 'write', 'children']",write book want written book difficult grownup write child,139,58,27,9,"['write book', 'book want', 'want written', 'written book', 'book difficult', 'difficult grownup', 'grownup write', 'write child']","['write book want', 'book want written', 'want written book', 'written book difficult', 'book difficult grownup', 'difficult grownup write', 'grownup write child']"
98,“Never tell the truth to people who are not worthy of it.”,Mark Twain,truth,https://quotes.toscrape.com/page/10/,58,“Never tell the truth to people who are not worthy of it.”,never tell the truth to people who are not worthy of it,"['never', 'tell', 'the', 'truth', 'to', 'people', 'who', 'are', 'not', 'worthy', 'of', 'it']","['never', 'tell', 'truth', 'people', 'worthy']","['never', 'tell', 'truth', 'people', 'worthy']","['never', 'tell', 'truth', 'peopl', 'worthi']",never tell truth people worthy,58,30,12,5,"['never tell', 'tell truth', 'truth people', 'people worthy']","['never tell truth', 'tell truth people', 'truth people worthy']"
99,"“A person's a person, no matter how small.”",Dr. Seuss,inspirational,https://quotes.toscrape.com/page/10/,43,"“A person's a person, no matter how small.”",a persons a person no matter how small,"['a', 'persons', 'a', 'person', 'no', 'matter', 'how', 'small']","['persons', 'person', 'matter', 'small']","['person', 'person', 'matter', 'small']","['person', 'person', 'matter', 'small']",person person matter small,43,26,8,4,"['person person', 'person matter', 'matter small']","['person person matter', 'person matter small']"
100,"“... a mind needs books as a sword needs a whetstone, if it is to keep its edge.”",George R.R. Martin,"books, mind",https://quotes.toscrape.com/page/10/,81,"“... a mind needs books as a sword needs a whetstone, if it is to keep its edge.”",a mind needs books as a sword needs a whetstone if it is to keep its edge,"['a', 'mind', 'needs', 'books', 'as', 'a', 'sword', 'needs', 'a', 'whetstone', 'if', 'it', 'is', 'to', 'keep', 'its', 'edge']","['mind', 'needs', 'books', 'sword', 'needs', 'whetstone', 'keep', 'edge']","['mind', 'need', 'book', 'sword', 'need', 'whetstone', 'keep', 'edge']","['mind', 'need', 'book', 'sword', 'need', 'whetston', 'keep', 'edg']",mind need book sword need whetstone keep edge,81,45,17,8,"['mind need', 'need book', 'book sword', 'sword need', 'need whetstone', 'whetstone keep', 'keep edge']","['mind need book', 'need book sword', 'book sword need', 'sword need whetstone', 'need whetstone keep', 'whetstone keep edge']"
