Row_ID,Order_ID,Order_Date,Ship_Date,Ship_Mode,Customer_ID,Customer_Name,Segment,Country,City,State,Region,Product_ID,Category,Sub-Category,Product_Name,Sales,Quantity,Profit,Returns,Payment_Mode,Order_Year,Order_Quarter,Order_Month,Order_Month_Name,Order_Day,Order_Day_Name,Shipping_Days,Sales_Per_Unit,Profit_Per_Unit,Profit_Margin,Customer_Order_Count,Customer_Total_Sales,Customer_Total_Profit,Product_Order_Count,Product_Total_Sales,Product_Total_Profit,Product_Total_Quantity,Product_Profit_Margin,Region_Total_Sales,Region_Total_Profit,State_Total_Sales,State_Total_Profit,City_Total_Sales,City_Total_Profit,Segment_Total_Sales,Segment_Total_Profit,Category_Total_Sales,Category_Total_Profit,SubCategory_Total_Sales,SubCategory_Total_Profit,ShipMode_Order_Count,PaymentMode_Order_Count,Actual_Return_Flag,Predicted_Return_Flag,Return_Probability,Prediction_Confidence
8977,CA-2020-156622,,,First Class,JP-15460,Jennifer Patt,Corporate,United States,Dallas,Texas,Central,FUR-TA-10003008,Furniture,Tables,"Lesro Round Back Collection Coffee Table, End Table",162.785,1,-31.0335,No,Cards,,,,,,,,162.785,-31.0335,-19.06410295788924,5,1754.2129999999995,318.0049,5,1209.24,-394.308,8,-32.6079190235189,341007.5242,27450.0071,116261.9302,-14078.1598,20019.1136,-1983.7422,509743.1262,57805.7991,451508.6452,10006.6112,119293.743,-11091.6365,499,985,0,0,0.003376975385430708,99.66230246145693
1799,CA-2019-100965,2019-07-07,2019-11-07,Standard Class,RM-19375,Raymond Messe,Consumer,United States,San Jose,California,West,FUR-FU-10003039,Furniture,Furnishings,"Howard Miller 11-1/2"" Diameter Grantwood Wall Clock",215.65,5,73.321,No,COD,2019.0,3.0,7.0,July,7.0,Sunday,123.0,43.13,14.6642,34.0,3,1471.73,358.362,4,477.544,123.3518,9,25.83045750758045,522441.052,67859.9582,335190.256,49372.175,3733.907,739.429,753002.1291,81338.5875,451508.6452,10006.6112,92691.218,8034.4328,1773,1717,0,0,0.0011962879400599657,99.880371205994
5804,US-2020-106796,2020-12-05,,Standard Class,JP-16135,Julie Prescott,Home Office,United States,Springfield,Ohio,East,OFF-AR-10003504,Office Supplies,Art,Newell 347,96.272,3,1.1556,No,COD,2020.0,4.0,12.0,December,5.0,Saturday,,32.09066666666667,0.3852,1.200349011135117,7,4127.398,295.362,4,429.752,21.0148,19,4.889983059997394,450234.666,53400.4243,68194.86,-9339.4223,26563.202,1508.6366,303059.0679,36117.7193,643707.687,74797.2461,50762.976,3635.9257,1773,1717,0,0,0.0008279177892712672,99.91720822107287
8723,CA-2019-120824,2019-12-06,,Second Class,AW-10930,Arthur Wiediger,Home Office,United States,Houston,Texas,Central,OFF-BI-10001525,Office Supplies,Binders,"Acco Pressboard Covers with Storage Hooks, 14 7/8"" x 11"", Executive Red",1.524,2,-2.667,No,COD,2019.0,4.0,12.0,December,6.0,Friday,,0.762,-1.3335,-174.99999999999997,5,2642.824,-126.2294,5,297.241,-20.7645,21,-6.985745573457229,341007.5242,27450.0071,116261.9302,-14078.1598,45159.5078,-7197.716,303059.0679,36117.7193,643707.687,74797.2461,174978.38999999998,17885.3759,568,1717,0,0,0.00030054357759862557,99.96994564224013
4625,CA-2020-147228,2020-09-09,,Standard Class,SO-20335,Sean O'Donnell,Consumer,United States,Columbia,Tennessee,South,OFF-ST-10000046,Office Supplies,Storage,Fellowes Super Stor/Drawer Files,292.48,2,-3.231,No,Online,2020.0,3.0,9.0,September,9.0,Wednesday,,146.24,-1.6155,-1.104690919037199,4,1473.056,201.232,2,635.58,58.158,4,9.15038232795242,252121.081,26551.7163,26288.317,-3467.5906,13705.148,2721.1764,753002.1291,81338.5875,643707.687,74797.2461,150341.318,13607.0875,1773,1562,0,0,0.0025847676154325755,99.74152323845674
9336,CA-2020-110198,2020-01-05,2020-02-05,First Class,AG-10900,Arthur Gainer,Consumer,United States,Coral Springs,Florida,South,OFF-LA-10004409,Office Supplies,Labels,Avery 492,215.608,2,1.4976,No,Online,2020.0,1.0,1.0,January,5.0,Sunday,31.0,107.804,0.7488,0.6945938926199399,5,2223.81,180.3946,2,322.368,4.1472,4,1.2864800476474092,252121.081,26551.7163,49914.999,-227.7464999999999,550.96,-14.22,753002.1291,81338.5875,643707.687,74797.2461,19397.456,2937.2212,499,1562,0,0,0.0016377879571927093,99.83622120428073
7666,US-2019-140158,2019-04-10,2019-08-10,Standard Class,DR-12940,Daniel Raglin,Home Office,United States,Providence,Rhode Island,East,OFF-BI-10000977,Office Supplies,Binders,Ibico Plastic Spiral Binding Combs,30.4,1,13.984,No,Online,2019.0,2.0,4.0,April,10.0,Wednesday,122.0,30.4,13.984,46.0,4,6408.615999999999,2549.7344,8,885.76,238.944,26,26.97615606936416,450234.666,53400.4243,13602.71,5627.4571,10165.32,4353.5854,303059.0679,36117.7193,643707.687,74797.2461,174978.38999999998,17885.3759,1773,1562,0,0,0.000660779200866895,99.9339220799133
9028,US-2019-152415,,,Standard Class,PO-18865,Patrick O'Donnell,Consumer,United States,Marlborough,Massachusetts,East,FUR-FU-10002597,Furniture,Furnishings,"C-Line Magnetic Cubicle Keepers, Clear Polypropylene",14.82,3,6.2244,No,Online,,,,,,,,4.94,2.0748,42.0,5,2470.102,305.6739,7,544.344,56.1184,28,10.30936319680202,450234.666,53400.4243,14302.34,2768.8647,206.64,67.60679999999999,753002.1291,81338.5875,451508.6452,10006.6112,92691.218,8034.4328,1773,1562,0,0,0.0026024979064816654,99.73975020935183
1997,US-2020-147221,2020-02-12,2020-04-12,Second Class,JS-16030,Joy Smith,Consumer,United States,Houston,Texas,Central,FUR-FU-10004020,Furniture,Furnishings,Advantus Panel Wall Acrylic Frame,139.752,4,-3.7196,No,Cards,2020.0,1.0,2.0,February,12.0,Wednesday,60.0,34.938,-0.9299,-2.6615719274142764,5,3197.038,-314.6623,3,199.92200000000005,19.0356,16,9.521513390222186,341007.5242,27450.0071,116261.9302,-14078.1598,45159.5078,-7197.716,753002.1291,81338.5875,451508.6452,10006.6112,92691.218,8034.4328,568,985,0,0,0.00197560438743131,99.80243956125688
2639,CA-2020-108441,2020-12-06,,Standard Class,SB-20190,Sarah Bern,Consumer,United States,New York City,New York,East,OFF-BI-10000848,Office Supplies,Binders,Angle-D Ring Binders,124.128,3,4.2666,No,COD,2020.0,4.0,12.0,December,6.0,Sunday,,41.376,1.4222,3.437258313998454,2,1684.448,191.0576,4,372.179,4.5948,9,1.2345672378076142,450234.666,53400.4243,186748.097,41012.0212,154919.699,34760.2974,753002.1291,81338.5875,643707.687,74797.2461,174978.38999999998,17885.3759,1773,1717,0,0,0.0019870605430655905,99.80129394569343
8074,CA-2020-151750,2020-01-01,2020-05-01,Standard Class,JM-15250,Janet Martin,Consumer,United States,Huntsville,Texas,Central,OFF-BI-10000301,Office Supplies,Binders,GBC Instant Report Kit,120.47,5,-9.705,No,Online,2020.0,1.0,1.0,January,1.0,Wednesday,121.0,24.094,-1.941,-8.055947538806342,6,4155.122,19.82350000000005,10,815.9870000000001,10.352,41,1.268647662278933,341007.5242,27450.0071,116261.9302,-14078.1598,6929.0068,365.9029000000001,753002.1291,81338.5875,643707.687,74797.2461,174978.38999999998,17885.3759,1773,1562,0,0,0.0020106809195115107,99.79893190804884
7099,CA-2020-144596,2020-06-11,2020-10-11,Standard Class,CD-11980,Carol Darley,Consumer,United States,New York City,New York,East,OFF-PA-10003302,Office Supplies,Paper,Xerox 1906,339.96,9,149.9112,No,COD,2020.0,2.0,6.0,June,11.0,Thursday,122.0,37.77333333333333,16.6568,44.09671726085422,3,913.766,-206.7172,4,797.536,311.872,20,39.104441680375565,450234.666,53400.4243,186748.097,41012.0212,154919.699,34760.2974,753002.1291,81338.5875,643707.687,74797.2461,99453.612,21112.3779,1773,1717,0,0,0.0022308960284814217,99.77691039715187
9739,CA-2020-129294,,,Standard Class,KD-16615,Ken Dana,Corporate,United States,Los Angeles,California,West,OFF-BI-10004236,Office Supplies,Binders,"XtraLife ClearVue Slant-D Ring Binder, White, 3""",136.464,6,22.9008,No,Cards,,,,,,,,22.744,3.8168,16.781568765388673,4,1136.158,267.13890000000004,9,501.364,49.912,35,9.955242099552422,522441.052,67859.9582,335190.256,49372.175,120017.4405,19174.9301,509743.1262,57805.7991,643707.687,74797.2461,174978.38999999998,17885.3759,1773,985,0,0,0.006866855462598102,99.31331445374019
6421,CA-2019-140130,,2019-05-11,Standard Class,HW-14935,Helen Wasserman,Corporate,United States,Tulsa,Oklahoma,Central,OFF-AR-10004269,Office Supplies,Art,Newell 31,12.39,3,3.4692,No,COD,,,,,,,,4.13,1.1564,28.0,7,10074.934,2146.9635,3,66.08,15.5288,17,23.5,341007.5242,27450.0071,17653.7,3431.8469,4595.06,1029.6495,509743.1262,57805.7991,643707.687,74797.2461,50762.976,3635.9257,1773,1717,0,0,0.002562802772183825,99.74371972278162
5232,CA-2020-124436,,,Second Class,SA-20830,Sue Ann Reed,Consumer,United States,Fresno,California,West,FUR-FU-10001185,Furniture,Furnishings,"Advantus Employee of the Month Certificate Frame, 11 x 13-1/2",129.93,1,12.6813,No,COD,,,,,,,,129.93,12.6813,9.760101593165553,6,2051.45,160.7448,3,585.95,190.2195,15,32.46343544671047,522441.052,67859.9582,335190.256,49372.175,4078.446,665.5685,753002.1291,81338.5875,451508.6452,10006.6112,92691.218,8034.4328,568,1717,0,0,0.0065876105380940015,99.3412389461906
1337,US-2020-123281,2020-02-04,2020-07-04,Standard Class,JF-15190,Jamie Frazer,Consumer,United States,Los Angeles,California,West,FUR-FU-10003724,Furniture,Furnishings,Westinghouse Clip-On Gooseneck Lamps,147.11,3,6.5286,No,Online,2020.0,1.0,2.0,February,4.0,Tuesday,151.0,49.03666666666667,2.1762,4.437903609543879,5,2570.43,519.7373,6,337.616,35.321400000000004,17,10.462004170418464,522441.052,67859.9582,335190.256,49372.175,120017.4405,19174.9301,753002.1291,81338.5875,451508.6452,10006.6112,92691.218,8034.4328,1773,1562,0,0,0.005897437044821379,99.41025629551787
7057,CA-2019-165330,2019-11-12,2019-11-12,Same Day,WB-21850,William Brown,Consumer,United States,Anaheim,California,West,OFF-BI-10004001,Office Supplies,Binders,GBC Recycled VeloBinder Covers,122.688,9,39.8736,No,Online,2019.0,4.0,11.0,November,12.0,Tuesday,0.0,13.632,4.430400000000001,32.5,6,4426.225,695.1632999999999,5,440.112,-11.927999999999994,25,-2.7102192169266,522441.052,67859.9582,335190.256,49372.175,7367.548,918.157,753002.1291,81338.5875,643707.687,74797.2461,174978.38999999998,17885.3759,163,1562,0,0,0.0008041012012462533,99.91958987987537
1225,CA-2019-126004,2019-04-12,2019-05-12,First Class,BM-11140,Becky Martin,Consumer,United States,New York City,New York,East,OFF-BI-10004656,Office Supplies,Binders,Peel & Stick Add-On Corner Pockets,1.728,1,0.6048,No,Online,2019.0,2.0,4.0,April,12.0,Friday,30.0,1.728,0.6048,35.0,3,1273.734,218.8311,4,539.4399999999999,4.8384,13,0.8969301497849623,450234.666,53400.4243,186748.097,41012.0212,154919.699,34760.2974,753002.1291,81338.5875,643707.687,74797.2461,174978.38999999998,17885.3759,499,1562,0,0,0.00038692001214119643,99.96130799878587
5368,CA-2020-158071,2020-10-06,,Standard Class,BD-11320,Bill Donatelli,Consumer,United States,Seattle,Washington,West,OFF-LA-10004689,Office Supplies,Labels,Avery 512,104.56,4,5.4332,No,Cards,2020.0,4.0,10.0,October,6.0,Tuesday,,26.14,1.3583,5.196250956388677,10,3740.931,295.0142,4,255.938,28.5821,27,11.167587462588596,522441.052,67859.9582,92975.18,21466.6555,77924.542,18839.3111,753002.1291,81338.5875,643707.687,74797.2461,19397.456,2937.2212,1773,985,0,0,0.0018824811052033574,99.81175188947967
3253,CA-2020-110373,,,Second Class,MA-17560,Matt Abelman,Home Office,United States,Chicago,Illinois,Central,OFF-AR-10003045,Office Supplies,Art,Prang Colored Pencils,118.056,3,2.205,No,Online,,,,,,,,39.352,0.735,1.8677576743240496,5,617.876,58.5089,4,325.512,17.64,16,5.419155054191551,341007.5242,27450.0071,64224.33,-9554.6539,39993.161,-6497.3566,303059.0679,36117.7193,643707.687,74797.2461,50762.976,3635.9257,568,1562,0,0,0.0015017301454531445,99.84982698545468
3346,CA-2019-145982,,2019-01-09,Second Class,TB-21055,Ted Butterfield,Consumer,United States,Quincy,Massachusetts,East,OFF-FA-10000735,Office Supplies,Fasteners,Staples,11.68,4,5.256,No,Online,,,,,,,,2.92,1.314,45.0,5,1840.881,390.2113,3,169.8,19.71,15,11.607773851590103,450234.666,53400.4243,14302.34,2768.8647,1667.635,320.894,753002.1291,81338.5875,643707.687,74797.2461,15205.238,598.4175,568,1562,0,0,0.0023137360960353457,99.76862639039646
4237,CA-2019-162404,,,Standard Class,NF-18475,Neil Französisch,Home Office,United States,Rockford,Illinois,Central,OFF-BI-10000948,Office Supplies,Binders,"GBC Laser Imprintable Binding System Covers, Desert Sand",11.416,4,-18.8364,No,COD,,,,,,,,2.854,-4.7091,-165.0,1,11.416,-18.8364,3,57.08,-3.424800000000001,8,-6.000000000000003,341007.5242,27450.0071,64224.33,-9554.6539,3817.484,-1162.3822,303059.0679,36117.7193,643707.687,74797.2461,174978.38999999998,17885.3759,1773,1717,0,0,0.003228905480498338,99.67710945195016
9550,CA-2019-131744,,,Second Class,SC-20770,Stewart Carmichael,Corporate,United States,Philadelphia,Pennsylvania,East,OFF-AP-10001394,Office Supplies,Appliances,Harmony Air Purifier,453.6,3,90.72,No,COD,,,,,,,,151.20000000000002,30.24,20.0,6,4447.041,-818.908,3,1051.6,294.84000000000003,6,28.037276531000387,450234.666,53400.4243,82354.95,-9297.7975,77305.44,-8065.9684,509743.1262,57805.7991,643707.687,74797.2461,80305.247,13166.6098,568,1717,0,0,0.001668722121436698,99.83312778785634
6159,CA-2019-104150,2019-03-08,2019-05-08,Second Class,AG-10330,Alex Grayson,Consumer,United States,Tulsa,Oklahoma,Central,TEC-AC-10004803,Technology,Accessories,Sony Micro Vault Click 4 GB USB 2.0 Flash Drive,167.28,12,23.4192,No,Cards,2019.0,1.0,3.0,March,8.0,Friday,61.0,13.94,1.9516,13.999999999999998,5,2639.992,-5.13709999999999,3,345.92,35.1288,18,10.15518038852914,341007.5242,27450.0071,17653.7,3431.8469,4595.06,1029.6495,753002.1291,81338.5875,470587.991,90458.2486,122301.086,25336.6455,568,985,0,0,0.00024578381455051516,99.97542161854494
6091,CA-2020-100111,,,Standard Class,SV-20365,Seth Vernon,Consumer,United States,New York City,New York,East,FUR-CH-10003846,Furniture,Chairs,Hon Valutask Swivel Chairs,318.646,3,18.1764,Yes,COD,,,,,,,,106.21533333333332,6.058800000000001,5.704261155012145,7,10751.148,1610.002,3,1180.114,90.882,10,7.701120400232519,450234.666,53400.4243,186748.097,41012.0212,154919.699,34760.2974,753002.1291,81338.5875,451508.6452,10006.6112,181945.998,13406.7032,1773,1717,1,1,0.9977956910588015,99.77956910588016
8331,CA-2020-113572,2020-07-11,2020-11-11,Standard Class,FP-14320,Frank Preis,Consumer,United States,New York City,New York,East,TEC-AC-10002370,Technology,Accessories,Maxell CD-R Discs,86.88,4,2.5216,No,Online,2020.0,3.0,7.0,July,11.0,Saturday,123.0,21.72,0.6304,2.9023941068139965,5,1971.13,409.0237,1,86.88,2.5216,4,2.9023941068139965,450234.666,53400.4243,186748.097,41012.0212,154919.699,34760.2974,753002.1291,81338.5875,470587.991,90458.2486,122301.086,25336.6455,1773,1562,0,0,0.0029038771666297014,99.70961228333704
6689,CA-2020-140494,2020-10-03,,Second Class,CM-11815,Candace McMahon,Corporate,United States,San Francisco,California,West,TEC-AC-10004568,Technology,Accessories,Maxell LTO Ultrium - 800 GB,123.96,4,21.2724,No,Online,2020.0,4.0,10.0,October,3.0,Saturday,,30.99,5.3181,17.160696999031945,4,1963.584,189.237,4,537.2819999999999,35.5473,13,6.6161345438708175,522441.052,67859.9582,335190.256,49372.175,80891.422,10475.5284,509743.1262,57805.7991,470587.991,90458.2486,122301.086,25336.6455,568,1562,0,0,0.002917844674166849,99.70821553258331
3421,CA-2019-134803,,2019-03-06,Standard Class,CL-12565,Clay Ludtke,Consumer,United States,Los Angeles,California,West,OFF-AP-10000891,Office Supplies,Appliances,Kensington 7 Outlet MasterPiece HOMEOFFICE Power Control Center,262.24,2,78.672,No,Online,,,,,,,,131.12,39.336,30.0,7,5750.898,1243.3999,4,2895.832,694.9359999999999,19,23.997800977404765,522441.052,67859.9582,335190.256,49372.175,120017.4405,19174.9301,753002.1291,81338.5875,643707.687,74797.2461,80305.247,13166.6098,1773,1562,0,0,0.006318563810039366,99.36814361899606
3342,CA-2019-145982,,2019-01-09,Second Class,TB-21055,Ted Butterfield,Consumer,United States,Quincy,Massachusetts,East,OFF-PA-10000675,Office Supplies,Paper,Xerox 1919,122.97,3,60.2553,No,Online,,,,,,,,40.99,20.0851,49.0,5,1840.881,390.2113,5,1020.374,424.6564,24,41.61772056128439,450234.666,53400.4243,14302.34,2768.8647,1667.635,320.894,753002.1291,81338.5875,643707.687,74797.2461,99453.612,21112.3779,568,1562,0,0,0.002282824891649779,99.77171751083502
2348,CA-2019-159373,,,Standard Class,LT-17110,Liz Thompson,Consumer,United States,San Antonio,Texas,Central,FUR-TA-10004619,Furniture,Tables,Hon Non-Folding Utility Tables,557.585,5,0.0,No,Online,,,,,,,,111.517,0.0,0.0,4,1031.119,6.347399999999993,3,2564.891,446.068,19,17.391304347826086,341007.5242,27450.0071,116261.9302,-14078.1598,6085.871,-23.198200000000003,753002.1291,81338.5875,451508.6452,10006.6112,119293.743,-11091.6365,1773,1562,0,0,0.0021230327893890935,99.7876967210611
9204,CA-2019-153836,,2019-03-11,Standard Class,EH-13765,Edward Hooks,Corporate,United States,New York City,New York,East,OFF-AR-10004602,Office Supplies,Art,Boston KS Multi-Size Manual Pencil Sharpener,114.95,5,32.186,No,Online,,,,,,,,22.99,6.4372,28.0,9,9542.988,1164.6312,4,365.86,90.1208,14,24.63259170174384,450234.666,53400.4243,186748.097,41012.0212,154919.699,34760.2974,509743.1262,57805.7991,643707.687,74797.2461,50762.976,3635.9257,1773,1562,0,0,0.00288468771767987,99.711531228232
8199,CA-2020-102736,2020-05-09,2020-09-09,Standard Class,LP-17095,Liz Preis,Consumer,United States,Knoxville,Tennessee,South,OFF-PA-10001800,Office Supplies,Paper,Xerox 220,144.552,3,5.4432,No,COD,2020.0,2.0,5.0,May,9.0,Saturday,123.0,48.184,1.8144,3.765565332890586,7,4311.399,338.4454,5,606.424,35.510400000000004,16,5.85570491933037,252121.081,26551.7163,26288.317,-3467.5906,4291.328,-1010.8758,753002.1291,81338.5875,643707.687,74797.2461,99453.612,21112.3779,1773,1717,0,0,0.0021350286140038553,99.78649713859961
2317,CA-2020-122035,,,Standard Class,EM-13825,Elizabeth Moffitt,Corporate,United States,Sioux Falls,South Dakota,Central,FUR-CH-10003833,Furniture,Chairs,Novimex Fabric Task Chair,218.94,3,27.441,No,COD,,,,,,,,72.98,9.147,12.53357084132639,5,2260.428,436.0858,5,1200.836,-30.49,22,-2.53906445176527,341007.5242,27450.0071,1736.41,346.0717,1628.91,339.4417,509743.1262,57805.7991,451508.6452,10006.6112,181945.998,13406.7032,1773,1717,0,0,0.0016866835555688865,99.83133164444311
905,CA-2019-130477,2019-08-04,2019-12-04,Standard Class,LC-17140,Logan Currie,Consumer,United States,Los Angeles,California,West,OFF-ST-10002583,Office Supplies,Storage,Fellowes Neat Ideas Storage Cubes,64.96,2,2.5984,No,COD,2019.0,3.0,8.0,August,4.0,Sunday,122.0,32.48,1.2992,4.0,7,3756.914,237.7336,4,377.792,-5.196800000000001,11,-1.3755717431814336,522441.052,67859.9582,335190.256,49372.175,120017.4405,19174.9301,753002.1291,81338.5875,643707.687,74797.2461,150341.318,13607.0875,1773,1717,0,0,0.0005606485227393623,99.94393514772607
5136,CA-2019-151323,,,Standard Class,AB-10255,Alejandro Ballentine,Home Office,United States,Seattle,Washington,West,OFF-FA-10002983,Office Supplies,Fasteners,Advantus SlideClip Paper Clips,17.05,5,8.184,No,Cards,,,,,,,,3.41,1.6367999999999998,47.99999999999999,6,1304.68,223.7353,3,46.376000000000005,19.778,15,42.647058823529406,522441.052,67859.9582,92975.18,21466.6555,77924.542,18839.3111,303059.0679,36117.7193,643707.687,74797.2461,15205.238,598.4175,1773,985,0,0,0.0024509087335154943,99.75490912664846
7265,CA-2020-122056,,,Standard Class,PG-18895,Paul Gonzalez,Consumer,United States,Springfield,Virginia,South,OFF-AR-10004260,Office Supplies,Art,Boston 1799 Powerhouse Electric Pencil Sharpener,203.86,7,50.9208,No,Cards,,,,,,,,29.122857142857143,7.2744,24.97831845384087,6,1195.37,230.5146,3,554.7,109.116,15,19.671173607355325,252121.081,26551.7163,32721.25,9657.4876,26563.202,1508.6366,753002.1291,81338.5875,643707.687,74797.2461,50762.976,3635.9257,1773,985,0,0,0.001192020308904371,99.88079796910955
5997,CA-2019-162187,2019-11-12,2019-11-12,Same Day,NS-18640,Noel Staavos,Corporate,United States,Columbus,Ohio,East,OFF-AP-10000576,Office Supplies,Appliances,"Belkin 325VA UPS Surge Protector, 6'",387.136,4,24.196,No,Cards,2019.0,4.0,11.0,November,12.0,Tuesday,0.0,96.784,6.049,6.25,7,1929.574,-397.6426,5,1651.236,341.237,24,20.66554992744829,450234.666,53400.4243,68194.86,-9339.4223,36398.885,4818.0624,509743.1262,57805.7991,643707.687,74797.2461,80305.247,13166.6098,163,985,0,0,0.00015086388692649478,99.98491361130735
4827,US-2020-136707,2020-12-11,,First Class,JE-15610,Jim Epp,Corporate,United States,Los Angeles,California,West,OFF-BI-10003460,Office Supplies,Binders,Acco 3-Hole Punch,94.016,4,4.9056,No,COD,2020.0,4.0,12.0,December,11.0,Friday,,23.504,1.2264,5.217835262083049,5,4824.412,1725.7945,6,543.344,32.2368,22,5.933036897435142,522441.052,67859.9582,335190.256,49372.175,120017.4405,19174.9301,509743.1262,57805.7991,643707.687,74797.2461,174978.38999999998,17885.3759,499,1717,0,0,0.006940736915513969,99.3059263084486
666,CA-2020-132682,2020-08-06,2020-10-06,Second Class,TH-21235,Tiffany House,Corporate,United States,Dallas,Texas,Central,OFF-SU-10004231,Office Supplies,Supplies,Acme Tagit Stainless Steel Antibacterial Scissors,151.76,3,2.079,No,Online,2020.0,3.0,8.0,August,6.0,Thursday,61.0,50.586666666666666,0.6930000000000001,1.3699261992619929,6,1358.425,95.6588,4,426.64,26.235,15,6.149212450778173,341007.5242,27450.0071,116261.9302,-14078.1598,20019.1136,-1983.7422,509743.1262,57805.7991,643707.687,74797.2461,36720.986,-1654.2767,568,1562,0,0,0.0009515343385023023,99.90484656614977
3578,CA-2019-103163,2019-07-06,2019-11-06,Standard Class,FM-14290,Frank Merwin,Home Office,United States,Bakersfield,California,West,OFF-PA-10004000,Office Supplies,Paper,"While You Were Out Pads, 50 per Pad, 4 x 5 1/4, Green Cycle",4.73,1,2.3177,No,COD,2019.0,3.0,7.0,July,6.0,Saturday,123.0,4.73,2.3177,48.99999999999999,7,4737.662,174.0986,1,4.73,2.3177,1,48.99999999999999,522441.052,67859.9582,335190.256,49372.175,1755.672,195.25850000000003,303059.0679,36117.7193,643707.687,74797.2461,99453.612,21112.3779,1773,1717,0,0,0.0005684538106186278,99.94315461893814
1949,CA-2020-157987,2020-02-09,2020-06-09,Standard Class,AC-10615,Ann Chong,Corporate,United States,New York City,New York,East,FUR-TA-10001889,Furniture,Tables,Bush Advantage Collection Racetrack Conference Table,303.526,1,-93.3262,No,COD,2020.0,1.0,2.0,February,9.0,Sunday,121.0,303.526,-93.3262,-30.747349485711272,4,5079.926,331.1249,4,4334.1,-2019.2396,18,-46.58959414872753,450234.666,53400.4243,186748.097,41012.0212,154919.699,34760.2974,509743.1262,57805.7991,451508.6452,10006.6112,119293.743,-11091.6365,1773,1717,0,0,0.003480174600887107,99.65198253991129
6653,US-2020-124779,2020-08-09,2020-11-09,First Class,BF-11020,Barry Französisch,Corporate,United States,Arlington,Texas,Central,OFF-PA-10000061,Office Supplies,Paper,Xerox 205,115.736,4,7.2576,No,COD,2020.0,3.0,8.0,August,9.0,Sunday,92.0,28.934,1.8144,6.270823252920439,6,2764.346,25.503,1,115.736,7.2576,4,6.270823252920439,341007.5242,27450.0071,116261.9302,-14078.1598,10043.024,3349.7609,509743.1262,57805.7991,643707.687,74797.2461,99453.612,21112.3779,499,1717,0,0,0.0018127171669739548,99.8187282833026
6359,CA-2020-139080,,,Standard Class,CS-12250,Chris Selesnick,Corporate,United States,Seattle,Washington,West,OFF-PA-10002262,Office Supplies,Paper,Xerox 192,90.48,1,3.1104,No,COD,,,,,,,,90.48,3.1104,3.4376657824933683,6,1471.992,196.398,4,264.24,40.4352,13,15.302452316076296,522441.052,67859.9582,92975.18,21466.6555,77924.542,18839.3111,509743.1262,57805.7991,643707.687,74797.2461,99453.612,21112.3779,1773,1717,0,0,0.0030843808282074473,99.69156191717926
3497,CA-2019-107328,2019-08-08,,Standard Class,CA-12055,Cathy Armstrong,Home Office,United States,Los Angeles,California,West,FUR-TA-10001932,Furniture,Tables,"Chromcraft 48"" x 96"" Racetrack Double Pedestal Table",513.024,2,12.8256,No,Cards,2019.0,3.0,8.0,August,8.0,Thursday,,256.512,6.4128,2.5,4,1589.864,258.9849,5,2968.696,-897.792,15,-30.2419648222654,522441.052,67859.9582,335190.256,49372.175,120017.4405,19174.9301,303059.0679,36117.7193,451508.6452,10006.6112,119293.743,-11091.6365,1773,985,0,0,0.0007662620038138813,99.9233737996186
6763,CA-2019-144764,2019-02-09,2019-08-09,Standard Class,RL-19615,Rob Lucas,Consumer,United States,Chicago,Illinois,Central,OFF-LA-10000240,Office Supplies,Labels,Self-Adhesive Address Labels for Typewriters by Universal,29.24,5,9.8685,No,COD,2019.0,1.0,2.0,February,9.0,Saturday,181.0,5.848,1.9737,33.75,6,4977.931,335.9703,3,186.34,44.2255,15,23.73376623376624,341007.5242,27450.0071,64224.33,-9554.6539,39993.161,-6497.3566,753002.1291,81338.5875,643707.687,74797.2461,19397.456,2937.2212,1773,1717,0,0,0.00034562728336952445,99.96543727166305
4637,CA-2020-168228,,,First Class,AP-10915,Arthur Prichep,Consumer,United States,Los Angeles,California,West,OFF-AR-10003373,Office Supplies,Art,"Boston School Pro Electric Pencil Sharpener, 1670",169.92,4,33.4584,No,Cards,,,,,,,,42.48,8.3646,19.690677966101696,6,2220.902,158.7183,4,562.876,117.4142,17,20.85969201031844,522441.052,67859.9582,335190.256,49372.175,120017.4405,19174.9301,753002.1291,81338.5875,643707.687,74797.2461,50762.976,3635.9257,499,985,0,0,0.0059492472876048344,99.40507527123953
6081,CA-2020-154676,2020-05-08,2020-08-08,First Class,NZ-18565,Nick Zandusky,Home Office,United States,Houston,Texas,Central,OFF-ST-10001172,Office Supplies,Storage,"Tennsco Lockers, Sand",200.056,9,7.5528,No,COD,2020.0,2.0,5.0,May,8.0,Friday,92.0,22.228444444444445,0.8392000000000001,3.775342903986884,7,1304.882,71.77680000000001,1,200.056,7.5528,9,3.775342903986884,341007.5242,27450.0071,116261.9302,-14078.1598,45159.5078,-7197.716,303059.0679,36117.7193,643707.687,74797.2461,150341.318,13607.0875,499,1717,0,0,0.0015533546871920225,99.8446645312808
8184,CA-2020-155642,,,Standard Class,BM-11575,Brendan Murry,Corporate,United States,Chicago,Illinois,Central,FUR-FU-10001918,Furniture,Furnishings,C-Line Cubicle Keepers Polyproplyene Holder With Velcro Backings,105.892,1,-0.9933,No,Online,,,,,,,,105.892,-0.9933,-0.938031201601632,5,1118.886,86.516,5,351.76,16.3658,14,4.652547191266773,341007.5242,27450.0071,64224.33,-9554.6539,39993.161,-6497.3566,509743.1262,57805.7991,451508.6452,10006.6112,92691.218,8034.4328,1773,1562,0,0,0.0017015936895377153,99.82984063104622
2233,CA-2020-132122,2020-09-07,,Standard Class,JH-15820,John Huston,Consumer,United States,Chicago,Illinois,Central,OFF-ST-10003692,Office Supplies,Storage,Recycled Steel Personal File for Hanging File Folders,278.92,5,14.3075,No,Online,2020.0,3.0,9.0,September,7.0,Monday,,55.784000000000006,2.8615,5.129607055786605,2,695.894,-19.933,3,728.53,114.46,12,15.711089454106212,341007.5242,27450.0071,64224.33,-9554.6539,39993.161,-6497.3566,753002.1291,81338.5875,643707.687,74797.2461,150341.318,13607.0875,1773,1562,0,0,0.0015804664753180744,99.8419533524682
6812,CA-2020-156237,,,First Class,PS-18760,Pamela Stobb,Consumer,United States,Philadelphia,Pennsylvania,East,FUR-CH-10002372,Furniture,Chairs,Office Star - Ergonomically Designed Knee Chair,155.372,2,-29.1528,No,Cards,,,,,,,,77.686,-14.5764,-18.7632263213449,4,2411.779,-33.2266,4,639.7620000000001,-11.3372,8,-1.772096498385337,450234.666,53400.4243,82354.95,-9297.7975,77305.44,-8065.9684,753002.1291,81338.5875,451508.6452,10006.6112,181945.998,13406.7032,499,985,0,0,0.0027544424145397087,99.72455575854603
9973,CA-2019-130225,2019-11-09,,Standard Class,RC-19960,Ryan Crowe,Consumer,United States,Houston,Texas,Central,OFF-EN-10000056,Office Supplies,Envelopes,Cameo Buff Policy Envelopes,99.568,2,33.6042,No,Online,2019.0,4.0,11.0,November,9.0,Saturday,,49.784,16.8021,33.75,4,434.582,108.9816,2,248.92,84.01050000000001,5,33.75,341007.5242,27450.0071,116261.9302,-14078.1598,45159.5078,-7197.716,753002.1291,81338.5875,643707.687,74797.2461,16542.464,3508.5073,1773,1562,0,0,0.00020712359322771595,99.97928764067723
4612,CA-2019-109407,,,Second Class,HG-14965,Henry Goldwyn,Corporate,United States,Gulfport,Mississippi,South,OFF-BI-10000285,Office Supplies,Binders,XtraLife ClearVue Slant-D Ring Binders by Cardinal,31.36,4,15.68,No,COD,,,,,,,,7.84,3.92,50.0,6,3233.822,-2835.2529,4,154.8,7.84,13,5.064599483204134,252121.081,26551.7163,8924.02,2504.2418,248.5,77.5761,509743.1262,57805.7991,643707.687,74797.2461,174978.38999999998,17885.3759,568,1717,0,0,0.0008686562661362021,99.91313437338638
630,CA-2020-133431,,,Standard Class,LC-17140,Logan Currie,Consumer,United States,San Francisco,California,West,OFF-PA-10002615,Office Supplies,Paper,"Ampad Gold Fibre Wirebound Steno Books, 6"" x 9"", Gregg Ruled",541.23,3,6.0858,No,COD,,,,,,,,180.41,2.0286,1.1244387783382297,7,3756.914,237.7336,7,922.082,39.0726,21,4.2374322457221805,522441.052,67859.9582,335190.256,49372.175,80891.422,10475.5284,753002.1291,81338.5875,643707.687,74797.2461,99453.612,21112.3779,1773,1717,0,0,0.003946347358484989,99.6053652641515
2629,US-2020-165344,,,First Class,SB-20290,Sean Braxton,Corporate,United States,Springfield,Ohio,East,TEC-MA-10002210,Technology,Machines,Epson TM-T88V Direct Thermal Printer - Monochrome - Desktop,692.995,7,-935.9595,No,Cards,,,,,,,,98.99928571428572,-133.70850000000002,-135.060065368437,3,1817.307,-890.1619000000001,1,692.995,-935.9595,7,-135.060065368437,450234.666,53400.4243,68194.86,-9339.4223,26563.202,1508.6366,509743.1262,57805.7991,470587.991,90458.2486,91987.561,38.10240000000037,499,985,0,0,0.002264351521158889,99.77356484788412
2073,CA-2019-129693,,2019-02-12,Standard Class,TC-20980,Tamara Chand,Corporate,United States,Seattle,Washington,West,OFF-BI-10002954,Office Supplies,Binders,Newell 3-Hole Punched Plastic Slotted Magazine Holders for Binders,7.312,2,2.5592,No,Online,,,,,,,,3.656,1.2796,35.0,2,1344.052,8764.9483,3,120.764,7.1292,7,5.903414924977643,522441.052,67859.9582,92975.18,21466.6555,77924.542,18839.3111,509743.1262,57805.7991,643707.687,74797.2461,174978.38999999998,17885.3759,1773,1562,0,0,0.015253221517718258,98.47467784822818
8353,CA-2020-132199,2020-03-05,2020-08-05,Standard Class,BO-11350,Bill Overfelt,Corporate,United States,Philadelphia,Pennsylvania,East,OFF-BI-10003684,Office Supplies,Binders,Wilson Jones Legal Size Ring Binders,112.388,4,-17.592,No,COD,2020.0,1.0,3.0,March,5.0,Thursday,153.0,28.097,-4.398,-15.652916681496244,5,3482.728,278.77700000000004,4,1098.736,-90.159,21,-8.205701824642135,450234.666,53400.4243,82354.95,-9297.7975,77305.44,-8065.9684,509743.1262,57805.7991,643707.687,74797.2461,174978.38999999998,17885.3759,1773,1717,0,0,0.0019995487649707893,99.80004512350293
7887,CA-2020-118017,2020-03-12,2020-06-12,Second Class,LC-16870,Lena Cacioppo,Consumer,United States,Thornton,Colorado,West,FUR-FU-10004270,Furniture,Furnishings,"Eldon Image Series Desk Accessories, Burgundy",132.72,5,3.344,No,Cards,2020.0,1.0,3.0,March,12.0,Thursday,92.0,26.544,0.6688,2.519590114526824,6,3158.722,-295.8852,9,654.258,59.3017,29,9.06396253465758,522441.052,67859.9582,29249.064,-5825.5857,954.36,50.2934,753002.1291,81338.5875,451508.6452,10006.6112,92691.218,8034.4328,568,985,0,0,0.0037225553730964836,99.62774446269034
2971,CA-2020-167941,2020-06-11,2020-09-11,Second Class,JF-15565,Jill Fjeld,Consumer,United States,Fayetteville,North Carolina,South,OFF-BI-10002827,Office Supplies,Binders,Avery Durable Poly Binders,136.272,8,-10.6176,No,COD,2020.0,2.0,6.0,June,11.0,Thursday,92.0,17.034,-1.3272,-7.79147587178584,5,3422.194,847.3051,5,503.678,-19.908,30,-3.952525224448953,252121.081,26551.7163,39705.125,-4827.692300000001,6637.362,874.6273,753002.1291,81338.5875,643707.687,74797.2461,174978.38999999998,17885.3759,568,1717,0,0,0.0017903064502588608,99.82096935497411
4992,US-2020-122714,2020-07-12,,Standard Class,HG-14965,Henry Goldwyn,Corporate,United States,Chicago,Illinois,Central,OFF-BI-10001120,Office Supplies,Binders,Ibico EPK-21 Electric Binding System,1901.99,5,-2929.4845,No,COD,2020.0,3.0,7.0,July,12.0,Sunday,,380.398,-585.8969,-154.02207687737578,6,3233.822,-2835.2529,2,6437.965999999999,-1285.1932,8,-19.96272114515672,341007.5242,27450.0071,64224.33,-9554.6539,39993.161,-6497.3566,509743.1262,57805.7991,643707.687,74797.2461,174978.38999999998,17885.3759,1773,1717,0,0,0.0005185311638657859,99.94814688361342
7383,CA-2019-105732,,,Standard Class,AG-10270,Alejandro Grove,Consumer,United States,Omaha,Nebraska,Central,OFF-SU-10004782,Office Supplies,Supplies,"Elite 5"" Scissors",16.9,2,5.07,No,COD,,,,,,,,8.45,2.535,30.000000000000004,2,2491.738,697.7955000000001,6,252.24,32.11,22,12.729939739930224,341007.5242,27450.0071,6108.77,1775.4605,4042.8,1588.0109000000002,753002.1291,81338.5875,643707.687,74797.2461,36720.986,-1654.2767,1773,1717,0,0,0.002268127977809719,99.77318720221902
1905,CA-2020-167094,,,First Class,DK-12835,Damala Kotsonis,Corporate,United States,Springfield,Oregon,West,TEC-AC-10003116,Technology,Accessories,Memorex Froggy Flash Drive 8 GB,134.4,2,6.745,No,Online,,,,,,,,67.2,3.3725,5.018601190476191,8,3265.2200000000003,534.6098000000001,6,1149.3,127.2675,23,11.07347950926651,522441.052,67859.9582,10530.43,-942.9719,26563.202,1508.6366,509743.1262,57805.7991,470587.991,90458.2486,122301.086,25336.6455,499,1562,0,0,0.002516541156301399,99.74834588436985
6619,US-2020-167402,,,Second Class,CP-12085,Cathy Prescott,Corporate,United States,Springfield,Missouri,Central,OFF-PA-10004983,Office Supplies,Paper,Xerox 23,121.4,5,15.552,No,Cards,,,,,,,,24.28,3.1104,12.810543657331136,5,5545.222000000001,262.1964,4,295.86400000000003,48.2112,18,16.295054484492873,341007.5242,27450.0071,14641.91,3099.2883,26563.202,1508.6366,509743.1262,57805.7991,643707.687,74797.2461,99453.612,21112.3779,568,985,0,0,0.002043469221596993,99.7956530778403
1601,CA-2020-158876,,,Second Class,AB-10150,Aimee Bixby,Consumer,United States,Carrollton,Texas,Central,FUR-FU-10001967,Furniture,Furnishings,Telescoping Adjustable Floor Lamp,93.992,2,-13.993,No,Cards,,,,,,,,46.996,-6.9965,-14.887437228700314,3,633.208,45.4478,5,470.944,-7.996000000000001,8,-1.6978664129917789,341007.5242,27450.0071,116261.9302,-14078.1598,3083.198,74.3451,753002.1291,81338.5875,451508.6452,10006.6112,92691.218,8034.4328,568,985,0,0,0.0026312720784809128,99.73687279215191
8570,CA-2019-162390,2019-06-12,2019-12-12,Standard Class,DP-13105,Dave Poirier,Corporate,United States,Hempstead,New York,East,OFF-BI-10001721,Office Supplies,Binders,Trimflex Flexible Post Binders,222.352,13,77.8232,No,Online,2019.0,2.0,6.0,June,12.0,Wednesday,183.0,17.104,5.9864,35.0,7,3456.89,546.8897,3,473.804,126.5696,19,26.713493343238977,450234.666,53400.4243,186748.097,41012.0212,1794.06,486.5722,509743.1262,57805.7991,643707.687,74797.2461,174978.38999999998,17885.3759,1773,1562,0,0,0.0006571105675684346,99.93428894324316
1214,US-2020-118087,2020-09-09,,Standard Class,SP-20620,Stefania Perrino,Corporate,United States,Philadelphia,Pennsylvania,East,OFF-BI-10002432,Office Supplies,Binders,Wilson Jones Standard D-Ring Binders,94.036,2,-2.3276,Yes,COD,2020.0,3.0,9.0,September,9.0,Wednesday,,47.018,-1.1638,-2.475222255306478,5,5433.251,-337.2606,4,291.926,1.0626000000000002,13,0.3639963552407118,450234.666,53400.4243,82354.95,-9297.7975,77305.44,-8065.9684,509743.1262,57805.7991,643707.687,74797.2461,174978.38999999998,17885.3759,1773,1717,1,1,0.9943576542811788,99.43576542811789
2308,CA-2020-116225,2020-05-11,2020-09-11,Standard Class,SV-20935,Susan Vittorini,Consumer,United States,New York City,New York,East,TEC-AC-10001432,Technology,Accessories,Enermax Aurora Lite Keyboard,427.75,5,171.93,No,COD,2020.0,2.0,5.0,May,11.0,Monday,123.0,85.55,34.386,40.19403857393337,8,3665.491,106.8912,3,974.8,412.632,12,42.32991382847764,450234.666,53400.4243,186748.097,41012.0212,154919.699,34760.2974,753002.1291,81338.5875,470587.991,90458.2486,122301.086,25336.6455,1773,1717,0,0,0.0019817246935159368,99.8018275306484
952,US-2020-110576,,2020-02-12,Standard Class,RB-19795,Ross Baird,Home Office,United States,Philadelphia,Pennsylvania,East,OFF-PA-10002479,Office Supplies,Paper,Xerox 4200 Series MultiUse Premium Copy Paper (20Lb. and 84 Bright),102.344,6,7.92,No,Online,,,,,,,,17.057333333333332,1.32,7.738607050730868,6,3175.86,-450.758,7,726.552,45.144,27,6.21345753641859,450234.666,53400.4243,82354.95,-9297.7975,77305.44,-8065.9684,303059.0679,36117.7193,643707.687,74797.2461,99453.612,21112.3779,1773,1562,0,0,0.0011916289653036277,99.88083710346963
312,CA-2019-142902,2019-12-09,,Second Class,BP-11185,Ben Peterman,Corporate,United States,Arvada,Colorado,West,FUR-FU-10001756,Furniture,Furnishings,"Eldon Expressions Desk Accessory, Wood Photo Frame, Mahogany",15.232,1,1.7136,No,Online,2019.0,4.0,12.0,December,9.0,Monday,,15.232,1.7136,11.25,7,4370.428,296.839,5,431.056,-12.756800000000002,17,-2.959429865261127,522441.052,67859.9582,29249.064,-5825.5857,503.4,59.8556,509743.1262,57805.7991,451508.6452,10006.6112,92691.218,8034.4328,568,1562,0,0,0.0003378602780910631,99.9662139721909
3252,CA-2020-119389,,,First Class,BG-11740,Bruce Geld,Consumer,United States,Philadelphia,Pennsylvania,East,FUR-FU-10001473,Furniture,Furnishings,"Eldon Executive Woodline II Desk Accessories, Mahogany",109.312,3,5.2773,No,COD,,,,,,,,36.437333333333335,1.7591,4.827740778688526,4,1009.464,101.0523,6,1350.652,108.9861,21,8.069147345134054,450234.666,53400.4243,82354.95,-9297.7975,77305.44,-8065.9684,753002.1291,81338.5875,451508.6452,10006.6112,92691.218,8034.4328,499,1717,0,0,0.0022579811698216342,99.77420188301784
2929,US-2020-120390,,,Standard Class,TH-21550,Tracy Hopkins,Home Office,United States,Burlington,North Carolina,South,OFF-BI-10004995,Office Supplies,Binders,GBC DocuBind P400 Electric Binding System,1677.188,4,-1306.5504,No,COD,,,,,,,,419.297,-326.6376,-77.90124899534221,3,3069.048,-990.1554,4,12577.108,762.1543999999994,16,6.0598541413495015,252121.081,26551.7163,39705.125,-4827.692300000001,13302.982,-4814.8042000000005,303059.0679,36117.7193,643707.687,74797.2461,174978.38999999998,17885.3759,1773,1717,0,0,0.0006656055323660844,99.9334394467634
4860,CA-2020-136063,,,Standard Class,SS-20140,Saphhira Shifley,Corporate,United States,Oak Park,Illinois,Central,OFF-AR-10000823,Office Supplies,Art,Newell 307,416.192,7,1.0192,No,COD,,,,,,,,59.456,0.1456,0.2448869752421959,6,2876.74,394.5895,2,421.652,2.548,10,0.6042897934789827,341007.5242,27450.0071,64224.33,-9554.6539,1069.052,152.0428,509743.1262,57805.7991,643707.687,74797.2461,50762.976,3635.9257,1773,1717,0,0,0.0021033578902601826,99.78966421097398
5013,US-2020-160465,,,Standard Class,SW-20350,Sean Wendt,Home Office,United States,Cleveland,Ohio,East,OFF-BI-10001670,Office Supplies,Binders,Vinyl Sectional Post Binders,127.93,3,-22.62,No,Cards,,,,,,,,42.64333333333334,-7.54,-17.681544594700227,3,1180.044,95.8383,8,1196.89,45.23999999999999,29,3.779795971225425,450234.666,53400.4243,68194.86,-9339.4223,5778.905,-493.2176,303059.0679,36117.7193,643707.687,74797.2461,174978.38999999998,17885.3759,1773,985,0,0,0.0020216196063507566,99.79783803936493
8445,US-2019-155173,2019-06-03,2019-10-03,Standard Class,JB-16045,Julia Barnett,Home Office,United States,Philadelphia,Pennsylvania,East,TEC-PH-10002538,Technology,Phones,Grandstream GXP1160 VoIP phone,68.238,3,-12.5103,No,Cards,2019.0,2.0,6.0,June,3.0,Monday,122.0,22.746,-4.170100000000001,-18.333333333333336,4,2281.235,94.9777,4,719.232,91.7422,18,12.755578172272648,450234.666,53400.4243,82354.95,-9297.7975,77305.44,-8065.9684,303059.0679,36117.7193,470587.991,90458.2486,196563.546,22308.9179,1773,985,0,0,0.00020684139422848493,99.97931586057716
5940,CA-2020-122077,,,Standard Class,JF-15295,Jason Fortune-,Consumer,United States,Plano,Texas,Central,OFF-LA-10004178,Office Supplies,Labels,Avery 491,92.216,4,4.2952,No,Online,,,,,,,,23.054,1.0738,4.657760041641365,4,1020.848,50.3258,2,211.52,5.369000000000001,5,2.538294251134645,341007.5242,27450.0071,116261.9302,-14078.1598,925.004,-9.963800000000006,753002.1291,81338.5875,643707.687,74797.2461,19397.456,2937.2212,1773,1562,0,0,0.0022950441123419218,99.77049558876581
6043,CA-2019-117912,2019-04-02,2019-08-02,Standard Class,TB-21520,Tracy Blumstein,Consumer,United States,Sierra Vista,Arizona,West,FUR-FU-10002088,Furniture,Furnishings,Nu-Dell Float Frame 11 x 14 1/2,14.368,2,3.9512,No,COD,2019.0,2.0,4.0,April,2.0,Tuesday,122.0,7.184,1.9756,27.500000000000004,3,423.93,46.2149,4,91.596,34.3036,11,37.45098039215687,522441.052,67859.9582,22914.556,-2761.11,76.072,16.8281,753002.1291,81338.5875,451508.6452,10006.6112,92691.218,8034.4328,1773,1717,0,0,0.00043315896362885635,99.95668410363712
378,US-2020-134481,,2020-01-09,Standard Class,AR-10405,Allen Rosenblatt,Corporate,United States,Franklin,Massachusetts,East,FUR-TA-10004915,Furniture,Tables,"Office Impressions End Table, 20-1/2""H x 24""W x 20""D",1505.424,7,-297.6848,No,COD,,,,,,,,215.06057142857145,-42.5264,-19.77415000690836,3,1851.644,-221.583,5,5705.816,-66.82720000000003,23,-1.1712119703825017,450234.666,53400.4243,14302.34,2768.8647,7206.733,1291.466,509743.1262,57805.7991,451508.6452,10006.6112,119293.743,-11091.6365,1773,1717,0,0,0.0021872132981913053,99.78127867018087
5271,CA-2020-144484,2020-11-09,2020-11-09,Same Day,CB-12025,Cassandra Brandow,Consumer,United States,San Francisco,California,West,OFF-AP-10004487,Office Supplies,Appliances,Kensington 4 Outlet MasterPiece Compact Power Control Center,447.6,5,113.848,No,Online,2020.0,4.0,11.0,November,9.0,Monday,0.0,89.52000000000001,22.7696,25.435210008936547,6,2153.05,-78.50519999999997,5,1645.064,182.1568,18,11.072930901168586,522441.052,67859.9582,335190.256,49372.175,80891.422,10475.5284,753002.1291,81338.5875,643707.687,74797.2461,80305.247,13166.6098,163,1562,0,0,0.0027630929492518646,99.72369070507482
7767,US-2020-118941,2020-12-08,2020-12-08,Same Day,BB-11545,Brenda Bowman,Corporate,United States,Columbia,Maryland,East,OFF-AR-10001953,Office Supplies,Art,Boston 1645 Deluxe Heavier-Duty Electric Pencil Sharpener,236.9,5,59.373,No,Online,2020.0,4.0,12.0,December,8.0,Tuesday,0.0,47.38,11.8746,25.062473617560148,7,6183.56,1092.9162,5,922.008,187.7946,21,20.36800114532629,450234.666,53400.4243,16090.103,3860.6173,13705.148,2721.1764,509743.1262,57805.7991,643707.687,74797.2461,50762.976,3635.9257,163,1562,0,0,0.0010422336782377585,99.89577663217622
1,CA-2019-152156,2019-08-11,2019-11-11,Second Class,CG-12520,Claire Gute,Consumer,United States,Henderson,Kentucky,South,FUR-BO-10001798,Furniture,Bookcases,Bush Somerset Collection Bookcase,261.96,2,41.9136,No,Cards,2019.0,3.0,8.0,August,11.0,Sunday,92.0,130.98,20.9568,16.000000000000004,2,1135.0600000000002,263.3116,4,1319.957,-56.3214,12,-4.266911725154683,252121.081,26551.7163,24352.73,5968.384,11188.968,2912.5989,753002.1291,81338.5875,451508.6452,10006.6112,57577.6862,-342.88830000000013,568,985,0,0,0.0003047266841133281,99.96952733158867
4633,CA-2020-168396,2020-03-08,2020-08-08,Second Class,BD-11725,Bruce Degenhardt,Consumer,United States,San Francisco,California,West,FUR-FU-10000723,Furniture,Furnishings,"Deflect-o EconoMat Studded, No Bevel Mat for Low Pile Carpeting",168.96,3,11.1564,No,COD,2020.0,1.0,3.0,March,8.0,Sunday,153.0,56.32,3.7188,6.602982954545454,5,2518.59,184.4948,6,786.328,-78.09479999999999,19,-9.931580714409254,522441.052,67859.9582,335190.256,49372.175,80891.422,10475.5284,753002.1291,81338.5875,451508.6452,10006.6112,92691.218,8034.4328,568,1717,0,0,0.00832610642616003,99.167389357384
6782,US-2019-147711,2019-03-09,2019-08-09,Second Class,HF-14995,Herbert Flentye,Consumer,United States,Baltimore,Maryland,East,OFF-LA-10004093,Office Supplies,Labels,Avery 486,58.48,8,27.4856,No,Online,2019.0,1.0,3.0,March,9.0,Saturday,153.0,7.31,3.4357,47.0,5,2973.584,-146.8332,6,493.194,57.4566,18,11.649898417255685,450234.666,53400.4243,16090.103,3860.6173,5587.782,1118.9513,753002.1291,81338.5875,643707.687,74797.2461,19397.456,2937.2212,568,1562,0,0,0.00043456495889391443,99.95654350411061
3244,CA-2020-113355,2020-01-12,2020-05-12,Standard Class,SJ-20215,Sarah Jordon,Consumer,United States,Grand Prairie,Texas,Central,TEC-PH-10004912,Technology,Phones,Cisco SPA112 2 Port Phone Adapter,229.8,5,24.7275,No,COD,2020.0,1.0,1.0,January,12.0,Sunday,121.0,45.96,4.9455,10.760443864229764,4,1409.764,-29.4195,2,361.68,39.564,8,10.938951559389515,341007.5242,27450.0071,116261.9302,-14078.1598,769.858,-4.044700000000001,753002.1291,81338.5875,470587.991,90458.2486,196563.546,22308.9179,1773,1717,0,0,0.0026497039033899603,99.73502960966101
8963,CA-2019-157280,2019-05-11,2019-07-11,First Class,LW-17125,Liz Willingham,Consumer,United States,Virginia Beach,Virginia,South,FUR-FU-10004665,Furniture,Furnishings,"3M Polarizing Task Lamp with Clamp Arm, Light Gray",273.96,2,71.2296,No,Cards,2019.0,2.0,5.0,May,11.0,Saturday,61.0,136.98,35.6148,26.000000000000007,2,1217.09,170.8797,3,1445.8,356.148,10,24.633282611702867,252121.081,26551.7163,32721.25,9657.4876,2023.13,364.7215,753002.1291,81338.5875,451508.6452,10006.6112,92691.218,8034.4328,499,985,0,0,0.00039420394960637436,99.96057960503937
9877,US-2020-166324,,,First Class,BE-11455,Brad Eason,Home Office,United States,Cleveland,Ohio,East,OFF-ST-10000078,Office Supplies,Storage,Tennsco 6- and 18-Compartment Lockers,874.544,4,-21.2136,No,Cards,,,,,,,,218.636,-5.3034,-2.4256755520591304,4,1390.542,18.9995,4,3280.074,408.3618,13,12.449773999001245,450234.666,53400.4243,68194.86,-9339.4223,5778.905,-493.2176,303059.0679,36117.7193,643707.687,74797.2461,150341.318,13607.0875,499,985,0,0,0.002230253304117472,99.77697466958824
8835,US-2020-132675,,,Standard Class,KF-16285,Karen Ferguson,Home Office,United States,Sandy Springs,Georgia,South,TEC-PH-10003171,Technology,Phones,Plantronics Encore H101 Dual Earpieces Headset,106.9,2,25.172,No,COD,,,,,,,,53.45,12.586,23.547240411599628,6,10941.274,1577.6134,6,891.22,151.032,17,16.946657390992122,252121.081,26551.7163,37260.69,9994.4165,2709.84,512.5933,303059.0679,36117.7193,470587.991,90458.2486,196563.546,22308.9179,1773,1717,0,0,0.0021549856439761848,99.78450143560238
5346,CA-2020-108539,,,Second Class,SC-20725,Steven Cartwright,Consumer,United States,Los Angeles,California,West,OFF-ST-10003208,Office Supplies,Storage,Adjustable Depth Letter/Legal Cart,770.84,4,210.4936,No,COD,,,,,,,,192.71,52.6234,27.30704166882881,5,2654.984,757.1818,7,3852.508,1413.5734,31,36.69228980186413,522441.052,67859.9582,335190.256,49372.175,120017.4405,19174.9301,753002.1291,81338.5875,643707.687,74797.2461,150341.318,13607.0875,568,1717,0,0,0.006439792923361571,99.35602070766384
2908,CA-2020-121615,2020-03-11,2020-09-11,Standard Class,DL-12925,Daniel Lacy,Consumer,United States,Eagan,Minnesota,Central,OFF-ST-10001325,Office Supplies,Storage,Sterilite Officeware Hinged File Box,177.4,5,14.148,No,Cards,2020.0,1.0,3.0,March,11.0,Wednesday,184.0,35.480000000000004,2.8296,7.975197294250282,1,364.9,24.8724,10,1265.4,69.5872,32,5.499225541330803,341007.5242,27450.0071,10808.63,2864.3483,428.34,52.85,753002.1291,81338.5875,643707.687,74797.2461,150341.318,13607.0875,1773,985,0,0,0.0033822898382364483,99.66177101617636
3573,US-2020-126081,,2020-04-07,Standard Class,FC-14335,Fred Chung,Corporate,United States,Mesquite,Texas,Central,OFF-PA-10003953,Office Supplies,Paper,Xerox 218,88.184,1,1.8144,No,COD,,,,,,,,88.184,1.8144,2.0575161026943665,3,5510.66,589.1196,4,239.288,16.0704,6,6.715923907592523,341007.5242,27450.0071,116261.9302,-14078.1598,88.184,1.8144,509743.1262,57805.7991,643707.687,74797.2461,99453.612,21112.3779,1773,1717,0,0,0.00276251954117199,99.7237480458828
7310,CA-2020-112172,2020-10-06,,Second Class,MM-18280,Muhammed MacIntyre,Corporate,United States,New York City,New York,East,OFF-FA-10004395,Office Supplies,Fasteners,Plymouth Boxed Rubber Bands by Plymouth,117.13,3,0.7065,No,COD,2020.0,4.0,10.0,October,6.0,Tuesday,,39.04333333333333,0.2355,0.6031759583368906,5,741.3,42.205200000000005,3,362.984,-0.2355,11,-0.064878892733564,450234.666,53400.4243,186748.097,41012.0212,154919.699,34760.2974,509743.1262,57805.7991,643707.687,74797.2461,15205.238,598.4175,568,1717,0,0,0.0018653637112297527,99.81346362887702
1286,CA-2019-119445,,2019-03-07,Standard Class,GM-14500,Gene McClure,Consumer,United States,Providence,Rhode Island,East,OFF-ST-10000617,Office Supplies,Storage,Woodgrain Magazine Files by Perma,14.9,5,1.043,No,Online,,,,,,,,2.98,0.2085999999999999,6.999999999999999,6,602.516,79.17779999999999,4,124.296,0.9535999999999996,16,0.7672008753298576,450234.666,53400.4243,13602.71,5627.4571,10165.32,4353.5854,753002.1291,81338.5875,643707.687,74797.2461,150341.318,13607.0875,1773,1562,0,0,0.001632737246378561,99.83672627536214
5743,US-2020-147886,,,First Class,DH-13075,Dave Hallsten,Corporate,United States,Fairfield,California,West,OFF-PA-10003651,Office Supplies,Paper,Xerox 1968,139.72,4,12.8256,Yes,Online,,,,,,,,34.93,3.2064,9.179501860864589,2,2056.672,87.38159999999999,5,456.664,75.35040000000001,26,16.50018394267996,522441.052,67859.9582,335190.256,49372.175,11466.078,907.3211,509743.1262,57805.7991,643707.687,74797.2461,99453.612,21112.3779,499,1562,1,1,0.9986891742204187,99.86891742204187
2713,CA-2020-146031,,2020-01-08,Second Class,GM-14440,Gary McGarr,Consumer,United States,Troy,New York,East,OFF-AR-10002656,Office Supplies,Art,Sanford Liquid Accent Highlighters,155.12,9,22.2444,No,COD,,,,,,,,17.235555555555557,2.4716,14.340123775141825,5,1670.372,144.4864,2,188.52,34.6024,14,18.354763420326755,450234.666,53400.4243,186748.097,41012.0212,3005.949,-32.52420000000001,753002.1291,81338.5875,643707.687,74797.2461,50762.976,3635.9257,568,1717,0,0,0.003270559164716166,99.67294408352838
7133,CA-2020-141439,,2020-01-12,Standard Class,TT-21460,Tonja Turnell,Home Office,United States,Richmond,Indiana,Central,TEC-PH-10002624,Technology,Phones,Samsung Galaxy S4 Mini,1906.96,4,545.1884,No,COD,,,,,,,,476.74,136.2971,28.58939883374585,6,4209.696,843.3818000000001,4,4288.91,892.981,10,20.82069803283352,341007.5242,27450.0071,32039.23,15524.6596,15487.14,4080.2061,303059.0679,36117.7193,470587.991,90458.2486,196563.546,22308.9179,1773,1717,0,0,0.001973680131165228,99.80263198688347
9862,CA-2020-113278,,,Standard Class,HR-14770,Hallie Redmond,Home Office,United States,Richmond,Indiana,Central,OFF-ST-10002562,Office Supplies,Storage,Staple magnet,108.76,2,5.2528,No,Cards,,,,,,,,54.38,2.6264,4.829716807649871,3,1833.948,135.8576,4,241.956,23.6376,19,9.7693795566136,341007.5242,27450.0071,32039.23,15524.6596,15487.14,4080.2061,303059.0679,36117.7193,643707.687,74797.2461,150341.318,13607.0875,1773,985,0,0,0.0020720749583873427,99.79279250416127
8622,CA-2020-104318,,,Standard Class,FH-14275,Frank Hawley,Corporate,United States,Franklin,Tennessee,South,OFF-AP-10000358,Office Supplies,Appliances,Fellowes Basic Home/Office Series Surge Protectors,104.768,2,2.3364,No,COD,,,,,,,,52.384,1.1682,2.230070250458155,8,3570.924,776.0992,7,839.4000000000001,103.7102,31,12.355277579223252,252121.081,26551.7163,26288.317,-3467.5906,7206.733,1291.466,509743.1262,57805.7991,643707.687,74797.2461,80305.247,13166.6098,1773,1717,0,0,0.00243561977014984,99.75643802298502
1090,CA-2020-158407,2020-04-06,2020-10-06,Standard Class,LW-16990,Lindsay Williams,Corporate,United States,Monroe,North Carolina,South,FUR-FU-10001967,Furniture,Furnishings,Telescoping Adjustable Floor Lamp,123.984,2,1.999,No,Online,2020.0,2.0,4.0,April,6.0,Monday,183.0,61.992,0.9995,1.612304813524326,6,3669.308,662.8339,5,470.944,-7.996000000000001,8,-1.6978664129917789,252121.081,26551.7163,39705.125,-4827.692300000001,2151.028,375.1896,509743.1262,57805.7991,451508.6452,10006.6112,92691.218,8034.4328,1773,1562,0,0,0.0017552705841211715,99.82447294158789
3287,CA-2020-150525,,,Standard Class,JP-16135,Julie Prescott,Home Office,United States,Muskogee,Oklahoma,Central,OFF-AP-10000595,Office Supplies,Appliances,Disposable Triple-Filter Dust Bags,1233.11,3,3.4086,No,Online,,,,,,,,411.0366666666666,1.1362,0.2764230279537105,7,4127.398,295.362,3,1250.59,7.9534,7,0.6359718213003464,341007.5242,27450.0071,17653.7,3431.8469,4039.7,442.5966,303059.0679,36117.7193,643707.687,74797.2461,80305.247,13166.6098,1773,1562,0,0,0.0016133500301195613,99.83866499698804
3416,CA-2019-116540,2019-02-09,2019-02-09,Same Day,SS-20590,Sonia Sunley,Consumer,United States,Madison,Wisconsin,Central,OFF-FA-10002676,Office Supplies,Fasteners,Colored Push Pins,1.81,1,0.6516,No,Online,2019.0,1.0,2.0,February,9.0,Saturday,0.0,1.81,0.6516,36.0,4,322.94,112.3807,3,87.964,2.172,5,2.4691919421581554,341007.5242,27450.0071,21490.09,5252.5593,2132.43,423.8632,753002.1291,81338.5875,643707.687,74797.2461,15205.238,598.4175,163,1562,0,0,0.0002070085560737686,99.97929914439261
1709,CA-2020-123491,,2020-05-11,Standard Class,JK-15205,Jamie Kunitz,Consumer,United States,San Francisco,California,West,OFF-PA-10003424,Office Supplies,Paper,"""While you Were Out"" Message Book, One Form per Page",120.42,2,3.71,Yes,Online,,,,,,,,60.21,1.855,3.080883574157117,2,2501.136,557.8749,3,309.228,10.388,8,3.35933356617124,522441.052,67859.9582,335190.256,49372.175,80891.422,10475.5284,753002.1291,81338.5875,643707.687,74797.2461,99453.612,21112.3779,1773,1562,1,1,0.998107541549184,99.8107541549184
3635,CA-2019-145177,2019-10-11,,Standard Class,PP-18955,Paul Prost,Home Office,United States,Springfield,Ohio,East,TEC-PH-10000376,Technology,Phones,Square Credit Card Reader,41.958,7,-9.7902,No,COD,2019.0,4.0,10.0,October,11.0,Friday,,5.994,-1.3986,-23.333333333333336,4,4546.63,955.1411,2,191.926,-7.3926,11,-3.8517970467784464,450234.666,53400.4243,68194.86,-9339.4223,26563.202,1508.6366,303059.0679,36117.7193,470587.991,90458.2486,196563.546,22308.9179,1773,1717,0,0,0.0002719512234994552,99.97280487765006
7107,CA-2020-128944,,,Second Class,KH-16330,Katharine Harms,Corporate,United States,Newark,Ohio,East,TEC-AC-10001553,Technology,Accessories,"Memorex 25GB 6X Branded Blu-Ray Recordable Disc, 15/Pack",161.328,9,1.5291,No,Cards,,,,,,,,17.925333333333334,0.1699,0.9478205891103836,5,2881.856,193.9199,3,370.064,2.8883,17,0.7804866185308488,450234.666,53400.4243,68194.86,-9339.4223,15319.841,6042.2924,509743.1262,57805.7991,470587.991,90458.2486,122301.086,25336.6455,568,985,0,0,0.002201643595683779,99.77983564043163
9284,CA-2020-102218,2020-02-09,2020-04-09,Second Class,LW-17215,Luke Weiss,Consumer,United States,Fort Collins,Colorado,West,OFF-LA-10002475,Office Supplies,Labels,Avery 519,126.696,2,3.9474,No,COD,2020.0,1.0,2.0,February,9.0,Sunday,60.0,63.348,1.9737,3.115646902822504,6,1955.222,416.6531,5,386.106,37.8658,14,9.807099604771746,522441.052,67859.9582,29249.064,-5825.5857,1431.252,-252.6926,753002.1291,81338.5875,643707.687,74797.2461,19397.456,2937.2212,568,1717,0,0,0.0032974733769048996,99.67025266230951
6546,US-2020-154872,,,Standard Class,DP-13000,Darren Powers,Consumer,United States,Cleveland,Ohio,East,OFF-LA-10000973,Office Supplies,Labels,Avery 502,106.04,2,1.764,No,Cards,,,,,,,,53.02,0.882,1.6635231987929082,5,717.9159999999999,-43.5192,3,118.64,6.174,7,5.20397842211733,450234.666,53400.4243,68194.86,-9339.4223,5778.905,-493.2176,753002.1291,81338.5875,643707.687,74797.2461,19397.456,2937.2212,1773,985,0,0,0.0016827326789178557,99.83172673210822
2657,CA-2020-112515,,,Second Class,AS-10225,Alan Schoenberger,Corporate,United States,Provo,Utah,West,OFF-ST-10001272,Office Supplies,Storage,"Mini 13-1/2 Capacity Data Binder Rack, Pearl",273.74,2,65.435,No,Online,,,,,,,,136.87,32.7175,23.90406955505224,3,2603.184,262.22090000000003,4,954.264,157.04399999999998,8,16.45708105932949,522441.052,67859.9582,5316.048,1054.5308,2317.504,260.01890000000003,509743.1262,57805.7991,643707.687,74797.2461,150341.318,13607.0875,568,1562,0,0,0.0034389427003006885,99.65610572996994
1980,CA-2019-112669,,,Same Day,KT-16465,Kean Takahito,Consumer,United States,Glendale,Arizona,West,FUR-CH-10004086,Furniture,Chairs,Hon 4070 Series Pagoda Armless Upholstered Stacking Chairs,933.536,4,105.0228,No,COD,,,,,,,,233.384,26.2557,11.250000000000002,3,1626.352,156.40300000000002,4,5799.081,1190.2584,22,20.524948694456928,522441.052,67859.9582,22914.556,-2761.11,3043.017,141.1277,753002.1291,81338.5875,451508.6452,10006.6112,181945.998,13406.7032,163,1717,0,0,0.003639352678401468,99.63606473215985
9968,CA-2020-153871,2020-11-12,,Standard Class,RB-19435,Richard Bierner,Consumer,United States,Plainfield,New Jersey,East,OFF-BI-10004209,Office Supplies,Binders,"Fellowes Twister Kit, Gray/Clear, 3/pkg",323.2,5,18.09,No,Online,2020.0,4.0,11.0,November,12.0,Thursday,,64.64,3.618,5.597153465346535,2,1803.89,362.5369,6,870.952,-8.442000000000004,27,-0.969284185580836,450234.666,53400.4243,32086.942,7213.0952,5584.29,1213.5149,753002.1291,81338.5875,643707.687,74797.2461,174978.38999999998,17885.3759,1773,1562,0,0,0.002504397302134977,99.7495602697865
5192,US-2020-141943,2020-05-05,2020-09-05,Standard Class,DK-12985,Darren Koutras,Consumer,United States,San Francisco,California,West,OFF-EN-10003448,Office Supplies,Envelopes,"Peel & Seel Recycled Catalog Envelopes, Brown",111.16,2,11.58,No,COD,2020.0,2.0,5.0,May,5.0,Tuesday,123.0,55.58,5.79,10.417416336811804,2,1447.48,-22.8501,2,218.008,35.898,9,16.466368206671316,522441.052,67859.9582,335190.256,49372.175,80891.422,10475.5284,753002.1291,81338.5875,643707.687,74797.2461,16542.464,3508.5073,1773,1717,0,0,0.005182598485258005,99.4817401514742
3256,CA-2019-155474,2019-08-07,,Standard Class,CC-12220,Chris Cortes,Consumer,United States,Seattle,Washington,West,OFF-BI-10004209,Office Supplies,Binders,"Fellowes Twister Kit, Gray/Clear, 3/pkg",19.296,3,6.03,No,Online,2019.0,3.0,8.0,August,7.0,Wednesday,,6.432,2.01,31.25,8,4100.032,360.541,6,870.952,-8.442000000000004,27,-0.969284185580836,522441.052,67859.9582,92975.18,21466.6555,77924.542,18839.3111,753002.1291,81338.5875,643707.687,74797.2461,174978.38999999998,17885.3759,1773,1562,0,0,0.00039863328948368514,99.96013667105163
2004,CA-2020-163510,,,Second Class,JW-15955,Joni Wasserman,Consumer,United States,Louisville,Kentucky,South,FUR-CH-10001146,Furniture,Chairs,"Global Value Mid-Back Manager's Chair, Gray",583.45,5,76.1125,No,Online,,,,,,,,116.69,15.2225,13.045248093238492,6,1946.928,172.0721,10,1730.2710000000002,44.4183,29,2.5671296577241365,252121.081,26551.7163,24352.73,5968.384,9927.42,-2338.8303,753002.1291,81338.5875,451508.6452,10006.6112,181945.998,13406.7032,568,1562,0,0,0.0015631296574607429,99.84368703425392
87,CA-2020-155558,,2020-02-11,Standard Class,PG-18895,Paul Gonzalez,Consumer,United States,Rochester,Minnesota,Central,TEC-AC-10001998,Technology,Accessories,Logitech LS21 Speaker System - PC Multimedia - 2.1-CH - Wired,95.99,1,6.7966,No,Cards,,,,,,,,95.99,6.7966,7.080529221793936,6,1195.37,230.5146,5,904.906,55.972,10,6.18539384201232,341007.5242,27450.0071,10808.63,2864.3483,9771.5,729.8267,753002.1291,81338.5875,470587.991,90458.2486,122301.086,25336.6455,1773,985,0,0,0.001257121951591115,99.87428780484089
1715,CA-2020-104003,2020-07-10,,Standard Class,DC-13285,Debra Catini,Consumer,United States,San Francisco,California,West,FUR-BO-10003965,Furniture,Bookcases,O'Sullivan Manor Hill 2-Door Library in Brianna Oak,350.666,2,-14.4784,No,Cards,2020.0,3.0,7.0,July,10.0,Friday,,175.333,-7.2392,-4.128829142260726,3,515.906,21.5244,2,1119.586,-95.9194,7,-8.56739902070944,522441.052,67859.9582,335190.256,49372.175,80891.422,10475.5284,753002.1291,81338.5875,451508.6452,10006.6112,57577.6862,-342.88830000000013,1773,985,0,0,0.004584042827839424,99.54159571721605
6195,CA-2020-104927,,,Standard Class,AG-10330,Alex Grayson,Consumer,United States,Houston,Texas,Central,OFF-PA-10000176,Office Supplies,Paper,Xerox 1887,473.88,5,26.558,No,COD,,,,,,,,94.776,5.3116,5.604372414957373,5,2639.992,-5.13709999999999,5,776.404,102.438,15,13.193904204512084,341007.5242,27450.0071,116261.9302,-14078.1598,45159.5078,-7197.716,753002.1291,81338.5875,643707.687,74797.2461,99453.612,21112.3779,1773,1717,0,0,0.0016319142951428777,99.83680857048572
4103,US-2020-102288,,,Standard Class,ZC-21910,Zuschuss Carroll,Consumer,United States,Houston,Texas,Central,OFF-PA-10000740,Office Supplies,Paper,Xerox 1982,157.176,8,47.5072,No,COD,,,,,,,,19.647,5.9384,30.225479717005143,7,4130.799,-1668.6747,3,333.536,89.5328,12,26.84351914036266,341007.5242,27450.0071,116261.9302,-14078.1598,45159.5078,-7197.716,753002.1291,81338.5875,643707.687,74797.2461,99453.612,21112.3779,1773,1717,0,0,0.0010078668179628264,99.89921331820372
8758,CA-2019-114307,,,Standard Class,MF-17665,Maureen Fritzler,Corporate,United States,Columbia,Maryland,East,OFF-PA-10004100,Office Supplies,Paper,Xerox 216,51.84,8,24.8832,No,COD,,,,,,,,6.48,3.1104,47.99999999999999,4,385.054,118.461,4,340.568,46.9152,18,13.775574921895188,450234.666,53400.4243,16090.103,3860.6173,13705.148,2721.1764,509743.1262,57805.7991,643707.687,74797.2461,99453.612,21112.3779,1773,1717,0,0,0.0017755800185774993,99.82244199814225
2731,CA-2020-104801,,,Standard Class,FH-14350,Fred Harton,Consumer,United States,Seattle,Washington,West,TEC-AC-10001838,Technology,Accessories,Razer Tiamat Over Ear 7.1 Surround Sound PC Gaming Headset,835.96,4,343.9828,No,Online,,,,,,,,208.99,85.9957,41.1482367577396,2,2318.038,340.3627,5,2976.83,1461.9269000000002,17,49.11019104214887,522441.052,67859.9582,92975.18,21466.6555,77924.542,18839.3111,753002.1291,81338.5875,470587.991,90458.2486,122301.086,25336.6455,1773,1562,0,0,0.003844160033431315,99.61558399665687
8232,CA-2019-162355,,2019-02-07,Second Class,PF-19165,Philip Fox,Consumer,United States,Sandy Springs,Georgia,South,FUR-BO-10004695,Furniture,Bookcases,O'Sullivan 2-Door Barrister Bookcase in Odessa Pine,1266.86,7,291.3778,No,Cards,,,,,,,,180.98,41.6254,23.0,3,2085.08,529.3223,4,3788.384,698.5827999999999,22,18.440126449694645,252121.081,26551.7163,37260.69,9994.4165,2709.84,512.5933,753002.1291,81338.5875,451508.6452,10006.6112,57577.6862,-342.88830000000013,568,985,0,0,0.0022758688539840496,99.7724131146016
5500,CA-2020-164378,,,Second Class,MM-18055,Michelle Moray,Consumer,United States,New York City,New York,East,TEC-AC-10004708,Technology,Accessories,Sony 32GB Class 10 Micro SDHC R40 Memory Card,160.9,2,8.799,No,COD,,,,,,,,80.45,4.3995,5.468614045991298,4,2279.757,-403.6647,2,307.65,30.7965,7,10.010238907849828,450234.666,53400.4243,186748.097,41012.0212,154919.699,34760.2974,753002.1291,81338.5875,470587.991,90458.2486,122301.086,25336.6455,568,1717,0,0,0.0024619744574036332,99.75380255425964
7304,US-2020-117450,2020-04-09,2020-08-09,Standard Class,DO-13645,Doug O'Connell,Consumer,United States,Boynton Beach,Florida,South,FUR-CH-10003817,Furniture,Chairs,"Global Value Steno Chair, Gray",112.184,2,6.074,No,COD,2020.0,2.0,4.0,April,9.0,Thursday,122.0,56.092,3.037,5.414319332525137,6,1836.676,267.2436,6,1425.246,85.036,22,5.966408605952937,252121.081,26551.7163,49914.999,-227.7464999999999,908.033,45.2183,753002.1291,81338.5875,451508.6452,10006.6112,181945.998,13406.7032,1773,1717,0,0,0.001874507264301713,99.81254927356983
2992,CA-2019-139010,,,Second Class,MC-17635,Matthew Clasen,Corporate,United States,Los Angeles,California,West,OFF-BI-10002309,Office Supplies,Binders,Avery Heavy-Duty EZD  Binder With Locking Rings,31.248,7,10.9368,No,COD,,,,,,,,4.464,1.5624,35.0,2,818.2139999999999,-289.83430000000004,5,92.628,22.9896,24,24.81927710843373,522441.052,67859.9582,335190.256,49372.175,120017.4405,19174.9301,509743.1262,57805.7991,643707.687,74797.2461,174978.38999999998,17885.3759,568,1717,0,0,0.006156660074223707,99.38433399257764
8200,CA-2020-125269,,,Standard Class,AF-10870,Art Ferguson,Consumer,United States,Chicago,Illinois,Central,OFF-BI-10001628,Office Supplies,Binders,"Acco Data Flex Cable Posts For Top & Bottom Load Binders, 6"" Capacity",104.43,5,-18.2525,No,COD,,,,,,,,20.886000000000003,-3.6505,-17.478215072297232,6,2482.128,315.9484,6,710.2239999999999,26.075,26,3.671376917704837,341007.5242,27450.0071,64224.33,-9554.6539,39993.161,-6497.3566,753002.1291,81338.5875,643707.687,74797.2461,174978.38999999998,17885.3759,1773,1717,0,0,0.0018081674421415875,99.81918325578583
6577,CA-2020-123085,2020-03-03,2020-08-03,Standard Class,EJ-13720,Ed Jacobs,Consumer,United States,Los Angeles,California,West,FUR-CH-10003968,Furniture,Chairs,Novimex Turbo Task Chair,185.352,3,-17.0352,Yes,Online,2020.0,1.0,3.0,March,3.0,Tuesday,153.0,61.784,-5.6784,-9.190728991324615,1,1284.792,423.7296,4,1049.406,-18.4548,17,-1.7585948622363508,522441.052,67859.9582,335190.256,49372.175,120017.4405,19174.9301,753002.1291,81338.5875,451508.6452,10006.6112,181945.998,13406.7032,1773,1562,1,1,0.9984434407967471,99.84434407967471
1116,CA-2020-140585,,,Second Class,RA-19915,Russell Applegate,Consumer,United States,Encinitas,California,West,TEC-AC-10003610,Technology,Accessories,Logitech Illuminated - Keyboard,395.98,2,57.5904,Yes,COD,,,,,,,,197.99,28.7952,14.54376483660791,3,2110.893,144.6035,5,1323.84,429.5284,17,32.445642978003384,522441.052,67859.9582,335190.256,49372.175,1520.9810000000002,71.05879999999999,753002.1291,81338.5875,470587.991,90458.2486,122301.086,25336.6455,568,1717,1,1,0.9980289055972265,99.80289055972264
8183,CA-2020-155642,,,Standard Class,BM-11575,Brendan Murry,Corporate,United States,Chicago,Illinois,Central,FUR-FU-10004973,Furniture,Furnishings,Flat Face Poster Frame,146.608,3,-10.1736,No,COD,,,,,,,,48.86933333333334,-3.3912,-6.939321183018662,5,1118.886,86.516,9,854.32,29.0136,37,3.3961045041670563,341007.5242,27450.0071,64224.33,-9554.6539,39993.161,-6497.3566,509743.1262,57805.7991,451508.6452,10006.6112,92691.218,8034.4328,1773,1717,0,0,0.0018585477411508932,99.81414522588491
7527,US-2020-106145,,,Same Day,RA-19885,Ruben Ausman,Corporate,United States,San Francisco,California,West,OFF-EN-10001028,Office Supplies,Envelopes,Staple envelope,181.88,6,33.0648,No,COD,,,,,,,,30.313333333333333,5.5108,18.17945898394545,4,2082.176,514.7115,1,181.88,33.0648,6,18.17945898394545,522441.052,67859.9582,335190.256,49372.175,80891.422,10475.5284,509743.1262,57805.7991,643707.687,74797.2461,16542.464,3508.5073,163,1717,0,0,0.005707853488893629,99.42921465111064
1283,CA-2020-122154,2020-09-04,2020-11-04,First Class,SA-20830,Sue Ann Reed,Consumer,United States,Jacksonville,Florida,South,OFF-BI-10002026,Office Supplies,Binders,Avery Arch Ring Binders,87.43,1,-13.363,No,Online,2020.0,3.0,9.0,September,4.0,Friday,61.0,87.43,-13.363,-15.284227381905522,6,2051.45,160.7448,9,1600.946,343.4466,43,21.452728574230488,252121.081,26551.7163,49914.999,-227.7464999999999,15390.086,-578.7137,753002.1291,81338.5875,643707.687,74797.2461,174978.38999999998,17885.3759,499,1562,0,0,0.0010022712611372877,99.89977287388628
7687,CA-2019-169838,,,Standard Class,BB-11545,Brenda Bowman,Corporate,United States,Jackson,Michigan,Central,FUR-TA-10001095,Furniture,Tables,Chromcraft Round Conference Tables,1568.61,9,329.4081,No,Online,,,,,,,,174.29,36.6009,21.000000000000004,7,6183.56,1092.9162,12,8080.053,-158.60389999999998,59,-1.9629066789537144,341007.5242,27450.0071,48504.684,17480.280600000002,22696.316,6388.0094,509743.1262,57805.7991,451508.6452,10006.6112,119293.743,-11091.6365,1773,1562,0,0,0.0026766488657340597,99.7323351134266
2087,CA-2019-140501,,,Standard Class,IM-15070,Irene Maddox,Consumer,United States,New York City,New York,East,OFF-ST-10000060,Office Supplies,Storage,Fellowes Bankers Box Staxonsteel Drawer File/Stacking System,324.9,5,38.988,No,COD,,,,,,,,64.97999999999999,7.7976,12.000000000000002,3,1108.976,329.762,7,2434.336,98.7696,36,4.057352805857531,450234.666,53400.4243,186748.097,41012.0212,154919.699,34760.2974,753002.1291,81338.5875,643707.687,74797.2461,150341.318,13607.0875,1773,1717,0,0,0.0028879100215650814,99.7112089978435
9458,CA-2020-151855,,2020-03-06,Standard Class,BW-11110,Bart Watters,Corporate,United States,Greensboro,North Carolina,South,OFF-BI-10004209,Office Supplies,Binders,"Fellowes Twister Kit, Gray/Clear, 3/pkg",115.06,5,-10.05,No,Cards,,,,,,,,23.012,-2.01,-8.734573266122023,6,4469.734,817.8851999999999,6,870.952,-8.442000000000004,27,-0.969284185580836,252121.081,26551.7163,39705.125,-4827.692300000001,2555.991,-85.72149999999999,509743.1262,57805.7991,643707.687,74797.2461,174978.38999999998,17885.3759,1773,985,0,0,0.0020601672054248337,99.79398327945752
5570,CA-2020-157966,,,Same Day,SU-20665,Stephanie Ulpright,Home Office,United States,Chicago,Illinois,Central,OFF-PA-10001934,Office Supplies,Paper,Xerox 1993,122.552,3,5.6376,No,Cards,,,,,,,,40.85066666666667,1.8792,4.600169723872315,6,2949.564,687.0718999999999,7,428.304,58.9032,21,13.752661660876386,341007.5242,27450.0071,64224.33,-9554.6539,39993.161,-6497.3566,303059.0679,36117.7193,643707.687,74797.2461,99453.612,21112.3779,163,985,0,0,0.0016325844581182032,99.83674155418818
7883,CA-2020-118017,2020-03-12,2020-06-12,Second Class,LC-16870,Lena Cacioppo,Consumer,United States,Thornton,Colorado,West,TEC-AC-10002006,Technology,Accessories,Memorex Micro Travel Drive 16 GB,150.336,8,14.0712,No,Online,2020.0,1.0,3.0,March,12.0,Thursday,92.0,18.792,1.7589,9.359833971902937,6,3158.722,-295.8852,4,553.562,71.6352,28,12.940772668644165,522441.052,67859.9582,29249.064,-5825.5857,954.36,50.2934,753002.1291,81338.5875,470587.991,90458.2486,122301.086,25336.6455,568,1562,0,0,0.0032279850908708786,99.67720149091292
8212,CA-2019-116337,2019-07-11,2019-12-11,Standard Class,MC-17845,Michael Chen,Consumer,United States,Dallas,Texas,Central,FUR-FU-10002030,Furniture,Furnishings,"Executive Impressions 14"" Contract Wall Clock with Quartz Movement",44.46,5,-17.784,No,Cards,2019.0,3.0,7.0,July,11.0,Thursday,153.0,8.892,-3.5568,-40.0,5,2176.15,302.6616,1,44.46,-17.784,5,-40.0,341007.5242,27450.0071,116261.9302,-14078.1598,20019.1136,-1983.7422,753002.1291,81338.5875,451508.6452,10006.6112,92691.218,8034.4328,1773,985,0,0,0.0005752196971900009,99.942478030281
5231,CA-2020-124436,,,Second Class,SA-20830,Sue Ann Reed,Consumer,United States,Fresno,California,West,FUR-TA-10001095,Furniture,Tables,Chromcraft Round Conference Tables,737.16,5,8.7145,No,Cards,,,,,,,,147.432,1.7429,1.1821721200282165,6,2051.45,160.7448,12,8080.053,-158.60389999999998,59,-1.9629066789537144,522441.052,67859.9582,335190.256,49372.175,4078.446,665.5685,753002.1291,81338.5875,451508.6452,10006.6112,119293.743,-11091.6365,568,985,0,0,0.007219935481871016,99.2780064518129
1825,CA-2019-167507,,,Standard Class,SA-20830,Sue Ann Reed,Consumer,United States,Redmond,Oregon,West,OFF-BI-10003694,Office Supplies,Binders,"Avery 3 1/2"" Diskette Storage Pages, 10/Pack",31.32,10,-25.056,No,COD,,,,,,,,3.132,-2.5056000000000003,-80.0,6,2051.45,160.7448,4,238.816,-40.2984,19,-16.874246281656173,522441.052,67859.9582,10530.43,-942.9719,597.473,-175.60320000000002,753002.1291,81338.5875,643707.687,74797.2461,174978.38999999998,17885.3759,1773,1717,0,0,0.0036658237660472407,99.63341762339527
7292,CA-2019-153661,,,First Class,SC-20725,Steven Cartwright,Consumer,United States,San Francisco,California,West,OFF-LA-10004689,Office Supplies,Labels,Avery 512,26.01,9,12.2247,No,Online,,,,,,,,2.89,1.3583,47.0,5,2654.984,757.1818,4,255.938,28.5821,27,11.167587462588596,522441.052,67859.9582,335190.256,49372.175,80891.422,10475.5284,753002.1291,81338.5875,643707.687,74797.2461,19397.456,2937.2212,499,1562,0,0,0.007436638652825728,99.25633613471743
7305,US-2020-117450,2020-04-09,2020-08-09,Standard Class,DO-13645,Doug O'Connell,Consumer,United States,Boynton Beach,Florida,South,OFF-PA-10000289,Office Supplies,Paper,Xerox 213,133.368,2,3.6288,No,COD,2020.0,2.0,4.0,April,9.0,Thursday,122.0,66.684,1.8144,2.7208925679323377,6,1836.676,267.2436,3,869.728,25.4016,9,2.9206372567055445,252121.081,26551.7163,49914.999,-227.7464999999999,908.033,45.2183,753002.1291,81338.5875,643707.687,74797.2461,99453.612,21112.3779,1773,1717,0,0,0.0016079886701332706,99.83920113298667
1714,US-2020-124968,2020-08-09,,Second Class,MM-18055,Michelle Moray,Consumer,United States,Chicago,Illinois,Central,FUR-TA-10004289,Furniture,Tables,BoxOffice By Design Rectangular and Half-Moon Meeting Room Tables,780.625,7,-566.5625,No,COD,2020.0,3.0,8.0,August,9.0,Sunday,,111.51785714285714,-80.9375,-72.57806244995997,4,2279.757,-403.6647,2,1052.5,-986.5625,13,-93.73515439429929,341007.5242,27450.0071,64224.33,-9554.6539,39993.161,-6497.3566,753002.1291,81338.5875,451508.6452,10006.6112,119293.743,-11091.6365,568,1717,0,0,0.00188462473459137,99.81153752654086
7618,CA-2019-144309,2019-10-12,,Standard Class,CM-12235,Chris McAfee,Consumer,United States,Watertown,New York,East,OFF-BI-10003656,Office Supplies,Binders,Fellowes PB200 Plastic Comb Binding Machine,679.96,5,220.987,No,Cards,2019.0,4.0,10.0,October,12.0,Saturday,,135.99200000000002,44.1974,32.49999999999999,5,2305.712,365.0387,5,2423.86,911.1464,16,37.590718935912136,450234.666,53400.4243,186748.097,41012.0212,2474.99,686.7207999999999,753002.1291,81338.5875,643707.687,74797.2461,174978.38999999998,17885.3759,1773,985,0,0,0.00037953992103451886,99.96204600789655
6543,US-2020-107888,,,First Class,CC-12220,Chris Cortes,Consumer,United States,Seattle,Washington,West,TEC-PH-10003171,Technology,Phones,Plantronics Encore H101 Dual Earpieces Headset,133.88,3,10.788,Yes,COD,,,,,,,,44.626666666666665,3.596,8.057962354347177,8,4100.032,360.541,6,891.22,151.032,17,16.946657390992122,522441.052,67859.9582,92975.18,21466.6555,77924.542,18839.3111,753002.1291,81338.5875,470587.991,90458.2486,196563.546,22308.9179,499,1717,1,1,0.9963760939556503,99.63760939556504
1634,CA-2019-106530,2019-08-05,2019-08-05,Same Day,CL-12565,Clay Ludtke,Consumer,United States,Cleveland,Ohio,East,OFF-ST-10000649,Office Supplies,Storage,Hanging Personal Folder File,25.12,2,1.57,No,Cards,2019.0,3.0,8.0,August,5.0,Monday,0.0,12.56,0.785,6.25,7,5750.898,1243.3999,4,298.4,35.325,13,11.83813672922252,450234.666,53400.4243,68194.86,-9339.4223,5778.905,-493.2176,753002.1291,81338.5875,643707.687,74797.2461,150341.318,13607.0875,163,985,0,0,0.0001631190951998094,99.98368809048002
2553,CA-2020-101042,,,Standard Class,AB-10105,Adrian Barton,Consumer,United States,Henderson,Kentucky,South,OFF-BI-10000088,Office Supplies,Binders,GBC Imprintable Covers,122.96,2,10.7604,No,COD,,,,,,,,61.48,5.3802,8.75113858165257,8,6276.909,5088.944799999999,4,391.564,28.7676,18,7.346844960210847,252121.081,26551.7163,24352.73,5968.384,11188.968,2912.5989,753002.1291,81338.5875,643707.687,74797.2461,174978.38999999998,17885.3759,1773,1717,0,0,0.0033616135061868336,99.66383864938132
1635,CA-2019-106530,2019-08-05,2019-08-05,Same Day,CL-12565,Clay Ludtke,Consumer,United States,Cleveland,Ohio,East,TEC-AC-10001465,Technology,Accessories,SanDisk Cruzer 64 GB USB Flash Drive,58.112,2,7.264,No,Online,2019.0,3.0,8.0,August,5.0,Monday,0.0,29.056,3.632,12.5,7,5750.898,1243.3999,7,1213.752,301.456,29,24.836704697499982,450234.666,53400.4243,68194.86,-9339.4223,5778.905,-493.2176,753002.1291,81338.5875,470587.991,90458.2486,122301.086,25336.6455,163,1562,0,0,0.00015994899275503614,99.98400510072449
9444,CA-2020-165904,2020-07-04,2020-11-04,Standard Class,HR-14770,Hallie Redmond,Home Office,United States,Jacksonville,Florida,South,TEC-PH-10000576,Technology,Phones,AT&T 1080 Corded phone,247.184,2,19.1786,No,Online,2020.0,3.0,7.0,July,4.0,Saturday,123.0,123.592,9.5893,7.758835523334843,3,1833.948,135.8576,3,1330.562,20.5485,5,1.5443474261252013,252121.081,26551.7163,49914.999,-227.7464999999999,15390.086,-578.7137,303059.0679,36117.7193,470587.991,90458.2486,196563.546,22308.9179,1773,1562,0,0,0.0011220129965663832,99.88779870034337
3960,CA-2019-156573,,2019-02-06,Standard Class,RB-19360,Raymond Buch,Consumer,United States,Nashville,Tennessee,South,FUR-FU-10001085,Furniture,Furnishings,3M Polarizing Light Filter Sleeves,44.76,3,14.547,No,Online,,,,,,,,14.92,4.849,32.5,6,5041.339,6976.0959,3,193.96,83.179,11,42.88461538461538,252121.081,26551.7163,26288.317,-3467.5906,4901.979,64.88539999999999,753002.1291,81338.5875,451508.6452,10006.6112,92691.218,8034.4328,1773,1562,0,0,0.007561602373627803,99.24383976263722
8308,CA-2019-128671,2019-11-08,,Standard Class,MT-18070,Michelle Tran,Home Office,United States,Tulsa,Oklahoma,Central,OFF-BI-10003007,Office Supplies,Binders,"Premium Transparent Presentation Covers, No Pattern/Clear, 8 1/2"" x 11""",77.56,2,35.6776,No,Online,2019.0,4.0,11.0,November,8.0,Friday,,38.78,17.8388,46.0,2,1117.5449999999998,72.5377,5,653.872,20.165599999999984,22,3.0840286783957693,341007.5242,27450.0071,17653.7,3431.8469,4595.06,1029.6495,303059.0679,36117.7193,643707.687,74797.2461,174978.38999999998,17885.3759,1773,1562,0,0,0.00026791454761717877,99.97320854523828
9612,CA-2020-144365,,,Standard Class,CS-11950,Carlos Soltero,Consumer,United States,Jackson,Mississippi,South,OFF-FA-10000735,Office Supplies,Fasteners,Staples,137.68,4,5.256,No,COD,,,,,,,,34.42,1.314,3.817547937245787,8,2180.364,-54.8173,3,169.8,19.71,15,11.607773851590103,252121.081,26551.7163,8924.02,2504.2418,22696.316,6388.0094,753002.1291,81338.5875,643707.687,74797.2461,15205.238,598.4175,1773,1717,0,0,0.0013739550807544234,99.86260449192456
4247,CA-2020-117702,,2020-04-12,Standard Class,LS-16975,Lindsay Shagiari,Home Office,United States,Baltimore,Maryland,East,FUR-FU-10000576,Furniture,Furnishings,Luxo Professional Fluorescent Magnifier Lamp with Clamp-Mount Base,1081.2,5,272.792,No,COD,,,,,,,,216.24,54.55839999999999,25.23048464668886,5,2705.848,232.9972,4,2672.312,264.3983999999999,21,9.893994413825927,450234.666,53400.4243,16090.103,3860.6173,5587.782,1118.9513,303059.0679,36117.7193,451508.6452,10006.6112,92691.218,8034.4328,1773,1717,0,0,0.002112271282683024,99.7887728717317
1943,CA-2020-144064,,2020-01-09,First Class,CP-12085,Cathy Prescott,Corporate,United States,Quincy,Illinois,Central,OFF-ST-10004507,Office Supplies,Storage,Advantus Rolling Storage Box,93.44,2,2.401,Yes,Online,,,,,,,,46.72,1.2005,2.569563356164384,5,5545.222000000001,262.1964,7,627.25,56.938,16,9.077401355121562,341007.5242,27450.0071,64224.33,-9554.6539,1667.635,320.894,509743.1262,57805.7991,643707.687,74797.2461,150341.318,13607.0875,499,1562,1,1,0.9958569538847765,99.58569538847765
9141,CA-2020-123029,,2020-02-10,Second Class,BT-11530,Bradley Talbott,Home Office,United States,Los Angeles,California,West,TEC-AC-10002402,Technology,Accessories,Razer Kraken PRO Over Ear PC and Music Headset,206.98,2,47.994,No,Online,,,,,,,,103.49,23.997,23.187747608464587,3,2701.252,342.7271,5,3065.88,231.971,13,7.56621263715475,522441.052,67859.9582,335190.256,49372.175,120017.4405,19174.9301,303059.0679,36117.7193,470587.991,90458.2486,122301.086,25336.6455,568,1562,0,0,0.008992881231325004,99.10071187686749
7258,CA-2019-152730,,2019-04-06,Standard Class,EM-14140,Eugene Moren,Home Office,United States,Superior,Wisconsin,Central,OFF-PA-10000994,Office Supplies,Paper,Xerox 1915,629.1,6,301.968,No,COD,,,,,,,,104.85,50.328,48.00000000000001,4,4163.8,1045.7404,7,2473.79,1044.306,22,42.21482017471168,341007.5242,27450.0071,21490.09,5252.5593,1282.61,509.1174,303059.0679,36117.7193,643707.687,74797.2461,99453.612,21112.3779,1773,1717,0,0,0.002470660685075609,99.75293393149244
4724,CA-2019-159653,,,Same Day,JF-15490,Jeremy Farry,Consumer,United States,Athens,Georgia,South,OFF-LA-10004345,Office Supplies,Labels,Avery 493,14.73,3,7.2177,No,Online,,,,,,,,4.91,2.4059,49.0,6,706.162,50.081900000000005,4,130.974,23.4207,13,17.881946035090934,252121.081,26551.7163,37260.69,9994.4165,571.36,132.6999,753002.1291,81338.5875,643707.687,74797.2461,19397.456,2937.2212,163,1562,0,0,0.001352328019926034,99.8647671980074
1510,CA-2020-103611,2020-12-09,,First Class,JM-15535,Jessica Myrick,Consumer,United States,Los Angeles,California,West,FUR-FU-10004270,Furniture,Furnishings,"Eldon Image Series Desk Accessories, Burgundy",115.36,2,3.0096,No,Online,2020.0,4.0,12.0,December,9.0,Wednesday,,57.68,1.5048,2.608876560332871,4,1300.819,250.6824,9,654.258,59.3017,29,9.06396253465758,522441.052,67859.9582,335190.256,49372.175,120017.4405,19174.9301,753002.1291,81338.5875,451508.6452,10006.6112,92691.218,8034.4328,499,1562,0,0,0.006087006811333307,99.39129931886667
9756,CA-2020-113705,,,Second Class,LC-16870,Lena Cacioppo,Consumer,United States,Richmond,Virginia,South,OFF-ST-10001128,Office Supplies,Storage,"Carina Mini System Audio Rack, Model AR050B",362.94,3,9.9882,No,Online,,,,,,,,120.98,3.3294,2.752025128120351,6,3158.722,-295.8852,3,1171.8,33.294000000000004,10,2.841269841269842,252121.081,26551.7163,32721.25,9657.4876,15487.14,4080.2061,753002.1291,81338.5875,643707.687,74797.2461,150341.318,13607.0875,568,1562,0,0,0.0015572041532357216,99.84427958467643
7820,CA-2020-150469,,,Standard Class,CJ-12010,Caroline Jumper,Consumer,United States,San Francisco,California,West,OFF-FA-10000611,Office Supplies,Fasteners,Binder Clips by OIC,96.84,8,5.6832,No,Online,,,,,,,,12.105,0.7104,5.8686493184634445,8,11596.974,858.7414,4,1352.72,9.176,15,0.6783369803063457,522441.052,67859.9582,335190.256,49372.175,80891.422,10475.5284,753002.1291,81338.5875,643707.687,74797.2461,15205.238,598.4175,1773,1562,0,0,0.006598420303316953,99.34015796966831
8442,CA-2020-145779,2020-06-05,2020-10-05,Standard Class,DB-13615,Doug Bickford,Consumer,United States,Tucson,Arizona,West,OFF-PA-10002254,Office Supplies,Paper,Xerox 1883,122.416,4,27.4352,No,COD,2020.0,2.0,6.0,June,5.0,Friday,122.0,30.604,6.8588,22.41144948372761,5,1327.77,83.2205,4,1460.456,124.5136,12,8.525665956386225,522441.052,67859.9582,22914.556,-2761.11,2897.88,-413.366,753002.1291,81338.5875,643707.687,74797.2461,99453.612,21112.3779,1773,1717,0,0,0.0022178002600167146,99.77821997399833
6864,CA-2020-138618,2020-01-12,2020-08-12,Standard Class,MY-17380,Maribeth Yedwab,Corporate,United States,San Antonio,Texas,Central,OFF-PA-10000520,Office Supplies,Paper,Xerox 201,118.368,2,3.6288,No,Online,2020.0,1.0,1.0,January,12.0,Sunday,213.0,59.184,1.8144,3.065693430656934,6,2617.525,316.4715,4,353.24,33.696,15,9.539123542067715,341007.5242,27450.0071,116261.9302,-14078.1598,6085.871,-23.198200000000003,509743.1262,57805.7991,643707.687,74797.2461,99453.612,21112.3779,1773,1562,0,0,0.0036497567758005077,99.63502432241995
901,CA-2020-150959,2020-11-11,,First Class,TD-20995,Tamara Dahlen,Consumer,United States,Garland,Texas,Central,OFF-LA-10001045,Office Supplies,Labels,Permanent Self-Adhesive File Folder Labels for Typewriters by Universal,92.44,5,3.393,No,Online,2020.0,4.0,11.0,November,11.0,Wednesday,,18.488,0.6786,3.670488965815664,7,2228.5,83.8537,4,323.54,15.399,15,4.7595351424862455,341007.5242,27450.0071,116261.9302,-14078.1598,306.16,-24.897,753002.1291,81338.5875,643707.687,74797.2461,19397.456,2937.2212,499,1562,0,0,0.002032810625172618,99.79671893748274
4926,CA-2020-126438,2020-10-09,,First Class,AR-10345,Alex Russell,Corporate,United States,Lawrence,Massachusetts,East,OFF-AR-10003338,Office Supplies,Art,"Eberhard Faber 3 1/2"" Golf Pencils",145.88,2,3.72,No,COD,2020.0,4.0,10.0,October,9.0,Friday,,72.94,1.86,2.55004112969564,2,299.08,23.955,6,572.992,24.552,18,4.284876577683458,450234.666,53400.4243,14302.34,2768.8647,4480.892,1279.5877,509743.1262,57805.7991,643707.687,74797.2461,50762.976,3635.9257,499,1717,0,0,0.0022710981646911943,99.77289018353088
6213,CA-2020-149944,2020-12-11,,Second Class,MB-17305,Maria Bertelson,Consumer,United States,Longview,Washington,West,OFF-FA-10003495,Office Supplies,Fasteners,Staples,146.24,3,9.12,No,Online,2020.0,4.0,12.0,December,11.0,Friday,,48.74666666666667,3.04,6.2363238512035,5,1450.1419999999998,148.5929,5,496.648,67.488,29,13.58869863565342,522441.052,67859.9582,92975.18,21466.6555,297.21000000000004,38.8983,753002.1291,81338.5875,643707.687,74797.2461,15205.238,598.4175,568,1562,0,0,0.002864688897168116,99.7135311102832
6517,US-2020-116652,,,Standard Class,RD-19480,Rick Duston,Consumer,United States,San Francisco,California,West,FUR-FU-10001488,Furniture,Furnishings,"Tenex 46"" x 60"" Computer Anti-Static Chairmat, Rectangular Shaped",549.9,5,105.98,No,Online,,,,,,,,109.98,21.196,19.27259501727587,5,2915.906,345.6612,6,2131.62,148.372,22,6.960527673788013,522441.052,67859.9582,335190.256,49372.175,80891.422,10475.5284,753002.1291,81338.5875,451508.6452,10006.6112,92691.218,8034.4328,1773,1562,0,0,0.005541736945720916,99.44582630542791
8458,US-2020-118556,,2020-02-06,Second Class,TH-21235,Tiffany House,Corporate,United States,Chicago,Illinois,Central,OFF-BI-10004364,Office Supplies,Binders,Storex Dura Pro Binders,94.564,3,-6.237,No,COD,,,,,,,,31.52133333333333,-2.079,-6.595533183875471,6,1358.425,95.6588,9,598.1899999999999,-11.286,28,-1.886691519416908,341007.5242,27450.0071,64224.33,-9554.6539,39993.161,-6497.3566,509743.1262,57805.7991,643707.687,74797.2461,174978.38999999998,17885.3759,568,1717,0,0,0.0018967430181819848,99.8103256981818
6086,US-2019-132577,,,Standard Class,JE-15475,Jeremy Ellison,Consumer,United States,Houston,Texas,Central,OFF-LA-10000262,Office Supplies,Labels,Avery 494,2.088,1,0.6786,No,Online,,,,,,,,2.088,0.6786,32.49999999999999,4,1296.932,218.9983,4,132.446,8.352,10,6.305966205094907,341007.5242,27450.0071,116261.9302,-14078.1598,45159.5078,-7197.716,753002.1291,81338.5875,643707.687,74797.2461,19397.456,2937.2212,1773,1562,0,0,0.001682433620359224,99.83175663796408
8822,CA-2020-100622,2020-03-11,2020-07-11,Standard Class,DK-13090,Dave Kipp,Consumer,United States,Orlando,Florida,South,OFF-BI-10002982,Office Supplies,Binders,Avery Self-Adhesive Photo Pockets for Polaroid Photos,119.086,2,-2.9964,No,Cards,2020.0,1.0,3.0,March,11.0,Wednesday,122.0,59.543,-1.4982,-2.5161647884721963,5,3246.187,362.6854,5,331.297,26.0142,19,7.852229268601889,252121.081,26551.7163,49914.999,-227.7464999999999,2222.27,371.2573,753002.1291,81338.5875,643707.687,74797.2461,174978.38999999998,17885.3759,1773,985,0,0,0.002049031806073546,99.79509681939265
6637,CA-2020-144498,2020-06-05,2020-06-05,Same Day,MB-18085,Mick Brown,Consumer,United States,Charlotte,North Carolina,South,OFF-LA-10003510,Office Supplies,Labels,"Avery 4027 File Folder Labels for Dot Matrix Printers, 5000 Labels per Box, White",155.12,5,39.689,No,Online,2020.0,2.0,6.0,June,5.0,Friday,0.0,31.024,7.9378,25.58599793708097,6,1736.6950000000002,112.92170000000002,6,793.388,252.1778,21,31.78492742516902,252121.081,26551.7163,39705.125,-4827.692300000001,11168.802,322.6946,753002.1291,81338.5875,643707.687,74797.2461,19397.456,2937.2212,163,1562,0,0,0.0006582348511030988,99.9341765148897
7707,CA-2019-114601,,2019-02-09,Standard Class,AA-10480,Andrew Allen,Consumer,United States,Detroit,Michigan,Central,OFF-AR-10002578,Office Supplies,Art,Newell 335,8.64,3,2.5056,No,COD,,,,,,,,2.8800000000000003,0.8351999999999999,29.0,3,1862.052,425.9418,2,302.4,4.176,5,1.3809523809523812,341007.5242,27450.0071,48504.684,17480.280600000002,26631.206,10803.1896,753002.1291,81338.5875,643707.687,74797.2461,50762.976,3635.9257,1773,1717,0,0,0.002079577818400982,99.7920422181599
9187,CA-2020-156776,2020-07-08,2020-11-08,Standard Class,JL-15505,Jeremy Lonsdale,Consumer,United States,Westminster,California,West,OFF-AP-10002534,Office Supplies,Appliances,3.6 Cubic Foot Counter Height Office Refrigerator,1489.1,5,412.468,No,COD,2020.0,3.0,7.0,July,8.0,Wednesday,123.0,297.82,82.4936,27.69914713585388,4,3751.354,550.4399,4,2860.428,-412.468,15,-14.419800113829115,522441.052,67859.9582,335190.256,49372.175,4865.646,763.6886,753002.1291,81338.5875,643707.687,74797.2461,80305.247,13166.6098,1773,1717,0,0,0.00843491926258351,99.15650807374165
3736,CA-2020-168193,2020-06-03,2020-11-03,Second Class,RM-19750,Roland Murray,Consumer,United States,New York City,New York,East,FUR-FU-10002554,Furniture,Furnishings,"Westinghouse Floor Lamp with Metal Mesh Shade, Black",153.97,3,16.5531,Yes,Online,2020.0,2.0,6.0,June,3.0,Wednesday,153.0,51.32333333333333,5.5177000000000005,10.750860557251412,1,286.35,28.6879,2,278.96,22.0708,4,7.9118153140235155,450234.666,53400.4243,186748.097,41012.0212,154919.699,34760.2974,753002.1291,81338.5875,451508.6452,10006.6112,92691.218,8034.4328,568,1562,1,1,0.9958868912932881,99.58868912932881
5065,CA-2020-122196,,,First Class,CA-12265,Christina Anderson,Consumer,United States,Wilmington,Delaware,East,TEC-PH-10004977,Technology,Phones,GE 30524EE4,429.98,2,113.6742,No,COD,,,,,,,,214.99,56.8371,26.437090097213822,6,2215.4872,144.27179999999998,6,2465.394,697.7244,24,28.30072596915544,450234.666,53400.4243,12515.703,7029.9107,2849.423,658.4048999999999,753002.1291,81338.5875,470587.991,90458.2486,196563.546,22308.9179,499,1717,0,0,0.002958295273289392,99.70417047267107
5636,CA-2020-123022,2020-03-09,2020-08-09,Standard Class,SC-20050,Sample Company A,Home Office,United States,La Mesa,California,West,OFF-BI-10002225,Office Supplies,Binders,"Square Ring Data Binders, Rigid 75 Pt. Covers, 11"" x 14-7/8""",113.56,5,28.896,No,Cards,2020.0,1.0,3.0,March,9.0,Monday,153.0,22.712,5.7792,25.44557942937654,7,1763.2140000000002,238.1085,5,360.936,94.944,15,26.30494048806436,522441.052,67859.9582,335190.256,49372.175,427.53,114.387,303059.0679,36117.7193,643707.687,74797.2461,174978.38999999998,17885.3759,1773,985,0,0,0.0063956094883382214,99.36043905116618
260,CA-2020-163139,2020-01-12,2020-03-12,Second Class,CC-12670,Craig Carreira,Consumer,United States,New York City,New York,East,OFF-ST-10002790,Office Supplies,Storage,Safco Industrial Shelving,238.55,3,6.6465,No,Online,2020.0,1.0,1.0,January,12.0,Sunday,60.0,79.51666666666667,2.2155,2.786208342066653,5,2000.8735,168.0063,4,987.96,-79.01950000000001,11,-7.998248916960201,450234.666,53400.4243,186748.097,41012.0212,154919.699,34760.2974,753002.1291,81338.5875,643707.687,74797.2461,150341.318,13607.0875,568,1562,0,0,0.002882454383482375,99.71175456165177
8792,CA-2020-162075,,,Standard Class,TT-21220,Thomas Thornton,Consumer,United States,Houston,Texas,Central,TEC-PH-10001557,Technology,Phones,Pyle PMP37LED,556.544,7,47.0351,No,Online,,,,,,,,79.50628571428571,6.7193,8.4512814799908,4,980.07,207.8498,6,1996.008,371.4813,21,18.6112129811103,341007.5242,27450.0071,116261.9302,-14078.1598,45159.5078,-7197.716,753002.1291,81338.5875,470587.991,90458.2486,196563.546,22308.9179,1773,1562,0,0,0.0017976526123813733,99.82023473876185
2035,CA-2020-162481,,,Standard Class,CT-11995,Carol Triggs,Consumer,United States,Rochester,Minnesota,Central,OFF-BI-10002976,Office Supplies,Binders,ACCOHIDE Binder by Acco,109.26,2,3.8822,No,COD,,,,,,,,54.63,1.9411,3.553175910671792,5,1592.7040000000002,-144.1947,3,246.734,13.7116,16,5.557239780492353,341007.5242,27450.0071,10808.63,2864.3483,9771.5,729.8267,753002.1291,81338.5875,643707.687,74797.2461,174978.38999999998,17885.3759,1773,1717,0,0,0.0015043117005716243,99.84956882994284
5863,CA-2019-101525,2019-01-05,2019-04-05,Second Class,CM-12235,Chris McAfee,Consumer,United States,Little Rock,Arkansas,South,OFF-PA-10003936,Office Supplies,Paper,Xerox 1994,19.44,3,9.3312,No,Online,2019.0,1.0,1.0,January,5.0,Saturday,90.0,6.48,3.1104000000000003,48.00000000000001,5,2305.712,365.0387,2,34.992000000000004,14.7744,6,42.22222222222221,252121.081,26551.7163,9652.83,1873.9949,4745.43,728.5249,753002.1291,81338.5875,643707.687,74797.2461,99453.612,21112.3779,568,1562,0,0,0.00017463327411493848,99.98253667258851
8432,CA-2020-155621,2020-08-11,,Standard Class,KN-16450,Kean Nguyen,Corporate,United States,Baltimore,Maryland,East,FUR-FU-10003535,Furniture,Furnishings,Howard Miller Distant Time Traveler Alarm Clock,291.2,10,112.422,No,Online,2020.0,3.0,8.0,August,11.0,Tuesday,,29.12,11.2422,38.60645604395605,1,291.2,112.422,5,749.012,202.6338,19,27.05347844894341,450234.666,53400.4243,16090.103,3860.6173,5587.782,1118.9513,509743.1262,57805.7991,451508.6452,10006.6112,92691.218,8034.4328,1773,1562,0,0,0.002291339853529965,99.77086601464701
1996,US-2020-147221,2020-02-12,2020-04-12,Second Class,JS-16030,Joy Smith,Consumer,United States,Houston,Texas,Central,OFF-AP-10002534,Office Supplies,Appliances,3.6 Cubic Foot Counter Height Office Refrigerator,334.62,5,-766.012,No,COD,2020.0,1.0,2.0,February,12.0,Wednesday,60.0,66.924,-153.20239999999998,-228.91996891996888,5,3197.038,-314.6623,4,2860.428,-412.468,15,-14.419800113829115,341007.5242,27450.0071,116261.9302,-14078.1598,45159.5078,-7197.716,753002.1291,81338.5875,643707.687,74797.2461,80305.247,13166.6098,568,1717,0,0,0.0028251956940335107,99.71748043059665
7696,CA-2020-107958,2020-02-07,2020-05-07,First Class,AH-10120,Adrian Hane,Home Office,United States,Houston,Texas,Central,OFF-PA-10000357,Office Supplies,Paper,"White Dual Perf Computer Printout Paper, 2700 Sheets, 1 Part, Heavyweight, 20 lbs., 14 7/8 x 11",207.96,5,59.4355,No,COD,2020.0,1.0,2.0,February,7.0,Friday,90.0,41.592,11.8871,28.58025581842661,6,1843.378,23.599,9,1855.898,754.3015,37,40.643478251498735,341007.5242,27450.0071,116261.9302,-14078.1598,45159.5078,-7197.716,303059.0679,36117.7193,643707.687,74797.2461,99453.612,21112.3779,499,1717,0,0,0.0014076245427157956,99.85923754572842
1500,CA-2020-130386,2020-12-11,,Standard Class,NG-18430,Nathan Gelder,Consumer,United States,Austin,Texas,Central,OFF-PA-10002749,Office Supplies,Paper,"Wirebound Message Books, 5-1/2 x 4 Forms, 2 or 4 Forms per Page",113.056,3,5.8203,No,Online,2020.0,4.0,12.0,December,11.0,Friday,,37.68533333333333,1.9401,5.148156665723181,1,924.16,28.2711,2,224.112,11.6406,6,5.194099378881988,341007.5242,27450.0071,116261.9302,-14078.1598,6177.338,-366.73759999999993,753002.1291,81338.5875,643707.687,74797.2461,99453.612,21112.3779,1773,1562,0,0,0.0015701362261265315,99.84298637738735
4101,US-2020-102288,,,Standard Class,ZC-21910,Zuschuss Carroll,Consumer,United States,Houston,Texas,Central,OFF-AP-10004655,Office Supplies,Appliances,"Holmes Visible Mist Ultrasonic Humidifier with 2.3-Gallon Output per Day, Replacement Filter",78.264,1,-5.2072,No,Online,,,,,,,,78.264,-5.2072,-6.653378309312073,7,4130.799,-1668.6747,1,78.264,-5.2072,1,-6.653378309312073,341007.5242,27450.0071,116261.9302,-14078.1598,45159.5078,-7197.716,753002.1291,81338.5875,643707.687,74797.2461,80305.247,13166.6098,1773,1562,0,0,0.0012068979128232976,99.87931020871767
3382,US-2020-162208,,,First Class,SP-20620,Stefania Perrino,Corporate,United States,Tampa,Florida,South,OFF-EN-10004030,Office Supplies,Envelopes,Convenience Packs of Business Envelopes,138.896,1,0.9774,No,COD,,,,,,,,138.896,0.9774,0.7036919709710864,5,5433.251,-337.2606,4,673.476,16.29,10,2.4187944336546514,252121.081,26551.7163,49914.999,-227.7464999999999,3139.9655,-518.029,509743.1262,57805.7991,643707.687,74797.2461,16542.464,3508.5073,499,1717,0,0,0.002617195972616223,99.73828040273838
97,CA-2020-161018,2020-09-11,2020-11-11,Second Class,PN-18775,Parhena Norris,Home Office,United States,New York City,New York,East,FUR-FU-10000629,Furniture,Furnishings,9-3/4 Diameter Round Wall Clock,134.53,7,40.5426,No,Online,2020.0,3.0,9.0,September,11.0,Friday,61.0,19.21857142857143,5.7918,30.13647513565748,7,2012.0,185.5758,5,535.8,115.836,20,21.61926091825308,450234.666,53400.4243,186748.097,41012.0212,154919.699,34760.2974,303059.0679,36117.7193,451508.6452,10006.6112,92691.218,8034.4328,568,1562,0,0,0.001621401731411898,99.8378598268588
5569,CA-2020-157966,,,Same Day,SU-20665,Stephanie Ulpright,Home Office,United States,Chicago,Illinois,Central,TEC-CO-10001449,Technology,Copiers,Hewlett Packard LaserJet 3310 Copier,1004.984,2,335.9944,No,Cards,,,,,,,,502.492,167.9972,33.43281087062082,6,2949.564,687.0718999999999,6,13837.732,6407.8932,31,46.30739488234055,341007.5242,27450.0071,64224.33,-9554.6539,39993.161,-6497.3566,303059.0679,36117.7193,470587.991,90458.2486,59735.798,42774.5828,163,985,0,0,0.0012818718012762517,99.87181281987237
5045,CA-2019-158694,2019-10-11,,Second Class,AI-10855,Arianne Irving,Consumer,United States,Los Angeles,California,West,OFF-PA-10001363,Office Supplies,Paper,Xerox 1933,61.4,5,28.858,No,Online,2019.0,4.0,10.0,October,11.0,Friday,,12.28,5.7716,47.0,5,2841.768,562.4548,2,217.08,63.4876,11,29.24617652478349,522441.052,67859.9582,335190.256,49372.175,120017.4405,19174.9301,753002.1291,81338.5875,643707.687,74797.2461,99453.612,21112.3779,568,1562,0,0,0.0007400289424307579,99.92599710575692
8786,CA-2020-145765,,2020-02-06,Standard Class,CM-11815,Candace McMahon,Corporate,United States,Phoenix,Arizona,West,TEC-PH-10001305,Technology,Phones,Panasonic KX TS208W Corded phone,219.96,5,19.596,No,Cards,,,,,,,,43.992,3.9192,8.908892525913801,4,1963.584,189.237,5,1215.962,143.0508,29,11.76441369055941,522441.052,67859.9582,22914.556,-2761.11,7488.776,-2054.446,509743.1262,57805.7991,470587.991,90458.2486,196563.546,22308.9179,1773,985,0,0,0.003182854260658838,99.68171457393412
8444,US-2019-155173,2019-06-03,2019-10-03,Standard Class,JB-16045,Julia Barnett,Home Office,United States,Philadelphia,Pennsylvania,East,OFF-BI-10002982,Office Supplies,Binders,Avery Self-Adhesive Photo Pockets for Polaroid Photos,2.043,1,-1.4982,No,COD,2019.0,2.0,6.0,June,3.0,Monday,122.0,2.043,-1.4982,-73.33333333333333,4,2281.235,94.9777,5,331.297,26.0142,19,7.852229268601889,450234.666,53400.4243,82354.95,-9297.7975,77305.44,-8065.9684,303059.0679,36117.7193,643707.687,74797.2461,174978.38999999998,17885.3759,1773,1717,0,0,0.0002701934654398694,99.972980653456
4221,CA-2020-134565,2020-11-06,,Second Class,TB-21400,Tom Boeckenhauer,Consumer,United States,Seattle,Washington,West,OFF-BI-10001759,Office Supplies,Binders,"Acco Pressboard Covers with Storage Hooks, 14 7/8"" x 11"", Dark Blue",147.288,6,6.6294,No,COD,2020.0,4.0,11.0,November,6.0,Friday,,24.548,1.1049,4.500977676389115,3,1379.48,230.7248,4,1110.721,10.9728,22,0.9878988512866868,522441.052,67859.9582,92975.18,21466.6555,77924.542,18839.3111,753002.1291,81338.5875,643707.687,74797.2461,174978.38999999998,17885.3759,568,1717,0,0,0.0028712490829983714,99.71287509170016
2949,CA-2020-169859,,,Standard Class,MP-18175,Mike Pelletier,Home Office,United States,San Diego,California,West,OFF-EN-10000461,Office Supplies,Envelopes,"#10- 4 1/8"" x 9 1/2"" Recycled Envelopes",502.7,5,20.539,Yes,COD,,,,,,,,100.54,4.1078,4.085737020091506,5,2544.608,-175.95870000000002,3,725.148,38.1938,11,5.267035143170774,522441.052,67859.9582,335190.256,49372.175,29269.55,3002.3181,303059.0679,36117.7193,643707.687,74797.2461,16542.464,3508.5073,1773,1717,1,1,0.9971733252620993,99.71733252620993
9128,CA-2020-112473,,2020-01-06,Standard Class,JL-15505,Jeremy Lonsdale,Consumer,United States,Houston,Texas,Central,OFF-ST-10002182,Office Supplies,Storage,"Iris 3-Drawer Stacking Bin, Black",113.136,3,-11.2806,No,Cards,,,,,,,,37.712,-3.7602,-9.970831565549428,4,3751.354,550.4399,2,213.696,-9.6094,7,-4.496761755016472,341007.5242,27450.0071,116261.9302,-14078.1598,45159.5078,-7197.716,753002.1291,81338.5875,643707.687,74797.2461,150341.318,13607.0875,1773,985,0,0,0.002148361121236672,99.78516388787634
7412,CA-2020-121125,,2020-03-06,Standard Class,MG-17890,Michael Granlund,Home Office,United States,Tigard,Oregon,West,TEC-PH-10001619,Technology,Phones,LG G3,180.792,1,17.6391,No,COD,,,,,,,,180.792,17.6391,9.756571087216248,7,1004.898,64.2084,2,701.168,70.5564,4,10.062695388266436,522441.052,67859.9582,10530.43,-942.9719,513.8140000000001,33.2079,303059.0679,36117.7193,470587.991,90458.2486,196563.546,22308.9179,1773,1717,0,0,0.0021425550194599436,99.785744498054
8871,CA-2020-101805,2020-01-12,2020-06-12,Standard Class,SH-19975,Sally Hughsby,Corporate,United States,Seattle,Washington,West,FUR-FU-10000023,Furniture,Furnishings,Eldon Wave Desk Accessories,106.68,12,31.0992,Yes,Online,2020.0,1.0,1.0,January,12.0,Sunday,152.0,8.89,2.5916,29.151856017997744,11,3381.4915,447.9062,6,608.684,81.0464,39,13.31502060182295,522441.052,67859.9582,92975.18,21466.6555,77924.542,18839.3111,509743.1262,57805.7991,451508.6452,10006.6112,92691.218,8034.4328,1773,1562,1,1,0.9974999247169106,99.74999247169106
6862,CA-2020-128965,,,Standard Class,PS-18760,Pamela Stobb,Consumer,United States,Los Angeles,California,West,OFF-LA-10003190,Office Supplies,Labels,Avery 474,159.04,8,11.2896,Yes,Cards,,,,,,,,19.88,1.4112,7.098591549295776,4,2411.779,-33.2266,4,412.016,17.4528,14,4.235952001864005,522441.052,67859.9582,335190.256,49372.175,120017.4405,19174.9301,753002.1291,81338.5875,643707.687,74797.2461,19397.456,2937.2212,1773,985,1,1,0.9981065528720907,99.81065528720907
1352,CA-2019-162901,,,First Class,AS-10045,Aaron Smayling,Corporate,United States,Arlington,Virginia,South,OFF-ST-10000649,Office Supplies,Storage,Hanging Personal Folder File,31.4,2,7.85,No,COD,,,,,,,,15.7,3.925,25.0,6,3368.9120000000003,-285.80679999999995,4,298.4,35.325,13,11.83813672922252,252121.081,26551.7163,32721.25,9657.4876,10043.024,3349.7609,509743.1262,57805.7991,643707.687,74797.2461,150341.318,13607.0875,499,1717,0,0,0.0015262420415916268,99.84737579584085
4298,CA-2020-129021,,,Second Class,PO-18850,Patrick O'Brill,Consumer,United States,Tallahassee,Florida,South,TEC-PH-10001459,Technology,Phones,Samsung Galaxy Mega 6.3,4395.896,13,327.5922,No,Online,,,,,,,,338.1458461538461,25.1994,7.4522281691832575,7,7453.976999999999,-25.15400000000004,5,12370.708,1696.7596,34,13.715945764785651,252121.081,26551.7163,49914.999,-227.7464999999999,7952.443,398.744,753002.1291,81338.5875,470587.991,90458.2486,196563.546,22308.9179,568,1562,0,0,0.0010336306587492685,99.89663693412507
5894,CA-2020-159954,2020-10-09,,Standard Class,SS-20410,Shahid Shariari,Consumer,United States,Atlanta,Georgia,South,OFF-BI-10004876,Office Supplies,Binders,Wilson Jones Suede Grain Vinyl Binders,73.78,1,1.3622,Yes,COD,2020.0,4.0,10.0,October,9.0,Friday,,73.78,1.3622,1.8462998102466792,2,415.66,58.913,1,73.78,1.3622,1,1.8462998102466792,252121.081,26551.7163,37260.69,9994.4165,9930.34,3283.7360000000003,753002.1291,81338.5875,643707.687,74797.2461,174978.38999999998,17885.3759,1773,1717,1,1,0.987621992579942,98.7621992579942
4460,US-2020-125717,,2020-01-10,First Class,DS-13030,Darrin Sayre,Home Office,United States,Aurora,Colorado,West,FUR-FU-10001979,Furniture,Furnishings,Dana Halogen Swing-Arm Architect Lamp,154.776,1,3.2776,No,COD,,,,,,,,154.776,3.2776,2.1176409779293945,3,2416.116,163.85809999999998,2,253.104,13.1104,4,5.179847019407042,522441.052,67859.9582,29249.064,-5825.5857,11007.588,-1444.862,303059.0679,36117.7193,451508.6452,10006.6112,92691.218,8034.4328,499,1717,0,0,0.0037891569031678826,99.62108430968321
8144,CA-2019-100993,2019-05-02,2019-10-02,Standard Class,AZ-10750,Annie Zypern,Consumer,United States,San Diego,California,West,FUR-TA-10001095,Furniture,Tables,Chromcraft Round Conference Tables,557.728,4,6.9716,No,COD,2019.0,2.0,5.0,May,2.0,Thursday,153.0,139.432,1.7429,1.25,2,1087.502,47.7535,12,8080.053,-158.60389999999998,59,-1.9629066789537144,522441.052,67859.9582,335190.256,49372.175,29269.55,3002.3181,753002.1291,81338.5875,451508.6452,10006.6112,119293.743,-11091.6365,1773,1717,0,0,0.0012998976081341448,99.87001023918658
6774,CA-2019-119018,2019-04-11,2019-08-11,Standard Class,CW-11905,Carl Weiss,Home Office,United States,Los Angeles,California,West,OFF-BI-10000494,Office Supplies,Binders,Acco Economy Flexible Poly Round Ring Binder,4.176,1,1.305,No,Online,2019.0,2.0,4.0,April,11.0,Thursday,122.0,4.176,1.305,31.25,3,987.028,332.56280000000004,2,312.308,-1.305,3,-0.4178567311756343,522441.052,67859.9582,335190.256,49372.175,120017.4405,19174.9301,303059.0679,36117.7193,643707.687,74797.2461,174978.38999999998,17885.3759,1773,1562,0,0,0.0010090480539018726,99.89909519460981
7520,US-2020-167920,2020-09-12,2020-12-12,Second Class,JL-15835,John Lee,Consumer,United States,Richmond,Kentucky,South,OFF-LA-10004409,Office Supplies,Labels,Avery 492,106.76,2,2.6496,No,COD,2020.0,3.0,9.0,September,12.0,Saturday,91.0,53.38,1.3248,2.4818284001498685,7,8765.332,839.955,2,322.368,4.1472,4,1.2864800476474092,252121.081,26551.7163,24352.73,5968.384,15487.14,4080.2061,753002.1291,81338.5875,643707.687,74797.2461,19397.456,2937.2212,568,1717,0,0,0.001773613367230963,99.8226386632769
9611,CA-2019-130638,,,Second Class,SC-20095,Sanjit Chand,Consumer,United States,Los Angeles,California,West,OFF-LA-10002195,Office Supplies,Labels,Avery 481,27.72,9,13.3056,No,Online,,,,,,,,3.08,1.4784,48.00000000000001,3,1131.504,202.1466,4,239.608,32.7712,23,13.677005776100964,522441.052,67859.9582,335190.256,49372.175,120017.4405,19174.9301,753002.1291,81338.5875,643707.687,74797.2461,19397.456,2937.2212,568,1562,0,0,0.007746221773988111,99.22537782260119
6084,US-2019-132577,,,Standard Class,JE-15475,Jeremy Ellison,Consumer,United States,Houston,Texas,Central,OFF-AR-10003481,Office Supplies,Art,Newell 348,23.616,9,2.6568,No,Online,,,,,,,,2.624,0.2952,11.25,4,1296.932,218.9983,4,206.608,5.018400000000001,17,2.428947572214048,341007.5242,27450.0071,116261.9302,-14078.1598,45159.5078,-7197.716,753002.1291,81338.5875,643707.687,74797.2461,50762.976,3635.9257,1773,1562,0,0,0.001950694870075719,99.80493051299243
8771,CA-2019-151148,2019-12-09,,Same Day,PO-19180,Philisse Overcash,Home Office,United States,Louisville,Colorado,West,FUR-CH-10002304,Furniture,Chairs,"Global Stack Chair without Arms, Black",83.136,4,5.196,No,COD,2019.0,4.0,12.0,December,9.0,Monday,,20.784,1.299,6.25,6,2468.713,332.2028,4,583.364,1.2989999999999997,29,0.2226740079950081,522441.052,67859.9582,29249.064,-5825.5857,9927.42,-2338.8303,303059.0679,36117.7193,451508.6452,10006.6112,181945.998,13406.7032,163,1717,0,0,0.00043243789943787415,99.95675621005621
354,CA-2019-129714,2019-01-09,2019-03-09,First Class,AB-10060,Adam Bellavance,Home Office,United States,New York City,New York,East,OFF-BI-10004995,Office Supplies,Binders,GBC DocuBind P400 Electric Binding System,4355.168,4,1415.4296,No,Cards,2019.0,1.0,1.0,January,9.0,Wednesday,59.0,1088.792,353.8574,32.5,7,8167.08,2045.8747,4,12577.108,762.1543999999994,16,6.0598541413495015,450234.666,53400.4243,186748.097,41012.0212,154919.699,34760.2974,303059.0679,36117.7193,643707.687,74797.2461,174978.38999999998,17885.3759,499,985,0,0,0.0006521646043146266,99.93478353956854
1950,CA-2020-157987,2020-02-09,2020-06-09,Standard Class,AC-10615,Ann Chong,Corporate,United States,New York City,New York,East,OFF-AP-10000358,Office Supplies,Appliances,Fellowes Basic Home/Office Series Surge Protectors,110.98,1,3.7642,No,COD,2020.0,1.0,2.0,February,9.0,Sunday,121.0,110.98,3.7642,3.391782303117679,4,5079.926,331.1249,7,839.4000000000001,103.7102,31,12.355277579223252,450234.666,53400.4243,186748.097,41012.0212,154919.699,34760.2974,509743.1262,57805.7991,643707.687,74797.2461,80305.247,13166.6098,1773,1717,0,0,0.003497759334937858,99.65022406650621
3196,CA-2019-169026,2019-08-08,,Standard Class,CM-12655,Corinna Mitchell,Home Office,United States,Jackson,Mississippi,South,OFF-FA-10001883,Office Supplies,Fasteners,"Alliance Super-Size Bands, Assorted Sizes",23.34,3,0.2334,No,COD,2019.0,3.0,8.0,August,8.0,Thursday,,7.78,0.0778,1.0,4,4621.09,1455.8291,2,116.7,1.167,15,1.0,252121.081,26551.7163,8924.02,2504.2418,22696.316,6388.0094,303059.0679,36117.7193,643707.687,74797.2461,15205.238,598.4175,1773,1717,0,0,0.0002683732998284779,99.97316267001716
2683,CA-2020-127026,,,Standard Class,MH-18115,Mick Hernandez,Home Office,United States,Jackson,Michigan,Central,TEC-MA-10002981,Technology,Machines,I.R.I.S IRISCard Anywhere 5 Card Scanner,361.973,3,152.0883,No,Cards,,,,,,,,120.65766666666669,50.6961,42.01647636702185,9,7813.093,170.97460000000004,1,361.973,152.0883,3,42.01647636702185,341007.5242,27450.0071,48504.684,17480.280600000002,22696.316,6388.0094,303059.0679,36117.7193,470587.991,90458.2486,91987.561,38.10240000000037,1773,985,0,0,0.0011832517935580526,99.88167482064419
9548,CA-2019-131744,,,Second Class,SC-20770,Stewart Carmichael,Corporate,United States,Philadelphia,Pennsylvania,East,OFF-PA-10004610,Office Supplies,Paper,Xerox 1900,6.848,2,2.14,No,Cards,,,,,,,,3.424,1.07,31.25,6,4447.041,-818.908,4,168.92000000000002,24.61,15,14.569026758228745,450234.666,53400.4243,82354.95,-9297.7975,77305.44,-8065.9684,509743.1262,57805.7991,643707.687,74797.2461,99453.612,21112.3779,568,985,0,0,0.0013621319385508045,99.86378680614492
2072,US-2020-110996,,,Standard Class,KA-16525,Kelly Andreada,Consumer,United States,Ontario,California,West,FUR-CH-10003956,Furniture,Chairs,Novimex High-Tech Fabric Mesh Task Chair,326.92,5,-46.137,No,Cards,,,,,,,,65.384,-9.2274,-14.112626942371223,4,3368.936,107.939,2,469.48800000000006,-64.5918,7,-13.75792352520192,522441.052,67859.9582,335190.256,49372.175,326.92,-46.137,753002.1291,81338.5875,451508.6452,10006.6112,181945.998,13406.7032,1773,985,0,0,0.0066473204749529875,99.33526795250471
8125,US-2020-150070,2020-07-09,2020-12-09,Standard Class,JA-15970,Joseph Airdo,Consumer,United States,Modesto,California,West,FUR-CH-10004860,Furniture,Chairs,Global Low Back Tilter Chair,192.568,2,-28.2744,No,COD,2020.0,3.0,7.0,July,9.0,Thursday,153.0,96.284,-14.1372,-14.682813343857754,6,6262.709000000001,-916.3555,5,1353.348,-151.47,15,-11.192243236772804,522441.052,67859.9582,335190.256,49372.175,481.15,19.943,753002.1291,81338.5875,451508.6452,10006.6112,181945.998,13406.7032,1773,1717,0,0,0.008661564105209612,99.13384358947904
9328,US-2020-130687,2020-07-09,2020-10-09,First Class,PF-19225,Phillip Flathmann,Consumer,United States,Edmonds,Washington,West,TEC-PH-10002033,Technology,Phones,Konftel 250 Conference phone - Charcoal black,485.712,2,34.1784,No,Cards,2020.0,3.0,7.0,July,9.0,Thursday,92.0,242.856,17.0892,7.0367625259413,5,2493.128,591.3118000000001,1,485.712,34.1784,2,7.0367625259413,522441.052,67859.9582,92975.18,21466.6555,1812.922,254.7554,753002.1291,81338.5875,470587.991,90458.2486,196563.546,22308.9179,499,985,0,0,0.0047151239282632665,99.52848760717367
5526,CA-2020-154501,,2020-05-05,Standard Class,EA-14035,Erin Ashbrook,Corporate,United States,Los Angeles,California,West,OFF-AR-10002804,Office Supplies,Art,Faber Castell Col-Erase Pencils,117.78,2,4.0098,No,COD,,,,,,,,58.89,2.0049,3.404482934284258,8,1804.647,-321.032,3,220.582,7.041600000000001,4,3.192282235177848,522441.052,67859.9582,335190.256,49372.175,120017.4405,19174.9301,509743.1262,57805.7991,643707.687,74797.2461,50762.976,3635.9257,1773,1717,0,0,0.0038605490231886468,99.61394509768114
5357,CA-2019-138037,,2019-03-10,Standard Class,AR-10540,Andy Reiter,Consumer,United States,San Francisco,California,West,OFF-BI-10002982,Office Supplies,Binders,Avery Self-Adhesive Photo Pockets for Polaroid Photos,27.24,5,9.534,No,Cards,,,,,,,,5.448,1.9068,35.0,3,6353.82,2617.2154,5,331.297,26.0142,19,7.852229268601889,522441.052,67859.9582,335190.256,49372.175,80891.422,10475.5284,753002.1291,81338.5875,643707.687,74797.2461,174978.38999999998,17885.3759,1773,985,0,0,0.00935594458260127,99.06440554173987
1168,CA-2020-145226,2020-08-12,2020-10-12,Second Class,DL-13315,Delfina Latchford,Consumer,United States,New York City,New York,East,FUR-FU-10004952,Furniture,Furnishings,"C-Line Cubicle Keepers Polyproplyene Holder w/Velcro Back, 8-1/2x11, 25/Bx",143.48,2,33.9388,No,COD,2020.0,3.0,8.0,August,12.0,Wednesday,61.0,71.74,16.9694,23.65402843601896,5,1550.134,300.7687,2,252.96,67.8776,4,26.833333333333336,450234.666,53400.4243,186748.097,41012.0212,154919.699,34760.2974,753002.1291,81338.5875,451508.6452,10006.6112,92691.218,8034.4328,568,1717,0,0,0.0018053169475037972,99.81946830524963
4440,CA-2019-162726,,2020-02-01,Standard Class,MT-17815,Meg Tillman,Consumer,United States,Port Arthur,Texas,Central,OFF-PA-10004041,Office Supplies,Paper,"It's Hot Message Books with Stickers, 2 3/4"" x 5""",23.68,4,7.4,No,Online,,,,,,,,5.92,1.85,31.25,4,3002.898,507.2272,4,462.72,33.67,15,7.276538727524205,341007.5242,27450.0071,116261.9302,-14078.1598,34.048,11.0288,753002.1291,81338.5875,643707.687,74797.2461,99453.612,21112.3779,1773,1562,0,0,0.002461416858937179,99.75385831410628
8031,CA-2019-158806,2019-07-01,2019-11-01,Standard Class,NM-18520,Neoma Murray,Consumer,United States,Amarillo,Texas,Central,FUR-FU-10004270,Furniture,Furnishings,"Executive Impressions 13"" Clairmont Wall Clock",23.076,3,-10.9611,No,COD,2019.0,3.0,7.0,July,1.0,Monday,123.0,7.692,-3.6537,-47.5,7,2136.643,815.6189,9,654.258,59.3017,29,9.06396253465758,341007.5242,27450.0071,116261.9302,-14078.1598,785.5848,-111.0756,753002.1291,81338.5875,451508.6452,10006.6112,92691.218,8034.4328,1773,1717,0,0,0.0003766358653082901,99.96233641346916
3784,CA-2020-165204,,,Second Class,MN-17935,Michael Nguyen,Consumer,United States,Memphis,Tennessee,South,OFF-ST-10003716,Office Supplies,Storage,Tennsco Double-Tier Lockers,738.064,4,-63.0056,No,Online,,,,,,,,184.516,-15.7514,-8.53660387175096,4,3942.57,259.6543,8,7287.64,544.5484,34,7.472218715523818,252121.081,26551.7163,26288.317,-3467.5906,5039.003000000001,-1466.4888,753002.1291,81338.5875,643707.687,74797.2461,150341.318,13607.0875,568,1562,0,0,0.0025760827518571446,99.74239172481428
9148,US-2019-165505,,,Standard Class,CB-12535,Claudia Bergmann,Corporate,United States,Burlington,Vermont,East,OFF-AR-10003477,Office Supplies,Art,4009 Highlighters,8.04,6,2.7336,No,COD,,,,,,,,1.34,0.4556,34.0,4,2855.396,800.1802,1,8.04,2.7336,6,34.0,450234.666,53400.4243,4091.27,1053.0513,13302.982,-4814.8042000000005,509743.1262,57805.7991,643707.687,74797.2461,50762.976,3635.9257,1773,1717,0,0,0.0020153126169927074,99.79846873830073
9645,US-2020-107979,2020-08-06,,Standard Class,FO-14305,Frank Olsen,Consumer,United States,Glendale,Arizona,West,TEC-AC-10002006,Technology,Accessories,Memorex Micro Travel Drive 16 GB,127.544,7,12.3123,No,Online,2020.0,3.0,8.0,August,6.0,Thursday,,18.22057142857143,1.7589,9.653374521733676,6,1086.474,-48.4132,4,553.562,71.6352,28,12.940772668644165,522441.052,67859.9582,22914.556,-2761.11,3043.017,141.1277,753002.1291,81338.5875,470587.991,90458.2486,122301.086,25336.6455,1773,1562,0,0,0.001867208783458562,99.81327912165415
9718,CA-2019-108210,,,Same Day,AT-10735,Annie Thurman,Consumer,United States,Houston,Texas,Central,TEC-PH-10002293,Technology,Phones,Anker 36W 4-Port USB Wall Charger Travel Power Adapter for iPhone 5s 5c 5,79.96,5,7.996,No,COD,,,,,,,,15.992,1.5992000000000002,10.000000000000002,7,2220.22,163.37480000000002,5,517.854,18.3908,19,3.551348449563004,341007.5242,27450.0071,116261.9302,-14078.1598,45159.5078,-7197.716,753002.1291,81338.5875,470587.991,90458.2486,196563.546,22308.9179,163,1717,0,0,0.0017262337760100364,99.827376622399
1398,CA-2019-124485,,,First Class,NC-18340,Nat Carroll,Consumer,United States,New York City,New York,East,OFF-PA-10004971,Office Supplies,Paper,Xerox 196,11.56,2,5.6644,No,COD,,,,,,,,5.78,2.8322,48.99999999999999,2,1406.186,242.8831,7,287.92,33.7552,16,11.723812170047236,450234.666,53400.4243,186748.097,41012.0212,154919.699,34760.2974,753002.1291,81338.5875,643707.687,74797.2461,99453.612,21112.3779,499,1717,0,0,0.0032000366387981783,99.67999633612018
1336,CA-2019-122133,,,Standard Class,JR-15670,Jim Radford,Consumer,United States,Middletown,Connecticut,East,OFF-ST-10002574,Office Supplies,Storage,"SAFCO Commercial Wire Shelving, Black",552.56,4,0.0,No,Cards,,,,,,,,138.14,0.0,0.0,1,552.56,0.0,5,1940.704,-331.536,16,-17.083285240819826,450234.666,53400.4243,15034.697,2339.0135,3253.25,134.54930000000002,753002.1291,81338.5875,643707.687,74797.2461,150341.318,13607.0875,1773,985,0,0,0.002146064811180639,99.78539351888193
3107,CA-2020-127460,2020-10-07,,Standard Class,FG-14260,Frank Gastineau,Home Office,United States,Aurora,Illinois,Central,OFF-ST-10004340,Office Supplies,Storage,"Fellowes Mobile File Cart, Black",325.464,6,26.1156,No,COD,2020.0,4.0,10.0,October,7.0,Wednesday,,54.244,4.3526,8.024113265983335,5,1012.024,80.43130000000001,8,2507.3,451.4268,38,18.004498863319107,341007.5242,27450.0071,64224.33,-9554.6539,11007.588,-1444.862,303059.0679,36117.7193,643707.687,74797.2461,150341.318,13607.0875,1773,1717,0,0,0.0011281920256974967,99.88718079743025
803,CA-2019-136133,,,Second Class,HW-14935,Helen Wasserman,Corporate,United States,New York City,New York,East,OFF-AP-10000576,Office Supplies,Appliances,Belkin 7 Outlet SurgeMaster II,355.32,9,99.4896,No,COD,,,,,,,,39.48,11.0544,28.0,7,10074.934,2146.9635,5,1651.236,341.237,24,20.66554992744829,450234.666,53400.4243,186748.097,41012.0212,154919.699,34760.2974,509743.1262,57805.7991,643707.687,74797.2461,80305.247,13166.6098,568,1717,0,0,0.004179020733337052,99.5820979266663
6865,US-2019-126452,,,Standard Class,SC-20230,Scot Coram,Corporate,United States,Los Angeles,California,West,OFF-BI-10004465,Office Supplies,Binders,Avery Durable Slant Ring Binders,12.672,2,4.752,No,Cards,,,,,,,,6.336,2.376,37.49999999999999,4,4455.9580000000005,440.141,5,274.48,-23.76,19,-8.656368405712621,522441.052,67859.9582,335190.256,49372.175,120017.4405,19174.9301,509743.1262,57805.7991,643707.687,74797.2461,174978.38999999998,17885.3759,1773,985,0,0,0.005961752957941472,99.40382470420586
2706,CA-2020-155873,,,Standard Class,AB-10255,Alejandro Ballentine,Home Office,United States,Carlsbad,New Mexico,West,OFF-SU-10001165,Office Supplies,Supplies,Acme Elite Stainless Steel Scissors,135.68,2,4.3368,No,COD,,,,,,,,67.84,2.1684,3.1963443396226414,6,1304.68,223.7353,4,417.716,12.3432,8,2.9549263135719004,522441.052,67859.9582,5102.638,852.3424,1508.34,157.7661,303059.0679,36117.7193,643707.687,74797.2461,36720.986,-1654.2767,1773,1717,0,0,0.002111764384534331,99.78882356154656
6719,CA-2019-134789,2019-08-04,,Standard Class,CK-12325,Christine Kargatis,Home Office,United States,Hot Springs,Arkansas,South,FUR-FU-10003268,Furniture,Furnishings,Eldon Radial Chair Mat for Low to Medium Pile Carpets,159.92,4,31.984,No,COD,2019.0,3.0,8.0,August,4.0,Sunday,,39.98,7.996,20.000000000000004,3,2106.273,-65.1927,5,726.712,95.952,15,13.203579960149275,252121.081,26551.7163,9652.83,1873.9949,215.84,59.0848,303059.0679,36117.7193,451508.6452,10006.6112,92691.218,8034.4328,1773,1717,0,0,0.00026137537853351437,99.97386246214664
2437,CA-2020-140053,2020-03-07,2020-10-07,Standard Class,CA-12265,Christina Anderson,Consumer,United States,Farmington,New Mexico,West,FUR-FU-10003708,Furniture,Furnishings,"Tenex Traditional Chairmats for Medium Pile Carpet, Standard Lip, 36"" x 48""",592.85,9,114.6285,Yes,Online,2020.0,1.0,3.0,March,7.0,Saturday,214.0,65.87222222222222,12.7365,19.33516066458632,6,2215.4872,144.27179999999998,3,1123.1,178.311,14,15.876680616151726,522441.052,67859.9582,5102.638,852.3424,777.84,169.0251,753002.1291,81338.5875,451508.6452,10006.6112,92691.218,8034.4328,1773,1562,1,1,0.9954540673429864,99.54540673429864
8960,CA-2020-150266,,,Standard Class,RO-19780,Rose O'Brian,Consumer,United States,Houston,Texas,Central,OFF-AP-10002867,Office Supplies,Appliances,Fellowes Command Center 5-outlet power strip,104.84,5,-179.776,No,COD,,,,,,,,20.968,-35.955200000000005,-171.4765356734071,4,2374.928,-264.579,3,410.2000000000001,-106.5088,9,-25.965090199902484,341007.5242,27450.0071,116261.9302,-14078.1598,45159.5078,-7197.716,753002.1291,81338.5875,643707.687,74797.2461,80305.247,13166.6098,1773,1717,0,0,0.003176020662737638,99.68239793372624
5596,CA-2020-160325,,,Same Day,BP-11095,Bart Pistole,Corporate,United States,Lawrence,Massachusetts,East,TEC-PH-10001944,Technology,Phones,Wi-Ex zBoost YX540 Cellular Phone Signal Booster,474.85,3,131.355,No,Online,,,,,,,,158.28333333333333,43.785,27.66241971148784,6,1534.736,248.3208,4,1467.31,408.66,10,27.85096537200728,450234.666,53400.4243,14302.34,2768.8647,4480.892,1279.5877,509743.1262,57805.7991,470587.991,90458.2486,196563.546,22308.9179,163,1562,0,0,0.0018840730138185674,99.81159269861814
776,CA-2020-104220,,2020-05-02,Standard Class,BV-11245,Benjamin Venier,Corporate,United States,Des Moines,Iowa,Central,FUR-FU-10002597,Furniture,Furnishings,"C-Line Magnetic Cubicle Keepers, Clear Polypropylene",140.58,7,14.5236,No,Online,,,,,,,,20.082857142857144,2.0748,10.331199317114809,3,1328.92,232.949,7,544.344,56.1184,28,10.30936319680202,341007.5242,27450.0071,3747.72,583.9453,2623.996,716.4918,509743.1262,57805.7991,451508.6452,10006.6112,92691.218,8034.4328,1773,1562,0,0,0.002084487328078062,99.79155126719219
36,CA-2019-117590,2019-08-12,2019-10-12,First Class,GH-14485,Gene Hale,Corporate,United States,Richardson,Texas,Central,TEC-PH-10004977,Technology,Phones,GE 30524EE4,97.544,7,123.4737,No,Online,2019.0,3.0,8.0,August,12.0,Monday,61.0,13.934857142857142,17.6391,126.58256786680882,1,288.464,-24.4893,6,2465.394,697.7244,24,28.30072596915544,341007.5242,27450.0071,116261.9302,-14078.1598,288.464,-24.4893,509743.1262,57805.7991,470587.991,90458.2486,196563.546,22308.9179,499,1562,0,0,0.00030902124377824567,99.96909787562217
8334,CA-2019-153269,2019-09-03,2019-12-03,First Class,PS-18760,Pamela Stobb,Consumer,United States,Andover,Massachusetts,East,OFF-PA-10001801,Office Supplies,Paper,Xerox 193,17.94,3,8.7906,No,Cards,2019.0,3.0,9.0,September,3.0,Tuesday,91.0,5.98,2.9302,48.99999999999999,4,2411.779,-33.2266,2,53.82000000000001,26.3718,9,48.99999999999999,450234.666,53400.4243,14302.34,2768.8647,435.85,124.1886,753002.1291,81338.5875,643707.687,74797.2461,99453.612,21112.3779,499,985,0,0,0.0003321054215978582,99.9667894578402
4122,CA-2020-133823,2020-11-05,2020-12-05,Same Day,LP-17080,Liz Pelletier,Consumer,United States,Seattle,Washington,West,OFF-PA-10002870,Office Supplies,Paper,"Ampad Phone Message Book, Recycled, 400 Message Capacity, 5 ¾” x 11”",113.44,6,16.848,No,Cards,2020.0,4.0,11.0,November,5.0,Thursday,30.0,18.906666666666663,2.808,14.85190409026798,3,1102.334,109.8201,4,379.84,44.928,16,11.828138163437236,522441.052,67859.9582,92975.18,21466.6555,77924.542,18839.3111,753002.1291,81338.5875,643707.687,74797.2461,99453.612,21112.3779,163,985,0,0,0.0018444258113627604,99.81555741886372
2633,US-2020-110604,,,Standard Class,JF-15295,Jason Fortune-,Consumer,United States,Seattle,Washington,West,FUR-CH-10002019,Furniture,Chairs,SAFCO Optional Arm Kit for Workspace Cribbage Stacking Chair,152.624,2,4.2624,No,COD,,,,,,,,76.312,2.1312,2.792745570814551,4,1020.848,50.3258,3,448.856,9.5904,7,2.1366317928244247,522441.052,67859.9582,92975.18,21466.6555,77924.542,18839.3111,753002.1291,81338.5875,451508.6452,10006.6112,181945.998,13406.7032,1773,1717,0,0,0.003526716649090611,99.64732833509093
1745,CA-2020-152807,,2020-03-11,Standard Class,MC-18100,Mick Crebagga,Consumer,United States,Philadelphia,Pennsylvania,East,TEC-AC-10001142,Technology,Accessories,First Data FD10 PIN Pad,455.4,7,-55.3,No,Online,,,,,,,,65.05714285714285,-7.899999999999999,-12.143170838823012,4,1478.222,27.603500000000004,3,1087.4,7.900000000000006,15,0.7265035865366934,450234.666,53400.4243,82354.95,-9297.7975,77305.44,-8065.9684,753002.1291,81338.5875,470587.991,90458.2486,122301.086,25336.6455,1773,1562,0,0,0.0015454127616715072,99.84545872383285
8109,US-2020-167570,2020-08-12,,Standard Class,EG-13900,Emily Grady,Consumer,United States,Philadelphia,Pennsylvania,East,FUR-CH-10003396,Furniture,Chairs,Global Deluxe Steno Chair,228.544,4,-58.5048,No,COD,2020.0,3.0,8.0,August,12.0,Wednesday,,57.136,-14.6262,-25.59892187062448,4,1759.3,48.904,6,1425.66,-130.0962,21,-9.125331425445058,450234.666,53400.4243,82354.95,-9297.7975,77305.44,-8065.9684,753002.1291,81338.5875,451508.6452,10006.6112,181945.998,13406.7032,1773,1717,0,0,0.0018422105941264075,99.81577894058736
4075,CA-2020-108112,,,Standard Class,DK-12895,Dana Kaydos,Consumer,United States,Miramar,Florida,South,FUR-FU-10003553,Furniture,Furnishings,"Howard Miller 13-1/2"" Diameter Rosebrook Wall Clock",243.064,4,55.016,No,Cards,,,,,,,,60.766,13.754,22.63436790310371,3,2077.552,328.0549,4,865.486,192.556,15,22.2483090425495,252121.081,26551.7163,49914.999,-227.7464999999999,2012.192,32.28099999999999,753002.1291,81338.5875,451508.6452,10006.6112,92691.218,8034.4328,1773,985,0,0,0.0017118384268129656,99.8288161573187
6392,CA-2019-129126,,,Standard Class,PK-19075,Pete Kriz,Consumer,United States,New York City,New York,East,OFF-PA-10001471,Office Supplies,Paper,Strathmore Photo Frame Cards,14.62,2,6.7252,No,Online,,,,,,,,7.31,3.3626,46.0,11,8812.054,2024.9500000000005,3,102.34000000000002,47.0764,14,45.99999999999999,450234.666,53400.4243,186748.097,41012.0212,154919.699,34760.2974,753002.1291,81338.5875,643707.687,74797.2461,99453.612,21112.3779,1773,1562,0,0,0.0023110031527049206,99.7688996847295
2046,CA-2019-131835,,,Standard Class,MC-17590,Matt Collister,Corporate,United States,Perth Amboy,New Jersey,East,OFF-AP-10004487,Office Supplies,Appliances,Kensington 4 Outlet MasterPiece Compact Power Control Center,162.64,2,45.5392,No,Online,,,,,,,,81.32,22.7696,28.000000000000004,4,1165.0,426.1855,5,1645.064,182.1568,18,11.072930901168586,450234.666,53400.4243,32086.942,7213.0952,1567.29,559.0785999999999,509743.1262,57805.7991,643707.687,74797.2461,80305.247,13166.6098,1773,1562,0,0,0.002003243781336105,99.79967562186638
349,CA-2020-134306,2020-08-07,2020-12-07,Standard Class,TD-20995,Tamara Dahlen,Consumer,United States,Lowell,Massachusetts,East,OFF-AR-10001374,Office Supplies,Art,"BIC Brite Liner Highlighters, Chisel Tip",118.96,2,4.1472,No,COD,2020.0,3.0,8.0,August,7.0,Friday,122.0,59.48,2.0736,3.4862138533961,7,2228.5,83.8537,3,361.8,16.3296,11,4.513432835820896,450234.666,53400.4243,14302.34,2768.8647,2051.0,671.3247,753002.1291,81338.5875,643707.687,74797.2461,50762.976,3635.9257,1773,1717,0,0,0.001181771831049773,99.88182281689502
4863,CA-2019-125164,2019-10-11,,Standard Class,SH-19975,Sally Hughsby,Corporate,United States,New York City,New York,East,OFF-BI-10001191,Office Supplies,Binders,Canvas Sectional Post Binders,20.368,1,7.3834,No,Online,2019.0,4.0,10.0,October,11.0,Friday,,20.368,7.3834,36.25000000000001,11,3381.4915,447.9062,5,417.876,-15.7852,22,-3.777484229771512,450234.666,53400.4243,186748.097,41012.0212,154919.699,34760.2974,509743.1262,57805.7991,643707.687,74797.2461,174978.38999999998,17885.3759,1773,1562,0,0,0.00021741028851815364,99.97825897114818
6307,CA-2019-163328,2019-04-11,2019-06-11,Second Class,TP-21565,Tracy Poddar,Corporate,United States,Eugene,Oregon,West,FUR-CH-10003298,Furniture,Chairs,"Office Star - Contemporary Task Swivel chair with Loop Arms, Charcoal",104.784,1,-14.4078,No,Cards,2019.0,2.0,4.0,April,11.0,Thursday,61.0,104.784,-14.4078,-13.749999999999998,3,1914.8,104.48669999999998,6,2299.464,-302.5638,21,-13.158014215486736,522441.052,67859.9582,10530.43,-942.9719,1465.032,134.03719999999998,509743.1262,57805.7991,451508.6452,10006.6112,181945.998,13406.7032,568,985,0,0,0.0005649679134557383,99.94350320865443
1278,CA-2019-148698,2019-02-05,2019-07-05,Standard Class,BD-11770,Bryan Davis,Consumer,United States,Houston,Texas,Central,OFF-AR-10004022,Office Supplies,Art,Panasonic KP-380BK Classic Electric Pencil Sharpener,86.352,3,5.397,No,Cards,2019.0,1.0,2.0,February,5.0,Tuesday,150.0,28.784,1.7990000000000002,6.25,6,772.466,141.265,5,591.504,100.744,16,17.03183748546079,341007.5242,27450.0071,116261.9302,-14078.1598,45159.5078,-7197.716,753002.1291,81338.5875,643707.687,74797.2461,50762.976,3635.9257,1773,985,0,0,0.00022215127129544785,99.97778487287046
363,CA-2020-144904,,2020-01-10,Standard Class,KW-16435,Katrina Willman,Consumer,United States,New York City,New York,East,FUR-CH-10000785,Furniture,Chairs,Global Ergonomic Managers Chair,503.646,3,86.8704,No,COD,,,,,,,,167.882,28.9568,17.248305357334317,3,1133.818,155.28390000000002,8,4933.872,492.2656,32,9.977267347024812,450234.666,53400.4243,186748.097,41012.0212,154919.699,34760.2974,753002.1291,81338.5875,451508.6452,10006.6112,181945.998,13406.7032,1773,1717,0,0,0.0026171969572423436,99.73828030427576
5400,CA-2019-117681,2019-09-04,,Standard Class,HF-14995,Herbert Flentye,Consumer,United States,Los Angeles,California,West,FUR-BO-10001798,Furniture,Bookcases,Bush Somerset Collection Bookcase,556.665,5,6.549,No,COD,2019.0,3.0,9.0,September,4.0,Wednesday,,111.333,1.3098,1.1764705882352944,5,2973.584,-146.8332,4,1319.957,-56.3214,12,-4.266911725154683,522441.052,67859.9582,335190.256,49372.175,120017.4405,19174.9301,753002.1291,81338.5875,451508.6452,10006.6112,57577.6862,-342.88830000000013,1773,1717,0,0,0.000828121228211734,99.91718787717883
4536,CA-2020-138464,2020-08-07,2020-12-07,Standard Class,VF-21715,Vicky Freymann,Home Office,United States,Seattle,Washington,West,FUR-FU-10003142,Furniture,Furnishings,"Master Big Foot Doorstop, Beige",91.84,3,4.9104,No,COD,2020.0,3.0,8.0,August,7.0,Friday,122.0,30.613333333333333,1.6368,5.346689895470383,3,1088.356,62.4848,4,314.04,29.4624,18,9.38173481085212,522441.052,67859.9582,92975.18,21466.6555,77924.542,18839.3111,303059.0679,36117.7193,451508.6452,10006.6112,92691.218,8034.4328,1773,1717,0,0,0.002585799893343892,99.74142001066562
4191,CA-2020-166709,,,Standard Class,HL-15040,Hunter Lopez,Consumer,United States,Newark,Delaware,East,TEC-CO-10004722,Technology,Copiers,Canon imageCLASS 2200 Advanced Copier,5517.97,3,5039.9856,No,COD,,,,,,,,1839.3233333333333,1679.9952,91.33767671806842,4,6091.108,5174.3968,5,14076.824,25199.928,20,179.01714193485688,450234.666,53400.4243,12515.703,7029.9107,15319.841,6042.2924,753002.1291,81338.5875,470587.991,90458.2486,59735.798,42774.5828,1773,1717,0,0,0.02710888888075377,97.28911111192463
7517,US-2020-167920,2020-09-12,2020-12-12,Second Class,JL-15835,John Lee,Consumer,United States,Richmond,Kentucky,South,OFF-BI-10003274,Office Supplies,Binders,"Avery Durable Slant Ring Binders, No Labels",135.92,4,7.4824,No,Cards,2020.0,3.0,9.0,September,12.0,Saturday,91.0,33.98,1.8706,5.505002942907593,7,8765.332,839.955,7,700.212,16.0394,29,2.290649117695784,252121.081,26551.7163,24352.73,5968.384,15487.14,4080.2061,753002.1291,81338.5875,643707.687,74797.2461,174978.38999999998,17885.3759,568,985,0,0,0.0018347179645978797,99.81652820354022
5364,CA-2019-122019,,2020-02-01,Standard Class,CD-11920,Carlos Daly,Consumer,United States,Wichita,Kansas,Central,OFF-AP-10001293,Office Supplies,Appliances,Belkin 8 Outlet Surge Protector,81.96,2,22.9488,No,Online,,,,,,,,40.98,11.4744,28.000000000000004,3,1976.148,397.213,2,407.82,103.2696,9,25.32234809474768,341007.5242,27450.0071,1837.21,494.2106,689.0699999999999,255.7142,753002.1291,81338.5875,643707.687,74797.2461,80305.247,13166.6098,1773,1562,0,0,0.0028070874365654776,99.71929125634345
3725,CA-2020-127264,2020-03-04,2020-05-04,First Class,SA-20830,Sue Ann Reed,Consumer,United States,Chicago,Illinois,Central,OFF-AR-10003045,Office Supplies,Art,Prang Colored Pencils,80.056,3,2.205,No,Cards,2020.0,1.0,3.0,March,4.0,Wednesday,61.0,26.68533333333333,0.735,2.7543219746177674,6,2051.45,160.7448,4,325.512,17.64,16,5.419155054191551,341007.5242,27450.0071,64224.33,-9554.6539,39993.161,-6497.3566,753002.1291,81338.5875,643707.687,74797.2461,50762.976,3635.9257,499,985,0,0,0.0013516287858372413,99.86483712141627
6508,US-2019-128909,2019-09-10,2019-11-10,Second Class,SP-20545,Sibella Parks,Corporate,United States,Philadelphia,Pennsylvania,East,FUR-FU-10004071,Furniture,Furnishings,Luxo Professional Magnifying Clamp-On Fluorescent Lamps,332.832,4,-24.9624,No,Online,2019.0,3.0,9.0,September,10.0,Tuesday,61.0,83.208,-6.2406,-7.5,5,1415.334,-121.58580000000002,3,1185.9119999999998,91.5288,12,7.718009430716615,450234.666,53400.4243,82354.95,-9297.7975,77305.44,-8065.9684,509743.1262,57805.7991,451508.6452,10006.6112,92691.218,8034.4328,568,1562,0,0,0.00025041189975807374,99.97495881002419
1773,CA-2019-129686,,,Second Class,GG-14650,Greg Guthrie,Corporate,United States,Chicago,Illinois,Central,TEC-AC-10001266,Technology,Accessories,Memorex Micro Travel Drive 8 GB,62.4,6,19.5,No,Cards,,,,,,,,10.4,3.25,31.25,7,1793.27,5.870600000000004,4,426.0,67.6,16,15.868544600938966,341007.5242,27450.0071,64224.33,-9554.6539,39993.161,-6497.3566,509743.1262,57805.7991,470587.991,90458.2486,122301.086,25336.6455,568,985,0,0,0.0013547244688793994,99.86452755311205
4590,US-2020-163790,2020-02-11,2020-04-11,Second Class,NL-18310,Nancy Lomonaco,Home Office,United States,Danville,California,West,OFF-ST-10001511,Office Supplies,Storage,Space Solutions Commercial Steel Shelving,466.55,7,22.6275,No,Cards,2020.0,1.0,2.0,February,11.0,Tuesday,60.0,66.65,3.2325000000000004,4.849962490622656,2,1639.7620000000002,301.1029,4,1021.1,45.255,14,4.431985114092645,522441.052,67859.9582,335190.256,49372.175,1724.254,213.0453,303059.0679,36117.7193,643707.687,74797.2461,150341.318,13607.0875,568,985,0,0,0.006625267764575313,99.33747322354247
5871,CA-2019-128223,,,Same Day,EB-13705,Ed Braxton,Corporate,United States,Anaheim,California,West,FUR-TA-10001771,Furniture,Tables,"Bush Cubix Conference Tables, Fully Assembled",1293.488,7,80.843,No,COD,,,,,,,,184.784,11.549,6.25,5,2625.724,93.02200000000002,4,3678.288,311.823,19,8.477394918505565,522441.052,67859.9582,335190.256,49372.175,7367.548,918.157,509743.1262,57805.7991,451508.6452,10006.6112,119293.743,-11091.6365,163,1717,0,0,0.006779169166289577,99.32208308337104
1656,US-2020-132444,,,First Class,CD-12280,Christina DeMoss,Consumer,United States,Seattle,Washington,West,OFF-BI-10001116,Office Supplies,Binders,"Wilson Jones 1"" Hanging DublLock Ring Binders",113.448,2,2.9568,No,Online,,,,,,,,56.724,1.4784,2.606304209858261,2,1889.584,233.0274,6,678.304,-9.081599999999998,26,-1.3388687078360142,522441.052,67859.9582,92975.18,21466.6555,77924.542,18839.3111,753002.1291,81338.5875,643707.687,74797.2461,174978.38999999998,17885.3759,499,1562,0,0,0.0055625808971993766,99.44374191028005
1861,US-2020-121251,,,First Class,GM-14440,Gary McGarr,Consumer,United States,New York City,New York,East,FUR-BO-10001918,Furniture,Bookcases,"Sauder Forest Hills Library with Doors, Woodland Oak Finish",280.568,2,-28.9764,No,COD,,,,,,,,140.284,-14.4882,-10.327763679393232,5,1670.372,144.4864,2,554.2339999999999,-41.8548,4,-7.551828289134193,450234.666,53400.4243,186748.097,41012.0212,154919.699,34760.2974,753002.1291,81338.5875,451508.6452,10006.6112,57577.6862,-342.88830000000013,499,1717,0,0,0.003193039778259767,99.68069602217402
6251,CA-2020-121580,,2020-04-06,Standard Class,ML-17410,Maris LaWare,Consumer,United States,Columbus,Indiana,Central,OFF-PA-10004082,Office Supplies,Paper,"Adams Telephone Message Book w/Frequently-Called Numbers Space, 400 Messages per Book",120.98,1,3.99,No,Online,,,,,,,,120.98,3.99,3.2980657959993387,5,2868.77,-330.4199,4,529.7,59.85,15,11.29884840475741,341007.5242,27450.0071,32039.23,15524.6596,36398.885,4818.0624,753002.1291,81338.5875,643707.687,74797.2461,99453.612,21112.3779,1773,1562,0,0,0.0016983807991965342,99.83016192008036
2910,CA-2020-166415,,,Standard Class,ME-17725,Max Engle,Consumer,United States,Seattle,Washington,West,OFF-FA-10004968,Office Supplies,Fasteners,Rubber Band Ball,831.22,3,0.2244,No,COD,,,,,,,,277.0733333333333,0.0747999999999999,0.0269964630302446,5,2741.0352000000003,21.771600000000035,3,852.164,-0.8228,9,-0.0965541844058186,522441.052,67859.9582,92975.18,21466.6555,77924.542,18839.3111,753002.1291,81338.5875,643707.687,74797.2461,15205.238,598.4175,1773,1717,0,0,0.003356692578930527,99.66433074210694
7903,CA-2020-128363,,,Standard Class,DC-12850,Dan Campbell,Consumer,United States,Memphis,Tennessee,South,OFF-EN-10003845,Office Supplies,Envelopes,Colored Envelopes,104.76,5,4.797,No,COD,,,,,,,,20.952,0.9594,4.579037800687285,6,3834.012,-1368.6647,3,340.472,10.5534,11,3.099638149392608,252121.081,26551.7163,26288.317,-3467.5906,5039.003000000001,-1466.4888,753002.1291,81338.5875,643707.687,74797.2461,16542.464,3508.5073,1773,1717,0,0,0.0017366148394121783,99.82633851605878
1190,CA-2020-117212,,,Second Class,BT-11530,Bradley Talbott,Home Office,United States,Los Angeles,California,West,TEC-PH-10004447,Technology,Phones,Toshiba IPT2010-SD IP Telephone,911.536,8,66.7152,Yes,COD,,,,,,,,113.942,8.3394,7.318986852960278,3,2701.252,342.7271,4,1740.88,125.091,15,7.1855038830936095,522441.052,67859.9582,335190.256,49372.175,120017.4405,19174.9301,303059.0679,36117.7193,470587.991,90458.2486,196563.546,22308.9179,568,1717,1,1,0.9979116794361245,99.79116794361245
2599,CA-2020-149048,,,Standard Class,BM-11650,Brian Moss,Corporate,United States,Columbus,Indiana,Central,OFF-PA-10001752,Office Supplies,Paper,Hammermill CopyPlus Copy Paper (20Lb. and 84 Bright),88.94,3,7.3206,No,Online,,,,,,,,29.646666666666665,2.4402,8.230942208230267,6,3956.281,1936.1524,2,196.908,10.209,5,5.184654762630263,341007.5242,27450.0071,32039.23,15524.6596,36398.885,4818.0624,509743.1262,57805.7991,643707.687,74797.2461,99453.612,21112.3779,1773,1562,0,0,0.0021903302130100322,99.780966978699
1691,CA-2020-129833,2020-09-12,,Standard Class,HF-14995,Herbert Flentye,Consumer,United States,Indianapolis,Indiana,Central,OFF-PA-10000575,Office Supplies,Paper,"Wirebound Message Books, Four 2 3/4 x 5 White Forms per Page",139.45,5,15.387,No,Online,2020.0,3.0,9.0,September,12.0,Saturday,,27.89,3.0774,11.034062387952671,5,2973.584,-146.8332,6,406.334,82.956,30,20.415717119414083,341007.5242,27450.0071,32039.23,15524.6596,8176.94,1678.3742,753002.1291,81338.5875,643707.687,74797.2461,99453.612,21112.3779,1773,1562,0,0,0.0016549726463785238,99.83450273536215
7861,CA-2020-152261,2020-02-03,2020-06-03,Standard Class,JA-15970,Joseph Airdo,Consumer,United States,Cuyahoga Falls,Ohio,East,OFF-BI-10002353,Office Supplies,Binders,GBC VeloBind Cover Sets,93.528,4,-12.352,No,Online,2020.0,1.0,2.0,February,3.0,Monday,121.0,23.382,-3.088,-13.206740227525446,6,6262.709000000001,-916.3555,8,558.04,0.0,32,0.0,450234.666,53400.4243,68194.86,-9339.4223,95.742,-13.828,753002.1291,81338.5875,643707.687,74797.2461,174978.38999999998,17885.3759,1773,1562,0,0,0.001842228184856795,99.81577718151432
8904,CA-2019-150483,,2019-04-06,Standard Class,BP-11290,Beth Paige,Consumer,United States,Decatur,Illinois,Central,OFF-PA-10004621,Office Supplies,Paper,Xerox 212,10.368,2,3.6288,No,Online,,,,,,,,5.184,1.8144,35.0,6,3650.878,-248.9594,5,308.536,34.992,15,11.341302149506054,341007.5242,27450.0071,64224.33,-9554.6539,3011.521,-366.1132,753002.1291,81338.5875,643707.687,74797.2461,99453.612,21112.3779,1773,1562,0,0,0.0016909362259088638,99.83090637740911
1664,CA-2019-128531,,,Second Class,NS-18505,Neola Schneider,Consumer,United States,Dallas,Texas,Central,OFF-ST-10001325,Office Supplies,Storage,Sterilite Officeware Hinged File Box,41.92,5,3.668,No,Cards,,,,,,,,8.384,0.7336,8.75,4,3292.8630000000003,-12.303999999999998,10,1265.4,69.5872,32,5.499225541330803,341007.5242,27450.0071,116261.9302,-14078.1598,20019.1136,-1983.7422,753002.1291,81338.5875,643707.687,74797.2461,150341.318,13607.0875,568,985,0,0,0.0025696261927891082,99.74303738072109
291,CA-2019-110772,,,Second Class,NZ-18565,Nick Zandusky,Home Office,United States,Columbus,Ohio,East,OFF-LA-10004689,Office Supplies,Labels,Avery 512,18.496,8,6.2424,No,Cards,,,,,,,,2.312,0.7803,33.75,7,1304.882,71.77680000000001,4,255.938,28.5821,27,11.167587462588596,450234.666,53400.4243,68194.86,-9339.4223,36398.885,4818.0624,303059.0679,36117.7193,643707.687,74797.2461,19397.456,2937.2212,568,985,0,0,0.0014022280350661034,99.8597771964934
6848,CA-2019-162110,,,Standard Class,NP-18670,Nora Paige,Consumer,United States,Phoenix,Arizona,West,TEC-PH-10001924,Technology,Phones,iHome FM Clock Radio with Lightning Dock,55.992,1,3.4995,No,Online,,,,,,,,55.992,3.4995,6.25,4,3824.482,433.7622,5,835.9,17.4975,13,2.093252781433186,522441.052,67859.9582,22914.556,-2761.11,7488.776,-2054.446,753002.1291,81338.5875,470587.991,90458.2486,196563.546,22308.9179,1773,1562,0,0,0.003948112888088028,99.60518871119119
8759,CA-2019-114307,,,Standard Class,MF-17665,Maureen Fritzler,Corporate,United States,Columbia,Maryland,East,FUR-FU-10000794,Furniture,Furnishings,"Eldon Stackable Tray, Side-Load, Legal, Smoke",27.42,3,9.3228,No,Online,,,,,,,,9.14,3.1076,34.0,4,385.054,118.461,3,234.98,21.7532,7,9.25746872074219,450234.666,53400.4243,16090.103,3860.6173,13705.148,2721.1764,509743.1262,57805.7991,451508.6452,10006.6112,92691.218,8034.4328,1773,1562,0,0,0.0019080675656895914,99.80919324343104
619,CA-2020-117947,,,Second Class,NG-18355,Nat Gilpin,Corporate,United States,New York City,New York,East,OFF-BI-10002824,Office Supplies,Binders,Recycled Easel Ring Binders,140.424,9,33.57,No,COD,,,,,,,,15.602666666666668,3.73,23.90616988548966,3,2489.056,86.4997,7,508.1,39.538,27,7.781539067112773,450234.666,53400.4243,186748.097,41012.0212,154919.699,34760.2974,509743.1262,57805.7991,643707.687,74797.2461,174978.38999999998,17885.3759,568,1717,0,0,0.003037918532444991,99.69620814675551
5138,CA-2019-128972,,,Standard Class,TS-21430,Tom Stivers,Corporate,United States,Oklahoma City,Oklahoma,Central,FUR-FU-10003096,Furniture,Furnishings,"Master Giant Foot Doorstop, Safety Yellow",30.36,4,13.0548,No,Online,,,,,,,,7.59,3.2637,43.0,3,291.372,31.5633,2,468.13,22.8459,7,4.880246939952578,341007.5242,27450.0071,17653.7,3431.8469,4453.400000000001,1007.0581,509743.1262,57805.7991,451508.6452,10006.6112,92691.218,8034.4328,1773,1562,0,0,0.0017093276274311431,99.82906723725688
6562,CA-2020-144680,,2020-02-04,First Class,SC-20260,Scott Cohen,Corporate,United States,Arlington,Texas,Central,OFF-AP-10003040,Office Supplies,Appliances,Fellowes 8 Outlet Superior Workstation Surge Protector w/o Phone/Fax/Modem Protection,161.62,5,-90.774,No,COD,,,,,,,,32.324,-18.1548,-56.16507857938375,2,1256.788,200.2536,4,744.196,8.741200000000006,21,1.174583039951841,341007.5242,27450.0071,116261.9302,-14078.1598,10043.024,3349.7609,509743.1262,57805.7991,643707.687,74797.2461,80305.247,13166.6098,499,1717,0,0,0.004434266892822801,99.55657331071772
2759,CA-2019-146171,2019-11-03,,Standard Class,JP-16135,Julie Prescott,Home Office,United States,Columbus,Georgia,South,FUR-FU-10004270,Furniture,Furnishings,"Executive Impressions 13"" Clairmont Wall Clock",76.92,4,31.5372,No,Online,2019.0,4.0,11.0,November,3.0,Sunday,,19.23,7.8843,41.0,7,4127.398,295.362,9,654.258,59.3017,29,9.06396253465758,252121.081,26551.7163,37260.69,9994.4165,36398.885,4818.0624,303059.0679,36117.7193,451508.6452,10006.6112,92691.218,8034.4328,1773,1562,0,0,0.00014806236763859602,99.98519376323614
8179,CA-2019-166429,2019-02-09,2019-08-09,Standard Class,TG-21310,Toby Gnade,Consumer,United States,Des Moines,Washington,West,TEC-CO-10002095,Technology,Copiers,Hewlett Packard 610 Color Digital Copier / Printer,999.98,2,449.991,No,Online,2019.0,1.0,2.0,February,9.0,Saturday,181.0,499.99,224.9955,44.99999999999999,3,2211.848,880.5,4,3210.898,1799.964,12,56.05796260111657,522441.052,67859.9582,92975.18,21466.6555,2623.996,716.4918,753002.1291,81338.5875,470587.991,90458.2486,59735.798,42774.5828,1773,1562,0,0,0.0011413493907246547,99.88586506092754
2247,CA-2020-103380,,,Standard Class,BF-11005,Barry Franz,Home Office,United States,Pasadena,California,West,TEC-PH-10004165,Technology,Phones,Mitel MiVoice 5330e IP Phone,696.976,3,49.4982,Yes,Cards,,,,,,,,232.32533333333333,16.499399999999998,7.101851426734923,3,1788.304,-293.7497,5,4190.85,54.997999999999976,20,1.3123352064616955,522441.052,67859.9582,335190.256,49372.175,6709.712,147.31240000000005,303059.0679,36117.7193,470587.991,90458.2486,196563.546,22308.9179,1773,985,1,1,0.9978878545933202,99.78878545933202
2034,CA-2019-128923,2019-09-12,,Standard Class,GB-14530,George Bell,Corporate,United States,Fort Worth,Texas,Central,OFF-AR-10000475,Office Supplies,Art,"Hunt BOSTON Vista Battery-Operated Pencil Sharpener, Black",9.328,1,0.8162,No,Cards,2019.0,3.0,9.0,September,12.0,Thursday,,9.328,0.8162,8.75,6,1151.644,-33.2521,2,27.984,2.4486,3,8.75,341007.5242,27450.0071,116261.9302,-14078.1598,2609.5124,-309.3716,509743.1262,57805.7991,643707.687,74797.2461,50762.976,3635.9257,1773,985,0,0,0.0002818489600340605,99.97181510399659
6826,CA-2019-118689,2019-02-10,2019-09-10,Standard Class,TC-20980,Tamara Chand,Corporate,United States,Lafayette,Indiana,Central,OFF-ST-10001558,Office Supplies,Storage,Acco Perma 4000 Stacking Storage Drawers,32.48,2,4.872,No,COD,2019.0,1.0,2.0,February,10.0,Sunday,212.0,16.24,2.436,15.000000000000002,2,1344.052,8764.9483,7,418.808,21.924,21,5.234857022788486,341007.5242,27450.0071,32039.23,15524.6596,10016.85,9772.8078,509743.1262,57805.7991,643707.687,74797.2461,150341.318,13607.0875,1773,1717,0,0,0.003296630369891959,99.67033696301081
3461,CA-2020-136448,,,First Class,AS-10090,Adam Shillingsburg,Consumer,United States,Philadelphia,Pennsylvania,East,TEC-AC-10003628,Technology,Accessories,Logitech 910-002974 M325 Wireless Mouse for Web Scrolling,125.984,2,14.3952,No,Cards,,,,,,,,62.992,7.1976,11.426212852425708,6,2066.188,-308.8758,7,803.838,183.5388,18,22.83280959596336,450234.666,53400.4243,82354.95,-9297.7975,77305.44,-8065.9684,753002.1291,81338.5875,470587.991,90458.2486,122301.086,25336.6455,499,985,0,0,0.001525031460299137,99.84749685397009
5518,CA-2020-117667,2020-04-12,2020-09-12,Standard Class,MS-17980,Michael Stewart,Corporate,United States,Philadelphia,Pennsylvania,East,FUR-CH-10004540,Furniture,Chairs,Global Chrome Stack Chair,254.96,10,-10.284,No,Cards,2020.0,2.0,4.0,April,12.0,Sunday,153.0,25.496,-1.0284,-4.033573893944149,1,920.008,-20.3828,4,556.928,-18.5112,18,-3.323804872443117,450234.666,53400.4243,82354.95,-9297.7975,77305.44,-8065.9684,509743.1262,57805.7991,451508.6452,10006.6112,181945.998,13406.7032,1773,985,0,0,0.003398820046962706,99.66011799530374
5428,US-2019-108497,,,Same Day,MH-17290,Marc Harrigan,Home Office,United States,Los Angeles,California,West,FUR-BO-10004218,Furniture,Bookcases,"Bush Heritage Pine Collection 5-Shelf Bookcase, Albany Pine Finish, *Special Order",599.165,5,35.245,No,Online,,,,,,,,119.833,7.049,5.88235294117647,4,2794.625,14.575200000000034,3,1113.4969999999998,63.441,9,5.697455853046754,522441.052,67859.9582,335190.256,49372.175,120017.4405,19174.9301,303059.0679,36117.7193,451508.6452,10006.6112,57577.6862,-342.88830000000013,163,1562,0,0,0.007695237017041436,99.23047629829586
6340,CA-2020-143112,2020-05-10,2020-09-10,Standard Class,TS-21370,Todd Sumrall,Corporate,United States,New York City,New York,East,FUR-CH-10002880,Furniture,Chairs,"Global High-Back Leather Tilter, Burgundy",247.382,2,2.4598,No,Online,2020.0,2.0,5.0,May,10.0,Sunday,123.0,123.691,1.2299,0.9943326515267884,3,6952.293,1218.0071000000005,8,2529.78,-249.6697,27,-9.869225782479107,450234.666,53400.4243,186748.097,41012.0212,154919.699,34760.2974,509743.1262,57805.7991,451508.6452,10006.6112,181945.998,13406.7032,1773,1562,0,0,0.0062724207773471995,99.37275792226528
8156,US-2020-143770,,,Standard Class,RD-19720,Roger Demir,Consumer,United States,Middletown,Connecticut,East,OFF-PA-10001125,Office Supplies,Paper,Xerox 1988,145.96,2,27.882,No,Cards,,,,,,,,72.98,13.941,19.102493833927102,6,1365.994,109.8094,4,525.152,145.606,14,27.726448723417217,450234.666,53400.4243,15034.697,2339.0135,3253.25,134.54930000000002,753002.1291,81338.5875,643707.687,74797.2461,99453.612,21112.3779,1773,985,0,0,0.00153613051762141,99.84638694823786
1464,CA-2019-152289,,,First Class,LC-16930,Linda Cazamias,Corporate,United States,Pasadena,Texas,Central,FUR-CH-10002126,Furniture,Chairs,Hon Deluxe Fabric Upholstered Stacking Chairs,1024.716,6,-29.2776,No,Online,,,,,,,,170.78599999999997,-4.8796,-2.857142857142857,7,4550.316,258.9256,3,2119.83,-34.1572,12,-1.6113178886986224,341007.5242,27450.0071,116261.9302,-14078.1598,6709.712,147.31240000000005,509743.1262,57805.7991,451508.6452,10006.6112,181945.998,13406.7032,499,1562,0,0,0.0027789204280491146,99.72210795719508
750,CA-2020-126074,2020-02-10,2020-06-10,Standard Class,RF-19735,Roland Fjeld,Consumer,United States,Trenton,Michigan,Central,OFF-BI-10003638,Office Supplies,Binders,GBC Durable Plastic Covers,139.05,3,26.703,No,COD,2020.0,1.0,2.0,February,10.0,Monday,121.0,46.35,8.901,19.20388349514563,4,2169.496,501.8757,4,551.525,34.443,18,6.245047821948234,341007.5242,27450.0071,48504.684,17480.280600000002,1003.47,215.9978,753002.1291,81338.5875,643707.687,74797.2461,174978.38999999998,17885.3759,1773,1717,0,0,0.002116931603001532,99.78830683969984
6309,CA-2019-163328,2019-04-11,2019-06-11,Second Class,TP-21565,Tracy Poddar,Corporate,United States,Eugene,Oregon,West,FUR-CH-10000229,Furniture,Chairs,Global Enterprise Series Seating High-Back Swivel/Tilt Chairs,650.352,3,-97.5528,No,Cards,2019.0,2.0,4.0,April,11.0,Thursday,61.0,216.784,-32.5176,-15.000000000000002,3,1914.8,104.48669999999998,3,1608.7820000000002,-395.6308,8,-24.591945956630543,522441.052,67859.9582,10530.43,-942.9719,1465.032,134.03719999999998,509743.1262,57805.7991,451508.6452,10006.6112,181945.998,13406.7032,568,985,0,0,0.0005394607846764589,99.94605392153235
6357,CA-2020-139080,,,Standard Class,CS-12250,Chris Selesnick,Corporate,United States,Seattle,Washington,West,OFF-BI-10001757,Office Supplies,Binders,Pressboard Hanging Data Binders for Unburst Sheets,140.68,5,6.888,No,Cards,,,,,,,,28.136000000000003,1.3776,4.896218367927211,6,1471.992,196.398,7,1291.672,-0.1968000000000014,32,-0.0152360661220496,522441.052,67859.9582,92975.18,21466.6555,77924.542,18839.3111,509743.1262,57805.7991,643707.687,74797.2461,174978.38999999998,17885.3759,1773,985,0,0,0.003215848696525709,99.67841513034743
6478,CA-2020-140872,2020-03-06,2020-10-06,Standard Class,NR-18550,Nick Radford,Consumer,United States,Pembroke Pines,Florida,South,TEC-AC-10003832,Technology,Accessories,Logitech P710e Mobile Speakerphone,222.992,1,-2.5749,No,Online,2020.0,1.0,3.0,March,6.0,Friday,214.0,222.992,-2.5749,-1.154705101528306,3,2417.402,98.6387,15,9895.798,1828.0088,66,18.472575935765867,252121.081,26551.7163,49914.999,-227.7464999999999,1890.942,85.6101,753002.1291,81338.5875,470587.991,90458.2486,122301.086,25336.6455,1773,1562,0,0,0.002284672500764753,99.77153274992352
3144,CA-2020-162572,,,Second Class,RB-19360,Raymond Buch,Consumer,United States,Cincinnati,Ohio,East,OFF-AR-10001547,Office Supplies,Art,Newell 311,131.608,6,0.9282,No,Online,,,,,,,,21.93466666666667,0.1547,0.7052762749984803,6,5041.339,6976.0959,6,1289.598,10.6522,26,0.8260093455479925,450234.666,53400.4243,68194.86,-9339.4223,4889.552000000001,175.8662,753002.1291,81338.5875,643707.687,74797.2461,50762.976,3635.9257,568,1562,0,0,0.007089320165002912,99.2910679834997
3100,CA-2020-131233,,,Standard Class,CS-12355,Christine Sundaresam,Consumer,United States,New York City,New York,East,OFF-BI-10000829,Office Supplies,Binders,Avery Non-Stick Binders,110.776,3,3.5022,No,COD,,,,,,,,36.92533333333333,1.1674,3.161515129630968,7,2915.142,466.8056,4,374.514,32.5974,21,8.703920280683766,450234.666,53400.4243,186748.097,41012.0212,154919.699,34760.2974,753002.1291,81338.5875,643707.687,74797.2461,174978.38999999998,17885.3759,1773,1717,0,0,0.0021623042619450207,99.7837695738055
9650,CA-2019-107104,,,Standard Class,MS-17365,Maribeth Schnelling,Consumer,United States,Los Angeles,California,West,FUR-BO-10002213,Furniture,Bookcases,DMI Eclipse Executive Suite Bookcases,3406.664,8,160.3136,No,COD,,,,,,,,425.833,20.0392,4.705882352941177,4,4477.89,555.5331,4,4663.0830000000005,58.02760000000001,16,1.244404184956605,522441.052,67859.9582,335190.256,49372.175,120017.4405,19174.9301,753002.1291,81338.5875,451508.6452,10006.6112,57577.6862,-342.88830000000013,1773,1717,0,0,0.006643635415953795,99.33563645840462
3216,CA-2020-150189,2020-08-07,2020-10-07,First Class,VG-21790,Vivek Gonzalez,Consumer,United States,San Mateo,California,West,OFF-LA-10002762,Office Supplies,Labels,Avery 485,104.18,6,35.3346,No,COD,2020.0,3.0,8.0,August,7.0,Friday,61.0,17.363333333333333,5.8891,33.916874640046075,4,846.8340000000001,124.09,1,104.18,35.3346,6,33.916874640046075,522441.052,67859.9582,335190.256,49372.175,104.18,35.3346,753002.1291,81338.5875,643707.687,74797.2461,19397.456,2937.2212,499,1717,0,0,0.0038377524531685277,99.61622475468315
304,US-2020-152380,,,Standard Class,JH-15910,Jonathan Howell,Consumer,United States,Chicago,Illinois,Central,FUR-TA-10002533,Furniture,Tables,BPI Conference Tables,249.075,3,-131.445,No,COD,,,,,,,,83.02499999999999,-43.815,-52.77326106594399,5,892.6329999999999,-62.2148,4,2019.7675,-620.7125,22,-30.731878792979884,341007.5242,27450.0071,64224.33,-9554.6539,39993.161,-6497.3566,753002.1291,81338.5875,451508.6452,10006.6112,119293.743,-11091.6365,1773,1717,0,0,0.0016530873851809047,99.83469126148191
703,CA-2019-163755,2019-04-11,2019-08-11,Second Class,AS-10285,Alejandro Savely,Corporate,United States,Seattle,Washington,West,FUR-FU-10003394,Furniture,Furnishings,"Tenex ""The Solids"" Textured Chair Mats",209.88,3,35.6796,No,COD,2019.0,2.0,4.0,April,11.0,Thursday,122.0,69.96,11.8932,17.0,6,3538.236,354.62760000000003,5,1290.312,-74.1576,22,-5.747261127541246,522441.052,67859.9582,92975.18,21466.6555,77924.542,18839.3111,509743.1262,57805.7991,451508.6452,10006.6112,92691.218,8034.4328,568,1717,0,0,0.0006905466747676827,99.93094533252324
2590,CA-2019-137729,2019-05-05,2019-09-05,Standard Class,BF-11005,Barry Franz,Home Office,United States,Los Angeles,California,West,TEC-PH-10001433,Technology,Phones,Cisco Small Business SPA 502G VoIP phone,246.168,3,21.5397,No,Cards,2019.0,2.0,5.0,May,5.0,Sunday,123.0,82.056,7.1799,8.75,3,1788.304,-293.7497,3,714.934,36.9252,8,5.164840390861255,522441.052,67859.9582,335190.256,49372.175,120017.4405,19174.9301,303059.0679,36117.7193,470587.991,90458.2486,196563.546,22308.9179,1773,985,0,0,0.0009128421448708996,99.90871578551291
4270,US-2020-124821,,,Second Class,AM-10705,Anne McFarland,Consumer,United States,Seattle,Washington,West,FUR-TA-10000688,Furniture,Tables,"Chromcraft Bull-Nose Wood Round Conference Table Top, Wood Base",917.4,4,148.138,No,Cards,,,,,,,,229.35,37.0345,16.147591018094616,4,3970.36,598.9456,3,1544.81,-8.713999999999999,8,-0.5640823143299175,522441.052,67859.9582,92975.18,21466.6555,77924.542,18839.3111,753002.1291,81338.5875,451508.6452,10006.6112,119293.743,-11091.6365,568,985,0,0,0.005130949772697905,99.48690502273021
9179,CA-2019-166618,,,Standard Class,DP-13000,Darren Powers,Consumer,United States,New York City,New York,East,OFF-AR-10001725,Office Supplies,Art,Boston Home & Office Model 2000 Electric Pencil Sharpeners,23.65,1,6.149,No,Online,,,,,,,,23.65,6.149,26.0,5,717.9159999999999,-43.5192,3,322.9,36.894000000000005,6,11.425828429854446,450234.666,53400.4243,186748.097,41012.0212,154919.699,34760.2974,753002.1291,81338.5875,643707.687,74797.2461,50762.976,3635.9257,1773,1562,0,0,0.0022090159921593256,99.77909840078408
4923,CA-2020-114055,,,Second Class,MH-18115,Mick Hernandez,Home Office,United States,Huntsville,Alabama,South,OFF-FA-10003059,Office Supplies,Fasteners,Assorted Color Push Pins,435.62,2,1.1946,No,Cards,,,,,,,,217.81,0.5973,0.2742298333409853,9,7813.093,170.97460000000004,3,526.136,2.8598000000000003,6,0.5435476758860828,252121.081,26551.7163,11884.58,3336.3075000000003,6929.0068,365.9029000000001,303059.0679,36117.7193,643707.687,74797.2461,15205.238,598.4175,568,985,0,0,0.0013298352488754636,99.86701647511246
8661,CA-2020-124765,,,Standard Class,HZ-14950,Henia Zydlo,Consumer,United States,Fort Lauderdale,Florida,South,FUR-BO-10003965,Furniture,Bookcases,O'Sullivan Manor Hill 2-Door Library in Brianna Oak,768.92,5,-81.441,No,Online,,,,,,,,153.784,-16.2882,-10.591609010040056,5,3237.52,-130.3879,2,1119.586,-95.9194,7,-8.56739902070944,252121.081,26551.7163,49914.999,-227.7464999999999,3704.299,-24.445300000000003,753002.1291,81338.5875,451508.6452,10006.6112,57577.6862,-342.88830000000013,1773,1562,0,0,0.00211372021708231,99.78862797829177
6425,CA-2020-115777,,,Standard Class,DO-13645,Doug O'Connell,Consumer,United States,Lawrence,Massachusetts,East,OFF-PA-10000552,Office Supplies,Paper,Xerox 200,111.44,3,9.3312,No,COD,,,,,,,,37.14666666666667,3.1104000000000003,8.373295046661882,6,1836.676,267.2436,3,139.952,20.9952,8,15.001714873670974,450234.666,53400.4243,14302.34,2768.8647,4480.892,1279.5877,753002.1291,81338.5875,643707.687,74797.2461,99453.612,21112.3779,1773,1717,0,0,0.002062295315924331,99.79377046840757
6671,CA-2020-161088,,,Standard Class,MH-18115,Mick Hernandez,Home Office,United States,Columbus,Georgia,South,OFF-BI-10002824,Office Supplies,Binders,Recycled Easel Ring Binders,145.84,2,13.428,No,COD,,,,,,,,72.92,6.714,9.207350521119034,9,7813.093,170.97460000000004,7,508.1,39.538,27,7.781539067112773,252121.081,26551.7163,37260.69,9994.4165,36398.885,4818.0624,303059.0679,36117.7193,643707.687,74797.2461,174978.38999999998,17885.3759,1773,1717,0,0,0.0012843764378318774,99.87156235621681
6964,CA-2019-157161,,,Second Class,JD-15895,Jonathan Doherty,Corporate,United States,Columbia,South Carolina,South,OFF-AR-10003338,Office Supplies,Art,"Eberhard Faber 3 1/2"" Golf Pencils",22.32,3,5.58,No,COD,,,,,,,,7.44,1.86,25.0,7,5181.108,1179.8412,6,572.992,24.552,18,4.284876577683458,252121.081,26551.7163,3047.23,438.7413,13705.148,2721.1764,509743.1262,57805.7991,643707.687,74797.2461,50762.976,3635.9257,568,1717,0,0,0.0017632950166339763,99.8236704983366
8297,CA-2019-166380,,2019-03-06,Standard Class,EB-13750,Edward Becker,Corporate,United States,Arlington,Virginia,South,TEC-AC-10000109,Technology,Accessories,Sony Micro Vault Click 16 GB USB 2.0 Flash Drive,111.98,2,26.8752,No,Online,,,,,,,,55.99,13.4376,24.0,8,2046.7,-257.702,5,907.444,150.0532,17,16.535808270262407,252121.081,26551.7163,32721.25,9657.4876,10043.024,3349.7609,509743.1262,57805.7991,470587.991,90458.2486,122301.086,25336.6455,1773,1562,0,0,0.0011584099271832386,99.88415900728168
7894,CA-2020-125367,,,Standard Class,NM-18445,Nathan Mautz,Home Office,United States,New York City,New York,East,OFF-BI-10002412,Office Supplies,Binders,Wilson Jones “Snap” Scratch Pad Binder Tool for Ring Binders,120.92,3,4.35,No,COD,,,,,,,,40.306666666666665,1.45,3.5974197816738336,1,120.92,4.35,4,261.72,7.249999999999998,13,2.770136023230933,450234.666,53400.4243,186748.097,41012.0212,154919.699,34760.2974,303059.0679,36117.7193,643707.687,74797.2461,174978.38999999998,17885.3759,1773,1717,0,0,0.0030832815031627,99.69167184968373
8917,US-2019-144057,2019-09-05,,Standard Class,CV-12805,Cynthia Voltz,Corporate,United States,Austin,Texas,Central,OFF-AP-10000390,Office Supplies,Appliances,Euro Pro Shark Stick Mini Vacuum,48.784,4,-131.7168,No,Online,2019.0,3.0,9.0,September,5.0,Thursday,,12.196,-32.9292,-270.0,9,3511.3136,98.9975,3,378.744,-325.6332,11,-85.97712439008936,341007.5242,27450.0071,116261.9302,-14078.1598,6177.338,-366.73759999999993,509743.1262,57805.7991,643707.687,74797.2461,80305.247,13166.6098,1773,1562,0,0,0.0006118152864545808,99.93881847135454
7148,CA-2019-139941,2019-12-06,,Standard Class,CB-12415,Christy Brittain,Consumer,United States,Long Beach,New York,East,OFF-PA-10000241,Office Supplies,Paper,"IBM Multi-Purpose Copy Paper, 8 1/2 x 11"", Case",92.94,3,41.823,No,COD,2019.0,4.0,12.0,December,6.0,Friday,,30.98,13.941,45.0,7,2126.782,275.8821,6,692.504,185.88,16,26.84172221387891,450234.666,53400.4243,186748.097,41012.0212,6831.068,1241.1823,753002.1291,81338.5875,643707.687,74797.2461,99453.612,21112.3779,1773,1717,0,0,0.0002305387312367777,99.97694612687631
5226,CA-2019-119865,,,Standard Class,AS-10090,Adam Shillingsburg,Consumer,United States,New York City,New York,East,OFF-BI-10001553,Office Supplies,Binders,SpineVue Locking Slant-D Ring Binders by Cardinal,36.56,5,12.796,No,COD,,,,,,,,7.312,2.5592,35.0,6,2066.188,-308.8758,5,394.83,15.538,15,3.935364587290733,450234.666,53400.4243,186748.097,41012.0212,154919.699,34760.2974,753002.1291,81338.5875,643707.687,74797.2461,174978.38999999998,17885.3759,1773,1717,0,0,0.0020230766228514154,99.79769233771486
5145,CA-2020-161333,2020-02-02,2020-07-02,Standard Class,JL-15835,John Lee,Consumer,United States,Los Angeles,California,West,FUR-FU-10003039,Furniture,Furnishings,"Howard Miller 11-1/2"" Diameter Grantwood Wall Clock",107.26,2,29.3284,No,COD,2020.0,1.0,2.0,February,2.0,Sunday,151.0,53.63,14.6642,27.3432780160358,7,8765.332,839.955,4,477.544,123.3518,9,25.83045750758045,522441.052,67859.9582,335190.256,49372.175,120017.4405,19174.9301,753002.1291,81338.5875,451508.6452,10006.6112,92691.218,8034.4328,1773,1717,0,0,0.006246849915748238,99.37531500842518
3572,CA-2020-168109,2020-03-07,2020-03-07,Same Day,JK-15640,Jim Kriz,Home Office,United States,Seattle,Washington,West,TEC-PH-10000702,Technology,Phones,"Square Credit Card Reader, 4 1/2"" x 4 1/2"" x 1"", White",111.992,1,2.6973,No,Online,2020.0,1.0,3.0,March,7.0,Saturday,0.0,111.992,2.6973,2.408475605400385,1,4429.972,981.3005,4,470.874,46.4535,15,9.86537799920998,522441.052,67859.9582,92975.18,21466.6555,77924.542,18839.3111,303059.0679,36117.7193,470587.991,90458.2486,196563.546,22308.9179,163,1562,0,0,0.003368079237655488,99.66319207623445
7934,CA-2020-166093,,,Standard Class,RW-19540,Rick Wilson,Corporate,United States,Brentwood,California,West,OFF-EN-10003134,Office Supplies,Envelopes,Staple envelope,115.36,2,11.68,Yes,Online,,,,,,,,57.68,5.84,10.124826629680998,4,7035.446,1660.8355,6,495.552,86.43199999999999,18,17.441560118816994,522441.052,67859.9582,335190.256,49372.175,5061.926,985.386,509743.1262,57805.7991,643707.687,74797.2461,16542.464,3508.5073,1773,1562,1,1,0.9989144907180854,99.89144907180854
5905,US-2020-153948,2020-06-11,2020-06-11,Same Day,FM-14290,Frank Merwin,Home Office,United States,San Francisco,California,West,OFF-PA-10000143,Office Supplies,Paper,Astroparche Fine Business Paper,126.4,5,12.672,No,COD,2020.0,2.0,6.0,June,11.0,Thursday,0.0,25.28,2.5344,10.025316455696204,7,4737.662,174.0986,4,307.824,49.4208,22,16.054888507718694,522441.052,67859.9582,335190.256,49372.175,80891.422,10475.5284,303059.0679,36117.7193,643707.687,74797.2461,99453.612,21112.3779,163,1717,0,0,0.0026830051140050225,99.7316994885995
3544,CA-2019-157511,,,First Class,SV-20365,Seth Vernon,Consumer,United States,Columbus,Ohio,East,OFF-AR-10002257,Office Supplies,Art,"Eldon Spacemaker Box, Quick-Snap Lid, Clear",2.672,1,0.3674,No,Cards,,,,,,,,2.672,0.3674,13.749999999999998,7,10751.148,1610.002,3,181.376,5.2438,7,2.8911212067748773,450234.666,53400.4243,68194.86,-9339.4223,36398.885,4818.0624,753002.1291,81338.5875,643707.687,74797.2461,50762.976,3635.9257,499,985,0,0,0.0043746073926953,99.56253926073046
4880,CA-2020-143567,2020-02-11,2020-05-11,Second Class,TB-21175,Thomas Boland,Corporate,United States,Henderson,Kentucky,South,OFF-EN-10004846,Office Supplies,Envelopes,Letter or Legal Size Expandable Poly String Tie Envelopes,110.32,2,2.6068,No,COD,2020.0,1.0,2.0,February,11.0,Tuesday,90.0,55.16,1.3034,2.362944162436548,3,3769.88,823.1219,3,1071.94,10.374,10,0.9677780472787656,252121.081,26551.7163,24352.73,5968.384,11188.968,2912.5989,509743.1262,57805.7991,643707.687,74797.2461,16542.464,3508.5073,568,1717,0,0,0.002361033238681047,99.76389667613189
3065,CA-2020-106859,,,Second Class,BF-11215,Benjamin Farhat,Home Office,United States,Albuquerque,New Mexico,West,OFF-ST-10000615,Office Supplies,Storage,"SimpliFile Personal File, Black Granite, 15w x 6-15/16d x 11-1/4h",105.8,8,25.424,No,COD,,,,,,,,13.225,3.178,24.03024574669187,3,1799.642,501.7357,7,807.86,63.56,25,7.867699848983735,522441.052,67859.9582,5102.638,852.3424,2434.668,496.5406,303059.0679,36117.7193,643707.687,74797.2461,150341.318,13607.0875,568,1717,0,0,0.0035335488084688896,99.6466451191531
631,US-2019-135720,2019-11-12,,Second Class,FM-14380,Fred McMath,Consumer,United States,Aurora,Colorado,West,OFF-ST-10001963,Office Supplies,Storage,Tennsco Regal Shelving Units,243.384,3,-51.7191,No,Cards,2019.0,4.0,11.0,November,12.0,Tuesday,,81.128,-17.2397,-21.25,6,1375.154,174.0132,2,1090.664,-27.3807,11,-2.510461517020824,522441.052,67859.9582,29249.064,-5825.5857,11007.588,-1444.862,753002.1291,81338.5875,643707.687,74797.2461,150341.318,13607.0875,568,985,0,0,0.00033361955450748524,99.96663804454926
9597,CA-2020-104619,,,Standard Class,KD-16495,Keith Dawkins,Corporate,United States,San Jose,California,West,OFF-BI-10004318,Office Supplies,Binders,Ibico EB-19 Dual Function Manual Binding System,311.784,2,89.9548,No,Online,,,,,,,,155.892,44.9774,28.8516408795833,7,1361.268,193.5799,8,3298.913,1086.3772,23,32.93136860535576,522441.052,67859.9582,335190.256,49372.175,3733.907,739.429,509743.1262,57805.7991,643707.687,74797.2461,174978.38999999998,17885.3759,1773,1562,0,0,0.005165340446831407,99.48346595531686
637,US-2019-123470,,,Standard Class,ME-17725,Max Engle,Consumer,United States,Aurora,Colorado,West,OFF-BI-10001989,Office Supplies,Binders,Premium Transparent Presentation Covers by GBC,18.882,3,-13.8468,No,COD,,,,,,,,6.2940000000000005,-4.6156,-73.33333333333333,5,2741.0352000000003,21.771600000000035,9,793.242,253.858,40,32.00259189503329,522441.052,67859.9582,29249.064,-5825.5857,11007.588,-1444.862,753002.1291,81338.5875,643707.687,74797.2461,174978.38999999998,17885.3759,1773,1717,0,0,0.002877436199824822,99.71225638001752
9319,US-2020-108343,,,Standard Class,AR-10825,Anthony Rawles,Corporate,United States,New York City,New York,East,OFF-PA-10000743,Office Supplies,Paper,Xerox 1977,105.36,2,6.4128,No,Cards,,,,,,,,52.68,3.2064,6.086560364464693,6,4805.496,475.136,4,413.448,26.1856,9,6.333468779628877,450234.666,53400.4243,186748.097,41012.0212,154919.699,34760.2974,509743.1262,57805.7991,643707.687,74797.2461,99453.612,21112.3779,1773,985,0,0,0.0024913286558967238,99.75086713441033
2927,CA-2020-128629,2020-10-07,,Second Class,BP-11155,Becky Pak,Consumer,United States,Columbus,Georgia,South,FUR-FU-10000771,Furniture,Furnishings,"Eldon 200 Class Desk Accessories, Smoke",101.84,3,7.9128,No,COD,2020.0,4.0,10.0,October,7.0,Wednesday,,33.946666666666665,2.6376,7.769835035349567,5,869.9110000000001,215.4027,3,286.88,55.3896,21,19.30758505298383,252121.081,26551.7163,37260.69,9994.4165,36398.885,4818.0624,753002.1291,81338.5875,451508.6452,10006.6112,92691.218,8034.4328,568,1717,0,0,0.0011116901908067509,99.88883098091932
6068,CA-2020-166695,,,Standard Class,CC-12430,Chuck Clark,Home Office,United States,Lakewood,California,West,FUR-CH-10000225,Furniture,Chairs,"Global Geo Office Task Chair, Gray",552.272,8,-97.176,No,COD,,,,,,,,69.034,-12.147,-17.595677492250196,9,3442.286,364.2663,4,1232.172,-153.862,14,-12.487055378632204,522441.052,67859.9582,335190.256,49372.175,17153.859,2476.793,303059.0679,36117.7193,451508.6452,10006.6112,181945.998,13406.7032,1773,1717,0,0,0.004831576146059058,99.51684238539409
5303,CA-2019-113831,,2019-03-06,Standard Class,AH-10690,Anna Häberlin,Corporate,United States,Springfield,Virginia,South,OFF-LA-10001297,Office Supplies,Labels,Avery 473,62.1,6,29.808,No,Cards,,,,,,,,10.35,4.968,48.0,6,5764.772,1144.0681,6,1480.4,119.232,24,8.05403944879762,252121.081,26551.7163,32721.25,9657.4876,26563.202,1508.6366,509743.1262,57805.7991,643707.687,74797.2461,19397.456,2937.2212,1773,985,0,0,0.0015616054274400506,99.843839457256
210,CA-2020-135860,2020-01-12,2020-07-12,Standard Class,JH-15985,Joseph Holt,Consumer,United States,Saginaw,Michigan,Central,OFF-FA-10000134,Office Supplies,Fasteners,"Advantus Push Pins, Aluminum Head",117.29,9,16.2099,No,Cards,2020.0,1.0,1.0,January,12.0,Sunday,182.0,13.032222222222224,1.8011,13.820359791968626,3,810.468,140.6969,3,187.01,37.8231,21,20.225175124324902,341007.5242,27450.0071,48504.684,17480.280600000002,763.86,77.18010000000001,753002.1291,81338.5875,643707.687,74797.2461,15205.238,598.4175,1773,985,0,0,0.0029118602715703175,99.70881397284298
2776,CA-2019-144729,,,Standard Class,JE-15745,Joel Eaton,Consumer,United States,San Diego,California,West,OFF-ST-10004804,Office Supplies,Storage,"Belkin 19"" Vented Equipment Shelf, Black",154.44,3,1.5444,No,Online,,,,,,,,51.48,0.5148,1.0,7,2878.243,686.7563,6,933.864,-52.5096,18,-5.622831590038806,522441.052,67859.9582,335190.256,49372.175,29269.55,3002.3181,753002.1291,81338.5875,643707.687,74797.2461,150341.318,13607.0875,1773,1562,0,0,0.00519521555508216,99.48047844449178
4911,CA-2020-127306,,,Standard Class,BH-11710,Brosina Hoffman,Consumer,United States,Johnson City,Tennessee,South,OFF-PA-10000019,Office Supplies,Paper,Xerox 1931,157.288,7,12.7008,Yes,COD,,,,,,,,22.46971428571429,1.8144,8.074869030059508,4,2356.024,561.1375,5,349.048,46.656,20,13.366642983200016,252121.081,26551.7163,26288.317,-3467.5906,876.672,-25.541400000000003,753002.1291,81338.5875,643707.687,74797.2461,99453.612,21112.3779,1773,1717,1,1,0.996694161225918,99.6694161225918
1562,CA-2020-107293,2020-05-09,2020-06-09,First Class,CS-12400,Christopher Schild,Home Office,United States,Seattle,Washington,West,OFF-AR-10003732,Office Supplies,Art,Newell 333,89.78,1,0.7228,No,Cards,2020.0,2.0,5.0,May,9.0,Saturday,31.0,89.78,0.7228,0.8050790822009357,7,4075.3985,-499.1297,6,346.028,8.2844,13,2.394141514559516,522441.052,67859.9582,92975.18,21466.6555,77924.542,18839.3111,303059.0679,36117.7193,643707.687,74797.2461,50762.976,3635.9257,499,985,0,0,0.0022517473501145416,99.77482526498854
2857,CA-2019-128594,,,First Class,DJ-13510,Don Jones,Corporate,United States,San Diego,California,West,FUR-CH-10001215,Furniture,Chairs,Global Troy Executive Leather Low-Back Tilter,1603.136,4,100.196,No,Online,,,,,,,,400.784,25.049,6.25,7,3413.898,157.5117,7,10217.894,776.519,25,7.599599291204234,522441.052,67859.9582,335190.256,49372.175,29269.55,3002.3181,509743.1262,57805.7991,451508.6452,10006.6112,181945.998,13406.7032,499,1562,0,0,0.0057591561688376995,99.42408438311622
1677,CA-2019-122728,,,Standard Class,EB-13930,Eric Barreto,Consumer,United States,San Francisco,California,West,OFF-ST-10000604,Office Supplies,Storage,Home/Office Personal File Carts,104.28,3,26.07,No,Online,,,,,,,,34.76,8.69,25.0,4,775.3040000000001,-0.7437999999999931,6,795.96,182.49,21,22.92703150912106,522441.052,67859.9582,335190.256,49372.175,80891.422,10475.5284,753002.1291,81338.5875,643707.687,74797.2461,150341.318,13607.0875,1773,1562,0,0,0.004166182406502746,99.58338175934972
4437,CA-2019-163398,2019-03-05,2019-08-05,Standard Class,CB-12415,Christy Brittain,Consumer,United States,Chicago,Illinois,Central,OFF-AR-10003217,Office Supplies,Art,Newell 316,27.384,7,2.7384,No,Cards,2019.0,1.0,3.0,March,5.0,Tuesday,153.0,3.912,0.3912,10.0,7,2126.782,275.8821,1,27.384,2.7384,7,10.0,341007.5242,27450.0071,64224.33,-9554.6539,39993.161,-6497.3566,753002.1291,81338.5875,643707.687,74797.2461,50762.976,3635.9257,1773,985,0,0,0.0002607224906920341,99.97392775093078
3673,CA-2019-104969,2019-08-04,,Standard Class,EH-14125,Eugene Hildebrand,Home Office,United States,Troy,Ohio,East,OFF-EN-10002312,Office Supplies,Envelopes,#10 Self-Seal White Envelopes,8.872,1,3.2161,No,Online,2019.0,3.0,8.0,August,4.0,Sunday,,8.872,3.2161,36.25,7,2353.639,194.0373,4,195.682,52.123,10,26.63658384521825,450234.666,53400.4243,68194.86,-9339.4223,3005.949,-32.52420000000001,303059.0679,36117.7193,643707.687,74797.2461,16542.464,3508.5073,1773,1562,0,0,0.00019962559527460442,99.98003744047253
5810,CA-2019-125017,2019-06-02,2019-11-02,Standard Class,KB-16240,Karen Bern,Corporate,United States,Chattanooga,Tennessee,South,FUR-FU-10000723,Furniture,Furnishings,"Deflect-o EconoMat Studded, No Bevel Mat for Low Pile Carpeting",132.224,4,-18.1808,No,COD,2019.0,2.0,6.0,June,2.0,Sunday,153.0,33.056,-4.5452,-13.750000000000002,4,3387.626,745.3659,6,786.328,-78.09479999999999,19,-9.931580714409254,252121.081,26551.7163,26288.317,-3467.5906,1381.803,27.1918,509743.1262,57805.7991,451508.6452,10006.6112,92691.218,8034.4328,1773,1717,0,0,0.00047293056623351997,99.95270694337664
5630,US-2019-146066,,,Second Class,RB-19465,Rick Bensley,Home Office,United States,Philadelphia,Pennsylvania,East,FUR-TA-10002530,Furniture,Tables,"Iceberg OfficeWorks 42"" Round Tables",815.292,9,-339.705,No,COD,,,,,,,,90.588,-37.745,-41.66666666666666,10,4554.328,303.5886,4,2719.542,-377.44999999999993,24,-13.879175243478494,450234.666,53400.4243,82354.95,-9297.7975,77305.44,-8065.9684,303059.0679,36117.7193,451508.6452,10006.6112,119293.743,-11091.6365,568,1717,0,0,0.0015330678677500408,99.846693213225
1216,US-2020-118087,2020-09-09,,Standard Class,SP-20620,Stefania Perrino,Corporate,United States,Philadelphia,Pennsylvania,East,OFF-AR-10003602,Office Supplies,Art,"Quartet Omega Colored Chalk, 12/Pack",105.672,1,1.5768,Yes,Online,2020.0,3.0,9.0,September,9.0,Wednesday,,105.672,1.5768,1.492164433340904,5,5433.251,-337.2606,5,573.392,20.44,10,3.564751513798588,450234.666,53400.4243,82354.95,-9297.7975,77305.44,-8065.9684,509743.1262,57805.7991,643707.687,74797.2461,50762.976,3635.9257,1773,1562,1,1,0.9943618697217373,99.43618697217373
5332,CA-2019-123120,2019-04-09,2019-08-09,Standard Class,CV-12295,Christina VanderZanden,Consumer,United States,New York City,New York,East,OFF-BI-10001460,Office Supplies,Binders,Plastic Binding Combs,60.6,5,20.4525,No,Online,2019.0,2.0,4.0,April,9.0,Tuesday,122.0,12.12,4.0905000000000005,33.75,3,1779.812,329.5903,4,314.31,72.72,20,23.13639400591772,450234.666,53400.4243,186748.097,41012.0212,154919.699,34760.2974,753002.1291,81338.5875,643707.687,74797.2461,174978.38999999998,17885.3759,1773,1562,0,0,0.0004955200658933539,99.95044799341066
4629,CA-2019-101336,,,Standard Class,CK-12760,Cyma Kinney,Corporate,United States,New York City,New York,East,OFF-AR-10003582,Office Supplies,Art,"Boston Electric Pencil Sharpener, Model 1818, Charcoal Black",140.75,5,39.41,No,Online,,,,,,,,28.15,7.882,28.0,5,1324.477,-419.5232,2,299.79,43.914,7,14.648253777644353,450234.666,53400.4243,186748.097,41012.0212,154919.699,34760.2974,509743.1262,57805.7991,643707.687,74797.2461,50762.976,3635.9257,1773,1562,0,0,0.002078346721017203,99.79216532789827
1967,CA-2020-165841,,,Standard Class,DB-13210,Dean Braden,Consumer,United States,Paterson,New Jersey,East,TEC-PH-10002103,Technology,Phones,Jabra SPEAK 410,450.97,3,78.9516,No,Online,,,,,,,,150.32333333333335,26.3172,17.507062554050158,9,3185.505,211.7618,3,1409.668,293.2488,14,20.80268545501493,450234.666,53400.4243,32086.942,7213.0952,2577.46,422.1806,753002.1291,81338.5875,470587.991,90458.2486,196563.546,22308.9179,1773,1562,0,0,0.001206723856898688,99.87932761431013
7970,CA-2019-157707,2019-10-10,2019-12-10,First Class,CC-12610,Corey Catlett,Corporate,United States,Denver,Colorado,West,FUR-CH-10004853,Furniture,Chairs,"Global Manager's Adjustable Task Chair, Storm",120.784,1,13.5882,No,Online,2019.0,4.0,10.0,October,10.0,Thursday,61.0,120.784,13.5882,11.25,4,603.0930000000001,-168.50170000000003,3,1449.408,55.8626,13,3.854166666666666,522441.052,67859.9582,29249.064,-5825.5857,7782.577,-552.0313,509743.1262,57805.7991,451508.6452,10006.6112,181945.998,13406.7032,499,1562,0,0,0.0003757262754107858,99.96242737245892
1864,US-2019-100839,,,Standard Class,NC-18625,Noah Childs,Corporate,United States,Aurora,Colorado,West,FUR-TA-10004575,Furniture,Tables,Hon 5100 Series Wood Tables,727.45,5,-465.568,No,Online,,,,,,,,145.49,-93.1136,-63.99999999999999,3,1782.65,-412.4224,5,4828.974,-29.09799999999996,20,-0.6025710637497729,522441.052,67859.9582,29249.064,-5825.5857,11007.588,-1444.862,509743.1262,57805.7991,451508.6452,10006.6112,119293.743,-11091.6365,1773,1562,0,0,0.0025270378660188055,99.74729621339812
9015,CA-2020-143084,,,Standard Class,BP-11050,Barry Pond,Corporate,United States,Los Angeles,California,West,OFF-EN-10003072,Office Supplies,Envelopes,Peel & Seel Envelopes,143.4,5,9.312,Yes,Cards,,,,,,,,28.68,1.8624,6.493723849372385,4,1292.18,207.281,1,143.4,9.312,5,6.493723849372385,522441.052,67859.9582,335190.256,49372.175,120017.4405,19174.9301,509743.1262,57805.7991,643707.687,74797.2461,16542.464,3508.5073,1773,985,1,1,0.9974771691431826,99.74771691431826
8580,CA-2019-111605,,2020-02-01,Standard Class,JW-15955,Joni Wasserman,Consumer,United States,Louisville,Kentucky,South,OFF-LA-10002368,Office Supplies,Labels,Avery 479,2.61,1,1.2006,No,COD,,,,,,,,2.61,1.2006,46.0,6,1946.928,172.0721,1,2.61,1.2006,1,46.0,252121.081,26551.7163,24352.73,5968.384,9927.42,-2338.8303,753002.1291,81338.5875,643707.687,74797.2461,19397.456,2937.2212,1773,1717,0,0,0.0011602015802877057,99.88397984197123
8382,CA-2019-134544,,,Second Class,AC-10660,Anna Chung,Consumer,United States,San Francisco,California,West,TEC-PH-10003800,Technology,Phones,i.Sound Portable Power - 8000 mAh,84.784,2,-20.1362,No,COD,,,,,,,,42.392,-10.0681,-23.75,4,477.976,-23.73,4,428.342,-59.8787,7,-13.979180187793864,522441.052,67859.9582,335190.256,49372.175,80891.422,10475.5284,753002.1291,81338.5875,470587.991,90458.2486,196563.546,22308.9179,568,1717,0,0,0.005584864772134703,99.44151352278652
548,CA-2020-162929,,,First Class,AS-10135,Adrian Shami,Home Office,United States,New York City,New York,East,OFF-PA-10002986,Office Supplies,Paper,Xerox 1898,103.36,2,6.4128,No,Cards,,,,,,,,51.68,3.2064,6.204334365325077,2,265.82000000000005,21.8496,8,692.08,88.9776,34,12.8565483759103,450234.666,53400.4243,186748.097,41012.0212,154919.699,34760.2974,303059.0679,36117.7193,643707.687,74797.2461,99453.612,21112.3779,499,985,0,0,0.003033114637343592,99.69668853626564
7185,CA-2020-133102,,,Standard Class,ED-13885,Emily Ducich,Home Office,United States,Houston,Texas,Central,OFF-SU-10000432,Office Supplies,Supplies,Acco Side-Punched Conventional Columnar Pads,103.552,2,-1.041,No,COD,,,,,,,,51.776,-0.5205,-1.0052920271940666,4,1371.238,77.1485,1,103.552,-1.041,2,-1.0052920271940666,341007.5242,27450.0071,116261.9302,-14078.1598,45159.5078,-7197.716,303059.0679,36117.7193,643707.687,74797.2461,36720.986,-1654.2767,1773,1717,0,0,0.0015455240330032854,99.84544759669967
9473,CA-2020-102925,2020-05-11,2020-10-11,Second Class,CD-12280,Christina DeMoss,Consumer,United States,New York City,New York,East,FUR-CH-10004875,Furniture,Chairs,Harbour Creations 67200 Series Stacking Chairs,166.124,2,24.2012,No,COD,2020.0,2.0,5.0,May,11.0,Monday,153.0,83.062,12.1006,14.56815390912812,2,1889.584,233.0274,5,1046.048,188.627,15,18.03234650799964,450234.666,53400.4243,186748.097,41012.0212,154919.699,34760.2974,753002.1291,81338.5875,451508.6452,10006.6112,181945.998,13406.7032,568,1717,0,0,0.005052712438722311,99.49472875612777
9271,US-2020-102183,,,Standard Class,PK-19075,Pete Kriz,Consumer,United States,New York City,New York,East,OFF-BI-10001359,Office Supplies,Binders,GBC DocuBind TL300 Electric Binding System,4330.552,6,1453.1238,No,COD,,,,,,,,721.7586666666666,242.1873,33.55516340642025,11,8812.054,2024.9500000000005,6,12890.258,2753.7593,21,21.363104601940474,450234.666,53400.4243,186748.097,41012.0212,154919.699,34760.2974,753002.1291,81338.5875,643707.687,74797.2461,174978.38999999998,17885.3759,1773,1717,0,0,0.002779320042046028,99.7220679957954
8700,CA-2020-119284,,,Standard Class,TS-21205,Thomas Seio,Corporate,United States,Nashville,Tennessee,South,TEC-PH-10000560,Technology,Phones,Samsung Galaxy S III - 16GB - pebble blue (T-Mobile),2261.936,8,223.9936,Yes,COD,,,,,,,,282.742,27.9992,9.902738185342113,2,4245.472000000001,391.1237,3,4874.862,41.99880000000002,19,0.8615382343130947,252121.081,26551.7163,26288.317,-3467.5906,4901.979,64.88539999999999,509743.1262,57805.7991,470587.991,90458.2486,196563.546,22308.9179,1773,1717,1,1,0.9966575243434674,99.66575243434674
8170,CA-2020-107174,2020-06-11,,Standard Class,AB-10060,Adam Bellavance,Home Office,United States,Seattle,Washington,West,FUR-CH-10003312,Furniture,Chairs,Hon 2090 “Pillow Soft” Series Mid Back Swivel/Tilt Chairs,491.568,2,-73.0548,No,COD,2020.0,2.0,6.0,June,11.0,Thursday,,245.784,-36.5274,-14.861585782638414,7,8167.08,2045.8747,3,2209.448,-477.666,10,-21.619246074132544,522441.052,67859.9582,92975.18,21466.6555,77924.542,18839.3111,303059.0679,36117.7193,451508.6452,10006.6112,181945.998,13406.7032,1773,1717,0,0,0.004918136251006891,99.50818637489931
5310,CA-2020-131254,,,First Class,NC-18415,Nathan Cano,Consumer,United States,Houston,Texas,Central,OFF-AR-10003876,Office Supplies,Art,"Avery Hi-Liter GlideStik Fluorescent Highlighter, Yellow Ink",112.04,5,3.912,No,COD,,,,,,,,22.408,0.7824,3.491610139235988,2,2207.534,-2251.0832000000005,1,112.04,3.912,5,3.491610139235988,341007.5242,27450.0071,116261.9302,-14078.1598,45159.5078,-7197.716,753002.1291,81338.5875,643707.687,74797.2461,50762.976,3635.9257,499,1717,0,0,0.001848642479893581,99.81513575201065
839,US-2019-137547,2019-07-03,2019-12-03,Standard Class,EB-13705,Ed Braxton,Corporate,United States,Fort Worth,Texas,Central,TEC-PH-10002365,Technology,Phones,Belkin Grip Candy Sheer Case / Cover for iPhone 5 and 5S,21.072,3,1.5804,No,COD,2019.0,3.0,7.0,July,3.0,Wednesday,153.0,7.024,0.5268,7.500000000000001,5,2625.724,93.02200000000002,3,64.972,12.9944,8,20.000000000000004,341007.5242,27450.0071,116261.9302,-14078.1598,2609.5124,-309.3716,509743.1262,57805.7991,470587.991,90458.2486,196563.546,22308.9179,1773,1717,0,0,0.0002891532501302939,99.97108467498697
1902,CA-2019-151141,,,First Class,DW-13480,Dianna Wilson,Home Office,United States,Detroit,Michigan,Central,TEC-PH-10004924,Technology,Phones,"SKILCRAFT Telephone Shoulder Rest, 2"" x 6.5"" x 2.5"", Black",14.78,2,3.9906,No,COD,,,,,,,,7.39,1.9953,27.0,4,1653.998,194.0821,2,44.34,11.9718,6,27.0,341007.5242,27450.0071,48504.684,17480.280600000002,26631.206,10803.1896,303059.0679,36117.7193,470587.991,90458.2486,196563.546,22308.9179,499,1717,0,0,0.0017052810934206537,99.82947189065794
4361,CA-2019-127642,,,First Class,CP-12340,Christine Phan,Corporate,United States,Warwick,Rhode Island,East,OFF-PA-10000565,Office Supplies,Paper,Easy-staple paper,111.96,2,54.8604,No,COD,,,,,,,,55.98,27.4302,49.0,6,1208.514,225.8225,2,289.9,137.151,5,47.30976198689204,450234.666,53400.4243,13602.71,5627.4571,752.8399999999999,1063.7956,509743.1262,57805.7991,643707.687,74797.2461,99453.612,21112.3779,499,1717,0,0,0.001697871823352962,99.8302128176647
6403,CA-2020-125472,,,First Class,BD-11725,Bruce Degenhardt,Consumer,United States,Lafayette,Louisiana,South,OFF-BI-10000591,Office Supplies,Binders,Avery Binder Labels,81.89,1,1.8672,No,COD,,,,,,,,81.89,1.8672,2.280131884234949,5,2518.59,184.4948,3,102.896,10.7364,7,10.434224848390608,252121.081,26551.7163,8369.31,1301.1721,10016.85,9772.8078,753002.1291,81338.5875,643707.687,74797.2461,174978.38999999998,17885.3759,499,1717,0,0,0.0024593707249273237,99.75406292750726
8948,CA-2020-148355,,,Standard Class,NC-18535,Nick Crebassa,Corporate,United States,New Bedford,Massachusetts,East,OFF-BI-10000201,Office Supplies,Binders,"Avery Triangle Shaped Sheet Lifters, Black, 2/Pack",264.3,5,6.15,No,Cards,,,,,,,,52.86,1.23,2.3269012485811578,5,6700.561000000001,623.8227,3,268.728,3.1980000000000004,11,1.1900509064928106,450234.666,53400.4243,14302.34,2768.8647,1159.77,26.9961,509743.1262,57805.7991,643707.687,74797.2461,174978.38999999998,17885.3759,1773,985,0,0,0.0028108201000260785,99.7189179899974
6095,CA-2020-100111,,,Standard Class,SV-20365,Seth Vernon,Consumer,United States,New York City,New York,East,OFF-ST-10000615,Office Supplies,Storage,"SimpliFile Personal File, Black Granite, 15w x 6-15/16d x 11-1/4h",154.4,4,12.712,Yes,Online,,,,,,,,38.6,3.178,8.233160621761657,7,10751.148,1610.002,7,807.86,63.56,25,7.867699848983735,450234.666,53400.4243,186748.097,41012.0212,154919.699,34760.2974,753002.1291,81338.5875,643707.687,74797.2461,150341.318,13607.0875,1773,1562,1,1,0.9978656490222,99.78656490222
3311,CA-2019-111416,,,Standard Class,LW-17215,Luke Weiss,Consumer,United States,New York City,New York,East,OFF-BI-10002026,Office Supplies,Binders,Avery Arch Ring Binders,232.4,5,78.435,No,Online,,,,,,,,46.48,15.687,33.75,6,1955.222,416.6531,9,1600.946,343.4466,43,21.452728574230488,450234.666,53400.4243,186748.097,41012.0212,154919.699,34760.2974,753002.1291,81338.5875,643707.687,74797.2461,174978.38999999998,17885.3759,1773,1562,0,0,0.0023311539267631643,99.76688460732368
5697,CA-2020-126123,,,Standard Class,AG-10765,Anthony Garverick,Home Office,United States,Chicago,Illinois,Central,OFF-BI-10000309,Office Supplies,Binders,"GBC Twin Loop Wire Binding Elements, 9/16"" Spine, Black",130.396,9,-42.4638,No,COD,,,,,,,,14.488444444444443,-4.7182,-32.5652627381208,1,241.852,-66.0118,3,349.804,-30.44,20,-8.702015986095072,341007.5242,27450.0071,64224.33,-9554.6539,39993.161,-6497.3566,303059.0679,36117.7193,643707.687,74797.2461,174978.38999999998,17885.3759,1773,1717,0,0,0.002216483954687699,99.77835160453124
4269,US-2019-131611,2019-05-11,2019-09-11,Standard Class,EP-13915,Emily Phan,Consumer,United States,Houston,Texas,Central,TEC-AC-10004001,Technology,Accessories,Logitech Wireless Headset H600 Over-The-Head Design,171.96,5,45.1395,No,Online,2019.0,2.0,5.0,May,11.0,Saturday,123.0,34.392,9.0279,26.25,14,7230.6328,-391.2423,2,404.91,133.269,10,32.913239979254655,341007.5242,27450.0071,116261.9302,-14078.1598,45159.5078,-7197.716,753002.1291,81338.5875,470587.991,90458.2486,122301.086,25336.6455,1773,1562,0,0,0.00014235197764368102,99.98576480223564
7793,CA-2020-169362,2020-12-10,,First Class,SP-20860,Sung Pak,Corporate,United States,Dallas,Texas,Central,TEC-AC-10001383,Technology,Accessories,Logitech Wireless Touch Keyboard K400,157.984,2,-1.4994,No,Cards,2020.0,4.0,12.0,December,10.0,Thursday,,78.992,-0.7497,-0.9490834514887584,4,3386.494,630.581,2,448.874,45.2319,13,10.0767475950935,341007.5242,27450.0071,116261.9302,-14078.1598,20019.1136,-1983.7422,509743.1262,57805.7991,470587.991,90458.2486,122301.086,25336.6455,499,985,0,0,0.002159764857666569,99.78402351423334
1770,CA-2020-146024,2020-02-03,2020-08-03,Standard Class,SC-20770,Stewart Carmichael,Corporate,United States,Dallas,Texas,Central,OFF-SU-10001935,Office Supplies,Supplies,Staple remover,94.976,4,-1.3952,No,COD,2020.0,1.0,2.0,February,3.0,Monday,182.0,23.744,-0.3488,-1.4690026954177895,6,4447.041,-818.908,4,428.44,-1.3952,9,-0.3256465316030249,341007.5242,27450.0071,116261.9302,-14078.1598,20019.1136,-1983.7422,509743.1262,57805.7991,643707.687,74797.2461,36720.986,-1654.2767,1773,1717,0,0,0.0018938376710416482,99.81061623289584
4864,CA-2019-125164,2019-10-11,,Standard Class,SH-19975,Sally Hughsby,Corporate,United States,New York City,New York,East,OFF-BI-10003982,Office Supplies,Binders,Wilson Jones Century Plastic Molded Ring Binders,49.848,3,16.8237,No,Cards,2019.0,4.0,10.0,October,11.0,Friday,,16.616,5.6079,33.75,11,3381.4915,447.9062,6,610.473,-20.770000000000003,30,-3.40227987150947,450234.666,53400.4243,186748.097,41012.0212,154919.699,34760.2974,509743.1262,57805.7991,643707.687,74797.2461,174978.38999999998,17885.3759,1773,985,0,0,0.00021751102135756894,99.97824889786425
1995,CA-2020-133648,,2020-02-07,Standard Class,ML-17755,Max Ludwig,Home Office,United States,Springfield,Oregon,West,OFF-FA-10004395,Office Supplies,Fasteners,Plymouth Boxed Rubber Bands by Plymouth,123.304,3,-2.1195,No,COD,,,,,,,,41.101333333333336,-0.7065,-1.7189223382858627,7,2649.914,409.5112,3,362.984,-0.2355,11,-0.064878892733564,522441.052,67859.9582,10530.43,-942.9719,26563.202,1508.6366,303059.0679,36117.7193,643707.687,74797.2461,15205.238,598.4175,1773,1717,0,0,0.002092995858235445,99.79070041417646
4961,CA-2019-166226,,,Standard Class,TC-21535,Tracy Collins,Home Office,United States,Los Angeles,California,West,OFF-AP-10002867,Office Supplies,Appliances,Fellowes Command Center 5-outlet power strip,67.84,1,18.3168,No,COD,,,,,,,,67.84,18.3168,27.0,4,1022.158,183.9338,3,410.2000000000001,-106.5088,9,-25.965090199902484,522441.052,67859.9582,335190.256,49372.175,120017.4405,19174.9301,303059.0679,36117.7193,643707.687,74797.2461,80305.247,13166.6098,1773,1717,0,0,0.006226702376007479,99.37732976239924
9456,CA-2019-140977,,,Second Class,JL-15175,James Lanier,Home Office,United States,Chattanooga,Tennessee,South,TEC-MA-10003493,Technology,Machines,Penpower WorldCard Pro Card Scanner,91.475,1,-1.8295,No,COD,,,,,,,,91.475,-1.8295,-2.0,3,1440.059,108.6515,1,91.475,-1.8295,1,-2.0,252121.081,26551.7163,26288.317,-3467.5906,1381.803,27.1918,303059.0679,36117.7193,470587.991,90458.2486,91987.561,38.10240000000037,568,1717,0,0,0.0025108604766516263,99.74891395233485
3380,CA-2020-142867,,,Standard Class,PO-19180,Philisse Overcash,Home Office,United States,Houston,Texas,Central,OFF-PA-10004610,Office Supplies,Paper,Xerox 1900,119.272,3,3.21,Yes,Online,,,,,,,,39.757333333333335,1.07,2.6913273861425986,6,2468.713,332.2028,4,168.92000000000002,24.61,15,14.569026758228745,341007.5242,27450.0071,116261.9302,-14078.1598,45159.5078,-7197.716,303059.0679,36117.7193,643707.687,74797.2461,99453.612,21112.3779,1773,1562,1,1,0.9911146933530565,99.11146933530564
9120,US-2019-155971,2019-06-06,2019-12-06,Standard Class,RB-19795,Ross Baird,Home Office,United States,Los Angeles,California,West,OFF-LA-10000452,Office Supplies,Labels,Avery 488,22.05,7,10.584,No,COD,2019.0,2.0,6.0,June,6.0,Thursday,183.0,3.15,1.512,48.0,6,3175.86,-450.758,2,25.2,12.096,8,48.00000000000001,522441.052,67859.9582,335190.256,49372.175,120017.4405,19174.9301,303059.0679,36117.7193,643707.687,74797.2461,19397.456,2937.2212,1773,1717,0,0,0.0007185529378474367,99.92814470621526
5789,CA-2020-115070,2020-10-04,,Second Class,MG-18205,Mitch Gastineau,Corporate,United States,Jacksonville,Florida,South,FUR-FU-10003829,Furniture,Furnishings,Stackable Trays,95.32,5,1.848,No,Online,2020.0,4.0,10.0,October,4.0,Sunday,,19.064,0.3696,1.9387326898866977,1,192.739,-1.2453,3,335.12,11.704,15,3.4924803055621867,252121.081,26551.7163,49914.999,-227.7464999999999,15390.086,-578.7137,509743.1262,57805.7991,451508.6452,10006.6112,92691.218,8034.4328,568,1562,0,0,0.0015024661547003346,99.84975338452998
1880,US-2020-166611,,2020-02-04,Standard Class,CK-12760,Cyma Kinney,Corporate,United States,Jacksonville,Florida,South,OFF-BI-10001191,Office Supplies,Binders,Canvas Sectional Post Binders,105.742,9,-48.1194,No,COD,,,,,,,,11.749111111111112,-5.3466,-45.50642128955381,5,1324.477,-419.5232,5,417.876,-15.7852,22,-3.777484229771512,252121.081,26551.7163,49914.999,-227.7464999999999,15390.086,-578.7137,509743.1262,57805.7991,643707.687,74797.2461,174978.38999999998,17885.3759,1773,1717,0,0,0.001415669609498029,99.8584330390502
1252,CA-2020-115602,,,Standard Class,DJ-13630,Doug Jacobs,Consumer,United States,New York City,New York,East,OFF-AR-10000462,Office Supplies,Art,Sanford Pocket Accent Highlighters,266.2,2,1.376,No,COD,,,,,,,,133.1,0.688,0.5169045830202855,2,4303.43,695.568,3,285.4,9.632,14,3.374912403644009,450234.666,53400.4243,186748.097,41012.0212,154919.699,34760.2974,753002.1291,81338.5875,643707.687,74797.2461,50762.976,3635.9257,1773,1717,0,0,0.0033312991933378685,99.66687008066621
1324,CA-2020-162635,2020-09-10,2020-10-10,First Class,EB-14170,Evan Bailliet,Consumer,United States,Wilmington,North Carolina,South,OFF-PA-10002659,Office Supplies,Paper,Avoid Verbal Orders Carbonless Minifold Book,111.816,4,3.5152,No,COD,2020.0,3.0,9.0,September,10.0,Thursday,30.0,27.954,0.8788,3.143736137940903,2,123.656,7.9552,2,230.716,11.2892,9,4.893115345272977,252121.081,26551.7163,39705.125,-4827.692300000001,2849.423,658.4048999999999,753002.1291,81338.5875,643707.687,74797.2461,99453.612,21112.3779,499,1717,0,0,0.0015231534247966707,99.84768465752033
1307,CA-2019-141397,,,First Class,RC-19825,Roy Collins,Consumer,United States,Pasadena,California,West,OFF-PA-10002986,Office Supplies,Paper,Xerox 1898,46.76,7,22.4448,No,Cards,,,,,,,,6.68,3.2064,48.00000000000001,5,941.849,57.1146,8,692.08,88.9776,34,12.8565483759103,522441.052,67859.9582,335190.256,49372.175,6709.712,147.31240000000005,753002.1291,81338.5875,643707.687,74797.2461,99453.612,21112.3779,499,985,0,0,0.007423436966799718,99.25765630332003
5001,CA-2020-159688,2020-07-05,2020-12-05,Standard Class,AB-10060,Adam Bellavance,Home Office,United States,Los Angeles,California,West,TEC-AC-10000736,Technology,Accessories,Logitech G600 MMO Gaming Mouse,171.99,1,28.7964,No,Online,2020.0,3.0,7.0,July,5.0,Sunday,153.0,171.99,28.7964,16.74306645735217,7,8167.08,2045.8747,2,582.94,172.7784,6,29.63913953408584,522441.052,67859.9582,335190.256,49372.175,120017.4405,19174.9301,303059.0679,36117.7193,470587.991,90458.2486,122301.086,25336.6455,1773,1562,0,0,0.007083856011802952,99.2916143988197
3479,CA-2019-131289,2019-08-12,,Standard Class,SP-20620,Stefania Perrino,Corporate,United States,San Francisco,California,West,OFF-AR-10003056,Office Supplies,Art,Newell 341,8.56,2,2.4824,No,COD,2019.0,3.0,8.0,August,12.0,Monday,,4.28,1.2412,29.0,5,5433.251,-337.2606,4,176.64800000000002,13.1824,12,7.462524342194646,522441.052,67859.9582,335190.256,49372.175,80891.422,10475.5284,509743.1262,57805.7991,643707.687,74797.2461,50762.976,3635.9257,1773,1717,0,0,0.0009178936642006471,99.90821063357993
6814,CA-2020-156237,,,First Class,PS-18760,Pamela Stobb,Consumer,United States,Philadelphia,Pennsylvania,East,FUR-FU-10001057,Furniture,Furnishings,Tensor Track Tree Floor Lamp,150.936,8,4.7976,No,COD,,,,,,,,18.867,0.5997,3.178565749721736,4,2411.779,-33.2266,3,719.866,36.9815,15,5.13727554850486,450234.666,53400.4243,82354.95,-9297.7975,77305.44,-8065.9684,753002.1291,81338.5875,451508.6452,10006.6112,92691.218,8034.4328,499,1717,0,0,0.0030467395016898317,99.69532604983101
1827,CA-2019-167507,,,Standard Class,SA-20830,Sue Ann Reed,Consumer,United States,Redmond,Oregon,West,FUR-FU-10002878,Furniture,Furnishings,"Seth Thomas 14"" Day/Date Wall Clock",22.784,1,4.8416,No,Cards,,,,,,,,22.784,4.8416,21.25,6,2051.45,160.7448,2,68.352,14.5248,3,21.25,522441.052,67859.9582,10530.43,-942.9719,597.473,-175.60320000000002,753002.1291,81338.5875,451508.6452,10006.6112,92691.218,8034.4328,1773,985,0,0,0.0023686793765648104,99.76313206234352
6099,CA-2020-100111,,,Standard Class,SV-20365,Seth Vernon,Consumer,United States,New York City,New York,East,OFF-FA-10000304,Office Supplies,Fasteners,Advantus Push Pins,108.36,2,1.7876,Yes,COD,,,,,,,,54.18,0.8938,1.64968623108158,7,10751.148,1610.002,5,143.676,15.2382,19,10.60594671343857,450234.666,53400.4243,186748.097,41012.0212,154919.699,34760.2974,753002.1291,81338.5875,643707.687,74797.2461,15205.238,598.4175,1773,1717,1,1,0.9978127513810858,99.78127513810858
3343,CA-2019-145982,,2019-01-09,Second Class,TB-21055,Ted Butterfield,Consumer,United States,Quincy,Massachusetts,East,FUR-TA-10001307,Furniture,Tables,"SAFCO PlanMaster Heigh-Adjustable Drafting Table Base, 43w x 30d x 30-37h, Black",244.615,1,20.967,No,Online,,,,,,,,244.615,20.967,8.57142857142857,5,1840.881,390.2113,3,3080.215,580.087,11,18.832678887675048,450234.666,53400.4243,14302.34,2768.8647,1667.635,320.894,753002.1291,81338.5875,451508.6452,10006.6112,119293.743,-11091.6365,568,1562,0,0,0.0028105531769244776,99.71894468230755
7316,CA-2020-115322,2020-11-05,,Second Class,ZC-21910,Zuschuss Carroll,Consumer,United States,New York City,New York,East,OFF-AR-10004456,Office Supplies,Art,Panasonic KP-4ABK Battery-Operated Pencil Sharpener,149.92,3,12.7368,No,Online,2020.0,4.0,11.0,November,5.0,Thursday,,49.97333333333333,4.2456000000000005,8.495731056563502,7,4130.799,-1668.6747,3,296.32,55.192800000000005,13,18.62607991360691,450234.666,53400.4243,186748.097,41012.0212,154919.699,34760.2974,753002.1291,81338.5875,643707.687,74797.2461,50762.976,3635.9257,568,1562,0,0,0.0011752190227727769,99.88247809772272
7942,CA-2019-146325,,,First Class,DS-13180,David Smith,Corporate,United States,San Diego,California,West,OFF-ST-10001590,Office Supplies,Storage,"Tenex Personal Project File with Scoop Front Design, Black",134.8,10,35.048,No,Online,,,,,,,,13.48,3.5048000000000004,26.0,5,2435.4488,-76.47229999999999,7,642.8720000000001,86.5416,27,13.461715551462811,522441.052,67859.9582,335190.256,49372.175,29269.55,3002.3181,509743.1262,57805.7991,643707.687,74797.2461,150341.318,13607.0875,499,1562,0,0,0.007562774147173486,99.24372258528265
9427,CA-2019-160479,,,Standard Class,AH-10585,Angele Hood,Consumer,United States,Seattle,Washington,West,OFF-AR-10002445,Office Supplies,Art,SANFORD Major Accent Highlighters,35.4,5,13.452,No,Online,,,,,,,,7.08,2.6904,38.0,3,463.624,42.371,5,396.088,61.7376,24,15.58683928823898,522441.052,67859.9582,92975.18,21466.6555,77924.542,18839.3111,753002.1291,81338.5875,643707.687,74797.2461,50762.976,3635.9257,1773,1562,0,0,0.004223999856517553,99.57760001434825
4307,CA-2019-161095,,,Same Day,CS-12250,Chris Selesnick,Corporate,United States,Los Angeles,California,West,OFF-BI-10002764,Office Supplies,Binders,Recycled Pressboard Report Cover with Reinforced Top Hinge,7.752,3,2.8101,No,COD,,,,,,,,2.584,0.9367,36.25,6,1471.992,196.398,5,157.99,5.7494,22,3.639091081714032,522441.052,67859.9582,335190.256,49372.175,120017.4405,19174.9301,509743.1262,57805.7991,643707.687,74797.2461,174978.38999999998,17885.3759,163,1717,0,0,0.004958838855657787,99.50411611443423
8997,US-2020-116491,2020-11-11,,First Class,PG-18820,Patrick Gardner,Consumer,United States,Dallas,Texas,Central,TEC-PH-10004531,Technology,Phones,OtterBox Commuter Series Case - iPhone 5 & 5s,143.184,2,12.3144,No,Cards,2020.0,4.0,11.0,November,11.0,Wednesday,,71.592,6.1572,8.600402279584312,9,3053.227,647.6868,3,533.108,36.374,12,6.823007720762021,341007.5242,27450.0071,116261.9302,-14078.1598,20019.1136,-1983.7422,753002.1291,81338.5875,470587.991,90458.2486,196563.546,22308.9179,499,985,0,0,0.002167586871395374,99.78324131286045
2434,US-2020-112613,,2020-01-06,Standard Class,JH-15910,Jonathan Howell,Consumer,United States,Houston,Texas,Central,TEC-PH-10001536,Technology,Phones,Spigen Samsung Galaxy S5 Case Wallet,128.368,4,4.0776,No,Online,,,,,,,,32.092,1.0194,3.176492583821513,5,892.6329999999999,-62.2148,3,360.502,28.2034,11,7.823368525001249,341007.5242,27450.0071,116261.9302,-14078.1598,45159.5078,-7197.716,753002.1291,81338.5875,470587.991,90458.2486,196563.546,22308.9179,1773,1562,0,0,0.0014138032133946526,99.85861967866053
219,CA-2019-130162,,2019-01-11,Standard Class,JH-15910,Jonathan Howell,Consumer,United States,Los Angeles,California,West,TEC-PH-10002563,Technology,Phones,Adtran 1202752G1,302.376,3,22.6782,No,COD,,,,,,,,100.792,7.5594,7.500000000000001,5,892.6329999999999,-62.2148,4,977.712,83.1534,11,8.504897147626297,522441.052,67859.9582,335190.256,49372.175,120017.4405,19174.9301,753002.1291,81338.5875,470587.991,90458.2486,196563.546,22308.9179,1773,1717,0,0,0.00430095220346568,99.56990477965343
2520,CA-2019-124352,,,Standard Class,CD-12790,Cynthia Delaney,Home Office,United States,Oklahoma City,Oklahoma,Central,OFF-LA-10003223,Office Supplies,Labels,Avery 508,29.46,6,14.4354,No,Online,,,,,,,,4.91,2.4059,49.0,2,1131.6,361.142,3,153.01,26.4649,11,17.296189791516895,341007.5242,27450.0071,17653.7,3431.8469,4453.400000000001,1007.0581,303059.0679,36117.7193,643707.687,74797.2461,19397.456,2937.2212,1773,1562,0,0,0.0017988414284942846,99.82011585715057
2800,CA-2020-158743,,,Standard Class,IG-15085,Ivan Gibson,Consumer,United States,Little Rock,Arkansas,South,OFF-BI-10003364,Office Supplies,Binders,Binding Machine Supplies,188.85,5,70.008,No,Online,,,,,,,,37.77,14.0016,37.07069102462272,2,524.13,147.7912,8,1301.985,158.1014,29,12.14310456725692,252121.081,26551.7163,9652.83,1873.9949,4745.43,728.5249,753002.1291,81338.5875,643707.687,74797.2461,174978.38999999998,17885.3759,1773,1562,0,0,0.0018588883183606022,99.81411116816395
2782,CA-2020-146724,,,Standard Class,HG-15025,Hunter Glantz,Consumer,United States,Lakeville,Minnesota,Central,OFF-AR-10001026,Office Supplies,Art,"Sanford Uni-Blazer View Highlighters, Chisel Tip, Yellow",109.0,10,9.68,No,Online,,,,,,,,10.9,0.968,8.880733944954128,5,1543.244,132.25979999999998,1,109.0,9.68,10,8.880733944954128,341007.5242,27450.0071,10808.63,2864.3483,520.52,44.7668,753002.1291,81338.5875,643707.687,74797.2461,50762.976,3635.9257,1773,1562,0,0,0.0016593866688790326,99.8340613331121
3515,CA-2020-140326,2020-04-09,2020-06-09,First Class,HW-14935,Helen Wasserman,Corporate,United States,Chicago,Illinois,Central,OFF-AR-10001149,Office Supplies,Art,"Sanford Colorific Colored Pencils, 12/Box",88.912,3,0.864,No,Online,2020.0,2.0,4.0,April,9.0,Thursday,61.0,29.63733333333333,0.288,0.9717473456901206,7,10074.934,2146.9635,4,149.392,19.008,24,12.723572882082038,341007.5242,27450.0071,64224.33,-9554.6539,39993.161,-6497.3566,509743.1262,57805.7991,643707.687,74797.2461,50762.976,3635.9257,499,1562,0,0,0.0024138584418905225,99.75861415581095
8106,CA-2020-159149,,,First Class,CR-12820,Cyra Reiten,Home Office,United States,Houston,Texas,Central,FUR-BO-10001601,Furniture,Bookcases,"Sauder Mission Library with Doors, Fruitwood Finish",132.0664,1,-17.0274,No,Online,,,,,,,,132.0664,-17.0274,-12.893059854739738,2,1631.7524,81.1383,2,782.5311999999999,-136.2192,8,-17.407510397029537,341007.5242,27450.0071,116261.9302,-14078.1598,45159.5078,-7197.716,303059.0679,36117.7193,451508.6452,10006.6112,57577.6862,-342.88830000000013,499,1562,0,0,0.0030809138273874665,99.69190861726125
2242,US-2019-126893,,2019-01-12,Standard Class,CT-11995,Carol Triggs,Consumer,United States,Philadelphia,Pennsylvania,East,TEC-PH-10004165,Technology,Phones,Mitel MiVoice 5330e IP Phone,494.982,3,-115.4958,No,COD,,,,,,,,164.994,-38.4986,-23.33333333333333,5,1592.7040000000002,-144.1947,5,4190.85,54.997999999999976,20,1.3123352064616955,450234.666,53400.4243,82354.95,-9297.7975,77305.44,-8065.9684,753002.1291,81338.5875,470587.991,90458.2486,196563.546,22308.9179,1773,1717,0,0,0.0013670062588132695,99.86329937411867
4753,CA-2020-103499,,,Standard Class,ES-14020,Erica Smith,Consumer,United States,Jackson,Tennessee,South,FUR-CH-10001482,Furniture,Chairs,Office Star - Mesh Screen back chair with Vinyl seat,244.568,2,-23.5764,No,Cards,,,,,,,,122.284,-11.7882,-9.640018318013803,3,3514.322,944.0231,3,1074.35,-183.372,10,-17.068180760459818,252121.081,26551.7163,26288.317,-3467.5906,22696.316,6388.0094,753002.1291,81338.5875,451508.6452,10006.6112,181945.998,13406.7032,1773,985,0,0,0.0034857433203009324,99.6514256679699
9663,CA-2019-160717,2019-06-06,2019-11-06,Standard Class,ME-17320,Maria Etezadi,Home Office,United States,Santa Barbara,California,West,TEC-PH-10001760,Technology,Phones,Bose SoundLink Bluetooth Speaker,477.6,3,161.19,No,Online,2019.0,2.0,6.0,June,6.0,Thursday,153.0,159.20000000000002,53.73,33.75,8,6665.056,525.5449,3,1442.8,483.57,9,33.51607984474633,522441.052,67859.9582,335190.256,49372.175,3991.088,492.3118,303059.0679,36117.7193,470587.991,90458.2486,196563.546,22308.9179,1773,1562,0,0,0.0008272012035951566,99.91727987964049
2025,US-2020-111241,,,Second Class,GM-14500,Gene McClure,Consumer,United States,Fresno,California,West,OFF-BI-10002867,Office Supplies,Binders,GBC Recycled Regency Composition Covers,259.12,5,77.714,No,Cards,,,,,,,,51.824,15.5428,29.991509725223835,6,602.516,79.17779999999999,2,752.36,297.7044,13,39.56940826200223,522441.052,67859.9582,335190.256,49372.175,4078.446,665.5685,753002.1291,81338.5875,643707.687,74797.2461,174978.38999999998,17885.3759,568,985,0,0,0.004641294988101603,99.53587050118983
8269,CA-2020-121790,,2020-06-02,Standard Class,LP-17095,Liz Preis,Consumer,United States,Aurora,Illinois,Central,OFF-SU-10004231,Office Supplies,Supplies,Acme Tagit Stainless Steel Antibacterial Scissors,120.68,4,2.772,No,Online,,,,,,,,30.17,0.693,2.296983758700696,7,4311.399,338.4454,4,426.64,26.235,15,6.149212450778173,341007.5242,27450.0071,64224.33,-9554.6539,11007.588,-1444.862,753002.1291,81338.5875,643707.687,74797.2461,36720.986,-1654.2767,1773,1562,0,0,0.0020189601345401444,99.79810398654598
132,US-2020-164147,2020-02-02,2020-05-02,First Class,DW-13585,Dorothy Wardle,Corporate,United States,Columbus,Ohio,East,OFF-PA-10002377,Office Supplies,Paper,Xerox 1916,2109.304,2,29.364,No,Online,2020.0,1.0,2.0,February,2.0,Sunday,90.0,1054.652,14.682,1.3921179687707417,5,2883.862,97.7234,9,3020.472,209.3,38,6.929380573632201,450234.666,53400.4243,68194.86,-9339.4223,36398.885,4818.0624,509743.1262,57805.7991,643707.687,74797.2461,99453.612,21112.3779,499,1562,0,0,0.0019140755579932147,99.80859244420068
586,CA-2020-145233,2020-01-12,2020-05-12,Standard Class,DV-13465,Dianna Vittorini,Consumer,United States,Denver,Colorado,West,TEC-PH-10001254,Technology,Phones,Jabra BIZ 2300 Duo QD Duo Corded Headset,449.368,4,30.4776,No,Cards,2020.0,1.0,1.0,January,12.0,Sunday,121.0,112.342,7.6194,6.78232539922736,3,1726.017,241.6001,3,1465.288,106.6716,14,7.279906748707421,522441.052,67859.9582,29249.064,-5825.5857,7782.577,-552.0313,753002.1291,81338.5875,470587.991,90458.2486,196563.546,22308.9179,1773,985,0,0,0.003245658898859231,99.67543411011408
1577,CA-2019-109057,,,Standard Class,TT-21460,Tonja Turnell,Home Office,United States,Aurora,Illinois,Central,OFF-ST-10002406,Office Supplies,Storage,Pizazz Global Quick File,23.952,2,2.3952,No,Online,,,,,,,,11.976,1.1976,10.0,6,4209.696,843.3818000000001,3,143.71200000000002,35.928,10,25.0,341007.5242,27450.0071,64224.33,-9554.6539,11007.588,-1444.862,303059.0679,36117.7193,643707.687,74797.2461,150341.318,13607.0875,1773,1562,0,0,0.001574550068522909,99.84254499314771
3562,CA-2020-109757,2020-04-09,2020-09-09,Second Class,MD-17350,Maribeth Dona,Consumer,United States,Akron,Ohio,East,OFF-BI-10004001,Office Supplies,Binders,GBC Recycled VeloBinder Covers,122.56,5,-20.448,No,COD,2020.0,2.0,4.0,April,9.0,Thursday,153.0,24.512,-4.0896,-16.684073107049606,4,1653.158,-209.7186,5,440.112,-11.927999999999994,25,-2.7102192169266,450234.666,53400.4243,68194.86,-9339.4223,2754.528,-98.7128,753002.1291,81338.5875,643707.687,74797.2461,174978.38999999998,17885.3759,568,1717,0,0,0.002631295507064771,99.73687044929352
6032,CA-2019-101168,,2020-01-01,Standard Class,SS-20140,Saphhira Shifley,Corporate,United States,Nashua,New Hampshire,East,FUR-FU-10003142,Furniture,Furnishings,"Master Big Foot Doorstop, Beige",21.12,4,6.5472,No,COD,,,,,,,,5.28,1.6368,31.0,6,2876.74,394.5895,4,314.04,29.4624,18,9.38173481085212,450234.666,53400.4243,2848.01,697.1219,162.94,13.5126,509743.1262,57805.7991,451508.6452,10006.6112,92691.218,8034.4328,1773,1717,0,0,0.002237206879513102,99.77627931204869
1179,CA-2019-113621,2019-01-12,2019-05-12,Standard Class,JE-15745,Joel Eaton,Consumer,United States,Rockville,Maryland,East,TEC-PH-10003931,Technology,Phones,JBL Micro Wireless Portable Bluetooth Speaker,179.97,3,44.9925,No,COD,2019.0,1.0,1.0,January,12.0,Saturday,120.0,59.99,14.9975,25.0,7,2878.243,686.7563,3,448.936,23.996,8,5.345082595291979,450234.666,53400.4243,16090.103,3860.6173,442.9500000000001,120.2673,753002.1291,81338.5875,470587.991,90458.2486,196563.546,22308.9179,1773,1717,0,0,0.0002708812601311188,99.97291187398689
881,CA-2020-111689,,2020-02-12,Second Class,HP-14815,Harold Pawlan,Home Office,United States,New York City,New York,East,FUR-CH-10004287,Furniture,Chairs,SAFCO Arco Folding Chair,1263.9,5,262.39,No,Online,,,,,,,,252.78000000000003,52.478,20.76034496400032,2,1613.294,293.8761,6,4748.780000000001,745.74,20,15.703822876612517,450234.666,53400.4243,186748.097,41012.0212,154919.699,34760.2974,303059.0679,36117.7193,451508.6452,10006.6112,181945.998,13406.7032,568,1562,0,0,0.002986196555345456,99.70138034446545
2869,CA-2019-115588,2019-10-11,2019-12-11,Second Class,AF-10885,Art Foster,Consumer,United States,Toledo,Ohio,East,OFF-ST-10001558,Office Supplies,Storage,Acco Perma 4000 Stacking Storage Drawers,38.976,3,-2.436,No,Cards,2019.0,4.0,10.0,October,11.0,Friday,61.0,12.992,-0.8119999999999999,-6.25,1,53.696,-5.747999999999999,7,418.808,21.924,21,5.234857022788486,450234.666,53400.4243,68194.86,-9339.4223,2346.841,240.4926,753002.1291,81338.5875,643707.687,74797.2461,150341.318,13607.0875,568,985,0,0,0.0002768613530318353,99.97231386469682
7128,US-2019-117541,,,Standard Class,JM-16195,Justin MacKendrick,Consumer,United States,Newark,Delaware,East,OFF-PA-10001609,Office Supplies,Paper,Tops Wirebound Message Log Books,16.45,5,7.567,No,Online,,,,,,,,3.29,1.5134,46.0,5,1265.142,258.5446,3,50.666,18.6872,18,36.88311688311688,450234.666,53400.4243,12515.703,7029.9107,15319.841,6042.2924,753002.1291,81338.5875,643707.687,74797.2461,99453.612,21112.3779,1773,1562,0,0,0.0020097545624708606,99.7990245437529
8185,US-2020-101721,,,Standard Class,MY-17380,Maribeth Yedwab,Corporate,United States,Chicago,Illinois,Central,OFF-PA-10003641,Office Supplies,Paper,Xerox 1909,145.312,3,20.5764,No,Online,,,,,,,,48.437333333333335,6.8588,14.16015194890993,6,2617.525,316.4715,5,760.292,261.16200000000003,25,34.350223335244884,341007.5242,27450.0071,64224.33,-9554.6539,39993.161,-6497.3566,509743.1262,57805.7991,643707.687,74797.2461,99453.612,21112.3779,1773,1562,0,0,0.0014644675131292285,99.85355324868708
2459,CA-2020-140949,,,Second Class,DB-13405,Denny Blanton,Consumer,United States,New York City,New York,East,OFF-ST-10003455,Office Supplies,Storage,"Tenex File Box, Personal Filing Tote with Lid, Black",137.53,3,12.0978,No,COD,,,,,,,,45.84333333333333,4.0326,8.796480767832472,2,1679.084,172.5842,5,399.67,57.0768,18,14.280981809993245,450234.666,53400.4243,186748.097,41012.0212,154919.699,34760.2974,753002.1291,81338.5875,643707.687,74797.2461,150341.318,13607.0875,568,1717,0,0,0.0031016708412347368,99.68983291587654
9253,CA-2020-102309,,,Second Class,DO-13645,Doug O'Connell,Consumer,United States,Pine Bluff,Arkansas,South,TEC-AC-10001114,Technology,Accessories,Microsoft Wireless Mobile Mouse 4000,238.95,5,63.984,No,Online,,,,,,,,47.79,12.7968,26.77715003138732,6,1836.676,267.2436,4,869.852,183.954,15,21.147735476839745,252121.081,26551.7163,9652.83,1873.9949,354.91,70.2048,753002.1291,81338.5875,470587.991,90458.2486,122301.086,25336.6455,568,1562,0,0,0.001695754452763091,99.83042455472369
3946,CA-2020-167871,,,Standard Class,AF-10870,Art Ferguson,Consumer,United States,Homestead,Florida,South,OFF-PA-10001977,Office Supplies,Paper,Xerox 194,159.384,1,15.5344,No,COD,,,,,,,,159.384,15.5344,9.746524117853737,6,2482.128,315.9484,2,325.824,95.4256,4,29.28746808092713,252121.081,26551.7163,49914.999,-227.7464999999999,384.552,22.3291,753002.1291,81338.5875,643707.687,74797.2461,99453.612,21112.3779,1773,1717,0,0,0.0012782011806733652,99.87217988193267
6800,CA-2019-109827,,2020-01-01,Standard Class,LW-16825,Laurel Workman,Corporate,United States,Phoenix,Arizona,West,FUR-TA-10002607,Furniture,Tables,KI Conference Tables,35.445,1,-24.1026,No,Online,,,,,,,,35.445,-24.1026,-68.0,2,611.943,-391.0164,4,729.4549999999999,-219.759,15,-30.126464278125454,522441.052,67859.9582,22914.556,-2761.11,7488.776,-2054.446,509743.1262,57805.7991,451508.6452,10006.6112,119293.743,-11091.6365,1773,1562,0,0,0.004488371577897995,99.5511628422102
6832,US-2020-123204,,,Standard Class,CS-11860,Cari Schnelling,Consumer,United States,New York City,New York,East,OFF-AP-10002287,Office Supplies,Appliances,"Eureka Sanitaire  Multi-Pro Heavy-Duty Upright, Disposable Bags",123.48,4,4.5448,No,Online,,,,,,,,30.87,1.1362,3.680596047942987,3,323.64,14.924500000000002,4,371.912,12.236,20,3.290025597453161,450234.666,53400.4243,186748.097,41012.0212,154919.699,34760.2974,753002.1291,81338.5875,643707.687,74797.2461,80305.247,13166.6098,1773,1562,0,0,0.003093529613129002,99.6906470386871
9760,CA-2019-146913,,2019-05-11,Standard Class,SF-20965,Sylvia Foulston,Corporate,United States,San Francisco,California,West,FUR-CH-10001854,Furniture,Chairs,Office Star - Professional Matrix Back Chair with 2-to-1 Synchro Tilt and Mesh Fabric Seat,1403.92,5,70.196,No,COD,,,,,,,,280.784,14.0392,5.0,4,2302.263,78.68469999999999,4,3193.82,491.37200000000007,10,15.38508745013808,522441.052,67859.9582,335190.256,49372.175,80891.422,10475.5284,509743.1262,57805.7991,451508.6452,10006.6112,181945.998,13406.7032,1773,1717,0,0,0.005278032157149793,99.47219678428502
8282,CA-2020-134810,2020-09-05,2020-10-05,First Class,MC-17605,Matt Connell,Corporate,United States,Jacksonville,North Carolina,South,FUR-CH-10001270,Furniture,Chairs,Harbour Creations Steel Folding Chair,240.0,3,25.875,No,COD,2020.0,3.0,9.0,September,5.0,Saturday,30.0,80.0,8.625,10.78125,5,1083.404,132.99,4,838.75,155.25,12,18.5096870342772,252121.081,26551.7163,39705.125,-4827.692300000001,15390.086,-578.7137,509743.1262,57805.7991,451508.6452,10006.6112,181945.998,13406.7032,499,1717,0,0,0.0009320364346667859,99.90679635653332
8485,CA-2020-142391,,,Same Day,PB-19150,Philip Brown,Consumer,United States,Seattle,Washington,West,FUR-FU-10002759,Furniture,Furnishings,12-1/2 Diameter Round Wall Clock,243.8,10,71.928,No,COD,,,,,,,,24.380000000000003,7.1928,29.50287120590648,2,627.6,110.308,4,594.6320000000001,86.3136,22,14.5154650271092,522441.052,67859.9582,92975.18,21466.6555,77924.542,18839.3111,753002.1291,81338.5875,451508.6452,10006.6112,92691.218,8034.4328,163,1717,0,0,0.005708940829030733,99.42910591709693
6979,CA-2020-155159,,,Second Class,DL-13315,Delfina Latchford,Consumer,United States,Atlanta,Georgia,South,OFF-PA-10003724,Office Supplies,Paper,"Wirebound Message Book, 4 per Page",150.87,9,23.9463,No,COD,,,,,,,,16.763333333333335,2.6607000000000003,15.872141578842712,5,1550.134,300.7687,4,491.32,63.8568,24,12.99698770658634,252121.081,26551.7163,37260.69,9994.4165,9930.34,3283.7360000000003,753002.1291,81338.5875,643707.687,74797.2461,99453.612,21112.3779,568,1717,0,0,0.0017820033155088778,99.8217996684491
7172,CA-2020-125381,,,Second Class,SG-20605,Speros Goranitis,Consumer,United States,San Francisco,California,West,TEC-AC-10000158,Technology,Accessories,Sony 64GB Class 10 Micro SDHC R40 Memory Card,133.97,3,22.6737,No,Cards,,,,,,,,44.656666666666666,7.5579,16.92446070015675,2,264.89,25.4597,7,946.404,108.3299,21,11.446475289622612,522441.052,67859.9582,335190.256,49372.175,80891.422,10475.5284,753002.1291,81338.5875,470587.991,90458.2486,122301.086,25336.6455,568,985,0,0,0.005897042143103743,99.41029578568963
4477,CA-2020-121300,,,Same Day,MG-17680,Maureen Gastineau,Home Office,United States,Mentor,Ohio,East,OFF-PA-10002606,Office Supplies,Paper,Xerox 1928,122.448,2,2.64,No,COD,,,,,,,,61.224,1.32,2.156017248137985,2,2728.316,14.178599999999978,2,169.968,24.024,11,14.13442530358656,450234.666,53400.4243,68194.86,-9339.4223,1071.13,-123.27420000000002,303059.0679,36117.7193,643707.687,74797.2461,99453.612,21112.3779,163,1717,0,0,0.0022310729802603874,99.77689270197396
9774,CA-2019-160234,,2019-03-07,Standard Class,PF-19225,Phillip Flathmann,Consumer,United States,Atlanta,Georgia,South,TEC-PH-10004434,Technology,Phones,Cisco IP Phone 7961G VoIP phone - Dark gray,135.95,1,39.4255,No,COD,,,,,,,,135.95,39.4255,29.000000000000004,5,2493.128,591.3118000000001,1,135.95,39.4255,1,29.000000000000004,252121.081,26551.7163,37260.69,9994.4165,9930.34,3283.7360000000003,753002.1291,81338.5875,470587.991,90458.2486,196563.546,22308.9179,1773,1717,0,0,0.001590387093560662,99.84096129064393
5147,CA-2020-161333,2020-02-02,2020-07-02,Standard Class,JL-15835,John Lee,Consumer,United States,Los Angeles,California,West,OFF-AP-10000252,Office Supplies,Appliances,Harmony HEPA Quiet Air Purifiers,291.8,4,16.38,No,COD,2020.0,1.0,2.0,February,2.0,Sunday,151.0,72.95,4.095,5.613433858807402,7,8765.332,839.955,4,461.7,37.44,12,8.10916179337232,522441.052,67859.9582,335190.256,49372.175,120017.4405,19174.9301,753002.1291,81338.5875,643707.687,74797.2461,80305.247,13166.6098,1773,1717,0,0,0.006908912179110257,99.30910878208897
6113,CA-2019-124590,2019-12-11,,Standard Class,SP-20920,Susan Pistek,Consumer,United States,Parma,Ohio,East,OFF-FA-10000585,Office Supplies,Fasteners,OIC Bulk Pack Metal Binder Clips,16.752,6,5.4444,No,Online,2019.0,4.0,12.0,December,11.0,Wednesday,,2.792,0.9074,32.5,5,4517.869,-9.526600000000002,5,247.726,23.034,20,9.29817621081356,450234.666,53400.4243,68194.86,-9339.4223,3910.416,36.0322,753002.1291,81338.5875,643707.687,74797.2461,15205.238,598.4175,1773,1562,0,0,0.00027513451505907244,99.97248654849409
7992,CA-2019-133872,,,First Class,VM-21835,Vivian Mathis,Consumer,United States,Boca Raton,Florida,South,OFF-BI-10002082,Office Supplies,Binders,GBC Twin Loop Wire Binding Elements,39.936,4,-26.624,No,Cards,,,,,,,,9.984,-6.656,-66.66666666666666,4,491.41,110.1253,8,1017.512,279.552,39,27.474074015834702,252121.081,26551.7163,49914.999,-227.7464999999999,58.4,-24.316,753002.1291,81338.5875,643707.687,74797.2461,174978.38999999998,17885.3759,499,985,0,0,0.002673568644342856,99.73264313556571
6643,CA-2020-128328,2020-05-08,2020-09-08,Standard Class,PO-18865,Patrick O'Donnell,Consumer,United States,Indianapolis,Indiana,Central,OFF-LA-10003498,Office Supplies,Labels,Avery 475,154.2,9,66.6,No,COD,2020.0,2.0,5.0,May,8.0,Friday,123.0,17.133333333333333,7.399999999999999,43.190661478599225,5,2470.102,305.6739,3,801.0,111.0,15,13.857677902621724,341007.5242,27450.0071,32039.23,15524.6596,8176.94,1678.3742,753002.1291,81338.5875,643707.687,74797.2461,19397.456,2937.2212,1773,1717,0,0,0.0019406953510859586,99.8059304648914
8405,CA-2020-140480,2020-08-07,2020-12-07,Standard Class,HE-14800,Harold Engle,Corporate,United States,Newark,Delaware,East,FUR-FU-10003247,Furniture,Furnishings,36X48 HARDFLOOR CHAIRMAT,108.92,4,5.8744,No,COD,2020.0,3.0,8.0,August,7.0,Friday,122.0,27.23,1.4686,5.39331619537275,4,2057.532,274.4028,5,557.68,-35.0366,19,-6.282563477262946,450234.666,53400.4243,12515.703,7029.9107,15319.841,6042.2924,509743.1262,57805.7991,451508.6452,10006.6112,92691.218,8034.4328,1773,1717,0,0,0.0019448337056951054,99.80551662943049
3102,CA-2020-119578,,,Second Class,JG-15310,Jason Gross,Corporate,United States,Providence,Rhode Island,East,OFF-SU-10003505,Office Supplies,Supplies,Premier Electric Letter Opener,144.16,6,34.758,No,Online,,,,,,,,24.026666666666667,5.793,24.1107103218646,6,1940.58,3.7976000000000014,8,2149.608,-7.105427357601002e-15,24,-3.3054526023354043e-16,450234.666,53400.4243,13602.71,5627.4571,10165.32,4353.5854,509743.1262,57805.7991,643707.687,74797.2461,36720.986,-1654.2767,568,1562,0,0,0.00177887766331879,99.82211223366812
3941,CA-2020-117863,,,Standard Class,TS-21340,Toby Swindell,Consumer,United States,New York City,New York,East,FUR-FU-10002456,Furniture,Furnishings,"Master Caster Door Stop, Large Neon Orange",112.56,2,6.2608,No,Cards,,,,,,,,56.28,3.1304,5.562189054726368,1,214.608,7.289499999999999,3,244.768,3.4216,9,1.3978951496927703,450234.666,53400.4243,186748.097,41012.0212,154919.699,34760.2974,753002.1291,81338.5875,451508.6452,10006.6112,92691.218,8034.4328,1773,985,0,0,0.0030161046591581186,99.69838953408419
4823,CA-2019-134222,2019-10-07,2019-11-07,Same Day,NZ-18565,Nick Zandusky,Home Office,United States,Yuma,Arizona,West,OFF-BI-10001658,Office Supplies,Binders,GBC Standard Therm-A-Bind Covers,44.856,6,-35.8848,No,COD,2019.0,4.0,10.0,October,7.0,Monday,31.0,7.476,-5.9808,-80.0,7,1304.882,71.77680000000001,7,441.072,-6.977600000000001,22,-1.5819639423948924,522441.052,67859.9582,22914.556,-2761.11,886.865,-465.9909,303059.0679,36117.7193,643707.687,74797.2461,174978.38999999998,17885.3759,163,1717,0,0,0.00035117212188882625,99.96488278781112
5926,CA-2020-150420,2020-03-06,2020-08-06,Standard Class,GD-14590,Giulietta Dortch,Corporate,United States,Bellingham,Washington,West,TEC-AC-10004975,Technology,Accessories,Plantronics Audio 995 Wireless Stereo Headset,1147.5,10,362.835,No,COD,2020.0,1.0,3.0,March,6.0,Friday,153.0,114.75,36.2835,31.619607843137253,3,2157.75,208.9345,3,1707.25,544.2524999999999,15,31.87889881388197,522441.052,67859.9582,92975.18,21466.6555,3980.24,610.5908,509743.1262,57805.7991,470587.991,90458.2486,122301.086,25336.6455,1773,1717,0,0,0.0038936214512772407,99.61063785487228
9624,CA-2020-137449,,,First Class,ME-17725,Max Engle,Consumer,United States,Dallas,Texas,Central,OFF-AP-10000240,Office Supplies,Appliances,Belkin F9G930V10-GRY 9 Outlet Surge,123.392,2,-54.5496,No,Online,,,,,,,,61.696,-27.2748,-44.2083765560166,5,2741.0352000000003,21.771600000000035,1,123.392,-54.5496,2,-44.2083765560166,341007.5242,27450.0071,116261.9302,-14078.1598,20019.1136,-1983.7422,753002.1291,81338.5875,643707.687,74797.2461,80305.247,13166.6098,499,1562,0,0,0.0037683806598244,99.62316193401756
8365,CA-2020-137631,,2020-02-05,Standard Class,JL-15235,Janet Lee,Consumer,United States,Kissimmee,Florida,South,TEC-PH-10002624,Technology,Phones,Samsung Galaxy S4 Mini,773.984,2,84.5982,No,Online,,,,,,,,386.992,42.2991,10.93022594782321,3,1537.712,191.55480000000003,4,4288.91,892.981,10,20.82069803283352,252121.081,26551.7163,49914.999,-227.7464999999999,773.984,84.5982,753002.1291,81338.5875,470587.991,90458.2486,196563.546,22308.9179,1773,1562,0,0,0.0017624222192022584,99.82375777807977
6904,CA-2020-111220,2020-02-09,2020-08-09,Standard Class,JS-15595,Jill Stevenson,Corporate,United States,Chicago,Illinois,Central,OFF-AP-10003278,Office Supplies,Appliances,Belkin 7-Outlet SurgeMaster Home Series,82.588,2,-15.0876,No,Cards,2020.0,1.0,2.0,February,9.0,Sunday,182.0,41.294,-7.5438,-18.268513585508792,2,1239.468,24.6734,4,394.202,-0.838200000000001,9,-0.2126321023231747,341007.5242,27450.0071,64224.33,-9554.6539,39993.161,-6497.3566,509743.1262,57805.7991,643707.687,74797.2461,80305.247,13166.6098,1773,985,0,0,0.0032104130102758523,99.67895869897242
1039,CA-2020-121818,,,First Class,JH-15430,Jennifer Halladay,Consumer,United States,Burlington,North Carolina,South,OFF-AR-10000203,Office Supplies,Art,Newell 336,96.968,7,2.6964,No,Cards,,,,,,,,13.852571428571428,0.3852,2.7807111624453427,3,1243.609,-42.8664,2,204.088,7.661200000000001,11,3.753870879228568,252121.081,26551.7163,39705.125,-4827.692300000001,13302.982,-4814.8042000000005,753002.1291,81338.5875,643707.687,74797.2461,50762.976,3635.9257,499,985,0,0,0.0017719072231638675,99.8228092776836
2973,CA-2020-167941,2020-06-11,2020-09-11,Second Class,JF-15565,Jill Fjeld,Consumer,United States,Fayetteville,North Carolina,South,OFF-ST-10000736,Office Supplies,Storage,Carina Double Wide Media Storage Towers in Natural & Black,304.136,4,-51.8272,No,Online,2020.0,2.0,6.0,June,11.0,Thursday,92.0,76.034,-12.9568,-17.04079753794355,5,3422.194,847.3051,6,1555.524,-48.588,15,-3.123577649718037,252121.081,26551.7163,39705.125,-4827.692300000001,6637.362,874.6273,753002.1291,81338.5875,643707.687,74797.2461,150341.318,13607.0875,568,1562,0,0,0.001611216473695484,99.83887835263046
5778,CA-2019-112060,2019-04-12,2019-09-12,Standard Class,KT-16465,Kean Takahito,Consumer,United States,San Francisco,California,West,OFF-PA-10000994,Office Supplies,Paper,Xerox 1915,104.85,1,50.328,No,COD,2019.0,2.0,4.0,April,12.0,Friday,153.0,104.85,50.328,48.00000000000001,3,1626.352,156.40300000000002,7,2473.79,1044.306,22,42.21482017471168,522441.052,67859.9582,335190.256,49372.175,80891.422,10475.5284,753002.1291,81338.5875,643707.687,74797.2461,99453.612,21112.3779,1773,1717,0,0,0.0009807011269795478,99.90192988730205
8188,CA-2019-127194,2019-10-12,,Standard Class,BW-11110,Bart Watters,Corporate,United States,New York City,New York,East,OFF-PA-10000659,Office Supplies,Paper,"Adams Phone Message Book, Professional, 400 Message Capacity, 5 3/6” x 11”",62.82,9,29.5254,No,Cards,2019.0,4.0,10.0,October,12.0,Saturday,,6.98,3.2806,47.0,6,4469.734,817.8851999999999,3,266.5,96.1014,19,36.060562851782365,450234.666,53400.4243,186748.097,41012.0212,154919.699,34760.2974,509743.1262,57805.7991,643707.687,74797.2461,99453.612,21112.3779,1773,985,0,0,0.0003575126382695063,99.96424873617305
1452,CA-2019-133711,,,First Class,MC-17425,Mark Cousins,Corporate,United States,Mobile,Alabama,South,OFF-PA-10001685,Office Supplies,Paper,Easy-staple paper,70.98,7,34.7802,No,Online,,,,,,,,10.14,4.9686,49.0,3,3581.762,1610.1964,4,427.332,101.7042,27,23.79980904776614,252121.081,26551.7163,11884.58,3336.3075000000003,3535.24,1666.0722,509743.1262,57805.7991,643707.687,74797.2461,99453.612,21112.3779,499,1562,0,0,0.0024316756276397153,99.75683243723603
408,CA-2020-117457,2020-08-12,2020-12-12,Standard Class,KH-16510,Keith Herrera,Consumer,United States,San Francisco,California,West,OFF-PA-10003724,Office Supplies,Paper,"Wirebound Message Book, 4 per Page",111.15,5,13.3035,No,Online,2020.0,3.0,8.0,August,12.0,Wednesday,122.0,22.23,2.6607,11.968960863697705,2,3093.235,431.2874000000001,4,491.32,63.8568,24,12.99698770658634,522441.052,67859.9582,335190.256,49372.175,80891.422,10475.5284,753002.1291,81338.5875,643707.687,74797.2461,99453.612,21112.3779,1773,1562,0,0,0.004834830764388988,99.5165169235611
5523,CA-2019-110982,2019-05-06,2019-07-06,First Class,CK-12205,Chloris Kastensmidt,Consumer,United States,Santa Clara,California,West,OFF-BI-10000829,Office Supplies,Binders,Avery Non-Stick Binders,21.552,6,7.0044,No,COD,2019.0,2.0,5.0,May,6.0,Monday,61.0,3.592,1.1674,32.5,8,3069.111,52.7643,4,374.514,32.5974,21,8.703920280683766,522441.052,67859.9582,335190.256,49372.175,194.352,27.4812,753002.1291,81338.5875,643707.687,74797.2461,174978.38999999998,17885.3759,499,1717,0,0,0.0008789692180171686,99.91210307819827
8676,CA-2020-163265,,,Standard Class,JS-16030,Joy Smith,Consumer,United States,Decatur,Illinois,Central,OFF-AR-10004078,Office Supplies,Art,Newell 312,134.032,6,3.504,No,Online,,,,,,,,22.33866666666667,0.584,2.6143010624328515,5,3197.038,-314.6623,7,552.656,22.192,28,4.015517790451927,341007.5242,27450.0071,64224.33,-9554.6539,3011.521,-366.1132,753002.1291,81338.5875,643707.687,74797.2461,50762.976,3635.9257,1773,1562,0,0,0.0021926190004097697,99.78073809995902
1130,CA-2019-112102,2019-12-04,,Standard Class,BD-11605,Brian Dahlen,Consumer,United States,Springfield,Virginia,South,FUR-TA-10004086,Furniture,Tables,KI Adjustable-Height Table,343.92,4,75.6624,No,COD,2019.0,4.0,12.0,December,4.0,Wednesday,,85.98,18.9156,22.0,3,980.42,212.4907,4,1048.966,8.881784197001252e-16,15,8.467180248932045e-17,252121.081,26551.7163,32721.25,9657.4876,26563.202,1508.6366,753002.1291,81338.5875,451508.6452,10006.6112,119293.743,-11091.6365,1773,1717,0,0,0.0001624769452967544,99.98375230547032
5724,CA-2019-165820,,,Standard Class,DW-13585,Dorothy Wardle,Corporate,United States,San Francisco,California,West,OFF-PA-10004735,Office Supplies,Paper,Xerox 1905,12.96,2,6.2208,No,Online,,,,,,,,6.48,3.1104,47.99999999999999,5,2883.862,97.7234,5,448.448,68.94720000000001,23,15.374625374625378,522441.052,67859.9582,335190.256,49372.175,80891.422,10475.5284,509743.1262,57805.7991,643707.687,74797.2461,99453.612,21112.3779,1773,1562,0,0,0.004212253860755999,99.57877461392441
2518,CA-2020-123134,2020-02-05,2020-07-05,Standard Class,DW-13585,Dorothy Wardle,Corporate,United States,Westfield,New Jersey,East,FUR-FU-10003975,Furniture,Furnishings,Eldon Advantage Chair Mats for Low to Medium Pile Carpets,159.93,3,12.993,No,COD,2020.0,1.0,2.0,February,5.0,Wednesday,151.0,53.31,4.331,8.124179328456199,5,2883.862,97.7234,3,419.79,38.979,9,9.285356964196383,450234.666,53400.4243,32086.942,7213.0952,636.72,153.17579999999998,509743.1262,57805.7991,451508.6452,10006.6112,92691.218,8034.4328,1773,1717,0,0,0.0019195350176584166,99.80804649823416
6636,CA-2020-144498,2020-06-05,2020-06-05,Same Day,MB-18085,Mick Brown,Consumer,United States,Charlotte,North Carolina,South,TEC-PH-10004977,Technology,Phones,GE 30524EE4,672.168,4,70.5564,No,COD,2020.0,2.0,6.0,June,5.0,Friday,0.0,168.042,17.6391,10.496840075695362,6,1736.6950000000002,112.92170000000002,6,2465.394,697.7244,24,28.30072596915544,252121.081,26551.7163,39705.125,-4827.692300000001,11168.802,322.6946,753002.1291,81338.5875,470587.991,90458.2486,196563.546,22308.9179,163,1717,0,0,0.0006356229893837579,99.93643770106162
3922,CA-2019-110044,,2019-02-07,Second Class,RF-19735,Roland Fjeld,Consumer,United States,Chicago,Illinois,Central,TEC-PH-10001299,Technology,Phones,Polycom CX300 Desktop Phone USB VoIP phone,359.976,3,35.9976,No,Cards,,,,,,,,119.992,11.9992,10.0,4,2169.496,501.8757,2,599.96,59.996,5,10.0,341007.5242,27450.0071,64224.33,-9554.6539,39993.161,-6497.3566,753002.1291,81338.5875,470587.991,90458.2486,196563.546,22308.9179,568,985,0,0,0.0017170974277908632,99.82829025722091
9520,US-2020-104451,2020-08-05,2020-12-05,Second Class,MM-18055,Michelle Moray,Consumer,United States,San Francisco,California,West,OFF-AP-10000692,Office Supplies,Appliances,Fellowes Mighty 8 Compact Surge Protector,114.08,4,22.7024,No,Online,2020.0,3.0,8.0,August,5.0,Wednesday,122.0,28.52,5.6756,19.900420757363253,4,2279.757,-403.6647,3,239.754,46.2156,11,19.27625816461873,522441.052,67859.9582,335190.256,49372.175,80891.422,10475.5284,753002.1291,81338.5875,643707.687,74797.2461,80305.247,13166.6098,568,1562,0,0,0.004373135802125134,99.56268641978748
4927,CA-2020-117653,,,Standard Class,MO-17500,Mary O'Rourke,Consumer,United States,Chicago,Illinois,Central,FUR-TA-10003008,Furniture,Tables,"Lesro Round Back Collection Coffee Table, End Table",105.275,1,-67.5435,No,Online,,,,,,,,105.275,-67.5435,-64.1591071004512,3,919.239,53.3209,5,1209.24,-394.308,8,-32.6079190235189,341007.5242,27450.0071,64224.33,-9554.6539,39993.161,-6497.3566,753002.1291,81338.5875,451508.6452,10006.6112,119293.743,-11091.6365,1773,1562,0,0,0.002210680065629242,99.77893199343708
2001,CA-2020-166128,2020-11-04,,Standard Class,LW-17215,Luke Weiss,Consumer,United States,Pasadena,California,West,TEC-AC-10001767,Technology,Accessories,SanDisk Ultra 64 GB MicroSDHC Class 10 Memory Card,225.95,5,21.9945,No,Online,2020.0,4.0,11.0,November,4.0,Wednesday,,45.19,4.398899999999999,9.734233237441911,6,1955.222,416.6531,4,637.852,22.3944,16,3.5109084866081783,522441.052,67859.9582,335190.256,49372.175,6709.712,147.31240000000005,753002.1291,81338.5875,470587.991,90458.2486,122301.086,25336.6455,1773,1562,0,0,0.004052020427193821,99.59479795728062
8415,CA-2019-147109,,,Standard Class,AH-10075,Adam Hart,Corporate,United States,Arlington,Texas,Central,TEC-AC-10002942,Technology,Accessories,WD My Passport Ultra 1TB Portable External Hard Drive,165.6,3,-6.21,No,Cards,,,,,,,,55.2,-2.07,-3.75,8,3900.109,278.4494,5,798.4,-24.84,12,-3.1112224448897794,341007.5242,27450.0071,116261.9302,-14078.1598,10043.024,3349.7609,509743.1262,57805.7991,470587.991,90458.2486,122301.086,25336.6455,1773,985,0,0,0.0017171006794015394,99.82828993205985
3522,CA-2019-114482,,,Second Class,DM-13345,Denise Monton,Corporate,United States,Des Moines,Iowa,Central,OFF-PA-10003845,Office Supplies,Paper,Xerox 1987,40.46,7,19.8254,No,Online,,,,,,,,5.78,2.8322,48.99999999999999,5,4266.076,1312.5114,3,263.8,28.322,10,10.736163760424564,341007.5242,27450.0071,3747.72,583.9453,2623.996,716.4918,509743.1262,57805.7991,643707.687,74797.2461,99453.612,21112.3779,568,1562,0,0,0.0022587203211618593,99.77412796788381
444,CA-2019-115756,2019-05-09,2019-07-09,Second Class,PK-19075,Pete Kriz,Consumer,United States,Detroit,Michigan,Central,OFF-PA-10002222,Office Supplies,Paper,"Xerox Color Copier Paper, 11"" x 17"", Ream",91.36,4,42.0256,No,Online,2019.0,2.0,5.0,May,9.0,Thursday,61.0,22.84,10.5064,46.0,11,8812.054,2024.9500000000005,3,595.6,145.2624,16,24.389254533243783,341007.5242,27450.0071,48504.684,17480.280600000002,26631.206,10803.1896,753002.1291,81338.5875,643707.687,74797.2461,99453.612,21112.3779,568,1562,0,0,0.0002703795434072875,99.97296204565927
9210,CA-2020-142776,2020-11-12,,Second Class,RS-19870,Roy Skaria,Home Office,United States,Burlington,Iowa,Central,OFF-EN-10003160,Office Supplies,Envelopes,Pastel Pink Envelopes,252.28,1,3.4944,No,COD,2020.0,4.0,11.0,November,12.0,Thursday,,252.28,3.4944,1.3851276359600444,2,711.328,9.5838,1,252.28,3.4944,1,1.3851276359600444,341007.5242,27450.0071,3747.72,583.9453,13302.982,-4814.8042000000005,303059.0679,36117.7193,643707.687,74797.2461,16542.464,3508.5073,568,1717,0,0,0.0018450068131586515,99.81549931868413
3737,CA-2019-115476,,,Same Day,VM-21835,Vivian Mathis,Consumer,United States,Newark,Delaware,East,TEC-PH-10000673,Technology,Phones,Plantronics Voyager Pro HD - Bluetooth Headset,129.98,2,62.3904,No,COD,,,,,,,,64.99,31.1952,48.00000000000001,4,491.41,110.1253,3,967.856,259.96,20,26.85936750921624,450234.666,53400.4243,12515.703,7029.9107,15319.841,6042.2924,753002.1291,81338.5875,470587.991,90458.2486,196563.546,22308.9179,163,1717,0,0,0.0020957786862563035,99.79042213137437
7756,CA-2020-100902,,,Standard Class,CK-12595,Clytie Kelty,Consumer,United States,Charlotte,North Carolina,South,OFF-PA-10002558,Office Supplies,Paper,Xerox 1938,284.24,7,93.884,No,COD,,,,,,,,40.605714285714285,13.412,33.029833943146635,8,2046.986,533.1557,1,284.24,93.884,7,33.029833943146635,252121.081,26551.7163,39705.125,-4827.692300000001,11168.802,322.6946,753002.1291,81338.5875,643707.687,74797.2461,99453.612,21112.3779,1773,1717,0,0,0.0010768812838779685,99.89231187161221
9013,CA-2019-121447,,,First Class,EA-14035,Erin Ashbrook,Corporate,United States,New York City,New York,East,FUR-FU-10001861,Furniture,Furnishings,"Floodlight Indoor Halogen Bulbs, 1 Bulb per Pack, 60 Watts",135.8,7,66.542,No,COD,,,,,,,,19.4,9.506,49.0,8,1804.647,-321.032,3,341.0,132.696,16,38.913782991202346,450234.666,53400.4243,186748.097,41012.0212,154919.699,34760.2974,509743.1262,57805.7991,451508.6452,10006.6112,92691.218,8034.4328,499,1717,0,0,0.002312152324113863,99.76878476758861
2898,US-2019-164630,2019-04-01,2019-09-01,Standard Class,EB-13975,Erica Bern,Corporate,United States,Charlotte,North Carolina,South,TEC-CO-10000971,Technology,Copiers,Hewlett Packard 310 Color Digital Copier,959.968,4,119.996,No,Online,2019.0,2.0,4.0,April,1.0,Monday,153.0,239.992,29.999,12.5,4,2401.255,162.8781,5,3847.876,779.9739999999999,14,20.270247793847822,252121.081,26551.7163,39705.125,-4827.692300000001,11168.802,322.6946,509743.1262,57805.7991,470587.991,90458.2486,59735.798,42774.5828,1773,1562,0,0,0.00017954710286239775,99.98204528971377
931,CA-2020-144932,,,First Class,AB-10165,Alan Barnes,Consumer,United States,Toledo,Ohio,East,OFF-AR-10001468,Office Supplies,Art,"Sanford Prismacolor Professional Thick Lead Art Pencils, 36-Color Set",121.856,3,21.3408,No,Online,,,,,,,,40.61866666666666,7.113600000000001,17.513130252100844,4,905.272,141.7267,1,121.856,21.3408,3,17.513130252100844,450234.666,53400.4243,68194.86,-9339.4223,2346.841,240.4926,753002.1291,81338.5875,643707.687,74797.2461,50762.976,3635.9257,499,1562,0,0,0.002084324435153953,99.79156755648461
2772,CA-2019-163986,2019-03-09,2019-10-09,Standard Class,JJ-15445,Jennifer Jackson,Consumer,United States,Waukesha,Wisconsin,Central,OFF-ST-10000918,Office Supplies,Storage,Crate-A-Files,54.5,5,14.17,No,Online,2019.0,1.0,3.0,March,9.0,Saturday,214.0,10.9,2.834,26.0,2,63.95,18.706,5,812.98,28.122,13,3.459125685748727,341007.5242,27450.0071,21490.09,5252.5593,54.5,14.17,753002.1291,81338.5875,643707.687,74797.2461,150341.318,13607.0875,1773,1562,0,0,0.0005868342837247089,99.94131657162752
4596,CA-2019-129868,,,Standard Class,MC-18130,Mike Caudle,Corporate,United States,Los Angeles,California,West,OFF-AR-10001897,Office Supplies,Art,Model L Table or Wall-Mount Pencil Sharpener,53.97,3,15.1116,No,COD,,,,,,,,17.99,5.0372,28.0,2,1444.038,86.9611,2,169.93,22.3076,8,13.12752309774613,522441.052,67859.9582,335190.256,49372.175,120017.4405,19174.9301,509743.1262,57805.7991,643707.687,74797.2461,50762.976,3635.9257,1773,1717,0,0,0.005564187228585727,99.44358127714142
3249,CA-2019-159730,,,Standard Class,SJ-20125,Sanjit Jacobs,Home Office,United States,Seattle,Washington,West,FUR-CH-10004875,Furniture,Chairs,Harbour Creations 67200 Series Stacking Chairs,113.888,2,9.9652,No,Online,,,,,,,,56.944,4.9826,8.75,11,4931.148,209.9379,5,1046.048,188.627,15,18.03234650799964,522441.052,67859.9582,92975.18,21466.6555,77924.542,18839.3111,303059.0679,36117.7193,451508.6452,10006.6112,181945.998,13406.7032,1773,1562,0,0,0.0022488578914786487,99.77511421085214
3112,CA-2019-121671,,,Standard Class,AA-10480,Andrew Allen,Consumer,United States,Springfield,Missouri,Central,OFF-ST-10000078,Office Supplies,Storage,Tennsco 6- and 18-Compartment Lockers,265.17,1,47.7306,No,Online,,,,,,,,265.17,47.7306,18.0,3,1862.052,425.9418,4,3280.074,408.3618,13,12.449773999001245,341007.5242,27450.0071,14641.91,3099.2883,26563.202,1508.6366,753002.1291,81338.5875,643707.687,74797.2461,150341.318,13607.0875,1773,1562,0,0,0.001782072703420173,99.82179272965799
7268,CA-2020-122987,,,Same Day,SJ-20215,Sarah Jordon,Consumer,United States,Columbia,Tennessee,South,OFF-ST-10004950,Office Supplies,Storage,Acco Perma 3000 Stacking Storage Drawers,154.136,4,-0.8392,No,Online,,,,,,,,38.534,-0.2098,-0.5444542481963979,4,1409.764,-29.4195,6,754.284,20.665,25,2.73968425685816,252121.081,26551.7163,26288.317,-3467.5906,13705.148,2721.1764,753002.1291,81338.5875,643707.687,74797.2461,150341.318,13607.0875,163,1562,0,0,0.0026630319113242224,99.73369680886758
7319,CA-2020-158120,,,Standard Class,KH-16330,Katharine Harms,Corporate,United States,Hillsboro,Oregon,West,OFF-BI-10002813,Office Supplies,Binders,Avery Reinforcements for Hole-Punch Pages,109.158,7,-3.465,No,COD,,,,,,,,15.594,-0.495,-3.174297806848788,5,2881.856,193.9199,5,411.612,-5.346,22,-1.2987959534707445,522441.052,67859.9582,10530.43,-942.9719,242.766,3.1527000000000003,509743.1262,57805.7991,643707.687,74797.2461,174978.38999999998,17885.3759,1773,1717,0,0,0.0033693485957884605,99.66306514042115
6028,CA-2020-136007,,2020-02-03,Standard Class,AC-10615,Ann Chong,Corporate,United States,Seattle,Washington,West,TEC-PH-10003589,Technology,Phones,invisibleSHIELD by ZAGG Smudge-Free Screen Protector,884.96,5,25.186,No,Online,,,,,,,,176.99200000000002,5.0372,2.846004339179172,4,5079.926,331.1249,5,1343.996,151.8356,23,11.2973252896586,522441.052,67859.9582,92975.18,21466.6555,77924.542,18839.3111,509743.1262,57805.7991,470587.991,90458.2486,196563.546,22308.9179,1773,1562,0,0,0.0039958765941418345,99.60041234058582
6752,CA-2019-154767,,,Second Class,BP-11155,Becky Pak,Consumer,United States,Paterson,New Jersey,East,OFF-AP-10000595,Office Supplies,Appliances,Disposable Triple-Filter Dust Bags,8.74,2,2.2724,No,Cards,,,,,,,,4.37,1.1362,26.0,5,869.9110000000001,215.4027,3,1250.59,7.9534,7,0.6359718213003464,450234.666,53400.4243,32086.942,7213.0952,2577.46,422.1806,753002.1291,81338.5875,643707.687,74797.2461,80305.247,13166.6098,568,985,0,0,0.0020560968921916395,99.79439031078084
8229,CA-2019-123050,2019-04-04,2019-08-04,Second Class,BC-11125,Becky Castell,Home Office,United States,Troy,New York,East,OFF-ST-10003455,Office Supplies,Storage,"Tenex File Box, Personal Filing Tote with Lid, Black",31.02,2,8.0652,No,COD,2019.0,2.0,4.0,April,4.0,Thursday,122.0,15.51,4.0326,26.0,6,2341.096,121.4716,5,399.67,57.0768,18,14.280981809993245,450234.666,53400.4243,186748.097,41012.0212,3005.949,-32.52420000000001,303059.0679,36117.7193,643707.687,74797.2461,150341.318,13607.0875,568,1717,0,0,0.00039146969709484596,99.96085303029052
4031,CA-2020-124296,,,Standard Class,CS-12355,Christine Sundaresam,Consumer,United States,Lafayette,Louisiana,South,FUR-CH-10002439,Furniture,Chairs,"Iceberg Nesting Folding Chair, 19w x 6d x 43h",559.88,4,60.5488,No,Cards,,,,,,,,139.97,15.1372,10.81460312924198,7,2915.142,466.8056,1,559.88,60.5488,4,10.81460312924198,252121.081,26551.7163,8369.31,1301.1721,10016.85,9772.8078,753002.1291,81338.5875,451508.6452,10006.6112,181945.998,13406.7032,1773,985,0,0,0.0014830004800940057,99.8516999519906
7914,US-2020-105697,,,First Class,JE-15715,Joe Elijah,Consumer,United States,Cleveland,Ohio,East,OFF-ST-10003996,Office Supplies,Storage,"Letter/Legal File Tote with Clear Snap-On Lid, Black Granite",128.696,2,1.9272,No,COD,,,,,,,,64.348,0.9636,1.4974824392366506,7,7709.987,1271.0854,3,360.116,31.1564,9,8.65176776372058,450234.666,53400.4243,68194.86,-9339.4223,5778.905,-493.2176,753002.1291,81338.5875,643707.687,74797.2461,150341.318,13607.0875,499,1717,0,0,0.003069585421478492,99.69304145785215
35,CA-2020-107727,,,Second Class,MA-17560,Matt Abelman,Home Office,United States,Houston,Texas,Central,OFF-PA-10000249,Office Supplies,Paper,Easy-staple paper,159.472,3,9.9468,No,COD,,,,,,,,53.15733333333333,3.3156,6.237333199558543,5,617.876,58.5089,4,457.8,51.2076,11,11.185583224115334,341007.5242,27450.0071,116261.9302,-14078.1598,45159.5078,-7197.716,303059.0679,36117.7193,643707.687,74797.2461,99453.612,21112.3779,568,1717,0,0,0.001368178757207589,99.86318212427923
7194,CA-2019-110492,2019-12-02,,First Class,JS-15880,John Stevenson,Consumer,United States,Atlanta,Georgia,South,OFF-ST-10003716,Office Supplies,Storage,Tennsco Double-Tier Lockers,1350.12,6,175.5156,No,Online,2019.0,4.0,12.0,December,2.0,Monday,,225.02,29.2526,13.0,3,1977.94,266.7469,8,7287.64,544.5484,34,7.472218715523818,252121.081,26551.7163,37260.69,9994.4165,9930.34,3283.7360000000003,753002.1291,81338.5875,643707.687,74797.2461,150341.318,13607.0875,499,1562,0,0,0.00021514626339922384,99.97848537366008
6486,CA-2020-113908,2020-03-06,2020-09-06,Standard Class,KN-16390,Katherine Nockton,Corporate,United States,New York City,New York,East,OFF-PA-10004156,Office Supplies,Paper,Xerox 188,139.36,4,22.2264,No,COD,2020.0,1.0,3.0,March,6.0,Friday,184.0,34.84,5.5566,15.948909299655568,5,1682.99,10.248599999999993,4,543.06,50.0094,9,9.208816705336428,450234.666,53400.4243,186748.097,41012.0212,154919.699,34760.2974,509743.1262,57805.7991,643707.687,74797.2461,99453.612,21112.3779,1773,1717,0,0,0.0025054474658532493,99.74945525341468
2696,CA-2019-161662,2019-07-02,2019-09-02,First Class,BE-11410,Bobby Elias,Consumer,United States,Lancaster,Ohio,East,OFF-PA-10003465,Office Supplies,Paper,Xerox 1912,30.352,2,10.6232,No,Online,2019.0,3.0,7.0,July,2.0,Tuesday,62.0,15.176,5.3116,35.0,5,2318.438,755.9151,2,171.292,28.8344,4,16.8334773369451,450234.666,53400.4243,68194.86,-9339.4223,10203.038,-7207.3791,753002.1291,81338.5875,643707.687,74797.2461,99453.612,21112.3779,499,1562,0,0,0.0002048667634452369,99.97951332365548
8108,CA-2020-159149,,,First Class,CR-12820,Cyra Reiten,Home Office,United States,Houston,Texas,Central,TEC-PH-10000038,Technology,Phones,Jawbone MINI JAMBOX Wireless Bluetooth Speaker,479.336,4,-87.6672,No,COD,,,,,,,,119.834,-21.9168,-18.28930019860807,2,1631.7524,81.1383,2,1175.84,-219.168,10,-18.6392706490679,341007.5242,27450.0071,116261.9302,-14078.1598,45159.5078,-7197.716,303059.0679,36117.7193,470587.991,90458.2486,196563.546,22308.9179,499,1717,0,0,0.002541256830546715,99.74587431694533
9230,CA-2020-133718,,,First Class,TB-21520,Tracy Blumstein,Consumer,United States,Los Angeles,California,West,OFF-BI-10003429,Office Supplies,Binders,"Cardinal HOLDit! Binder Insert Strips,Extra Strips",99.192,3,5.5071,No,Cards,,,,,,,,33.064,1.8357,5.551959835470603,3,423.93,46.2149,7,621.98,-17.6607,29,-2.839432136081545,522441.052,67859.9582,335190.256,49372.175,120017.4405,19174.9301,753002.1291,81338.5875,643707.687,74797.2461,174978.38999999998,17885.3759,499,985,0,0,0.009072623459162044,99.09273765408379
1911,CA-2019-105963,,,Standard Class,SC-20770,Stewart Carmichael,Corporate,United States,Los Angeles,California,West,TEC-AC-10003832,Technology,Accessories,Imation 16GB Mini TravelDrive USB 2.0 Flash Drive,99.39,3,40.7499,No,Online,,,,,,,,33.13,13.5833,41.0,6,4447.041,-818.908,15,9895.798,1828.0088,66,18.472575935765867,522441.052,67859.9582,335190.256,49372.175,120017.4405,19174.9301,509743.1262,57805.7991,470587.991,90458.2486,122301.086,25336.6455,1773,1562,0,0,0.003727367757527412,99.62726322424726
7063,CA-2019-157742,,,Second Class,KL-16645,Ken Lonsdale,Consumer,United States,Springfield,Oregon,West,OFF-EN-10002592,Office Supplies,Envelopes,"Peel & Seel Recycled Catalog Envelopes, Brown",27.792,3,10.422,No,COD,,,,,,,,9.264,3.474,37.5,7,5099.087,158.72299999999998,3,295.276,60.216,14,20.393123721535105,522441.052,67859.9582,10530.43,-942.9719,26563.202,1508.6366,753002.1291,81338.5875,643707.687,74797.2461,16542.464,3508.5073,568,1717,0,0,0.00269567947749847,99.73043205225015
2663,CA-2020-159604,,,First Class,CL-12700,Craig Leslie,Home Office,United States,Springfield,Missouri,Central,OFF-BI-10003460,Office Supplies,Binders,Acco 3-Hole Punch,96.76,2,4.2048,No,Cards,,,,,,,,48.38,2.1024,4.345597354278627,5,2543.586,229.0099,6,543.344,32.2368,22,5.933036897435142,341007.5242,27450.0071,14641.91,3099.2883,26563.202,1508.6366,303059.0679,36117.7193,643707.687,74797.2461,174978.38999999998,17885.3759,499,985,0,0,0.0018199798976428413,99.81800201023572
612,CA-2019-161816,,2019-01-05,First Class,NB-18655,Nona Balk,Corporate,United States,Dallas,Texas,Central,OFF-LA-10004345,Office Supplies,Labels,Avery 493,15.712,4,5.6956,No,Cards,,,,,,,,3.928,1.4239,36.25,6,2060.895,-96.8106,4,130.974,23.4207,13,17.881946035090934,341007.5242,27450.0071,116261.9302,-14078.1598,20019.1136,-1983.7422,509743.1262,57805.7991,643707.687,74797.2461,19397.456,2937.2212,499,985,0,0,0.0026497034835296467,99.73502965164704
6891,CA-2020-164756,,,Standard Class,SS-20140,Saphhira Shifley,Corporate,United States,Columbus,Georgia,South,OFF-PA-10000673,Office Supplies,Paper,"Post-it “Important Message” Note Pad, Neon Colors, 50 Sheets/Pad",137.96,7,24.4608,No,Cards,,,,,,,,19.708571428571428,3.4944,17.730356625108726,6,2876.74,394.5895,2,239.608,28.5376,9,11.910119862441986,252121.081,26551.7163,37260.69,9994.4165,36398.885,4818.0624,509743.1262,57805.7991,643707.687,74797.2461,99453.612,21112.3779,1773,985,0,0,0.001396920086371407,99.86030799136286
1514,CA-2020-112809,,,Standard Class,RA-19915,Russell Applegate,Consumer,United States,Dallas,Texas,Central,OFF-BI-10001098,Office Supplies,Binders,Acco D-Ring Binder w/DublLock,86.38,5,-33.139,No,COD,,,,,,,,17.276,-6.627800000000001,-38.36420467700857,3,2110.893,144.6035,3,331.968,-21.166200000000003,9,-6.375975997686524,341007.5242,27450.0071,116261.9302,-14078.1598,20019.1136,-1983.7422,753002.1291,81338.5875,643707.687,74797.2461,174978.38999999998,17885.3759,1773,1717,0,0,0.002746407664041842,99.72535923359581
6664,CA-2020-162173,,2020-01-11,Standard Class,OT-18730,Olvera Toch,Consumer,United States,Virginia Beach,Virginia,South,FUR-TA-10001520,Furniture,Tables,"Lesro Sheffield Collection Coffee Table, End Table, Center Table, Corner Table",382.85,5,60.6645,No,COD,,,,,,,,76.57000000000001,12.1329,15.845500848896432,4,3736.664,-1006.5523,6,1994.25,7.136999999999993,30,0.3578789018427977,252121.081,26551.7163,32721.25,9657.4876,2023.13,364.7215,753002.1291,81338.5875,451508.6452,10006.6112,119293.743,-11091.6365,1773,1717,0,0,0.0018979078457558435,99.81020921542442
328,US-2019-141544,,2019-01-09,First Class,PO-18850,Patrick O'Brill,Consumer,United States,Philadelphia,Pennsylvania,East,OFF-ST-10000675,Office Supplies,Storage,"File Shuttle II and Handi-File, Black",54.224,2,3.389,No,Cards,,,,,,,,27.112,1.6945,6.25,7,7453.976999999999,-25.15400000000004,5,1026.248,176.228,24,17.17206757041183,450234.666,53400.4243,82354.95,-9297.7975,77305.44,-8065.9684,753002.1291,81338.5875,643707.687,74797.2461,150341.318,13607.0875,499,985,0,0,0.001745564907465568,99.82544350925345
7393,CA-2020-147844,2020-02-05,2020-06-05,Standard Class,DD-13570,Dorothy Dickinson,Consumer,United States,Los Angeles,California,West,OFF-PA-10003016,Office Supplies,Paper,"Adams ""While You Were Out"" Message Pads",95.7,5,7.065,No,Online,2020.0,1.0,2.0,February,5.0,Wednesday,121.0,19.14,1.413,7.382445141065832,4,646.296,45.0688,1,95.7,7.065,5,7.382445141065832,522441.052,67859.9582,335190.256,49372.175,120017.4405,19174.9301,753002.1291,81338.5875,643707.687,74797.2461,99453.612,21112.3779,1773,1562,0,0,0.004878630071279685,99.51213699287203
9348,CA-2020-109085,,,First Class,CK-12325,Christine Kargatis,Home Office,United States,Troy,Ohio,East,FUR-CH-10003981,Furniture,Chairs,Global Commerce Series Low-Back Swivel/Tilt Chairs,938.43,5,-12.849,Yes,Online,,,,,,,,187.686,-2.5698,-1.3692017518621529,3,2106.273,-65.1927,5,4001.398,48.82620000000001,21,1.22022853012872,450234.666,53400.4243,68194.86,-9339.4223,3005.949,-32.52420000000001,303059.0679,36117.7193,451508.6452,10006.6112,181945.998,13406.7032,499,1562,1,1,0.9963081363070201,99.63081363070201
4861,CA-2019-101546,,,Standard Class,GK-14620,Grace Kelly,Corporate,United States,Morristown,New Jersey,East,OFF-BI-10001359,Office Supplies,Binders,GBC DocuBind TL300 Electric Binding System,1793.98,2,843.1706,No,Cards,,,,,,,,896.99,421.5853,47.0,4,3141.89,1318.9999,6,12890.258,2753.7593,21,21.363104601940474,450234.666,53400.4243,32086.942,7213.0952,2583.04,1098.7085000000002,509743.1262,57805.7991,643707.687,74797.2461,174978.38999999998,17885.3759,1773,985,0,0,0.0036106264158993553,99.63893735841006
6658,CA-2020-135937,,,Standard Class,KM-16375,Katherine Murray,Home Office,United States,Gilbert,Arizona,West,OFF-EN-10004846,Office Supplies,Envelopes,Letter or Legal Size Expandable Poly String Tie Envelopes,838.64,5,3.857,No,Online,,,,,,,,167.728,0.7714000000000001,0.4599112849375179,4,2364.32,-11.454899999999991,3,1071.94,10.374,10,0.9677780472787656,522441.052,67859.9582,22914.556,-2761.11,1976.99,-142.1216,303059.0679,36117.7193,643707.687,74797.2461,16542.464,3508.5073,1773,1562,0,0,0.003072721153359737,99.69272788466402
4649,CA-2020-129357,,,Standard Class,KB-16585,Ken Black,Corporate,United States,Seattle,Washington,West,OFF-PA-10003228,Office Supplies,Paper,Xerox 1917,485.19,9,206.8893,No,COD,,,,,,,,53.91,22.9877,42.640882953069934,5,1099.548,337.2916,2,745.74,321.8278,14,43.15549655375869,522441.052,67859.9582,92975.18,21466.6555,77924.542,18839.3111,509743.1262,57805.7991,643707.687,74797.2461,99453.612,21112.3779,1773,1717,0,0,0.0028634417085949076,99.7136558291405
8673,CA-2020-163265,,,Standard Class,JS-16030,Joy Smith,Consumer,United States,Decatur,Illinois,Central,OFF-FA-10004854,Office Supplies,Fasteners,"Vinyl Coated Wire Paper Clips in Organizer Box, 800/Box",94.368,2,6.1992,No,Cards,,,,,,,,47.184,3.0996,6.569175991861649,5,3197.038,-314.6623,3,349.208,43.2796,11,12.39364504822341,341007.5242,27450.0071,64224.33,-9554.6539,3011.521,-366.1132,753002.1291,81338.5875,643707.687,74797.2461,15205.238,598.4175,1773,985,0,0,0.0017957810590200924,99.82042189409799
994,CA-2019-105585,,,First Class,RF-19735,Roland Fjeld,Consumer,United States,San Jose,California,West,OFF-PA-10003625,Office Supplies,Paper,Xerox 1979,154.9,5,69.705,No,COD,,,,,,,,30.98,13.941,44.99999999999999,4,2169.496,501.8757,1,154.9,69.705,5,44.99999999999999,522441.052,67859.9582,335190.256,49372.175,3733.907,739.429,753002.1291,81338.5875,643707.687,74797.2461,99453.612,21112.3779,499,1717,0,0,0.006606404646490774,99.33935953535092
5235,CA-2020-131037,,,First Class,TM-21490,Tony Molinari,Consumer,United States,San Francisco,California,West,FUR-TA-10001768,Furniture,Tables,Hon Racetrack Conference Tables,258.008,1,2.6251,No,Cards,,,,,,,,258.008,2.6251,1.017449071346625,3,1307.678,292.521,3,1360.55,-346.5132,8,-25.46861195839918,522441.052,67859.9582,335190.256,49372.175,80891.422,10475.5284,753002.1291,81338.5875,451508.6452,10006.6112,119293.743,-11091.6365,499,985,0,0,0.00835468313053507,99.16453168694649
9579,CA-2020-152975,,,First Class,RB-19705,Roger Barcio,Home Office,United States,New York City,New York,East,TEC-PH-10004586,Technology,Phones,Wilson SignalBoost 841262 DB PRO Amplifier Kit,1125.85,3,323.955,No,Online,,,,,,,,375.2833333333333,107.985,28.77425944841675,2,2030.872,325.8525,3,2458.67,359.95,8,14.640028958745988,450234.666,53400.4243,186748.097,41012.0212,154919.699,34760.2974,303059.0679,36117.7193,470587.991,90458.2486,196563.546,22308.9179,499,1562,0,0,0.004090214476075578,99.59097855239244
3168,CA-2019-146682,,,First Class,KW-16435,Katrina Willman,Consumer,United States,Lansing,Michigan,Central,FUR-FU-10002671,Furniture,Furnishings,Electrix 20W Halogen Replacement Bulb for Zoom-In Desk Lamp,67.0,5,32.16,No,Online,,,,,,,,13.4,6.432,47.99999999999999,3,1133.818,155.28390000000002,4,142.04,65.392,11,46.0377358490566,341007.5242,27450.0071,48504.684,17480.280600000002,469.68,86.5988,753002.1291,81338.5875,451508.6452,10006.6112,92691.218,8034.4328,499,1562,0,0,0.002382222139932546,99.76177778600675
6778,US-2020-166037,,2020-01-02,Standard Class,CL-12700,Craig Leslie,Home Office,United States,New York City,New York,East,TEC-AC-10002800,Technology,Accessories,Plantronics Audio 478 Stereo USB Headset,470.91,9,157.4685,No,COD,,,,,,,,52.32333333333334,17.4965,33.43919220233166,5,2543.586,229.0099,4,880.828,274.94500000000005,18,31.214380105991182,450234.666,53400.4243,186748.097,41012.0212,154919.699,34760.2974,303059.0679,36117.7193,470587.991,90458.2486,122301.086,25336.6455,1773,1717,0,0,0.002270618805834939,99.77293811941651
5973,CA-2020-115105,2020-06-02,2020-11-02,Standard Class,BD-11770,Bryan Davis,Consumer,United States,New York City,New York,East,FUR-BO-10001811,Furniture,Bookcases,"Atlantic Metals Mobile 5-Shelf Bookcases, Custom Colors",256.784,1,30.098,No,COD,2020.0,2.0,6.0,June,2.0,Tuesday,153.0,256.784,30.098,11.721135273225746,6,772.466,141.265,6,3767.8874,69.22540000000001,17,1.8372470472445648,450234.666,53400.4243,186748.097,41012.0212,154919.699,34760.2974,753002.1291,81338.5875,451508.6452,10006.6112,57577.6862,-342.88830000000013,1773,1717,0,0,0.002021334597178411,99.79786654028216
3444,CA-2020-168858,,,Standard Class,JD-16150,Justin Deggeller,Corporate,United States,New York City,New York,East,OFF-AP-10003849,Office Supplies,Appliances,Hoover Shoulder Vac Commercial Portable Vacuum,1538.74,7,626.185,No,Cards,,,,,,,,219.82,89.455,40.69465926667273,4,4947.646,1389.3305999999998,3,2540.636,822.9859999999999,10,32.39291264077183,450234.666,53400.4243,186748.097,41012.0212,154919.699,34760.2974,509743.1262,57805.7991,643707.687,74797.2461,80305.247,13166.6098,1773,985,0,0,0.0031017204726214265,99.68982795273786
8674,CA-2020-163265,,,Standard Class,JS-16030,Joy Smith,Consumer,United States,Decatur,Illinois,Central,FUR-CH-10004063,Furniture,Chairs,Global Deluxe High-Back Manager's Chair,631.558,3,-8.5794,No,Online,,,,,,,,210.5193333333333,-2.8598,-1.3584500552601662,5,3197.038,-314.6623,3,2181.252,85.794,10,3.933245677253247,341007.5242,27450.0071,64224.33,-9554.6539,3011.521,-366.1132,753002.1291,81338.5875,451508.6452,10006.6112,181945.998,13406.7032,1773,1562,0,0,0.0019903103425014616,99.80096896574986
7447,CA-2020-127474,2020-03-02,2020-07-02,Second Class,RD-19810,Ross DeVincentis,Home Office,United States,Chicago,Illinois,Central,FUR-FU-10004597,Furniture,Furnishings,Eldon Cleatmat Chair Mats for Medium Pile Carpets,1248.2,1,-26.085,No,COD,2020.0,1.0,3.0,March,2.0,Monday,122.0,1248.2,-26.085,-2.089809325428617,7,3144.296,310.7999,2,1384.6,-78.255,3,-5.651812797919976,341007.5242,27450.0071,64224.33,-9554.6539,39993.161,-6497.3566,303059.0679,36117.7193,451508.6452,10006.6112,92691.218,8034.4328,568,1717,0,0,0.0019215886525091332,99.80784113474908
8642,CA-2020-147767,2020-02-12,2020-02-12,Same Day,SV-20935,Susan Vittorini,Consumer,United States,Peoria,Arizona,West,OFF-BI-10001670,Office Supplies,Binders,Vinyl Sectional Post Binders,163.86,6,-45.24,No,COD,2020.0,1.0,2.0,February,12.0,Wednesday,0.0,27.31,-7.54,-27.608934456243134,8,3665.491,106.8912,8,1196.89,45.23999999999999,29,3.779795971225425,522441.052,67859.9582,22914.556,-2761.11,3386.5640000000003,-58.6524,753002.1291,81338.5875,643707.687,74797.2461,174978.38999999998,17885.3759,163,1717,0,0,0.002875235773858197,99.71247642261419
1339,CA-2020-100524,,2020-02-04,Second Class,CM-12115,Chad McGuire,Consumer,United States,New York City,New York,East,TEC-PH-10002549,Technology,Phones,Polycom SoundPoint IP 450 VoIP phone,720.58,3,176.1708,No,COD,,,,,,,,240.19333333333336,58.723600000000005,24.448472064170527,3,1846.97,400.9535,5,3831.104,194.2396,21,5.07006857553332,450234.666,53400.4243,186748.097,41012.0212,154919.699,34760.2974,753002.1291,81338.5875,470587.991,90458.2486,196563.546,22308.9179,568,1717,0,0,0.0029900817330970127,99.7009918266903
3983,CA-2019-135265,2019-07-07,2019-09-07,Second Class,CC-12370,Christopher Conant,Consumer,United States,Los Angeles,California,West,FUR-CH-10003061,Furniture,Chairs,"Global Leather Task Chair, Black",287.968,4,-3.5996,No,COD,2019.0,3.0,7.0,July,7.0,Sunday,62.0,71.992,-0.8999,-1.25,5,6362.072,2177.0493,7,1546.849,46.7948,18,3.025169231127278,522441.052,67859.9582,335190.256,49372.175,120017.4405,19174.9301,753002.1291,81338.5875,451508.6452,10006.6112,181945.998,13406.7032,568,1717,0,0,0.0015750107704961187,99.84249892295038
5413,CA-2020-166856,,,Standard Class,TS-21505,Tony Sayre,Consumer,United States,Clovis,New Mexico,West,TEC-AC-10004992,Technology,Accessories,Kingston Digital DataTraveler 64GB USB 2.0,111.34,3,8.1072,No,COD,,,,,,,,37.11333333333334,2.7024000000000004,7.281480150889169,5,3069.962,-76.0754,2,225.68,16.2144,6,7.184686281460476,522441.052,67859.9582,5102.638,852.3424,219.42,11.6352,753002.1291,81338.5875,470587.991,90458.2486,122301.086,25336.6455,1773,1717,0,0,0.002481582630420047,99.75184173695799
5667,CA-2019-141957,,,Same Day,JG-15310,Jason Gross,Corporate,United States,Newark,Ohio,East,OFF-ST-10004340,Office Supplies,Storage,"Fellowes Mobile File Cart, Black",99.488,2,8.7052,No,COD,,,,,,,,49.744,4.3526,8.75,6,1940.58,3.7976000000000014,8,2507.3,451.4268,38,18.004498863319107,450234.666,53400.4243,68194.86,-9339.4223,15319.841,6042.2924,509743.1262,57805.7991,643707.687,74797.2461,150341.318,13607.0875,163,1717,0,0,0.001848538002576016,99.8151461997424
2941,CA-2020-155880,,,Standard Class,JD-16150,Justin Deggeller,Corporate,United States,Milwaukee,Wisconsin,Central,FUR-CH-10000422,Furniture,Chairs,Global Highback Leather Tilter in Burgundy,140.99,1,14.5584,No,Cards,,,,,,,,140.99,14.5584,10.325838711965387,4,4947.646,1389.3305999999998,4,795.4250000000001,-5.459400000000006,9,-0.6863500644309652,341007.5242,27450.0071,21490.09,5252.5593,9418.06,1792.7712,509743.1262,57805.7991,451508.6452,10006.6112,181945.998,13406.7032,1773,985,0,0,0.003302442841115762,99.66975571588841
7856,CA-2020-135587,2020-07-12,2020-12-12,Standard Class,BH-11710,Brosina Hoffman,Consumer,United States,Hattiesburg,Mississippi,South,TEC-AC-10001266,Technology,Accessories,Memorex Micro Travel Drive 8 GB,126.0,4,23.4,No,COD,2020.0,3.0,7.0,July,12.0,Sunday,153.0,31.5,5.85,18.57142857142857,4,2356.024,561.1375,4,426.0,67.6,16,15.868544600938966,252121.081,26551.7163,8924.02,2504.2418,1591.14,476.6014,753002.1291,81338.5875,470587.991,90458.2486,122301.086,25336.6455,1773,1717,0,0,0.0035364501269837673,99.64635498730162
3950,CA-2019-119963,,,Standard Class,SN-20710,Steve Nguyen,Home Office,United States,Pasadena,Texas,Central,OFF-PA-10001970,Office Supplies,Paper,Xerox 1881,19.648,2,6.6312,No,Online,,,,,,,,9.824,3.3156,33.75,4,1580.496,357.593,12,2335.288,742.309,43,31.78661475586737,341007.5242,27450.0071,116261.9302,-14078.1598,6709.712,147.31240000000005,303059.0679,36117.7193,643707.687,74797.2461,99453.612,21112.3779,1773,1562,0,0,0.0023832369482672134,99.76167630517327
7800,CA-2020-166184,,,First Class,HR-14830,Harold Ryan,Corporate,United States,New York City,New York,East,FUR-CH-10003396,Furniture,Chairs,Global Deluxe Steno Chair,235.846,3,2.3094,No,COD,,,,,,,,78.61533333333334,0.7698,0.9791982904098436,2,3309.806,1000.6872,6,1425.66,-130.0962,21,-9.125331425445058,450234.666,53400.4243,186748.097,41012.0212,154919.699,34760.2974,509743.1262,57805.7991,451508.6452,10006.6112,181945.998,13406.7032,499,1717,0,0,0.005284421894067892,99.47155781059321
2002,CA-2020-166128,2020-11-04,,Standard Class,LW-17215,Luke Weiss,Consumer,United States,Pasadena,California,West,OFF-AR-10001221,Office Supplies,Art,"Dixon Ticonderoga Erasable Colored Pencil Set, 12-Color",145.86,7,14.2324,No,Online,2020.0,4.0,11.0,November,4.0,Wednesday,,20.83714285714285,2.0332,9.757575757575756,6,1955.222,416.6531,2,179.348,20.0928,14,11.203247318063204,522441.052,67859.9582,335190.256,49372.175,6709.712,147.31240000000005,753002.1291,81338.5875,643707.687,74797.2461,50762.976,3635.9257,1773,1562,0,0,0.004245648810792107,99.57543511892078
2085,CA-2019-140501,,,Standard Class,IM-15070,Irene Maddox,Consumer,United States,New York City,New York,East,OFF-LA-10003510,Office Supplies,Labels,"Avery 4027 File Folder Labels for Dot Matrix Printers, 5000 Labels per Box, White",122.12,4,56.1752,No,Online,,,,,,,,30.53,14.0438,46.0,3,1108.976,329.762,6,793.388,252.1778,21,31.78492742516902,450234.666,53400.4243,186748.097,41012.0212,154919.699,34760.2974,753002.1291,81338.5875,643707.687,74797.2461,19397.456,2937.2212,1773,1562,0,0,0.002498605115525064,99.7501394884475
8982,CA-2019-110898,2019-06-03,2019-12-03,Standard Class,LC-16870,Lena Cacioppo,Consumer,United States,Chicago,Illinois,Central,OFF-AP-10001626,Office Supplies,Appliances,"Commercial WindTunnel Clean Air Upright Vacuum, Replacement Belts, Filtration Bags",2.334,3,-6.3018,No,Cards,2019.0,2.0,6.0,June,3.0,Monday,183.0,0.778,-2.1006,-270.0,6,3158.722,-295.8852,4,209.45,-6.4574,9,-3.083026975411793,341007.5242,27450.0071,64224.33,-9554.6539,39993.161,-6497.3566,753002.1291,81338.5875,643707.687,74797.2461,80305.247,13166.6098,1773,985,0,0,0.0005089145575884128,99.94910854424116
3606,CA-2020-112956,,,Standard Class,TH-21550,Tracy Hopkins,Home Office,United States,Columbia,Maryland,East,FUR-FU-10004960,Furniture,Furnishings,"Seth Thomas 12"" Clock w/ Goldtone Case",122.92,4,31.2528,No,Online,,,,,,,,30.73,7.8132,25.4253172795314,3,3069.048,-990.1554,3,452.66,132.8244,17,29.34308310873503,450234.666,53400.4243,16090.103,3860.6173,13705.148,2721.1764,303059.0679,36117.7193,451508.6452,10006.6112,92691.218,8034.4328,1773,1562,0,0,0.0016755755896474746,99.83244244103525
1926,CA-2020-102834,2020-09-03,,Standard Class,LW-16990,Lindsay Williams,Corporate,United States,San Francisco,California,West,TEC-AC-10001908,Technology,Accessories,Logitech Wireless Headset h800,234.98,2,69.993,No,Cards,2020.0,3.0,9.0,September,3.0,Thursday,,117.49,34.9965,29.786790365137456,6,3669.308,662.8339,4,1966.808,489.951,22,24.91097249960342,522441.052,67859.9582,335190.256,49372.175,80891.422,10475.5284,509743.1262,57805.7991,470587.991,90458.2486,122301.086,25336.6455,1773,985,0,0,0.0026491246639928057,99.73508753360072
2451,CA-2020-140949,,,Second Class,DB-13405,Denny Blanton,Consumer,United States,New York City,New York,East,OFF-LA-10000081,Office Supplies,Labels,Avery 496,98.75,5,9.0,No,COD,,,,,,,,19.75,1.8,9.113924050632912,2,1679.084,172.5842,4,224.25,22.95,14,10.23411371237458,450234.666,53400.4243,186748.097,41012.0212,154919.699,34760.2974,753002.1291,81338.5875,643707.687,74797.2461,19397.456,2937.2212,568,1717,0,0,0.0032798218948195674,99.67201781051804
2258,CA-2020-105214,,,First Class,TS-21610,Troy Staebel,Consumer,United States,San Francisco,California,West,FUR-CH-10000015,Furniture,Chairs,Hon Multipurpose Stacking Arm Chairs,1259.96,7,90.972,No,Online,,,,,,,,179.99428571428572,12.996,7.220229213625828,6,2438.3320000000003,-67.20689999999999,3,3022.76,541.5,15,17.914091757202026,522441.052,67859.9582,335190.256,49372.175,80891.422,10475.5284,753002.1291,81338.5875,451508.6452,10006.6112,181945.998,13406.7032,499,1562,0,0,0.004864508379688227,99.51354916203118
5740,US-2020-147886,,,First Class,DH-13075,Dave Hallsten,Corporate,United States,Fairfield,California,West,OFF-PA-10000232,Office Supplies,Paper,Xerox 1975,90.96,2,6.3504,Yes,Online,,,,,,,,45.48,3.1752,6.9815303430079165,2,2056.672,87.38159999999999,5,539.9839999999999,30.3264,12,5.616166404930517,522441.052,67859.9582,335190.256,49372.175,11466.078,907.3211,509743.1262,57805.7991,643707.687,74797.2461,99453.612,21112.3779,499,1562,1,1,0.9986025794048293,99.86025794048294
1207,CA-2019-137050,,,Second Class,SW-20755,Steven Ward,Corporate,United States,New York City,New York,East,OFF-ST-10004634,Office Supplies,Storage,"Personal Folder Holder, Ebony",11.21,1,3.363,No,Online,,,,,,,,11.21,3.363,30.0,1,663.9639999999999,48.5239,4,201.26,20.178,6,10.025837225479478,450234.666,53400.4243,186748.097,41012.0212,154919.699,34760.2974,509743.1262,57805.7991,643707.687,74797.2461,150341.318,13607.0875,568,1562,0,0,0.0027040864375732464,99.72959135624268
8172,CA-2019-146150,,,Standard Class,FM-14380,Fred McMath,Consumer,United States,Jackson,Mississippi,South,OFF-AR-10002240,Office Supplies,Art,Panasonic KP-150 Electric Pencil Sharpener,264.18,7,68.6868,No,COD,,,,,,,,37.74,9.8124,26.0,6,1375.154,174.0132,3,452.88,117.7488,12,26.0,252121.081,26551.7163,8924.02,2504.2418,22696.316,6388.0094,753002.1291,81338.5875,643707.687,74797.2461,50762.976,3635.9257,1773,1717,0,0,0.001550483117914697,99.84495168820852
2573,CA-2019-155845,2019-12-08,,Second Class,CM-12235,Chris McAfee,Consumer,United States,Carrollton,Texas,Central,TEC-AC-10004145,Technology,Accessories,Logitech diNovo Edge Keyboard,1399.944,7,52.4979,No,Cards,2019.0,4.0,12.0,December,8.0,Sunday,,199.992,7.4997,3.75,5,2305.712,365.0387,3,4195.834,684.9725999999999,18,16.325064337626323,341007.5242,27450.0071,116261.9302,-14078.1598,3083.198,74.3451,753002.1291,81338.5875,470587.991,90458.2486,122301.086,25336.6455,568,985,0,0,0.00024089309806549618,99.97591069019344
4105,US-2020-155999,2020-07-08,,Standard Class,JK-15370,Jay Kimmel,Consumer,United States,San Diego,California,West,TEC-PH-10000439,Technology,Phones,GE DSL Phone Line Filter,195.96,5,17.9955,Yes,Online,2020.0,3.0,7.0,July,8.0,Wednesday,,39.192,3.5991,9.183251684017147,5,1584.784,162.954,3,382.94000000000005,41.1897,7,10.756175902230112,522441.052,67859.9582,335190.256,49372.175,29269.55,3002.3181,753002.1291,81338.5875,470587.991,90458.2486,196563.546,22308.9179,1773,1562,1,1,0.9973247916987505,99.73247916987505
6469,CA-2019-163804,2019-02-12,2019-08-12,Standard Class,DB-13270,Deborah Brumfield,Home Office,United States,Providence,Rhode Island,East,TEC-PH-10000441,Technology,Phones,VTech DS6151,629.95,5,176.386,No,Cards,2019.0,1.0,2.0,February,12.0,Tuesday,181.0,125.99,35.2772,28.0,5,2769.889,795.0059,3,1284.9,262.0592,11,20.39529924507743,450234.666,53400.4243,13602.71,5627.4571,10165.32,4353.5854,303059.0679,36117.7193,470587.991,90458.2486,196563.546,22308.9179,1773,985,0,0,0.0004871430215826711,99.95128569784173
2148,US-2019-152051,,,Standard Class,TS-21160,Theresa Swint,Corporate,United States,York,Pennsylvania,East,OFF-ST-10001713,Office Supplies,Storage,"Gould Plastics 9-Pocket Panel Bin, 18-3/8w x 5-1/4d x 20-1/2h, Black",254.352,6,-50.8704,No,COD,,,,,,,,42.392,-8.478399999999999,-20.0,3,1025.608,-48.9188,2,339.136,-67.8272,8,-20.0,450234.666,53400.4243,82354.95,-9297.7975,990.978,-102.1692,509743.1262,57805.7991,643707.687,74797.2461,150341.318,13607.0875,1773,1717,0,0,0.002179677376957581,99.78203226230424
7540,US-2020-112347,2020-02-12,2020-06-12,Standard Class,BS-11380,Bill Stewart,Corporate,United States,Denver,Colorado,West,OFF-BI-10003707,Office Supplies,Binders,Aluminum Screw Posts,113.624,8,-24.416,No,Online,2020.0,1.0,2.0,February,12.0,Wednesday,121.0,14.203,-3.052,-21.48841793987186,3,3111.858,-228.1004,5,562.444,-9.156,20,-1.6278953993642031,522441.052,67859.9582,29249.064,-5825.5857,7782.577,-552.0313,509743.1262,57805.7991,643707.687,74797.2461,174978.38999999998,17885.3759,1773,1562,0,0,0.0047841329329986445,99.52158670670013
519,CA-2020-127432,,,Standard Class,AD-10180,Alan Dominguez,Home Office,United States,Great Falls,Montana,West,OFF-ST-10004459,Office Supplies,Storage,Tennsco Single-Tier Lockers,1159.02,3,56.301,No,Online,,,,,,,,386.34,18.767,4.857638349640213,4,5924.889999999999,1866.9279,5,5719.692,-168.90299999999996,15,-2.953008658508185,522441.052,67859.9582,4622.28,1465.9255,4467.38,1455.5515,303059.0679,36117.7193,643707.687,74797.2461,150341.318,13607.0875,1773,1562,0,0,0.0037119084376653617,99.62880915623347
8411,CA-2019-130820,,,Same Day,ON-18715,Odella Nelson,Corporate,United States,Burlington,North Carolina,South,FUR-TA-10001768,Furniture,Tables,Hon Racetrack Conference Tables,630.024,4,-199.5076,No,Online,,,,,,,,157.506,-49.8769,-31.666666666666664,3,853.448,-157.5314,3,1360.55,-346.5132,8,-25.46861195839918,252121.081,26551.7163,39705.125,-4827.692300000001,13302.982,-4814.8042000000005,509743.1262,57805.7991,451508.6452,10006.6112,119293.743,-11091.6365,163,1562,0,0,0.0019175059929708407,99.80824940070292
9261,CA-2020-167976,2020-11-11,,Second Class,JL-15505,Jeremy Lonsdale,Consumer,United States,Aberdeen,South Dakota,Central,OFF-SU-10004661,Office Supplies,Supplies,Acme Titanium Bonded Scissors,107.5,3,6.63,No,Cards,2020.0,4.0,11.0,November,11.0,Wednesday,,35.833333333333336,2.21,6.167441860465116,4,3751.354,550.4399,2,225.5,11.05,5,4.900221729490022,341007.5242,27450.0071,1736.41,346.0717,107.5,6.63,753002.1291,81338.5875,643707.687,74797.2461,36720.986,-1654.2767,568,985,0,0,0.0019599987986230285,99.80400012013769
4409,CA-2019-100041,,,Standard Class,BF-10975,Barbara Fisher,Corporate,United States,Columbus,Indiana,Central,OFF-BI-10000343,Office Supplies,Binders,"Pressboard Covers with Storage Hooks, 9 1/2"" x 11"", Light Blue",4.91,1,2.3077,No,Cards,,,,,,,,4.91,2.3077,47.0,2,481.204,164.35180000000005,8,506.596,-11.8822,34,-2.3454981879051555,341007.5242,27450.0071,32039.23,15524.6596,36398.885,4818.0624,509743.1262,57805.7991,643707.687,74797.2461,174978.38999999998,17885.3759,1773,985,0,0,0.0019268651644494762,99.80731348355505
4366,CA-2020-111332,,,Second Class,NC-18340,Nat Carroll,Consumer,United States,Fargo,North Dakota,Central,OFF-FA-10001843,Office Supplies,Fasteners,Staples,95.41,3,3.4827,No,COD,,,,,,,,31.80333333333333,1.1609,3.65024630541872,2,1406.186,242.8831,3,253.038,15.7833,17,6.2375216370663695,341007.5242,27450.0071,1952.91,230.1497,1952.91,230.1497,753002.1291,81338.5875,643707.687,74797.2461,15205.238,598.4175,568,1717,0,0,0.00231117333536119,99.76888266646388
4838,CA-2020-106831,2020-01-06,2020-03-06,First Class,FH-14350,Fred Harton,Consumer,United States,Dublin,Ohio,East,OFF-BI-10003429,Office Supplies,Binders,"Cardinal HOLDit! Binder Insert Strips,Extra Strips",108.798,2,-2.6586,No,COD,2020.0,1.0,1.0,January,6.0,Monday,60.0,54.399,-1.3293,-2.443611095792202,2,2318.038,340.3627,7,621.98,-17.6607,29,-2.839432136081545,450234.666,53400.4243,68194.86,-9339.4223,2385.236,16.057499999999994,753002.1291,81338.5875,643707.687,74797.2461,174978.38999999998,17885.3759,499,1717,0,0,0.002746319985395667,99.72536800146044
8527,CA-2020-161172,,,Same Day,SP-20920,Susan Pistek,Consumer,United States,Columbus,Ohio,East,OFF-BI-10004654,Office Supplies,Binders,Avery Binding System Hidden Tab Executive Style Index Sets,125.193,3,-3.462,No,Online,,,,,,,,41.731,-1.154,-2.7653303299705256,5,4517.869,-9.526600000000002,8,442.361,11.363000000000005,26,2.568716500776516,450234.666,53400.4243,68194.86,-9339.4223,36398.885,4818.0624,753002.1291,81338.5875,643707.687,74797.2461,174978.38999999998,17885.3759,163,1562,0,0,0.0024674088106409475,99.75325911893592
1848,CA-2020-128370,2020-10-09,2020-10-09,Same Day,FH-14275,Frank Hawley,Corporate,United States,Los Angeles,California,West,FUR-CH-10002602,Furniture,Chairs,DMI Arturo Collection Mission-style Design Wood Chair,382.352,3,27.1764,No,COD,2020.0,4.0,10.0,October,9.0,Friday,0.0,127.45066666666666,9.0588,7.107691342009457,8,3570.924,776.0992,6,2405.64,371.4108,21,15.439167955305033,522441.052,67859.9582,335190.256,49372.175,120017.4405,19174.9301,509743.1262,57805.7991,451508.6452,10006.6112,181945.998,13406.7032,163,1717,0,0,0.0023466072382345034,99.76533927617655
4583,CA-2019-121993,2019-10-06,2019-12-06,First Class,JB-16000,Joy Bell-,Consumer,United States,Philadelphia,Pennsylvania,East,OFF-LA-10003720,Office Supplies,Labels,Avery 487,23.616,8,7.9704,No,COD,2019.0,4.0,10.0,October,6.0,Sunday,61.0,2.952,0.9963,33.75,7,908.1188,126.7649,6,191.18,34.2432,24,17.91149701851658,450234.666,53400.4243,82354.95,-9297.7975,77305.44,-8065.9684,753002.1291,81338.5875,643707.687,74797.2461,19397.456,2937.2212,499,1717,0,0,0.0002055355158328713,99.97944644841671
5884,CA-2019-136301,,,Second Class,EH-13765,Edward Hooks,Corporate,United States,San Francisco,California,West,FUR-FU-10004712,Furniture,Furnishings,"Westinghouse Mesh Shade Clip-On Gooseneck Lamp, Black",28.28,2,7.3528,No,COD,,,,,,,,14.14,3.6764,26.0,9,9542.988,1164.6312,2,185.84,22.0584,6,11.869565217391305,522441.052,67859.9582,335190.256,49372.175,80891.422,10475.5284,509743.1262,57805.7991,451508.6452,10006.6112,92691.218,8034.4328,568,1717,0,0,0.005509554354466573,99.44904456455335
3415,CA-2019-100244,,,Standard Class,GM-14695,Greg Maxwell,Corporate,United States,San Francisco,California,West,OFF-BI-10000977,Office Supplies,Binders,Ibico Plastic Spiral Binding Combs,48.64,2,15.808,No,COD,,,,,,,,24.32,7.904,32.5,2,1810.046,76.44980000000001,8,885.76,238.944,26,26.97615606936416,522441.052,67859.9582,335190.256,49372.175,80891.422,10475.5284,509743.1262,57805.7991,643707.687,74797.2461,174978.38999999998,17885.3759,1773,1717,0,0,0.005294446070742003,99.4705553929258
903,CA-2020-132353,,,First Class,DB-13060,Dave Brooks,Consumer,United States,Chicago,Illinois,Central,TEC-PH-10004536,Technology,Phones,Avaya 5420 Digital phone,368.976,3,20.2485,No,Cards,,,,,,,,122.992,6.7495,5.487755301157799,5,3791.388,63.2693,3,1610.886,323.976,12,20.111665257504256,341007.5242,27450.0071,64224.33,-9554.6539,39993.161,-6497.3566,753002.1291,81338.5875,470587.991,90458.2486,196563.546,22308.9179,499,985,0,0,0.0018820033438435876,99.81179966561564
3634,CA-2019-145177,2019-10-11,,Standard Class,PP-18955,Paul Prost,Home Office,United States,Springfield,Ohio,East,OFF-LA-10001613,Office Supplies,Labels,Avery File Folder Labels,9.216,4,3.3408,No,Online,2019.0,4.0,10.0,October,11.0,Friday,,2.304,0.8352,36.25000000000001,4,4546.63,955.1411,7,617.456,32.8608,29,5.321966261563577,450234.666,53400.4243,68194.86,-9339.4223,26563.202,1508.6366,303059.0679,36117.7193,643707.687,74797.2461,19397.456,2937.2212,1773,1562,0,0,0.00027616743390635444,99.97238325660936
1059,CA-2020-167150,2020-10-12,,Standard Class,BP-11185,Ben Peterman,Corporate,United States,San Diego,California,West,OFF-BI-10001597,Office Supplies,Binders,"Wilson Jones Ledger-Size, Piano-Hinge Binder, 2"", Blue",147.568,2,22.9488,No,COD,2020.0,4.0,10.0,October,12.0,Monday,,73.784,11.4744,15.551339043695108,7,4370.428,296.839,7,1188.582,12.294000000000011,30,1.0343417618641384,522441.052,67859.9582,335190.256,49372.175,29269.55,3002.3181,509743.1262,57805.7991,643707.687,74797.2461,174978.38999999998,17885.3759,1773,1717,0,0,0.004693513339878241,99.53064866601218
5473,CA-2020-116946,,,Standard Class,TS-21505,Tony Sayre,Consumer,United States,Parker,Colorado,West,OFF-ST-10002554,Office Supplies,Storage,Tennsco Industrial Shelving,677.256,2,-17.6076,No,Online,,,,,,,,338.628,-8.8038,-2.599844076685921,5,3069.962,-76.0754,4,1251.048,-92.929,15,-7.428092287426222,522441.052,67859.9582,29249.064,-5825.5857,2337.942,-164.1893,753002.1291,81338.5875,643707.687,74797.2461,150341.318,13607.0875,1773,1562,0,0,0.0027691079067832755,99.72308920932167
4585,US-2020-163790,2020-02-11,2020-04-11,Second Class,NL-18310,Nancy Lomonaco,Home Office,United States,Danville,California,West,OFF-EN-10001335,Office Supplies,Envelopes,"White Business Envelopes with Contemporary Seam, Recycled White Business Envelopes",170.58,7,38.29,No,Cards,2020.0,1.0,2.0,February,11.0,Tuesday,60.0,24.368571428571432,5.47,22.446945714620703,2,1639.7620000000002,301.1029,3,227.468,62.358,13,27.41396592048112,522441.052,67859.9582,335190.256,49372.175,1724.254,213.0453,303059.0679,36117.7193,643707.687,74797.2461,16542.464,3508.5073,568,985,0,0,0.0065169643038842425,99.34830356961157
725,CA-2019-114713,2019-07-07,2019-12-07,Standard Class,SC-20695,Steve Chapman,Corporate,United States,Hialeah,Florida,South,OFF-SU-10004664,Office Supplies,Supplies,Acme Softgrip Scissors,45.584,7,5.1282,No,Online,2019.0,3.0,7.0,July,7.0,Sunday,153.0,6.5120000000000005,0.7325999999999999,11.249999999999998,7,1932.318,336.3731,3,222.356,21.3268,18,9.591286045800429,252121.081,26551.7163,49914.999,-227.7464999999999,1845.308,46.2229,509743.1262,57805.7991,643707.687,74797.2461,36720.986,-1654.2767,1773,1562,0,0,0.00022291881784639064,99.97770811821536
8554,US-2020-102904,,,Standard Class,CB-12025,Cassandra Brandow,Consumer,United States,Decatur,Alabama,South,TEC-AC-10000927,Technology,Accessories,Anker Ultrathin Bluetooth Wireless Keyboard Aluminum Cover with Stand,253.92,8,23.992,No,Online,,,,,,,,31.74,2.999,9.448645242596095,6,2153.05,-78.50519999999997,3,535.846,29.99,16,5.596757277277427,252121.081,26551.7163,11884.58,3336.3075000000003,3011.521,-366.1132,753002.1291,81338.5875,470587.991,90458.2486,122301.086,25336.6455,1773,1562,0,0,0.0013994452904545105,99.86005547095455
568,CA-2020-156951,2020-01-10,2020-08-10,Standard Class,EB-13840,Ellis Ballard,Corporate,United States,Seattle,Washington,West,OFF-BI-10001107,Office Supplies,Binders,"GBC White Gloss Covers, Plain Front",119.088,7,27.3672,No,COD,2020.0,1.0,1.0,January,10.0,Friday,213.0,17.012571428571427,3.9096,22.98065296251512,2,1022.4,81.7,4,500.992,84.8528,18,16.93695707715892,522441.052,67859.9582,92975.18,21466.6555,77924.542,18839.3111,509743.1262,57805.7991,643707.687,74797.2461,174978.38999999998,17885.3759,1773,1717,0,0,0.005239586053738026,99.47604139462621
7211,US-2019-119046,2019-02-06,2019-06-06,Standard Class,EH-13765,Edward Hooks,Corporate,United States,Seattle,Washington,West,OFF-PA-10000246,Office Supplies,Paper,Riverleaf Stik-Withit Designer Note Cubes,30.18,3,13.8828,No,COD,2019.0,1.0,2.0,February,6.0,Wednesday,120.0,10.06,4.6276,46.0,9,9542.988,1164.6312,2,147.276,19.114,5,12.978353567451586,522441.052,67859.9582,92975.18,21466.6555,77924.542,18839.3111,509743.1262,57805.7991,643707.687,74797.2461,99453.612,21112.3779,1773,1717,0,0,0.0005248299927401941,99.94751700072598
1075,CA-2019-134348,2019-12-11,,Standard Class,MS-17710,Maurice Satty,Consumer,United States,Mesa,Arizona,West,OFF-BI-10004967,Office Supplies,Binders,Round Ring Binders,4.368,7,-3.3488,No,Online,2019.0,4.0,12.0,December,11.0,Wednesday,,0.624,-0.4784,-76.66666666666666,2,519.764,-93.0995,5,27.872,2.5167999999999995,23,9.029850746268655,522441.052,67859.9582,22914.556,-2761.11,2243.16,-88.6188,753002.1291,81338.5875,643707.687,74797.2461,174978.38999999998,17885.3759,1773,1562,0,0,0.0006080435486579176,99.9391956451342
5943,CA-2019-151092,2019-06-08,,Standard Class,VG-21790,Vivek Gonzalez,Consumer,United States,Los Angeles,California,West,TEC-PH-10001700,Technology,Phones,Panasonic KX-TG6844B Expandable Digital Cordless Telephone,211.168,4,18.4772,No,Cards,2019.0,2.0,6.0,June,8.0,Saturday,,52.792,4.6193,8.75,4,846.8340000000001,124.09,5,1135.86,56.7514,18,4.996337576814044,522441.052,67859.9582,335190.256,49372.175,120017.4405,19174.9301,753002.1291,81338.5875,470587.991,90458.2486,196563.546,22308.9179,1773,985,0,0,0.0006924036379147522,99.93075963620852
4266,US-2019-131611,2019-05-11,2019-09-11,Standard Class,EP-13915,Emily Phan,Consumer,United States,Houston,Texas,Central,OFF-BI-10004364,Office Supplies,Binders,Storex Dura Pro Binders,3.564,3,-6.237,No,COD,2019.0,2.0,5.0,May,11.0,Saturday,123.0,1.188,-2.079,-175.0,14,7230.6328,-391.2423,9,598.1899999999999,-11.286,28,-1.886691519416908,341007.5242,27450.0071,116261.9302,-14078.1598,45159.5078,-7197.716,753002.1291,81338.5875,643707.687,74797.2461,174978.38999999998,17885.3759,1773,1717,0,0,0.0002798218921262615,99.97201781078738
459,US-2019-157945,,2019-01-10,Standard Class,NF-18385,Natalie Fritzler,Consumer,United States,Decatur,Illinois,Central,OFF-EN-10001415,Office Supplies,Envelopes,Staple envelope,8.928,2,3.348,No,COD,,,,,,,,4.464,1.674,37.49999999999999,5,2717.49,97.67060000000004,3,236.06,16.74,8,7.091417436245022,341007.5242,27450.0071,64224.33,-9554.6539,3011.521,-366.1132,753002.1291,81338.5875,643707.687,74797.2461,16542.464,3508.5073,1773,1717,0,0,0.0016161218336567006,99.83838781663434
1801,CA-2019-121034,2019-08-08,2019-10-08,Second Class,JF-15565,Jill Fjeld,Consumer,United States,Dallas,Texas,Central,OFF-PA-10001994,Office Supplies,Paper,"Ink Jet Note and Greeting Cards, 8-1/2"" x 5-1/2"" Card Size",53.952,3,17.5344,No,Cards,2019.0,3.0,8.0,August,8.0,Thursday,61.0,17.983999999999998,5.8448,32.50000000000001,5,3422.194,847.3051,3,1314.392,48.5568,6,3.6942403788215374,341007.5242,27450.0071,116261.9302,-14078.1598,20019.1136,-1983.7422,753002.1291,81338.5875,643707.687,74797.2461,99453.612,21112.3779,568,985,0,0,0.00022211000430236475,99.97778899956977
6552,CA-2020-161578,,,Second Class,RB-19465,Rick Bensley,Home Office,United States,Los Angeles,California,West,OFF-PA-10002986,Office Supplies,Paper,Xerox 1898,302.36,2,6.4128,No,Online,,,,,,,,151.18,3.2064,2.120915465008599,10,4554.328,303.5886,8,692.08,88.9776,34,12.8565483759103,522441.052,67859.9582,335190.256,49372.175,120017.4405,19174.9301,303059.0679,36117.7193,643707.687,74797.2461,99453.612,21112.3779,568,1562,0,0,0.004777551206302011,99.52224487936981
7259,CA-2019-152730,,2019-04-06,Standard Class,EM-14140,Eugene Moren,Home Office,United States,Superior,Wisconsin,Central,OFF-AR-10000940,Office Supplies,Art,Newell 343,14.7,5,3.969,No,COD,,,,,,,,2.94,0.7938,27.0,4,4163.8,1045.7404,5,266.864,11.5248,16,4.318604232867678,341007.5242,27450.0071,21490.09,5252.5593,1282.61,509.1174,303059.0679,36117.7193,643707.687,74797.2461,50762.976,3635.9257,1773,1717,0,0,0.0027659055381035365,99.72340944618965
8456,CA-2019-154081,,,Standard Class,JE-15610,Jim Epp,Corporate,United States,Los Angeles,California,West,TEC-PH-10001918,Technology,Phones,Nortel Business Series Terminal T7208 Digital phone,222.384,2,22.2384,No,Online,,,,,,,,111.192,11.1192,10.0,5,4824.412,1725.7945,3,1029.728,100.0728,9,9.718372230336554,522441.052,67859.9582,335190.256,49372.175,120017.4405,19174.9301,509743.1262,57805.7991,470587.991,90458.2486,196563.546,22308.9179,1773,1562,0,0,0.007180481980906002,99.2819518019094
5361,US-2020-126060,,,Standard Class,DW-13585,Dorothy Wardle,Corporate,United States,Fayetteville,North Carolina,South,FUR-BO-10003433,Furniture,Bookcases,Sauder Cornerstone Collection Library,210.272,8,-32.2192,No,Online,,,,,,,,26.284,-4.0274,-15.32262973672196,5,2883.862,97.7234,1,210.272,-32.2192,8,-15.32262973672196,252121.081,26551.7163,39705.125,-4827.692300000001,6637.362,874.6273,509743.1262,57805.7991,451508.6452,10006.6112,57577.6862,-342.88830000000013,1773,1562,0,0,0.0017074664141291098,99.8292533585871
5548,CA-2020-151008,2020-07-09,2020-08-09,First Class,JM-16195,Justin MacKendrick,Consumer,United States,Draper,Utah,West,TEC-PH-10002807,Technology,Phones,Motorla HX550 Universal Bluetooth Headset,166.56,4,47.46,No,Online,2020.0,3.0,7.0,July,9.0,Thursday,31.0,41.64,11.865,28.49423631123919,5,1265.142,258.5446,3,430.31,106.785,11,24.81583044781669,522441.052,67859.9582,5316.048,1054.5308,295.72,58.0272,753002.1291,81338.5875,470587.991,90458.2486,196563.546,22308.9179,499,1562,0,0,0.002473168566125638,99.75268314338743
2515,CA-2019-124506,2019-11-11,,Standard Class,BB-11545,Brenda Bowman,Corporate,United States,Chicago,Illinois,Central,FUR-CH-10004540,Furniture,Chairs,Global Chrome Stack Chair,47.992,2,-2.0568,No,Cards,2019.0,4.0,11.0,November,11.0,Monday,,23.996,-1.0284,-4.285714285714286,7,6183.56,1092.9162,4,556.928,-18.5112,18,-3.323804872443117,341007.5242,27450.0071,64224.33,-9554.6539,39993.161,-6497.3566,509743.1262,57805.7991,451508.6452,10006.6112,181945.998,13406.7032,1773,985,0,0,0.0002530172024521327,99.97469827975478
4186,CA-2019-111493,,,First Class,CM-12160,Charles McCrossin,Consumer,United States,Baltimore,Maryland,East,TEC-AC-10004510,Technology,Accessories,Logitech Desktop MK120 Mouse and keyboard Combo,98.16,6,9.816,No,Cards,,,,,,,,16.36,1.636,10.0,6,1959.314,-394.3686,9,1465.416,37.628,37,2.56773503223658,450234.666,53400.4243,16090.103,3860.6173,5587.782,1118.9513,753002.1291,81338.5875,470587.991,90458.2486,122301.086,25336.6455,499,985,0,0,0.0020135380131671033,99.7986461986833
3496,CA-2020-142034,,,Standard Class,KB-16240,Karen Bern,Corporate,United States,Saint Cloud,Minnesota,Central,FUR-CH-10000665,Furniture,Chairs,"Global Airflow Leather Mesh Back Chair, Black",649.92,4,181.176,No,Online,,,,,,,,162.48,45.294,27.87666174298375,4,3387.626,745.3659,7,3243.992,437.842,25,13.497012323088343,341007.5242,27450.0071,10808.63,2864.3483,1428.82,469.614,509743.1262,57805.7991,451508.6452,10006.6112,181945.998,13406.7032,1773,1562,0,0,0.0020648711863437003,99.79351288136563
4988,CA-2019-149279,,,Standard Class,CL-12700,Craig Leslie,Home Office,United States,Colorado Springs,Colorado,West,FUR-CH-10004287,Furniture,Chairs,SAFCO Arco Folding Chair,1325.76,6,149.148,No,Cards,,,,,,,,220.96,24.858,11.25,5,2543.586,229.0099,6,4748.780000000001,745.74,20,15.703822876612517,522441.052,67859.9582,29249.064,-5825.5857,1396.3829999999998,122.45639999999996,303059.0679,36117.7193,451508.6452,10006.6112,181945.998,13406.7032,1773,985,0,0,0.002391768307268783,99.76082316927311
2155,US-2019-120460,,2019-05-05,Standard Class,BF-11170,Ben Ferrer,Home Office,United States,Dallas,Texas,Central,FUR-FU-10004973,Furniture,Furnishings,Flat Face Poster Frame,22.608,3,-10.1736,No,Online,,,,,,,,7.536,-3.3912,-45.0,6,3035.732,1135.2442,9,854.32,29.0136,37,3.3961045041670563,341007.5242,27450.0071,116261.9302,-14078.1598,20019.1136,-1983.7422,303059.0679,36117.7193,451508.6452,10006.6112,92691.218,8034.4328,1773,1562,0,0,0.002858118072044874,99.71418819279552
9222,CA-2020-103212,,,First Class,MH-18025,Michelle Huthwaite,Consumer,United States,Lafayette,Louisiana,South,FUR-TA-10003473,Furniture,Tables,Bretford Rectangular Conference Table Tops,1551.52,4,346.0396,No,Cards,,,,,,,,387.88,86.5099,22.303263896050325,3,2451.218,375.094,9,6603.5335000000005,90.2712,23,1.3670135844695872,252121.081,26551.7163,8369.31,1301.1721,10016.85,9772.8078,753002.1291,81338.5875,451508.6452,10006.6112,119293.743,-11091.6365,499,985,0,0,0.0034265226983226523,99.65734773016773
3189,US-2020-146416,,,Second Class,JE-16165,Justin Ellison,Corporate,United States,Woodland,California,West,OFF-LA-10003714,Office Supplies,Labels,Avery 510,104.75,1,1.8,No,COD,,,,,,,,104.75,1.8,1.7183770883054894,3,2263.248,789.6476,2,207.75,3.9,3,1.877256317689531,522441.052,67859.9582,335190.256,49372.175,472.662,33.3848,509743.1262,57805.7991,643707.687,74797.2461,19397.456,2937.2212,568,1717,0,0,0.008263404487259114,99.17365955127408
7596,CA-2020-119655,,,Standard Class,CV-12295,Christina VanderZanden,Consumer,United States,Detroit,Michigan,Central,OFF-BI-10001036,Office Supplies,Binders,Cardinal EasyOpen D-Ring Binders,128.56,4,18.28,No,COD,,,,,,,,32.14,4.57,14.219041692594898,3,1779.812,329.5903,5,452.036,26.506,29,5.863692272296897,341007.5242,27450.0071,48504.684,17480.280600000002,26631.206,10803.1896,753002.1291,81338.5875,643707.687,74797.2461,174978.38999999998,17885.3759,1773,1717,0,0,0.002191029253318004,99.78089707466819
3251,CA-2019-157868,,,Standard Class,MC-17590,Matt Collister,Corporate,United States,Grand Rapids,Michigan,Central,OFF-FA-10000992,Office Supplies,Fasteners,"Acco Clips to Go Binder Clips, 24 Clips in Two Sizes",24.85,7,11.6795,No,COD,,,,,,,,3.5500000000000003,1.6685,47.0,4,1165.0,426.1855,3,159.7,23.359,14,14.626800250469632,341007.5242,27450.0071,48504.684,17480.280600000002,552.69,224.3971,509743.1262,57805.7991,643707.687,74797.2461,15205.238,598.4175,1773,1717,0,0,0.001641710529732783,99.83582894702671
8797,CA-2019-106397,2019-07-07,,Standard Class,MJ-17740,Max Jones,Consumer,United States,Orem,Utah,West,OFF-PA-10003441,Office Supplies,Paper,Xerox 226,12.96,2,6.2208,No,Online,2019.0,3.0,7.0,July,7.0,Sunday,,6.48,3.1104,47.99999999999999,6,6323.426,1132.4844,6,339.152,67.6512,23,19.94716233429259,522441.052,67859.9582,5316.048,1054.5308,182.62,23.3,753002.1291,81338.5875,643707.687,74797.2461,99453.612,21112.3779,1773,1562,0,0,0.0005790714904083253,99.94209285095917
9363,CA-2020-111591,,,Standard Class,PS-18970,Paul Stevenson,Home Office,United States,Seattle,Washington,West,OFF-FA-10004838,Office Supplies,Fasteners,"Super Bands, 12/Pack",106.02,7,0.3906,No,Online,,,,,,,,15.145714285714286,0.0558,0.368421052631579,4,1045.476,48.3736,2,213.6,0.558,10,0.2612359550561798,522441.052,67859.9582,92975.18,21466.6555,77924.542,18839.3111,303059.0679,36117.7193,643707.687,74797.2461,15205.238,598.4175,1773,1562,0,0,0.0037985045866776816,99.62014954133224
8994,CA-2020-159100,,,Standard Class,VP-21760,Victoria Pisteka,Corporate,United States,Columbia,Tennessee,South,FUR-TA-10001950,Furniture,Tables,Balt Solid Wood Round Tables,1924.258,7,-968.8833,No,Online,,,,,,,,274.894,-138.4119,-50.351008024911415,2,2247.456,-932.837,3,5534.178,-647.4105,15,-11.698403990619743,252121.081,26551.7163,26288.317,-3467.5906,13705.148,2721.1764,509743.1262,57805.7991,451508.6452,10006.6112,119293.743,-11091.6365,1773,1562,0,0,0.002036061242959021,99.7963938757041
458,US-2019-157945,,2019-01-10,Standard Class,NF-18385,Natalie Fritzler,Consumer,United States,Decatur,Illinois,Central,FUR-CH-10002331,Furniture,Chairs,Hon 4700 Series Mobuis Mid-Back Task Chairs with Adjustable Arms,747.558,3,-96.1146,No,COD,,,,,,,,249.186,-32.0382,-12.857142857142856,5,2717.49,97.67060000000004,5,5575.434,608.7258,21,10.91799849123853,341007.5242,27450.0071,64224.33,-9554.6539,3011.521,-366.1132,753002.1291,81338.5875,451508.6452,10006.6112,181945.998,13406.7032,1773,1717,0,0,0.0017582168188853362,99.82417831811146
8295,US-2020-146906,,,Standard Class,MT-17815,Meg Tillman,Consumer,United States,New York City,New York,East,TEC-PH-10001809,Technology,Phones,Panasonic KX T7736-B Digital phone,339.9,2,74.975,No,COD,,,,,,,,169.95,37.4875,22.057958223006764,4,3002.898,507.2272,2,483.86,82.4725,3,17.0447030132683,450234.666,53400.4243,186748.097,41012.0212,154919.699,34760.2974,753002.1291,81338.5875,470587.991,90458.2486,196563.546,22308.9179,1773,1717,0,0,0.00275071507905416,99.72492849209459
7253,CA-2019-152457,2019-12-09,,Standard Class,SC-20695,Steve Chapman,Corporate,United States,Roseville,Michigan,Central,OFF-PA-10003790,Office Supplies,Paper,Xerox 1991,68.52,3,31.5192,No,Online,2019.0,4.0,12.0,December,9.0,Monday,,22.84,10.5064,46.0,7,1932.318,336.3731,4,530.576,164.9048,17,31.08033533367509,341007.5242,27450.0071,48504.684,17480.280600000002,1731.606,596.4723,509743.1262,57805.7991,643707.687,74797.2461,99453.612,21112.3779,1773,1562,0,0,0.00016121843639650774,99.98387815636035
6783,CA-2020-121293,,,Second Class,JC-15775,John Castell,Consumer,United States,Philadelphia,Pennsylvania,East,FUR-FU-10000732,Furniture,Furnishings,Eldon 200 Class Desk Accessories,129.096,4,3.0144,No,Cards,,,,,,,,32.274,0.7536,2.335006506785648,6,2913.581,187.8708,6,490.576,35.168,20,7.168715958383613,450234.666,53400.4243,82354.95,-9297.7975,77305.44,-8065.9684,753002.1291,81338.5875,451508.6452,10006.6112,92691.218,8034.4328,568,985,0,0,0.0019254886184313729,99.80745113815686
1554,CA-2020-158386,,,Standard Class,BO-11425,Bobby Odegard,Consumer,United States,Richmond,Kentucky,South,OFF-BI-10003719,Office Supplies,Binders,Large Capacity Hanging Post Binders,165.75,5,57.385,No,Online,,,,,,,,33.15,11.477,34.621417797888384,1,165.75,57.385,2,203.175,27.445,10,13.50805955457118,252121.081,26551.7163,24352.73,5968.384,15487.14,4080.2061,753002.1291,81338.5875,643707.687,74797.2461,174978.38999999998,17885.3759,1773,1562,0,0,0.0016210761176965649,99.83789238823034
3237,CA-2019-146836,2019-02-05,2019-02-05,Same Day,CC-12475,Cindy Chapman,Consumer,United States,New York City,New York,East,OFF-ST-10001580,Office Supplies,Storage,Super Decoflex Portable Personal File,44.94,3,12.5832,No,Cards,2019.0,1.0,2.0,February,5.0,Tuesday,0.0,14.98,4.1944,28.000000000000004,8,2094.038,151.467,5,344.76,39.5472,13,11.47093630351549,450234.666,53400.4243,186748.097,41012.0212,154919.699,34760.2974,753002.1291,81338.5875,643707.687,74797.2461,150341.318,13607.0875,163,985,0,0,0.0001784628714020395,99.9821537128598
7499,CA-2020-121048,,,Standard Class,TC-21295,Toby Carlisle,Consumer,United States,Westminster,California,West,OFF-AR-10004042,Office Supplies,Art,"BOSTON Model 1800 Electric Pencil Sharpeners, Putty/Woodgrain",103.92,4,20.8568,No,Online,,,,,,,,25.98,5.2142,20.070053887605848,6,2599.598,203.8367,1,103.92,20.8568,4,20.070053887605848,522441.052,67859.9582,335190.256,49372.175,4865.646,763.6886,753002.1291,81338.5875,643707.687,74797.2461,50762.976,3635.9257,1773,1562,0,0,0.0051496471650786324,99.48503528349214
5606,CA-2019-134516,,,Standard Class,FM-14215,Filia McAdams,Corporate,United States,Greensboro,North Carolina,South,FUR-FU-10001546,Furniture,Furnishings,Dana Swing-Arm Lamps,17.088,2,1.068,No,Online,,,,,,,,8.544,0.534,6.25,8,1987.488,20.905400000000007,2,117.176,2.136,4,1.8228988871441247,252121.081,26551.7163,39705.125,-4827.692300000001,2555.991,-85.72149999999999,509743.1262,57805.7991,451508.6452,10006.6112,92691.218,8034.4328,1773,1562,0,0,0.0011242012658718506,99.88757987341282
5598,CA-2020-151176,,,Standard Class,SV-20785,Stewart Visinsky,Consumer,United States,Baltimore,Maryland,East,OFF-SU-10001165,Office Supplies,Supplies,Acme Elite Stainless Steel Scissors,144.02,3,6.5052,No,COD,,,,,,,,48.00666666666667,2.1684,4.516872656575475,2,1380.8780000000002,86.23830000000001,4,417.716,12.3432,8,2.9549263135719004,450234.666,53400.4243,16090.103,3860.6173,5587.782,1118.9513,753002.1291,81338.5875,643707.687,74797.2461,36720.986,-1654.2767,1773,1717,0,0,0.0021949041350496964,99.78050958649503
4951,CA-2019-125815,,2019-01-11,Second Class,DL-13330,Denise Leinenbach,Consumer,United States,New York City,New York,East,OFF-AR-10004441,Office Supplies,Art,BIC Brite Liner Highlighters,12.42,3,5.2164,No,Online,,,,,,,,4.14,1.7388,42.00000000000001,2,174.79,22.5918,5,1540.896,24.6744,18,1.60130209955766,450234.666,53400.4243,186748.097,41012.0212,154919.699,34760.2974,753002.1291,81338.5875,643707.687,74797.2461,50762.976,3635.9257,568,1562,0,0,0.003035473540740198,99.69645264592599
2457,CA-2020-140949,,,Second Class,DB-13405,Denny Blanton,Consumer,United States,New York City,New York,East,OFF-LA-10004093,Office Supplies,Labels,Avery 486,124.31,1,3.4357,No,Online,,,,,,,,124.31,3.4357,2.763816265787145,2,1679.084,172.5842,6,493.194,57.4566,18,11.649898417255685,450234.666,53400.4243,186748.097,41012.0212,154919.699,34760.2974,753002.1291,81338.5875,643707.687,74797.2461,19397.456,2937.2212,568,1562,0,0,0.003418282209435961,99.6581717790564
3118,CA-2019-150350,,,Standard Class,MS-17770,Maxwell Schwartz,Consumer,United States,Seattle,Washington,West,OFF-SU-10002189,Office Supplies,Supplies,Acme Rosewood Handle Letter Opener,15.88,4,0.1588,No,COD,,,,,,,,3.97,0.0397,1.0,3,2107.758,173.7859,1,15.88,0.1588,4,1.0,522441.052,67859.9582,92975.18,21466.6555,77924.542,18839.3111,753002.1291,81338.5875,643707.687,74797.2461,36720.986,-1654.2767,1773,1717,0,0,0.003659342480774854,99.63406575192252
7391,CA-2020-108035,,2020-03-12,Standard Class,TT-21070,Ted Trevino,Consumer,United States,Chattanooga,Tennessee,South,FUR-FU-10004017,Furniture,Furnishings,"Executive Impressions 13"" Chairman Wall Clock",122.52,5,19.035,No,Cards,,,,,,,,24.504,3.807,15.536238981390794,3,4021.146,425.4175,4,840.712,105.059,12,12.496431596075707,252121.081,26551.7163,26288.317,-3467.5906,1381.803,27.1918,753002.1291,81338.5875,451508.6452,10006.6112,92691.218,8034.4328,1773,985,0,0,0.0030831690465016686,99.69168309534983
7028,CA-2020-131653,,2020-05-02,Standard Class,RD-19585,Rob Dowd,Consumer,United States,New York City,New York,East,OFF-LA-10001045,Office Supplies,Labels,Permanent Self-Adhesive File Folder Labels for Typewriters by Universal,85.22,2,2.4012,No,Cards,,,,,,,,42.61,1.2006,2.8176484393334893,4,422.548,90.494,4,323.54,15.399,15,4.7595351424862455,450234.666,53400.4243,186748.097,41012.0212,154919.699,34760.2974,753002.1291,81338.5875,643707.687,74797.2461,19397.456,2937.2212,1773,985,0,0,0.0026157129801644627,99.73842870198355
3959,CA-2019-156573,,2019-02-06,Standard Class,RB-19360,Raymond Buch,Consumer,United States,Nashville,Tennessee,South,OFF-AR-10003732,Office Supplies,Art,Newell 333,4.448,2,0.3336,No,COD,,,,,,,,2.224,0.1668,7.5,6,5041.339,6976.0959,6,346.028,8.2844,13,2.394141514559516,252121.081,26551.7163,26288.317,-3467.5906,4901.979,64.88539999999999,753002.1291,81338.5875,643707.687,74797.2461,50762.976,3635.9257,1773,1717,0,0,0.008017707725343173,99.19822922746569
8856,CA-2020-163671,,,Standard Class,DP-13105,Dave Poirier,Corporate,United States,Meridian,Idaho,West,OFF-BI-10001679,Office Supplies,Binders,GBC Instant Index System for Binding Systems,379.312,3,7.992,No,COD,,,,,,,,126.43733333333334,2.664,2.106972624119458,7,3456.89,546.8897,3,632.4,13.32,7,2.106261859582543,522441.052,67859.9582,3180.034,479.3551,880.0519999999999,95.214,509743.1262,57805.7991,643707.687,74797.2461,174978.38999999998,17885.3759,1773,1717,0,0,0.0027108931442924823,99.72891068557075
8821,CA-2020-100622,2020-03-11,2020-07-11,Standard Class,DK-13090,Dave Kipp,Consumer,United States,Orlando,Florida,South,TEC-CO-10003236,Technology,Copiers,Canon Image Class D660 Copier,995.984,2,311.9948,No,COD,2020.0,1.0,3.0,March,11.0,Wednesday,122.0,497.992,155.9974,31.32528233385275,5,3246.187,362.6854,2,4022.934,1691.9718,7,42.0581545707685,252121.081,26551.7163,49914.999,-227.7464999999999,2222.27,371.2573,753002.1291,81338.5875,470587.991,90458.2486,59735.798,42774.5828,1773,1717,0,0,0.001942274030612789,99.80577259693872
3766,CA-2019-163153,,,Standard Class,DM-12955,Dario Medina,Corporate,United States,Houston,Texas,Central,FUR-TA-10004767,Furniture,Tables,Safco Drafting Table,99.372,2,-1.4196,No,COD,,,,,,,,49.686,-0.7098,-1.4285714285714286,3,213.78,7.4024,3,610.468,14.9058,9,2.4417004658720853,341007.5242,27450.0071,116261.9302,-14078.1598,45159.5078,-7197.716,509743.1262,57805.7991,451508.6452,10006.6112,119293.743,-11091.6365,1773,1717,0,0,0.0019410127355609895,99.8058987264439
6114,CA-2019-124590,2019-12-11,,Standard Class,SP-20920,Susan Pistek,Consumer,United States,Parma,Ohio,East,FUR-CH-10000454,Furniture,Chairs,"Hon Deluxe Fabric Upholstered Stacking Chairs, Rounded Back",1537.074,9,0.0,No,Cards,2019.0,4.0,12.0,December,11.0,Wednesday,,170.786,0.0,0.0,5,4517.869,-9.526600000000002,9,7304.126,1732.258,38,23.716157141867487,450234.666,53400.4243,68194.86,-9339.4223,3910.416,36.0322,753002.1291,81338.5875,451508.6452,10006.6112,181945.998,13406.7032,1773,985,0,0,0.0002456509453584322,99.97543490546416
3542,CA-2019-157511,,,First Class,SV-20365,Seth Vernon,Consumer,United States,Columbus,Ohio,East,FUR-FU-10002107,Furniture,Furnishings,Eldon Pizzaz Desk Accessories,5.352,3,1.6056,No,COD,,,,,,,,1.784,0.5352,30.0,7,10751.148,1610.002,2,19.624,5.8872,11,30.0,450234.666,53400.4243,68194.86,-9339.4223,36398.885,4818.0624,753002.1291,81338.5875,451508.6452,10006.6112,92691.218,8034.4328,499,1717,0,0,0.0046520603823297845,99.53479396176702
2003,CA-2020-163510,,,Second Class,JW-15955,Joni Wasserman,Consumer,United States,Louisville,Kentucky,South,OFF-ST-10000563,Office Supplies,Storage,Fellowes Bankers Box Stor/Drawer Steel Plus,465.94,3,9.594,No,COD,,,,,,,,155.31333333333333,3.198,2.0590633987208653,6,1946.928,172.0721,7,1315.352,-3.198000000000002,25,-0.243128835475219,252121.081,26551.7163,24352.73,5968.384,9927.42,-2338.8303,753002.1291,81338.5875,643707.687,74797.2461,150341.318,13607.0875,568,1717,0,0,0.001419369168963463,99.85806308310366
9705,CA-2020-147032,,2020-04-08,Standard Class,LB-16795,Laurel Beltran,Home Office,United States,Wilmington,Delaware,East,OFF-BI-10002897,Office Supplies,Binders,"Black Avery Memo-Size 3-Ring Binder, 5 1/2"" x 8 1/2""",130.01,3,5.3949,No,COD,,,,,,,,43.336666666666666,1.7983,4.149603876624875,7,4810.108,-30.64940000000001,3,228.084,5.9821,7,2.6227617895161432,450234.666,53400.4243,12515.703,7029.9107,2849.423,658.4048999999999,303059.0679,36117.7193,643707.687,74797.2461,174978.38999999998,17885.3759,1773,1717,0,0,0.0023479150194132157,99.76520849805868
8540,CA-2020-147354,2020-09-03,,Standard Class,KB-16315,Karl Braun,Consumer,United States,Los Angeles,California,West,TEC-CO-10000971,Technology,Copiers,Hewlett Packard 310 Color Digital Copier,521.984,2,59.998,No,Online,2020.0,3.0,9.0,September,3.0,Thursday,,260.992,29.999,11.494222045120155,2,733.98,97.1641,5,3847.876,779.9739999999999,14,20.270247793847822,522441.052,67859.9582,335190.256,49372.175,120017.4405,19174.9301,753002.1291,81338.5875,470587.991,90458.2486,59735.798,42774.5828,1773,1562,0,0,0.004373438272790201,99.56265617272098
7957,CA-2020-131807,2020-05-10,2020-10-10,Standard Class,GG-14650,Greg Guthrie,Corporate,United States,Chico,California,West,OFF-FA-10002780,Office Supplies,Fasteners,Staples,107.9,5,6.854,Yes,Online,2020.0,2.0,5.0,May,10.0,Sunday,153.0,21.58,1.3708,6.352177942539389,7,1793.27,5.870600000000004,4,319.98400000000004,23.3632,24,7.3013650682534115,522441.052,67859.9582,335190.256,49372.175,1123.112,-14.0445,509743.1262,57805.7991,643707.687,74797.2461,15205.238,598.4175,1773,1562,1,1,0.9987708297240316,99.87708297240316
8116,CA-2020-101014,,2020-04-09,Standard Class,RW-19540,Rick Wilson,Corporate,United States,Los Angeles,California,West,FUR-FU-10003374,Furniture,Furnishings,Electrix Fluorescent Magnifier Lamps & Weighted Base,180.02,3,41.4456,No,COD,,,,,,,,60.00666666666667,13.8152,23.022775247194755,4,7035.446,1660.8355,2,495.7960000000001,73.0232,11,14.72847703490952,522441.052,67859.9582,335190.256,49372.175,120017.4405,19174.9301,509743.1262,57805.7991,451508.6452,10006.6112,92691.218,8034.4328,1773,1717,0,0,0.011498898089208544,98.85011019107914
1668,CA-2019-128531,,,Second Class,NS-18505,Neola Schneider,Consumer,United States,Dallas,Texas,Central,OFF-PA-10000167,Office Supplies,Paper,Xerox 1925,74.352,3,23.235,No,Cards,,,,,,,,24.784,7.745,31.25,4,3292.8630000000003,-12.303999999999998,4,383.584,113.077,13,29.47907107700009,341007.5242,27450.0071,116261.9302,-14078.1598,20019.1136,-1983.7422,753002.1291,81338.5875,643707.687,74797.2461,99453.612,21112.3779,568,985,0,0,0.00198198673115241,99.80180132688476
2934,US-2019-169040,2019-06-12,2019-12-12,Standard Class,GT-14710,Greg Tran,Consumer,United States,Seattle,Washington,West,TEC-PH-10002310,Technology,Phones,Plantronics Calisto P620-M USB Wireless Speakerphone System,156.792,1,13.7193,No,COD,2019.0,2.0,6.0,June,12.0,Wednesday,183.0,156.792,13.7193,8.75,8,3629.154,450.4581,4,1825.706,424.059,10,23.22712419195642,522441.052,67859.9582,92975.18,21466.6555,77924.542,18839.3111,753002.1291,81338.5875,470587.991,90458.2486,196563.546,22308.9179,1773,1717,0,0,0.0006080798437210999,99.93919201562788
1939,CA-2019-112109,2019-08-07,2019-12-07,Standard Class,JE-15715,Joe Elijah,Consumer,United States,Broomfield,Colorado,West,OFF-ST-10001505,Office Supplies,Storage,"Perma STOR-ALL Hanging File Box, 13 1/8""W x 12 1/4""D x 10 1/2""H",33.488,7,-1.2558,No,COD,2019.0,3.0,8.0,August,7.0,Wednesday,122.0,4.784,-0.1794,-3.75,7,7709.987,1271.0854,3,57.408,2.8106,11,4.895833333333333,522441.052,67859.9582,29249.064,-5825.5857,793.504,62.445,753002.1291,81338.5875,643707.687,74797.2461,150341.318,13607.0875,1773,1717,0,0,0.00044488162647682934,99.95551183735232
9661,CA-2019-160717,2019-06-06,2019-11-06,Standard Class,ME-17320,Maria Etezadi,Home Office,United States,Santa Barbara,California,West,TEC-PH-10001459,Technology,Phones,Samsung Galaxy Mega 6.3,3023.928,9,226.7946,No,COD,2019.0,2.0,6.0,June,6.0,Thursday,153.0,335.992,25.1994,7.5,8,6665.056,525.5449,5,12370.708,1696.7596,34,13.715945764785651,522441.052,67859.9582,335190.256,49372.175,3991.088,492.3118,303059.0679,36117.7193,470587.991,90458.2486,196563.546,22308.9179,1773,1717,0,0,0.0006844384781383064,99.93155615218618
356,CA-2019-138520,2019-08-04,,Standard Class,JL-15505,Jeremy Lonsdale,Consumer,United States,New York City,New York,East,OFF-EN-10001137,Office Supplies,Envelopes,"#10 Gummed Flap White Envelopes, 100/Box",8.26,2,3.7996,No,Online,2019.0,3.0,8.0,August,4.0,Sunday,,4.13,1.8998,46.0,4,3751.354,550.4399,3,133.692,14.6202,9,10.935732878556683,450234.666,53400.4243,186748.097,41012.0212,154919.699,34760.2974,753002.1291,81338.5875,643707.687,74797.2461,16542.464,3508.5073,1773,1562,0,0,0.0002729426442961452,99.97270573557039
415,CA-2020-142636,2020-03-11,2020-07-11,Standard Class,KC-16675,Kimberly Carter,Corporate,United States,Seattle,Washington,West,OFF-PA-10000157,Office Supplies,Paper,Xerox 191,154.86,7,65.7342,No,Cards,2020.0,1.0,3.0,March,11.0,Wednesday,122.0,22.122857142857143,9.3906,42.447500968616815,3,1307.66,150.9564,7,836.492,232.1676,26,27.75490978993224,522441.052,67859.9582,92975.18,21466.6555,77924.542,18839.3111,509743.1262,57805.7991,643707.687,74797.2461,99453.612,21112.3779,1773,985,0,0,0.003665966518684657,99.63340334813154
9540,US-2020-169488,2020-07-09,2020-09-09,First Class,AA-10375,Allen Armold,Consumer,United States,Providence,Rhode Island,East,OFF-PA-10000157,Office Supplies,Paper,Xerox 191,144.96,2,18.7812,No,COD,2020.0,3.0,7.0,July,9.0,Thursday,62.0,72.48,9.3906,12.956125827814567,4,2015.02,191.6403,7,836.492,232.1676,26,27.75490978993224,450234.666,53400.4243,13602.71,5627.4571,10165.32,4353.5854,753002.1291,81338.5875,643707.687,74797.2461,99453.612,21112.3779,499,1717,0,0,0.0023625269156269542,99.7637473084373
8567,CA-2019-134110,,,First Class,BG-11035,Barry Gonzalez,Consumer,United States,The Colony,Texas,Central,OFF-PA-10000697,Office Supplies,Paper,"TOPS Voice Message Log Book, Flash Format",15.232,4,5.5216,No,Online,,,,,,,,3.808,1.3804,36.25000000000001,4,964.644,233.91,3,143.50400000000002,20.3728,12,14.196677444531158,341007.5242,27450.0071,116261.9302,-14078.1598,142.16000000000005,31.6586,753002.1291,81338.5875,643707.687,74797.2461,99453.612,21112.3779,499,1562,0,0,0.0028421962333185454,99.71578037666815
7468,CA-2020-148985,2020-11-11,,Second Class,TB-21190,Thomas Brumley,Home Office,United States,Los Angeles,California,West,FUR-FU-10001424,Furniture,Furnishings,Dax Clear Box Frame,150.92,4,11.8728,No,Online,2020.0,4.0,11.0,November,11.0,Wednesday,,37.73,2.9682,7.8669493771534595,2,266.72,13.9788,5,505.57,9.4284,12,1.86490495875942,522441.052,67859.9582,335190.256,49372.175,120017.4405,19174.9301,303059.0679,36117.7193,451508.6452,10006.6112,92691.218,8034.4328,568,1562,0,0,0.007143298687054383,99.28567013129455
9667,CA-2020-157448,,,Standard Class,LC-16885,Lena Creighton,Consumer,United States,Los Angeles,California,West,FUR-FU-10001847,Furniture,Furnishings,Eldon Image Series Black Desk Accessories,94.42,3,4.4712,No,COD,,,,,,,,31.473333333333333,1.4904,4.735437407328956,6,1659.704,79.5254,3,229.152,9.6048,7,4.191453707582739,522441.052,67859.9582,335190.256,49372.175,120017.4405,19174.9301,753002.1291,81338.5875,451508.6452,10006.6112,92691.218,8034.4328,1773,1717,0,0,0.005657177385307478,99.43428226146925
6241,US-2019-131912,,2019-01-11,Second Class,LH-17155,Logan Haushalter,Consumer,United States,Los Angeles,California,West,OFF-BI-10004236,Office Supplies,Binders,"XtraLife ClearVue Slant-D Ring Binder, White, 3""",11.744,1,3.8168,No,Online,,,,,,,,11.744,3.8168,32.5,7,1503.239,212.0709,9,501.364,49.912,35,9.955242099552422,522441.052,67859.9582,335190.256,49372.175,120017.4405,19174.9301,753002.1291,81338.5875,643707.687,74797.2461,174978.38999999998,17885.3759,568,1562,0,0,0.005694791193106743,99.43052088068931
6980,CA-2020-149076,,,Standard Class,SO-20335,Sean O'Donnell,Consumer,United States,Los Angeles,California,West,OFF-PA-10000483,Office Supplies,Paper,Xerox 19,183.9,5,69.705,No,COD,,,,,,,,36.78,13.941,37.90375203915171,4,1473.056,201.232,3,507.172,131.665,13,25.96062085446357,522441.052,67859.9582,335190.256,49372.175,120017.4405,19174.9301,753002.1291,81338.5875,643707.687,74797.2461,99453.612,21112.3779,1773,1717,0,0,0.005883633969560303,99.41163660304397
5787,CA-2020-141117,2020-02-10,2020-08-10,Standard Class,JK-16090,Juliana Krohn,Consumer,United States,Springfield,Oregon,West,OFF-BI-10003676,Office Supplies,Binders,"GBC Standard Recycled Report Covers, Clear Plastic Sheets",138.638,7,-16.6012,No,Online,2020.0,1.0,2.0,February,10.0,Monday,182.0,19.80542857142857,-2.3716,-11.97449472727535,2,1192.578,357.76970000000006,6,347.452,-6.8992,27,-1.9856555725682967,522441.052,67859.9582,10530.43,-942.9719,26563.202,1508.6366,753002.1291,81338.5875,643707.687,74797.2461,174978.38999999998,17885.3759,1773,1562,0,0,0.005612956391163972,99.4387043608836
6606,CA-2019-148852,,,Standard Class,SV-20785,Stewart Visinsky,Consumer,United States,Santa Ana,California,West,OFF-PA-10001293,Office Supplies,Paper,Xerox 1946,45.36,7,21.7728,No,Cards,,,,,,,,6.48,3.1104,48.0,2,1380.8780000000002,86.23830000000001,2,164.32,27.9936,9,17.03602726387537,522441.052,67859.9582,335190.256,49372.175,3702.01,820.9825000000001,753002.1291,81338.5875,643707.687,74797.2461,99453.612,21112.3779,1773,985,0,0,0.0063590208296167615,99.36409791703832
232,US-2020-100930,2020-07-04,2020-12-04,Standard Class,CS-12400,Christopher Schild,Home Office,United States,Tampa,Florida,South,FUR-TA-10001705,Furniture,Tables,Bush Advantage Collection Round Conference Table,255.86,2,-102.048,No,Online,2020.0,3.0,7.0,July,4.0,Saturday,153.0,127.93,-51.024,-39.88431173297897,7,4075.3985,-499.1297,2,816.1,-95.67,5,-11.72282808479353,252121.081,26551.7163,49914.999,-227.7464999999999,3139.9655,-518.029,303059.0679,36117.7193,451508.6452,10006.6112,119293.743,-11091.6365,1773,1562,0,0,0.0009904279535470964,99.9009572046453
2290,CA-2020-115154,2020-08-01,2020-11-01,First Class,RS-19420,Ricardo Sperren,Corporate,United States,Seattle,Washington,West,FUR-TA-10001950,Furniture,Tables,Balt Solid Wood Round Tables,930.98,2,80.3682,No,Cards,2020.0,3.0,8.0,August,1.0,Saturday,92.0,465.49,40.1841,8.632645169606223,4,2324.91,314.5224,3,5534.178,-647.4105,15,-11.698403990619743,522441.052,67859.9582,92975.18,21466.6555,77924.542,18839.3111,509743.1262,57805.7991,451508.6452,10006.6112,119293.743,-11091.6365,499,985,0,0,0.002520335928282577,99.74796640717175
3974,CA-2019-167556,,2019-02-04,Standard Class,JM-15250,Janet Martin,Consumer,United States,New York City,New York,East,OFF-BI-10003708,Office Supplies,Binders,"Acco Four Pocket Poly Ring Binder with Label Holder, Smoke, 1""",29.8,5,9.3125,No,COD,,,,,,,,5.96,1.8625,31.25,6,4155.122,19.82350000000005,3,527.48,24.2125,13,4.590221430196405,450234.666,53400.4243,186748.097,41012.0212,154919.699,34760.2974,753002.1291,81338.5875,643707.687,74797.2461,174978.38999999998,17885.3759,1773,1717,0,0,0.0022304413486799513,99.776955865132
5531,CA-2020-160885,2020-02-12,2020-06-12,Standard Class,JK-16090,Juliana Krohn,Consumer,United States,Omaha,Nebraska,Central,TEC-PH-10001795,Technology,Phones,ClearOne CHATAttach 160 - speaker phone,521.96,4,743.988,No,Cards,2020.0,1.0,2.0,February,12.0,Wednesday,121.0,130.49,185.997,142.53735918461186,2,1192.578,357.76970000000006,2,1265.948,619.99,6,48.97436545576912,341007.5242,27450.0071,6108.77,1775.4605,4042.8,1588.0109000000002,753002.1291,81338.5875,470587.991,90458.2486,196563.546,22308.9179,1773,985,0,0,0.002325153056555274,99.76748469434447
480,CA-2019-100790,,2019-02-07,Standard Class,JG-15805,John Grady,Corporate,United States,New York City,New York,East,OFF-AR-10003045,Office Supplies,Art,Prang Colored Pencils,14.7,5,6.615,No,COD,,,,,,,,2.94,1.323,45.0,2,1354.97,169.1433,4,325.512,17.64,16,5.419155054191551,450234.666,53400.4243,186748.097,41012.0212,154919.699,34760.2974,509743.1262,57805.7991,643707.687,74797.2461,50762.976,3635.9257,1773,1717,0,0,0.0025047795471116133,99.74952204528884
140,CA-2019-145583,,,Standard Class,LC-16885,Lena Creighton,Consumer,United States,Roseville,California,West,FUR-FU-10001706,Furniture,Furnishings,Longer-Life Soft White Bulbs,43.12,14,20.6976,No,Online,,,,,,,,3.08,1.4784000000000002,48.00000000000001,6,1659.704,79.5254,3,243.76,32.5248,22,13.342960288808664,522441.052,67859.9582,335190.256,49372.175,1731.606,596.4723,753002.1291,81338.5875,451508.6452,10006.6112,92691.218,8034.4328,1773,1562,0,0,0.005507710752808958,99.44922892471911
9060,CA-2019-132304,,,Standard Class,AR-10825,Anthony Rawles,Corporate,United States,Seattle,Washington,West,FUR-TA-10004619,Furniture,Tables,Hon Non-Folding Utility Tables,1115.17,7,334.551,No,Cards,,,,,,,,159.31,47.793,30.0,6,4805.496,475.136,3,2564.891,446.068,19,17.391304347826086,522441.052,67859.9582,92975.18,21466.6555,77924.542,18839.3111,509743.1262,57805.7991,451508.6452,10006.6112,119293.743,-11091.6365,1773,985,0,0,0.00392748318152668,99.60725168184733
1215,US-2020-118087,2020-09-09,,Standard Class,SP-20620,Stefania Perrino,Corporate,United States,Philadelphia,Pennsylvania,East,OFF-BI-10000069,Office Supplies,Binders,"GBC Prepunched Paper, 19-Hole, for Binding Systems, 24-lb",124.503,1,-3.6024,Yes,Online,2020.0,3.0,9.0,September,9.0,Wednesday,,124.503,-3.6024,-2.8934242548372326,5,5433.251,-337.2606,5,455.633,29.419600000000003,21,6.456863308847252,450234.666,53400.4243,82354.95,-9297.7975,77305.44,-8065.9684,509743.1262,57805.7991,643707.687,74797.2461,174978.38999999998,17885.3759,1773,1562,1,1,0.9945188630272924,99.45188630272924
2762,CA-2020-126536,2020-12-10,,First Class,NK-18490,Neil Knudson,Home Office,United States,San Francisco,California,West,TEC-AC-10003709,Technology,Accessories,Maxell 4.7GB DVD-R 5/Pack,110.99,1,0.4356,No,Cards,2020.0,4.0,12.0,December,10.0,Thursday,,110.99,0.4356,0.3924677898909812,6,1078.418,119.4276,2,236.574,0.9108,3,0.3849958152628775,522441.052,67859.9582,335190.256,49372.175,80891.422,10475.5284,303059.0679,36117.7193,470587.991,90458.2486,122301.086,25336.6455,499,985,0,0,0.0029334659197379903,99.7066534080262
5958,CA-2019-127138,2019-12-03,,Second Class,DK-13225,Dean Katz,Corporate,United States,San Francisco,California,West,OFF-AP-10003842,Office Supplies,Appliances,Euro-Pro Shark Turbo Vacuum,154.9,5,40.274,No,Cards,2019.0,4.0,12.0,December,3.0,Tuesday,,30.98,8.0548,26.0,6,7581.798,543.9058,3,446.112,79.3088,16,17.77777777777778,522441.052,67859.9582,335190.256,49372.175,80891.422,10475.5284,509743.1262,57805.7991,643707.687,74797.2461,80305.247,13166.6098,568,985,0,0,0.000588425066935118,99.94115749330649
1563,US-2020-102890,,,Same Day,SG-20470,Sheri Gordon,Consumer,United States,New York City,New York,East,FUR-TA-10000577,Furniture,Tables,Bretford CR4500 Series Slim Rectangular Table,1063.63,5,-295.9785,No,COD,,,,,,,,212.72600000000003,-59.1957,-27.827204949089435,2,1089.9820000000002,-314.4249,3,2465.89,-351.6921,13,-14.262278528239298,450234.666,53400.4243,186748.097,41012.0212,154919.699,34760.2974,753002.1291,81338.5875,451508.6452,10006.6112,119293.743,-11091.6365,163,1717,0,0,0.0029993762728667242,99.70006237271333
981,CA-2019-144939,2019-03-10,2019-08-10,Standard Class,EB-13870,Emily Burns,Consumer,United States,New York City,New York,East,FUR-CH-10003199,Furniture,Chairs,Office Star - Contemporary Task Swivel Chair,599.292,6,93.2232,No,Online,2019.0,1.0,3.0,March,10.0,Sunday,153.0,99.882,15.5372,15.555555555555555,5,1318.998,3.6378,4,1286.976,62.14880000000001,14,4.829056641304889,450234.666,53400.4243,186748.097,41012.0212,154919.699,34760.2974,753002.1291,81338.5875,451508.6452,10006.6112,181945.998,13406.7032,1773,1562,0,0,0.0005373687071198808,99.94626312928801
6632,CA-2019-105081,,,Standard Class,JE-15715,Joe Elijah,Consumer,United States,Seattle,Washington,West,FUR-TA-10001307,Furniture,Tables,"SAFCO PlanMaster Heigh-Adjustable Drafting Table Base, 43w x 30d x 30-37h, Black",1747.25,5,629.01,No,Online,,,,,,,,349.45,125.802,36.0,7,7709.987,1271.0854,3,3080.215,580.087,11,18.832678887675048,522441.052,67859.9582,92975.18,21466.6555,77924.542,18839.3111,753002.1291,81338.5875,451508.6452,10006.6112,119293.743,-11091.6365,1773,1562,0,0,0.005138373894215192,99.48616261057848
1399,CA-2019-124485,,,First Class,NC-18340,Nat Carroll,Consumer,United States,New York City,New York,East,TEC-AC-10002323,Technology,Accessories,SanDisk Ultra 32 GB MicroSDHC Class 10 Memory Card,88.4,4,11.492,No,Cards,,,,,,,,22.1,2.873,13.0,2,1406.186,242.8831,6,719.46,18.785,25,2.6109860172907458,450234.666,53400.4243,186748.097,41012.0212,154919.699,34760.2974,753002.1291,81338.5875,470587.991,90458.2486,122301.086,25336.6455,499,985,0,0,0.0034130063220744766,99.65869936779255
5533,US-2019-167472,2019-06-06,2019-07-06,First Class,CK-12595,Clytie Kelty,Consumer,United States,Little Rock,Arkansas,South,TEC-AC-10003038,Technology,Accessories,Kingston Digital DataTraveler 16GB USB 2.0,26.85,3,5.1015,No,COD,2019.0,2.0,6.0,June,6.0,Thursday,30.0,8.950000000000001,1.7005,19.0,8,2046.986,533.1557,7,807.67,48.688,36,6.028204588507682,252121.081,26551.7163,9652.83,1873.9949,4745.43,728.5249,753002.1291,81338.5875,470587.991,90458.2486,122301.086,25336.6455,499,1717,0,0,0.00015984290143651679,99.98401570985635
8013,CA-2020-120168,,,Same Day,TB-21625,Trudy Brown,Consumer,United States,New York City,New York,East,OFF-BI-10004519,Office Supplies,Binders,GBC DocuBind P100 Manual Binding Machine,697.92,5,207.475,No,COD,,,,,,,,139.584,41.495,29.72761921137093,5,2590.856,304.3545,3,1607.212,556.033,11,34.59612048690527,450234.666,53400.4243,186748.097,41012.0212,154919.699,34760.2974,753002.1291,81338.5875,643707.687,74797.2461,174978.38999999998,17885.3759,163,1717,0,0,0.002783245423664677,99.72167545763352
4685,CA-2019-159912,,2019-03-09,Standard Class,GB-14530,George Bell,Corporate,United States,Philadelphia,Pennsylvania,East,FUR-BO-10002853,Furniture,Bookcases,O'Sullivan 5-Shelf Heavy-Duty Bookcases,163.88,4,-81.94,No,Cards,,,,,,,,40.97,-20.485,-50.0,6,1151.644,-33.2521,3,409.7,-20.485,7,-5.0,450234.666,53400.4243,82354.95,-9297.7975,77305.44,-8065.9684,509743.1262,57805.7991,451508.6452,10006.6112,57577.6862,-342.88830000000013,1773,985,0,0,0.0015768020665730387,99.8423197933427
7636,US-2020-158526,,2021-01-01,Second Class,KH-16360,Katherine Hughes,Consumer,United States,Louisville,Kentucky,South,FUR-CH-10004495,Furniture,Chairs,"Global Leather and Oak Executive Chair, Black",351.98,1,87.2842,No,COD,,,,,,,,351.98,87.2842,24.798056707767486,4,3050.724,560.6159,4,4652.798,698.2736,18,15.00760617589674,252121.081,26551.7163,24352.73,5968.384,9927.42,-2338.8303,753002.1291,81338.5875,451508.6452,10006.6112,181945.998,13406.7032,568,1717,0,0,0.002955680411784807,99.70443195882152
3013,CA-2020-134845,,,Standard Class,SR-20425,Sharelle Roach,Home Office,United States,Louisville,Colorado,West,OFF-BI-10001543,Office Supplies,Binders,GBC VeloBinder Manual Binding System,138.594,2,-15.8356,No,Cards,,,,,,,,69.297,-7.9178,-11.425891452732442,4,3726.541,-3391.4082,6,946.018,243.2924,22,25.71752334522176,522441.052,67859.9582,29249.064,-5825.5857,9927.42,-2338.8303,303059.0679,36117.7193,643707.687,74797.2461,174978.38999999998,17885.3759,1773,985,0,0,0.0014706039869897922,99.85293960130102
9467,CA-2020-102925,2020-05-11,2020-10-11,Second Class,CD-12280,Christina DeMoss,Consumer,United States,New York City,New York,East,OFF-BI-10002735,Office Supplies,Binders,GBC Prestige Therm-A-Bind Covers,207.688,6,55.5822,No,COD,2020.0,2.0,5.0,May,11.0,Monday,153.0,34.614666666666665,9.2637,26.762355071068143,2,1889.584,233.0274,5,807.994,251.4923,19,31.125515783533046,450234.666,53400.4243,186748.097,41012.0212,154919.699,34760.2974,753002.1291,81338.5875,643707.687,74797.2461,174978.38999999998,17885.3759,568,1717,0,0,0.004813522753759218,99.51864772462407
7227,CA-2020-127397,,,Standard Class,ES-14080,Erin Smith,Corporate,United States,Philadelphia,Pennsylvania,East,OFF-PA-10001125,Office Supplies,Paper,Xerox 1988,152.92,5,38.725,No,COD,,,,,,,,30.584,7.745,25.323698665969136,7,3687.88,140.06710000000004,4,525.152,145.606,14,27.726448723417217,450234.666,53400.4243,82354.95,-9297.7975,77305.44,-8065.9684,509743.1262,57805.7991,643707.687,74797.2461,99453.612,21112.3779,1773,1717,0,0,0.001299827381705912,99.87001726182942
9295,CA-2020-161340,,2020-01-06,Standard Class,AM-10360,Alice McCarthy,Corporate,United States,Cleveland,Ohio,East,OFF-PA-10002464,Office Supplies,Paper,HP Office Recycled Paper (20Lb. and 87 Bright),101.872,3,5.0286,No,Cards,,,,,,,,33.95733333333333,1.6762,4.936194440081671,3,909.962,8.413,3,2100.452,36.1828,14,1.7226197028068249,450234.666,53400.4243,68194.86,-9339.4223,5778.905,-493.2176,509743.1262,57805.7991,643707.687,74797.2461,99453.612,21112.3779,1773,985,0,0,0.001904867776850235,99.80951322231498
3662,CA-2019-155005,,,Second Class,SC-20050,Sample Company A,Home Office,United States,Jackson,Michigan,Central,TEC-PH-10003484,Technology,Phones,Ooma Telo VoIP Home Phone System,377.97,3,94.4925,No,Online,,,,,,,,125.99,31.4975,25.0,7,1763.2140000000002,238.1085,3,827.138,119.6905,7,14.470439031939048,341007.5242,27450.0071,48504.684,17480.280600000002,22696.316,6388.0094,303059.0679,36117.7193,470587.991,90458.2486,196563.546,22308.9179,568,1562,0,0,0.001504794398030288,99.84952056019696
6368,CA-2020-144848,2020-04-04,2020-05-04,First Class,DS-13030,Darrin Sayre,Home Office,United States,New York City,New York,East,TEC-PH-10002262,Technology,Phones,LG Electronics Tone+ HBS-730 Bluetooth Headset,145.02,2,33.3256,No,Cards,2020.0,2.0,4.0,April,4.0,Saturday,30.0,72.51,16.6628,22.980002758240243,3,2416.116,163.85809999999998,3,823.434,154.726,15,18.790334137283622,450234.666,53400.4243,186748.097,41012.0212,154919.699,34760.2974,303059.0679,36117.7193,470587.991,90458.2486,196563.546,22308.9179,499,985,0,0,0.0015332282793098261,99.84667717206902
9662,CA-2019-160717,2019-06-06,2019-11-06,Standard Class,ME-17320,Maria Etezadi,Home Office,United States,Santa Barbara,California,West,TEC-AC-10002134,Technology,Accessories,Rosewill 107 Normal Keys USB Wired Standard Keyboard,26.96,2,3.7744,No,Online,2019.0,2.0,6.0,June,6.0,Thursday,153.0,13.48,1.8872,13.999999999999998,8,6665.056,525.5449,2,108.44,5.6616,3,5.220951678347474,522441.052,67859.9582,335190.256,49372.175,3991.088,492.3118,303059.0679,36117.7193,470587.991,90458.2486,122301.086,25336.6455,1773,1562,0,0,0.0008451490865682529,99.91548509134317
8598,US-2019-117387,,,Standard Class,PA-19060,Pete Armstrong,Home Office,United States,San Francisco,California,West,OFF-BI-10004308,Office Supplies,Binders,Avery Legal 4-Ring Binder,67.136,4,25.176,No,Online,,,,,,,,16.784,6.294,37.5,3,207.728,58.4452,3,207.134,58.74400000000001,11,28.3603850647407,522441.052,67859.9582,335190.256,49372.175,80891.422,10475.5284,303059.0679,36117.7193,643707.687,74797.2461,174978.38999999998,17885.3759,1773,1562,0,0,0.004677475409958529,99.53225245900414
3011,CA-2020-134845,,,Standard Class,SR-20425,Sharelle Roach,Home Office,United States,Louisville,Colorado,West,OFF-BI-10000773,Office Supplies,Binders,Insertable Tab Post Binder Dividers,127.03,5,-9.223,No,Cards,,,,,,,,25.406,-1.8446,-7.2604896481146195,4,3726.541,-3391.4082,4,250.486,-29.273,15,-11.686481480002875,522441.052,67859.9582,29249.064,-5825.5857,9927.42,-2338.8303,303059.0679,36117.7193,643707.687,74797.2461,174978.38999999998,17885.3759,1773,985,0,0,0.0015191324149120779,99.84808675850879
8322,US-2019-149790,,2019-01-10,Standard Class,SC-20380,Shahid Collister,Consumer,United States,Houston,Texas,Central,OFF-BI-10002026,Office Supplies,Binders,Ibico Recycled Linen-Style Covers,15.624,2,-24.9984,No,Online,,,,,,,,7.812,-12.4992,-160.0,6,5948.110000000001,245.2874,9,1600.946,343.4466,43,21.452728574230488,341007.5242,27450.0071,116261.9302,-14078.1598,45159.5078,-7197.716,753002.1291,81338.5875,643707.687,74797.2461,174978.38999999998,17885.3759,1773,1562,0,0,0.0030439510544455037,99.69560489455544
1535,CA-2020-124086,2020-10-02,,Standard Class,MP-18175,Mike Pelletier,Home Office,United States,Laguna Niguel,California,West,FUR-BO-10004015,Furniture,Bookcases,"Bush Andora Bookcase, Maple/Graphite Gray Finish",226.983,2,16.7986,No,COD,2020.0,4.0,10.0,October,2.0,Friday,,113.4915,8.3993,7.400818563504756,5,2544.608,-175.95870000000002,7,2755.7915,68.39430000000002,26,2.481838702238541,522441.052,67859.9582,335190.256,49372.175,556.9830000000001,41.9815,303059.0679,36117.7193,451508.6452,10006.6112,57577.6862,-342.88830000000013,1773,1717,0,0,0.0035284456129371497,99.64715543870628
9732,CA-2020-124261,,,Standard Class,JE-15715,Joe Elijah,Consumer,United States,Los Angeles,California,West,OFF-AR-10003504,Office Supplies,Art,Newell 347,127.24,8,9.9296,No,Online,,,,,,,,15.905,1.2412,7.803835271927068,7,7709.987,1271.0854,4,429.752,21.0148,19,4.889983059997394,522441.052,67859.9582,335190.256,49372.175,120017.4405,19174.9301,753002.1291,81338.5875,643707.687,74797.2461,50762.976,3635.9257,1773,1562,0,0,0.00825826252276219,99.17417374772378
4225,CA-2019-108644,,2019-03-10,First Class,SJ-20215,Sarah Jordon,Consumer,United States,Quincy,Illinois,Central,OFF-BI-10000343,Office Supplies,Binders,"Pressboard Covers with Storage Hooks, 9 1/2"" x 11"", Light Blue",1.964,2,-3.2406,No,Online,,,,,,,,0.982,-1.6203,-165.0,4,1409.764,-29.4195,8,506.596,-11.8822,34,-2.3454981879051555,341007.5242,27450.0071,64224.33,-9554.6539,1667.635,320.894,753002.1291,81338.5875,643707.687,74797.2461,174978.38999999998,17885.3759,499,1562,0,0,0.004657119046191528,99.53428809538084
2619,CA-2020-115931,,,Standard Class,JM-15655,Jim Mitchum,Corporate,United States,Carlsbad,New Mexico,West,OFF-AR-10000369,Office Supplies,Art,Design Ebony Sketching Pencil,389.17,3,1.0842,No,COD,,,,,,,,129.72333333333333,0.3614,0.2785929028445152,4,1800.571,109.4848,2,506.842,1.5846,9,0.3126418094790881,522441.052,67859.9582,5102.638,852.3424,1508.34,157.7661,509743.1262,57805.7991,643707.687,74797.2461,50762.976,3635.9257,1773,1717,0,0,0.002535564635086439,99.74644353649136
3041,US-2019-147991,2019-05-05,2019-09-05,Standard Class,ZD-21925,Zuschuss Donatelli,Consumer,United States,Chattanooga,Tennessee,South,FUR-FU-10004270,Furniture,Furnishings,"Eldon Image Series Desk Accessories, Burgundy",16.72,5,3.344,No,COD,2019.0,2.0,5.0,May,5.0,Sunday,123.0,3.344,0.6688,20.0,4,1349.184,223.2533,9,654.258,59.3017,29,9.06396253465758,252121.081,26551.7163,26288.317,-3467.5906,1381.803,27.1918,753002.1291,81338.5875,451508.6452,10006.6112,92691.218,8034.4328,1773,1717,0,0,0.0004599626301529528,99.9540037369847
5895,CA-2020-100825,2020-09-09,,Standard Class,KD-16495,Keith Dawkins,Corporate,United States,Los Angeles,California,West,OFF-ST-10003123,Office Supplies,Storage,Fellowes Bases and Tops For Staxonsteel/High-Stak Systems,133.87,3,23.9688,No,COD,2020.0,3.0,9.0,September,9.0,Wednesday,,44.623333333333335,7.9896,17.90453424964518,7,1361.268,193.5799,6,783.64,127.8336,16,16.312796692358734,522441.052,67859.9582,335190.256,49372.175,120017.4405,19174.9301,509743.1262,57805.7991,643707.687,74797.2461,150341.318,13607.0875,1773,1717,0,0,0.004962639376815426,99.50373606231847
1288,CA-2019-154711,,,Standard Class,TB-21355,Todd Boyes,Corporate,United States,New York City,New York,East,FUR-FU-10000397,Furniture,Furnishings,Luxo Economy Swing Arm Lamp,39.88,2,11.1664,No,COD,,,,,,,,19.94,5.5832,28.0,5,1211.328,268.967,2,192.46,50.2488,9,26.10869791125429,450234.666,53400.4243,186748.097,41012.0212,154919.699,34760.2974,509743.1262,57805.7991,451508.6452,10006.6112,92691.218,8034.4328,1773,1717,0,0,0.001963862372194926,99.80361376278051
4825,CA-2019-140018,,,Standard Class,CK-12205,Chloris Kastensmidt,Consumer,United States,Columbus,Ohio,East,FUR-CH-10003817,Furniture,Chairs,"Global Value Steno Chair, Gray",127.554,3,-9.111,No,Cards,,,,,,,,42.518,-3.0370000000000004,-7.142857142857144,8,3069.111,52.7643,6,1425.246,85.036,22,5.966408605952937,450234.666,53400.4243,68194.86,-9339.4223,36398.885,4818.0624,753002.1291,81338.5875,451508.6452,10006.6112,181945.998,13406.7032,1773,985,0,0,0.0014508980673510353,99.8549101932649
6103,CA-2020-100111,,,Standard Class,SV-20365,Seth Vernon,Consumer,United States,New York City,New York,East,TEC-PH-10000215,Technology,Phones,Plantronics Cordless Phone Headset with In-line Volume - M214C,124.85,3,28.3095,Yes,Online,,,,,,,,41.61666666666667,9.4365,22.674809771726075,7,10751.148,1610.002,4,684.05,179.2935,19,26.21058402163585,450234.666,53400.4243,186748.097,41012.0212,154919.699,34760.2974,753002.1291,81338.5875,470587.991,90458.2486,196563.546,22308.9179,1773,1562,1,1,0.9974709234719449,99.74709234719448
3502,CA-2019-108616,,2019-03-10,Standard Class,JK-15730,Joe Kamberova,Consumer,United States,Mobile,Alabama,South,OFF-AR-10001149,Office Supplies,Art,"Sanford Colorific Colored Pencils, 12/Box",25.92,9,7.776,No,COD,,,,,,,,2.8800000000000003,0.864,30.0,6,2255.032,225.5701,4,149.392,19.008,24,12.723572882082038,252121.081,26551.7163,11884.58,3336.3075000000003,3535.24,1666.0722,753002.1291,81338.5875,643707.687,74797.2461,50762.976,3635.9257,1773,1717,0,0,0.0014666051816420236,99.8533394818358
7323,CA-2020-167626,2020-03-09,2020-07-09,Standard Class,MY-18295,Muhammed Yedwab,Corporate,United States,Chicago,Illinois,Central,TEC-AC-10004353,Technology,Accessories,Hypercom P1300 Pinpad,135.8,2,21.42,No,Online,2020.0,1.0,3.0,March,9.0,Monday,122.0,67.9,10.71,15.77319587628866,9,1780.708,-268.5723,3,498.6,136.07999999999998,8,27.29241877256317,341007.5242,27450.0071,64224.33,-9554.6539,39993.161,-6497.3566,509743.1262,57805.7991,470587.991,90458.2486,122301.086,25336.6455,1773,1562,0,0,0.0010731420794411815,99.89268579205589
3513,CA-2020-140326,2020-04-09,2020-06-09,First Class,HW-14935,Helen Wasserman,Corporate,United States,Chicago,Illinois,Central,FUR-BO-10000112,Furniture,Bookcases,"Bush Birmingham Collection Bookcase, Dark Cherry",843.174,9,-117.882,No,Cards,2020.0,2.0,4.0,April,9.0,Thursday,61.0,93.686,-13.098,-13.980744188032364,7,10074.934,2146.9635,1,843.174,-117.882,9,-13.980744188032364,341007.5242,27450.0071,64224.33,-9554.6539,39993.161,-6497.3566,509743.1262,57805.7991,451508.6452,10006.6112,57577.6862,-342.88830000000013,499,985,0,0,0.0025326511852938488,99.74673488147062
5148,CA-2020-128734,,,Standard Class,JL-15175,James Lanier,Home Office,United States,Chandler,Arizona,West,FUR-FU-10001731,Furniture,Furnishings,Acrylic Self-Standing Desk Frames,427.544,4,1.9224,No,Online,,,,,,,,106.886,0.4806,0.4496379320023202,3,1440.059,108.6515,3,1473.244,12.0684,14,0.8191718411885608,522441.052,67859.9582,22914.556,-2761.11,1517.04,139.1134,303059.0679,36117.7193,451508.6452,10006.6112,92691.218,8034.4328,1773,1562,0,0,0.0036270310881158815,99.63729689118841
628,CA-2020-153787,,,Standard Class,AT-10735,Annie Thurman,Consumer,United States,Seattle,Washington,West,OFF-AP-10001563,Office Supplies,Appliances,Belkin Premiere Surge Master II 8-outlet surge protector,139.16,2,28.1764,No,Cards,,,,,,,,69.58,14.0882,20.24748490945674,7,2220.22,163.37480000000002,5,965.416,48.58,20,5.032027644041532,522441.052,67859.9582,92975.18,21466.6555,77924.542,18839.3111,753002.1291,81338.5875,643707.687,74797.2461,80305.247,13166.6098,1773,985,0,0,0.0028579905127885854,99.71420094872114
3823,CA-2020-141873,2020-09-10,,Standard Class,HG-14845,Harry Greene,Consumer,United States,New York City,New York,East,OFF-BI-10003655,Office Supplies,Binders,Durable Pressboard Binders,144.24,6,6.156,No,Online,2020.0,3.0,9.0,September,10.0,Thursday,,24.040000000000003,1.026,4.267886855241263,3,1328.316,127.412,1,144.24,6.156,6,4.267886855241263,450234.666,53400.4243,186748.097,41012.0212,154919.699,34760.2974,753002.1291,81338.5875,643707.687,74797.2461,174978.38999999998,17885.3759,1773,1562,0,0,0.0024833373971209108,99.7516662602879
161,CA-2019-162733,2019-11-05,2019-12-05,First Class,TT-21070,Ted Trevino,Consumer,United States,Los Angeles,California,West,OFF-PA-10002751,Office Supplies,Paper,Xerox 1920,5.98,1,2.691,No,Online,2019.0,4.0,11.0,November,5.0,Tuesday,30.0,5.98,2.691,44.99999999999999,3,4021.146,425.4175,2,23.92,10.764,4,44.99999999999999,522441.052,67859.9582,335190.256,49372.175,120017.4405,19174.9301,753002.1291,81338.5875,643707.687,74797.2461,99453.612,21112.3779,499,1562,0,0,0.0005475215177577679,99.94524784822423
2849,CA-2020-157854,2020-08-04,,Standard Class,DM-13345,Denise Monton,Corporate,United States,Roswell,Georgia,South,OFF-BI-10001359,Office Supplies,Binders,GBC DocuBind TL300 Electric Binding System,2704.97,3,1264.7559,No,Online,2020.0,3.0,8.0,August,4.0,Tuesday,,901.6566666666666,421.5853,46.75674406740186,5,4266.076,1312.5114,6,12890.258,2753.7593,21,21.363104601940474,252121.081,26551.7163,37260.69,9994.4165,4996.349999999999,1880.0033,509743.1262,57805.7991,643707.687,74797.2461,174978.38999999998,17885.3759,1773,1562,0,0,0.0016554810029313016,99.83445189970686
6893,CA-2020-164756,,,Standard Class,SS-20140,Saphhira Shifley,Corporate,United States,Columbus,Georgia,South,OFF-PA-10003848,Office Supplies,Paper,Xerox 1997,144.92,4,12.4416,No,COD,,,,,,,,36.23,3.1104,8.585150427822247,6,2876.74,394.5895,5,553.752,48.7296,19,8.799895982316993,252121.081,26551.7163,37260.69,9994.4165,36398.885,4818.0624,509743.1262,57805.7991,643707.687,74797.2461,99453.612,21112.3779,1773,1717,0,0,0.0015152088094157524,99.84847911905842
7274,US-2019-150357,2019-10-10,,Standard Class,EB-13975,Erica Bern,Corporate,United States,Greensboro,North Carolina,South,OFF-BI-10002557,Office Supplies,Binders,Presstex Flexible Ring Binders,4.095,3,-2.73,No,COD,2019.0,4.0,10.0,October,10.0,Thursday,,1.365,-0.91,-66.66666666666667,4,2401.255,162.8781,5,182.255,18.655,24,10.235658829661736,252121.081,26551.7163,39705.125,-4827.692300000001,2555.991,-85.72149999999999,509743.1262,57805.7991,643707.687,74797.2461,174978.38999999998,17885.3759,1773,1717,0,0,0.00027164935425134094,99.97283506457487
1397,CA-2019-124485,,,First Class,NC-18340,Nat Carroll,Consumer,United States,New York City,New York,East,OFF-BI-10000822,Office Supplies,Binders,"Acco PRESSTEX Data Binder with Storage Hooks, Light Blue, 9 1/2"" X 11""",17.216,4,6.0256,No,COD,,,,,,,,4.304,1.5064,35.0,2,1406.186,242.8831,3,288.882,11.5132,13,3.985433498798818,450234.666,53400.4243,186748.097,41012.0212,154919.699,34760.2974,753002.1291,81338.5875,643707.687,74797.2461,174978.38999999998,17885.3759,499,1717,0,0,0.0034264684110469055,99.65735315889532
8605,US-2019-116365,2019-03-01,2019-08-01,Standard Class,CA-12310,Christine Abelman,Corporate,United States,San Antonio,Texas,Central,TEC-AC-10002942,Technology,Accessories,WD My Passport Ultra 1TB Portable External Hard Drive,165.6,3,-6.21,No,Online,2019.0,1.0,3.0,March,1.0,Friday,153.0,55.2,-2.07,-3.75,3,2478.724,145.0254,5,798.4,-24.84,12,-3.1112224448897794,341007.5242,27450.0071,116261.9302,-14078.1598,6085.871,-23.198200000000003,509743.1262,57805.7991,470587.991,90458.2486,122301.086,25336.6455,1773,1562,0,0,0.00034596239119993524,99.96540376088001
5216,CA-2019-145898,,,Same Day,CM-12445,Chuck Magee,Consumer,United States,Redlands,California,West,OFF-PA-10001667,Office Supplies,Paper,Great White Multi-Use Recycled Paper (20Lb. and 84 Bright),29.9,5,13.455,No,Cards,,,,,,,,5.98,2.691,45.0,2,257.53,53.656400000000005,5,351.972,45.747,25,12.997340697555488,522441.052,67859.9582,335190.256,49372.175,124.58,44.4003,753002.1291,81338.5875,643707.687,74797.2461,99453.612,21112.3779,163,985,0,0,0.006781432679303248,99.32185673206968
8910,CA-2020-160661,,2020-01-11,Standard Class,SA-20830,Sue Ann Reed,Consumer,United States,Everett,Massachusetts,East,OFF-LA-10002475,Office Supplies,Labels,Avery 519,103.93,3,10.3071,No,Cards,,,,,,,,34.64333333333334,3.4357,9.91734821514481,6,2051.45,160.7448,5,386.106,37.8658,14,9.807099604771746,450234.666,53400.4243,14302.34,2768.8647,2477.706,517.2211,753002.1291,81338.5875,643707.687,74797.2461,19397.456,2937.2212,1773,985,0,0,0.0024147809870869604,99.7585219012913
8329,CA-2020-118577,2020-06-10,2020-11-10,Standard Class,XP-21865,Xylona Preis,Consumer,United States,Belleville,New Jersey,East,OFF-PA-10001357,Office Supplies,Paper,Xerox 1886,170.7,3,68.976,No,COD,2020.0,2.0,6.0,June,10.0,Wednesday,153.0,56.9,22.992,40.40773286467487,7,1797.694,394.4678,3,458.1,206.928,9,45.17092337917485,450234.666,53400.4243,32086.942,7213.0952,2176.6,283.6492,753002.1291,81338.5875,643707.687,74797.2461,99453.612,21112.3779,1773,1717,0,0,0.0021600581617428833,99.78399418382571
4084,US-2020-151316,,,Standard Class,MC-17635,Matthew Clasen,Corporate,United States,Decatur,Illinois,Central,OFF-PA-10000327,Office Supplies,Paper,Xerox 1971,98.272,3,3.21,No,COD,,,,,,,,32.757333333333335,1.07,3.266444154998372,2,818.2139999999999,-289.83430000000004,3,212.104,10.272,8,4.842907253045676,341007.5242,27450.0071,64224.33,-9554.6539,3011.521,-366.1132,509743.1262,57805.7991,643707.687,74797.2461,99453.612,21112.3779,1773,1717,0,0,0.0018500100184932551,99.81499899815067
2767,CA-2020-167752,,,First Class,RW-19690,Robert Waldorf,Consumer,United States,Philadelphia,Pennsylvania,East,OFF-AP-10000159,Office Supplies,Appliances,Belkin F9M820V08 8 Outlet Surge,136.384,1,3.8682,No,Cards,,,,,,,,136.384,3.8682,2.8362564523697795,5,4404.646,707.5503,3,678.74,101.003,15,14.880955888852872,450234.666,53400.4243,82354.95,-9297.7975,77305.44,-8065.9684,753002.1291,81338.5875,643707.687,74797.2461,80305.247,13166.6098,499,985,0,0,0.0024303841298690854,99.7569615870131
5937,CA-2019-103107,2019-04-07,2019-04-07,Same Day,RB-19465,Rick Bensley,Home Office,United States,Seattle,Washington,West,TEC-PH-10001198,Technology,Phones,Avaya 4621SW VoIP phone,177.48,3,19.9665,No,Online,2019.0,2.0,4.0,April,7.0,Sunday,0.0,59.16,6.6555,11.25,10,4554.328,303.5886,3,532.4399999999999,59.8995,9,11.250000000000002,522441.052,67859.9582,92975.18,21466.6555,77924.542,18839.3111,303059.0679,36117.7193,470587.991,90458.2486,196563.546,22308.9179,163,1562,0,0,0.0002864639500582183,99.97135360499418
3577,CA-2019-103163,2019-07-06,2019-11-06,Standard Class,FM-14290,Frank Merwin,Home Office,United States,Bakersfield,California,West,OFF-BI-10003305,Office Supplies,Binders,Avery Hanging File Binders,4.784,1,1.5548,No,Online,2019.0,3.0,7.0,July,6.0,Saturday,123.0,4.784,1.5548,32.5,7,4737.662,174.0986,4,75.348,30.1392,14,40.0,522441.052,67859.9582,335190.256,49372.175,1755.672,195.25850000000003,303059.0679,36117.7193,643707.687,74797.2461,174978.38999999998,17885.3759,1773,1562,0,0,0.0006767404796864235,99.93232595203135
5833,CA-2019-142895,,,Standard Class,BP-11290,Beth Paige,Consumer,United States,Concord,North Carolina,South,OFF-LA-10000262,Office Supplies,Labels,Avery 494,6.264,3,2.0358,No,COD,,,,,,,,2.088,0.6786,32.5,6,3650.878,-248.9594,4,132.446,8.352,10,6.305966205094907,252121.081,26551.7163,39705.125,-4827.692300000001,5500.668,857.4495000000001,753002.1291,81338.5875,643707.687,74797.2461,19397.456,2937.2212,1773,1717,0,0,0.0012587199850249424,99.87412800149751
4896,CA-2019-135776,,,Standard Class,EH-13765,Edward Hooks,Corporate,United States,Seattle,Washington,West,OFF-EN-10004773,Office Supplies,Envelopes,Staple envelope,61.96,2,30.3604,No,Online,,,,,,,,30.98,15.1802,49.0,9,9542.988,1164.6312,1,61.96,30.3604,2,49.0,522441.052,67859.9582,92975.18,21466.6555,77924.542,18839.3111,509743.1262,57805.7991,643707.687,74797.2461,16542.464,3508.5073,1773,1562,0,0,0.003009705138492516,99.69902948615075
479,CA-2019-152632,,2019-02-11,Standard Class,JE-15475,Jeremy Ellison,Consumer,United States,Troy,New York,East,FUR-FU-10002671,Furniture,Furnishings,Electrix 20W Halogen Replacement Bulb for Zoom-In Desk Lamp,40.2,3,19.296,No,Cards,,,,,,,,13.4,6.432,47.99999999999999,4,1296.932,218.9983,4,142.04,65.392,11,46.0377358490566,450234.666,53400.4243,186748.097,41012.0212,3005.949,-32.52420000000001,753002.1291,81338.5875,451508.6452,10006.6112,92691.218,8034.4328,1773,985,0,0,0.0025966514039289608,99.7403348596071
1599,CA-2020-158876,,,Second Class,AB-10150,Aimee Bixby,Consumer,United States,Carrollton,Texas,Central,OFF-SU-10001165,Office Supplies,Supplies,Acme Elite Stainless Steel Scissors,124.672,1,0.5004,No,Online,,,,,,,,124.672,0.5004,0.4013732032854208,3,633.208,45.4478,4,417.716,12.3432,8,2.9549263135719004,341007.5242,27450.0071,116261.9302,-14078.1598,3083.198,74.3451,753002.1291,81338.5875,643707.687,74797.2461,36720.986,-1654.2767,568,1562,0,0,0.0023880249726752818,99.76119750273247
3892,US-2019-163881,,,Standard Class,SP-20860,Sung Pak,Corporate,United States,Los Angeles,California,West,FUR-CH-10001394,Furniture,Chairs,Global Leather Executive Chair,1684.752,6,210.594,No,Cards,,,,,,,,280.792,35.099,12.5,4,3386.494,630.581,4,3439.702,491.386,12,14.285714285714285,522441.052,67859.9582,335190.256,49372.175,120017.4405,19174.9301,509743.1262,57805.7991,451508.6452,10006.6112,181945.998,13406.7032,1773,985,0,0,0.0055728151006440695,99.44271848993559
4513,CA-2019-118969,2019-02-10,2019-03-10,First Class,LP-17095,Liz Preis,Consumer,United States,Phoenix,Arizona,West,OFF-BI-10002429,Office Supplies,Binders,"Premier Elliptical Ring Binder, Black",54.792,6,-40.1808,No,Online,2019.0,1.0,2.0,February,10.0,Sunday,28.0,9.132,-6.6968,-73.33333333333333,7,4311.399,338.4454,5,471.08,-230.1264,28,-48.85081090260677,522441.052,67859.9582,22914.556,-2761.11,7488.776,-2054.446,753002.1291,81338.5875,643707.687,74797.2461,174978.38999999998,17885.3759,499,1562,0,0,0.0007758503620108613,99.92241496379891
6811,CA-2020-156237,,,First Class,PS-18760,Pamela Stobb,Consumer,United States,Philadelphia,Pennsylvania,East,TEC-MA-10002930,Technology,Machines,Ricoh - Ink Collector Unit for GX3000 Series Printers,99.585,1,-18.0385,No,COD,,,,,,,,99.585,-18.0385,-18.113671737711503,4,2411.779,-33.2266,2,479.745,14.262999999999998,12,2.973037759643144,450234.666,53400.4243,82354.95,-9297.7975,77305.44,-8065.9684,753002.1291,81338.5875,470587.991,90458.2486,91987.561,38.10240000000037,499,1717,0,0,0.002430890298770533,99.75691097012295
7420,US-2019-114013,,,Second Class,SC-20770,Stewart Carmichael,Corporate,United States,Philadelphia,Pennsylvania,East,OFF-ST-10002574,Office Supplies,Storage,"SAFCO Commercial Wire Shelving, Black",552.56,5,-138.14,No,COD,,,,,,,,110.512,-27.628,-25.0,6,4447.041,-818.908,5,1940.704,-331.536,16,-17.083285240819826,450234.666,53400.4243,82354.95,-9297.7975,77305.44,-8065.9684,509743.1262,57805.7991,643707.687,74797.2461,150341.318,13607.0875,568,1717,0,0,0.0016075884729643266,99.83924115270358
7812,CA-2019-134334,,,First Class,DK-13090,Dave Kipp,Consumer,United States,Clinton,Maryland,East,OFF-AR-10001770,Office Supplies,Art,Economy #2 Pencils,7.98,3,2.0748,No,COD,,,,,,,,2.66,0.6916000000000001,26.0,5,3246.187,362.6854,3,155.6,6.916,10,4.444730077120823,450234.666,53400.4243,16090.103,3860.6173,3088.891,30.191299999999995,753002.1291,81338.5875,643707.687,74797.2461,50762.976,3635.9257,499,1717,0,0,0.002614730050897118,99.73852699491029
1314,US-2019-134488,,2019-01-10,Standard Class,PK-19075,Pete Kriz,Consumer,United States,Columbus,Ohio,East,FUR-CH-10003199,Furniture,Chairs,Office Star - Contemporary Task Swivel Chair,155.372,2,-13.3176,No,COD,,,,,,,,77.686,-6.6588,-8.571428571428571,11,8812.054,2024.9500000000005,4,1286.976,62.14880000000001,14,4.829056641304889,450234.666,53400.4243,68194.86,-9339.4223,36398.885,4818.0624,753002.1291,81338.5875,451508.6452,10006.6112,181945.998,13406.7032,1773,1717,0,0,0.0019743043872471975,99.80256956127528
9488,US-2020-125213,2020-11-12,,First Class,NB-18655,Nona Balk,Corporate,United States,Paterson,New Jersey,East,OFF-FA-10001561,Office Supplies,Fasteners,Stockwell Push Pins,291.54,3,2.1582,No,Cards,2020.0,4.0,11.0,November,12.0,Thursday,,97.18,0.7193999999999999,0.7402757769088288,6,2060.895,-96.8106,3,421.7000000000001,10.791,15,2.5589281479724924,450234.666,53400.4243,32086.942,7213.0952,2577.46,422.1806,509743.1262,57805.7991,643707.687,74797.2461,15205.238,598.4175,499,985,0,0,0.0025480083479840652,99.7451991652016
9842,US-2019-125402,,2019-01-10,Standard Class,DL-12865,Dan Lawera,Consumer,United States,Long Beach,California,West,OFF-AR-10002255,Office Supplies,Art,Newell 346,5.76,2,1.6704,No,Online,,,,,,,,2.88,0.8352,29.000000000000004,5,1631.318,305.48209999999995,4,138.8,8.352,10,6.01729106628242,522441.052,67859.9582,335190.256,49372.175,6831.068,1241.1823,753002.1291,81338.5875,643707.687,74797.2461,50762.976,3635.9257,1773,1562,0,0,0.005966191404931022,99.4033808595069
2779,CA-2020-108322,,2020-05-05,Standard Class,SS-20140,Saphhira Shifley,Corporate,United States,Pompano Beach,Florida,South,FUR-FU-10001935,Furniture,Furnishings,3M Hangers With Command Adhesive,103.68,8,6.216,No,COD,,,,,,,,12.96,0.777,5.99537037037037,6,2876.74,394.5895,5,913.68,17.02,20,1.8627966027493208,252121.081,26551.7163,49914.999,-227.7464999999999,328.44,15.0065,509743.1262,57805.7991,451508.6452,10006.6112,92691.218,8034.4328,1773,1717,0,0,0.0018834965316920813,99.81165034683079
9529,CA-2020-156958,2020-05-12,2020-06-12,First Class,PB-18805,Patrick Bzostek,Home Office,United States,Seattle,Washington,West,OFF-BI-10002071,Office Supplies,Binders,Fellowes Black Plastic Comb Bindings,87.296,2,3.0212,Yes,COD,2020.0,2.0,5.0,May,12.0,Tuesday,31.0,43.648,1.5106,3.460868768328446,2,1007.164,221.6657,6,1164.748,-3.137400000000001,21,-0.2693629866717951,522441.052,67859.9582,92975.18,21466.6555,77924.542,18839.3111,303059.0679,36117.7193,643707.687,74797.2461,174978.38999999998,17885.3759,499,1717,1,1,0.9982017002290373,99.82017002290374
4369,CA-2020-117044,2020-11-09,,Second Class,HA-14920,Helen Andreada,Consumer,United States,Chicago,Illinois,Central,OFF-PA-10003657,Office Supplies,Paper,Xerox 1927,107.544,6,6.42,No,COD,2020.0,4.0,11.0,November,9.0,Monday,,17.924,1.07,5.969649631778621,4,1518.75,-41.95899999999998,3,340.93600000000004,14.98,14,4.393786517117581,341007.5242,27450.0071,64224.33,-9554.6539,39993.161,-6497.3566,753002.1291,81338.5875,643707.687,74797.2461,99453.612,21112.3779,568,1717,0,0,0.0014307534712736862,99.85692465287264
89,CA-2019-159695,2019-05-04,2019-10-04,Second Class,GM-14455,Gary Mitchum,Home Office,United States,Houston,Texas,Central,OFF-ST-10003442,Office Supplies,Storage,Eldon Portable Mobile Manager,158.368,7,13.8572,No,COD,2019.0,2.0,5.0,May,4.0,Saturday,153.0,22.624,1.9796,8.75,4,3158.102,477.1214,6,790.256,117.0792,22,14.815350974873969,341007.5242,27450.0071,116261.9302,-14078.1598,45159.5078,-7197.716,303059.0679,36117.7193,643707.687,74797.2461,150341.318,13607.0875,568,1717,0,0,0.0003155259203524523,99.96844740796476
8046,CA-2019-145611,,,Standard Class,HA-14905,Helen Abelman,Consumer,United States,New York City,New York,East,OFF-AP-10001005,Office Supplies,Appliances,Honeywell Quietcare HEPA Air Cleaner,393.25,5,129.7725,No,COD,,,,,,,,78.65,25.954500000000003,33.0,3,1547.506,50.77130000000001,3,1017.99,305.9485,13,30.05417538482697,450234.666,53400.4243,186748.097,41012.0212,154919.699,34760.2974,753002.1291,81338.5875,643707.687,74797.2461,80305.247,13166.6098,1773,1717,0,0,0.0029538745277461575,99.70461254722538
3180,CA-2020-105235,2020-05-12,2020-11-12,Standard Class,SM-20950,Suzanne McNair,Corporate,United States,New York City,New York,East,FUR-FU-10000521,Furniture,Furnishings,"Seth Thomas 14"" Putty-Colored Wall Clock",143.68,2,18.1908,No,Online,2020.0,2.0,5.0,May,12.0,Tuesday,184.0,71.84,9.0954,12.660634743875276,6,2599.588,485.28739999999993,2,254.7,45.477,5,17.855123674911663,450234.666,53400.4243,186748.097,41012.0212,154919.699,34760.2974,509743.1262,57805.7991,451508.6452,10006.6112,92691.218,8034.4328,1773,1562,0,0,0.0037098940904605627,99.62901059095395
3231,CA-2020-131625,2020-01-09,2020-05-09,Second Class,BN-11515,Bradley Nguyen,Consumer,United States,New York City,New York,East,FUR-FU-10004960,Furniture,Furnishings,"Seth Thomas 12"" Clock w/ Goldtone Case",145.9,5,39.066,No,COD,2020.0,1.0,1.0,January,9.0,Thursday,121.0,29.18,7.8132,26.77587388622344,3,1690.634,155.3343,3,452.66,132.8244,17,29.34308310873503,450234.666,53400.4243,186748.097,41012.0212,154919.699,34760.2974,753002.1291,81338.5875,451508.6452,10006.6112,92691.218,8034.4328,568,1717,0,0,0.0029780461296990413,99.70219538703009
6665,CA-2020-162173,,2020-01-11,Standard Class,OT-18730,Olvera Toch,Consumer,United States,Virginia Beach,Virginia,South,OFF-EN-10002831,Office Supplies,Envelopes,"Tyvek  Top-Opening Peel & Seel  Envelopes, Gray",281.58,7,113.211,No,COD,,,,,,,,40.22571428571428,16.173,40.20562539953122,4,3736.664,-1006.5523,2,569.0999999999999,242.595,15,42.62783342119136,252121.081,26551.7163,32721.25,9657.4876,2023.13,364.7215,753002.1291,81338.5875,643707.687,74797.2461,16542.464,3508.5073,1773,1717,0,0,0.0013998726077282869,99.86001273922717
279,CA-2020-132976,,,Standard Class,AG-10495,Andrew Gjertsen,Corporate,United States,Philadelphia,Pennsylvania,East,OFF-ST-10000876,Office Supplies,Storage,Eldon Simplefile Box Office,137.712,6,5.9712,No,Online,,,,,,,,22.952,0.9952,4.336005576856048,2,474.672,30.6792,5,368.48,41.3008,19,11.208423795049937,450234.666,53400.4243,82354.95,-9297.7975,77305.44,-8065.9684,509743.1262,57805.7991,643707.687,74797.2461,150341.318,13607.0875,1773,1562,0,0,0.001641526788810543,99.83584732111895
2352,CA-2020-109701,2020-02-12,2020-03-12,Same Day,AM-10360,Alice McCarthy,Corporate,United States,Los Angeles,California,West,OFF-AP-10002765,Office Supplies,Appliances,Fellowes Advanced Computer Series Surge Protectors,120.47,3,22.2516,No,Online,2020.0,1.0,2.0,February,12.0,Wednesday,29.0,40.156666666666666,7.4172,18.470656595002904,3,909.962,8.413,3,189.344,33.9072,6,17.90772350853473,522441.052,67859.9582,335190.256,49372.175,120017.4405,19174.9301,509743.1262,57805.7991,643707.687,74797.2461,80305.247,13166.6098,163,1562,0,0,0.005626112496198625,99.43738875038014
8110,CA-2020-160122,,,Standard Class,RD-19930,Russell D'Ascenzo,Consumer,United States,Chicago,Illinois,Central,OFF-EN-10002592,Office Supplies,Envelopes,"Peel & Seel Recycled Catalog Envelopes, Brown",166.584,6,20.844,No,COD,,,,,,,,27.764,3.474,12.512606252701342,2,589.0740000000001,19.3395,3,295.276,60.216,14,20.393123721535105,341007.5242,27450.0071,64224.33,-9554.6539,39993.161,-6497.3566,753002.1291,81338.5875,643707.687,74797.2461,16542.464,3508.5073,1773,1717,0,0,0.002028853657631295,99.79711463423688
449,CA-2019-166674,2019-01-04,2019-03-04,Second Class,RB-19360,Raymond Buch,Consumer,United States,Auburn,New York,East,OFF-ST-10001469,Office Supplies,Storage,Fellowes Bankers Box Recycled Super Stor/Drawer,161.94,3,9.7164,No,COD,2019.0,1.0,1.0,January,4.0,Friday,59.0,53.98,3.2388,6.000000000000001,6,5041.339,6976.0959,3,453.432,-3.238800000000001,9,-0.7142857142857145,450234.666,53400.4243,186748.097,41012.0212,2775.978,445.913,753002.1291,81338.5875,643707.687,74797.2461,150341.318,13607.0875,568,1717,0,0,0.0009171230840401231,99.90828769159599
1920,US-2020-111423,,,First Class,EH-13765,Edward Hooks,Corporate,United States,Watertown,New York,East,OFF-BI-10003091,Office Supplies,Binders,GBC DocuBind TL200 Manual Binding Machine,933.92,5,302.373,No,Cards,,,,,,,,186.784,60.4746,32.37675603906116,9,9542.988,1164.6312,4,3728.68,1328.2014,19,35.62122252378858,450234.666,53400.4243,186748.097,41012.0212,2474.99,686.7207999999999,509743.1262,57805.7991,643707.687,74797.2461,174978.38999999998,17885.3759,499,985,0,0,0.003096260411215386,99.69037395887847
6886,CA-2020-123036,2020-10-09,,Standard Class,HA-14905,Helen Abelman,Consumer,United States,Springfield,Ohio,East,TEC-AC-10003499,Technology,Accessories,Memorex Mini Travel Drive 8 GB USB 2.0 Flash Drive,158.056,4,8.8008,No,COD,2020.0,4.0,10.0,October,9.0,Friday,,39.514,2.2002,5.568153059675051,3,1547.506,50.77130000000001,3,396.696,30.8028,14,7.764837558230988,450234.666,53400.4243,68194.86,-9339.4223,26563.202,1508.6366,753002.1291,81338.5875,470587.991,90458.2486,122301.086,25336.6455,1773,1717,0,0,0.0012997000704646014,99.87002999295353
6696,US-2019-155103,2019-02-12,2019-07-12,Standard Class,JF-15190,Jamie Frazer,Consumer,United States,New York City,New York,East,OFF-BI-10004318,Office Supplies,Binders,Ibico EB-19 Dual Function Manual Binding System,415.176,3,134.9322,No,Cards,2019.0,1.0,2.0,February,12.0,Tuesday,150.0,138.392,44.9774,32.5,5,2570.43,519.7373,8,3298.913,1086.3772,23,32.93136860535576,450234.666,53400.4243,186748.097,41012.0212,154919.699,34760.2974,753002.1291,81338.5875,643707.687,74797.2461,174978.38999999998,17885.3759,1773,985,0,0,0.0005716979402311599,99.94283020597689
8487,CA-2020-124716,,,Standard Class,BD-11560,Brendan Dodson,Home Office,United States,Fresno,California,West,OFF-PA-10001144,Office Supplies,Paper,Xerox 1913,121.96,2,53.2608,No,Cards,,,,,,,,60.98,26.6304,43.670711708756976,1,364.58,80.2436,2,459.4,133.152,5,28.98389203308664,522441.052,67859.9582,335190.256,49372.175,4078.446,665.5685,303059.0679,36117.7193,643707.687,74797.2461,99453.612,21112.3779,1773,985,0,0,0.005940988545655096,99.4059011454345
9836,CA-2019-126627,2019-10-10,2019-12-10,First Class,WB-21850,William Brown,Consumer,United States,La Porte,Texas,Central,OFF-BI-10001597,Office Supplies,Binders,"Wilson Jones Ledger-Size, Piano-Hinge Binder, 2"", Blue",16.392,2,-26.2272,No,Online,2019.0,4.0,10.0,October,10.0,Thursday,61.0,8.196,-13.1136,-160.0,6,4426.225,695.1632999999999,7,1188.582,12.294000000000011,30,1.0343417618641384,341007.5242,27450.0071,116261.9302,-14078.1598,1061.732,191.9858,753002.1291,81338.5875,643707.687,74797.2461,174978.38999999998,17885.3759,499,1562,0,0,0.0006100461476796914,99.93899538523203
6409,CA-2020-161774,,,First Class,GT-14710,Greg Tran,Consumer,United States,Houston,Texas,Central,OFF-AR-10001446,Office Supplies,Art,Newell 309,133.2,5,5.775,No,COD,,,,,,,,26.64,1.155,4.335585585585586,8,3629.154,450.4581,4,409.67,26.565,13,6.484487514340811,341007.5242,27450.0071,116261.9302,-14078.1598,45159.5078,-7197.716,753002.1291,81338.5875,643707.687,74797.2461,50762.976,3635.9257,499,1717,0,0,0.0020045266376335492,99.79954733623664
8016,CA-2020-120168,,,Same Day,TB-21625,Trudy Brown,Consumer,United States,New York City,New York,East,FUR-FU-10000732,Furniture,Furnishings,Eldon 200 Class Desk Accessories,142.84,3,6.0288,No,Cards,,,,,,,,47.61333333333334,2.0096000000000003,4.220666479977597,5,2590.856,304.3545,6,490.576,35.168,20,7.168715958383613,450234.666,53400.4243,186748.097,41012.0212,154919.699,34760.2974,753002.1291,81338.5875,451508.6452,10006.6112,92691.218,8034.4328,163,985,0,0,0.003235485656062354,99.67645143439377
4765,CA-2020-123701,,,First Class,PG-18820,Patrick Gardner,Consumer,United States,San Francisco,California,West,OFF-AR-10001860,Office Supplies,Art,BIC Liqua Brite Liner,117.76,4,9.9936,No,COD,,,,,,,,29.44,2.4984,8.486413043478262,9,3053.227,647.6868,6,487.5,53.576800000000006,27,10.990112820512822,522441.052,67859.9582,335190.256,49372.175,80891.422,10475.5284,753002.1291,81338.5875,643707.687,74797.2461,50762.976,3635.9257,499,1717,0,0,0.006034199998843537,99.39658000011565
966,CA-2020-135279,2020-09-04,2020-11-04,First Class,BS-11800,Bryan Spruell,Home Office,United States,New York City,New York,East,OFF-AR-10004344,Office Supplies,Art,Bulldog Vacuum Base Pencil Sharpener,132.97,3,9.7119,No,Online,2020.0,3.0,9.0,September,4.0,Friday,61.0,44.32333333333333,3.2373,7.303827931112281,1,1234.8,116.9461,5,594.964,55.3938,26,9.310445674023974,450234.666,53400.4243,186748.097,41012.0212,154919.699,34760.2974,303059.0679,36117.7193,643707.687,74797.2461,50762.976,3635.9257,499,1562,0,0,0.0020452036642219216,99.79547963357781
9669,CA-2019-126270,,,Standard Class,AF-10870,Art Ferguson,Consumer,United States,San Clemente,California,West,OFF-EN-10004386,Office Supplies,Envelopes,"Recycled Interoffice Envelopes with String and Button Closure, 10 x 13",71.97,3,35.985,No,COD,,,,,,,,23.99,11.995,50.0,6,2482.128,315.9484,4,450.102,103.157,11,22.918582898987346,522441.052,67859.9582,335190.256,49372.175,90.05799999999999,42.5419,753002.1291,81338.5875,643707.687,74797.2461,16542.464,3508.5073,1773,1717,0,0,0.005801411359435631,99.41985886405644
3137,CA-2020-164168,2020-12-11,,Standard Class,LS-16975,Lindsay Shagiari,Home Office,United States,Dallas,Texas,Central,TEC-PH-10004908,Technology,Phones,Panasonic KX TS3282W Corded phone,102.992,1,8.499,No,Online,2020.0,4.0,12.0,December,11.0,Friday,,102.992,8.499,8.252097250271866,5,2705.848,232.9972,3,646.928,76.491,9,11.823726906239951,341007.5242,27450.0071,116261.9302,-14078.1598,20019.1136,-1983.7422,303059.0679,36117.7193,470587.991,90458.2486,196563.546,22308.9179,1773,1562,0,0,0.00119323383579155,99.88067661642084
629,CA-2020-133431,,,Standard Class,LC-17140,Logan Currie,Consumer,United States,San Francisco,California,West,OFF-BI-10000605,Office Supplies,Binders,"Acco Pressboard Covers with Storage Hooks, 9 1/2"" x 11"", Executive Red",335.24,5,5.1435,No,COD,,,,,,,,67.048,1.0287000000000002,1.5342739529889036,7,3756.914,237.7336,4,595.624,13.3731,13,2.245225175614146,522441.052,67859.9582,335190.256,49372.175,80891.422,10475.5284,753002.1291,81338.5875,643707.687,74797.2461,174978.38999999998,17885.3759,1773,1717,0,0,0.004024097211963665,99.59759027880364
7744,CA-2019-133613,,,Standard Class,CP-12340,Christine Phan,Corporate,United States,Waterbury,Connecticut,East,OFF-BI-10002003,Office Supplies,Binders,Ibico Presentation Index for Binding Systems,7.96,2,3.7412,No,COD,,,,,,,,3.98,1.8706,47.0,6,1208.514,225.8225,6,752.67,12.935,25,1.7185486335312952,450234.666,53400.4243,15034.697,2339.0135,1683.06,338.9355,509743.1262,57805.7991,643707.687,74797.2461,174978.38999999998,17885.3759,1773,1717,0,0,0.001803724700254341,99.81962752997457
5651,CA-2020-142342,,,Second Class,AJ-10795,Anthony Johnson,Corporate,United States,Apple Valley,California,West,OFF-ST-10002957,Office Supplies,Storage,Sterilite Show Offs Storage Containers,121.56,2,0.0,Yes,Cards,,,,,,,,60.78,0.0,0.0,5,3080.881,655.4408,3,249.632,-3.168,10,-1.269068068196385,522441.052,67859.9582,335190.256,49372.175,2457.721,286.124,509743.1262,57805.7991,643707.687,74797.2461,150341.318,13607.0875,568,985,1,1,0.9982270877720018,99.82270877720018
7815,US-2020-109316,2020-08-06,2020-10-06,First Class,MG-17680,Maureen Gastineau,Home Office,United States,Los Angeles,California,West,FUR-BO-10004834,Furniture,Bookcases,"Riverside Palais Royal Lawyers Bookcase, Royale Cherry Finish",1510.666,2,140.9568,No,COD,2020.0,3.0,8.0,August,6.0,Thursday,61.0,755.333,70.4784,9.330771990631948,2,2728.316,14.178599999999978,2,3906.9316,-176.19600000000003,6,-4.509830681448327,522441.052,67859.9582,335190.256,49372.175,120017.4405,19174.9301,303059.0679,36117.7193,451508.6452,10006.6112,57577.6862,-342.88830000000013,499,1717,0,0,0.006072646810273591,99.39273531897264
6822,CA-2020-163860,,2021-01-01,Standard Class,LO-17170,Lori Olson,Corporate,United States,Peoria,Illinois,Central,FUR-FU-10001935,Furniture,Furnishings,3M Hangers With Command Adhesive,478.96,2,-1.406,No,COD,,,,,,,,239.48,-0.703,-0.2935526975112744,3,2730.4,115.7168,5,913.68,17.02,20,1.8627966027493208,341007.5242,27450.0071,64224.33,-9554.6539,3386.5640000000003,-58.6524,509743.1262,57805.7991,451508.6452,10006.6112,92691.218,8034.4328,1773,1717,0,0,0.0031046659913154823,99.68953340086844
2473,US-2019-135923,,,Standard Class,CM-11935,Carlos Meador,Consumer,United States,Fayetteville,North Carolina,South,OFF-AP-10000692,Office Supplies,Appliances,Fellowes Mighty 8 Compact Surge Protector,64.864,4,6.4864,No,COD,,,,,,,,16.216,1.6216,10.0,1,530.272,-56.9024,3,239.754,46.2156,11,19.27625816461873,252121.081,26551.7163,39705.125,-4827.692300000001,6637.362,874.6273,753002.1291,81338.5875,643707.687,74797.2461,80305.247,13166.6098,1773,1717,0,0,0.00178933623436094,99.8210663765639
3174,US-2019-133879,,,Standard Class,KT-16465,Kean Takahito,Consumer,United States,Chicago,Illinois,Central,OFF-AR-10004956,Office Supplies,Art,Newell 33,13.392,3,1.5066,No,COD,,,,,,,,4.464,0.5022,11.25,3,1626.352,156.40300000000002,3,242.988,8.37,10,3.4446145488666104,341007.5242,27450.0071,64224.33,-9554.6539,39993.161,-6497.3566,753002.1291,81338.5875,643707.687,74797.2461,50762.976,3635.9257,1773,1717,0,0,0.0016745383980353412,99.83254616019647
2503,CA-2020-131618,,,First Class,LS-17200,Luke Schmidt,Corporate,United States,Skokie,Illinois,Central,OFF-BI-10001294,Office Supplies,Binders,Fellowes Binding Cases,123.36,4,-16.38,Yes,Online,,,,,,,,30.84,-4.095,-13.278210116731518,4,906.804,76.47120000000001,3,327.48,33.345,21,10.18230120923415,341007.5242,27450.0071,64224.33,-9554.6539,1774.24,-334.0454,509743.1262,57805.7991,643707.687,74797.2461,174978.38999999998,17885.3759,499,1562,1,1,0.9954710378356352,99.54710378356351
978,CA-2020-159366,2020-07-01,2020-10-01,First Class,BW-11110,Bart Watters,Corporate,United States,Detroit,Michigan,Central,TEC-MA-10000822,Technology,Machines,Lexmark MX611dhe Monochrome Laser Printer,3096.982,2,679.996,No,Online,2020.0,3.0,7.0,July,1.0,Wednesday,92.0,1548.491,339.998,21.956730778545047,6,4469.734,817.8851999999999,2,5676.967000000001,-2719.984,7,-47.91262658387832,341007.5242,27450.0071,48504.684,17480.280600000002,26631.206,10803.1896,509743.1262,57805.7991,470587.991,90458.2486,91987.561,38.10240000000037,499,1562,0,0,0.003091317975088442,99.69086820249116
235,US-2020-100930,2020-07-04,2020-12-04,Standard Class,CS-12400,Christopher Schild,Home Office,United States,Tampa,Florida,South,FUR-FU-10004017,Furniture,Furnishings,"Tenex Contemporary Contur Chairmats for Low and Medium Pile Carpet, Computer, 39"" x 49""",275.072,3,0.0,No,Online,2020.0,3.0,7.0,July,4.0,Saturday,153.0,91.69066666666669,0.0,0.0,7,4075.3985,-499.1297,4,840.712,105.059,12,12.496431596075707,252121.081,26551.7163,49914.999,-227.7464999999999,3139.9655,-518.029,303059.0679,36117.7193,451508.6452,10006.6112,92691.218,8034.4328,1773,1562,0,0,0.0009353219668473239,99.90646780331527
1227,CA-2019-126004,2019-04-12,2019-05-12,First Class,BM-11140,Becky Martin,Consumer,United States,New York City,New York,East,OFF-ST-10001418,Office Supplies,Storage,Carina Media Storage Towers in Natural & Black,182.94,3,3.6588,No,Online,2019.0,2.0,4.0,April,12.0,Friday,30.0,60.98,1.2196,2.0,3,1273.734,218.8311,4,885.348,-128.058,15,-14.464142913295111,450234.666,53400.4243,186748.097,41012.0212,154919.699,34760.2974,753002.1291,81338.5875,643707.687,74797.2461,150341.318,13607.0875,499,1562,0,0,0.0004263505941667555,99.95736494058333
453,CA-2019-166674,2019-01-04,2019-03-04,Second Class,RB-19360,Raymond Buch,Consumer,United States,Auburn,New York,East,TEC-PH-10002365,Technology,Phones,Belkin Grip Candy Sheer Case / Cover for iPhone 5 and 5S,35.12,4,9.1312,No,Online,2019.0,1.0,1.0,January,4.0,Friday,59.0,8.78,2.2828,26.0,6,5041.339,6976.0959,3,64.972,12.9944,8,20.000000000000004,450234.666,53400.4243,186748.097,41012.0212,2775.978,445.913,753002.1291,81338.5875,470587.991,90458.2486,196563.546,22308.9179,568,1562,0,0,0.0008205203926293213,99.91794796073707
9505,CA-2019-113607,,,Standard Class,PW-19030,Pauline Webber,Corporate,United States,New York City,New York,East,TEC-PH-10004094,Technology,Phones,Motorola L703CM,1091.93,7,272.9825,No,Online,,,,,,,,155.99,38.9975,25.0,8,3463.154,771.2039,4,2911.186,413.3735,25,14.199487768902433,450234.666,53400.4243,186748.097,41012.0212,154919.699,34760.2974,509743.1262,57805.7991,470587.991,90458.2486,196563.546,22308.9179,1773,1562,0,0,0.0020556137331578252,99.79443862668421
9796,CA-2019-125920,,,Standard Class,SH-19975,Sally Hughsby,Corporate,United States,Chicago,Illinois,Central,OFF-BI-10003429,Office Supplies,Binders,"Cardinal HOLDit! Binder Insert Strips,Extra Strips",3.798,3,-5.8869,No,Online,,,,,,,,1.266,-1.9623,-154.99999999999997,11,3381.4915,447.9062,7,621.98,-17.6607,29,-2.839432136081545,341007.5242,27450.0071,64224.33,-9554.6539,39993.161,-6497.3566,509743.1262,57805.7991,643707.687,74797.2461,174978.38999999998,17885.3759,1773,1562,0,0,0.002044413060132623,99.79555869398673
8239,CA-2020-103065,,,Same Day,PT-19090,Pete Takahito,Consumer,United States,Jacksonville,Florida,South,OFF-PA-10000380,Office Supplies,Paper,"REDIFORM Incoming/Outgoing Call Register, 11"" X 8 1/2"", 100 Messages",108.672,1,2.502,No,COD,,,,,,,,108.672,2.502,2.302340989399293,3,641.392,-12.0218,6,554.852,102.582,31,18.488173422822666,252121.081,26551.7163,49914.999,-227.7464999999999,15390.086,-578.7137,753002.1291,81338.5875,643707.687,74797.2461,99453.612,21112.3779,163,1717,0,0,0.0018768001774976555,99.81231998225023
234,US-2020-100930,2020-07-04,2020-12-04,Standard Class,CS-12400,Christopher Schild,Home Office,United States,Tampa,Florida,South,OFF-BI-10001679,Office Supplies,Binders,GBC Instant Index System for Binding Systems,106.328,2,-3.552,No,Online,2020.0,3.0,7.0,July,4.0,Saturday,153.0,53.164,-1.776,-3.340606425400647,7,4075.3985,-499.1297,3,632.4,13.32,7,2.106261859582543,252121.081,26551.7163,49914.999,-227.7464999999999,3139.9655,-518.029,303059.0679,36117.7193,643707.687,74797.2461,174978.38999999998,17885.3759,1773,1562,0,0,0.0008741434883437608,99.91258565116561
4452,CA-2019-147137,2019-04-07,2019-06-07,First Class,AA-10645,Anna Andreadi,Consumer,United States,San Francisco,California,West,FUR-FU-10000221,Furniture,Furnishings,"Master Caster Door Stop, Brown",25.4,5,8.636,No,Cards,2019.0,2.0,4.0,April,7.0,Sunday,61.0,5.08,1.7271999999999998,34.0,3,1757.1449999999998,340.8478,4,195.68,36.2712,21,18.53597710547833,522441.052,67859.9582,335190.256,49372.175,80891.422,10475.5284,753002.1291,81338.5875,451508.6452,10006.6112,92691.218,8034.4328,499,985,0,0,0.0010475969497171778,99.89524030502828
8366,CA-2020-157273,,2020-02-02,First Class,SZ-20035,Sam Zeldin,Home Office,United States,Seattle,Washington,West,TEC-PH-10002275,Technology,Phones,Mitel 5320 IP Phone VoIP phone,618.768,4,60.4768,No,Cards,,,,,,,,154.692,15.1192,9.773743955731389,7,2086.032,99.7474,3,1223.536,120.9536,8,9.885577539197865,522441.052,67859.9582,92975.18,21466.6555,77924.542,18839.3111,303059.0679,36117.7193,470587.991,90458.2486,196563.546,22308.9179,499,985,0,0,0.0034649677569792664,99.65350322430207
805,CA-2020-135783,,,First Class,GM-14440,Gary McGarr,Consumer,United States,San Francisco,California,West,FUR-FU-10000794,Furniture,Furnishings,"Eldon Stackable Tray, Side-Load, Legal, Smoke",109.28,2,6.2152,No,Cards,,,,,,,,54.64,3.1076,5.687408491947291,5,1670.372,144.4864,3,234.98,21.7532,7,9.25746872074219,522441.052,67859.9582,335190.256,49372.175,80891.422,10475.5284,753002.1291,81338.5875,451508.6452,10006.6112,92691.218,8034.4328,499,985,0,0,0.005531875561798393,99.44681244382016
9707,CA-2019-161746,,,Standard Class,CS-11950,Carlos Soltero,Consumer,United States,Los Angeles,California,West,FUR-CH-10004626,Furniture,Chairs,Office Star Flex Back Scooter Chair with Aluminum Finish Frame,242.136,3,12.1068,No,COD,,,,,,,,80.712,4.0356,5.0,8,2180.364,-54.8173,5,1411.837,268.3674,14,19.008384112330244,522441.052,67859.9582,335190.256,49372.175,120017.4405,19174.9301,753002.1291,81338.5875,451508.6452,10006.6112,181945.998,13406.7032,1773,1717,0,0,0.004638553350106589,99.53614466498935
8747,CA-2020-128076,2020-02-02,2020-07-02,Standard Class,BO-11350,Bill Overfelt,Corporate,United States,San Diego,California,West,FUR-FU-10000293,Furniture,Furnishings,Eldon Antistatic Chair Mats for Low to Medium Pile Carpets,242.58,2,12.6348,No,COD,2020.0,1.0,2.0,February,2.0,Sunday,151.0,121.29,6.3174,5.208508533267375,5,3482.728,278.77700000000004,3,1315.48,75.80879999999999,12,5.762824216255662,522441.052,67859.9582,335190.256,49372.175,29269.55,3002.3181,509743.1262,57805.7991,451508.6452,10006.6112,92691.218,8034.4328,1773,1717,0,0,0.006922313250095036,99.3077686749905
2723,CA-2019-164735,,,Second Class,TB-21400,Tom Boeckenhauer,Consumer,United States,Alexandria,Virginia,South,OFF-ST-10001558,Office Supplies,Storage,Acco Perma 4000 Stacking Storage Drawers,81.2,5,12.18,No,COD,,,,,,,,16.240000000000002,2.436,15.0,3,1379.48,230.7248,7,418.808,21.924,21,5.234857022788486,252121.081,26551.7163,32721.25,9657.4876,219.26,24.71,753002.1291,81338.5875,643707.687,74797.2461,150341.318,13607.0875,568,1717,0,0,0.0019880730598014714,99.80119269401986
7726,CA-2019-113978,,,Standard Class,TS-21505,Tony Sayre,Consumer,United States,Cleveland,Ohio,East,OFF-ST-10004963,Office Supplies,Storage,Eldon Gobal File Keepers,24.224,2,-4.8448,No,Cards,,,,,,,,12.112,-2.4224,-20.0,5,3069.962,-76.0754,4,422.604,5.4504,19,1.2897180339040806,450234.666,53400.4243,68194.86,-9339.4223,5778.905,-493.2176,753002.1291,81338.5875,643707.687,74797.2461,150341.318,13607.0875,1773,985,0,0,0.0018781991326514923,99.81218008673484
6270,CA-2020-102379,2020-02-12,2020-06-12,Standard Class,BB-11545,Brenda Bowman,Corporate,United States,Oakland,California,West,TEC-PH-10001448,Technology,Phones,Anker Astro 15000mAh USB Portable Charger,134.992,1,-7.9984,No,Cards,2020.0,1.0,2.0,February,12.0,Wednesday,121.0,134.992,-7.9984,-5.925091857295247,7,6183.56,1092.9162,5,719.88,-23.9952,13,-3.333222203700617,522441.052,67859.9582,335190.256,49372.175,4523.062,778.443,509743.1262,57805.7991,470587.991,90458.2486,196563.546,22308.9179,1773,985,0,0,0.009438242621669228,99.05617573783307
6134,CA-2019-148096,,,First Class,AO-10810,Anthony O'Donnell,Corporate,United States,Los Angeles,California,West,FUR-TA-10004152,Furniture,Tables,"Barricks 18"" x 48"" Non-Folding Utility Table with Bottom Storage Shelf",161.28,2,12.096,No,Online,,,,,,,,80.64,6.048,7.5,1,161.28,12.096,3,534.16,-72.576,8,-13.586940242623932,522441.052,67859.9582,335190.256,49372.175,120017.4405,19174.9301,509743.1262,57805.7991,451508.6452,10006.6112,119293.743,-11091.6365,499,1562,0,0,0.010444478904908822,98.95555210950911
970,CA-2020-135279,2020-09-04,2020-11-04,First Class,BS-11800,Bryan Spruell,Home Office,United States,New York City,New York,East,OFF-ST-10001097,Office Supplies,Storage,Office Impressions Heavy Duty Welded Shelving & Multimedia Storage Drawers,520.81,3,0.0,No,Online,2020.0,3.0,9.0,September,4.0,Friday,61.0,173.60333333333332,0.0,0.0,1,1234.8,116.9461,3,1862.24,0.0,12,0.0,450234.666,53400.4243,186748.097,41012.0212,154919.699,34760.2974,303059.0679,36117.7193,643707.687,74797.2461,150341.318,13607.0875,499,1562,0,0,0.0019383337192251673,99.80616662807749
1220,US-2020-118087,2020-09-09,,Standard Class,SP-20620,Stefania Perrino,Corporate,United States,Philadelphia,Pennsylvania,East,TEC-PH-10002200,Technology,Phones,Samsung Galaxy Note 2,1981.958,7,-386.3916,Yes,COD,2020.0,3.0,9.0,September,9.0,Wednesday,,283.13685714285714,-55.1988,-19.49544844038068,5,5433.251,-337.2606,6,4425.4220000000005,65.09880000000005,24,1.471019035020842,450234.666,53400.4243,82354.95,-9297.7975,77305.44,-8065.9684,509743.1262,57805.7991,470587.991,90458.2486,196563.546,22308.9179,1773,1717,1,1,0.9927358837541919,99.27358837541918
5476,CA-2020-169691,,,First Class,Dp-13240,Dean percer,Home Office,United States,Maple Grove,Minnesota,Central,OFF-LA-10002312,Office Supplies,Labels,Avery 490,152.4,3,22.2,No,Cards,,,,,,,,50.8,7.399999999999999,14.566929133858268,7,5788.731,-913.3912,2,164.24,26.64,4,16.220165611300537,341007.5242,27450.0071,10808.63,2864.3483,1122.87,385.0101,303059.0679,36117.7193,643707.687,74797.2461,19397.456,2937.2212,499,985,0,0,0.0015719172994158657,99.84280827005841
2373,CA-2019-159940,2019-07-07,2019-11-07,Second Class,BF-11020,Barry Französisch,Corporate,United States,Aurora,Illinois,Central,OFF-FA-10000936,Office Supplies,Fasteners,Acco Hot Clips Clips to Go,2.632,1,0.8225,No,COD,2019.0,3.0,7.0,July,7.0,Sunday,123.0,2.632,0.8225,31.25,6,2764.346,25.503,5,244.956,21.385,18,8.730139290321526,341007.5242,27450.0071,64224.33,-9554.6539,11007.588,-1444.862,509743.1262,57805.7991,643707.687,74797.2461,15205.238,598.4175,568,1717,0,0,0.00026927669279547094,99.97307233072046
466,CA-2019-109869,,,Standard Class,TN-21040,Tanja Norvell,Home Office,United States,Phoenix,Arizona,West,OFF-SU-10003505,Office Supplies,Supplies,Premier Electric Letter Opener,185.376,2,-34.758,No,COD,,,,,,,,92.688,-17.379,-18.75,5,2474.659,-881.2760000000001,8,2149.608,-7.105427357601002e-15,24,-3.3054526023354043e-16,522441.052,67859.9582,22914.556,-2761.11,7488.776,-2054.446,303059.0679,36117.7193,643707.687,74797.2461,36720.986,-1654.2767,1773,1717,0,0,0.0022559956587366293,99.77440043412635
2875,US-2020-102638,,,First Class,MC-17845,Michael Chen,Consumer,United States,New York City,New York,East,OFF-FA-10002988,Office Supplies,Fasteners,Ideal Clamps,254.03,3,2.9547,No,Online,,,,,,,,84.67666666666666,0.9849,1.163130338936346,5,2176.15,302.6616,6,669.6320000000001,19.9794,26,2.9836387747300006,450234.666,53400.4243,186748.097,41012.0212,154919.699,34760.2974,753002.1291,81338.5875,643707.687,74797.2461,15205.238,598.4175,499,1562,0,0,0.0032845117654392523,99.67154882345608
9211,CA-2020-142776,2020-11-12,,Second Class,RS-19870,Roy Skaria,Home Office,United States,Burlington,Iowa,Central,OFF-BI-10002012,Office Supplies,Binders,Wilson Jones Easy Flow II Sheet Lifters,449.4,3,2.592,No,Online,2020.0,4.0,11.0,November,12.0,Thursday,,149.79999999999998,0.864,0.5767690253671562,2,711.328,9.5838,8,906.04,2.088,32,0.2304534016158226,341007.5242,27450.0071,3747.72,583.9453,13302.982,-4814.8042000000005,303059.0679,36117.7193,643707.687,74797.2461,174978.38999999998,17885.3759,568,1562,0,0,0.0021326406219505075,99.78673593780495
2798,CA-2020-158743,,,Standard Class,IG-15085,Ivan Gibson,Consumer,United States,Little Rock,Arkansas,South,OFF-AR-10002257,Office Supplies,Art,"Eldon Spacemaker Box, Quick-Snap Lid, Clear",75.36,4,4.1416,No,COD,,,,,,,,18.84,1.0354,5.495753715498939,2,524.13,147.7912,3,181.376,5.2438,7,2.8911212067748773,252121.081,26551.7163,9652.83,1873.9949,4745.43,728.5249,753002.1291,81338.5875,643707.687,74797.2461,50762.976,3635.9257,1773,1717,0,0,0.0016915331498034674,99.83084668501967
4292,CA-2020-102407,2020-09-12,,Second Class,AT-10435,Alyssa Tate,Home Office,United States,Los Angeles,California,West,FUR-TA-10003748,Furniture,Tables,Bevis 36 x 72 Conference Tables,908.328,9,22.4082,No,COD,2020.0,3.0,9.0,September,12.0,Saturday,,100.92533333333331,2.4898,2.466972283140011,3,1378.068,102.5628,5,2069.84,-47.3062,21,-2.2855003285278084,522441.052,67859.9582,335190.256,49372.175,120017.4405,19174.9301,303059.0679,36117.7193,451508.6452,10006.6112,119293.743,-11091.6365,568,1717,0,0,0.006840146157203882,99.31598538427961
3641,CA-2019-145177,2019-10-11,,Standard Class,PP-18955,Paul Prost,Home Office,United States,Springfield,Ohio,East,TEC-AC-10002550,Technology,Accessories,"Memorex 25GB 6X Branded Blu-Ray Recordable Disc, 30/Pack",178.92,7,-29.0745,No,Online,2019.0,4.0,10.0,October,11.0,Friday,,25.56,-4.1535,-16.25,4,4546.63,955.1411,2,370.67,-17.892000000000003,12,-4.826935009577253,450234.666,53400.4243,68194.86,-9339.4223,26563.202,1508.6366,303059.0679,36117.7193,470587.991,90458.2486,122301.086,25336.6455,1773,1562,0,0,0.00027138240235670527,99.97286175976433
2820,CA-2019-160500,2019-05-05,2019-08-05,First Class,DM-13015,Darrin Martin,Consumer,United States,Encinitas,California,West,OFF-BI-10003784,Office Supplies,Binders,Computer Printout Index Tabs,6.72,5,2.352,No,Cards,2019.0,2.0,5.0,May,5.0,Sunday,92.0,1.344,0.4704,35.0,5,2554.191,71.1125,3,406.744,-2.4864,14,-0.6112935900713963,522441.052,67859.9582,335190.256,49372.175,1520.9810000000002,71.05879999999999,753002.1291,81338.5875,643707.687,74797.2461,174978.38999999998,17885.3759,499,985,0,0,0.001146634135340209,99.88533658646598
4124,CA-2020-133823,2020-11-05,2020-12-05,Same Day,LP-17080,Liz Pelletier,Consumer,United States,Seattle,Washington,West,OFF-BI-10000962,Office Supplies,Binders,"Acco Flexible ACCOHIDE Square Ring Data Binder, Dark Blue, 11 1/2"" X 14"" 7/8""",87.032,2,9.4366,No,Online,2020.0,4.0,11.0,November,5.0,Thursday,30.0,43.516,4.7183,10.842678555014247,3,1102.334,109.8201,5,432.018,68.6594,18,15.89271743306992,522441.052,67859.9582,92975.18,21466.6555,77924.542,18839.3111,753002.1291,81338.5875,643707.687,74797.2461,174978.38999999998,17885.3759,163,1562,0,0,0.0020580111725004317,99.79419888274995
4703,CA-2020-140298,2020-11-05,,Standard Class,JK-16120,Julie Kriz,Home Office,United States,Austin,Texas,Central,FUR-FU-10001967,Furniture,Furnishings,Telescoping Adjustable Floor Lamp,118.996,1,-6.9965,No,Online,2020.0,4.0,11.0,November,5.0,Thursday,,118.996,-6.9965,-5.879609398635249,7,2439.944,-165.25520000000003,5,470.944,-7.996000000000001,8,-1.6978664129917789,341007.5242,27450.0071,116261.9302,-14078.1598,6177.338,-366.73759999999993,303059.0679,36117.7193,451508.6452,10006.6112,92691.218,8034.4328,1773,1562,0,0,0.0011264866473495797,99.88735133526504
7208,CA-2019-143476,2019-11-09,,First Class,LC-16930,Linda Cazamias,Corporate,United States,Phoenix,Arizona,West,OFF-AR-10003759,Office Supplies,Art,"Crayola Anti Dust Chalk, 12/Pack",2.912,2,0.91,No,COD,2019.0,4.0,11.0,November,9.0,Saturday,,1.456,0.455,31.25,7,4550.316,258.9256,6,466.776,19.747,29,4.230508852211768,522441.052,67859.9582,22914.556,-2761.11,7488.776,-2054.446,509743.1262,57805.7991,643707.687,74797.2461,50762.976,3635.9257,499,1717,0,0,0.00048007427233374414,99.95199257276663
6287,CA-2019-121020,,,Standard Class,CG-12040,Catherine Glotzbach,Home Office,United States,Lebanon,Tennessee,South,TEC-PH-10001061,Technology,Phones,Apple iPhone 5C,239.976,3,17.9982,No,COD,,,,,,,,79.992,5.9994000000000005,7.5,5,1089.708,80.7482,1,239.976,17.9982,3,7.5,252121.081,26551.7163,26288.317,-3467.5906,448.936,77.4337,303059.0679,36117.7193,470587.991,90458.2486,196563.546,22308.9179,1773,1717,0,0,0.0017567926234299104,99.82432073765702
4587,US-2020-163790,2020-02-11,2020-04-11,Second Class,NL-18310,Nancy Lomonaco,Home Office,United States,Danville,California,West,OFF-BI-10003718,Office Supplies,Binders,GBC Therma-A-Bind 250T Electric Binding System,622.352,6,206.6232,No,COD,2020.0,1.0,2.0,February,11.0,Tuesday,60.0,103.72533333333332,34.4372,33.200375350284084,2,1639.7620000000002,301.1029,1,622.352,206.6232,6,33.200375350284084,522441.052,67859.9582,335190.256,49372.175,1724.254,213.0453,303059.0679,36117.7193,643707.687,74797.2461,174978.38999999998,17885.3759,568,1717,0,0,0.0063441316404757135,99.36558683595243
3234,US-2020-156356,,,Standard Class,ND-18370,Natalie DeCherney,Consumer,United States,Houston,Texas,Central,OFF-ST-10002301,Office Supplies,Storage,Tennsco Commercial Shelving,154.544,2,-7.7292,No,COD,,,,,,,,77.272,-3.8646,-5.001294129827103,6,1959.495,-24.765100000000007,6,717.964,-45.3582,17,-6.317614810770456,341007.5242,27450.0071,116261.9302,-14078.1598,45159.5078,-7197.716,753002.1291,81338.5875,643707.687,74797.2461,150341.318,13607.0875,1773,1717,0,0,0.0014644547950137695,99.85355452049862
1473,CA-2020-164959,2020-11-07,,Standard Class,KN-16390,Katherine Nockton,Corporate,United States,Los Angeles,California,West,OFF-LA-10004272,Office Supplies,Labels,Avery 482,117.67,3,4.0749,No,Online,2020.0,4.0,11.0,November,7.0,Saturday,,39.223333333333336,1.3583,3.462989717005184,5,1682.99,10.248599999999993,1,117.67,4.0749,3,3.462989717005184,522441.052,67859.9582,335190.256,49372.175,120017.4405,19174.9301,509743.1262,57805.7991,643707.687,74797.2461,19397.456,2937.2212,1773,1562,0,0,0.0030364961515969143,99.6963503848403
3604,CA-2020-112956,,,Standard Class,TH-21550,Tracy Hopkins,Home Office,United States,Columbia,Maryland,East,OFF-PA-10000357,Office Supplies,Paper,Xerox 1888,311.4,5,133.152,No,Online,,,,,,,,62.28,26.6304,42.75915221579961,3,3069.048,-990.1554,9,1855.898,754.3015,37,40.643478251498735,450234.666,53400.4243,16090.103,3860.6173,13705.148,2721.1764,303059.0679,36117.7193,643707.687,74797.2461,99453.612,21112.3779,1773,1562,0,0,0.0015619628713772857,99.84380371286227
8512,CA-2019-103359,,,Standard Class,LC-16885,Lena Creighton,Consumer,United States,New York City,New York,East,OFF-BI-10004233,Office Supplies,Binders,"GBC Pre-Punched Binding Paper, Plastic, White, 8-1/2"" x 11""",25.584,2,8.9544,No,COD,,,,,,,,12.792,4.4772,35.0,6,1659.704,79.5254,6,426.662,12.791999999999998,25,2.9981577923508533,450234.666,53400.4243,186748.097,41012.0212,154919.699,34760.2974,753002.1291,81338.5875,643707.687,74797.2461,174978.38999999998,17885.3759,1773,1717,0,0,0.002222918936402604,99.77770810635974
4528,US-2020-105046,,,Standard Class,BE-11335,Bill Eplett,Home Office,United States,Rome,New York,East,FUR-FU-10004848,Furniture,Furnishings,DAX Solid Wood Frames,128.08,4,14.4596,Yes,COD,,,,,,,,32.02,3.6149,11.289506558400998,5,4467.676,1487.7739,10,1249.132,183.3907,34,14.681450799435128,450234.666,53400.4243,186748.097,41012.0212,579.97,139.0668,303059.0679,36117.7193,451508.6452,10006.6112,92691.218,8034.4328,1773,1717,1,1,0.9973453132067472,99.73453132067472
3445,CA-2019-116344,,2019-02-08,Standard Class,JO-15145,Jack O'Briant,Corporate,United States,Philadelphia,Pennsylvania,East,OFF-ST-10001713,Office Supplies,Storage,"Gould Plastics 9-Pocket Panel Bin, 18-3/8w x 5-1/4d x 20-1/2h, Black",84.784,2,-16.9568,No,Cards,,,,,,,,42.392,-8.4784,-20.0,5,3155.179,480.3852,2,339.136,-67.8272,8,-20.0,450234.666,53400.4243,82354.95,-9297.7975,77305.44,-8065.9684,509743.1262,57805.7991,643707.687,74797.2461,150341.318,13607.0875,1773,985,0,0,0.0016239265166030743,99.8376073483397
9915,CA-2020-160927,,,Second Class,TM-21010,Tamara Manning,Consumer,United States,Marion,Iowa,Central,OFF-PA-10003848,Office Supplies,Paper,Xerox 1997,111.96,2,6.2208,No,COD,,,,,,,,55.98,3.1104,5.556270096463022,3,1157.336,206.333,5,553.752,48.7296,19,8.799895982316993,341007.5242,27450.0071,3747.72,583.9453,1324.992,212.3953,753002.1291,81338.5875,643707.687,74797.2461,99453.612,21112.3779,568,1717,0,0,0.002325811990045258,99.76741880099547
9812,CA-2019-117583,,,First Class,CB-12025,Cassandra Brandow,Consumer,United States,East Orange,New Jersey,East,OFF-PA-10001246,Office Supplies,Paper,Xerox 215,25.92,4,12.4416,No,COD,,,,,,,,6.48,3.1104,47.99999999999999,6,2153.05,-78.50519999999997,2,143.36,21.7728,7,15.187499999999998,450234.666,53400.4243,32086.942,7213.0952,725.27,174.6191,753002.1291,81338.5875,643707.687,74797.2461,99453.612,21112.3779,499,1717,0,0,0.0020654141383866418,99.79345858616134
7991,US-2019-117793,,,Standard Class,MA-17560,Matt Abelman,Home Office,United States,Sheboygan,Wisconsin,Central,TEC-AC-10003433,Technology,Accessories,Maxell 4.7GB DVD+R 5/Pack,1.98,2,0.891,No,COD,,,,,,,,0.99,0.4455,45.0,5,617.876,58.5089,3,212.326,2.97,8,1.398792422972222,341007.5242,27450.0071,21490.09,5252.5593,79.74000000000001,34.3419,303059.0679,36117.7193,470587.991,90458.2486,122301.086,25336.6455,1773,1717,0,0,0.001618819466113016,99.8381180533887
9347,CA-2020-109085,,,First Class,CK-12325,Christine Kargatis,Home Office,United States,Troy,Ohio,East,FUR-FU-10004973,Furniture,Furnishings,Flat Face Poster Frame,126.144,2,8.2896,Yes,Online,,,,,,,,63.072,4.1448,6.571537290715372,3,2106.273,-65.1927,9,854.32,29.0136,37,3.3961045041670563,450234.666,53400.4243,68194.86,-9339.4223,3005.949,-32.52420000000001,303059.0679,36117.7193,451508.6452,10006.6112,92691.218,8034.4328,499,1562,1,1,0.9968903858821835,99.68903858821835
775,CA-2020-104220,,2020-05-02,Standard Class,BV-11245,Benjamin Venier,Corporate,United States,Des Moines,Iowa,Central,OFF-AR-10004648,Office Supplies,Art,Boston 19500 Mighty Mite Electric Pencil Sharpener,135.3,2,10.881,No,Online,,,,,,,,67.65,5.4405,8.042128603104212,3,1328.92,232.949,1,135.3,10.881,2,8.042128603104212,341007.5242,27450.0071,3747.72,583.9453,2623.996,716.4918,509743.1262,57805.7991,643707.687,74797.2461,50762.976,3635.9257,1773,1562,0,0,0.0016507706491470267,99.8349229350853
7660,CA-2020-146493,2020-01-06,2020-05-06,Standard Class,CV-12805,Cynthia Voltz,Corporate,United States,Fremont,Nebraska,Central,OFF-BI-10003676,Office Supplies,Binders,"GBC Standard Recycled Report Covers, Clear Plastic Sheets",140.9,5,25.872,No,COD,2020.0,1.0,1.0,January,6.0,Monday,121.0,28.18,5.1744,18.361958836053937,9,3511.3136,98.9975,6,347.452,-6.8992,27,-1.9856555725682967,341007.5242,27450.0071,6108.77,1775.4605,1966.01,179.4696,509743.1262,57805.7991,643707.687,74797.2461,174978.38999999998,17885.3759,1773,1717,0,0,0.001632585120959902,99.836741487904
7989,US-2019-117793,,,Standard Class,MA-17560,Matt Abelman,Home Office,United States,Sheboygan,Wisconsin,Central,OFF-LA-10003537,Office Supplies,Labels,Avery 515,37.59,3,17.6673,No,COD,,,,,,,,12.53,5.8891,47.0,5,617.876,58.5089,2,151.65,29.445500000000003,5,19.41674909330696,341007.5242,27450.0071,21490.09,5252.5593,79.74000000000001,34.3419,303059.0679,36117.7193,643707.687,74797.2461,19397.456,2937.2212,1773,1717,0,0,0.0017238128668253586,99.82761871331746
5481,CA-2020-105487,2020-08-10,,Standard Class,CS-12250,Chris Selesnick,Corporate,United States,San Diego,California,West,TEC-PH-10001336,Technology,Phones,Digium D40 VoIP phone,129.192,1,11.6091,No,Online,2020.0,3.0,8.0,August,10.0,Monday,,129.192,11.6091,8.985927921233513,6,1471.992,196.398,6,1537.092,202.5143,13,13.175158025674454,522441.052,67859.9582,335190.256,49372.175,29269.55,3002.3181,509743.1262,57805.7991,470587.991,90458.2486,196563.546,22308.9179,1773,1562,0,0,0.0037604896229085118,99.62395103770915
3413,CA-2019-100244,,,Standard Class,GM-14695,Greg Maxwell,Corporate,United States,San Francisco,California,West,OFF-AR-10000940,Office Supplies,Art,Newell 343,11.76,4,3.1752,No,Cards,,,,,,,,2.94,0.7938,27.0,2,1810.046,76.44980000000001,5,266.864,11.5248,16,4.318604232867678,522441.052,67859.9582,335190.256,49372.175,80891.422,10475.5284,509743.1262,57805.7991,643707.687,74797.2461,50762.976,3635.9257,1773,985,0,0,0.004944107649787944,99.5055892350212
1765,CA-2019-110254,2019-04-08,2019-08-08,Standard Class,ML-17755,Max Ludwig,Home Office,United States,Suffolk,Virginia,South,OFF-LA-10004484,Office Supplies,Labels,Avery 476,4.13,1,1.8998,No,COD,2019.0,2.0,4.0,April,8.0,Monday,122.0,4.13,1.8998,46.0,7,2649.914,409.5112,5,311.21000000000004,27.8362,19,8.944506924584685,252121.081,26551.7163,32721.25,9657.4876,1382.65,277.0788,303059.0679,36117.7193,643707.687,74797.2461,19397.456,2937.2212,1773,1717,0,0,0.0001948196685913594,99.98051803314087
351,CA-2019-129714,2019-01-09,2019-03-09,First Class,AB-10060,Adam Bellavance,Home Office,United States,New York City,New York,East,OFF-PA-10001970,Office Supplies,Paper,Xerox 1881,24.56,2,11.5432,No,Online,2019.0,1.0,1.0,January,9.0,Wednesday,59.0,12.28,5.7716,47.0,7,8167.08,2045.8747,12,2335.288,742.309,43,31.78661475586737,450234.666,53400.4243,186748.097,41012.0212,154919.699,34760.2974,303059.0679,36117.7193,643707.687,74797.2461,99453.612,21112.3779,499,1562,0,0,0.0005188885513948787,99.9481111448605
426,CA-2020-149160,,,Second Class,JM-15265,Janet Molinari,Corporate,United States,Canton,Michigan,Central,FUR-FU-10003347,Furniture,Furnishings,Coloredge Poster Frame,116.4,2,11.076,No,Online,,,,,,,,58.2,5.538,9.515463917525771,3,1491.49,455.8177,4,398.2,88.608,16,22.252134605725768,341007.5242,27450.0071,48504.684,17480.280600000002,941.13,149.2776,509743.1262,57805.7991,451508.6452,10006.6112,92691.218,8034.4328,568,1562,0,0,0.0021615549269703186,99.78384450730296
9653,CA-2019-107104,,,Standard Class,MS-17365,Maribeth Schnelling,Consumer,United States,Los Angeles,California,West,FUR-FU-10002937,Furniture,Furnishings,"GE 48"" Fluorescent Tube, Cool White Energy Saver, 34 Watts, 30/Box",595.38,6,297.69,No,Online,,,,,,,,99.23,49.615,50.0,4,4477.89,555.5331,6,1969.524,873.224,20,44.33680422274621,522441.052,67859.9582,335190.256,49372.175,120017.4405,19174.9301,753002.1291,81338.5875,451508.6452,10006.6112,92691.218,8034.4328,1773,1562,0,0,0.007701372783112525,99.22986272168875
4530,CA-2019-134691,,,Standard Class,KC-16540,Kelly Collister,Consumer,United States,Houston,Texas,Central,OFF-BI-10002393,Office Supplies,Binders,Binder Posts,2.296,2,-3.9032,No,Online,,,,,,,,1.148,-1.9516,-170.00000000000003,3,3486.332,660.1496,5,353.18,-0.1148000000000006,13,-0.0325046718387226,341007.5242,27450.0071,116261.9302,-14078.1598,45159.5078,-7197.716,753002.1291,81338.5875,643707.687,74797.2461,174978.38999999998,17885.3759,1773,1562,0,0,0.0034482061219115153,99.65517938780884
2764,CA-2020-165757,,,Standard Class,PL-18925,Paul Lucas,Home Office,United States,Philadelphia,Pennsylvania,East,OFF-BI-10003166,Office Supplies,Binders,GBC Plasticlear Binding Covers,113.332,3,-7.5768,No,Online,,,,,,,,37.77733333333333,-2.5256000000000003,-6.685490417534325,4,974.681,-32.5827,5,369.104,-58.3184,19,-15.799991330356756,450234.666,53400.4243,82354.95,-9297.7975,77305.44,-8065.9684,303059.0679,36117.7193,643707.687,74797.2461,174978.38999999998,17885.3759,1773,1562,0,0,0.0018003632307886895,99.81996367692113
7415,US-2019-114013,,,Second Class,SC-20770,Stewart Carmichael,Corporate,United States,Philadelphia,Pennsylvania,East,FUR-CH-10004287,Furniture,Chairs,SAFCO Arco Folding Chair,386.68,2,-5.524,No,COD,,,,,,,,193.34,-2.762,-1.4285714285714286,6,4447.041,-818.908,6,4748.780000000001,745.74,20,15.703822876612517,450234.666,53400.4243,82354.95,-9297.7975,77305.44,-8065.9684,509743.1262,57805.7991,451508.6452,10006.6112,181945.998,13406.7032,568,1717,0,0,0.0015443932796422794,99.84556067203577
131,US-2020-164147,2020-02-02,2020-05-02,First Class,DW-13585,Dorothy Wardle,Corporate,United States,Columbus,Ohio,East,TEC-PH-10002293,Technology,Phones,Anker 36W 4-Port USB Wall Charger Travel Power Adapter for iPhone 5s 5c 5,100.97,5,-11.994,No,Cards,2020.0,1.0,2.0,February,2.0,Sunday,90.0,20.194,-2.3988,-11.878775874021986,5,2883.862,97.7234,5,517.854,18.3908,19,3.551348449563004,450234.666,53400.4243,68194.86,-9339.4223,36398.885,4818.0624,509743.1262,57805.7991,470587.991,90458.2486,196563.546,22308.9179,499,985,0,0,0.0014564291349145949,99.85435708650854
4086,CA-2019-111913,2019-04-08,2019-06-08,Second Class,LC-16930,Linda Cazamias,Corporate,United States,Sacramento,California,West,TEC-PH-10002275,Technology,Phones,Mitel 5320 IP Phone VoIP phone,302.384,2,30.2384,No,Cards,2019.0,2.0,4.0,April,8.0,Monday,61.0,151.192,15.1192,10.0,7,4550.316,258.9256,3,1223.536,120.9536,8,9.885577539197865,522441.052,67859.9582,335190.256,49372.175,5860.974,1993.7971,509743.1262,57805.7991,470587.991,90458.2486,196563.546,22308.9179,568,985,0,0,0.0007273910653181416,99.92726089346819
1096,CA-2020-160423,,,Standard Class,PS-19045,Penelope Sewall,Home Office,United States,Charlotte,North Carolina,South,OFF-ST-10004340,Office Supplies,Storage,"Fellowes Mobile File Cart, Black",388.208,7,30.4682,No,Cards,,,,,,,,55.45828571428572,4.3526,7.848421464781766,4,4095.824,1066.637,8,2507.3,451.4268,38,18.004498863319107,252121.081,26551.7163,39705.125,-4827.692300000001,11168.802,322.6946,303059.0679,36117.7193,643707.687,74797.2461,150341.318,13607.0875,1773,985,0,0,0.0015852159241604028,99.84147840758396
6847,US-2019-159093,2019-09-05,,Standard Class,RS-19420,Ricardo Sperren,Corporate,United States,Los Angeles,California,West,OFF-PA-10001260,Office Supplies,Paper,"TOPS Money Receipt Book, Consecutively Numbered in Red,",32.04,4,14.418,No,Online,2019.0,3.0,9.0,September,5.0,Thursday,,8.01,3.6045,45.0,4,2324.91,314.5224,2,199.11,39.6495,11,19.91336447189996,522441.052,67859.9582,335190.256,49372.175,120017.4405,19174.9301,509743.1262,57805.7991,643707.687,74797.2461,99453.612,21112.3779,1773,1562,0,0,0.0006744510221558724,99.93255489778441
2179,CA-2019-125738,,,Standard Class,PB-18805,Patrick Bzostek,Home Office,United States,Salt Lake City,Utah,West,OFF-PA-10001509,Office Supplies,Paper,"Recycled Desk Saver Line ""While You Were Out"" Book, 5 1/2"" X 4""",71.6,8,32.936,No,Online,,,,,,,,8.95,4.117,46.0,2,1007.164,221.6657,3,387.1,74.106,18,19.143890467579432,522441.052,67859.9582,5316.048,1054.5308,762.336,249.3689,303059.0679,36117.7193,643707.687,74797.2461,99453.612,21112.3779,1773,1562,0,0,0.0033955450242684378,99.66044549757316
2966,CA-2020-137428,,,Second Class,AY-10555,Andy Yotov,Corporate,United States,Oceanside,California,West,FUR-FU-10002445,Furniture,Furnishings,"DAX Two-Tone Rosewood/Black Document Frame, Desktop, 5 x 7",286.96,2,7.584,Yes,Online,,,,,,,,143.48,3.792,2.6428770560356845,2,1407.008,37.74,6,610.2239999999999,58.776,21,9.631872886022183,522441.052,67859.9582,335190.256,49372.175,4603.04,297.1104,509743.1262,57805.7991,451508.6452,10006.6112,92691.218,8034.4328,568,1562,1,1,0.9985299371641948,99.85299371641948
9370,CA-2020-113460,2020-07-11,2020-09-11,Second Class,KN-16390,Katherine Nockton,Corporate,United States,Clinton,Maryland,East,FUR-CH-10000422,Furniture,Chairs,Global Highback Leather Tilter in Burgundy,285.97,3,43.6752,No,COD,2020.0,3.0,7.0,July,11.0,Saturday,62.0,95.32333333333334,14.5584,15.272650977375246,5,1682.99,10.248599999999993,4,795.4250000000001,-5.459400000000006,9,-0.6863500644309652,450234.666,53400.4243,16090.103,3860.6173,3088.891,30.191299999999995,509743.1262,57805.7991,451508.6452,10006.6112,181945.998,13406.7032,568,1717,0,0,0.001950214189966685,99.80497858100334
5501,CA-2020-164378,,,Second Class,MM-18055,Michelle Moray,Consumer,United States,New York City,New York,East,FUR-CH-10002084,Furniture,Chairs,Hon Mobius Operator's Chair,699.146,6,88.5528,No,COD,,,,,,,,116.52433333333332,14.7588,12.665852339854624,4,2279.757,-403.6647,4,1879.85,309.9348,16,16.487209085831317,450234.666,53400.4243,186748.097,41012.0212,154919.699,34760.2974,753002.1291,81338.5875,451508.6452,10006.6112,181945.998,13406.7032,568,1717,0,0,0.0027188145423717542,99.72811854576283
5949,CA-2020-161046,2020-05-03,2020-05-03,Same Day,CB-12535,Claudia Bergmann,Corporate,United States,Southaven,Mississippi,South,OFF-EN-10003862,Office Supplies,Envelopes,Laser & Ink Jet Business Envelopes,130.68,4,19.6328,No,COD,2020.0,2.0,5.0,May,3.0,Sunday,0.0,32.67,4.9082,15.023569023569022,4,2855.396,800.1802,2,190.432,39.0522,11,20.50716266173752,252121.081,26551.7163,8924.02,2504.2418,1033.25,336.785,509743.1262,57805.7991,643707.687,74797.2461,16542.464,3508.5073,163,1717,0,0,0.0011678997796418043,99.88321002203581
1666,CA-2019-128531,,,Second Class,NS-18505,Neola Schneider,Consumer,United States,Dallas,Texas,Central,OFF-FA-10002676,Office Supplies,Fasteners,Colored Push Pins,4.344,3,0.8688,No,Cards,,,,,,,,1.4480000000000002,0.2896,20.0,4,3292.8630000000003,-12.303999999999998,3,87.964,2.172,5,2.4691919421581554,341007.5242,27450.0071,116261.9302,-14078.1598,20019.1136,-1983.7422,753002.1291,81338.5875,643707.687,74797.2461,15205.238,598.4175,568,985,0,0,0.0021432317296714025,99.78567682703286
4498,CA-2020-155075,2020-02-12,2020-09-12,Standard Class,GW-14605,Giulietta Weimer,Consumer,United States,Philadelphia,Pennsylvania,East,OFF-BI-10003650,Office Supplies,Binders,GBC DocuBind 300 Electric Binding Machine,155.176,4,-462.8624,No,COD,2020.0,1.0,2.0,February,12.0,Wednesday,213.0,38.794,-115.7156,-298.2822085889571,4,724.298,-406.51,5,5047.192,1641.0576,14,32.514269320445905,450234.666,53400.4243,82354.95,-9297.7975,77305.44,-8065.9684,753002.1291,81338.5875,643707.687,74797.2461,174978.38999999998,17885.3759,1773,1717,0,0,0.004291268955400832,99.5708731044599
617,CA-2020-117947,,,Second Class,NG-18355,Nat Gilpin,Corporate,United States,New York City,New York,East,FUR-FU-10003849,Furniture,Furnishings,"DAX Metal Frame, Desktop, Stepped-Edge",134.48,2,15.7872,No,Cards,,,,,,,,67.24,7.8936,11.739440809042238,3,2489.056,86.4997,2,225.672,7.2864,4,3.2287567797511443,450234.666,53400.4243,186748.097,41012.0212,154919.699,34760.2974,509743.1262,57805.7991,451508.6452,10006.6112,92691.218,8034.4328,568,985,0,0,0.002704888537180199,99.72951114628198
1956,CA-2020-157987,2020-02-09,2020-06-09,Standard Class,AC-10615,Ann Chong,Corporate,United States,New York City,New York,East,TEC-AC-10002842,Technology,Accessories,WD My Passport Ultra 2TB Portable External Hard Drive,284.0,2,38.08,No,Online,2020.0,1.0,2.0,February,9.0,Sunday,121.0,142.0,19.04,13.408450704225352,4,5079.926,331.1249,6,3548.4,404.6,30,11.402322173373914,450234.666,53400.4243,186748.097,41012.0212,154919.699,34760.2974,509743.1262,57805.7991,470587.991,90458.2486,122301.086,25336.6455,1773,1562,0,0,0.0027547939423771045,99.7245206057623
6377,CA-2019-163216,2019-07-10,2019-10-10,First Class,AW-10930,Arthur Wiediger,Home Office,United States,Philadelphia,Pennsylvania,East,OFF-LA-10000134,Office Supplies,Labels,Avery 511,4.928,2,1.7248,No,Online,2019.0,3.0,7.0,July,10.0,Wednesday,92.0,2.464,0.8624,35.0,5,2642.824,-126.2294,5,435.592,23.1616,19,5.317269371338316,450234.666,53400.4243,82354.95,-9297.7975,77305.44,-8065.9684,303059.0679,36117.7193,643707.687,74797.2461,19397.456,2937.2212,499,1562,0,0,0.0003179250346233395,99.96820749653766
8992,US-2020-139577,2020-01-10,2020-06-10,Standard Class,TN-21040,Tanja Norvell,Home Office,United States,San Francisco,California,West,TEC-AC-10004708,Technology,Accessories,Sony 32GB Class 10 Micro SDHC R40 Memory Card,146.75,5,21.9975,No,COD,2020.0,1.0,1.0,January,10.0,Friday,152.0,29.35,4.3995,14.989778534923335,5,2474.659,-881.2760000000001,2,307.65,30.7965,7,10.010238907849828,522441.052,67859.9582,335190.256,49372.175,80891.422,10475.5284,303059.0679,36117.7193,470587.991,90458.2486,122301.086,25336.6455,1773,1717,0,0,0.0041117973947293425,99.58882026052707
836,CA-2019-165316,,,Standard Class,JB-15400,Jennifer Braxton,Corporate,United States,Tampa,Florida,South,TEC-MA-10004002,Technology,Machines,Zebra GX420t Direct Thermal/Thermal Transfer Printer,265.475,1,-111.4995,No,COD,,,,,,,,265.475,-111.4995,-41.99999999999999,6,2100.805,152.5661,1,265.475,-111.4995,1,-41.99999999999999,252121.081,26551.7163,49914.999,-227.7464999999999,3139.9655,-518.029,509743.1262,57805.7991,470587.991,90458.2486,91987.561,38.10240000000037,1773,1717,0,0,0.001083584026873085,99.8916415973127
3219,CA-2020-104640,2020-10-11,,Standard Class,FH-14275,Frank Hawley,Corporate,United States,New York City,New York,East,TEC-PH-10002200,Technology,Phones,Aastra 6757i CT Wireless VoIP phone,469.88,2,124.9552,No,Cards,2020.0,4.0,10.0,October,11.0,Sunday,,234.94,62.4776,26.59300246871541,8,3570.924,776.0992,6,4425.4220000000005,65.09880000000005,24,1.471019035020842,450234.666,53400.4243,186748.097,41012.0212,154919.699,34760.2974,509743.1262,57805.7991,470587.991,90458.2486,196563.546,22308.9179,1773,985,0,0,0.0017173316439283274,99.82826683560717
3566,CA-2019-130029,2019-03-07,2019-06-07,First Class,GT-14755,Guy Thornton,Consumer,United States,Los Angeles,California,West,OFF-FA-10001135,Office Supplies,Fasteners,"Brites Rubber Bands, 1 1/2 oz. Box",3.96,2,0.0792,No,Cards,2019.0,1.0,3.0,March,7.0,Thursday,92.0,1.98,0.0396,2.0,3,405.832,-33.33819999999999,2,134.9,0.198,5,0.1467753891771683,522441.052,67859.9582,335190.256,49372.175,120017.4405,19174.9301,753002.1291,81338.5875,643707.687,74797.2461,15205.238,598.4175,499,985,0,0,0.001007957152974852,99.89920428470252
7214,CA-2020-154949,,,Standard Class,MC-17275,Marc Crier,Consumer,United States,Camarillo,California,West,OFF-LA-10002034,Office Supplies,Labels,Avery 478,108.73,3,7.2177,Yes,Online,,,,,,,,36.24333333333333,2.4059,6.638186333118734,3,289.57800000000003,28.1287,4,368.38,43.3062,18,11.75584993756447,522441.052,67859.9582,335190.256,49372.175,108.73,7.2177,753002.1291,81338.5875,643707.687,74797.2461,19397.456,2937.2212,1773,1562,1,1,0.9978823907937067,99.78823907937067
796,CA-2020-151428,,,Standard Class,RH-19495,Rick Hansen,Consumer,United States,Rochester,Minnesota,Central,OFF-BI-10000546,Office Supplies,Binders,Avery Durable Binders,123.16,7,9.8784,No,Online,,,,,,,,17.594285714285714,1.4111999999999998,8.020785969470607,3,411.664,48.2048,6,560.352,13.5072,21,2.4104848381017647,341007.5242,27450.0071,10808.63,2864.3483,9771.5,729.8267,753002.1291,81338.5875,643707.687,74797.2461,174978.38999999998,17885.3759,1773,1562,0,0,0.0019127169476197718,99.80872830523802
9081,CA-2020-166898,2020-11-09,,Second Class,KH-16630,Ken Heidel,Corporate,United States,Santa Ana,California,West,TEC-PH-10002564,Technology,Phones,OtterBox Defender Series Case - Samsung Galaxy S4,175.952,6,17.994,Yes,COD,2020.0,4.0,11.0,November,9.0,Monday,,29.325333333333333,2.999,10.226652723470036,6,720.562,97.8733,7,904.82,77.974,22,8.617625605092726,522441.052,67859.9582,335190.256,49372.175,3702.01,820.9825000000001,509743.1262,57805.7991,470587.991,90458.2486,196563.546,22308.9179,568,1717,1,1,0.9973411566121081,99.73411566121081
7913,CA-2019-167605,,,Second Class,RB-19570,Rob Beeghly,Consumer,United States,Saint Charles,Illinois,Central,FUR-FU-10001602,Furniture,Furnishings,"Eldon Delta Triangular Chair Mat, 52"" x 58"", Clear",30.344,2,-31.8612,No,COD,,,,,,,,15.172,-15.9306,-105.0,5,926.546,76.88789999999999,4,598.096,-6.827400000000001,9,-1.1415224311816166,341007.5242,27450.0071,64224.33,-9554.6539,326.164,52.566,753002.1291,81338.5875,451508.6452,10006.6112,92691.218,8034.4328,568,1717,0,0,0.002943789382129276,99.70562106178707
6079,CA-2019-151561,2019-01-09,2019-07-09,Standard Class,PG-18820,Patrick Gardner,Consumer,United States,New York City,New York,East,OFF-SU-10001574,Office Supplies,Supplies,Acme Value Line Scissors,10.95,3,3.285,No,Online,2019.0,1.0,1.0,January,9.0,Wednesday,181.0,3.65,1.095,30.000000000000004,9,3053.227,647.6868,4,137.04,9.49,10,6.924985405720959,450234.666,53400.4243,186748.097,41012.0212,154919.699,34760.2974,753002.1291,81338.5875,643707.687,74797.2461,36720.986,-1654.2767,1773,1562,0,0,0.0004932840262837033,99.95067159737164
2329,CA-2020-138422,,,First Class,KN-16705,Kristina Nunn,Home Office,United States,Fort Collins,Colorado,West,OFF-EN-10004147,Office Supplies,Envelopes,Wausau Papers Astrobrights Colored Envelopes,130.352,3,5.2026,No,COD,,,,,,,,43.45066666666667,1.7342000000000002,3.991193077206333,4,1883.47,326.8672,1,130.352,5.2026,3,3.991193077206333,522441.052,67859.9582,29249.064,-5825.5857,1431.252,-252.6926,303059.0679,36117.7193,643707.687,74797.2461,16542.464,3508.5073,499,1717,0,0,0.0032745887531227245,99.67254112468773
2455,CA-2020-140949,,,Second Class,DB-13405,Denny Blanton,Consumer,United States,New York City,New York,East,TEC-AC-10003038,Technology,Accessories,Kingston Digital DataTraveler 16GB USB 2.0,134.6,8,13.604,No,COD,,,,,,,,16.825,1.7005,10.106983655274888,2,1679.084,172.5842,7,807.67,48.688,36,6.028204588507682,450234.666,53400.4243,186748.097,41012.0212,154919.699,34760.2974,753002.1291,81338.5875,470587.991,90458.2486,122301.086,25336.6455,568,1717,0,0,0.0035028115566994814,99.64971884433005
2970,CA-2020-167941,2020-06-11,2020-09-11,Second Class,JF-15565,Jill Fjeld,Consumer,United States,Fayetteville,North Carolina,South,OFF-PA-10001800,Office Supplies,Paper,Xerox 220,143.104,6,10.8864,No,COD,2020.0,2.0,6.0,June,11.0,Thursday,92.0,23.85066666666667,1.8144,7.607334525939176,5,3422.194,847.3051,5,606.424,35.510400000000004,16,5.85570491933037,252121.081,26551.7163,39705.125,-4827.692300000001,6637.362,874.6273,753002.1291,81338.5875,643707.687,74797.2461,99453.612,21112.3779,568,1717,0,0,0.0015359478559609115,99.84640521440392
1528,CA-2019-122392,,,Standard Class,CJ-12010,Caroline Jumper,Consumer,United States,Allentown,Pennsylvania,East,FUR-FU-10002456,Furniture,Furnishings,"Master Caster Door Stop, Large Neon Orange",11.648,2,3.3488,No,COD,,,,,,,,5.824,1.6744,28.750000000000004,8,11596.974,858.7414,3,244.768,3.4216,9,1.3978951496927703,450234.666,53400.4243,82354.95,-9297.7975,15.808,3.7128,753002.1291,81338.5875,451508.6452,10006.6112,92691.218,8034.4328,1773,1717,0,0,0.002444230814626743,99.75557691853733
5646,CA-2020-127117,,,Standard Class,HM-14860,Harry Marie,Corporate,United States,Morristown,New Jersey,East,FUR-FU-10004018,Furniture,Furnishings,Tensor Computer Mounted Lamp,166.45,5,20.1015,No,Cards,,,,,,,,33.29,4.020300000000001,12.07659957945329,7,3086.0768,66.1081,4,551.79,44.2233,11,8.014516392105692,450234.666,53400.4243,32086.942,7213.0952,2583.04,1098.7085000000002,509743.1262,57805.7991,451508.6452,10006.6112,92691.218,8034.4328,1773,985,0,0,0.0016540546262312405,99.83459453737687
5875,CA-2020-133095,2020-04-06,2020-04-06,Same Day,EH-14005,Erica Hernandez,Home Office,United States,Jonesboro,Arkansas,South,OFF-BI-10004141,Office Supplies,Binders,Insertable Tab Indexes For Data Binders,115.54,3,4.3884,No,COD,2020.0,2.0,4.0,April,6.0,Monday,0.0,38.513333333333335,1.4628,3.798165137614679,5,1367.194,154.6304,4,223.628,-2.544,10,-1.137603520131647,252121.081,26551.7163,9652.83,1873.9949,555.1,191.3824,303059.0679,36117.7193,643707.687,74797.2461,174978.38999999998,17885.3759,163,1717,0,0,0.0009434955354370245,99.90565044645629
7944,CA-2020-134194,,2021-01-01,Standard Class,GA-14725,Guy Armstrong,Consumer,United States,Dallas,Texas,Central,OFF-SU-10000946,Office Supplies,Supplies,Staple remover,433.688,7,5.0274,Yes,Online,,,,,,,,61.95542857142857,0.7182000000000001,1.159220453413514,5,2810.558,23.4824,4,660.216,34.2342,21,5.185302991748155,341007.5242,27450.0071,116261.9302,-14078.1598,20019.1136,-1983.7422,753002.1291,81338.5875,643707.687,74797.2461,36720.986,-1654.2767,1773,1562,1,1,0.9960846717048265,99.60846717048265
383,CA-2019-134775,,,First Class,AS-10285,Alejandro Savely,Corporate,United States,San Francisco,California,West,OFF-BI-10002225,Office Supplies,Binders,"Square Ring Data Binders, Rigid 75 Pt. Covers, 11"" x 14-7/8""",49.536,3,17.3376,No,Online,,,,,,,,16.512,5.7792,35.0,6,3538.236,354.62760000000003,5,360.936,94.944,15,26.30494048806436,522441.052,67859.9582,335190.256,49372.175,80891.422,10475.5284,509743.1262,57805.7991,643707.687,74797.2461,174978.38999999998,17885.3759,499,1562,0,0,0.004983529140299597,99.50164708597003
9722,CA-2019-105781,,,Standard Class,JF-15565,Jill Fjeld,Consumer,United States,New York City,New York,East,FUR-CH-10001802,Furniture,Chairs,Hon Every-Day Chair Series Swivel Task Chairs,326.646,3,39.9234,No,Online,,,,,,,,108.882,13.3078,12.22222222222222,5,3422.194,847.3051,3,985.84,12.098,10,1.227176823825367,450234.666,53400.4243,186748.097,41012.0212,154919.699,34760.2974,753002.1291,81338.5875,451508.6452,10006.6112,181945.998,13406.7032,1773,1562,0,0,0.0032702164948793604,99.67297835051207
2862,CA-2020-138975,,,Standard Class,SC-20380,Shahid Collister,Consumer,United States,Atlanta,Georgia,South,OFF-PA-10000100,Office Supplies,Paper,Xerox 1945,298.93,7,140.5957,No,COD,,,,,,,,42.70428571428572,20.0851,47.03298431070819,6,5948.110000000001,245.2874,6,1273.304,565.2520999999999,31,44.392548833585685,252121.081,26551.7163,37260.69,9994.4165,9930.34,3283.7360000000003,753002.1291,81338.5875,643707.687,74797.2461,99453.612,21112.3779,1773,1717,0,0,0.0013698466167132888,99.86301533832868
2349,CA-2020-109701,2020-02-12,2020-03-12,Same Day,AM-10360,Alice McCarthy,Corporate,United States,Los Angeles,California,West,OFF-BI-10004187,Office Supplies,Binders,3-ring staple pack,132.024,6,3.1584,No,Online,2020.0,1.0,2.0,February,12.0,Wednesday,29.0,22.004,0.5264,2.392292310489002,3,909.962,8.413,2,142.552,6.8432,13,4.800493854874011,522441.052,67859.9582,335190.256,49372.175,120017.4405,19174.9301,509743.1262,57805.7991,643707.687,74797.2461,174978.38999999998,17885.3759,163,1562,0,0,0.00559582816063976,99.44041718393602
6680,CA-2020-145037,2020-02-09,2020-07-09,Second Class,TB-21055,Ted Butterfield,Consumer,United States,Meriden,Connecticut,East,OFF-ST-10000918,Office Supplies,Storage,Crate-A-Files,110.9,1,2.834,No,Cards,2020.0,1.0,2.0,February,9.0,Sunday,151.0,110.9,2.834,2.5554553651938683,5,1840.881,390.2113,5,812.98,28.122,13,3.459125685748727,450234.666,53400.4243,15034.697,2339.0135,487.76,116.6976,753002.1291,81338.5875,643707.687,74797.2461,150341.318,13607.0875,568,985,0,0,0.0029500462907135583,99.70499537092864
3723,CA-2020-144036,,,Standard Class,FO-14305,Frank Olsen,Consumer,United States,Houston,Texas,Central,OFF-AR-10000122,Office Supplies,Art,Newell 314,207.712,8,2.232,No,Online,,,,,,,,25.964,0.279,1.0745647820058544,6,1086.474,-48.4132,5,512.54,9.765,15,1.9052171537831195,341007.5242,27450.0071,116261.9302,-14078.1598,45159.5078,-7197.716,753002.1291,81338.5875,643707.687,74797.2461,50762.976,3635.9257,1773,1562,0,0,0.0015123135517800953,99.848768644822
8076,CA-2020-151750,2020-01-01,2020-05-01,Standard Class,JM-15250,Janet Martin,Consumer,United States,Huntsville,Texas,Central,OFF-AP-10004708,Office Supplies,Appliances,Fellowes Superior 10 Outlet Split Surge Protector,110.224,2,-38.8212,No,Online,2020.0,1.0,1.0,January,1.0,Wednesday,121.0,55.112,-19.4106,-35.220278705182174,6,4155.122,19.82350000000005,4,599.704,-31.5898,13,-5.267565332230567,341007.5242,27450.0071,116261.9302,-14078.1598,6929.0068,365.9029000000001,753002.1291,81338.5875,643707.687,74797.2461,80305.247,13166.6098,1773,1562,0,0,0.001985800818775857,99.80141991812242
4842,CA-2019-136049,,,Standard Class,NM-18520,Neoma Murray,Consumer,United States,Bowling Green,Ohio,East,OFF-BI-10001267,Office Supplies,Binders,"Universal Recycled Hanging Pressboard Report Binders, Letter Size",5.553,3,-4.0722,No,Cards,,,,,,,,1.851,-1.3574,-73.33333333333333,7,2136.643,815.6189,3,178.7,7.157200000000003,17,4.005148293228878,450234.666,53400.4243,68194.86,-9339.4223,1673.657,141.69060000000002,753002.1291,81338.5875,643707.687,74797.2461,174978.38999999998,17885.3759,1773,985,0,0,0.0020606764353400227,99.793932356466
8070,CA-2020-151750,2020-01-01,2020-05-01,Standard Class,JM-15250,Janet Martin,Consumer,United States,Huntsville,Texas,Central,OFF-ST-10002743,Office Supplies,Storage,SAFCO Boltless Steel Shelving,472.56,5,-107.958,No,COD,2020.0,1.0,1.0,January,1.0,Wednesday,121.0,94.512,-21.5916,-22.84535297105129,6,4155.122,19.82350000000005,6,3526.656,-257.9628,33,-7.314657284407666,341007.5242,27450.0071,116261.9302,-14078.1598,6929.0068,365.9029000000001,753002.1291,81338.5875,643707.687,74797.2461,150341.318,13607.0875,1773,1717,0,0,0.0017294611854842218,99.82705388145158
6412,CA-2020-161774,,,First Class,GT-14710,Greg Tran,Consumer,United States,Houston,Texas,Central,OFF-PA-10003134,Office Supplies,Paper,Xerox 1937,100.864,2,26.9024,No,Online,,,,,,,,50.432,13.4512,26.67195431472081,8,3629.154,450.4581,3,399.888,146.04160000000002,8,36.52062577521706,341007.5242,27450.0071,116261.9302,-14078.1598,45159.5078,-7197.716,753002.1291,81338.5875,643707.687,74797.2461,99453.612,21112.3779,499,1562,0,0,0.0016772092391490526,99.8322790760851
8490,CA-2019-158841,2019-02-02,2019-04-02,Second Class,SE-20110,Sanjit Engle,Consumer,United States,Arlington,Virginia,South,OFF-BI-10002557,Office Supplies,Binders,Presstex Flexible Ring Binders,36.4,8,18.2,No,COD,2019.0,1.0,2.0,February,2.0,Saturday,59.0,4.55,2.275,50.0,7,7821.978,2436.9525,5,182.255,18.655,24,10.235658829661736,252121.081,26551.7163,32721.25,9657.4876,10043.024,3349.7609,753002.1291,81338.5875,643707.687,74797.2461,174978.38999999998,17885.3759,568,1717,0,0,0.0002712609615884767,99.97287390384115
1273,US-2019-103646,,,Standard Class,SP-20545,Sibella Parks,Corporate,United States,Chicago,Illinois,Central,OFF-BI-10002854,Office Supplies,Binders,"Performers Binder/Pad Holder, Black",44.848,8,-67.272,No,Cards,,,,,,,,5.606,-8.409,-150.00000000000003,5,1415.334,-121.58580000000002,4,445.846,-50.45400000000001,20,-11.316463532251047,341007.5242,27450.0071,64224.33,-9554.6539,39993.161,-6497.3566,509743.1262,57805.7991,643707.687,74797.2461,174978.38999999998,17885.3759,1773,985,0,0,0.0019209481269860274,99.80790518730139
1470,CA-2020-139199,2020-09-12,,Standard Class,DK-12835,Damala Kotsonis,Corporate,United States,Detroit,Michigan,Central,OFF-BI-10003982,Office Supplies,Binders,Wilson Jones Century Plastic Molded Ring Binders,130.54,2,19.5238,No,Online,2020.0,3.0,9.0,September,12.0,Saturday,,65.27,9.7619,14.95618201317604,8,3265.2200000000003,534.6098000000001,6,610.473,-20.770000000000003,30,-3.40227987150947,341007.5242,27450.0071,48504.684,17480.280600000002,26631.206,10803.1896,509743.1262,57805.7991,643707.687,74797.2461,174978.38999999998,17885.3759,1773,1562,0,0,0.001344159936837831,99.86558400631623
6561,CA-2019-160941,,,Standard Class,DK-12835,Damala Kotsonis,Corporate,United States,Roseville,California,West,OFF-LA-10003766,Office Supplies,Labels,Self-Adhesive Removable Labels,3.15,1,1.512,No,Online,,,,,,,,3.15,1.512,48.00000000000001,8,3265.2200000000003,534.6098000000001,5,363.0,30.24,20,8.330578512396695,522441.052,67859.9582,335190.256,49372.175,1731.606,596.4723,509743.1262,57805.7991,643707.687,74797.2461,19397.456,2937.2212,1773,1562,0,0,0.0047819504649514784,99.52180495350486
1935,CA-2020-101245,,2020-03-12,Standard Class,LW-16990,Lindsay Williams,Corporate,United States,San Francisco,California,West,OFF-PA-10003129,Office Supplies,Paper,Tops White Computer Printout Paper,276.55,5,114.9385,No,COD,,,,,,,,55.31,22.9877,41.561562104501895,6,3669.308,662.8339,3,629.92,275.8524,12,43.79165608331217,522441.052,67859.9582,335190.256,49372.175,80891.422,10475.5284,509743.1262,57805.7991,643707.687,74797.2461,99453.612,21112.3779,1773,1717,0,0,0.003822106270004926,99.61778937299951
6834,CA-2019-153101,2019-08-09,2019-08-09,Same Day,PJ-19015,Pauline Johnson,Consumer,United States,Santa Ana,California,West,FUR-TA-10003008,Furniture,Tables,"Lesro Round Back Collection Coffee Table, End Table",146.04,1,-12.7785,No,COD,2019.0,3.0,8.0,August,9.0,Friday,0.0,146.04,-12.7785,-8.75,5,1983.576,640.1564000000001,5,1209.24,-394.308,8,-32.6079190235189,522441.052,67859.9582,335190.256,49372.175,3702.01,820.9825000000001,753002.1291,81338.5875,451508.6452,10006.6112,119293.743,-11091.6365,163,1717,0,0,0.0007506207656119763,99.9249379234388
9099,CA-2020-152933,2020-12-10,,Standard Class,MG-17650,Matthew Grinstein,Home Office,United States,Dallas,Texas,Central,TEC-PH-10002085,Technology,Phones,Clarity 53712,403.544,7,27.7158,No,COD,2020.0,4.0,12.0,December,10.0,Thursday,,57.649142857142856,3.9594,6.868098645996472,6,2846.94,317.5336,3,663.1179999999999,52.792,10,7.96117734701818,341007.5242,27450.0071,116261.9302,-14078.1598,20019.1136,-1983.7422,303059.0679,36117.7193,470587.991,90458.2486,196563.546,22308.9179,1773,1717,0,0,0.0013673724335361744,99.86326275664639
3182,CA-2020-152912,2020-09-11,2020-12-11,Second Class,BM-11650,Brian Moss,Corporate,United States,Columbia,Maryland,East,OFF-BI-10004728,Office Supplies,Binders,Wilson Jones Turn Tabs Binder Tool for Ring Binders,101.64,2,4.4344,No,Cards,2020.0,3.0,9.0,September,11.0,Friday,91.0,50.82,2.2172,4.362849271940181,6,3956.281,1936.1524,8,514.196,72.8784,42,14.17327244863826,450234.666,53400.4243,16090.103,3860.6173,13705.148,2721.1764,509743.1262,57805.7991,643707.687,74797.2461,174978.38999999998,17885.3759,568,985,0,0,0.002505480395976411,99.74945196040235
9207,CA-2019-146423,,,Same Day,BT-11680,Brian Thompson,Consumer,United States,Milford,Connecticut,East,OFF-PA-10003797,Office Supplies,Paper,Xerox 209,51.84,8,24.8832,No,Cards,,,,,,,,6.48,3.1104,47.99999999999999,4,1606.6419999999998,211.9396,3,291.04,71.5392,23,24.580538757559093,450234.666,53400.4243,15034.697,2339.0135,1185.74,319.05400000000003,753002.1291,81338.5875,643707.687,74797.2461,99453.612,21112.3779,163,985,0,0,0.002127070846868685,99.78729291531313
4538,CA-2020-138464,2020-08-07,2020-12-07,Standard Class,VF-21715,Vicky Freymann,Home Office,United States,Seattle,Washington,West,OFF-AR-10003560,Office Supplies,Art,Zebra Zazzle Fluorescent Highlighters,117.24,3,6.2016,No,Online,2020.0,3.0,8.0,August,7.0,Friday,122.0,39.08,2.0672,5.289662231320369,3,1088.356,62.4848,4,376.016,13.8624,12,3.6866516318454536,522441.052,67859.9582,92975.18,21466.6555,77924.542,18839.3111,303059.0679,36117.7193,643707.687,74797.2461,50762.976,3635.9257,1773,1562,0,0,0.002420601484668865,99.75793985153312
1454,CA-2019-133711,,,First Class,MC-17425,Mark Cousins,Corporate,United States,Mobile,Alabama,South,OFF-BI-10004352,Office Supplies,Binders,Wilson Jones DublLock D-Ring Binders,33.75,5,16.875,No,Cards,,,,,,,,6.75,3.375,50.0,3,3581.762,1610.1964,1,33.75,16.875,5,50.0,252121.081,26551.7163,11884.58,3336.3075000000003,3535.24,1666.0722,509743.1262,57805.7991,643707.687,74797.2461,174978.38999999998,17885.3759,499,985,0,0,0.002146556213187346,99.78534437868126
583,CA-2020-145233,2020-01-12,2020-05-12,Standard Class,DV-13465,Dianna Vittorini,Consumer,United States,Denver,Colorado,West,TEC-PH-10000586,Technology,Phones,AT&T SB67148 SynJ,127.584,2,9.2386,No,COD,2020.0,1.0,1.0,January,12.0,Sunday,121.0,63.792,4.6193,7.24119011788312,3,1726.017,241.6001,2,391.544,80.5078,6,20.56162270396176,522441.052,67859.9582,29249.064,-5825.5857,7782.577,-552.0313,753002.1291,81338.5875,470587.991,90458.2486,196563.546,22308.9179,1773,1717,0,0,0.0032616430229860625,99.67383569770139
6542,US-2020-107888,,,First Class,CC-12220,Chris Cortes,Consumer,United States,Seattle,Washington,West,FUR-FU-10003394,Furniture,Furnishings,"Tenex ""The Solids"" Textured Chair Mats",186.92,2,23.7864,Yes,Online,,,,,,,,93.46,11.8932,12.725444040231116,8,4100.032,360.541,5,1290.312,-74.1576,22,-5.747261127541246,522441.052,67859.9582,92975.18,21466.6555,77924.542,18839.3111,753002.1291,81338.5875,451508.6452,10006.6112,92691.218,8034.4328,499,1562,1,1,0.996996303146943,99.6996303146943
8913,CA-2020-102610,2020-04-11,2020-08-11,Standard Class,CA-12265,Christina Anderson,Consumer,United States,Chattanooga,Tennessee,South,OFF-BI-10004364,Office Supplies,Binders,Storex Dura Pro Binders,105.564,2,-2.97,No,Online,2020.0,2.0,4.0,April,11.0,Saturday,122.0,52.782,-1.485,-2.8134591337956127,6,2215.4872,144.27179999999998,9,598.1899999999999,-11.286,28,-1.886691519416908,252121.081,26551.7163,26288.317,-3467.5906,1381.803,27.1918,753002.1291,81338.5875,643707.687,74797.2461,174978.38999999998,17885.3759,1773,1562,0,0,0.0024762639578558314,99.75237360421441
5030,CA-2020-139304,,2020-02-02,Standard Class,VG-21790,Vivek Gonzalez,Consumer,United States,San Francisco,California,West,OFF-AR-10001216,Office Supplies,Art,Newell 339,96.34,3,2.1684,No,Online,,,,,,,,32.11333333333334,0.7228,2.250778492837866,4,846.8340000000001,124.09,3,189.688,6.116,10,3.224241913036144,522441.052,67859.9582,335190.256,49372.175,80891.422,10475.5284,753002.1291,81338.5875,643707.687,74797.2461,50762.976,3635.9257,1773,1562,0,0,0.004993784507194619,99.50062154928054
3381,CA-2020-103156,,,First Class,TD-20995,Tamara Dahlen,Consumer,United States,Philadelphia,Pennsylvania,East,FUR-FU-10000320,Furniture,Furnishings,OIC Stacking Trays,138.048,9,7.2144,No,COD,,,,,,,,15.338666666666668,0.8016000000000001,5.226008344923505,7,2228.5,83.8537,4,576.772,13.4936,21,2.339503304598697,450234.666,53400.4243,82354.95,-9297.7975,77305.44,-8065.9684,753002.1291,81338.5875,451508.6452,10006.6112,92691.218,8034.4328,499,1717,0,0,0.002002893244027698,99.79971067559723
7326,US-2020-128447,2020-10-11,,Standard Class,MC-17845,Michael Chen,Consumer,United States,Pasco,Washington,West,OFF-AP-10004540,Office Supplies,Appliances,"Eureka The Boss Lite 10-Amp Upright Vacuum, Blue",412.8,5,112.224,No,COD,2020.0,4.0,10.0,October,11.0,Sunday,,82.56,22.4448,27.18604651162791,5,2176.15,302.6616,3,927.76,246.8928,11,26.6117099249806,522441.052,67859.9582,92975.18,21466.6555,525.592,122.3012,753002.1291,81338.5875,643707.687,74797.2461,80305.247,13166.6098,1773,1717,0,0,0.0038103217510085056,99.61896782489916
6777,US-2019-152373,2019-05-09,2019-11-09,Standard Class,PT-19090,Pete Takahito,Consumer,United States,San Antonio,Texas,Central,OFF-ST-10003479,Office Supplies,Storage,"Eldon Base for stackable storage shelf, platinum",93.456,3,-17.523,No,Cards,2019.0,2.0,5.0,May,9.0,Thursday,184.0,31.152,-5.841,-18.75,3,641.392,-12.0218,4,412.764,-31.152,12,-7.547169811320755,341007.5242,27450.0071,116261.9302,-14078.1598,6085.871,-23.198200000000003,753002.1291,81338.5875,643707.687,74797.2461,150341.318,13607.0875,1773,985,0,0,0.0005865979342208751,99.9413402065779
602,US-2019-100720,,,Standard Class,CK-12205,Chloris Kastensmidt,Consumer,United States,Philadelphia,Pennsylvania,East,OFF-SU-10001574,Office Supplies,Supplies,Acme Value Line Scissors,5.84,2,0.73,No,COD,,,,,,,,2.92,0.365,12.5,8,3069.111,52.7643,4,137.04,9.49,10,6.924985405720959,450234.666,53400.4243,82354.95,-9297.7975,77305.44,-8065.9684,753002.1291,81338.5875,643707.687,74797.2461,36720.986,-1654.2767,1773,1717,0,0,0.001062567937399068,99.89374320626008
6370,CA-2019-103919,2019-03-10,2019-07-10,Standard Class,TP-21565,Tracy Poddar,Corporate,United States,Grand Prairie,Texas,Central,FUR-FU-10001756,Furniture,Furnishings,"Eldon Expressions Desk Accessory, Wood Photo Frame, Mahogany",38.08,5,-29.512,No,Online,2019.0,1.0,3.0,March,10.0,Sunday,122.0,7.616,-5.9024,-77.5,3,1914.8,104.48669999999998,5,431.056,-12.756800000000002,17,-2.959429865261127,341007.5242,27450.0071,116261.9302,-14078.1598,769.858,-4.044700000000001,509743.1262,57805.7991,451508.6452,10006.6112,92691.218,8034.4328,1773,1562,0,0,0.000740514032148138,99.92594859678519
6319,CA-2020-161459,,,Second Class,EB-13750,Edward Becker,Corporate,United States,Laguna Niguel,California,West,TEC-PH-10004071,Technology,Phones,PayAnywhere Card Reader,146.96,5,3.4965,Yes,Online,,,,,,,,29.392000000000003,0.6993,2.3792188350571584,8,2046.7,-257.702,5,555.8,17.4825,25,3.145465994962217,522441.052,67859.9582,335190.256,49372.175,556.9830000000001,41.9815,509743.1262,57805.7991,470587.991,90458.2486,196563.546,22308.9179,568,1562,1,1,0.9972209297977266,99.72209297977265
6756,CA-2020-124205,,,Standard Class,TC-21145,Theresa Coyne,Corporate,United States,Lakewood,New Jersey,East,FUR-FU-10002445,Furniture,Furnishings,"DAX Two-Tone Rosewood/Black Document Frame, Desktop, 5 x 7",165.4,5,18.96,No,Cards,,,,,,,,33.08,3.792,11.463119709794436,1,1256.26,265.5332,6,610.2239999999999,58.776,21,9.631872886022183,450234.666,53400.4243,32086.942,7213.0952,17153.859,2476.793,509743.1262,57805.7991,451508.6452,10006.6112,92691.218,8034.4328,1773,985,0,0,0.0026881795809023,99.73118204190978
3250,CA-2019-159730,,,Standard Class,SJ-20125,Sanjit Jacobs,Home Office,United States,Seattle,Washington,West,TEC-PH-10002085,Technology,Phones,Clarity 53712,105.584,2,7.9188,No,COD,,,,,,,,52.792,3.9594,7.5,11,4931.148,209.9379,3,663.1179999999999,52.792,10,7.96117734701818,522441.052,67859.9582,92975.18,21466.6555,77924.542,18839.3111,303059.0679,36117.7193,470587.991,90458.2486,196563.546,22308.9179,1773,1717,0,0,0.001971531474404527,99.80284685255954
9010,CA-2020-106047,2020-12-07,,Standard Class,CS-11860,Cari Schnelling,Consumer,United States,Fairfield,Ohio,East,OFF-PA-10000791,Office Supplies,Paper,"Wirebound Message Books, Four 2 3/4 x 5 Forms per Page, 200 Sets per Book",89.816,1,1.1925,No,Online,2020.0,4.0,12.0,December,7.0,Monday,,89.816,1.1925,1.3277144384074104,3,323.64,14.924500000000002,5,341.894,42.93,24,12.556523366891492,450234.666,53400.4243,68194.86,-9339.4223,11466.078,907.3211,753002.1291,81338.5875,643707.687,74797.2461,99453.612,21112.3779,1773,1562,0,0,0.0015182452510301724,99.84817547489698
3086,CA-2020-118773,2020-09-02,,Standard Class,TP-21415,Tom Prescott,Consumer,United States,Houston,Texas,Central,TEC-AC-10002402,Technology,Accessories,Razer Kraken PRO Over Ear PC and Music Headset,2154.984,2,15.998,No,Online,2020.0,3.0,9.0,September,2.0,Wednesday,,1077.492,7.999,0.7423721011385699,4,7456.4148,-1151.9078,5,3065.88,231.971,13,7.56621263715475,341007.5242,27450.0071,116261.9302,-14078.1598,45159.5078,-7197.716,753002.1291,81338.5875,470587.991,90458.2486,122301.086,25336.6455,1773,1562,0,0,0.001328462489982588,99.86715375100174
1876,US-2019-112977,2019-10-03,,Standard Class,CJ-12010,Caroline Jumper,Consumer,United States,Long Beach,New York,East,FUR-BO-10003272,Furniture,Bookcases,O'Sullivan Living Dimensions 5-Shelf Bookcases,176.784,1,-22.098,No,Cards,2019.0,4.0,10.0,October,3.0,Thursday,,176.784,-22.098,-12.5,8,11596.974,858.7414,2,530.352,-66.294,3,-12.5,450234.666,53400.4243,186748.097,41012.0212,6831.068,1241.1823,753002.1291,81338.5875,451508.6452,10006.6112,57577.6862,-342.88830000000013,1773,985,0,0,0.00032895498207602733,99.96710450179239
9978,US-2019-103674,2019-06-12,2019-10-12,Standard Class,AP-10720,Anne Pryor,Home Office,United States,Los Angeles,California,West,OFF-FA-10003467,Office Supplies,Fasteners,"Alliance Big Bands Rubber Bands, 12/Pack",13.86,7,0.0,No,Online,2019.0,2.0,6.0,June,12.0,Wednesday,122.0,1.98,0.0,0.0,6,1599.316,232.5013,2,19.8,0.0,10,0.0,522441.052,67859.9582,335190.256,49372.175,120017.4405,19174.9301,303059.0679,36117.7193,643707.687,74797.2461,15205.238,598.4175,1773,1562,0,0,0.0010119071223053974,99.89880928776947
635,CA-2020-144694,,,Second Class,BD-11605,Brian Dahlen,Consumer,United States,Miami,Florida,South,OFF-LA-10003930,Office Supplies,Labels,"Dot Matrix Printer Tape Reel Labels, White, 5000/Box",245.944,3,85.5297,No,COD,,,,,,,,81.98133333333332,28.5099,34.77608723937157,3,980.42,212.4907,3,1674.608,698.9841,19,41.74016247384463,252121.081,26551.7163,49914.999,-227.7464999999999,5294.872,357.7836,753002.1291,81338.5875,643707.687,74797.2461,19397.456,2937.2212,568,1717,0,0,0.001556398825585964,99.8443601174414
9670,CA-2020-145275,2020-02-04,2020-06-04,Standard Class,AH-10465,Amy Hunt,Consumer,United States,Decatur,Alabama,South,OFF-LA-10001569,Office Supplies,Labels,Avery 499,90.94,3,6.8724,No,Online,2020.0,1.0,2.0,February,4.0,Tuesday,121.0,30.313333333333333,2.2908,7.55707059599736,3,870.5780000000001,145.95850000000002,6,339.72,26.6928,16,7.857294242317201,252121.081,26551.7163,11884.58,3336.3075000000003,3011.521,-366.1132,753002.1291,81338.5875,643707.687,74797.2461,19397.456,2937.2212,1773,1562,0,0,0.001710397978891793,99.82896020211082
1729,CA-2019-106894,2019-07-02,2019-07-02,Same Day,CA-12265,Christina Anderson,Consumer,United States,Springfield,Virginia,South,TEC-AC-10003063,Technology,Accessories,Micro Innovations USB RF Wireless Keyboard with Mouse,100.0,4,21.0,No,COD,2019.0,3.0,7.0,July,2.0,Tuesday,0.0,25.0,5.25,21.0,6,2215.4872,144.27179999999998,5,507.0,74.0,16,14.595660749506903,252121.081,26551.7163,32721.25,9657.4876,26563.202,1508.6366,753002.1291,81338.5875,470587.991,90458.2486,122301.086,25336.6455,163,1717,0,0,9.93148164430983e-05,99.99006851835568
6596,CA-2020-157112,,,First Class,GG-14650,Greg Guthrie,Corporate,United States,Columbus,Ohio,East,OFF-BI-10000285,Office Supplies,Binders,XtraLife ClearVue Slant-D Ring Binders by Cardinal,107.76,5,-7.84,No,Cards,,,,,,,,21.552,-1.568,-7.275426874536005,7,1793.27,5.870600000000004,4,154.8,7.84,13,5.064599483204134,450234.666,53400.4243,68194.86,-9339.4223,36398.885,4818.0624,509743.1262,57805.7991,643707.687,74797.2461,174978.38999999998,17885.3759,499,985,0,0,0.0022608686780797595,99.77391313219202
9443,CA-2020-165904,2020-07-04,2020-11-04,Standard Class,HR-14770,Hallie Redmond,Home Office,United States,Jacksonville,Florida,South,OFF-AR-10003156,Office Supplies,Art,50 Colored Long Pencils,90.256,2,1.2192,No,COD,2020.0,3.0,7.0,July,4.0,Saturday,123.0,45.128,0.6096,1.350824321928736,3,1833.948,135.8576,2,120.736,9.144,5,7.573548900079512,252121.081,26551.7163,49914.999,-227.7464999999999,15390.086,-578.7137,303059.0679,36117.7193,643707.687,74797.2461,50762.976,3635.9257,1773,1717,0,0,0.0011917332914527904,99.88082667085472
6746,CA-2020-111269,,,Second Class,CS-12355,Christine Sundaresam,Consumer,United States,Dublin,Ohio,East,OFF-AR-10001427,Office Supplies,Art,Newell 330,113.92,5,1.794,No,Cards,,,,,,,,22.784,0.3588,1.5747893258426966,7,2915.142,466.8056,2,206.9,3.3488,6,1.618559690671822,450234.666,53400.4243,68194.86,-9339.4223,2385.236,16.057499999999994,753002.1291,81338.5875,643707.687,74797.2461,50762.976,3635.9257,568,985,0,0,0.0019267345290177188,99.80732654709823
9539,US-2020-169488,2020-07-09,2020-09-09,First Class,AA-10375,Allen Armold,Consumer,United States,Providence,Rhode Island,East,OFF-PA-10002659,Office Supplies,Paper,Avoid Verbal Orders Carbonless Minifold Book,118.9,5,7.774,No,COD,2020.0,3.0,7.0,July,9.0,Thursday,62.0,23.78,1.5548,6.538267451640032,4,2015.02,191.6403,2,230.716,11.2892,9,4.893115345272977,450234.666,53400.4243,13602.71,5627.4571,10165.32,4353.5854,753002.1291,81338.5875,643707.687,74797.2461,99453.612,21112.3779,499,1717,0,0,0.0023348690911103374,99.76651309088896
653,CA-2020-140844,,,Standard Class,AR-10405,Allen Rosenblatt,Corporate,United States,New York City,New York,East,OFF-PA-10003892,Office Supplies,Paper,Xerox 1943,109.82,2,45.9754,No,Online,,,,,,,,54.91,22.9877,41.86432343835367,3,1851.644,-221.583,3,608.702,259.7121,13,42.66654290605256,450234.666,53400.4243,186748.097,41012.0212,154919.699,34760.2974,509743.1262,57805.7991,643707.687,74797.2461,99453.612,21112.3779,1773,1562,0,0,0.0019025014510728553,99.80974985489271
2398,CA-2020-169264,,,Second Class,NP-18700,Nora Preis,Consumer,United States,San Francisco,California,West,OFF-LA-10001613,Office Supplies,Labels,Avery File Folder Labels,116.76,2,2.8224,No,Online,,,,,,,,58.38,1.4112,2.41726618705036,4,2977.256,344.871,7,617.456,32.8608,29,5.321966261563577,522441.052,67859.9582,335190.256,49372.175,80891.422,10475.5284,753002.1291,81338.5875,643707.687,74797.2461,19397.456,2937.2212,568,1562,0,0,0.006358313860338965,99.36416861396611
9288,CA-2020-154011,,,Standard Class,DB-13270,Deborah Brumfield,Home Office,United States,Dallas,Texas,Central,FUR-TA-10000688,Furniture,Tables,"Chromcraft Bull-Nose Wood Round Conference Table Top, Wood Base",471.485,3,-84.9615,No,COD,,,,,,,,157.16166666666666,-28.3205,-18.019979426704985,5,2769.889,795.0059,3,1544.81,-8.713999999999999,8,-0.5640823143299175,341007.5242,27450.0071,116261.9302,-14078.1598,20019.1136,-1983.7422,303059.0679,36117.7193,451508.6452,10006.6112,119293.743,-11091.6365,1773,1717,0,0,0.0029066753130914925,99.70933246869085
5830,CA-2019-122063,2019-03-12,2019-07-12,Standard Class,MM-17920,Michael Moore,Consumer,United States,Richmond,Indiana,Central,FUR-TA-10004575,Furniture,Tables,Hon 5100 Series Wood Tables,581.96,2,104.7528,No,Cards,2019.0,1.0,3.0,March,12.0,Tuesday,122.0,290.98,52.3764,17.999999999999996,7,3748.946,399.9894000000001,5,4828.974,-29.09799999999996,20,-0.6025710637497729,341007.5242,27450.0071,32039.23,15524.6596,15487.14,4080.2061,753002.1291,81338.5875,451508.6452,10006.6112,119293.743,-11091.6365,1773,985,0,0,0.0004271947559239469,99.95728052440761
1832,CA-2020-145884,,,Same Day,SL-20155,Sara Luxemburg,Home Office,United States,Muskogee,Oklahoma,Central,FUR-TA-10002356,Furniture,Tables,Bevis Boat-Shaped Conference Table,307.11,1,62.9064,No,COD,,,,,,,,307.11,62.9064,20.483344729901336,3,1862.734,440.952,4,1613.238,-272.5944,9,-16.89734558694997,341007.5242,27450.0071,17653.7,3431.8469,4039.7,442.5966,303059.0679,36117.7193,451508.6452,10006.6112,119293.743,-11091.6365,163,1717,0,0,0.0027473177804137098,99.72526822195863
2988,CA-2019-139269,,,Standard Class,JB-16045,Julia Barnett,Home Office,United States,Columbus,Georgia,South,OFF-ST-10000689,Office Supplies,Storage,"Fellowes Strictly Business Drawer File, Letter/Legal Size",1267.65,9,152.118,No,COD,,,,,,,,140.85000000000002,16.902,11.999999999999998,4,2281.235,94.9777,5,3211.38,236.628,24,7.368421052631578,252121.081,26551.7163,37260.69,9994.4165,36398.885,4818.0624,303059.0679,36117.7193,643707.687,74797.2461,150341.318,13607.0875,1773,1717,0,0,0.0012657535677922662,99.87342464322077
935,CA-2019-140081,,,Standard Class,CG-12040,Catherine Glotzbach,Home Office,United States,Philadelphia,Pennsylvania,East,OFF-BI-10004826,Office Supplies,Binders,JM Magazine Binder,29.718,6,-21.7932,No,COD,,,,,,,,4.953,-3.6322,-73.33333333333333,5,1089.708,80.7482,5,278.704,34.3408,16,12.321602847465412,450234.666,53400.4243,82354.95,-9297.7975,77305.44,-8065.9684,303059.0679,36117.7193,643707.687,74797.2461,174978.38999999998,17885.3759,1773,1717,0,0,0.0016299862661252923,99.83700137338747
6828,CA-2019-118689,2019-02-10,2019-09-10,Standard Class,TC-20980,Tamara Chand,Corporate,United States,Lafayette,Indiana,Central,OFF-BI-10004600,Office Supplies,Binders,Ibico Ibimaster 300 Manual Binding System,735.98,2,331.191,No,Cards,2019.0,1.0,2.0,February,10.0,Sunday,212.0,367.99,165.5955,44.99999999999999,2,1344.052,8764.9483,5,4637.684,1637.5555,13,35.30976884151658,341007.5242,27450.0071,32039.23,15524.6596,10016.85,9772.8078,509743.1262,57805.7991,643707.687,74797.2461,174978.38999999998,17885.3759,1773,985,0,0,0.0033199854994183206,99.66800145005817
1551,US-2020-124926,,,Second Class,ME-17320,Maria Etezadi,Home Office,United States,Houston,Texas,Central,OFF-AP-10004868,Office Supplies,Appliances,Hoover Commercial Soft Guard Upright Vacuum And Disposable Filtration Bags,113.324,6,-24.7086,No,Cards,,,,,,,,18.88733333333333,-4.1181,-21.80350146482652,8,6665.056,525.5449,2,215.094,-22.6107,7,-10.512008703171638,341007.5242,27450.0071,116261.9302,-14078.1598,45159.5078,-7197.716,303059.0679,36117.7193,643707.687,74797.2461,80305.247,13166.6098,568,985,0,0,0.0018601932618069778,99.8139806738193
8448,CA-2020-125451,,,First Class,AH-10075,Adam Hart,Corporate,United States,Cranston,Rhode Island,East,FUR-FU-10000277,Furniture,Furnishings,Deflect-o DuraMat Antistatic Studded Beveled Mat for Medium Pile Carpeting,231.68,2,50.5632,No,Online,,,,,,,,115.84,25.2816,21.82458563535912,8,3900.109,278.4494,3,1158.672,176.9712,12,15.273623596669292,450234.666,53400.4243,13602.71,5627.4571,2395.41,165.41330000000002,509743.1262,57805.7991,451508.6452,10006.6112,92691.218,8034.4328,499,1562,0,0,0.0022250723682686307,99.77749276317314
2033,CA-2019-128923,2019-09-12,,Standard Class,GB-14530,George Bell,Corporate,United States,Fort Worth,Texas,Central,OFF-PA-10002250,Office Supplies,Paper,Things To Do Today Pad,9.392,2,3.2872,No,COD,2019.0,3.0,9.0,September,12.0,Thursday,,4.696,1.6436,35.0,6,1151.644,-33.2521,5,301.052,50.9516,21,16.924518023464383,341007.5242,27450.0071,116261.9302,-14078.1598,2609.5124,-309.3716,509743.1262,57805.7991,643707.687,74797.2461,99453.612,21112.3779,1773,1717,0,0,0.0002828407076864054,99.97171592923137
201,CA-2020-105074,,,Standard Class,MB-17305,Maria Bertelson,Consumer,United States,Akron,Ohio,East,OFF-PA-10002666,Office Supplies,Paper,Southworth 25% Cotton Linen-Finish Paper & Envelopes,103.744,3,6.795,No,Cards,,,,,,,,34.58133333333333,2.265,6.5497763726095,5,1450.1419999999998,148.5929,4,363.704,67.044,20,18.43367133713129,450234.666,53400.4243,68194.86,-9339.4223,2754.528,-98.7128,753002.1291,81338.5875,643707.687,74797.2461,99453.612,21112.3779,1773,985,0,0,0.001462248433711123,99.85377515662888
101,CA-2019-158568,,2019-02-09,Standard Class,RB-19465,Rick Bensley,Home Office,United States,Chicago,Illinois,Central,TEC-AC-10001767,Technology,Accessories,SanDisk Ultra 64 GB MicroSDHC Class 10 Memory Card,95.976,3,-10.7973,No,COD,,,,,,,,31.992,-3.5991,-11.25,10,4554.328,303.5886,4,637.852,22.3944,16,3.5109084866081783,341007.5242,27450.0071,64224.33,-9554.6539,39993.161,-6497.3566,303059.0679,36117.7193,470587.991,90458.2486,122301.086,25336.6455,1773,1717,0,0,0.0009887665126332658,99.90112334873668
5634,CA-2019-101742,,,Second Class,CR-12580,Clay Rozendal,Home Office,United States,New York City,New York,East,OFF-BI-10004187,Office Supplies,Binders,3-ring staple pack,10.528,7,3.6848,No,Cards,,,,,,,,1.504,0.5264,35.0,4,2212.852,74.40129999999999,2,142.552,6.8432,13,4.800493854874011,450234.666,53400.4243,186748.097,41012.0212,154919.699,34760.2974,303059.0679,36117.7193,643707.687,74797.2461,174978.38999999998,17885.3759,568,985,0,0,0.002545816813832837,99.74541831861671
8879,CA-2020-126928,,,Standard Class,GZ-14470,Gary Zandusky,Consumer,United States,Morristown,New Jersey,East,OFF-ST-10000615,Office Supplies,Storage,"SimpliFile Personal File, Black Granite, 15w x 6-15/16d x 11-1/4h",121.05,3,9.534,No,Online,,,,,,,,40.35,3.1780000000000004,7.876084262701363,5,3323.46,911.0123,7,807.86,63.56,25,7.867699848983735,450234.666,53400.4243,32086.942,7213.0952,2583.04,1098.7085000000002,753002.1291,81338.5875,643707.687,74797.2461,150341.318,13607.0875,1773,1562,0,0,0.002573129625789886,99.742687037421
4820,CA-2020-117436,2020-08-06,,Standard Class,LW-17125,Liz Willingham,Consumer,United States,Norwich,Connecticut,East,OFF-BI-10004040,Office Supplies,Binders,Wilson Jones Impact Binders,96.36,2,5.0764,No,COD,2020.0,3.0,8.0,August,6.0,Thursday,,48.18,2.5382,5.26816106268161,2,1217.09,170.8797,6,656.016,2.5382000000000016,21,0.3869112948464674,450234.666,53400.4243,15034.697,2339.0135,107.7,10.633,753002.1291,81338.5875,643707.687,74797.2461,174978.38999999998,17885.3759,1773,1717,0,0,0.0016050468446768163,99.83949531553232
6250,CA-2020-121580,,2020-04-06,Standard Class,ML-17410,Maris LaWare,Consumer,United States,Columbus,Indiana,Central,OFF-AP-10001564,Office Supplies,Appliances,Hoover Commercial Lightweight Upright Vacuum with E-Z Empty Dirt Cup,480.16,2,120.9416,No,Cards,,,,,,,,240.08,60.4708,25.18777074308564,5,2868.77,-330.4199,3,1080.352,-9.303200000000004,6,-0.8611267438760704,341007.5242,27450.0071,32039.23,15524.6596,36398.885,4818.0624,753002.1291,81338.5875,643707.687,74797.2461,80305.247,13166.6098,1773,985,0,0,0.0019369644446106745,99.80630355553893
9589,CA-2020-110940,,,Standard Class,AZ-10750,Annie Zypern,Consumer,United States,Wheeling,Illinois,Central,OFF-AR-10000380,Office Supplies,Art,"Hunt PowerHouse Electric Pencil Sharpener, Blue",168.536,4,15.192,No,Online,,,,,,,,42.134,3.798,9.014097878198127,2,1087.502,47.7535,5,783.7,144.324,16,18.41572030113564,341007.5242,27450.0071,64224.33,-9554.6539,2181.9660000000003,-107.39620000000004,753002.1291,81338.5875,643707.687,74797.2461,50762.976,3635.9257,1773,1562,0,0,0.002555839759950051,99.744416024005
1329,CA-2020-106033,,,Second Class,FG-14260,Frank Gastineau,Home Office,United States,San Francisco,California,West,OFF-AR-10002818,Office Supplies,Art,Panasonic KP-310 Heavy-Duty Electric Pencil Sharpener,114.92,4,26.376,No,COD,,,,,,,,28.73,6.594,22.951618517229377,5,1012.024,80.43130000000001,2,234.82,59.346,9,25.2729750447151,522441.052,67859.9582,335190.256,49372.175,80891.422,10475.5284,303059.0679,36117.7193,643707.687,74797.2461,50762.976,3635.9257,568,1717,0,0,0.003941516906631437,99.60584830933685
2269,CA-2020-105480,,,Standard Class,DK-13225,Dean Katz,Corporate,United States,Rochester,New York,East,OFF-PA-10002787,Office Supplies,Paper,Xerox 227,280.48,1,3.1104,No,Cards,,,,,,,,280.48,3.1104,1.1089560752994865,6,7581.798,543.9058,6,653.792,39.1392,18,5.986491116440703,450234.666,53400.4243,186748.097,41012.0212,9771.5,729.8267,509743.1262,57805.7991,643707.687,74797.2461,99453.612,21112.3779,1773,985,0,0,0.002853494842897719,99.71465051571022
5151,CA-2020-125101,2020-06-03,2020-10-03,Second Class,SH-19975,Sally Hughsby,Corporate,United States,San Francisco,California,West,OFF-ST-10000675,Office Supplies,Storage,"File Shuttle II and Handi-File, Black",165.78,2,16.945,No,Cards,2020.0,2.0,6.0,June,3.0,Wednesday,122.0,82.89,8.4725,10.221377729521052,11,3381.4915,447.9062,5,1026.248,176.228,24,17.17206757041183,522441.052,67859.9582,335190.256,49372.175,80891.422,10475.5284,509743.1262,57805.7991,643707.687,74797.2461,150341.318,13607.0875,568,985,0,0,0.002731023765477855,99.72689762345222
1209,CA-2019-137050,,,Second Class,SW-20755,Steven Ward,Corporate,United States,New York City,New York,East,OFF-FA-10002988,Office Supplies,Fasteners,Ideal Clamps,14.07,7,6.8943,No,Online,,,,,,,,2.01,0.9849,49.0,1,663.9639999999999,48.5239,6,669.6320000000001,19.9794,26,2.9836387747300006,450234.666,53400.4243,186748.097,41012.0212,154919.699,34760.2974,509743.1262,57805.7991,643707.687,74797.2461,15205.238,598.4175,568,1562,0,0,0.0030202569322479783,99.69797430677521
963,CA-2019-120859,2019-01-09,2019-04-09,First Class,CV-12805,Cynthia Voltz,Corporate,United States,San Francisco,California,West,OFF-EN-10001335,Office Supplies,Envelopes,"White Business Envelopes with Contemporary Seam, Recycled White Business Envelopes",21.88,2,10.94,No,Online,2019.0,1.0,1.0,January,9.0,Wednesday,90.0,10.94,5.47,50.0,9,3511.3136,98.9975,3,227.468,62.358,13,27.41396592048112,522441.052,67859.9582,335190.256,49372.175,80891.422,10475.5284,509743.1262,57805.7991,643707.687,74797.2461,16542.464,3508.5073,499,1562,0,0,0.0007051745018157347,99.92948254981843
8280,CA-2020-146192,,,Standard Class,BD-11725,Bruce Degenhardt,Consumer,United States,Columbus,Georgia,South,OFF-ST-10003716,Office Supplies,Storage,Tennsco Double-Tier Lockers,689.06,3,87.7578,No,Online,,,,,,,,229.68666666666664,29.2526,12.7358720575857,5,2518.59,184.4948,8,7287.64,544.5484,34,7.472218715523818,252121.081,26551.7163,37260.69,9994.4165,36398.885,4818.0624,753002.1291,81338.5875,643707.687,74797.2461,150341.318,13607.0875,1773,1562,0,0,0.0015482219029058861,99.84517780970941
2144,CA-2019-155481,2019-01-09,2019-05-09,Standard Class,DK-13225,Dean Katz,Corporate,United States,Philadelphia,Pennsylvania,East,TEC-PH-10002293,Technology,Phones,Anker 36W 4-Port USB Wall Charger Travel Power Adapter for iPhone 5s 5c 5,23.988,2,-4.7976,No,Cards,2019.0,1.0,1.0,January,9.0,Wednesday,120.0,11.994,-2.3988,-20.0,6,7581.798,543.9058,5,517.854,18.3908,19,3.551348449563004,450234.666,53400.4243,82354.95,-9297.7975,77305.44,-8065.9684,509743.1262,57805.7991,470587.991,90458.2486,196563.546,22308.9179,1773,985,0,0,0.0002961197125241281,99.97038802874759
527,CA-2020-113558,,,Standard Class,PH-18790,Patricia Hirasaki,Home Office,United States,Lakeland,Florida,South,FUR-CH-10003379,Furniture,Chairs,Global Commerce Series High-Back Swivel/Tilt Chairs,717.952,3,42.747,No,COD,,,,,,,,239.31733333333327,14.249,5.954019210197896,1,885.648,47.8878,4,3874.234,584.2090000000001,15,15.079342135761548,252121.081,26551.7163,49914.999,-227.7464999999999,1447.9405,-207.6997,303059.0679,36117.7193,451508.6452,10006.6112,181945.998,13406.7032,1773,1717,0,0,0.0016131443075839166,99.8386855692416
3527,CA-2020-148922,2020-10-12,,Second Class,SU-20665,Stephanie Ulpright,Home Office,United States,Jackson,Mississippi,South,TEC-PH-10000148,Technology,Phones,Cyber Acoustics AC-202b Speech Recognition Stereo Headset,161.97,3,0.7794,No,Online,2020.0,4.0,10.0,October,12.0,Monday,,53.99,0.2598,0.4812002222633821,6,2949.564,687.0718999999999,5,320.508,-20.5242,11,-6.403646710846532,252121.081,26551.7163,8924.02,2504.2418,22696.316,6388.0094,303059.0679,36117.7193,470587.991,90458.2486,196563.546,22308.9179,568,1562,0,0,0.0016116954472684478,99.83883045527315
9234,CA-2019-126732,2019-02-09,2019-06-09,Standard Class,LR-16915,Lena Radford,Consumer,United States,Los Angeles,California,West,OFF-ST-10000321,Office Supplies,Storage,Akro Stacking Bins,23.67,3,0.9468,No,Online,2019.0,1.0,2.0,February,9.0,Saturday,120.0,7.890000000000001,0.3156,4.0,4,2668.932,-99.8899,4,186.12,-5.0496,9,-2.7130883301096067,522441.052,67859.9582,335190.256,49372.175,120017.4405,19174.9301,753002.1291,81338.5875,643707.687,74797.2461,150341.318,13607.0875,1773,1562,0,0,0.0010722387816595234,99.89277612183405
5992,US-2020-163300,,,Standard Class,ES-14020,Erica Smith,Consumer,United States,Los Angeles,California,West,TEC-PH-10001700,Technology,Phones,Panasonic KX-TG6844B Expandable Digital Cordless Telephone,416.544,7,32.3351,No,Online,,,,,,,,59.50628571428571,4.6193,7.762709341630175,3,3514.322,944.0231,5,1135.86,56.7514,18,4.996337576814044,522441.052,67859.9582,335190.256,49372.175,120017.4405,19174.9301,753002.1291,81338.5875,470587.991,90458.2486,196563.546,22308.9179,1773,1562,0,0,0.00748870150191872,99.25112984980812
4628,CA-2019-101336,,,Standard Class,CK-12760,Cyma Kinney,Corporate,United States,New York City,New York,East,OFF-ST-10000876,Office Supplies,Storage,Eldon Simplefile Box Office,24.88,2,6.9664,No,Online,,,,,,,,12.44,3.4832,28.000000000000004,5,1324.477,-419.5232,5,368.48,41.3008,19,11.208423795049937,450234.666,53400.4243,186748.097,41012.0212,154919.699,34760.2974,509743.1262,57805.7991,643707.687,74797.2461,150341.318,13607.0875,1773,1562,0,0,0.0018774303495096847,99.81225696504903
4033,CA-2019-169957,,,Standard Class,SN-20710,Steve Nguyen,Home Office,United States,Covington,Washington,West,OFF-PA-10004040,Office Supplies,Paper,Universal Premium White Copier/Laser Paper (20Lb. and 87 Bright),29.9,5,14.651,No,Online,,,,,,,,5.98,2.9302,49.0,4,1580.496,357.593,4,86.112,40.365,15,46.87500000000001,522441.052,67859.9582,92975.18,21466.6555,366.78,101.9774,303059.0679,36117.7193,643707.687,74797.2461,99453.612,21112.3779,1773,1562,0,0,0.00308878519936837,99.69112148006316
1878,CA-2020-118885,,2021-02-01,Standard Class,JG-15160,James Galang,Consumer,United States,Los Angeles,California,West,FUR-CH-10002880,Furniture,Chairs,"Global High-Back Leather Tilter, Burgundy",119.568,4,-44.2764,No,COD,,,,,,,,29.892,-11.0691,-37.0303091128061,7,2178.34,300.2063,8,2529.78,-249.6697,27,-9.869225782479107,522441.052,67859.9582,335190.256,49372.175,120017.4405,19174.9301,753002.1291,81338.5875,451508.6452,10006.6112,181945.998,13406.7032,1773,1717,0,0,0.005820225585666831,99.41797744143331
2188,CA-2020-143063,2020-10-08,,Standard Class,IL-15100,Ivan Liston,Consumer,United States,Columbus,Indiana,Central,OFF-EN-10003134,Office Supplies,Envelopes,Staple envelope,169.08,6,35.04,No,Cards,2020.0,4.0,10.0,October,8.0,Thursday,,28.180000000000003,5.84,20.72391767210788,3,1964.294,458.2382,6,495.552,86.43199999999999,18,17.441560118816994,341007.5242,27450.0071,32039.23,15524.6596,36398.885,4818.0624,753002.1291,81338.5875,643707.687,74797.2461,16542.464,3508.5073,1773,985,0,0,0.0014974111192206387,99.85025888807793
4152,CA-2020-100160,2020-07-09,2020-11-09,Standard Class,CB-12025,Cassandra Brandow,Consumer,United States,Philadelphia,Pennsylvania,East,OFF-LA-10002475,Office Supplies,Labels,Avery 519,126.24,5,9.8685,No,COD,2020.0,3.0,7.0,July,9.0,Thursday,123.0,25.248,1.9737,7.817252851711026,6,2153.05,-78.50519999999997,5,386.106,37.8658,14,9.807099604771746,450234.666,53400.4243,82354.95,-9297.7975,77305.44,-8065.9684,753002.1291,81338.5875,643707.687,74797.2461,19397.456,2937.2212,1773,1717,0,0,0.0014881753054620138,99.8511824694538
5026,US-2020-130953,,2020-03-08,Standard Class,RF-19735,Roland Fjeld,Consumer,United States,Oklahoma City,Oklahoma,Central,TEC-PH-10003012,Technology,Phones,Nortel Meridian M3904 Professional Digital phone,491.97,3,133.9713,No,Online,,,,,,,,163.99,44.65710000000001,27.231599487773643,4,2169.496,501.8757,5,2580.638,417.3129,19,16.170919749302307,341007.5242,27450.0071,17653.7,3431.8469,4453.400000000001,1007.0581,753002.1291,81338.5875,470587.991,90458.2486,196563.546,22308.9179,1773,1562,0,0,0.0018127097995941672,99.81872902004059
5043,CA-2019-158694,2019-10-11,,Second Class,AI-10855,Arianne Irving,Consumer,United States,Los Angeles,California,West,OFF-AP-10000055,Office Supplies,Appliances,Belkin F9S820V06 8 Outlet Surge,129.92,4,38.976,No,Cards,2019.0,4.0,10.0,October,11.0,Friday,,32.48,9.744,30.000000000000004,5,2841.768,562.4548,4,480.336,-120.176,17,-25.019153259385096,522441.052,67859.9582,335190.256,49372.175,120017.4405,19174.9301,753002.1291,81338.5875,643707.687,74797.2461,80305.247,13166.6098,568,985,0,0,0.0009460377927304231,99.90539622072696
722,CA-2019-142335,,,Standard Class,MP-17965,Michael Paige,Corporate,United States,Detroit,Michigan,Central,FUR-TA-10000198,Furniture,Tables,Chromcraft Bull-Nose Wood Oval Conference Tables & Bases,1652.94,3,231.4116,No,Online,,,,,,,,550.98,77.13719999999999,13.999999999999998,5,2562.442,382.3979,3,5322.408,-870.5484,13,-16.3562883566987,341007.5242,27450.0071,48504.684,17480.280600000002,26631.206,10803.1896,509743.1262,57805.7991,451508.6452,10006.6112,119293.743,-11091.6365,1773,1562,0,0,0.0018919018759953664,99.81080981240046
5585,CA-2020-105333,,2020-04-12,Standard Class,VP-21730,Victor Preis,Home Office,United States,New York City,New York,East,OFF-ST-10002182,Office Supplies,Storage,"Iris 3-Drawer Stacking Bin, Black",100.56,4,1.6712,No,Online,,,,,,,,25.14,0.4178,1.6618933969769292,2,1099.902,196.4588,2,213.696,-9.6094,7,-4.496761755016472,450234.666,53400.4243,186748.097,41012.0212,154919.699,34760.2974,303059.0679,36117.7193,643707.687,74797.2461,150341.318,13607.0875,1773,1562,0,0,0.0031170374232518277,99.6882962576748
9129,US-2020-147655,2020-04-09,2020-05-09,First Class,AS-10045,Aaron Smayling,Corporate,United States,Redmond,Oregon,West,OFF-BI-10002931,Office Supplies,Binders,"Avery Trapezoid Extra Heavy Duty 4"" Binders",103.074,7,-58.716,No,Online,2020.0,2.0,4.0,April,9.0,Thursday,30.0,14.724857142857145,-8.388,-56.96489900459864,6,3368.9120000000003,-285.80679999999995,1,103.074,-58.716,7,-56.96489900459864,522441.052,67859.9582,10530.43,-942.9719,597.473,-175.60320000000002,509743.1262,57805.7991,643707.687,74797.2461,174978.38999999998,17885.3759,499,1562,0,0,0.00324263443993337,99.67573655600667
5805,CA-2020-113873,,,Standard Class,KE-16420,Katrina Edelman,Corporate,United States,Dallas,Texas,Central,OFF-ST-10000943,Office Supplies,Storage,Eldon ProFile File 'N Store Portable File Tub Letter/Legal Size Black,101.792,4,6.1792,No,Cards,,,,,,,,25.448,1.5448,6.07041810751336,3,498.2132,0.6133000000000011,2,222.412,16.9928,6,7.640235239105802,341007.5242,27450.0071,116261.9302,-14078.1598,20019.1136,-1983.7422,509743.1262,57805.7991,643707.687,74797.2461,150341.318,13607.0875,1773,985,0,0,0.002005258232676031,99.79947417673239
5745,US-2020-147886,,,First Class,DH-13075,Dave Hallsten,Corporate,United States,Fairfield,California,West,OFF-ST-10002743,Office Supplies,Storage,SAFCO Boltless Steel Shelving,830.48,7,7.9548,Yes,Cards,,,,,,,,118.64,1.1364,0.9578556979096424,2,2056.672,87.38159999999999,6,3526.656,-257.9628,33,-7.314657284407666,522441.052,67859.9582,335190.256,49372.175,11466.078,907.3211,509743.1262,57805.7991,643707.687,74797.2461,150341.318,13607.0875,499,985,1,1,0.9986097375028972,99.86097375028972
4104,CA-2020-137456,,,Same Day,RB-19465,Rick Bensley,Home Office,United States,Fremont,Nebraska,Central,FUR-FU-10001940,Furniture,Furnishings,Staple-based wall hangings,348.92,2,7.0048,No,COD,,,,,,,,174.46,3.5024,2.007566204287516,10,4554.328,303.5886,7,1064.16,51.2624,26,4.817170350323259,341007.5242,27450.0071,6108.77,1775.4605,1966.01,179.4696,303059.0679,36117.7193,451508.6452,10006.6112,92691.218,8034.4328,163,1717,0,0,0.0015629385741899155,99.84370614258101
1272,US-2019-103646,,,Standard Class,SP-20545,Sibella Parks,Corporate,United States,Chicago,Illinois,Central,OFF-AP-10004487,Office Supplies,Appliances,Kensington 4 Outlet MasterPiece Compact Power Control Center,48.792,3,-126.8592,No,Online,,,,,,,,16.264,-42.2864,-260.0,5,1415.334,-121.58580000000002,5,1645.064,182.1568,18,11.072930901168586,341007.5242,27450.0071,64224.33,-9554.6539,39993.161,-6497.3566,509743.1262,57805.7991,643707.687,74797.2461,80305.247,13166.6098,1773,1562,0,0,0.0024348055390668467,99.75651944609332
5545,CA-2019-134936,,,Standard Class,ES-14080,Erin Smith,Corporate,United States,Tucson,Arizona,West,OFF-BI-10002103,Office Supplies,Binders,"Cardinal Slant-D Ring Binder, Heavy Gauge Vinyl",5.214,2,-4.1712,No,COD,,,,,,,,2.607,-2.0856,-80.0,7,3687.88,140.06710000000004,6,678.3499999999999,36.498,20,5.380408343775338,522441.052,67859.9582,22914.556,-2761.11,2897.88,-413.366,509743.1262,57805.7991,643707.687,74797.2461,174978.38999999998,17885.3759,1773,1717,0,0,0.003561235587514904,99.64387644124851
6754,CA-2019-154767,,,Second Class,BP-11155,Becky Pak,Consumer,United States,Paterson,New Jersey,East,OFF-BI-10002003,Office Supplies,Binders,Ibico Presentation Index for Binding Systems,7.96,2,3.7412,No,Cards,,,,,,,,3.98,1.8706,47.0,5,869.9110000000001,215.4027,6,752.67,12.935,25,1.7185486335312952,450234.666,53400.4243,32086.942,7213.0952,2577.46,422.1806,753002.1291,81338.5875,643707.687,74797.2461,174978.38999999998,17885.3759,568,985,0,0,0.0021506086663270283,99.7849391333673
9952,CA-2020-121559,2020-01-06,2020-03-06,Second Class,HW-14935,Helen Wasserman,Corporate,United States,Indianapolis,Indiana,Central,OFF-BI-10002072,Office Supplies,Binders,Cardinal Slant-D Ring Binders,149.38,2,8.69,No,COD,2020.0,1.0,1.0,January,6.0,Monday,60.0,74.69,4.345,5.817378497790869,7,10074.934,2146.9635,4,438.494,53.009,13,12.088876928760712,341007.5242,27450.0071,32039.23,15524.6596,8176.94,1678.3742,509743.1262,57805.7991,643707.687,74797.2461,174978.38999999998,17885.3759,568,1717,0,0,0.002768127567218477,99.72318724327816
8149,US-2019-131058,,,Standard Class,EM-14140,Eugene Moren,Home Office,United States,Santa Ana,California,West,OFF-LA-10001613,Office Supplies,Labels,Avery File Folder Labels,20.16,7,9.8784,No,COD,,,,,,,,2.88,1.4111999999999998,48.99999999999999,4,4163.8,1045.7404,7,617.456,32.8608,29,5.321966261563577,522441.052,67859.9582,335190.256,49372.175,3702.01,820.9825000000001,303059.0679,36117.7193,643707.687,74797.2461,19397.456,2937.2212,1773,1717,0,0,0.008664871594380195,99.13351284056198
3674,CA-2019-104969,2019-08-04,,Standard Class,EH-14125,Eugene Hildebrand,Home Office,United States,Troy,Ohio,East,OFF-BI-10004224,Office Supplies,Binders,Catalog Binders with Expanding Posts,121.104,6,-100.92,No,COD,2019.0,3.0,8.0,August,4.0,Sunday,,20.184,-16.82,-83.33333333333334,7,2353.639,194.0373,4,483.4,-255.664,16,-52.88870500620605,450234.666,53400.4243,68194.86,-9339.4223,3005.949,-32.52420000000001,303059.0679,36117.7193,643707.687,74797.2461,174978.38999999998,17885.3759,1773,1717,0,0,0.00032485028677362894,99.96751497132263
7936,CA-2020-166093,,,Standard Class,RW-19540,Rick Wilson,Corporate,United States,Brentwood,California,West,OFF-PA-10003893,Office Supplies,Paper,Xerox 1962,119.56,2,3.852,Yes,COD,,,,,,,,59.78,1.926,3.2218133154901305,4,7035.446,1660.8355,5,335.328,28.248,20,8.4239908388205,522441.052,67859.9582,335190.256,49372.175,5061.926,985.386,509743.1262,57805.7991,643707.687,74797.2461,99453.612,21112.3779,1773,1717,1,1,0.9988126315755385,99.88126315755385
1846,US-2020-158512,2020-12-01,,Second Class,DA-13450,Dianna Arnett,Home Office,United States,Washington,District of Columbia,East,OFF-PA-10001804,Office Supplies,Paper,Xerox 195,138.08,6,19.2384,No,Cards,2020.0,4.0,12.0,December,1.0,Tuesday,,23.01333333333333,3.2064,13.932792584009269,1,302.76,35.064,3,270.464,30.728,10,11.361216280170373,450234.666,53400.4243,419.83,85.2758,419.83,85.2758,303059.0679,36117.7193,643707.687,74797.2461,99453.612,21112.3779,568,985,0,0,0.0010820623018326413,99.89179376981674
9254,CA-2020-102309,,,Second Class,DO-13645,Doug O'Connell,Consumer,United States,Pine Bluff,Arkansas,South,OFF-PA-10002005,Office Supplies,Paper,Xerox 225,115.96,2,6.2208,No,Online,,,,,,,,57.98,3.1104,5.364608485684719,6,1836.676,267.2436,6,816.192,58.0608,22,7.113620324629499,252121.081,26551.7163,9652.83,1873.9949,354.91,70.2048,753002.1291,81338.5875,643707.687,74797.2461,99453.612,21112.3779,568,1562,0,0,0.0018441071069636324,99.81558928930365
3254,CA-2020-110373,,,Second Class,MA-17560,Matt Abelman,Home Office,United States,Chicago,Illinois,Central,TEC-PH-10001536,Technology,Phones,Spigen Samsung Galaxy S5 Case Wallet,107.184,2,2.0388,No,Cards,,,,,,,,53.592,1.0194,1.902149574563368,5,617.876,58.5089,3,360.502,28.2034,11,7.823368525001249,341007.5242,27450.0071,64224.33,-9554.6539,39993.161,-6497.3566,303059.0679,36117.7193,470587.991,90458.2486,196563.546,22308.9179,568,985,0,0,0.0012767188900468375,99.87232811099531
8158,CA-2019-103464,,,Standard Class,PG-18820,Patrick Gardner,Consumer,United States,San Diego,California,West,TEC-AC-10002842,Technology,Accessories,WD My Passport Ultra 2TB Portable External Hard Drive,595.0,5,95.2,No,Online,,,,,,,,119.0,19.04,16.0,9,3053.227,647.6868,6,3548.4,404.6,30,11.402322173373914,522441.052,67859.9582,335190.256,49372.175,29269.55,3002.3181,753002.1291,81338.5875,470587.991,90458.2486,122301.086,25336.6455,1773,1562,0,0,0.005281599923886963,99.4718400076113
4515,CA-2019-120873,,2019-01-11,Second Class,BW-11200,Ben Wallace,Consumer,United States,Hampton,Virginia,South,FUR-CH-10000847,Furniture,Chairs,Global Executive Mid-Back Manager's Chair,290.98,1,75.6548,No,COD,,,,,,,,290.98,75.6548,26.0,4,1059.078,159.5453,5,4088.524,785.646,15,19.21588328697593,252121.081,26551.7163,32721.25,9657.4876,290.98,75.6548,753002.1291,81338.5875,451508.6452,10006.6112,181945.998,13406.7032,568,1717,0,0,0.001988116634758265,99.80118833652418
6005,CA-2020-107244,2020-07-09,2020-11-09,Standard Class,AG-10390,Allen Goldenen,Consumer,United States,Los Angeles,California,West,FUR-FU-10002597,Furniture,Furnishings,"C-Line Magnetic Cubicle Keepers, Clear Polypropylene",137.76,4,8.2992,No,COD,2020.0,3.0,7.0,July,9.0,Thursday,123.0,34.44,2.0748,6.02439024390244,3,175.21499999999995,1.3050000000000006,7,544.344,56.1184,28,10.30936319680202,522441.052,67859.9582,335190.256,49372.175,120017.4405,19174.9301,753002.1291,81338.5875,451508.6452,10006.6112,92691.218,8034.4328,1773,1717,0,0,0.006953198351904342,99.30468016480957
3233,US-2020-156356,,,Standard Class,ND-18370,Natalie DeCherney,Consumer,United States,Houston,Texas,Central,OFF-BI-10001107,Office Supplies,Binders,"GBC White Gloss Covers, Plain Front",130.896,1,-4.7784,No,Cards,,,,,,,,130.896,-4.7784,-3.650531719838651,6,1959.495,-24.765100000000007,4,500.992,84.8528,18,16.93695707715892,341007.5242,27450.0071,116261.9302,-14078.1598,45159.5078,-7197.716,753002.1291,81338.5875,643707.687,74797.2461,174978.38999999998,17885.3759,1773,985,0,0,0.0013713609931383277,99.86286390068616
6128,CA-2019-124100,,2019-06-04,Standard Class,EH-13990,Erica Hackney,Consumer,United States,New York City,New York,East,FUR-CH-10003817,Furniture,Chairs,"Global Value Steno Chair, Gray",327.996,6,54.666,No,COD,,,,,,,,54.666,9.111,16.666666666666664,2,479.188,67.89529999999999,6,1425.246,85.036,22,5.966408605952937,450234.666,53400.4243,186748.097,41012.0212,154919.699,34760.2974,753002.1291,81338.5875,451508.6452,10006.6112,181945.998,13406.7032,1773,1717,0,0,0.0033757623184405175,99.66242376815595
4539,CA-2020-138464,2020-08-07,2020-12-07,Standard Class,VF-21715,Vicky Freymann,Home Office,United States,Seattle,Washington,West,OFF-AR-10004757,Office Supplies,Art,Crayola Colored Pencils,130.12,4,4.3296,No,COD,2020.0,3.0,8.0,August,7.0,Friday,122.0,32.53,1.0824,3.32739010144482,3,1088.356,62.4848,4,389.704,10.1352,13,2.6007431281177507,522441.052,67859.9582,92975.18,21466.6555,77924.542,18839.3111,303059.0679,36117.7193,643707.687,74797.2461,50762.976,3635.9257,1773,1717,0,0,0.002435239071055424,99.75647609289446
2468,CA-2020-128755,2020-04-05,2020-08-05,Standard Class,MK-18160,Mike Kennedy,Consumer,United States,Newport News,Virginia,South,OFF-ST-10003306,Office Supplies,Storage,Letter Size Cart,621.44,4,165.7176,No,Online,2020.0,2.0,4.0,April,5.0,Sunday,122.0,155.36,41.4294,26.666709577754887,3,1366.99,250.108,5,3828.068,965.7336,24,25.22770232921672,252121.081,26551.7163,32721.25,9657.4876,2844.9700000000003,1059.4543,753002.1291,81338.5875,643707.687,74797.2461,150341.318,13607.0875,1773,1562,0,0,0.001433376740799059,99.8566623259201
289,CA-2019-112697,,,Second Class,AH-10195,Alan Haines,Corporate,United States,Tamarac,Florida,South,OFF-SU-10000646,Office Supplies,Supplies,Premier Automatic Letter Opener,961.48,5,-204.3145,No,Cards,,,,,,,,192.296,-40.8629,-21.25,3,1779.512,-365.9981,4,2411.626,-442.2808,12,-18.33952694157385,252121.081,26551.7163,49914.999,-227.7464999999999,1410.066,-349.37050000000005,509743.1262,57805.7991,643707.687,74797.2461,36720.986,-1654.2767,568,985,0,0,0.0013963782048699014,99.860362179513
3007,CA-2020-116519,,,First Class,CR-12730,Craig Reiter,Consumer,United States,New York City,New York,East,OFF-AP-10000828,Office Supplies,Appliances,Avanti 4.4 Cu. Ft. Refrigerator,921.9,5,253.372,No,Online,,,,,,,,184.38,50.674400000000006,27.48367501898253,3,1196.178,312.9372,3,2051.78,557.4184,11,27.16755207673337,450234.666,53400.4243,186748.097,41012.0212,154919.699,34760.2974,753002.1291,81338.5875,643707.687,74797.2461,80305.247,13166.6098,499,1562,0,0,0.0036120634825924296,99.63879365174076
9991,CA-2020-121258,,2020-03-03,Standard Class,DB-13060,Dave Brooks,Consumer,United States,Costa Mesa,California,West,FUR-FU-10000747,Furniture,Furnishings,Tenex B1-RE Series Chair Mats for Low Pile Carpets,106.96,2,15.6332,Yes,COD,,,,,,,,53.48,7.8166,14.61593118922962,5,3791.388,63.2693,4,642.564,46.439800000000005,13,7.227264521510698,522441.052,67859.9582,335190.256,49372.175,2002.45,284.35209999999995,753002.1291,81338.5875,451508.6452,10006.6112,92691.218,8034.4328,1773,1717,1,1,0.9983822210213738,99.83822210213738
45,CA-2019-118255,2019-11-03,,First Class,ON-18715,Odella Nelson,Corporate,United States,Eagan,Minnesota,Central,TEC-AC-10000171,Technology,Accessories,"Verbatim 25 GB 6x Blu-ray Single Layer Recordable Disc, 25/Pack",45.98,2,19.7714,No,COD,2019.0,4.0,11.0,November,3.0,Sunday,,22.99,9.8857,43.00000000000001,3,853.448,-157.5314,3,242.116,75.1773,9,31.05011647309554,341007.5242,27450.0071,10808.63,2864.3483,428.34,52.85,509743.1262,57805.7991,470587.991,90458.2486,122301.086,25336.6455,499,1717,0,0,0.0001909352859895531,99.98090647140104
8572,CA-2019-162222,2019-03-04,2019-03-04,Same Day,SR-20740,Steven Roelle,Home Office,United States,Dallas,Texas,Central,OFF-PA-10003893,Office Supplies,Paper,Xerox 1962,10.272,3,3.21,No,COD,2019.0,1.0,3.0,March,4.0,Monday,0.0,3.424,1.07,31.25,3,3940.512,1857.8402,5,335.328,28.248,20,8.4239908388205,341007.5242,27450.0071,116261.9302,-14078.1598,20019.1136,-1983.7422,303059.0679,36117.7193,643707.687,74797.2461,99453.612,21112.3779,163,1717,0,0,0.00036829577625126843,99.96317042237487
8649,CA-2019-164574,,2019-03-08,Standard Class,RH-19555,Ritsa Hightower,Consumer,United States,Charlotte,North Carolina,South,OFF-ST-10003816,Office Supplies,Storage,Fellowes High-Stak Drawer Files,704.76,5,26.4285,No,Online,,,,,,,,140.952,5.2857,3.75,1,732.156,6.338100000000001,4,2159.28,350.6181,13,16.23773202178504,252121.081,26551.7163,39705.125,-4827.692300000001,11168.802,322.6946,753002.1291,81338.5875,643707.687,74797.2461,150341.318,13607.0875,1773,1562,0,0,0.0018882621524487055,99.81117378475513
2192,CA-2019-128412,2019-10-12,,Standard Class,AP-10915,Arthur Prichep,Consumer,United States,Seattle,Washington,West,OFF-BI-10001718,Office Supplies,Binders,GBC DocuBind P50 Personal Binding Machine,153.552,3,51.8238,No,Cards,2019.0,4.0,10.0,October,12.0,Saturday,,51.184,17.2746,33.75,6,2220.902,158.7183,6,1904.326,431.2252,32,22.64450519501388,522441.052,67859.9582,92975.18,21466.6555,77924.542,18839.3111,753002.1291,81338.5875,643707.687,74797.2461,174978.38999999998,17885.3759,1773,985,0,0,0.00038126128261063615,99.96187387173893
1009,US-2020-106705,,2021-01-01,Standard Class,PO-18850,Patrick O'Brill,Consumer,United States,Burlington,Iowa,Central,OFF-PA-10001509,Office Supplies,Paper,"Recycled Desk Saver Line ""While You Were Out"" Book, 5 1/2"" X 4""",270.75,5,20.585,No,Online,,,,,,,,54.15,4.117,7.602954755309327,7,7453.976999999999,-25.15400000000004,3,387.1,74.106,18,19.143890467579432,341007.5242,27450.0071,3747.72,583.9453,13302.982,-4814.8042000000005,753002.1291,81338.5875,643707.687,74797.2461,99453.612,21112.3779,1773,1562,0,0,0.0016420391389428896,99.83579608610572
9490,US-2019-102232,2019-05-08,2019-11-08,Standard Class,MF-17665,Maureen Fritzler,Corporate,United States,Huntsville,Alabama,South,OFF-AR-10000538,Office Supplies,Art,"Boston Model 1800 Electric Pencil Sharpener, Gray",197.05,7,59.115,No,Online,2019.0,2.0,5.0,May,8.0,Wednesday,184.0,28.15,8.445,30.0,4,385.054,118.461,2,264.61,67.56,10,25.53191489361702,252121.081,26551.7163,11884.58,3336.3075000000003,6929.0068,365.9029000000001,509743.1262,57805.7991,643707.687,74797.2461,50762.976,3635.9257,1773,1562,0,0,0.0003546397075715956,99.96453602924285
2504,CA-2019-149482,,,Standard Class,RR-19315,Ralph Ritter,Consumer,United States,San Francisco,California,West,OFF-LA-10000248,Office Supplies,Labels,Avery 52,7.38,2,3.4686,No,Online,,,,,,,,3.69,1.7343,47.0,2,1501.932,-73.835,5,269.73,29.4831,17,10.930597263930595,522441.052,67859.9582,335190.256,49372.175,80891.422,10475.5284,753002.1291,81338.5875,643707.687,74797.2461,19397.456,2937.2212,1773,1562,0,0,0.005015846570269604,99.49841534297303
870,CA-2019-158099,2019-03-09,2019-05-09,First Class,PK-18910,Paul Knutson,Home Office,United States,Philadelphia,Pennsylvania,East,OFF-BI-10000545,Office Supplies,Binders,GBC Ibimaster 500 Manual ProClick Binding System,1141.47,5,-760.98,No,Cards,2019.0,1.0,3.0,March,9.0,Saturday,61.0,228.294,-152.196,-66.66666666666666,1,1422.252,-807.777,5,6651.542,1826.352,31,27.4575729958557,450234.666,53400.4243,82354.95,-9297.7975,77305.44,-8065.9684,303059.0679,36117.7193,643707.687,74797.2461,174978.38999999998,17885.3759,499,985,0,0,0.00020738193187982764,99.97926180681202
5517,US-2019-138408,,,Second Class,KC-16255,Karen Carlisle,Corporate,United States,Huntsville,Alabama,South,TEC-AC-10003870,Technology,Accessories,Logitech Z-906 Speaker sys - home theater - 5.1-CH,1319.96,4,527.984,No,COD,,,,,,,,329.99,131.996,40.0,3,1401.864,523.0736,3,4657.860000000001,1847.944,14,39.67366988273584,252121.081,26551.7163,11884.58,3336.3075000000003,6929.0068,365.9029000000001,509743.1262,57805.7991,470587.991,90458.2486,122301.086,25336.6455,568,1717,0,0,0.001726497023395195,99.82735029766047
4784,US-2020-147984,,2020-01-02,Standard Class,GB-14575,Giulietta Baptist,Consumer,United States,Wichita,Kansas,Central,OFF-PA-10000806,Office Supplies,Paper,Xerox 1934,292.9,5,137.151,No,Cards,,,,,,,,58.58,27.430200000000003,46.82519631273473,3,1424.2959999999998,368.2488,3,539.428,224.4798,9,41.61441378645529,341007.5242,27450.0071,1837.21,494.2106,689.0699999999999,255.7142,753002.1291,81338.5875,643707.687,74797.2461,99453.612,21112.3779,1773,985,0,0,0.001700030402858004,99.8299969597142
4093,CA-2020-166576,,,First Class,JM-15865,John Murray,Consumer,United States,Akron,Ohio,East,OFF-ST-10002574,Office Supplies,Storage,"SAFCO Commercial Wire Shelving, Black",237.024,2,-55.256,No,COD,,,,,,,,118.512,-27.628,-23.31240718239503,3,762.788,-25.1948,5,1940.704,-331.536,16,-17.083285240819826,450234.666,53400.4243,68194.86,-9339.4223,2754.528,-98.7128,753002.1291,81338.5875,643707.687,74797.2461,150341.318,13607.0875,499,1717,0,0,0.0027283774933624214,99.72716225066375
6759,CA-2020-124205,,,Standard Class,TC-21145,Theresa Coyne,Corporate,United States,Lakewood,New Jersey,East,OFF-ST-10000934,Office Supplies,Storage,"Contico 72""H Heavy-Duty Storage System",104.96,2,0.0,No,Cards,,,,,,,,52.48,0.0,0.0,1,1256.26,265.5332,2,236.096,-32.784,6,-13.885876931417728,450234.666,53400.4243,32086.942,7213.0952,17153.859,2476.793,509743.1262,57805.7991,643707.687,74797.2461,150341.318,13607.0875,1773,985,0,0,0.002274353466749605,99.77256465332503
4519,CA-2019-101385,,2019-01-10,Standard Class,JW-16075,Julia West,Consumer,United States,San Francisco,California,West,OFF-AR-10004441,Office Supplies,Art,BIC Brite Liner Highlighters,16.56,4,6.9552,No,Cards,,,,,,,,4.14,1.7388,42.0,2,105.264,20.3792,5,1540.896,24.6744,18,1.60130209955766,522441.052,67859.9582,335190.256,49372.175,80891.422,10475.5284,753002.1291,81338.5875,643707.687,74797.2461,50762.976,3635.9257,1773,985,0,0,0.004914238438167554,99.50857615618325
3,CA-2019-138688,2019-12-06,,Second Class,DV-13045,Darrin Van Huff,Corporate,United States,Los Angeles,California,West,OFF-LA-10000240,Office Supplies,Labels,Self-Adhesive Address Labels for Typewriters by Universal,14.62,2,6.8714,No,Online,2019.0,4.0,12.0,December,6.0,Friday,,7.31,3.4357,47.0,5,1648.483,-427.184,3,186.34,44.2255,15,23.73376623376624,522441.052,67859.9582,335190.256,49372.175,120017.4405,19174.9301,509743.1262,57805.7991,643707.687,74797.2461,19397.456,2937.2212,568,1562,0,0,0.0003996207968783944,99.96003792031216
5959,CA-2019-127138,2019-12-03,,Second Class,DK-13225,Dean Katz,Corporate,United States,San Francisco,California,West,OFF-EN-10004459,Office Supplies,Envelopes,Security-Tint Envelopes,30.56,4,14.9744,No,Cards,2019.0,4.0,12.0,December,3.0,Tuesday,,7.64,3.7436,49.0,6,7581.798,543.9058,4,384.568,38.8112,12,10.092155353539557,522441.052,67859.9582,335190.256,49372.175,80891.422,10475.5284,509743.1262,57805.7991,643707.687,74797.2461,16542.464,3508.5073,568,985,0,0,0.0005136940519203431,99.94863059480797
1277,CA-2019-119186,,,Same Day,MS-17710,Maurice Satty,Consumer,United States,Fort Worth,Texas,Central,TEC-AC-10000580,Technology,Accessories,Logitech G13 Programmable Gameboard with LCD Display,63.992,1,-7.1991,No,Cards,,,,,,,,63.992,-7.1991,-11.25,2,519.764,-93.0995,4,1122.87,43.1946,14,3.8468032808784622,341007.5242,27450.0071,116261.9302,-14078.1598,2609.5124,-309.3716,753002.1291,81338.5875,470587.991,90458.2486,122301.086,25336.6455,163,985,0,0,0.002609265971512467,99.73907340284876
3062,CA-2020-127621,2020-03-03,2020-07-03,Standard Class,RE-19450,Richard Eichhorn,Consumer,United States,Dallas,Texas,Central,OFF-PA-10001307,Office Supplies,Paper,"Important Message Pads, 50 4-1/4 x 5-1/2 Forms per Pad",100.88,8,9.744,No,COD,2020.0,1.0,3.0,March,3.0,Tuesday,122.0,12.61,1.218,9.659000793021413,2,130.49,23.0685,1,100.88,9.744,8,9.659000793021413,341007.5242,27450.0071,116261.9302,-14078.1598,20019.1136,-1983.7422,753002.1291,81338.5875,643707.687,74797.2461,99453.612,21112.3779,1773,1717,0,0,0.002043217857173866,99.79567821428262
4830,CA-2019-152408,,,Standard Class,TT-21220,Thomas Thornton,Consumer,United States,New York City,New York,East,OFF-BI-10002393,Office Supplies,Binders,Binder Posts,13.776,3,4.4772,No,Cards,,,,,,,,4.592,1.4924,32.5,4,980.07,207.8498,5,353.18,-0.1148000000000006,13,-0.0325046718387226,450234.666,53400.4243,186748.097,41012.0212,154919.699,34760.2974,753002.1291,81338.5875,643707.687,74797.2461,174978.38999999998,17885.3759,1773,985,0,0,0.002339666947825196,99.76603330521748
4774,CA-2020-119746,,,Standard Class,CM-12385,Christopher Martinez,Consumer,United States,Chicago,Illinois,Central,OFF-LA-10001613,Office Supplies,Labels,Avery File Folder Labels,146.52,5,4.176,No,COD,,,,,,,,29.304,0.8352,2.85012285012285,2,2650.76,702.4324,7,617.456,32.8608,29,5.321966261563577,341007.5242,27450.0071,64224.33,-9554.6539,39993.161,-6497.3566,753002.1291,81338.5875,643707.687,74797.2461,19397.456,2937.2212,1773,1717,0,0,0.0024701459662064187,99.75298540337936
9688,US-2020-130603,,2020-06-10,Standard Class,SC-20050,Sample Company A,Home Office,United States,Arlington,Texas,Central,OFF-BI-10000301,Office Supplies,Binders,GBC Instant Report Kit,127.646,9,-17.469,No,Online,,,,,,,,14.18288888888889,-1.941,-13.685505225388969,7,1763.2140000000002,238.1085,10,815.9870000000001,10.352,41,1.268647662278933,341007.5242,27450.0071,116261.9302,-14078.1598,10043.024,3349.7609,303059.0679,36117.7193,643707.687,74797.2461,174978.38999999998,17885.3759,1773,1562,0,0,0.002536084146605501,99.74639158533944
9173,US-2019-155768,2019-01-12,2019-01-12,Same Day,LB-16795,Laurel Beltran,Home Office,United States,Oxnard,California,West,OFF-ST-10002292,Office Supplies,Storage,"Sauder Facets Collection Locker/File Cabinet, Sky Alder Finish",1112.94,3,222.588,No,COD,2019.0,1.0,1.0,January,12.0,Saturday,0.0,370.98,74.196,20.0,7,4810.108,-30.64940000000001,2,1706.508,222.588,5,13.043478260869565,522441.052,67859.9582,335190.256,49372.175,1367.67,287.4413,303059.0679,36117.7193,643707.687,74797.2461,150341.318,13607.0875,163,1717,0,0,0.0007325449705406476,99.92674550294593
2147,US-2019-152051,,,Standard Class,TS-21160,Theresa Swint,Corporate,United States,York,Pennsylvania,East,OFF-BI-10004781,Office Supplies,Binders,GBC Wire Binding Strips,38.088,4,-27.9312,No,Online,,,,,,,,9.522,-6.9828,-73.33333333333333,3,1025.608,-48.9188,4,203.136,-11.4264,13,-5.625000000000001,450234.666,53400.4243,82354.95,-9297.7975,990.978,-102.1692,509743.1262,57805.7991,643707.687,74797.2461,174978.38999999998,17885.3759,1773,1562,0,0,0.0025442535105799757,99.74557464894201
6690,CA-2020-104108,2020-02-12,2020-09-12,Standard Class,RP-19855,Roy Phan,Corporate,United States,Houston,Texas,Central,OFF-AR-10000817,Office Supplies,Art,Manco Dry-Lighter Erasable Highlighter,106.16,5,2.128,No,Online,2020.0,1.0,2.0,February,12.0,Wednesday,213.0,21.232,0.4256,2.004521477015825,5,954.54,162.8538,4,304.4,8.3296,11,2.7363994743758213,341007.5242,27450.0071,116261.9302,-14078.1598,45159.5078,-7197.716,509743.1262,57805.7991,643707.687,74797.2461,50762.976,3635.9257,1773,1562,0,0,0.003130777781912593,99.68692222180874
9840,US-2019-125402,,2019-01-10,Standard Class,DL-12865,Dan Lawera,Consumer,United States,Long Beach,California,West,TEC-CO-10001943,Technology,Copiers,Canon PC-428 Personal Copier,479.976,3,161.9919,No,COD,,,,,,,,159.992,53.9973,33.75,5,1631.318,305.48209999999995,4,3053.85,1091.9454,18,35.75635345547424,522441.052,67859.9582,335190.256,49372.175,6831.068,1241.1823,753002.1291,81338.5875,470587.991,90458.2486,59735.798,42774.5828,1773,1717,0,0,0.0052305918650907895,99.47694081349093
1994,CA-2020-133648,,2020-02-07,Standard Class,ML-17755,Max Ludwig,Home Office,United States,Springfield,Oregon,West,OFF-AR-10002257,Office Supplies,Art,"Eldon Spacemaker Box, Quick-Snap Lid, Clear",103.344,2,0.7348,No,Cards,,,,,,,,51.672,0.3674,0.7110233782319244,7,2649.914,409.5112,3,181.376,5.2438,7,2.8911212067748773,522441.052,67859.9582,10530.43,-942.9719,26563.202,1508.6366,303059.0679,36117.7193,643707.687,74797.2461,50762.976,3635.9257,1773,985,0,0,0.001974767528559096,99.8025232471441
830,CA-2020-129462,,,Second Class,JE-15745,Joel Eaton,Consumer,United States,Florence,Kentucky,South,FUR-CH-10000665,Furniture,Chairs,"Global Airflow Leather Mesh Back Chair, Black",344.96,2,90.588,No,COD,,,,,,,,172.48,45.294,26.26043599257885,7,2878.243,686.7563,7,3243.992,437.842,25,13.497012323088343,252121.081,26551.7163,24352.73,5968.384,2285.14,289.6537,753002.1291,81338.5875,451508.6452,10006.6112,181945.998,13406.7032,568,1717,0,0,0.0015474432816160878,99.8452556718384
7422,US-2019-114013,,,Second Class,SC-20770,Stewart Carmichael,Corporate,United States,Philadelphia,Pennsylvania,East,OFF-ST-10003641,Office Supplies,Storage,Space Solutions Industrial Galvanized Steel Shelving.,126.08,2,-28.368,No,Cards,,,,,,,,63.04,-14.184,-22.5,6,4447.041,-818.908,1,126.08,-28.368,2,-22.5,450234.666,53400.4243,82354.95,-9297.7975,77305.44,-8065.9684,509743.1262,57805.7991,643707.687,74797.2461,150341.318,13607.0875,568,985,0,0,0.0014866002586228098,99.85133997413772
5347,CA-2020-108539,,,Second Class,SC-20725,Steven Cartwright,Consumer,United States,Los Angeles,California,West,OFF-BI-10003981,Office Supplies,Binders,"Avery Durable Plastic 1"" Binders",129.896,3,3.9498,No,COD,,,,,,,,43.29866666666666,1.3166,3.040740284535321,5,2654.984,757.1818,4,218.88,39.6796,26,18.12847222222222,522441.052,67859.9582,335190.256,49372.175,120017.4405,19174.9301,753002.1291,81338.5875,643707.687,74797.2461,174978.38999999998,17885.3759,568,1717,0,0,0.006983653245086975,99.3016346754913
302,CA-2019-142545,,2019-03-11,Standard Class,JD-15895,Jonathan Doherty,Corporate,United States,Belleville,New Jersey,East,FUR-FU-10001861,Furniture,Furnishings,"Floodlight Indoor Halogen Bulbs, 1 Bulb per Pack, 60 Watts",77.6,4,38.024,No,Cards,,,,,,,,19.4,9.506,49.00000000000001,7,5181.108,1179.8412,3,341.0,132.696,16,38.913782991202346,450234.666,53400.4243,32086.942,7213.0952,2176.6,283.6492,509743.1262,57805.7991,451508.6452,10006.6112,92691.218,8034.4328,1773,985,0,0,0.0016811115581869024,99.83188884418131
4708,CA-2020-138149,,,First Class,WB-21850,William Brown,Consumer,United States,Los Angeles,California,West,OFF-BI-10003091,Office Supplies,Binders,GBC DocuBind TL200 Manual Binding Machine,943.92,5,302.373,No,COD,,,,,,,,188.784,60.4746,32.0337528604119,6,4426.225,695.1632999999999,4,3728.68,1328.2014,19,35.62122252378858,522441.052,67859.9582,335190.256,49372.175,120017.4405,19174.9301,753002.1291,81338.5875,643707.687,74797.2461,174978.38999999998,17885.3759,499,1717,0,0,0.006854413285953011,99.3145586714047
5906,US-2020-153948,2020-06-11,2020-06-11,Same Day,FM-14290,Frank Merwin,Home Office,United States,San Francisco,California,West,OFF-LA-10000414,Office Supplies,Labels,Avery 503,133.4,4,19.872,No,COD,2020.0,2.0,6.0,June,11.0,Thursday,0.0,33.35,4.968,14.896551724137929,7,4737.662,174.0986,2,185.15,44.712,9,24.149068322981368,522441.052,67859.9582,335190.256,49372.175,80891.422,10475.5284,303059.0679,36117.7193,643707.687,74797.2461,19397.456,2937.2212,163,1717,0,0,0.002678499622491597,99.73215003775084
4090,CA-2019-161473,2019-01-04,2019-05-04,Standard Class,TB-21175,Thomas Boland,Corporate,United States,New York City,New York,East,OFF-LA-10001297,Office Supplies,Labels,Avery 473,20.7,2,9.936,No,COD,2019.0,1.0,1.0,January,4.0,Friday,120.0,10.35,4.968,48.00000000000001,3,3769.88,823.1219,6,1480.4,119.232,24,8.05403944879762,450234.666,53400.4243,186748.097,41012.0212,154919.699,34760.2974,509743.1262,57805.7991,643707.687,74797.2461,19397.456,2937.2212,1773,1717,0,0,0.0003846505613808358,99.96153494386192
8541,CA-2020-147354,2020-09-03,,Standard Class,KB-16315,Karl Braun,Consumer,United States,Los Angeles,California,West,OFF-BI-10003910,Office Supplies,Binders,DXL Angle-View Binders with Locking Rings by Samsill,112.84,5,9.6375,No,Online,2020.0,3.0,9.0,September,3.0,Thursday,,22.568,1.9275,8.540854306983338,2,733.98,97.1641,8,617.429,47.4165,25,7.679668431511962,522441.052,67859.9582,335190.256,49372.175,120017.4405,19174.9301,753002.1291,81338.5875,643707.687,74797.2461,174978.38999999998,17885.3759,1773,1562,0,0,0.005544335748806595,99.44556642511934
941,CA-2019-105760,,,First Class,KC-16255,Karen Carlisle,Corporate,United States,San Francisco,California,West,OFF-PA-10000350,Office Supplies,Paper,"Message Book, Standard Line ""While You Were Out"", 5 1/2"" X 4"", 200 Sets/Book",17.12,2,8.0464,No,COD,,,,,,,,8.56,4.0232,47.0,3,1401.864,523.0736,1,17.12,8.0464,2,47.0,522441.052,67859.9582,335190.256,49372.175,80891.422,10475.5284,509743.1262,57805.7991,643707.687,74797.2461,99453.612,21112.3779,499,1717,0,0,0.004990384933369487,99.50096150666306
2887,CA-2020-102099,,,First Class,EP-13915,Emily Phan,Consumer,United States,Los Angeles,California,West,OFF-AR-10003811,Office Supplies,Art,Newell 327,385.63,3,1.7901,No,Cards,,,,,,,,128.54333333333332,0.5967,0.4642014366102222,14,7230.6328,-391.2423,3,826.15,8.9505,15,1.0833988985051142,522441.052,67859.9582,335190.256,49372.175,120017.4405,19174.9301,753002.1291,81338.5875,643707.687,74797.2461,50762.976,3635.9257,499,985,0,0,0.0034840805491248112,99.65159194508752
7413,CA-2020-121125,,2020-03-06,Standard Class,MG-17890,Michael Granlund,Home Office,United States,Tigard,Oregon,West,TEC-AC-10002323,Technology,Accessories,SanDisk Ultra 32 GB MicroSDHC Class 10 Memory Card,144.36,2,-3.094,No,COD,,,,,,,,72.18,-1.547,-2.14325297866445,7,1004.898,64.2084,6,719.46,18.785,25,2.6109860172907458,522441.052,67859.9582,10530.43,-942.9719,513.8140000000001,33.2079,303059.0679,36117.7193,470587.991,90458.2486,122301.086,25336.6455,1773,1717,0,0,0.002352896300010261,99.76471036999898
2836,CA-2020-110842,2020-11-11,,Standard Class,GA-14725,Guy Armstrong,Consumer,United States,Los Angeles,California,West,OFF-AP-10003971,Office Supplies,Appliances,Belkin 6 Outlet Metallic Surge Strip,136.89,1,2.8314,No,COD,2020.0,4.0,11.0,November,11.0,Wednesday,,136.89,2.8314,2.068376068376069,5,2810.558,23.4824,4,301.696,5.227199999999998,8,1.7326050063640217,522441.052,67859.9582,335190.256,49372.175,120017.4405,19174.9301,753002.1291,81338.5875,643707.687,74797.2461,80305.247,13166.6098,1773,1717,0,0,0.006276385501355491,99.37236144986446
6447,US-2020-119816,2020-04-03,2020-06-03,Second Class,TT-21460,Tonja Turnell,Home Office,United States,Houston,Texas,Central,FUR-FU-10004848,Furniture,Furnishings,"Howard Miller 13-3/4"" Diameter Brushed Chrome Round Wall Clock",117.5,5,-77.625,No,COD,2020.0,2.0,4.0,April,3.0,Friday,61.0,23.5,-15.525,-66.06382978723404,6,4209.696,843.3818000000001,10,1249.132,183.3907,34,14.681450799435128,341007.5242,27450.0071,116261.9302,-14078.1598,45159.5078,-7197.716,303059.0679,36117.7193,451508.6452,10006.6112,92691.218,8034.4328,568,1717,0,0,0.001626732299238053,99.8373267700762
6533,US-2020-107384,2020-04-12,2020-08-12,Standard Class,TP-21130,Theone Pippenger,Consumer,United States,Rochester,Minnesota,Central,TEC-AC-10004595,Technology,Accessories,First Data TMFD35 PIN Pad,161.8,1,29.988,No,Cards,2020.0,2.0,4.0,April,12.0,Sunday,122.0,161.8,29.988,18.53399258343634,7,3431.04,1130.9783,2,590.2,119.952,4,20.323957980345643,341007.5242,27450.0071,10808.63,2864.3483,9771.5,729.8267,753002.1291,81338.5875,470587.991,90458.2486,122301.086,25336.6455,1773,985,0,0,0.0020041449698869804,99.7995855030113
3067,CA-2020-106859,,,Second Class,BF-11215,Benjamin Farhat,Home Office,United States,Albuquerque,New Mexico,West,TEC-AC-10004001,Technology,Accessories,Logitech Wireless Headset H600 Over-The-Head Design,232.95,5,88.1295,No,Cards,,,,,,,,46.59,17.625899999999998,37.83193818415969,3,1799.642,501.7357,2,404.91,133.269,10,32.913239979254655,522441.052,67859.9582,5102.638,852.3424,2434.668,496.5406,303059.0679,36117.7193,470587.991,90458.2486,122301.086,25336.6455,568,985,0,0,0.002701971328703581,99.72980286712965
2421,CA-2020-159597,2020-09-11,,Standard Class,MC-17590,Matt Collister,Corporate,United States,Coachella,California,West,TEC-AC-10004171,Technology,Accessories,Razer Kraken 7.1 Surround Sound Over Ear USB Gaming Headset,130.99,1,43.9956,No,Online,2020.0,3.0,9.0,September,11.0,Friday,,130.99,43.9956,33.586991373387285,4,1165.0,426.1855,2,348.97,131.98680000000002,3,37.82181849442646,522441.052,67859.9582,335190.256,49372.175,284.55,47.1736,509743.1262,57805.7991,470587.991,90458.2486,122301.086,25336.6455,1773,1562,0,0,0.004774294650171742,99.52257053498282
7884,CA-2020-118017,2020-03-12,2020-06-12,Second Class,LC-16870,Lena Cacioppo,Consumer,United States,Thornton,Colorado,West,OFF-PA-10002246,Office Supplies,Paper,"Wirebound Four 2-3/4 x 5 Forms per Page, 400 Sets per Book",100.32,2,3.741,No,Cards,2020.0,1.0,3.0,March,12.0,Thursday,92.0,50.16,1.8705,3.729066985645933,6,3158.722,-295.8852,5,298.62,38.1195,19,12.765220012055456,522441.052,67859.9582,29249.064,-5825.5857,954.36,50.2934,753002.1291,81338.5875,643707.687,74797.2461,99453.612,21112.3779,568,985,0,0,0.0029716253499537733,99.70283746500462
6906,US-2020-149006,2020-06-12,2020-08-12,Second Class,BN-11470,Brad Norvell,Corporate,United States,Brentwood,California,West,OFF-ST-10003221,Office Supplies,Storage,Staple magnet,216.68,1,2.8836,No,COD,2020.0,2.0,6.0,June,12.0,Friday,61.0,216.68,2.8836,1.3308104116669743,2,338.296,7.8452,1,216.68,2.8836,1,1.3308104116669743,522441.052,67859.9582,335190.256,49372.175,5061.926,985.386,509743.1262,57805.7991,643707.687,74797.2461,150341.318,13607.0875,568,1717,0,0,0.006365523550047378,99.36344764499526
1669,CA-2019-128531,,,Second Class,NS-18505,Neola Schneider,Consumer,United States,Dallas,Texas,Central,OFF-AR-10003405,Office Supplies,Art,"Dixon My First Ticonderoga Pencil, #2",14.04,3,1.5795,No,Cards,,,,,,,,4.68,0.5265,11.25,4,3292.8630000000003,-12.303999999999998,2,2063.14,11.7585,9,0.5699322392081972,341007.5242,27450.0071,116261.9302,-14078.1598,20019.1136,-1983.7422,753002.1291,81338.5875,643707.687,74797.2461,50762.976,3635.9257,568,985,0,0,0.0021242952353066257,99.78757047646934
1721,CA-2019-169943,,,Standard Class,BN-11515,Bradley Nguyen,Consumer,United States,New York City,New York,East,OFF-BI-10002824,Office Supplies,Binders,Recycled Easel Ring Binders,47.744,4,14.92,No,Cards,,,,,,,,11.936,3.73,31.25,3,1690.634,155.3343,7,508.1,39.538,27,7.781539067112773,450234.666,53400.4243,186748.097,41012.0212,154919.699,34760.2974,753002.1291,81338.5875,643707.687,74797.2461,174978.38999999998,17885.3759,1773,985,0,0,0.00250534760051644,99.74946523994835
919,CA-2019-165218,2019-05-03,2019-11-03,Standard Class,RW-19630,Rob Williams,Corporate,United States,Dallas,Texas,Central,OFF-EN-10000056,Office Supplies,Envelopes,Cameo Buff Policy Envelopes,149.352,3,50.4063,No,COD,2019.0,2.0,5.0,May,3.0,Friday,184.0,49.784,16.8021,33.75,7,3369.456,668.0571,2,248.92,84.01050000000001,5,33.75,341007.5242,27450.0071,116261.9302,-14078.1598,20019.1136,-1983.7422,509743.1262,57805.7991,643707.687,74797.2461,16542.464,3508.5073,1773,1717,0,0,0.00026419476914468895,99.97358052308553
6854,US-2020-162670,,,Second Class,MF-18250,Monica Federle,Corporate,United States,Little Rock,Arkansas,South,TEC-PH-10003601,Technology,Phones,"Ativa D5772 2-Line 5.8GHz Digital Expandable Corded/Cordless Phone System with Answering & Caller ID/Call Waiting, Black/Silver",678.97,3,148.491,No,COD,,,,,,,,226.32333333333327,49.49700000000001,21.87003844057912,1,3513.8700000000003,287.244,3,1726.91,445.47300000000007,9,25.795959256707068,252121.081,26551.7163,9652.83,1873.9949,4745.43,728.5249,509743.1262,57805.7991,470587.991,90458.2486,196563.546,22308.9179,568,1717,0,0,0.0021728268784412448,99.78271731215588
8809,US-2020-110646,,,Standard Class,JF-15190,Jamie Frazer,Consumer,United States,Philadelphia,Pennsylvania,East,TEC-PH-10002807,Technology,Phones,Motorla HX550 Universal Bluetooth Headset,149.65,5,19.775,No,COD,,,,,,,,29.93,3.955,13.214166388239224,5,2570.43,519.7373,3,430.31,106.785,11,24.81583044781669,450234.666,53400.4243,82354.95,-9297.7975,77305.44,-8065.9684,753002.1291,81338.5875,470587.991,90458.2486,196563.546,22308.9179,1773,1717,0,0,0.0016501756558902631,99.83498243441097
7911,CA-2019-149762,2019-03-12,2019-07-12,Standard Class,RD-19720,Roger Demir,Consumer,United States,Morgan Hill,California,West,OFF-ST-10001558,Office Supplies,Storage,Acco Perma 4000 Stacking Storage Drawers,48.72,3,7.308,No,Online,2019.0,1.0,3.0,March,12.0,Tuesday,122.0,16.24,2.436,15.0,6,1365.994,109.8094,7,418.808,21.924,21,5.234857022788486,522441.052,67859.9582,335190.256,49372.175,545.01,7.845999999999999,753002.1291,81338.5875,643707.687,74797.2461,150341.318,13607.0875,1773,1562,0,0,0.0013092492598698606,99.86907507401301
8993,CA-2020-159100,,,Standard Class,VP-21760,Victoria Pisteka,Corporate,United States,Columbia,Tennessee,South,TEC-AC-10003499,Technology,Accessories,Memorex Mini Travel Drive 8 GB USB 2.0 Flash Drive,124.528,2,4.4004,No,COD,,,,,,,,62.264,2.2002,3.533663111910575,2,2247.456,-932.837,3,396.696,30.8028,14,7.764837558230988,252121.081,26551.7163,26288.317,-3467.5906,13705.148,2721.1764,509743.1262,57805.7991,470587.991,90458.2486,122301.086,25336.6455,1773,1717,0,0,0.0021699102614904566,99.78300897385095
9242,CA-2020-110310,,2020-02-11,Standard Class,NB-18655,Nona Balk,Corporate,United States,Tallahassee,Florida,South,OFF-AR-10001662,Office Supplies,Art,Rogers Handheld Barrel Pencil Sharpener,87.576,3,0.5754,No,COD,,,,,,,,29.192,0.1918,0.6570293231022198,6,2060.895,-96.8106,4,249.184,11.1792,24,4.48632335944523,252121.081,26551.7163,49914.999,-227.7464999999999,7952.443,398.744,509743.1262,57805.7991,643707.687,74797.2461,50762.976,3635.9257,1773,1717,0,0,0.0019111298112417182,99.80888701887582
2266,CA-2019-131065,,,Second Class,AA-10375,Allen Armold,Consumer,United States,Atlanta,Georgia,South,OFF-BI-10004970,Office Supplies,Binders,"ACCOHIDE 3-Ring Binder, Blue, 1""",8.26,2,3.8822,No,Online,,,,,,,,4.13,1.9411,47.0,4,2015.02,191.6403,7,378.164,28.497,30,7.535619466686412,252121.081,26551.7163,37260.69,9994.4165,9930.34,3283.7360000000003,753002.1291,81338.5875,643707.687,74797.2461,174978.38999999998,17885.3759,568,1562,0,0,0.0016601512243297355,99.83398487756703
6367,CA-2020-144848,2020-04-04,2020-05-04,First Class,DS-13030,Darrin Sayre,Home Office,United States,New York City,New York,East,OFF-SU-10000646,Office Supplies,Supplies,Premier Automatic Letter Opener,254.37,1,7.2111,No,COD,2020.0,2.0,4.0,April,4.0,Saturday,30.0,254.37,7.2111,2.8348861894091284,3,2416.116,163.85809999999998,4,2411.626,-442.2808,12,-18.33952694157385,450234.666,53400.4243,186748.097,41012.0212,154919.699,34760.2974,303059.0679,36117.7193,643707.687,74797.2461,36720.986,-1654.2767,499,1717,0,0,0.0019262151638493618,99.80737848361507
2730,CA-2020-104801,,,Standard Class,FH-14350,Fred Harton,Consumer,United States,Seattle,Washington,West,OFF-AR-10001547,Office Supplies,Art,Newell 311,919.63,3,1.7901,No,COD,,,,,,,,306.5433333333333,0.5967,0.1946543718669464,2,2318.038,340.3627,6,1289.598,10.6522,26,0.8260093455479925,522441.052,67859.9582,92975.18,21466.6555,77924.542,18839.3111,753002.1291,81338.5875,643707.687,74797.2461,50762.976,3635.9257,1773,1717,0,0,0.00468880095245705,99.53111990475429
4294,CA-2020-130967,2020-10-03,,Standard Class,EB-13870,Emily Burns,Consumer,United States,Philadelphia,Pennsylvania,East,TEC-PH-10004896,Technology,Phones,Nokia Lumia 521 (T-Mobile),136.982,3,-10.7964,No,Online,2020.0,4.0,10.0,October,3.0,Saturday,,45.66066666666666,-3.5988,-7.881619482851762,5,1318.998,3.6378,3,376.918,29.99,10,7.956637783284427,450234.666,53400.4243,82354.95,-9297.7975,77305.44,-8065.9684,753002.1291,81338.5875,470587.991,90458.2486,196563.546,22308.9179,1773,1562,0,0,0.0007709284054928947,99.92290715945072
1781,CA-2019-124667,2019-11-11,,Standard Class,BD-11770,Bryan Davis,Consumer,United States,New York City,New York,East,OFF-ST-10002276,Office Supplies,Storage,Safco Steel Mobile File Cart,83.36,1,20.84,No,COD,2019.0,4.0,11.0,November,11.0,Monday,,83.36,20.84,25.0,6,772.466,141.265,4,869.832,79.19200000000001,7,9.104286804808286,450234.666,53400.4243,186748.097,41012.0212,154919.699,34760.2974,753002.1291,81338.5875,643707.687,74797.2461,150341.318,13607.0875,1773,1717,0,0,0.0002802360205214159,99.97197639794786
6608,CA-2019-148852,,,Standard Class,SV-20785,Stewart Visinsky,Consumer,United States,Santa Ana,California,West,FUR-CH-10004860,Furniture,Chairs,Global Low Back Tilter Chair,484.704,6,-84.8232,No,Cards,,,,,,,,80.784,-14.1372,-17.5,2,1380.8780000000002,86.23830000000001,5,1353.348,-151.47,15,-11.192243236772804,522441.052,67859.9582,335190.256,49372.175,3702.01,820.9825000000001,753002.1291,81338.5875,451508.6452,10006.6112,181945.998,13406.7032,1773,985,0,0,0.008921329320168528,99.10786706798315
3495,CA-2020-142034,,,Standard Class,KB-16240,Karen Bern,Corporate,United States,Saint Cloud,Minnesota,Central,TEC-AC-10000990,Technology,Accessories,Imation Bio 2GB USB Flash Drive Imation Corp,666.9,5,275.478,No,COD,,,,,,,,133.38,55.095600000000005,41.30724246513721,4,3387.626,745.3659,2,1766.34,716.2428,13,40.549543123068034,341007.5242,27450.0071,10808.63,2864.3483,1428.82,469.614,509743.1262,57805.7991,470587.991,90458.2486,122301.086,25336.6455,1773,1717,0,0,0.0017245848989821335,99.8275415101018
7714,CA-2020-139353,,,Second Class,JM-15250,Janet Martin,Consumer,United States,Fayetteville,North Carolina,South,OFF-PA-10000300,Office Supplies,Paper,Xerox 1936,146.952,3,16.1838,No,Cards,,,,,,,,48.984,5.3946000000000005,11.01298383145517,6,4155.122,19.82350000000005,2,299.904,32.3676,6,10.792653649167736,252121.081,26551.7163,39705.125,-4827.692300000001,6637.362,874.6273,753002.1291,81338.5875,643707.687,74797.2461,99453.612,21112.3779,568,985,0,0,0.0014138785684167433,99.85861214315833
9374,CA-2020-102820,2020-07-05,2020-11-05,Standard Class,CS-11950,Carlos Soltero,Consumer,United States,Pasadena,California,West,TEC-PH-10003437,Technology,Phones,Blue Parrot B250XT Professional Grade Wireless Bluetooth Headset with,462.944,7,52.493,No,COD,2020.0,3.0,7.0,July,5.0,Sunday,123.0,66.13485714285714,7.499,11.338952443492085,8,2180.364,-54.8173,4,1352.836,127.483,21,9.423389087812566,522441.052,67859.9582,335190.256,49372.175,6709.712,147.31240000000005,753002.1291,81338.5875,470587.991,90458.2486,196563.546,22308.9179,1773,1717,0,0,0.005251652719372506,99.47483472806275
4025,CA-2020-130764,,,First Class,JO-15145,Jack O'Briant,Corporate,United States,San Francisco,California,West,TEC-PH-10003215,Technology,Phones,Jackery Bar Premium Fast-charging Portable Charger,118.84,4,34.742,No,COD,,,,,,,,29.71,8.6855,29.234264557388084,5,3155.179,480.3852,3,739.38,157.53699999999998,14,21.306635289025937,522441.052,67859.9582,335190.256,49372.175,80891.422,10475.5284,509743.1262,57805.7991,470587.991,90458.2486,196563.546,22308.9179,499,1717,0,0,0.00527662785452626,99.47233721454738
3185,CA-2020-152912,2020-09-11,2020-12-11,Second Class,BM-11650,Brian Moss,Corporate,United States,Columbia,Maryland,East,OFF-ST-10003208,Office Supplies,Storage,Adjustable Depth Letter/Legal Cart,586.38,3,157.8702,No,Cards,2020.0,3.0,9.0,September,11.0,Friday,91.0,195.46,52.6234,26.92284866468843,6,3956.281,1936.1524,7,3852.508,1413.5734,31,36.69228980186413,450234.666,53400.4243,16090.103,3860.6173,13705.148,2721.1764,509743.1262,57805.7991,643707.687,74797.2461,150341.318,13607.0875,568,985,0,0,0.00217042923852948,99.78295707614706
7055,CA-2019-165330,2019-11-12,2019-11-12,Same Day,WB-21850,William Brown,Consumer,United States,Anaheim,California,West,FUR-CH-10003774,Furniture,Chairs,"Global Wood Trimmed Manager's Task Chair, Khaki",363.92,5,-31.843,No,COD,2019.0,4.0,11.0,November,12.0,Tuesday,0.0,72.784,-6.3686,-8.75,6,4426.225,695.1632999999999,11,3043.086,-373.018,40,-12.257885580624404,522441.052,67859.9582,335190.256,49372.175,7367.548,918.157,753002.1291,81338.5875,451508.6452,10006.6112,181945.998,13406.7032,163,1717,0,0,0.0009227771854717485,99.90772228145282
9554,CA-2019-125724,,,Standard Class,SM-20950,Suzanne McNair,Corporate,United States,Broomfield,Colorado,West,FUR-FU-10000246,Furniture,Furnishings,Aluminum Document Frame,68.432,7,8.554,No,COD,,,,,,,,9.776,1.222,12.5,6,2599.588,485.28739999999993,4,275.08000000000004,34.215999999999994,16,12.438563327032131,522441.052,67859.9582,29249.064,-5825.5857,793.504,62.445,509743.1262,57805.7991,451508.6452,10006.6112,92691.218,8034.4328,1773,1717,0,0,0.003171800714619375,99.68281992853805
5939,CA-2020-122077,,,Standard Class,JF-15295,Jason Fortune-,Consumer,United States,Plano,Texas,Central,TEC-PH-10003811,Technology,Phones,Jabra Supreme Plus Driver Edition Headset,105.992,1,9.5992,No,Online,,,,,,,,105.992,9.5992,9.056532568495737,4,1020.848,50.3258,4,1739.86,124.7896,18,7.172393181060545,341007.5242,27450.0071,116261.9302,-14078.1598,925.004,-9.963800000000006,753002.1291,81338.5875,470587.991,90458.2486,196563.546,22308.9179,1773,1562,0,0,0.0020712418360202857,99.79287581639798
8330,CA-2020-118577,2020-06-10,2020-11-10,Standard Class,XP-21865,Xylona Preis,Consumer,United States,Belleville,New Jersey,East,OFF-PA-10004888,Office Supplies,Paper,Xerox 217,133.48,1,3.1104,No,COD,2020.0,2.0,6.0,June,10.0,Wednesday,153.0,133.48,3.1104,2.330236739586455,7,1797.694,394.4678,5,418.24,37.0656,14,8.862280030604436,450234.666,53400.4243,32086.942,7213.0952,2176.6,283.6492,753002.1291,81338.5875,643707.687,74797.2461,99453.612,21112.3779,1773,1717,0,0,0.0025426973612888404,99.74573026387111
1509,CA-2020-108294,2020-10-12,2020-10-12,Same Day,LS-16975,Lindsay Shagiari,Home Office,United States,Omaha,Nebraska,Central,OFF-BI-10004965,Office Supplies,Binders,Ibico Covers for Plastic or Wire Binding Elements,301.5,3,15.525,Yes,Online,2020.0,4.0,10.0,October,12.0,Monday,0.0,100.5,5.175,5.1492537313432845,5,2705.848,232.9972,3,498.0,51.75,10,10.39156626506024,341007.5242,27450.0071,6108.77,1775.4605,4042.8,1588.0109000000002,303059.0679,36117.7193,643707.687,74797.2461,174978.38999999998,17885.3759,163,1562,1,1,0.985104305371116,98.5104305371116
1210,CA-2019-137050,,,Second Class,SW-20755,Steven Ward,Corporate,United States,New York City,New York,East,OFF-AR-10004999,Office Supplies,Art,Newell 315,41.86,7,10.465,No,Online,,,,,,,,5.98,1.495,25.0,1,663.9639999999999,48.5239,3,95.68,23.92,16,25.0,450234.666,53400.4243,186748.097,41012.0212,154919.699,34760.2974,509743.1262,57805.7991,643707.687,74797.2461,50762.976,3635.9257,568,1562,0,0,0.002955606423945789,99.70443935760542
6720,CA-2019-130442,,,First Class,SF-20065,Sandra Flanagan,Consumer,United States,Goldsboro,North Carolina,South,OFF-AP-10004859,Office Supplies,Appliances,Acco 6 Outlet Guardian Premium Surge Suppressor,34.944,3,3.0576,No,Online,,,,,,,,11.648,1.0192,8.75,3,564.006,113.1791,4,215.632,7.571199999999997,16,3.5111671737033454,252121.081,26551.7163,39705.125,-4827.692300000001,34.944,3.0576,753002.1291,81338.5875,643707.687,74797.2461,80305.247,13166.6098,499,1562,0,0,0.0024617508016845455,99.75382491983154
56,CA-2019-111682,,,First Class,TB-21055,Ted Butterfield,Consumer,United States,Troy,New York,East,OFF-ST-10000604,Office Supplies,Storage,Home/Office Personal File Carts,208.56,6,52.14,No,Cards,,,,,,,,34.76,8.69,25.0,5,1840.881,390.2113,6,795.96,182.49,21,22.92703150912106,450234.666,53400.4243,186748.097,41012.0212,3005.949,-32.52420000000001,753002.1291,81338.5875,643707.687,74797.2461,150341.318,13607.0875,499,985,0,0,0.0032897972705337036,99.67102027294663
6303,CA-2020-166919,,,Standard Class,AH-10210,Alan Hwang,Consumer,United States,Dallas,Texas,Central,TEC-PH-10001305,Technology,Phones,Panasonic KX TS208W Corded phone,221.96,5,19.596,No,Online,,,,,,,,44.392,3.9192,8.828617768967382,6,3310.136,952.2162,5,1215.962,143.0508,29,11.76441369055941,341007.5242,27450.0071,116261.9302,-14078.1598,20019.1136,-1983.7422,753002.1291,81338.5875,470587.991,90458.2486,196563.546,22308.9179,1773,1562,0,0,0.00228015182848826,99.77198481715118
2424,US-2020-147669,,,Standard Class,SV-20935,Susan Vittorini,Consumer,United States,Fairfield,Ohio,East,TEC-AC-10002473,Technology,Accessories,Maxell 4.7GB DVD-R,349.928,7,41.7186,No,COD,,,,,,,,49.989714285714285,5.9598,11.922052536521798,8,3665.491,106.8912,7,956.684,200.079,25,20.91380225863504,450234.666,53400.4243,68194.86,-9339.4223,11466.078,907.3211,753002.1291,81338.5875,470587.991,90458.2486,122301.086,25336.6455,1773,1717,0,0,0.0014788839501290326,99.85211160498709
6321,CA-2020-160017,,2020-02-10,Standard Class,SP-20860,Sung Pak,Corporate,United States,Jacksonville,Florida,South,OFF-PA-10001800,Office Supplies,Paper,Xerox 220,108.368,2,3.6288,No,Online,,,,,,,,54.184,1.8144,3.3485899896648457,4,3386.494,630.581,5,606.424,35.510400000000004,16,5.85570491933037,252121.081,26551.7163,49914.999,-227.7464999999999,15390.086,-578.7137,509743.1262,57805.7991,643707.687,74797.2461,99453.612,21112.3779,1773,1562,0,0,0.0017916216251705596,99.82083783748294
6541,US-2020-107888,,,First Class,CC-12220,Chris Cortes,Consumer,United States,Seattle,Washington,West,OFF-PA-10001363,Office Supplies,Paper,Xerox 1933,155.68,6,34.6296,Yes,COD,,,,,,,,25.94666666666667,5.7716,22.244090441932173,8,4100.032,360.541,2,217.08,63.4876,11,29.24617652478349,522441.052,67859.9582,92975.18,21466.6555,77924.542,18839.3111,753002.1291,81338.5875,643707.687,74797.2461,99453.612,21112.3779,499,1717,1,1,0.9962445360350691,99.62445360350691
4803,US-2019-148901,,,Standard Class,MK-17905,Michael Kennedy,Corporate,United States,Jacksonville,Florida,South,OFF-BI-10002309,Office Supplies,Binders,Avery Heavy-Duty EZD  Binder With Locking Rings,13.392,8,-9.8208,No,COD,,,,,,,,1.674,-1.2276,-73.33333333333334,6,2173.58,-449.1785000000001,5,92.628,22.9896,24,24.81927710843373,252121.081,26551.7163,49914.999,-227.7464999999999,15390.086,-578.7137,509743.1262,57805.7991,643707.687,74797.2461,174978.38999999998,17885.3759,1773,1717,0,0,0.001416021693365169,99.85839783066348
1660,CA-2020-127285,,2020-06-11,Standard Class,MM-18055,Michelle Moray,Consumer,United States,Seattle,Washington,West,OFF-BI-10004330,Office Supplies,Binders,"GBC Velobind Prepunched Cover Sets, Regency Series",119.752,3,27.735,No,COD,,,,,,,,39.91733333333333,9.245,23.16036475382457,4,2279.757,-403.6647,5,700.72,9.245000000000005,25,1.3193572325607952,522441.052,67859.9582,92975.18,21466.6555,77924.542,18839.3111,753002.1291,81338.5875,643707.687,74797.2461,174978.38999999998,17885.3759,1773,1717,0,0,0.0035250499031761803,99.64749500968239
24,US-2020-156909,,,Second Class,SF-20065,Sandra Flanagan,Consumer,United States,Philadelphia,Pennsylvania,East,FUR-CH-10002774,Furniture,Chairs,"Global Deluxe Stacking Chair, Gray",114.372,2,-1.0196,No,COD,,,,,,,,57.186,-0.5098,-0.8914769349141399,3,564.006,113.1791,3,585.2919999999999,21.9214,7,3.745378375238343,450234.666,53400.4243,82354.95,-9297.7975,77305.44,-8065.9684,753002.1291,81338.5875,451508.6452,10006.6112,181945.998,13406.7032,568,1717,0,0,0.0018745025169476205,99.81254974830523
6494,CA-2019-113845,,,Standard Class,FA-14230,Frank Atkinson,Corporate,United States,Orlando,Florida,South,TEC-PH-10003357,Technology,Phones,Grandstream GXP2100 Mainstream Business Phone,244.768,4,24.4768,No,Online,,,,,,,,61.192,6.1192,10.0,2,2020.536,292.1821,2,305.96,30.596,5,10.0,252121.081,26551.7163,49914.999,-227.7464999999999,2222.27,371.2573,509743.1262,57805.7991,470587.991,90458.2486,196563.546,22308.9179,1773,1562,0,0,0.0016923269507334326,99.83076730492667
8279,US-2019-139262,,,Standard Class,LC-16960,Lindsay Castell,Home Office,United States,Tampa,Florida,South,OFF-ST-10001496,Office Supplies,Storage,Standard Rollaway File with Lock,432.456,3,32.4342,No,COD,,,,,,,,144.15200000000002,10.8114,7.499999999999998,2,532.178,21.279399999999995,7,4507.674,699.1372000000001,28,15.509932617132474,252121.081,26551.7163,49914.999,-227.7464999999999,3139.9655,-518.029,303059.0679,36117.7193,643707.687,74797.2461,150341.318,13607.0875,1773,1717,0,0,0.001702222515999604,99.82977774840003
6716,CA-2020-107629,,,Same Day,DB-13060,Dave Brooks,Consumer,United States,Skokie,Illinois,Central,OFF-AR-10002987,Office Supplies,Art,Prismacolor Color Pencil Set,407.232,6,24.9984,No,Cards,,,,,,,,67.872,4.1664,6.138613861386139,5,3791.388,63.2693,5,760.44,106.7392,18,14.036505181210876,341007.5242,27450.0071,64224.33,-9554.6539,1774.24,-334.0454,753002.1291,81338.5875,643707.687,74797.2461,50762.976,3635.9257,163,985,0,0,0.0026134589798952426,99.73865410201047
8201,CA-2020-125269,,,Standard Class,AF-10870,Art Ferguson,Consumer,United States,Chicago,Illinois,Central,OFF-ST-10004123,Office Supplies,Storage,Safco Industrial Wire Shelving System,121.784,1,-18.196,No,Cards,,,,,,,,121.784,-18.196,-14.941207383564343,6,2482.128,315.9484,5,1705.916,-72.784,15,-4.266564121562844,341007.5242,27450.0071,64224.33,-9554.6539,39993.161,-6497.3566,753002.1291,81338.5875,643707.687,74797.2461,150341.318,13607.0875,1773,985,0,0,0.0015546976088250603,99.84453023911749
2850,CA-2019-123617,,2019-03-12,Standard Class,AJ-10780,Anthony Jacobs,Corporate,United States,Palm Coast,Florida,South,OFF-BI-10002976,Office Supplies,Binders,ACCOHIDE Binder by Acco,7.434,6,-5.6994,No,Cards,,,,,,,,1.239,-0.9499,-76.66666666666666,3,1252.8,202.3449,3,246.734,13.7116,16,5.557239780492353,252121.081,26551.7163,49914.999,-227.7464999999999,120.882,3.163,509743.1262,57805.7991,643707.687,74797.2461,174978.38999999998,17885.3759,1773,985,0,0,0.0019551578729259025,99.80448421270741
1796,US-2020-139465,,,First Class,MR-17545,Mathew Reese,Home Office,United States,New York City,New York,East,OFF-ST-10002352,Office Supplies,Storage,Iris Project Case,170.84,8,16.5984,No,COD,,,,,,,,21.355,2.0748,9.715757433856242,2,837.578,153.3443,4,571.428,36.229200000000006,19,6.340116340116342,450234.666,53400.4243,186748.097,41012.0212,154919.699,34760.2974,303059.0679,36117.7193,643707.687,74797.2461,150341.318,13607.0875,499,1717,0,0,0.0033809678408797898,99.66190321591202
7697,CA-2020-107958,2020-02-07,2020-05-07,First Class,AH-10120,Adrian Hane,Home Office,United States,Houston,Texas,Central,OFF-BI-10001787,Office Supplies,Binders,Wilson Jones Four-Pocket Poly Binders,112.232,4,-8.1096,No,COD,2020.0,1.0,2.0,February,7.0,Friday,90.0,28.058,-2.0274,-7.225746667617079,6,1843.378,23.599,3,371.32,12.2952,12,3.311214047183024,341007.5242,27450.0071,116261.9302,-14078.1598,45159.5078,-7197.716,303059.0679,36117.7193,643707.687,74797.2461,174978.38999999998,17885.3759,499,1717,0,0,0.0015342033973494709,99.84657966026505
2221,CA-2020-130841,,2020-01-08,Standard Class,MH-17620,Matt Hagelstein,Corporate,United States,San Francisco,California,West,TEC-PH-10001817,Technology,Phones,Wilson Electronics DB Pro Signal Booster,1175.6,4,100.24,No,COD,,,,,,,,293.9,25.06,8.526709765226267,3,1481.34,107.6894,6,4548.2,-3.579999999999984,17,-0.0787124576755636,522441.052,67859.9582,335190.256,49372.175,80891.422,10475.5284,509743.1262,57805.7991,470587.991,90458.2486,196563.546,22308.9179,1773,1717,0,0,0.004380052359258097,99.56199476407419
1596,CA-2020-149181,2020-08-05,2020-12-05,Standard Class,MD-17350,Maribeth Dona,Consumer,United States,Columbus,Ohio,East,FUR-CH-10004540,Furniture,Chairs,Global Chrome Stack Chair,157.992,2,-2.0568,No,Online,2020.0,3.0,8.0,August,5.0,Wednesday,122.0,78.996,-1.0284,-1.301838067750266,4,1653.158,-209.7186,4,556.928,-18.5112,18,-3.323804872443117,450234.666,53400.4243,68194.86,-9339.4223,36398.885,4818.0624,753002.1291,81338.5875,451508.6452,10006.6112,181945.998,13406.7032,1773,1562,0,0,0.001241845059567295,99.87581549404328
8521,CA-2020-118003,2020-04-12,2020-10-12,Standard Class,DO-13645,Doug O'Connell,Consumer,United States,Paterson,New Jersey,East,FUR-CH-10004860,Furniture,Chairs,Global Low Back Tilter Chair,314.94,3,18.1764,No,Cards,2020.0,2.0,4.0,April,12.0,Sunday,183.0,104.98,6.058800000000001,5.7713850257191845,6,1836.676,267.2436,5,1353.348,-151.47,15,-11.192243236772804,450234.666,53400.4243,32086.942,7213.0952,2577.46,422.1806,753002.1291,81338.5875,451508.6452,10006.6112,181945.998,13406.7032,1773,985,0,0,0.003979417764997221,99.60205822350028
2694,CA-2019-138079,,,Standard Class,AJ-10795,Anthony Johnson,Corporate,United States,Seattle,Washington,West,FUR-FU-10001475,Furniture,Furnishings,"Contract Clock, 14"", Brown",109.9,5,37.366,No,Online,,,,,,,,21.98,7.4732,34.0,5,3080.881,655.4408,4,703.552,69.4568,14,9.872305103247522,522441.052,67859.9582,92975.18,21466.6555,77924.542,18839.3111,509743.1262,57805.7991,451508.6452,10006.6112,92691.218,8034.4328,1773,1562,0,0,0.00414676983909763,99.58532301609023
2350,CA-2020-109701,2020-02-12,2020-03-12,Same Day,AM-10360,Alice McCarthy,Corporate,United States,Los Angeles,California,West,OFF-BI-10000632,Office Supplies,Binders,Satellite Sectional Post Binders,104.456,2,22.5732,No,Online,2020.0,1.0,2.0,February,12.0,Wednesday,29.0,52.228,11.2866,21.61024737688596,3,909.962,8.413,8,1689.6370000000002,365.5122,32,21.63258735456196,522441.052,67859.9582,335190.256,49372.175,120017.4405,19174.9301,509743.1262,57805.7991,643707.687,74797.2461,174978.38999999998,17885.3759,163,1562,0,0,0.005747472820141123,99.42525271798588
2705,CA-2020-156818,2020-11-07,,Second Class,JD-16015,Joy Daniels,Consumer,United States,New York City,New York,East,TEC-AC-10002323,Technology,Accessories,SanDisk Ultra 32 GB MicroSDHC Class 10 Memory Card,172.6,6,17.238,No,COD,2020.0,4.0,11.0,November,7.0,Saturday,,28.766666666666666,2.873,9.987253765932792,3,813.254,37.0494,6,719.46,18.785,25,2.6109860172907458,450234.666,53400.4243,186748.097,41012.0212,154919.699,34760.2974,753002.1291,81338.5875,470587.991,90458.2486,122301.086,25336.6455,568,1717,0,0,0.0018787690179142855,99.81212309820857
2867,US-2020-103828,,,Same Day,JK-15370,Jay Kimmel,Consumer,United States,San Francisco,California,West,OFF-SU-10000946,Office Supplies,Supplies,Staple remover,149.92,4,9.2568,Yes,Online,,,,,,,,37.48,2.3142,6.174493062966916,5,1584.784,162.954,4,660.216,34.2342,21,5.185302991748155,522441.052,67859.9582,335190.256,49372.175,80891.422,10475.5284,753002.1291,81338.5875,643707.687,74797.2461,36720.986,-1654.2767,163,1562,1,1,0.9975850355388725,99.75850355388725
3439,CA-2020-152583,,,Same Day,RA-19945,Ryan Akin,Consumer,United States,Dallas,Texas,Central,FUR-TA-10002041,Furniture,Tables,"Bevis Round Conference Table Top, X-Base",296.006,2,-68.1302,No,Online,,,,,,,,148.003,-34.0651,-23.016492908927525,2,740.742,-105.49580000000002,3,1354.178,-285.0711,11,-21.05122812510616,341007.5242,27450.0071,116261.9302,-14078.1598,20019.1136,-1983.7422,753002.1291,81338.5875,451508.6452,10006.6112,119293.743,-11091.6365,163,1562,0,0,0.0030719872260436907,99.69280127739563
8877,US-2019-141264,,,Standard Class,CT-11995,Carol Triggs,Consumer,United States,Irving,Texas,Central,OFF-AP-10002534,Office Supplies,Appliances,3.6 Cubic Foot Counter Height Office Refrigerator,58.924,1,-153.2024,No,COD,,,,,,,,58.924,-153.2024,-260.0,5,1592.7040000000002,-144.1947,4,2860.428,-412.468,15,-14.419800113829115,341007.5242,27450.0071,116261.9302,-14078.1598,516.724,-108.28040000000004,753002.1291,81338.5875,643707.687,74797.2461,80305.247,13166.6098,1773,1717,0,0,0.003738177096283425,99.62618229037166
4088,CA-2019-111913,2019-04-08,2019-06-08,Second Class,LC-16930,Linda Cazamias,Corporate,United States,Sacramento,California,West,OFF-BI-10000343,Office Supplies,Binders,"Pressboard Covers with Storage Hooks, 9 1/2"" x 11"", Light Blue",11.784,3,3.9771,No,Cards,2019.0,2.0,4.0,April,8.0,Monday,61.0,3.928,1.3257,33.75,7,4550.316,258.9256,8,506.596,-11.8822,34,-2.3454981879051555,522441.052,67859.9582,335190.256,49372.175,5860.974,1993.7971,509743.1262,57805.7991,643707.687,74797.2461,174978.38999999998,17885.3759,568,985,0,0,0.0008651023742938118,99.91348976257062
3546,CA-2020-121216,,,Second Class,MM-17920,Michael Moore,Consumer,United States,College Station,Texas,Central,OFF-AP-10001947,Office Supplies,Appliances,Acco 6 Outlet Guardian Premium Plus Surge Suppressor,355.312,8,-74.7456,No,Online,,,,,,,,44.414,-9.3432,-21.03661007790336,7,3748.946,399.9894000000001,5,764.1759999999999,-135.0184,27,-17.668495215761816,341007.5242,27450.0071,116261.9302,-14078.1598,969.042,-117.6224,753002.1291,81338.5875,643707.687,74797.2461,80305.247,13166.6098,568,1562,0,0,0.002858288270881094,99.71417117291189
6656,CA-2020-135937,,,Standard Class,KM-16375,Katherine Murray,Home Office,United States,Gilbert,Arizona,West,TEC-AC-10001114,Technology,Accessories,Microsoft Wireless Mobile Mouse 4000,131.992,1,4.7988,No,COD,,,,,,,,131.992,4.7988,3.635674889387236,4,2364.32,-11.454899999999991,4,869.852,183.954,15,21.147735476839745,522441.052,67859.9582,22914.556,-2761.11,1976.99,-142.1216,303059.0679,36117.7193,470587.991,90458.2486,122301.086,25336.6455,1773,1717,0,0,0.0028565142112727425,99.71434857887273
8157,CA-2019-131296,2019-04-10,2019-09-10,Standard Class,MS-17830,Melanie Seite,Consumer,United States,Baltimore,Maryland,East,FUR-TA-10002622,Furniture,Tables,"Bush Andora Conference Table, Maple/Graphite Gray Finish",239.372,2,-23.9372,No,Online,2019.0,2.0,4.0,April,10.0,Wednesday,153.0,119.686,-11.9686,-10.0,1,239.372,-23.9372,3,1204.664,-153.882,10,-12.773852294083662,450234.666,53400.4243,16090.103,3860.6173,5587.782,1118.9513,753002.1291,81338.5875,451508.6452,10006.6112,119293.743,-11091.6365,1773,1562,0,0,0.0006050093793412139,99.93949906206588
4273,US-2020-158505,,,Same Day,SF-20200,Sarah Foster,Consumer,United States,Murray,Utah,West,TEC-PH-10004071,Technology,Phones,PayAnywhere Card Reader,114.928,9,6.2937,No,Online,,,,,,,,12.769777777777778,0.6993,5.476211193094808,6,3312.938,315.89230000000003,5,555.8,17.4825,25,3.145465994962217,522441.052,67859.9582,5316.048,1054.5308,560.538,108.2966,753002.1291,81338.5875,470587.991,90458.2486,196563.546,22308.9179,163,1562,0,0,0.003288528983354449,99.67114710166456
9854,CA-2019-158155,2019-02-05,2019-06-05,Standard Class,EH-13765,Edward Hooks,Corporate,United States,New York City,New York,East,FUR-FU-10002253,Furniture,Furnishings,"Howard Miller 13"" Diameter Pewter Finish Round Wall Clock",214.7,5,83.733,No,Cards,2019.0,1.0,2.0,February,5.0,Tuesday,120.0,42.94,16.7466,39.0,9,9542.988,1164.6312,3,462.46,124.526,10,26.92686935086278,450234.666,53400.4243,186748.097,41012.0212,154919.699,34760.2974,509743.1262,57805.7991,451508.6452,10006.6112,92691.218,8034.4328,1773,985,0,0,0.0004049553484955872,99.95950446515045
7060,CA-2019-165330,2019-11-12,2019-11-12,Same Day,WB-21850,William Brown,Consumer,United States,Anaheim,California,West,OFF-AP-10001469,Office Supplies,Appliances,Fellowes 8 Outlet Superior Workstation Surge Protector,83.42,2,24.1918,No,COD,2019.0,4.0,11.0,November,12.0,Tuesday,0.0,41.71,12.0959,29.0,6,4426.225,695.1632999999999,2,220.55,60.4795,5,27.422126501927004,522441.052,67859.9582,335190.256,49372.175,7367.548,918.157,753002.1291,81338.5875,643707.687,74797.2461,80305.247,13166.6098,163,1717,0,0,0.0007283689900237645,99.92716310099762
7372,US-2020-123862,2020-07-01,2020-09-01,Second Class,JF-15190,Jamie Frazer,Consumer,United States,Long Beach,California,West,OFF-ST-10000760,Office Supplies,Storage,Eldon Fold 'N Roll Cart System,186.78,11,44.5962,No,Cards,2020.0,3.0,7.0,July,1.0,Wednesday,62.0,16.98,4.054200000000001,23.87632508833922,5,2570.43,519.7373,2,242.7,50.88720000000001,16,20.96711990111249,522441.052,67859.9582,335190.256,49372.175,6831.068,1241.1823,753002.1291,81338.5875,643707.687,74797.2461,150341.318,13607.0875,568,985,0,0,0.004142049820756701,99.58579501792433
7287,CA-2019-149965,,,Standard Class,BS-11365,Bill Shonely,Corporate,United States,Oklahoma City,Oklahoma,Central,TEC-AC-10004877,Technology,Accessories,Imation 30456 USB Flash Drive 8GB,6.9,1,0.552,No,Cards,,,,,,,,6.9,0.552,8.0,2,9199.78,2405.3645,3,44.16,-0.2759999999999998,7,-0.6249999999999996,341007.5242,27450.0071,17653.7,3431.8469,4453.400000000001,1007.0581,509743.1262,57805.7991,470587.991,90458.2486,122301.086,25336.6455,1773,985,0,0,0.0035477248054086048,99.64522751945914
849,CA-2020-107503,2020-01-01,2020-06-01,Standard Class,GA-14725,Guy Armstrong,Consumer,United States,Lorain,Ohio,East,FUR-FU-10003878,Furniture,Furnishings,"Linden 10"" Round Wall Clock, Black",145.896,4,8.5568,No,Online,2020.0,1.0,1.0,January,1.0,Wednesday,152.0,36.474,2.1392,5.8649997258321,5,2810.558,23.4824,5,645.808,26.2816,18,4.069568664370834,450234.666,53400.4243,68194.86,-9339.4223,880.447,101.6035,753002.1291,81338.5875,451508.6452,10006.6112,92691.218,8034.4328,1773,1562,0,0,0.002131261233514708,99.78687387664853
1217,US-2020-118087,2020-09-09,,Standard Class,SP-20620,Stefania Perrino,Corporate,United States,Philadelphia,Pennsylvania,East,TEC-AC-10004469,Technology,Accessories,Microsoft Sculpt Comfort Mouse,136.88,3,28.764,Yes,Online,2020.0,3.0,9.0,September,9.0,Wednesday,,45.626666666666665,9.588,21.01402688486265,5,5433.251,-337.2606,7,1609.58,441.048,31,27.401433914437305,450234.666,53400.4243,82354.95,-9297.7975,77305.44,-8065.9684,509743.1262,57805.7991,470587.991,90458.2486,122301.086,25336.6455,1773,1562,1,1,0.9937436694633288,99.37436694633288
9741,CA-2020-129294,,,Standard Class,KD-16615,Ken Dana,Corporate,United States,Los Angeles,California,West,OFF-AP-10001154,Office Supplies,Appliances,Bionaire Personal Warm Mist Humidifier/Vaporizer,186.67,3,54.8613,No,COD,,,,,,,,62.22333333333333,18.2871,29.38945733111909,4,1136.158,267.13890000000004,2,510.01,164.5839,9,32.270720181957216,522441.052,67859.9582,335190.256,49372.175,120017.4405,19174.9301,509743.1262,57805.7991,643707.687,74797.2461,80305.247,13166.6098,1773,1717,0,0,0.006287807605885718,99.37121923941142
8307,CA-2019-128671,2019-11-08,,Standard Class,MT-18070,Michelle Tran,Home Office,United States,Tulsa,Oklahoma,Central,OFF-BI-10003305,Office Supplies,Binders,Avery Hanging File Binders,41.86,7,19.2556,No,COD,2019.0,4.0,11.0,November,8.0,Friday,,5.98,2.7508000000000004,46.0,2,1117.5449999999998,72.5377,4,75.348,30.1392,14,40.0,341007.5242,27450.0071,17653.7,3431.8469,4595.06,1029.6495,303059.0679,36117.7193,643707.687,74797.2461,174978.38999999998,17885.3759,1773,1717,0,0,0.00025614170861101176,99.9743858291389
1354,CA-2020-162978,2020-04-05,2020-09-05,Standard Class,LW-16990,Lindsay Williams,Corporate,United States,San Francisco,California,West,OFF-PA-10002250,Office Supplies,Paper,Things To Do Today Pad,103.61,3,8.4528,No,Cards,2020.0,2.0,4.0,April,5.0,Sunday,153.0,34.53666666666667,2.8176,8.158285879741339,6,3669.308,662.8339,5,301.052,50.9516,21,16.924518023464383,522441.052,67859.9582,335190.256,49372.175,80891.422,10475.5284,509743.1262,57805.7991,643707.687,74797.2461,99453.612,21112.3779,1773,985,0,0,0.004241064091563804,99.57589359084362
7870,US-2020-166233,2020-03-07,2020-09-07,Standard Class,MO-17950,Michael Oakman,Consumer,United States,Jacksonville,North Carolina,South,TEC-AC-10002167,Technology,Accessories,Imation 8gb Micro Traveldrive Usb 2.0 Flash Drive,152.0,2,-2.7,No,COD,2020.0,1.0,3.0,March,7.0,Saturday,184.0,76.0,-1.35,-1.776315789473684,1,152.0,-2.7,6,651.0,21.0,20,3.225806451612903,252121.081,26551.7163,39705.125,-4827.692300000001,15390.086,-578.7137,753002.1291,81338.5875,470587.991,90458.2486,122301.086,25336.6455,1773,1717,0,0,0.002049867742460064,99.79501322575399
3591,CA-2020-146535,,,Standard Class,FM-14290,Frank Merwin,Home Office,United States,Richmond,Kentucky,South,OFF-ST-10001526,Office Supplies,Storage,Iceberg Mobile Mega Data/Printer Cart,1484.96,12,375.4296,No,COD,,,,,,,,123.74666666666668,31.2858,25.282135545738605,7,4737.662,174.0986,5,4694.21,1157.5746,37,24.659625368272827,252121.081,26551.7163,24352.73,5968.384,15487.14,4080.2061,303059.0679,36117.7193,643707.687,74797.2461,150341.318,13607.0875,1773,1717,0,0,0.0011082891126828944,99.88917108873171
1298,CA-2020-115427,,2021-03-01,Standard Class,EB-13975,Erica Bern,Corporate,United States,Fairfield,California,West,OFF-BI-10004632,Office Supplies,Binders,GBC Binding covers,496.72,2,6.475,Yes,Online,,,,,,,,248.36,3.2375,1.303551296505073,4,2401.255,162.8781,9,4231.905,-320.9535,29,-7.584137640140788,522441.052,67859.9582,335190.256,49372.175,11466.078,907.3211,509743.1262,57805.7991,643707.687,74797.2461,174978.38999999998,17885.3759,1773,1562,1,1,0.9980178893354862,99.80178893354862
4351,US-2020-100482,2020-11-04,,Standard Class,JL-15130,Jack Lebron,Consumer,United States,Lancaster,Ohio,East,OFF-ST-10001325,Office Supplies,Storage,Sterilite Officeware Hinged File Box,92.768,2,1.4672,No,Online,2020.0,4.0,11.0,November,4.0,Wednesday,,46.384,0.7336,1.5815798551224562,4,2006.3,-217.1816,10,1265.4,69.5872,32,5.499225541330803,450234.666,53400.4243,68194.86,-9339.4223,10203.038,-7207.3791,753002.1291,81338.5875,643707.687,74797.2461,150341.318,13607.0875,1773,1562,0,0,0.0016873478171353894,99.83126521828646
3854,US-2020-131849,2020-06-06,2020-10-06,Standard Class,GH-14410,Gary Hansen,Home Office,United States,San Francisco,California,West,FUR-FU-10004164,Furniture,Furnishings,"Eldon 300 Class Desk Accessories, Black",110.95,1,2.178,No,Online,2020.0,2.0,6.0,June,6.0,Saturday,122.0,110.95,2.178,1.963046417305092,6,3016.8590000000004,-669.1449,2,135.7,13.068,6,9.63006632277082,522441.052,67859.9582,335190.256,49372.175,80891.422,10475.5284,303059.0679,36117.7193,451508.6452,10006.6112,92691.218,8034.4328,1773,1562,0,0,0.0028127686314790537,99.71872313685209
8479,CA-2020-158736,,,Standard Class,TT-21460,Tonja Turnell,Home Office,United States,San Francisco,California,West,OFF-AR-10002578,Office Supplies,Art,Newell 335,293.76,2,1.6704,No,Online,,,,,,,,146.88,0.8352,0.5686274509803922,6,4209.696,843.3818000000001,2,302.4,4.176,5,1.3809523809523812,522441.052,67859.9582,335190.256,49372.175,80891.422,10475.5284,303059.0679,36117.7193,643707.687,74797.2461,50762.976,3635.9257,1773,1562,0,0,0.005298644328491994,99.47013556715079
2240,CA-2019-146633,,,Second Class,TG-21310,Toby Gnade,Consumer,United States,Los Angeles,California,West,OFF-BI-10003527,Office Supplies,Binders,Fellowes PB500 Electric Punch Plastic Comb Binding Machine with Manual Bind,1016.792,1,381.297,No,COD,,,,,,,,1016.792,381.297,37.5,3,2211.848,880.5,5,9756.524,-508.3960000000002,16,-5.210831234566738,522441.052,67859.9582,335190.256,49372.175,120017.4405,19174.9301,753002.1291,81338.5875,643707.687,74797.2461,174978.38999999998,17885.3759,568,1717,0,0,0.014797815192457089,98.5202184807543
2174,CA-2019-112025,,2019-04-08,Standard Class,LS-16975,Lindsay Shagiari,Home Office,United States,Houston,Texas,Central,OFF-BI-10002353,Office Supplies,Binders,GBC VeloBind Cover Sets,9.264,3,-13.896,No,COD,,,,,,,,3.088,-4.632000000000001,-150.00000000000003,5,2705.848,232.9972,8,558.04,0.0,32,0.0,341007.5242,27450.0071,116261.9302,-14078.1598,45159.5078,-7197.716,303059.0679,36117.7193,643707.687,74797.2461,174978.38999999998,17885.3759,1773,1717,0,0,0.0024873699441689107,99.75126300558311
5581,CA-2020-137498,2020-09-09,,Second Class,LC-17050,Liz Carlisle,Consumer,United States,Los Angeles,California,West,OFF-PA-10000143,Office Supplies,Paper,Astroparche Fine Business Paper,145.52,9,22.8096,No,COD,2020.0,3.0,9.0,September,9.0,Wednesday,,16.16888888888889,2.5344,15.674546454095657,3,1595.96,214.867,4,307.824,49.4208,22,16.054888507718694,522441.052,67859.9582,335190.256,49372.175,120017.4405,19174.9301,753002.1291,81338.5875,643707.687,74797.2461,99453.612,21112.3779,568,1717,0,0,0.007985234635158524,99.20147653648415
5429,CA-2019-113096,2019-02-09,2019-04-09,First Class,SZ-20035,Sam Zeldin,Home Office,United States,San Francisco,California,West,OFF-ST-10003455,Office Supplies,Storage,"Tenex File Box, Personal Filing Tote with Lid, Black",46.53,3,12.0978,No,Cards,2019.0,1.0,2.0,February,9.0,Saturday,59.0,15.51,4.0326,26.0,7,2086.032,99.7474,5,399.67,57.0768,18,14.280981809993245,522441.052,67859.9582,335190.256,49372.175,80891.422,10475.5284,303059.0679,36117.7193,643707.687,74797.2461,150341.318,13607.0875,499,985,0,0,0.0005740657440530098,99.9425934255947
2271,CA-2020-164917,2020-02-12,2020-07-12,Standard Class,MK-17905,Michael Kennedy,Corporate,United States,Miami,Florida,South,OFF-AR-10004344,Office Supplies,Art,Bulldog Vacuum Base Pencil Sharpener,118.96,5,4.1965,No,COD,2020.0,1.0,2.0,February,12.0,Wednesday,151.0,23.792,0.8393,3.5276563550773377,6,2173.58,-449.1785000000001,5,594.964,55.3938,26,9.310445674023974,252121.081,26551.7163,49914.999,-227.7464999999999,5294.872,357.7836,509743.1262,57805.7991,643707.687,74797.2461,50762.976,3635.9257,1773,1717,0,0,0.0016346621769096777,99.83653378230903
3897,CA-2020-134285,2020-07-12,2020-12-12,Standard Class,DS-13180,David Smith,Corporate,United States,San Antonio,Texas,Central,OFF-FA-10000611,Office Supplies,Fasteners,Binder Clips by OIC,1015.552,3,1.2432,No,COD,2020.0,3.0,7.0,July,12.0,Sunday,153.0,338.51733333333334,0.4144,0.1224161835139904,5,2435.4488,-76.47229999999999,4,1352.72,9.176,15,0.6783369803063457,341007.5242,27450.0071,116261.9302,-14078.1598,6085.871,-23.198200000000003,509743.1262,57805.7991,643707.687,74797.2461,15205.238,598.4175,1773,1717,0,0,0.0027469373571335086,99.72530626428664
6560,CA-2019-160941,,,Standard Class,DK-12835,Damala Kotsonis,Corporate,United States,Roseville,California,West,OFF-EN-10003001,Office Supplies,Envelopes,Ames Color-File Green Diamond Border X-ray Mailers,419.9,5,197.353,No,COD,,,,,,,,83.97999999999999,39.470600000000005,47.0,8,3265.2200000000003,534.6098000000001,3,782.82,355.2354,9,45.37893768682455,522441.052,67859.9582,335190.256,49372.175,1731.606,596.4723,509743.1262,57805.7991,643707.687,74797.2461,16542.464,3508.5073,1773,1717,0,0,0.004613481138521321,99.53865188614786
7255,CA-2019-152730,,2019-04-06,Standard Class,EM-14140,Eugene Moren,Home Office,United States,Superior,Wisconsin,Central,FUR-FU-10001037,Furniture,Furnishings,"DAX Charcoal/Nickel-Tone Document Frame, 5 x 7",47.4,5,21.33,No,COD,,,,,,,,9.48,4.266,44.99999999999999,4,4163.8,1045.7404,6,645.16,46.452,22,7.200074400148801,341007.5242,27450.0071,21490.09,5252.5593,1282.61,509.1174,303059.0679,36117.7193,451508.6452,10006.6112,92691.218,8034.4328,1773,1717,0,0,0.002920959702320765,99.70790402976792
5826,CA-2020-161067,2020-03-09,2020-06-09,Second Class,KB-16405,Katrina Bavinger,Home Office,United States,New York City,New York,East,OFF-PA-10000418,Office Supplies,Paper,Xerox 189,469.4,4,201.312,No,Cards,2020.0,1.0,3.0,March,9.0,Monday,92.0,117.35,50.328,42.887089902002565,2,1090.661,230.9146,5,1751.6,696.204,18,39.74674583238182,450234.666,53400.4243,186748.097,41012.0212,154919.699,34760.2974,303059.0679,36117.7193,643707.687,74797.2461,99453.612,21112.3779,568,985,0,0,0.002663370812639808,99.73366291873602
4355,CA-2020-153654,,,Second Class,MD-17860,Michael Dominguez,Corporate,United States,Asheville,North Carolina,South,OFF-BI-10004465,Office Supplies,Binders,Avery Durable Slant Ring Binders,132.008,8,-12.672,No,COD,,,,,,,,16.501,-1.584,-9.599418217077751,4,1410.126,43.298100000000005,5,274.48,-23.76,19,-8.656368405712621,252121.081,26551.7163,39705.125,-4827.692300000001,1892.232,80.4864,509743.1262,57805.7991,643707.687,74797.2461,174978.38999999998,17885.3759,568,1717,0,0,0.0018620540840435307,99.81379459159565
7515,US-2020-167920,2020-09-12,2020-12-12,Second Class,JL-15835,John Lee,Consumer,United States,Richmond,Kentucky,South,OFF-BI-10004236,Office Supplies,Binders,"XtraLife ClearVue Slant-D Ring Binder, White, 3""",137.36,2,13.5056,No,Cards,2020.0,3.0,9.0,September,12.0,Saturday,91.0,68.68,6.7528,9.832265579499126,7,8765.332,839.955,9,501.364,49.912,35,9.955242099552422,252121.081,26551.7163,24352.73,5968.384,15487.14,4080.2061,753002.1291,81338.5875,643707.687,74797.2461,174978.38999999998,17885.3759,568,985,0,0,0.0018740005362131709,99.81259994637868
6155,CA-2020-151484,,,First Class,CV-12805,Cynthia Voltz,Corporate,United States,Philadelphia,Pennsylvania,East,OFF-ST-10002370,Office Supplies,Storage,"Sortfiler Multipurpose Personal File Organizer, Black",133.336,3,5.7753,No,Cards,,,,,,,,44.44533333333334,1.9251,4.331388372232555,9,3511.3136,98.9975,4,524.854,94.116,20,17.931843903256905,450234.666,53400.4243,82354.95,-9297.7975,77305.44,-8065.9684,509743.1262,57805.7991,643707.687,74797.2461,150341.318,13607.0875,499,985,0,0,0.0018204479554328864,99.81795520445671
5139,CA-2020-128335,,2020-05-10,Standard Class,JA-15970,Joseph Airdo,Consumer,United States,Mount Vernon,New York,East,OFF-EN-10001539,Office Supplies,Envelopes,Staple envelope,131.34,3,10.9698,No,Cards,,,,,,,,43.78,3.6566,8.352215623572407,6,6262.709000000001,-916.3555,1,131.34,10.9698,3,8.352215623572407,450234.666,53400.4243,186748.097,41012.0212,2352.6,630.4329,753002.1291,81338.5875,643707.687,74797.2461,16542.464,3508.5073,1773,985,0,0,0.0023932421506265115,99.76067578493735
3349,CA-2020-154732,2020-05-11,2020-07-11,First Class,AH-10195,Alan Haines,Corporate,United States,Chicago,Illinois,Central,OFF-BI-10000474,Office Supplies,Binders,Avery Recycled Flexi-View Covers for Binding Systems,106.03,5,-25.648,No,COD,2020.0,2.0,5.0,May,11.0,Monday,61.0,21.206,-5.1296,-24.18938036404791,3,1779.512,-365.9981,4,417.431,-26.6098,18,-6.374658326765381,341007.5242,27450.0071,64224.33,-9554.6539,39993.161,-6497.3566,509743.1262,57805.7991,643707.687,74797.2461,174978.38999999998,17885.3759,499,1717,0,0,0.002190732049925352,99.78092679500746
5330,CA-2019-111941,,,Second Class,BD-11620,Brian DeCherney,Consumer,United States,New York City,New York,East,OFF-BI-10001524,Office Supplies,Binders,GBC Premium Transparent Covers with Diagonal Lined Pattern,33.568,2,11.7488,No,COD,,,,,,,,16.784,5.8744,35.0,5,1282.422,98.0161,9,1242.284,83.0808,42,6.687746119244875,450234.666,53400.4243,186748.097,41012.0212,154919.699,34760.2974,753002.1291,81338.5875,643707.687,74797.2461,174978.38999999998,17885.3759,568,1717,0,0,0.0027535435645990084,99.7246456435401
9702,CA-2019-105291,,2019-04-11,Standard Class,SP-20920,Susan Pistek,Consumer,United States,San Luis Obispo,California,West,OFF-FA-10003059,Office Supplies,Fasteners,Assorted Color Push Pins,3.62,2,1.1946,No,Cards,,,,,,,,1.81,0.5973,33.0,5,4517.869,-9.526600000000002,3,526.136,2.8598000000000003,6,0.5435476758860828,522441.052,67859.9582,335190.256,49372.175,3.62,1.1946,753002.1291,81338.5875,643707.687,74797.2461,15205.238,598.4175,1773,985,0,0,0.006481445250160013,99.35185547498399
855,CA-2019-123274,,,Standard Class,GT-14710,Greg Tran,Consumer,United States,New York City,New York,East,OFF-ST-10000736,Office Supplies,Storage,Carina Double Wide Media Storage Towers in Natural & Black,242.94,3,9.7176,No,COD,,,,,,,,80.98,3.2392,4.0,8,3629.154,450.4581,6,1555.524,-48.588,15,-3.123577649718037,450234.666,53400.4243,186748.097,41012.0212,154919.699,34760.2974,753002.1291,81338.5875,643707.687,74797.2461,150341.318,13607.0875,1773,1717,0,0,0.0019261661574360531,99.8073833842564
2229,CA-2019-139157,2019-01-10,2019-05-10,Standard Class,GM-14680,Greg Matthias,Consumer,United States,New York City,New York,East,FUR-TA-10003238,Furniture,Tables,"Chromcraft Bull-Nose Wood 48"" x 96"" Rectangular Conference Tables",330.588,1,-115.7058,No,Cards,2019.0,1.0,1.0,January,10.0,Thursday,120.0,330.588,-115.7058,-35.0,4,1351.564,-179.0505,3,2644.704,-33.05879999999996,6,-1.2499999999999984,450234.666,53400.4243,186748.097,41012.0212,154919.699,34760.2974,753002.1291,81338.5875,451508.6452,10006.6112,119293.743,-11091.6365,1773,985,0,0,0.0004051556963654079,99.95948443036346
2024,CA-2019-168354,,,First Class,RH-19510,Rick Huthwaite,Home Office,United States,Providence,Rhode Island,East,FUR-CH-10004675,Furniture,Chairs,"Lifetime Advantage Folding Chairs, 4/Carton",872.32,4,244.2496,No,Cards,,,,,,,,218.08,61.0624,28.0,3,5973.97,1152.8245,4,3297.5840000000003,715.3024,16,21.6917112649746,450234.666,53400.4243,13602.71,5627.4571,10165.32,4353.5854,303059.0679,36117.7193,451508.6452,10006.6112,181945.998,13406.7032,499,985,0,0,0.0032757018858349646,99.6724298114165
2940,US-2019-169040,2019-06-12,2019-12-12,Standard Class,GT-14710,Greg Tran,Consumer,United States,Seattle,Washington,West,OFF-BI-10001658,Office Supplies,Binders,GBC Standard Therm-A-Bind Covers,59.808,3,19.4376,No,Online,2019.0,2.0,6.0,June,12.0,Wednesday,183.0,19.936,6.4792,32.5,8,3629.154,450.4581,7,441.072,-6.977600000000001,22,-1.5819639423948924,522441.052,67859.9582,92975.18,21466.6555,77924.542,18839.3111,753002.1291,81338.5875,643707.687,74797.2461,174978.38999999998,17885.3759,1773,1562,0,0,0.0007033035399353305,99.92966964600647
4835,CA-2020-167661,2020-05-10,2020-10-10,Standard Class,MP-18175,Mike Pelletier,Home Office,United States,San Francisco,California,West,OFF-BI-10002571,Office Supplies,Binders,"Avery Framed View Binder, EZD Ring (Locking), Navy, 1 1/2""",133.92,5,13.473,No,Online,2020.0,2.0,5.0,May,10.0,Sunday,153.0,26.784,2.6946000000000003,10.060483870967744,5,2544.608,-175.95870000000002,3,226.892,0.9980000000000012,10,0.4398568481920919,522441.052,67859.9582,335190.256,49372.175,80891.422,10475.5284,303059.0679,36117.7193,643707.687,74797.2461,174978.38999999998,17885.3759,1773,1562,0,0,0.00794206980391494,99.2057930196085
1641,CA-2019-157266,,2019-01-06,Standard Class,TB-21280,Toby Braunhardt,Consumer,United States,Washington,District of Columbia,East,OFF-PA-10004675,Office Supplies,Paper,"Telephone Message Books with Fax/Mobile Section, 5 1/2"" x 3 3/16""",12.7,2,5.842,No,COD,,,,,,,,6.35,2.921,46.0,3,1396.936,290.8161,6,464.06,40.767,17,8.784855406628452,450234.666,53400.4243,419.83,85.2758,419.83,85.2758,753002.1291,81338.5875,643707.687,74797.2461,99453.612,21112.3779,1773,1717,0,0,0.0018699344364176266,99.81300655635825
4486,CA-2019-109365,2019-03-11,2019-08-11,Standard Class,XP-21865,Xylona Preis,Consumer,United States,Los Angeles,California,West,OFF-PA-10000477,Office Supplies,Paper,Xerox 22,19.44,3,9.3312,No,Cards,2019.0,1.0,3.0,March,11.0,Monday,153.0,6.48,3.1104000000000003,48.00000000000001,7,1797.694,394.4678,4,283.656,29.4024,14,10.365513156781454,522441.052,67859.9582,335190.256,49372.175,120017.4405,19174.9301,753002.1291,81338.5875,643707.687,74797.2461,99453.612,21112.3779,1773,985,0,0,0.001217323381574739,99.87826766184253
5219,CA-2020-167080,2020-10-06,,Standard Class,LC-16930,Linda Cazamias,Corporate,United States,New York City,New York,East,OFF-AR-10001868,Office Supplies,Art,Prang Dustless Chalk Sticks,102.4,5,4.2,No,COD,2020.0,4.0,10.0,October,6.0,Tuesday,,20.48,0.8400000000000001,4.1015625,7,4550.316,258.9256,4,226.504,10.584,13,4.672765160880161,450234.666,53400.4243,186748.097,41012.0212,154919.699,34760.2974,509743.1262,57805.7991,643707.687,74797.2461,50762.976,3635.9257,1773,1717,0,0,0.0016683916773142806,99.83316083226858
3090,US-2020-159205,,2020-02-04,Second Class,DB-12910,Daniel Byrd,Home Office,United States,Henderson,Kentucky,South,TEC-PH-10000526,Technology,Phones,Vtech CS6719,706.93,7,188.1404,No,Cards,,,,,,,,100.99,26.8772,26.61372413110209,7,2355.231,427.746,3,1245.484,215.0176,13,17.26377857925112,252121.081,26551.7163,24352.73,5968.384,11188.968,2912.5989,303059.0679,36117.7193,470587.991,90458.2486,196563.546,22308.9179,568,985,0,0,0.0012551901743165317,99.87448098256834
7132,CA-2020-141439,,2020-01-12,Standard Class,TT-21460,Tonja Turnell,Home Office,United States,Richmond,Indiana,Central,FUR-TA-10001039,Furniture,Tables,KI Adjustable-Height Table,280.94,3,67.0644,No,Online,,,,,,,,93.64666666666666,22.3548,23.871431622410483,6,4209.696,843.3818000000001,5,1492.381,-282.8742,26,-18.95455651070336,341007.5242,27450.0071,32039.23,15524.6596,15487.14,4080.2061,303059.0679,36117.7193,451508.6452,10006.6112,119293.743,-11091.6365,1773,1562,0,0,0.002495255402147121,99.7504744597853
1306,CA-2019-101966,,,Second Class,BM-11785,Bryan Mills,Consumer,United States,Houston,Texas,Central,TEC-PH-10003437,Technology,Phones,Blue Parrot B250XT Professional Grade Wireless Bluetooth Headset with,419.944,7,52.493,No,COD,,,,,,,,59.992,7.499,12.5,4,598.44,63.302,4,1352.836,127.483,21,9.423389087812566,341007.5242,27450.0071,116261.9302,-14078.1598,45159.5078,-7197.716,753002.1291,81338.5875,470587.991,90458.2486,196563.546,22308.9179,568,1717,0,0,0.0016400712906124051,99.83599287093877
1908,US-2019-150567,,,Standard Class,RP-19855,Roy Phan,Corporate,United States,Apopka,Florida,South,OFF-BI-10000069,Office Supplies,Binders,"GBC Prepunched Paper, 19-Hole, for Binding Systems, 24-lb",27.018,6,-21.6144,No,COD,,,,,,,,4.503,-3.6024,-80.0,5,954.54,162.8538,5,455.633,29.419600000000003,21,6.456863308847252,252121.081,26551.7163,49914.999,-227.7464999999999,711.4019999999999,19.665,509743.1262,57805.7991,643707.687,74797.2461,174978.38999999998,17885.3759,1773,1717,0,0,0.001669744042207579,99.83302559577925
514,CA-2020-163405,,,Standard Class,BN-11515,Bradley Nguyen,Consumer,United States,Los Angeles,California,West,OFF-AR-10003811,Office Supplies,Art,Newell 327,420.63,3,1.7901,No,Cards,,,,,,,,140.21,0.5967,0.4255759218315385,3,1690.634,155.3343,3,826.15,8.9505,15,1.0833988985051142,522441.052,67859.9582,335190.256,49372.175,120017.4405,19174.9301,753002.1291,81338.5875,643707.687,74797.2461,50762.976,3635.9257,1773,985,0,0,0.005436060896621354,99.45639391033787
4141,CA-2020-127313,2020-01-12,2020-04-12,First Class,RA-19285,Ralph Arnett,Consumer,United States,Philadelphia,Pennsylvania,East,FUR-FU-10003798,Furniture,Furnishings,"Ultra Door Kickplate, 8""H x 34""W",182.12,5,13.846,No,Online,2020.0,1.0,1.0,January,12.0,Sunday,91.0,36.424,2.7692,7.602679551943773,5,2009.67,310.89820000000003,2,261.24,27.692,10,10.60021436227224,450234.666,53400.4243,82354.95,-9297.7975,77305.44,-8065.9684,753002.1291,81338.5875,451508.6452,10006.6112,92691.218,8034.4328,499,1562,0,0,0.003416692307762959,99.6583307692237
2775,CA-2020-143455,2020-11-11,,Standard Class,ML-17755,Max Ludwig,Home Office,United States,Springfield,Ohio,East,OFF-PA-10004451,Office Supplies,Paper,Xerox 222,111.368,2,3.6288,No,Online,2020.0,4.0,11.0,November,11.0,Wednesday,,55.684,1.8144,3.2583866101573165,7,2649.914,409.5112,5,386.944,35.7696,14,9.244128349321866,450234.666,53400.4243,68194.86,-9339.4223,26563.202,1508.6366,303059.0679,36117.7193,643707.687,74797.2461,99453.612,21112.3779,1773,1562,0,0,0.0011379971403090309,99.8862002859691
4182,US-2020-136868,2020-06-10,2020-12-10,Standard Class,CR-12820,Cyra Reiten,Home Office,United States,New York City,New York,East,TEC-AC-10001539,Technology,Accessories,Logitech G430 Surround Sound Gaming Headset with Dolby 7.1 Technology,331.96,4,115.1856,No,Online,2020.0,2.0,6.0,June,10.0,Wednesday,183.0,82.99,28.7964,34.69863839016749,2,1631.7524,81.1383,3,916.9,287.964,10,31.406260224670085,450234.666,53400.4243,186748.097,41012.0212,154919.699,34760.2974,303059.0679,36117.7193,470587.991,90458.2486,122301.086,25336.6455,1773,1562,0,0,0.002931357310285126,99.70686426897149
9011,CA-2020-127803,,,Standard Class,ND-18460,Neil Ducich,Corporate,United States,Huntsville,Alabama,South,OFF-BI-10001787,Office Supplies,Binders,Wilson Jones Four-Pocket Poly Binders,131.16,4,12.8184,No,COD,,,,,,,,32.79,3.2046,9.773101555352245,3,2644.1000000000004,379.2476,3,371.32,12.2952,12,3.311214047183024,252121.081,26551.7163,11884.58,3336.3075000000003,6929.0068,365.9029000000001,509743.1262,57805.7991,643707.687,74797.2461,174978.38999999998,17885.3759,1773,1717,0,0,0.0019236425193364895,99.80763574806635
2634,US-2020-110604,,,Standard Class,JF-15295,Jason Fortune-,Consumer,United States,Seattle,Washington,West,FUR-CH-10004287,Furniture,Chairs,SAFCO Arco Folding Chair,265.96,1,24.858,No,Online,,,,,,,,265.96,24.858,9.346518273424577,4,1020.848,50.3258,6,4748.780000000001,745.74,20,15.703822876612517,522441.052,67859.9582,92975.18,21466.6555,77924.542,18839.3111,753002.1291,81338.5875,451508.6452,10006.6112,181945.998,13406.7032,1773,1562,0,0,0.00363065302481983,99.63693469751802
3829,CA-2020-141733,2020-07-05,2020-11-05,Standard Class,RW-19540,Rick Wilson,Corporate,United States,Detroit,Michigan,Central,FUR-CH-10002019,Furniture,Chairs,SAFCO Optional Arm Kit for Workspace Cribbage Stacking Chair,131.64,1,7.4592,No,Online,2020.0,3.0,7.0,July,5.0,Sunday,123.0,131.64,7.4592,5.666362807657248,4,7035.446,1660.8355,3,448.856,9.5904,7,2.1366317928244247,341007.5242,27450.0071,48504.684,17480.280600000002,26631.206,10803.1896,509743.1262,57805.7991,451508.6452,10006.6112,181945.998,13406.7032,1773,1562,0,0,0.002901976572845077,99.70980234271549
8947,CA-2020-148355,,,Standard Class,NC-18535,Nick Crebassa,Corporate,United States,New Bedford,Massachusetts,East,OFF-PA-10001972,Office Supplies,Paper,Xerox 214,334.44,3,9.3312,No,Cards,,,,,,,,111.48,3.1104000000000003,2.7900968783638325,5,6700.561000000001,623.8227,6,778.528,49.7664,21,6.392371244194171,450234.666,53400.4243,14302.34,2768.8647,1159.77,26.9961,509743.1262,57805.7991,643707.687,74797.2461,99453.612,21112.3779,1773,985,0,0,0.0027138928557466826,99.72861071442534
7486,CA-2020-135111,,2021-02-01,Standard Class,CS-12400,Christopher Schild,Home Office,United States,Fargo,North Dakota,Central,OFF-BI-10004040,Office Supplies,Binders,Wilson Jones Impact Binders,296.9,5,12.691,No,Online,,,,,,,,59.38,2.5382,4.27450319973055,7,4075.3985,-499.1297,6,656.016,2.5382000000000016,21,0.3869112948464674,341007.5242,27450.0071,1952.91,230.1497,1952.91,230.1497,303059.0679,36117.7193,643707.687,74797.2461,174978.38999999998,17885.3759,1773,1562,0,0,0.0016332452001337253,99.83667547998662
3526,CA-2020-148922,2020-10-12,,Second Class,SU-20665,Stephanie Ulpright,Home Office,United States,Jackson,Mississippi,South,TEC-AC-10001838,Technology,Accessories,Razer Tiamat Over Ear 7.1 Surround Sound PC Gaming Headset,106.97,3,257.9871,No,COD,2020.0,4.0,10.0,October,12.0,Monday,,35.656666666666666,85.9957,241.17705898850144,6,2949.564,687.0718999999999,5,2976.83,1461.9269000000002,17,49.11019104214887,252121.081,26551.7163,8924.02,2504.2418,22696.316,6388.0094,303059.0679,36117.7193,470587.991,90458.2486,122301.086,25336.6455,568,1717,0,0,0.0008675166244784278,99.91324833755215
6031,US-2020-152492,2020-06-07,2020-06-07,Same Day,AH-10585,Angele Hood,Consumer,United States,Miami,Florida,South,FUR-CH-10000155,Furniture,Chairs,Global Comet Stacking Armless Chair,288.24,1,23.924,No,COD,2020.0,2.0,6.0,June,7.0,Sunday,0.0,288.24,23.924,8.300027754648903,3,463.624,42.371,3,1712.87,322.974,6,18.855721683490284,252121.081,26551.7163,49914.999,-227.7464999999999,5294.872,357.7836,753002.1291,81338.5875,451508.6452,10006.6112,181945.998,13406.7032,163,1717,0,0,0.0011799458531414786,99.88200541468585
5748,CA-2019-113733,2019-08-12,2019-12-12,Standard Class,LH-16900,Lena Hernandez,Consumer,United States,Greenville,North Carolina,South,TEC-AC-10002473,Technology,Accessories,Maxell 4.7GB DVD-R,68.112,3,17.8794,No,Online,2019.0,3.0,8.0,August,12.0,Monday,122.0,22.704,5.9598,26.25,4,872.342,122.8709,7,956.684,200.079,25,20.91380225863504,252121.081,26551.7163,39705.125,-4827.692300000001,865.8399999999999,23.0072,753002.1291,81338.5875,470587.991,90458.2486,122301.086,25336.6455,1773,1562,0,0,0.00023311811770546857,99.97668818822946
3561,CA-2020-109757,2020-04-09,2020-09-09,Second Class,MD-17350,Maribeth Dona,Consumer,United States,Akron,Ohio,East,OFF-AR-10002335,Office Supplies,Art,DIXON Oriole Pencils,125.256,4,0.6192,No,COD,2020.0,2.0,4.0,April,9.0,Thursday,153.0,31.314,0.1548,0.4943475761640161,4,1653.158,-209.7186,4,338.64,3.4572,9,1.0209071580439404,450234.666,53400.4243,68194.86,-9339.4223,2754.528,-98.7128,753002.1291,81338.5875,643707.687,74797.2461,50762.976,3635.9257,568,1717,0,0,0.0023785475634173544,99.76214524365827
7947,CA-2020-134194,,2021-01-01,Standard Class,GA-14725,Guy Armstrong,Consumer,United States,Dallas,Texas,Central,OFF-BI-10001116,Office Supplies,Binders,"Wilson Jones 1"" Hanging DublLock Ring Binders",339.168,3,-5.0688,Yes,Cards,,,,,,,,113.056,-1.6896000000000002,-1.494480611378432,5,2810.558,23.4824,6,678.304,-9.081599999999998,26,-1.3388687078360142,341007.5242,27450.0071,116261.9302,-14078.1598,20019.1136,-1983.7422,753002.1291,81338.5875,643707.687,74797.2461,174978.38999999998,17885.3759,1773,985,1,1,0.9960965968936722,99.60965968936722
6122,CA-2020-143378,,,Standard Class,JR-16210,Justin Ritter,Corporate,United States,Springfield,Oregon,West,FUR-BO-10001972,Furniture,Bookcases,O'Sullivan 4-Shelf Bookcase in Odessa Pine,111.588,2,-128.2388,No,Cards,,,,,,,,55.794,-64.1194,-114.92167616589596,4,1739.566,299.985,5,1392.277,-454.8848,27,-32.672004206059576,522441.052,67859.9582,10530.43,-942.9719,26563.202,1508.6366,509743.1262,57805.7991,451508.6452,10006.6112,57577.6862,-342.88830000000013,1773,985,0,0,0.003702314436261158,99.62976855637389
5763,CA-2020-158169,2020-12-08,,First Class,JM-16195,Justin MacKendrick,Consumer,United States,Lake Forest,California,West,FUR-FU-10001473,Furniture,Furnishings,DAX Wood Document Frame,157.92,4,19.7712,No,COD,2020.0,4.0,12.0,December,8.0,Tuesday,,39.48,4.9428,12.519756838905776,5,1265.142,258.5446,6,1350.652,108.9861,21,8.069147345134054,522441.052,67859.9582,335190.256,49372.175,1741.536,327.5314,753002.1291,81338.5875,451508.6452,10006.6112,92691.218,8034.4328,499,1717,0,0,0.005953580370768886,99.40464196292311
8514,CA-2020-141614,2020-05-06,2020-09-06,Standard Class,NS-18640,Noel Staavos,Corporate,United States,Orlando,Florida,South,OFF-PA-10002787,Office Supplies,Paper,Xerox 227,118.736,4,7.2576,No,COD,2020.0,2.0,5.0,May,6.0,Wednesday,123.0,29.684,1.8144,6.112383775771459,7,1929.574,-397.6426,6,653.792,39.1392,18,5.986491116440703,252121.081,26551.7163,49914.999,-227.7464999999999,2222.27,371.2573,509743.1262,57805.7991,643707.687,74797.2461,99453.612,21112.3779,1773,1717,0,0,0.001206089797896591,99.87939102021033
6374,CA-2020-143035,2020-03-10,2020-05-10,Second Class,CC-12430,Chuck Clark,Home Office,United States,New York City,New York,East,TEC-AC-10002049,Technology,Accessories,Logitech G19 Programmable Gaming Keyboard,403.97,3,66.9546,No,COD,2020.0,1.0,3.0,March,10.0,Tuesday,61.0,134.65666666666667,22.3182,16.574151545906872,9,3442.286,364.2663,8,6530.756,1856.6766,32,28.429734627966504,450234.666,53400.4243,186748.097,41012.0212,154919.699,34760.2974,303059.0679,36117.7193,470587.991,90458.2486,122301.086,25336.6455,568,1717,0,0,0.0015772357728122965,99.84227642271877
9806,CA-2019-136322,,,Standard Class,AP-10720,Anne Pryor,Home Office,United States,Fort Lauderdale,Florida,South,FUR-FU-10002878,Furniture,Furnishings,"Seth Thomas 14"" Day/Date Wall Clock",45.568,2,9.6832,No,COD,,,,,,,,22.784,4.8416,21.25,6,1599.316,232.5013,2,68.352,14.5248,3,21.25,252121.081,26551.7163,49914.999,-227.7464999999999,3704.299,-24.445300000000003,303059.0679,36117.7193,451508.6452,10006.6112,92691.218,8034.4328,1773,1717,0,0,0.001370951237261482,99.86290487627384
3338,US-2020-109253,,,First Class,PR-18880,Patrick Ryan,Consumer,United States,Oakland,California,West,FUR-TA-10001539,Furniture,Tables,Chromcraft Rectangular Conference Tables,590.728,3,28.4364,Yes,Online,,,,,,,,196.9093333333333,9.4788,4.813789087363389,2,1986.93,207.3481,5,1857.578,-47.394,10,-2.551386805829957,522441.052,67859.9582,335190.256,49372.175,4523.062,778.443,753002.1291,81338.5875,451508.6452,10006.6112,119293.743,-11091.6365,499,1562,1,1,0.9989039479591278,99.89039479591278
9386,CA-2020-163097,,,Standard Class,SF-20200,Sarah Foster,Consumer,United States,Mesa,Arizona,West,FUR-FU-10004973,Furniture,Furnishings,Flat Face Poster Frame,167.576,8,33.1584,No,COD,,,,,,,,20.947,4.1448,19.78708168234115,6,3312.938,315.89230000000003,9,854.32,29.0136,37,3.3961045041670563,522441.052,67859.9582,22914.556,-2761.11,2243.16,-88.6188,753002.1291,81338.5875,451508.6452,10006.6112,92691.218,8034.4328,1773,1717,0,0,0.004392376703797321,99.56076232962026
267,CA-2020-136826,,,Standard Class,CB-12535,Claudia Bergmann,Corporate,United States,Chapel Hill,North Carolina,South,OFF-AR-10003602,Office Supplies,Art,"Quartet Omega Colored Chalk, 12/Pack",135.016,3,4.7304,No,Online,,,,,,,,45.00533333333333,1.5768000000000002,3.5035847603247032,4,2855.396,800.1802,5,573.392,20.44,10,3.564751513798588,252121.081,26551.7163,39705.125,-4827.692300000001,135.016,4.7304,509743.1262,57805.7991,643707.687,74797.2461,50762.976,3635.9257,1773,1562,0,0,0.001597365242489912,99.84026347575102
4465,US-2020-125717,,2020-01-10,First Class,DS-13030,Darrin Sayre,Home Office,United States,Aurora,Colorado,West,OFF-AP-10000891,Office Supplies,Appliances,Kensington 7 Outlet MasterPiece HOMEOFFICE Power Control Center,254.792,2,26.224,No,Online,,,,,,,,127.396,13.112,10.292316870231405,3,2416.116,163.85809999999998,4,2895.832,694.9359999999999,19,23.997800977404765,522441.052,67859.9582,29249.064,-5825.5857,11007.588,-1444.862,303059.0679,36117.7193,643707.687,74797.2461,80305.247,13166.6098,499,1562,0,0,0.0036836854643190445,99.63163145356809
5199,CA-2019-103982,2019-03-03,2019-08-03,Standard Class,AA-10315,Alex Avila,Consumer,United States,Round Rock,Texas,Central,OFF-SU-10000151,Office Supplies,Supplies,High Speed Automatic Electric Letter Opener,3930.072,3,-786.0144,No,Online,2019.0,1.0,3.0,March,3.0,Sunday,153.0,1310.024,-262.0048,-20.0,2,4919.552,-650.5971000000001,2,8842.662,-589.5108,6,-6.666666666666667,341007.5242,27450.0071,116261.9302,-14078.1598,5311.0528,-1183.4313,753002.1291,81338.5875,643707.687,74797.2461,36720.986,-1654.2767,1773,1562,0,0,0.00030745717095354914,99.96925428290464
8803,CA-2019-140935,2019-10-11,2019-12-11,First Class,AB-10015,Aaron Bergman,Consumer,United States,Oklahoma City,Oklahoma,Central,FUR-BO-10003966,Furniture,Bookcases,"Sauder Facets Collection Library, Sky Alder Finish",341.96,2,54.7136,No,COD,2019.0,4.0,10.0,October,11.0,Friday,61.0,170.98,27.3568,16.0,1,563.9399999999999,116.868,2,826.9590000000001,59.843,5,7.236513539365314,341007.5242,27450.0071,17653.7,3431.8469,4453.400000000001,1007.0581,753002.1291,81338.5875,451508.6452,10006.6112,57577.6862,-342.88830000000013,499,1717,0,0,0.00036573567452470953,99.96342643254754
6461,US-2020-133361,,,First Class,AJ-10780,Anthony Jacobs,Corporate,United States,Baltimore,Maryland,East,OFF-AR-10003338,Office Supplies,Art,"Eberhard Faber 3 1/2"" Golf Pencils",135.2,5,9.3,No,Cards,,,,,,,,27.04,1.86,6.878698224852071,3,1252.8,202.3449,6,572.992,24.552,18,4.284876577683458,450234.666,53400.4243,16090.103,3860.6173,5587.782,1118.9513,509743.1262,57805.7991,643707.687,74797.2461,50762.976,3635.9257,499,985,0,0,0.0027197132639865825,99.72802867360134
7123,CA-2020-166926,2020-01-12,2020-08-12,Standard Class,SO-20335,Sean O'Donnell,Consumer,United States,Seattle,Washington,West,FUR-BO-10002598,Furniture,Bookcases,"Hon Metal Bookcases, Putty",153.96,2,41.1684,No,COD,2020.0,1.0,1.0,January,12.0,Sunday,213.0,76.98,20.5842,26.73967264224473,4,1473.056,201.232,3,940.348,239.2026,13,25.437667757043137,522441.052,67859.9582,92975.18,21466.6555,77924.542,18839.3111,753002.1291,81338.5875,451508.6452,10006.6112,57577.6862,-342.88830000000013,1773,1717,0,0,0.00846663577546128,99.15333642245388
3074,CA-2019-125206,2019-03-01,2019-05-01,First Class,LR-16915,Lena Radford,Consumer,United States,Los Angeles,California,West,OFF-ST-10003692,Office Supplies,Storage,Recycled Steel Personal File for Hanging File Folders,114.46,2,28.615,No,Online,2019.0,1.0,3.0,March,1.0,Friday,61.0,57.23,14.3075,25.0,4,2668.932,-99.8899,3,728.53,114.46,12,15.711089454106212,522441.052,67859.9582,335190.256,49372.175,120017.4405,19174.9301,753002.1291,81338.5875,643707.687,74797.2461,150341.318,13607.0875,499,1562,0,0,0.0006490227372776306,99.93509772627223
8377,CA-2020-156272,,,Standard Class,PW-19030,Pauline Webber,Corporate,United States,Pompano Beach,Florida,South,OFF-AP-10001242,Office Supplies,Appliances,APC 7 Outlet Network SurgeArrest Surge Protector,100.384,1,8.048,No,COD,,,,,,,,100.384,8.048,8.017213898629263,8,3463.154,771.2039,6,1073.568,88.52799999999999,15,8.24614742615279,252121.081,26551.7163,49914.999,-227.7464999999999,328.44,15.0065,509743.1262,57805.7991,643707.687,74797.2461,80305.247,13166.6098,1773,1717,0,0,0.0016126095657220682,99.8387390434278
3640,CA-2019-145177,2019-10-11,,Standard Class,PP-18955,Paul Prost,Home Office,United States,Springfield,Ohio,East,OFF-PA-10000682,Office Supplies,Paper,Xerox 1924,4.624,1,1.6762,No,COD,2019.0,4.0,10.0,October,11.0,Friday,,4.624,1.6762,36.25,4,4546.63,955.1411,3,261.488,23.0622,11,8.819601664321116,450234.666,53400.4243,68194.86,-9339.4223,26563.202,1508.6366,303059.0679,36117.7193,643707.687,74797.2461,99453.612,21112.3779,1773,1717,0,0,0.00023348074654530395,99.97665192534548
2177,CA-2019-125738,,,Standard Class,PB-18805,Patrick Bzostek,Home Office,United States,Salt Lake City,Utah,West,OFF-PA-10003001,Office Supplies,Paper,Xerox 1986,60.12,9,28.8576,No,COD,,,,,,,,6.68,3.2064000000000004,48.00000000000001,2,1007.164,221.6657,2,66.8,32.064,10,48.00000000000001,522441.052,67859.9582,5316.048,1054.5308,762.336,249.3689,303059.0679,36117.7193,643707.687,74797.2461,99453.612,21112.3779,1773,1717,0,0,0.003177012697028422,99.68229873029716
1822,CA-2019-168956,,,Standard Class,EA-14035,Erin Ashbrook,Corporate,United States,Chicago,Illinois,Central,OFF-FA-10000304,Office Supplies,Fasteners,Advantus Push Pins,6.976,4,1.8312,No,Online,,,,,,,,1.744,0.4578,26.25,8,1804.647,-321.032,5,143.676,15.2382,19,10.60594671343857,341007.5242,27450.0071,64224.33,-9554.6539,39993.161,-6497.3566,509743.1262,57805.7991,643707.687,74797.2461,15205.238,598.4175,1773,1562,0,0,0.0009815876645978489,99.90184123354021
5768,CA-2020-126396,2020-08-09,2020-12-09,Second Class,AR-10345,Alex Russell,Corporate,United States,Houston,Texas,Central,TEC-AC-10003116,Technology,Accessories,Memorex Froggy Flash Drive 8 GB,153.2,6,20.235,No,Online,2020.0,3.0,8.0,August,9.0,Sunday,122.0,25.53333333333333,3.3725,13.20822454308094,2,299.08,23.955,6,1149.3,127.2675,23,11.07347950926651,341007.5242,27450.0071,116261.9302,-14078.1598,45159.5078,-7197.716,509743.1262,57805.7991,470587.991,90458.2486,122301.086,25336.6455,568,1562,0,0,0.0020112306886661386,99.79887693113338
8964,CA-2019-157280,2019-05-11,2019-07-11,First Class,LW-17125,Liz Willingham,Consumer,United States,Virginia Beach,Virginia,South,TEC-AC-10000057,Technology,Accessories,Microsoft Natural Ergonomic Keyboard 4000,89.97,3,18.8937,No,COD,2019.0,2.0,5.0,May,11.0,Saturday,61.0,29.99,6.297899999999999,21.0,2,1217.09,170.8797,4,766.8299999999999,107.0643,17,13.961934196627675,252121.081,26551.7163,32721.25,9657.4876,2023.13,364.7215,753002.1291,81338.5875,470587.991,90458.2486,122301.086,25336.6455,499,1717,0,0,0.0003632372611607016,99.96367627388393
2773,CA-2020-158967,2020-10-12,2020-12-12,First Class,BT-11680,Brian Thompson,Consumer,United States,Fort Lauderdale,Florida,South,FUR-FU-10001940,Furniture,Furnishings,Staple-based wall hangings,396.104,3,5.7312,No,Cards,2020.0,4.0,10.0,October,12.0,Monday,61.0,132.03466666666665,1.9104,1.44689273524125,4,1606.6419999999998,211.9396,7,1064.16,51.2624,26,4.817170350323259,252121.081,26551.7163,49914.999,-227.7464999999999,3704.299,-24.445300000000003,753002.1291,81338.5875,451508.6452,10006.6112,92691.218,8034.4328,499,985,0,0,0.0016312667983891841,99.83687332016108
7322,CA-2020-167626,2020-03-09,2020-07-09,Standard Class,MY-18295,Muhammed Yedwab,Corporate,United States,Chicago,Illinois,Central,OFF-PA-10003424,Office Supplies,Paper,"""While you Were Out"" Message Book, One Form per Page",113.904,3,3.339,No,COD,2020.0,1.0,3.0,March,9.0,Monday,122.0,37.968,1.113,2.93141592920354,9,1780.708,-268.5723,3,309.228,10.388,8,3.35933356617124,341007.5242,27450.0071,64224.33,-9554.6539,39993.161,-6497.3566,509743.1262,57805.7991,643707.687,74797.2461,99453.612,21112.3779,1773,1717,0,0,0.0011627835361144648,99.88372164638855
7928,CA-2020-120404,,,Second Class,KH-16330,Katharine Harms,Corporate,United States,New York City,New York,East,TEC-PH-10001363,Technology,Phones,Apple iPhone 5S,606.99,1,170.997,No,COD,,,,,,,,606.99,170.997,28.171304304848515,5,2881.856,193.9199,2,1332.978,56.99900000000001,3,4.276064571208227,450234.666,53400.4243,186748.097,41012.0212,154919.699,34760.2974,509743.1262,57805.7991,470587.991,90458.2486,196563.546,22308.9179,568,1717,0,0,0.003538454724601792,99.64615452753982
9117,CA-2020-153045,,,Second Class,NS-18505,Neola Schneider,Consumer,United States,Philadelphia,Pennsylvania,East,FUR-FU-10002759,Furniture,Furnishings,12-1/2 Diameter Round Wall Clock,124.968,2,6.3936,No,Online,,,,,,,,62.484,3.1968,5.116189744574611,4,3292.8630000000003,-12.303999999999998,4,594.6320000000001,86.3136,22,14.5154650271092,450234.666,53400.4243,82354.95,-9297.7975,77305.44,-8065.9684,753002.1291,81338.5875,451508.6452,10006.6112,92691.218,8034.4328,568,1562,0,0,0.002298876763219937,99.770112323678
6363,CA-2020-110443,,,Standard Class,CK-12205,Chloris Kastensmidt,Consumer,United States,Renton,Washington,West,OFF-BI-10001670,Office Supplies,Binders,Vinyl Sectional Post Binders,170.8,5,56.55,No,Online,,,,,,,,34.160000000000004,11.31,33.10889929742388,8,3069.111,52.7643,8,1196.89,45.23999999999999,29,3.779795971225425,522441.052,67859.9582,92975.18,21466.6555,1325.632,185.4324,753002.1291,81338.5875,643707.687,74797.2461,174978.38999999998,17885.3759,1773,1562,0,0,0.0031634668611898726,99.68365331388101
3595,CA-2019-164154,2019-11-09,,Standard Class,NZ-18565,Nick Zandusky,Home Office,United States,Toledo,Ohio,East,OFF-ST-10002562,Office Supplies,Storage,Staple magnet,37.52,5,3.752,No,COD,2019.0,4.0,11.0,November,9.0,Saturday,,7.504,0.7504,10.0,7,1304.882,71.77680000000001,4,241.956,23.6376,19,9.7693795566136,450234.666,53400.4243,68194.86,-9339.4223,2346.841,240.4926,303059.0679,36117.7193,643707.687,74797.2461,150341.318,13607.0875,1773,1717,0,0,0.0001785828460845844,99.98214171539153
9100,CA-2020-152933,2020-12-10,,Standard Class,MG-17650,Matthew Grinstein,Home Office,United States,Dallas,Texas,Central,OFF-PA-10001934,Office Supplies,Paper,Xerox 1993,109.368,2,3.7584,No,COD,2020.0,4.0,12.0,December,10.0,Thursday,,54.684,1.8792,3.436471362738644,6,2846.94,317.5336,7,428.304,58.9032,21,13.752661660876386,341007.5242,27450.0071,116261.9302,-14078.1598,20019.1136,-1983.7422,303059.0679,36117.7193,643707.687,74797.2461,99453.612,21112.3779,1773,1717,0,0,0.001462289124594106,99.8537710875406
3874,CA-2019-136231,2019-05-09,2019-07-09,Second Class,DM-13015,Darrin Martin,Consumer,United States,Johnson City,Tennessee,South,OFF-EN-10001099,Office Supplies,Envelopes,Staple envelope,23.472,3,7.6284,No,Cards,2019.0,2.0,5.0,May,9.0,Thursday,61.0,7.824000000000001,2.5428,32.5,5,2554.191,71.1125,3,68.46000000000001,26.2104,8,38.28571428571428,252121.081,26551.7163,26288.317,-3467.5906,876.672,-25.541400000000003,753002.1291,81338.5875,643707.687,74797.2461,16542.464,3508.5073,568,985,0,0,0.0003582524455089141,99.96417475544911
8440,CA-2020-114370,,,Second Class,BN-11470,Brad Norvell,Corporate,United States,Chicago,Illinois,Central,TEC-PH-10000213,Technology,Phones,Seidio BD2-HK3IPH5-BK DILEX Case and Holster Combo for Apple iPhone 5/5s - Black,121.616,2,4.9616,No,COD,,,,,,,,60.808,2.4808,4.079726351795816,2,338.296,7.8452,2,259.232,9.9232,4,3.827922478706332,341007.5242,27450.0071,64224.33,-9554.6539,39993.161,-6497.3566,509743.1262,57805.7991,470587.991,90458.2486,196563.546,22308.9179,568,1717,0,0,0.0018923517730314464,99.81076482269685
2306,CA-2019-115574,,,First Class,BP-11185,Ben Peterman,Corporate,United States,Chicago,Illinois,Central,FUR-BO-10003441,Furniture,Bookcases,"Bush Westfield Collection Bookcases, Fully Assembled",141.372,2,-14.1372,No,Online,,,,,,,,70.686,-7.0686,-10.0,7,4370.428,296.839,6,1440.2982,73.71539999999999,18,5.118065134011831,341007.5242,27450.0071,64224.33,-9554.6539,39993.161,-6497.3566,509743.1262,57805.7991,451508.6452,10006.6112,57577.6862,-342.88830000000013,499,1562,0,0,0.001977054045451209,99.80229459545488
5441,US-2020-153633,,,Second Class,TC-21295,Toby Carlisle,Consumer,United States,Jupiter,Florida,South,OFF-AR-10002335,Office Supplies,Art,DIXON Oriole Pencils,108.064,1,0.1548,No,Cards,,,,,,,,108.064,0.1548,0.1432484453657092,6,2599.598,203.8367,4,338.64,3.4572,9,1.0209071580439404,252121.081,26551.7163,49914.999,-227.7464999999999,108.064,0.1548,753002.1291,81338.5875,643707.687,74797.2461,50762.976,3635.9257,568,985,0,0,0.0015315666574770878,99.84684333425228
2460,CA-2020-138548,,,Standard Class,JG-15160,James Galang,Consumer,United States,Plainfield,New Jersey,East,OFF-AP-10002578,Office Supplies,Appliances,"Fellowes Premier Superior Surge Suppressor, 10-Outlet, With Phone and Remote",144.84,2,25.4384,No,Online,,,,,,,,72.42,12.7192,17.56310411488539,7,2178.34,300.2063,4,556.6320000000001,107.624,10,19.334856781500164,450234.666,53400.4243,32086.942,7213.0952,5584.29,1213.5149,753002.1291,81338.5875,643707.687,74797.2461,80305.247,13166.6098,1773,1562,0,0,0.0017000552748888972,99.8299944725111
1809,CA-2019-164938,2019-11-02,,First Class,PB-19210,Phillip Breyer,Corporate,United States,Tulsa,Oklahoma,Central,TEC-PH-10004897,Technology,Phones,Mediabridge Sport Armband iPhone 5s,69.93,7,0.6993,No,Online,2019.0,4.0,11.0,November,2.0,Saturday,,9.99,0.0999,1.0,1,69.93,0.6993,4,235.852,-20.2797,17,-8.598485490901073,341007.5242,27450.0071,17653.7,3431.8469,4595.06,1029.6495,509743.1262,57805.7991,470587.991,90458.2486,196563.546,22308.9179,499,1562,0,0,0.00023385513001925658,99.97661448699807
4403,CA-2019-114538,,,First Class,RC-19825,Roy Collins,Consumer,United States,Colorado Springs,Colorado,West,OFF-AR-10002445,Office Supplies,Art,SANFORD Major Accent Highlighters,11.328,2,2.5488,No,Online,,,,,,,,5.664,1.2744,22.5,5,941.849,57.1146,5,396.088,61.7376,24,15.58683928823898,522441.052,67859.9582,29249.064,-5825.5857,1396.3829999999998,122.45639999999996,753002.1291,81338.5875,643707.687,74797.2461,50762.976,3635.9257,499,1562,0,0,0.0031805133364147826,99.68194866635852
6580,CA-2019-169887,,,Same Day,MS-17530,MaryBeth Skach,Consumer,United States,Seattle,Washington,West,OFF-PA-10003001,Office Supplies,Paper,Xerox 1986,6.68,1,3.2064,No,COD,,,,,,,,6.68,3.2064,48.0,1,116.96,36.0402,2,66.8,32.064,10,48.00000000000001,522441.052,67859.9582,92975.18,21466.6555,77924.542,18839.3111,753002.1291,81338.5875,643707.687,74797.2461,99453.612,21112.3779,163,1717,0,0,0.0039020781946961032,99.60979218053039
3429,US-2020-111024,2020-03-07,2020-06-07,Second Class,SZ-20035,Sam Zeldin,Home Office,United States,Lancaster,Ohio,East,FUR-TA-10002041,Furniture,Tables,"Bevis Round Conference Table Top, X-Base",236.148,2,-103.9882,No,COD,2020.0,1.0,3.0,March,7.0,Saturday,92.0,118.074,-51.9941,-44.03518132696445,7,2086.032,99.7474,3,1354.178,-285.0711,11,-21.05122812510616,450234.666,53400.4243,68194.86,-9339.4223,10203.038,-7207.3791,303059.0679,36117.7193,451508.6452,10006.6112,119293.743,-11091.6365,568,1717,0,0,0.001420913601597722,99.85790863984023
2384,US-2020-117534,,,First Class,CV-12295,Christina VanderZanden,Consumer,United States,Fresno,California,West,OFF-AR-10003087,Office Supplies,Art,Staples in misc. colors,117.02,9,4.4856,No,COD,,,,,,,,13.002222222222224,0.4983999999999999,3.8331909075371735,3,1779.812,329.5903,2,338.14,5.1976,14,1.537114804518838,522441.052,67859.9582,335190.256,49372.175,4078.446,665.5685,753002.1291,81338.5875,643707.687,74797.2461,50762.976,3635.9257,499,1717,0,0,0.008689802713408601,99.13101972865914
2055,CA-2019-136434,2019-01-12,2019-07-12,Standard Class,RD-19480,Rick Duston,Consumer,United States,Richmond,Indiana,Central,FUR-FU-10001196,Furniture,Furnishings,DAX Cubicle Frames - 8x10,17.31,3,5.193,No,Online,2019.0,1.0,1.0,January,12.0,Saturday,181.0,5.77,1.731,30.0,5,2915.906,345.6612,4,259.31600000000003,1.7309999999999983,15,0.6675253358836316,341007.5242,27450.0071,32039.23,15524.6596,15487.14,4080.2061,753002.1291,81338.5875,451508.6452,10006.6112,92691.218,8034.4328,1773,1562,0,0,0.0004420695840388441,99.95579304159612
8604,US-2019-116365,2019-03-01,2019-08-01,Standard Class,CA-12310,Christine Abelman,Corporate,United States,San Antonio,Texas,Central,TEC-AC-10002217,Technology,Accessories,Imation Clip USB flash drive - 8 GB,30.08,2,-5.264,No,Online,2019.0,1.0,3.0,March,1.0,Friday,153.0,15.04,-2.632,-17.5,3,2478.724,145.0254,4,345.6,1.5039999999999996,18,0.435185185185185,341007.5242,27450.0071,116261.9302,-14078.1598,6085.871,-23.198200000000003,509743.1262,57805.7991,470587.991,90458.2486,122301.086,25336.6455,1773,1562,0,0,0.00034856581519841757,99.96514341848017
141,CA-2019-110366,2019-05-09,2019-07-09,Second Class,JD-15895,Jonathan Doherty,Corporate,United States,Philadelphia,Pennsylvania,East,FUR-FU-10004848,Furniture,Furnishings,"Howard Miller 13-3/4"" Diameter Brushed Chrome Round Wall Clock",82.8,2,10.35,No,COD,2019.0,2.0,5.0,May,9.0,Thursday,61.0,41.4,5.175,12.5,7,5181.108,1179.8412,10,1249.132,183.3907,34,14.681450799435128,450234.666,53400.4243,82354.95,-9297.7975,77305.44,-8065.9684,509743.1262,57805.7991,451508.6452,10006.6112,92691.218,8034.4328,568,1717,0,0,0.00031252623922600937,99.96874737607739
7845,US-2020-123834,,,Standard Class,GM-14500,Gene McClure,Consumer,United States,Pharr,Texas,Central,FUR-TA-10001676,Furniture,Tables,Hon 61000 Series Interactive Training Tables,148.404,4,-21.3264,Yes,Cards,,,,,,,,37.101,-5.3316,-14.370502142799385,6,602.516,79.17779999999999,7,819.261,-127.9584,19,-15.618758857067528,341007.5242,27450.0071,116261.9302,-14078.1598,1564.708,-237.5528,753002.1291,81338.5875,451508.6452,10006.6112,119293.743,-11091.6365,1773,985,1,1,0.9936524974635815,99.36524974635816
6681,CA-2020-145037,2020-02-09,2020-07-09,Second Class,TB-21055,Ted Butterfield,Consumer,United States,Meriden,Connecticut,East,OFF-PA-10000157,Office Supplies,Paper,Xerox 191,101.92,4,37.5624,No,COD,2020.0,1.0,2.0,February,9.0,Sunday,151.0,25.48,9.3906,36.85478806907378,5,1840.881,390.2113,7,836.492,232.1676,26,27.75490978993224,450234.666,53400.4243,15034.697,2339.0135,487.76,116.6976,753002.1291,81338.5875,643707.687,74797.2461,99453.612,21112.3779,568,1717,0,0,0.002669721963214609,99.73302780367854
3751,CA-2020-161956,,,Second Class,DR-12880,Dan Reichenbach,Corporate,United States,Inglewood,California,West,OFF-SU-10002503,Office Supplies,Supplies,Acme Preferred Stainless Steel Scissors,149.4,5,8.236,Yes,COD,,,,,,,,29.880000000000003,1.6472000000000002,5.5127175368139225,7,7475.8,1213.2201,4,297.88,26.355200000000004,16,8.847589633409427,522441.052,67859.9582,335190.256,49372.175,6089.328,1026.696,509743.1262,57805.7991,643707.687,74797.2461,36720.986,-1654.2767,568,1717,1,1,0.9985139484817631,99.85139484817631
261,CA-2020-163139,2020-01-12,2020-03-12,Second Class,CC-12670,Craig Carreira,Consumer,United States,New York City,New York,East,OFF-BI-10003460,Office Supplies,Binders,Acco 3-Hole Punch,118.52,5,6.132,No,Online,2020.0,1.0,1.0,January,12.0,Sunday,60.0,23.704,1.2264,5.173810327370908,5,2000.8735,168.0063,6,543.344,32.2368,22,5.933036897435142,450234.666,53400.4243,186748.097,41012.0212,154919.699,34760.2974,753002.1291,81338.5875,643707.687,74797.2461,174978.38999999998,17885.3759,568,1562,0,0,0.003095262200444688,99.69047377995554
2859,CA-2020-138975,,,Standard Class,SC-20380,Shahid Collister,Consumer,United States,Atlanta,Georgia,South,TEC-AC-10003441,Technology,Accessories,Kingston Digital DataTraveler 32GB USB 2.0,179.8,4,4.068,No,COD,,,,,,,,44.95,1.017,2.262513904338153,6,5948.110000000001,245.2874,5,680.25,-0.6780000000000004,16,-0.0996692392502756,252121.081,26551.7163,37260.69,9994.4165,9930.34,3283.7360000000003,753002.1291,81338.5875,470587.991,90458.2486,122301.086,25336.6455,1773,1717,0,0,0.0015056976210177278,99.84943023789823
2727,CA-2020-149888,2020-07-11,,Standard Class,EP-13915,Emily Phan,Consumer,United States,Philadelphia,Pennsylvania,East,FUR-TA-10000849,Furniture,Tables,Bevis Rectangular Conference Tables,377.352,4,-140.1408,No,COD,2020.0,3.0,7.0,July,11.0,Saturday,,94.338,-35.0352,-37.1379507727533,14,7230.6328,-391.2423,2,523.332,-239.4072,6,-45.74671527825549,450234.666,53400.4243,82354.95,-9297.7975,77305.44,-8065.9684,753002.1291,81338.5875,451508.6452,10006.6112,119293.743,-11091.6365,1773,1717,0,0,0.0010439196081765112,99.89560803918235
2661,CA-2020-123372,,2020-02-12,Standard Class,DG-13300,Deirdre Greer,Corporate,United States,New York City,New York,East,TEC-PH-10002834,Technology,Phones,Google Nexus 5,524.89,11,494.9725,No,Cards,,,,,,,,47.71727272727273,44.9975,94.300234334813,2,653.29,540.2857,4,2082.806,791.956,20,38.023512511486906,450234.666,53400.4243,186748.097,41012.0212,154919.699,34760.2974,509743.1262,57805.7991,470587.991,90458.2486,196563.546,22308.9179,1773,985,0,0,0.0021660807558520215,99.7833919244148
4623,CA-2020-147228,2020-09-09,,Standard Class,SO-20335,Sean O'Donnell,Consumer,United States,Columbia,Tennessee,South,OFF-SU-10001225,Office Supplies,Supplies,Staple remover,101.832,3,-1.9872,No,COD,2020.0,3.0,9.0,September,9.0,Wednesday,,33.944,-0.6624,-1.9514494461465943,4,1473.056,201.232,4,263.856,-5.8144,11,-2.2036262203626222,252121.081,26551.7163,26288.317,-3467.5906,13705.148,2721.1764,753002.1291,81338.5875,643707.687,74797.2461,36720.986,-1654.2767,1773,1717,0,0,0.0027517743981447526,99.72482256018552
4047,CA-2020-100356,,,Standard Class,SP-20920,Susan Pistek,Consumer,United States,Chicago,Illinois,Central,OFF-AP-10002191,Office Supplies,Appliances,Belkin 8 Outlet SurgeMaster II Gold Surge Protector,130.992,2,-62.3792,No,COD,,,,,,,,65.496,-31.1896,-47.62061805301087,5,4517.869,-9.526600000000002,3,469.892,21.592800000000004,7,4.5952687000417125,341007.5242,27450.0071,64224.33,-9554.6539,39993.161,-6497.3566,753002.1291,81338.5875,643707.687,74797.2461,80305.247,13166.6098,1773,1717,0,0,0.0018761489513755578,99.81238510486244
7876,CA-2020-168403,2020-09-09,,Standard Class,DK-12835,Damala Kotsonis,Corporate,United States,Portland,Oregon,West,OFF-PA-10002036,Office Supplies,Paper,Xerox 1930,162.104,6,11.2752,No,Online,2020.0,3.0,9.0,September,9.0,Wednesday,,27.017333333333337,1.8792,6.955534718452351,8,3265.2200000000003,534.6098000000001,4,437.2720000000001,43.4808,19,9.943650633930368,522441.052,67859.9582,10530.43,-942.9719,2175.239,-43.7339,509743.1262,57805.7991,643707.687,74797.2461,99453.612,21112.3779,1773,1562,0,0,0.003122809568161582,99.68771904318385
6249,CA-2020-121580,,2020-04-06,Standard Class,ML-17410,Maris LaWare,Consumer,United States,Columbus,Indiana,Central,FUR-FU-10003981,Furniture,Furnishings,Eldon Wave Desk Accessories,113.24,3,2.6208,No,COD,,,,,,,,37.74666666666666,0.8736,2.3143765453903216,5,2868.77,-330.4199,1,113.24,2.6208,3,2.3143765453903216,341007.5242,27450.0071,32039.23,15524.6596,36398.885,4818.0624,753002.1291,81338.5875,451508.6452,10006.6112,92691.218,8034.4328,1773,1717,0,0,0.0018249063289765958,99.81750936710235
8385,CA-2019-145135,,,First Class,CD-12790,Cynthia Delaney,Home Office,United States,Shelton,Connecticut,East,OFF-PA-10004285,Office Supplies,Paper,Xerox 1959,13.36,2,6.4128,No,COD,,,,,,,,6.68,3.2064,48.0,2,1131.6,361.142,4,514.2,44.6224,16,8.678024115130299,450234.666,53400.4243,15034.697,2339.0135,73.33,21.4053,303059.0679,36117.7193,643707.687,74797.2461,99453.612,21112.3779,499,1717,0,0,0.0026549972806989277,99.7345002719301
1413,CA-2019-136329,2019-09-07,,Standard Class,JD-15895,Jonathan Doherty,Corporate,United States,New York City,New York,East,FUR-FU-10000723,Furniture,Furnishings,"Deflect-o EconoMat Studded, No Bevel Mat for Low Pile Carpeting",165.28,4,14.8752,No,COD,2019.0,3.0,9.0,September,7.0,Saturday,,41.32,3.7188,9.0,7,5181.108,1179.8412,6,786.328,-78.09479999999999,19,-9.931580714409254,450234.666,53400.4243,186748.097,41012.0212,154919.699,34760.2974,509743.1262,57805.7991,451508.6452,10006.6112,92691.218,8034.4328,1773,1717,0,0,0.0003720514198186937,99.96279485801813
2972,CA-2020-167941,2020-06-11,2020-09-11,Second Class,JF-15565,Jill Fjeld,Consumer,United States,Fayetteville,North Carolina,South,FUR-FU-10004671,Furniture,Furnishings,"Executive Impressions 12"" Wall Clock",107.272,2,6.3612,No,COD,2020.0,2.0,6.0,June,11.0,Thursday,92.0,53.636,3.1806,5.9299724065925865,5,3422.194,847.3051,4,280.02,-3.533999999999999,10,-1.262052710520677,252121.081,26551.7163,39705.125,-4827.692300000001,6637.362,874.6273,753002.1291,81338.5875,451508.6452,10006.6112,92691.218,8034.4328,568,1717,0,0,0.001681448025840673,99.83185519741593
883,US-2020-123463,,,Same Day,GZ-14470,Gary Zandusky,Consumer,United States,San Francisco,California,West,OFF-AR-10001118,Office Supplies,Art,"Binney & Smith Crayola Metallic Crayons, 16-Color Pack",457.48,4,5.9312,No,Cards,,,,,,,,114.37,1.4828,1.2964938357961002,5,3323.46,911.0123,1,457.48,5.9312,4,1.2964938357961002,522441.052,67859.9582,335190.256,49372.175,80891.422,10475.5284,753002.1291,81338.5875,643707.687,74797.2461,50762.976,3635.9257,163,985,0,0,0.005288430908826874,99.47115690911731
8399,CA-2020-120061,2020-02-11,2020-07-11,Second Class,SR-20425,Sharelle Roach,Home Office,United States,Springfield,Ohio,East,FUR-CH-10001973,Furniture,Chairs,Office Star Flex Back Scooter Chair with White Frame,199.372,2,-35.5136,No,Online,2020.0,1.0,2.0,February,11.0,Tuesday,151.0,99.686,-17.7568,-17.81273197841221,4,3726.541,-3391.4082,4,1395.564,-217.5208,16,-15.586587214918127,450234.666,53400.4243,68194.86,-9339.4223,26563.202,1508.6366,303059.0679,36117.7193,451508.6452,10006.6112,181945.998,13406.7032,568,1562,0,0,0.0016861154780743357,99.83138845219257
5774,CA-2019-117408,,2019-06-09,Standard Class,TP-21130,Theone Pippenger,Consumer,United States,Waco,Texas,Central,OFF-ST-10001580,Office Supplies,Storage,Super Decoflex Portable Personal File,23.968,2,2.3968,No,Cards,,,,,,,,11.984,1.1984,10.0,7,3431.04,1130.9783,5,344.76,39.5472,13,11.47093630351549,341007.5242,27450.0071,116261.9302,-14078.1598,1117.1072,-520.1034,753002.1291,81338.5875,643707.687,74797.2461,150341.318,13607.0875,1773,985,0,0,0.002153084582773501,99.78469154172265
3755,CA-2020-161956,,,Second Class,DR-12880,Dan Reichenbach,Corporate,United States,Inglewood,California,West,OFF-ST-10001370,Office Supplies,Storage,Sensible Storage WireTech Storage Systems,378.9,5,17.745,Yes,Online,,,,,,,,75.78,3.5490000000000004,4.683293745051465,7,7475.8,1213.2201,6,2041.264,-53.23499999999999,29,-2.6079429216407086,522441.052,67859.9582,335190.256,49372.175,6089.328,1026.696,509743.1262,57805.7991,643707.687,74797.2461,150341.318,13607.0875,568,1562,1,1,0.9985854930646587,99.85854930646587
5977,CA-2020-102155,,,Standard Class,RR-19525,Rick Reed,Corporate,United States,Overland Park,Kansas,Central,OFF-PA-10003673,Office Supplies,Paper,Strathmore Photo Mount Cards,87.56,2,6.2376,No,COD,,,,,,,,43.78,3.1188,7.123800822293284,3,742.3,145.6129,9,900.436,106.3104,38,11.80654705053996,341007.5242,27450.0071,1837.21,494.2106,906.91,203.5218,509743.1262,57805.7991,643707.687,74797.2461,99453.612,21112.3779,1773,1717,0,0,0.0019009414693915978,99.80990585306084
6669,CA-2020-122175,2020-12-05,,Second Class,CA-12775,Cynthia Arntzen,Consumer,United States,Vineland,New Jersey,East,OFF-SU-10004661,Office Supplies,Supplies,Acme Titanium Bonded Scissors,118.0,2,4.42,No,Online,2020.0,4.0,12.0,December,5.0,Saturday,,59.0,2.21,3.745762711864407,3,996.342,193.961,2,225.5,11.05,5,4.900221729490022,450234.666,53400.4243,32086.942,7213.0952,953.846,59.3606,753002.1291,81338.5875,643707.687,74797.2461,36720.986,-1654.2767,568,1562,0,0,0.0012858246191134203,99.87141753808866
5289,US-2020-136784,,2020-05-05,Standard Class,AD-10180,Alan Dominguez,Home Office,United States,San Francisco,California,West,OFF-PA-10000675,Office Supplies,Paper,Xerox 1919,175.96,4,80.3404,No,Online,,,,,,,,43.99,20.0851,45.6583314389634,4,5924.889999999999,1866.9279,5,1020.374,424.6564,24,41.61772056128439,522441.052,67859.9582,335190.256,49372.175,80891.422,10475.5284,303059.0679,36117.7193,643707.687,74797.2461,99453.612,21112.3779,1773,1562,0,0,0.006694792619368503,99.33052073806316
8099,CA-2020-122798,,2021-01-01,Standard Class,SV-20935,Susan Vittorini,Consumer,United States,Albuquerque,New Mexico,West,OFF-PA-10004239,Office Supplies,Paper,Xerox 1953,131.28,1,1.926,No,COD,,,,,,,,131.28,1.926,1.4670932358318098,8,3665.491,106.8912,3,348.4,7.276,6,2.0884041331802528,522441.052,67859.9582,5102.638,852.3424,2434.668,496.5406,753002.1291,81338.5875,643707.687,74797.2461,99453.612,21112.3779,1773,1717,0,0,0.0028219147544644814,99.71780852455355
5490,CA-2020-134495,2020-01-04,2020-04-04,Second Class,BF-11020,Barry Französisch,Corporate,United States,Jacksonville,Florida,South,OFF-AP-10002222,Office Supplies,Appliances,Staple holder,148.808,3,1.8207,No,Online,2020.0,1.0,1.0,January,4.0,Saturday,91.0,49.60266666666666,0.6069,1.2235229288747915,6,2764.346,25.503,3,174.81799999999998,8.843399999999999,6,5.058632406273953,252121.081,26551.7163,49914.999,-227.7464999999999,15390.086,-578.7137,509743.1262,57805.7991,643707.687,74797.2461,80305.247,13166.6098,568,1562,0,0,0.001076206217725069,99.89237937822749
8335,CA-2019-153269,2019-09-03,2019-12-03,First Class,PS-18760,Pamela Stobb,Consumer,United States,Andover,Massachusetts,East,OFF-BI-10004632,Office Supplies,Binders,GBC Binding covers,51.8,4,23.31,No,Online,2019.0,3.0,9.0,September,3.0,Tuesday,91.0,12.95,5.8275,45.0,4,2411.779,-33.2266,9,4231.905,-320.9535,29,-7.584137640140788,450234.666,53400.4243,14302.34,2768.8647,435.85,124.1886,753002.1291,81338.5875,643707.687,74797.2461,174978.38999999998,17885.3759,499,1562,0,0,0.0004575568938628827,99.95424431061372
9687,CA-2020-116498,,2020-03-06,Standard Class,KA-16525,Kelly Andreada,Consumer,United States,San Diego,California,West,OFF-AR-10003405,Office Supplies,Art,"Dixon My First Ticonderoga Pencil, #2",2049.1,6,10.179,No,COD,,,,,,,,341.51666666666665,1.6965,0.4967546727831731,4,3368.936,107.939,2,2063.14,11.7585,9,0.5699322392081972,522441.052,67859.9582,335190.256,49372.175,29269.55,3002.3181,753002.1291,81338.5875,643707.687,74797.2461,50762.976,3635.9257,1773,1717,0,0,0.006315941991117484,99.36840580088825
4841,CA-2020-154123,,,Standard Class,SC-20050,Sample Company A,Home Office,United States,Henderson,Kentucky,South,FUR-FU-10000629,Furniture,Furnishings,9-3/4 Diameter Round Wall Clock,128.58,2,11.5836,No,Cards,,,,,,,,64.29,5.7918,9.00886607559496,7,1763.2140000000002,238.1085,5,535.8,115.836,20,21.61926091825308,252121.081,26551.7163,24352.73,5968.384,11188.968,2912.5989,303059.0679,36117.7193,451508.6452,10006.6112,92691.218,8034.4328,1773,985,0,0,0.001205566209454607,99.87944337905455
4436,CA-2019-163398,2019-03-05,2019-08-05,Standard Class,CB-12415,Christy Brittain,Consumer,United States,Chicago,Illinois,Central,OFF-BI-10000014,Office Supplies,Binders,Heavy-Duty E-Z-D Binders,2.182,1,-3.6003,No,Cards,2019.0,1.0,3.0,March,5.0,Tuesday,153.0,2.182,-3.6003,-165.0,7,2126.782,275.8821,7,809.6500000000001,19.0925,25,2.3581177051812507,341007.5242,27450.0071,64224.33,-9554.6539,39993.161,-6497.3566,753002.1291,81338.5875,643707.687,74797.2461,174978.38999999998,17885.3759,1773,985,0,0,0.0004030007861638313,99.95969992138362
1608,US-2019-115819,,,Second Class,JO-15280,Jas O'Carroll,Consumer,United States,Los Angeles,California,West,OFF-BI-10000050,Office Supplies,Binders,"Angle-D Binders with Locking Rings, Label Holders",5.84,1,1.971,No,Online,,,,,,,,5.84,1.971,33.75,2,450.436,-3.675599999999996,5,564.82,12.701999999999998,22,2.248858043270422,522441.052,67859.9582,335190.256,49372.175,120017.4405,19174.9301,753002.1291,81338.5875,643707.687,74797.2461,174978.38999999998,17885.3759,568,1562,0,0,0.006047112857729362,99.39528871422706
6272,CA-2020-102379,2020-02-12,2020-06-12,Standard Class,BB-11545,Brenda Bowman,Corporate,United States,Oakland,California,West,OFF-AR-10004022,Office Supplies,Art,Panasonic KP-380BK Classic Electric Pencil Sharpener,202.9,5,44.975,No,Cards,2020.0,1.0,2.0,February,12.0,Wednesday,121.0,40.58,8.995000000000001,22.16609167077378,7,6183.56,1092.9162,5,591.504,100.744,16,17.03183748546079,522441.052,67859.9582,335190.256,49372.175,4523.062,778.443,509743.1262,57805.7991,643707.687,74797.2461,50762.976,3635.9257,1773,985,0,0,0.009588072454972504,99.04119275450275
7270,CA-2019-133368,,,Standard Class,AG-10675,Anna Gayman,Consumer,United States,Concord,North Carolina,South,FUR-FU-10003374,Furniture,Furnishings,Electrix Fluorescent Magnifier Lamps & Weighted Base,315.776,8,31.5776,No,Online,,,,,,,,39.472,3.9472,10.0,6,3874.0976,-220.4319,2,495.7960000000001,73.0232,11,14.72847703490952,252121.081,26551.7163,39705.125,-4827.692300000001,5500.668,857.4495000000001,753002.1291,81338.5875,451508.6452,10006.6112,92691.218,8034.4328,1773,1562,0,0,0.0015077173357306115,99.84922826642693
8484,CA-2019-126284,,,Standard Class,EN-13780,Edward Nazzal,Consumer,United States,Grand Rapids,Michigan,Central,OFF-BI-10004828,Office Supplies,Binders,GBC Poly Designer Binding Covers,83.7,5,41.013,No,Cards,,,,,,,,16.740000000000002,8.2026,48.99999999999999,3,1766.226,444.9583,4,316.37800000000004,68.4666,11,21.640758839110173,341007.5242,27450.0071,48504.684,17480.280600000002,552.69,224.3971,753002.1291,81338.5875,643707.687,74797.2461,174978.38999999998,17885.3759,1773,985,0,0,0.002034636341667751,99.79653636583322
3722,CA-2019-151155,,,Standard Class,AB-10255,Alejandro Ballentine,Home Office,United States,Jackson,Mississippi,South,OFF-BI-10003910,Office Supplies,Binders,DXL Angle-View Binders with Locking Rings by Samsill,15.42,2,6.939,No,COD,,,,,,,,7.71,3.4695,45.0,6,1304.68,223.7353,8,617.429,47.4165,25,7.679668431511962,252121.081,26551.7163,8924.02,2504.2418,22696.316,6388.0094,303059.0679,36117.7193,643707.687,74797.2461,174978.38999999998,17885.3759,1773,1717,0,0,0.00133395433869056,99.86660456613095
5911,US-2019-113985,2019-02-12,2019-07-12,Standard Class,KD-16495,Keith Dawkins,Corporate,United States,San Jose,California,West,OFF-BI-10000632,Office Supplies,Binders,Satellite Sectional Post Binders,104.184,3,33.8598,No,Online,2019.0,1.0,2.0,February,12.0,Tuesday,150.0,34.728,11.2866,32.5,7,1361.268,193.5799,8,1689.6370000000002,365.5122,32,21.63258735456196,522441.052,67859.9582,335190.256,49372.175,3733.907,739.429,509743.1262,57805.7991,643707.687,74797.2461,174978.38999999998,17885.3759,1773,1562,0,0,0.0011550033141113213,99.88449966858887
3517,US-2019-113649,2019-09-08,2019-12-08,First Class,HA-14920,Helen Andreada,Consumer,United States,Fayetteville,North Carolina,South,OFF-PA-10000130,Office Supplies,Paper,Xerox 199,30.816,9,9.63,No,Cards,2019.0,3.0,9.0,September,8.0,Sunday,91.0,3.424,1.07,31.250000000000007,4,1518.75,-41.95899999999998,2,160.24,10.7,10,6.6774837743384925,252121.081,26551.7163,39705.125,-4827.692300000001,6637.362,874.6273,753002.1291,81338.5875,643707.687,74797.2461,99453.612,21112.3779,499,985,0,0,0.0002632460106442812,99.97367539893557
2331,CA-2019-155187,,,Second Class,LA-16780,Laura Armstrong,Corporate,United States,Los Angeles,California,West,OFF-ST-10000642,Office Supplies,Storage,"Tennsco Lockers, Gray",41.96,2,2.9372,No,Online,,,,,,,,20.98,1.4686,6.999999999999999,7,6689.91,1576.6746,4,430.936,-15.735,15,-3.651354261421649,522441.052,67859.9582,335190.256,49372.175,120017.4405,19174.9301,509743.1262,57805.7991,643707.687,74797.2461,150341.318,13607.0875,568,1562,0,0,0.006885294762743932,99.3114705237256
1631,CA-2019-106530,2019-08-05,2019-08-05,Same Day,CL-12565,Clay Ludtke,Consumer,United States,Cleveland,Ohio,East,OFF-ST-10002011,Office Supplies,Storage,Smead Adjustable Mobile File Trolley with Lockable Top,1006.056,3,88.0299,No,COD,2019.0,3.0,8.0,August,5.0,Monday,0.0,335.35200000000003,29.3433,8.75,7,5750.898,1243.3999,1,1006.056,88.0299,3,8.75,450234.666,53400.4243,68194.86,-9339.4223,5778.905,-493.2176,753002.1291,81338.5875,643707.687,74797.2461,150341.318,13607.0875,163,1717,0,0,0.0001597793309895339,99.98402206690105
8419,CA-2020-118199,2020-09-05,2020-11-05,First Class,LB-16795,Laurel Beltran,Home Office,United States,Seattle,Washington,West,FUR-TA-10004154,Furniture,Tables,"Riverside Furniture Oval Coffee Table, Oval End Table, End Table with Drawer",300.85,1,63.107,No,Cards,2020.0,3.0,9.0,September,5.0,Saturday,61.0,300.85,63.107,20.976234003656305,7,4810.108,-30.64940000000001,2,416.17,-556.489,13,-133.7167503664368,522441.052,67859.9582,92975.18,21466.6555,77924.542,18839.3111,303059.0679,36117.7193,451508.6452,10006.6112,119293.743,-11091.6365,499,985,0,0,0.0036668010428695655,99.63331989571304
3334,CA-2020-122595,,,Standard Class,GM-14455,Gary Mitchum,Home Office,United States,Chicago,Illinois,Central,FUR-FU-10002963,Furniture,Furnishings,"Master Caster Door Stop, Gray",434.032,1,-1.3208,No,Online,,,,,,,,434.032,-1.3208,-0.304309359678549,4,3158.102,477.1214,3,697.512,9.0424,7,1.2963791303948895,341007.5242,27450.0071,64224.33,-9554.6539,39993.161,-6497.3566,303059.0679,36117.7193,451508.6452,10006.6112,92691.218,8034.4328,1773,1562,0,0,0.001974861602566488,99.80251383974336
2333,CA-2020-169285,,,Standard Class,RW-19690,Robert Waldorf,Consumer,United States,Lafayette,Indiana,Central,OFF-PA-10004071,Office Supplies,Paper,"Eaton Premium Continuous-Feed Paper, 25% Cotton, Letter Size, White, 1000 Shts/Box",300.4,5,133.152,No,Cards,,,,,,,,60.08,26.6304,44.32490013315579,5,4404.646,707.5503,6,903.816,355.072,15,39.28587234569868,341007.5242,27450.0071,32039.23,15524.6596,10016.85,9772.8078,753002.1291,81338.5875,643707.687,74797.2461,99453.612,21112.3779,1773,985,0,0,0.002040683163537264,99.79593168364627
5933,US-2020-169551,2020-07-07,2020-09-07,First Class,RL-19615,Rob Lucas,Consumer,United States,Philadelphia,Pennsylvania,East,OFF-ST-10004835,Office Supplies,Storage,Plastic Stacking Crates & Casters,85.392,3,1.0044,No,COD,2020.0,3.0,7.0,July,7.0,Tuesday,62.0,28.464,0.3348,1.1762225969645868,6,4977.931,335.9703,4,373.712,2.6784,8,0.7167016312026373,450234.666,53400.4243,82354.95,-9297.7975,77305.44,-8065.9684,753002.1291,81338.5875,643707.687,74797.2461,150341.318,13607.0875,499,1717,0,0,0.0016927895518261394,99.83072104481738
121,CA-2019-103730,2019-12-06,,First Class,SC-20725,Steven Cartwright,Consumer,United States,Wilmington,Delaware,East,OFF-BI-10003910,Office Supplies,Binders,DXL Angle-View Binders with Locking Rings by Samsill,30.84,4,13.878,No,Online,2019.0,4.0,12.0,December,6.0,Friday,,7.71,3.4695,45.0,5,2654.984,757.1818,8,617.429,47.4165,25,7.679668431511962,450234.666,53400.4243,12515.703,7029.9107,2849.423,658.4048999999999,753002.1291,81338.5875,643707.687,74797.2461,174978.38999999998,17885.3759,499,1562,0,0,0.0003005129364116316,99.96994870635884
567,CA-2020-156951,2020-01-10,2020-08-10,Standard Class,EB-13840,Ellis Ballard,Corporate,United States,Seattle,Washington,West,OFF-PA-10004530,Office Supplies,Paper,Personal Creations Ink Jet Cards and Labels,108.84,8,45.0016,No,Online,2020.0,1.0,1.0,January,10.0,Friday,213.0,13.605,5.6252,41.34656376332231,2,1022.4,81.7,1,108.84,45.0016,8,41.34656376332231,522441.052,67859.9582,92975.18,21466.6555,77924.542,18839.3111,509743.1262,57805.7991,643707.687,74797.2461,99453.612,21112.3779,1773,1562,0,0,0.0044303058104885815,99.55696941895114
4232,CA-2020-100223,2020-05-07,2020-10-07,Standard Class,LS-16945,Linda Southworth,Corporate,United States,Dallas,Texas,Central,OFF-PA-10000232,Office Supplies,Paper,Xerox 1975,96.552,3,5.6376,No,COD,2020.0,2.0,5.0,May,7.0,Thursday,153.0,32.184000000000005,1.8792,5.838926174496644,5,3315.93,-328.5901,5,539.9839999999999,30.3264,12,5.616166404930517,341007.5242,27450.0071,116261.9302,-14078.1598,20019.1136,-1983.7422,509743.1262,57805.7991,643707.687,74797.2461,99453.612,21112.3779,1773,1717,0,0,0.001973568931465086,99.8026431068535
2104,CA-2020-167101,,,Second Class,BM-11650,Brian Moss,Corporate,United States,New York City,New York,East,OFF-PA-10000357,Office Supplies,Paper,Xerox 1888,234.92,4,106.5216,No,Cards,,,,,,,,58.73,26.6304,45.34377660480164,6,3956.281,1936.1524,9,1855.898,754.3015,37,40.643478251498735,450234.666,53400.4243,186748.097,41012.0212,154919.699,34760.2974,509743.1262,57805.7991,643707.687,74797.2461,99453.612,21112.3779,568,985,0,0,0.0031719913869249433,99.68280086130751
8787,CA-2020-145765,,2020-02-06,Standard Class,CM-11815,Candace McMahon,Corporate,United States,Phoenix,Arizona,West,OFF-PA-10001534,Office Supplies,Paper,Xerox 230,130.552,3,5.4432,No,Online,,,,,,,,43.51733333333333,1.8144,4.169373123353147,4,1963.584,189.237,5,489.008,56.2464,21,11.50214311422308,522441.052,67859.9582,22914.556,-2761.11,7488.776,-2054.446,509743.1262,57805.7991,643707.687,74797.2461,99453.612,21112.3779,1773,1562,0,0,0.0034458334336754937,99.65541665663244
1245,CA-2020-133641,,,Standard Class,EJ-14155,Eva Jacobs,Consumer,United States,Gulfport,Mississippi,South,OFF-EN-10004955,Office Supplies,Envelopes,Fashion Color Clasp Envelopes,130.69,9,23.8581,No,Online,,,,,,,,14.52111111111111,2.6509,18.25549009105517,4,2244.339,475.3637,1,130.69,23.8581,9,18.25549009105517,252121.081,26551.7163,8924.02,2504.2418,248.5,77.5761,753002.1291,81338.5875,643707.687,74797.2461,16542.464,3508.5073,1773,1562,0,0,0.001580735180496825,99.84192648195031
5859,US-2020-153255,2020-03-09,2020-07-09,Second Class,JK-15730,Joe Kamberova,Consumer,United States,Concord,California,West,FUR-BO-10004218,Furniture,Bookcases,"Bush Heritage Pine Collection 5-Shelf Bookcase, Albany Pine Finish, *Special Order",274.666,2,14.098,No,COD,2020.0,1.0,3.0,March,9.0,Monday,122.0,137.333,7.049,5.132779448493807,6,2255.032,225.5701,3,1113.4969999999998,63.441,9,5.697455853046754,522441.052,67859.9582,335190.256,49372.175,5500.668,857.4495000000001,753002.1291,81338.5875,451508.6452,10006.6112,57577.6862,-342.88830000000013,568,1717,0,0,0.008127734397613976,99.1872265602386
7589,CA-2020-122945,,,Standard Class,MB-18085,Mick Brown,Consumer,United States,Roseville,California,West,FUR-FU-10001196,Furniture,Furnishings,DAX Cubicle Frames - 8x10,100.31,3,5.193,No,COD,,,,,,,,33.43666666666667,1.731,5.176951450503439,6,1736.6950000000002,112.92170000000002,4,259.31600000000003,1.7309999999999983,15,0.6675253358836316,522441.052,67859.9582,335190.256,49372.175,1731.606,596.4723,753002.1291,81338.5875,451508.6452,10006.6112,92691.218,8034.4328,1773,1717,0,0,0.006367954939801062,99.3632045060199
3082,US-2020-132297,,2020-02-06,Standard Class,DW-13480,Dianna Wilson,Home Office,United States,Louisville,Kentucky,South,OFF-BI-10003364,Office Supplies,Binders,Binding Machine Supplies,165.34,2,28.0032,No,Cards,,,,,,,,82.67,14.0016,16.93673642191847,4,1653.998,194.0821,8,1301.985,158.1014,29,12.14310456725692,252121.081,26551.7163,24352.73,5968.384,9927.42,-2338.8303,303059.0679,36117.7193,643707.687,74797.2461,174978.38999999998,17885.3759,1773,985,0,0,0.0015138296693827426,99.84861703306173
6792,CA-2019-162348,2019-10-11,,Standard Class,BF-11170,Ben Ferrer,Home Office,United States,Sacramento,California,West,FUR-FU-10003731,Furniture,Furnishings,"Eldon Expressions Wood and Plastic Desk Accessories, Oak",9.98,1,2.7944,No,COD,2019.0,4.0,10.0,October,11.0,Friday,,9.98,2.7944,28.0,6,3035.732,1135.2442,5,149.7,41.916,15,28.000000000000004,522441.052,67859.9582,335190.256,49372.175,5860.974,1993.7971,303059.0679,36117.7193,451508.6452,10006.6112,92691.218,8034.4328,1773,1717,0,0,0.0008299215545287154,99.91700784454713
5656,CA-2019-145261,,,First Class,AH-10120,Adrian Hane,Home Office,United States,Salem,Oregon,West,OFF-AR-10004078,Office Supplies,Art,Newell 312,18.688,4,2.336,No,Online,,,,,,,,4.672,0.584,12.5,6,1843.378,23.599,7,552.656,22.192,28,4.015517790451927,522441.052,67859.9582,10530.43,-942.9719,3615.109,213.43120000000005,303059.0679,36117.7193,643707.687,74797.2461,50762.976,3635.9257,499,1562,0,0,0.0033193848431173362,99.66806151568827
5492,CA-2020-164098,,,First Class,CG-12520,Claire Gute,Consumer,United States,Houston,Texas,Central,OFF-ST-10000615,Office Supplies,Storage,"SimpliFile Personal File, Black Granite, 15w x 6-15/16d x 11-1/4h",141.16,2,1.816,No,Online,,,,,,,,70.58,0.908,1.2864834230660245,2,1135.0600000000002,263.3116,7,807.86,63.56,25,7.867699848983735,341007.5242,27450.0071,116261.9302,-14078.1598,45159.5078,-7197.716,753002.1291,81338.5875,643707.687,74797.2461,150341.318,13607.0875,499,1562,0,0,0.0029037506152000507,99.70962493847999
2332,CA-2019-155187,,,Second Class,LA-16780,Laura Armstrong,Corporate,United States,Los Angeles,California,West,OFF-PA-10000380,Office Supplies,Paper,"REDIFORM Incoming/Outgoing Call Register, 11"" X 8 1/2"", 100 Messages",41.7,5,20.85,No,Online,,,,,,,,8.34,4.17,50.0,7,6689.91,1576.6746,6,554.852,102.582,31,18.488173422822666,522441.052,67859.9582,335190.256,49372.175,120017.4405,19174.9301,509743.1262,57805.7991,643707.687,74797.2461,99453.612,21112.3779,568,1562,0,0,0.0066835806120140945,99.33164193879858
3711,CA-2020-113670,,,First Class,RS-19765,Roland Schwarz,Corporate,United States,Los Angeles,California,West,FUR-TA-10001705,Furniture,Tables,Bush Advantage Collection Round Conference Table,560.24,3,6.378,Yes,COD,,,,,,,,186.74666666666667,2.126,1.1384406682850208,5,2465.808,649.3860999999999,2,816.1,-95.67,5,-11.72282808479353,522441.052,67859.9582,335190.256,49372.175,120017.4405,19174.9301,509743.1262,57805.7991,451508.6452,10006.6112,119293.743,-11091.6365,499,1717,1,1,0.9982482528586715,99.82482528586715
9716,CA-2019-116379,2019-07-11,2019-12-11,Standard Class,LD-17005,Lisa DeCherney,Consumer,United States,San Francisco,California,West,OFF-BI-10001543,Office Supplies,Binders,GBC VeloBinder Manual Binding System,57.584,2,20.1544,No,Online,2019.0,3.0,7.0,July,11.0,Thursday,153.0,28.792,10.0772,35.0,3,352.61400000000003,111.2706,6,946.018,243.2924,22,25.71752334522176,522441.052,67859.9582,335190.256,49372.175,80891.422,10475.5284,753002.1291,81338.5875,643707.687,74797.2461,174978.38999999998,17885.3759,1773,1562,0,0,0.0011430313617290086,99.8856968638271
5950,CA-2020-161046,2020-05-03,2020-05-03,Same Day,CB-12535,Claudia Bergmann,Corporate,United States,Southaven,Mississippi,South,TEC-AC-10004571,Technology,Accessories,Logitech G700s Rechargeable Gaming Mouse,339.97,3,125.9874,No,COD,2020.0,2.0,5.0,May,3.0,Sunday,0.0,113.32333333333334,41.9958,37.05838750477983,4,2855.396,800.1802,6,1198.8960000000002,343.9656,12,28.690194979381022,252121.081,26551.7163,8924.02,2504.2418,1033.25,336.785,509743.1262,57805.7991,470587.991,90458.2486,122301.086,25336.6455,163,1717,0,0,0.0011072882515343703,99.88927117484656
4137,CA-2020-105914,2020-02-10,2020-08-10,Standard Class,PV-18985,Paul Van Hugh,Home Office,United States,Los Angeles,California,West,OFF-ST-10003716,Office Supplies,Storage,Tennsco Double-Tier Lockers,1613.14,7,204.7682,No,Online,2020.0,1.0,2.0,February,10.0,Monday,182.0,230.44857142857143,29.2526,12.693764955304562,4,2543.88,439.0888,8,7287.64,544.5484,34,7.472218715523818,522441.052,67859.9582,335190.256,49372.175,120017.4405,19174.9301,303059.0679,36117.7193,643707.687,74797.2461,150341.318,13607.0875,1773,1562,0,0,0.007654835741242367,99.23451642587577
1780,CA-2019-124667,2019-11-11,,Standard Class,BD-11770,Bryan Davis,Consumer,United States,New York City,New York,East,TEC-AC-10003447,Technology,Accessories,Micropad Numeric Keypads,59.97,3,14.9925,No,Online,2019.0,4.0,11.0,November,11.0,Monday,,19.99,4.9975,25.0,6,772.466,141.265,3,151.924,31.984,8,21.05263157894737,450234.666,53400.4243,186748.097,41012.0212,154919.699,34760.2974,753002.1291,81338.5875,470587.991,90458.2486,122301.086,25336.6455,1773,1562,0,0,0.0002613375322294214,99.97386624677705
4155,CA-2019-139689,,2020-03-01,Standard Class,MP-17965,Michael Paige,Corporate,United States,Bristol,Tennessee,South,OFF-BI-10004781,Office Supplies,Binders,GBC Wire Binding Strips,38.088,4,-27.9312,No,Online,,,,,,,,9.522,-6.9828,-73.33333333333333,5,2562.442,382.3979,4,203.136,-11.4264,13,-5.625000000000001,252121.081,26551.7163,26288.317,-3467.5906,108.456,-21.4518,509743.1262,57805.7991,643707.687,74797.2461,174978.38999999998,17885.3759,1773,1562,0,0,0.0027868671892948946,99.72131328107051
1431,CA-2020-122700,,,Standard Class,LT-17110,Liz Thompson,Consumer,United States,Columbus,Ohio,East,TEC-PH-10003092,Technology,Phones,Motorola L804,232.752,8,-40.4712,No,COD,,,,,,,,29.094,-5.0589,-17.388121262115902,4,1031.119,6.347399999999993,4,662.296,-11.497500000000006,15,-1.7360062570210304,450234.666,53400.4243,68194.86,-9339.4223,36398.885,4818.0624,753002.1291,81338.5875,470587.991,90458.2486,196563.546,22308.9179,1773,1717,0,0,0.0016566462609152038,99.83433537390847
9250,CA-2019-127761,2019-10-11,,Standard Class,SW-20275,Scott Williamson,Consumer,United States,New York City,New York,East,TEC-PH-10003691,Technology,Phones,BlackBerry Q10,881.93,7,220.4825,No,COD,2019.0,4.0,10.0,October,11.0,Friday,,125.99,31.4975,25.0,5,2192.27,322.1301,3,1807.058,371.6705,15,20.56771282382746,450234.666,53400.4243,186748.097,41012.0212,154919.699,34760.2974,753002.1291,81338.5875,470587.991,90458.2486,196563.546,22308.9179,1773,1717,0,0,0.0003070862885900344,99.969291371141
2954,CA-2020-134915,2020-12-11,2020-12-11,Same Day,EM-14140,Eugene Moren,Home Office,United States,Glendale,Arizona,West,TEC-PH-10000347,Technology,Phones,Cush Cases Heavy Duty Rugged Cover Case for Samsung Galaxy S5 - Purple,112.92,2,0.693,No,COD,2020.0,4.0,12.0,December,11.0,Friday,0.0,56.46,0.3465,0.6137088204038257,4,4163.8,1045.7404,3,590.74,4.059,6,0.6871043098486643,522441.052,67859.9582,22914.556,-2761.11,3043.017,141.1277,303059.0679,36117.7193,470587.991,90458.2486,196563.546,22308.9179,163,1717,0,0,0.001658603547065748,99.83413964529343
9135,CA-2019-124254,2019-12-04,,Standard Class,TB-21175,Thomas Boland,Corporate,United States,Wilson,North Carolina,South,OFF-ST-10001469,Office Supplies,Storage,Fellowes Bankers Box Recycled Super Stor/Drawer,129.552,3,-22.6716,No,Online,2019.0,4.0,12.0,December,4.0,Wednesday,,43.184,-7.557200000000001,-17.5,3,3769.88,823.1219,3,453.432,-3.238800000000001,9,-0.7142857142857145,252121.081,26551.7163,39705.125,-4827.692300000001,191.808,-24.4032,509743.1262,57805.7991,643707.687,74797.2461,150341.318,13607.0875,1773,1562,0,0,0.0002185391817097739,99.97814608182902
4755,CA-2020-126354,2020-03-02,2020-08-02,Standard Class,SC-20380,Shahid Collister,Consumer,United States,Pembroke Pines,Florida,South,OFF-BI-10000301,Office Supplies,Binders,GBC Instant Report Kit,118.882,2,-2.588,No,Cards,2020.0,1.0,3.0,March,2.0,Monday,153.0,59.441,-1.294,-2.176948570851769,6,5948.110000000001,245.2874,10,815.9870000000001,10.352,41,1.268647662278933,252121.081,26551.7163,49914.999,-227.7464999999999,1890.942,85.6101,753002.1291,81338.5875,643707.687,74797.2461,174978.38999999998,17885.3759,1773,985,0,0,0.001691779267385409,99.83082207326146
6965,CA-2019-157161,,,Second Class,JD-15895,Jonathan Doherty,Corporate,United States,Columbia,South Carolina,South,OFF-BI-10004728,Office Supplies,Binders,Wilson Jones Turn Tabs Binder Tool for Ring Binders,24.1,5,11.086,No,COD,,,,,,,,4.82,2.2172,46.0,7,5181.108,1179.8412,8,514.196,72.8784,42,14.17327244863826,252121.081,26551.7163,3047.23,438.7413,13705.148,2721.1764,509743.1262,57805.7991,643707.687,74797.2461,174978.38999999998,17885.3759,568,1717,0,0,0.0018279507961770577,99.8172049203823
8615,CA-2019-165918,2019-10-09,,Standard Class,BD-11770,Bryan Davis,Consumer,United States,Edmonds,Washington,West,OFF-LA-10003720,Office Supplies,Labels,Avery 487,7.38,2,3.4686,No,Online,2019.0,4.0,10.0,October,9.0,Wednesday,,3.69,1.7343,47.0,6,772.466,141.265,6,191.18,34.2432,24,17.91149701851658,522441.052,67859.9582,92975.18,21466.6555,1812.922,254.7554,753002.1291,81338.5875,643707.687,74797.2461,19397.456,2937.2212,1773,1562,0,0,0.0005247559642279709,99.9475244035772
6030,US-2019-112970,,,First Class,TB-21250,Tim Brockman,Consumer,United States,Los Angeles,California,West,OFF-AR-10003829,Office Supplies,Art,Newell 35,9.84,3,2.8536,No,Online,,,,,,,,3.28,0.9512,29.000000000000004,4,1001.488,-71.7346,5,375.168,13.9072,16,3.706925963834869,522441.052,67859.9582,335190.256,49372.175,120017.4405,19174.9301,753002.1291,81338.5875,643707.687,74797.2461,50762.976,3635.9257,499,1562,0,0,0.006976701335899418,99.30232986641005
846,CA-2019-161669,2019-07-11,2019-09-11,First Class,EM-14095,Eudokia Martin,Corporate,United States,Los Angeles,California,West,OFF-LA-10004093,Office Supplies,Labels,Avery 486,14.62,2,6.8714,No,Cards,2019.0,3.0,7.0,July,11.0,Thursday,62.0,7.31,3.4357,47.0,2,255.516,47.5642,6,493.194,57.4566,18,11.649898417255685,522441.052,67859.9582,335190.256,49372.175,120017.4405,19174.9301,509743.1262,57805.7991,643707.687,74797.2461,19397.456,2937.2212,499,985,0,0,0.0009405810935147747,99.90594189064852
1772,CA-2019-129686,,,Second Class,GG-14650,Greg Guthrie,Corporate,United States,Chicago,Illinois,Central,OFF-ST-10004337,Office Supplies,Storage,"SAFCO Commercial Wire Shelving, 72h",97.984,2,-24.496,No,COD,,,,,,,,48.992,-12.248,-25.0,7,1793.27,5.870600000000004,2,526.664,-24.496,9,-4.651162790697675,341007.5242,27450.0071,64224.33,-9554.6539,39993.161,-6497.3566,509743.1262,57805.7991,643707.687,74797.2461,150341.318,13607.0875,568,1717,0,0,0.0015625958596377741,99.84374041403622
5936,CA-2019-103107,2019-04-07,2019-04-07,Same Day,RB-19465,Rick Bensley,Home Office,United States,Seattle,Washington,West,FUR-FU-10000221,Furniture,Furnishings,"Master Caster Door Stop, Brown",25.4,5,8.636,No,Cards,2019.0,2.0,4.0,April,7.0,Sunday,0.0,5.08,1.7271999999999998,34.0,10,4554.328,303.5886,4,195.68,36.2712,21,18.53597710547833,522441.052,67859.9582,92975.18,21466.6555,77924.542,18839.3111,303059.0679,36117.7193,451508.6452,10006.6112,92691.218,8034.4328,163,985,0,0,0.0003143838685402123,99.96856161314598
6465,US-2019-155404,,,Standard Class,AS-10630,Ann Steele,Home Office,United States,Louisville,Kentucky,South,FUR-FU-10004586,Furniture,Furnishings,G.E. Longer-Life Indoor Recessed Floodlight Bulbs,13.28,2,6.3744,No,Cards,,,,,,,,6.64,3.1872,48.0,4,1086.422,75.3489,3,1427.496,11.4208,9,0.8000582838761018,252121.081,26551.7163,24352.73,5968.384,9927.42,-2338.8303,303059.0679,36117.7193,451508.6452,10006.6112,92691.218,8034.4328,1773,985,0,0,0.001261134857042888,99.8738865142957
8685,CA-2019-155446,,,Standard Class,TN-21040,Tanja Norvell,Home Office,United States,San Diego,California,West,TEC-AC-10001445,Technology,Accessories,Imation USB 2.0 Swivel Flash Drive USB flash drive - 4 GB - Pink,21.21,7,4.4541,No,COD,,,,,,,,3.03,0.6363000000000001,21.000000000000004,5,2474.659,-881.2760000000001,2,123.33,6.9993,11,5.675261493553879,522441.052,67859.9582,335190.256,49372.175,29269.55,3002.3181,303059.0679,36117.7193,470587.991,90458.2486,122301.086,25336.6455,1773,1717,0,0,0.004477887101485128,99.55221128985148
6151,US-2019-106600,2019-08-04,2019-11-04,First Class,RM-19375,Raymond Messe,Consumer,United States,Columbus,Georgia,South,FUR-BO-10001608,Furniture,Bookcases,"Hon Metal Bookcases, Black",354.9,5,88.725,No,COD,2019.0,3.0,8.0,August,4.0,Sunday,92.0,70.97999999999999,17.744999999999997,25.0,3,1471.73,358.362,2,607.8399999999999,141.95999999999998,8,23.354830218478547,252121.081,26551.7163,37260.69,9994.4165,36398.885,4818.0624,753002.1291,81338.5875,451508.6452,10006.6112,57577.6862,-342.88830000000013,499,1717,0,0,0.0002517658566797532,99.97482341433202
5604,CA-2019-117919,,,Second Class,TB-21355,Todd Boyes,Corporate,United States,Houston,Texas,Central,OFF-PA-10004353,Office Supplies,Paper,Southworth 25% Cotton Premium Laser Paper and Envelopes,79.92,5,27.972,No,COD,,,,,,,,15.984,5.5944,35.0,5,1211.328,268.967,3,247.772,92.7072,13,37.416334371922574,341007.5242,27450.0071,116261.9302,-14078.1598,45159.5078,-7197.716,509743.1262,57805.7991,643707.687,74797.2461,99453.612,21112.3779,568,1717,0,0,0.0016632596189436878,99.83367403810564
5665,CA-2019-141957,,,Same Day,JG-15310,Jason Gross,Corporate,United States,Newark,Ohio,East,OFF-BI-10001116,Office Supplies,Binders,"Wilson Jones 1"" Hanging DublLock Ring Binders",11.088,7,-8.1312,No,Online,,,,,,,,1.584,-1.1616,-73.33333333333334,6,1940.58,3.7976000000000014,6,678.304,-9.081599999999998,26,-1.3388687078360142,450234.666,53400.4243,68194.86,-9339.4223,15319.841,6042.2924,509743.1262,57805.7991,643707.687,74797.2461,174978.38999999998,17885.3759,163,1562,0,0,0.0025712486109098066,99.74287513890901
1642,CA-2019-157266,,2019-01-06,Standard Class,TB-21280,Toby Braunhardt,Consumer,United States,Washington,District of Columbia,East,FUR-FU-10000629,Furniture,Furnishings,9-3/4 Diameter Round Wall Clock,41.37,3,17.3754,No,Online,,,,,,,,13.79,5.791799999999999,42.0,3,1396.936,290.8161,5,535.8,115.836,20,21.61926091825308,450234.666,53400.4243,419.83,85.2758,419.83,85.2758,753002.1291,81338.5875,451508.6452,10006.6112,92691.218,8034.4328,1773,1562,0,0,0.0021249118868681472,99.78750881131319
3783,CA-2020-165204,,,Second Class,MN-17935,Michael Nguyen,Consumer,United States,Memphis,Tennessee,South,OFF-PA-10003424,Office Supplies,Paper,"""While you Were Out"" Message Book, One Form per Page",74.904,3,3.339,No,COD,,,,,,,,24.968,1.113,4.457705863505287,4,3942.57,259.6543,3,309.228,10.388,8,3.35933356617124,252121.081,26551.7163,26288.317,-3467.5906,5039.003000000001,-1466.4888,753002.1291,81338.5875,643707.687,74797.2461,99453.612,21112.3779,568,1717,0,0,0.00257866824398979,99.74213317560103
7195,CA-2019-110492,2019-12-02,,First Class,JS-15880,John Stevenson,Consumer,United States,Atlanta,Georgia,South,OFF-BI-10003274,Office Supplies,Binders,"Avery Durable Slant Ring Binders, No Labels",15.92,4,7.4824,No,COD,2019.0,4.0,12.0,December,2.0,Monday,,3.98,1.8706,47.0,3,1977.94,266.7469,7,700.212,16.0394,29,2.290649117695784,252121.081,26551.7163,37260.69,9994.4165,9930.34,3283.7360000000003,753002.1291,81338.5875,643707.687,74797.2461,174978.38999999998,17885.3759,499,1717,0,0,0.00022689231445309214,99.9773107685547
2801,CA-2019-153318,,,First Class,JS-15595,Jill Stevenson,Corporate,United States,Miami,Florida,South,TEC-PH-10000984,Technology,Phones,Panasonic KX-TG9471B,783.96,5,78.396,No,Online,,,,,,,,156.792,15.6792,10.0,2,1239.468,24.6734,4,2708.266,509.574,15,18.815507782470405,252121.081,26551.7163,49914.999,-227.7464999999999,5294.872,357.7836,509743.1262,57805.7991,470587.991,90458.2486,196563.546,22308.9179,499,1562,0,0,0.001839317969397822,99.81606820306021
5200,CA-2019-103982,2019-03-03,2019-08-03,Standard Class,AA-10315,Alex Avila,Consumer,United States,Round Rock,Texas,Central,OFF-FA-10001332,Office Supplies,Fasteners,"Acco Banker's Clasps, 5 3/4""-Long",2.304,1,0.7776,No,Online,2019.0,1.0,3.0,March,3.0,Sunday,153.0,2.304,0.7776,33.75,2,4919.552,-650.5971000000001,3,527.4639999999999,10.2528,8,1.943791424628032,341007.5242,27450.0071,116261.9302,-14078.1598,5311.0528,-1183.4313,753002.1291,81338.5875,643707.687,74797.2461,15205.238,598.4175,1773,1562,0,0,0.0004545311159412039,99.95454688840589
1884,CA-2019-118570,,,Standard Class,CC-12430,Chuck Clark,Home Office,United States,Philadelphia,Pennsylvania,East,OFF-PA-10001289,Office Supplies,Paper,White Computer Printout Paper by Universal,217.056,7,78.6828,No,COD,,,,,,,,31.008000000000003,11.2404,36.25,9,3442.286,364.2663,4,901.224,374.034,25,41.50288940374424,450234.666,53400.4243,82354.95,-9297.7975,77305.44,-8065.9684,303059.0679,36117.7193,643707.687,74797.2461,99453.612,21112.3779,1773,1717,0,0,0.0009940210336321865,99.90059789663678
7783,CA-2019-162236,2019-04-11,2019-06-11,Second Class,ER-13855,Elpida Rittenbach,Corporate,United States,Charlotte,North Carolina,South,OFF-ST-10003442,Office Supplies,Storage,Eldon Portable Mobile Manager,45.248,2,3.9592,No,Cards,2019.0,2.0,4.0,April,11.0,Thursday,61.0,22.624,1.9796,8.75,2,1184.804,-300.3136,6,790.256,117.0792,22,14.815350974873969,252121.081,26551.7163,39705.125,-4827.692300000001,11168.802,322.6946,509743.1262,57805.7991,643707.687,74797.2461,150341.318,13607.0875,568,985,0,0,0.00025348878752175154,99.97465112124783
5664,CA-2019-141957,,,Same Day,JG-15310,Jason Gross,Corporate,United States,Newark,Ohio,East,OFF-AR-10000914,Office Supplies,Art,Boston 16765 Mini Stand Up Battery Pencil Sharpener,18.656,2,1.3992,No,COD,,,,,,,,9.328,0.6996,7.500000000000001,6,1940.58,3.7976000000000014,4,225.608,16.323999999999998,10,7.23555902272969,450234.666,53400.4243,68194.86,-9339.4223,15319.841,6042.2924,509743.1262,57805.7991,643707.687,74797.2461,50762.976,3635.9257,163,1717,0,0,0.0018350651158746333,99.81649348841253
3188,CA-2020-159352,2020-12-03,,Standard Class,KB-16585,Ken Black,Corporate,United States,Lowell,Massachusetts,East,TEC-PH-10004700,Technology,Phones,PowerGen Dual USB Car Charger,102.93,7,32.1678,No,Cards,2020.0,4.0,12.0,December,3.0,Thursday,,14.704285714285716,4.5954,31.25211308656368,5,1099.548,337.2916,3,259.882,47.7522,13,18.374569997152555,450234.666,53400.4243,14302.34,2768.8647,2051.0,671.3247,509743.1262,57805.7991,470587.991,90458.2486,196563.546,22308.9179,1773,985,0,0,0.0009649031670658113,99.90350968329342
9276,CA-2019-113236,,,Second Class,CP-12085,Cathy Prescott,Corporate,United States,Delray Beach,Florida,South,OFF-ST-10000532,Office Supplies,Storage,Advantus Rolling Drawer Organizers,184.704,6,13.8528,No,COD,,,,,,,,30.784,2.3088,7.5,5,5545.222000000001,262.1964,2,311.272,18.4704,8,5.933845639826262,252121.081,26551.7163,49914.999,-227.7464999999999,232.624,25.8328,509743.1262,57805.7991,643707.687,74797.2461,150341.318,13607.0875,568,1717,0,0,0.002573348164183332,99.74266518358166
5406,US-2019-143280,,,Standard Class,TZ-21580,Tracy Zic,Consumer,United States,Los Angeles,California,West,TEC-AC-10003399,Technology,Accessories,Memorex Mini Travel Drive 64 GB USB 2.0 Flash Drive,36.24,1,15.2208,No,COD,,,,,,,,36.24,15.2208,42.0,2,593.01,77.3129,3,144.96,60.8832,4,42.0,522441.052,67859.9582,335190.256,49372.175,120017.4405,19174.9301,753002.1291,81338.5875,470587.991,90458.2486,122301.086,25336.6455,1773,1717,0,0,0.005118424451589099,99.4881575548411
8390,CA-2019-102596,,,First Class,RD-19810,Ross DeVincentis,Home Office,United States,Akron,Ohio,East,OFF-FA-10000621,Office Supplies,Fasteners,"OIC Colored Binder Clips, Assorted Sizes",17.184,6,6.2292,No,COD,,,,,,,,2.8640000000000003,1.0382,36.24999999999999,7,3144.296,310.7999,5,289.204,39.559,25,13.678579826005173,450234.666,53400.4243,68194.86,-9339.4223,2754.528,-98.7128,303059.0679,36117.7193,643707.687,74797.2461,15205.238,598.4175,499,1717,0,0,0.0021871376706845227,99.78128623293155
670,US-2020-106663,2020-09-06,,Standard Class,MO-17800,Meg O'Connel,Home Office,United States,Chicago,Illinois,Central,FUR-FU-10002759,Furniture,Furnishings,12-1/2 Diameter Round Wall Clock,113.976,3,-14.3856,No,COD,2020.0,3.0,9.0,September,6.0,Sunday,,37.992,-4.7952,-12.621604548325962,6,1861.665,186.3143,4,594.6320000000001,86.3136,22,14.5154650271092,341007.5242,27450.0071,64224.33,-9554.6539,39993.161,-6497.3566,303059.0679,36117.7193,451508.6452,10006.6112,92691.218,8034.4328,1773,1717,0,0,0.0012416452578534818,99.87583547421465
3516,CA-2019-168536,,,Standard Class,SC-20800,Stuart Calhoun,Consumer,United States,Jackson,Mississippi,South,TEC-AC-10002323,Technology,Accessories,SanDisk Ultra 32 GB MicroSDHC Class 10 Memory Card,66.3,3,8.619,No,Cards,,,,,,,,22.1,2.873,13.0,3,291.928,11.1944,6,719.46,18.785,25,2.6109860172907458,252121.081,26551.7163,8924.02,2504.2418,22696.316,6388.0094,753002.1291,81338.5875,470587.991,90458.2486,122301.086,25336.6455,1773,985,0,0,0.0016132349856934802,99.83867650143065
8660,CA-2019-153185,2019-03-09,2019-08-09,Standard Class,MH-17620,Matt Hagelstein,Corporate,United States,Cincinnati,Ohio,East,OFF-PA-10002246,Office Supplies,Paper,"Wirebound Four 2-3/4 x 5 Forms per Page, 400 Sets per Book",30.96,6,11.223,No,Cards,2019.0,1.0,3.0,March,9.0,Saturday,153.0,5.16,1.8705,36.25,3,1481.34,107.6894,5,298.62,38.1195,19,12.765220012055456,450234.666,53400.4243,68194.86,-9339.4223,4889.552000000001,175.8662,509743.1262,57805.7991,643707.687,74797.2461,99453.612,21112.3779,1773,985,0,0,0.00037793963160138137,99.96220603683986
2566,CA-2020-109589,,,First Class,BD-11635,Brian Derr,Consumer,United States,Bowling Green,Kentucky,South,TEC-AC-10003116,Technology,Accessories,Memorex Froggy Flash Drive 8 GB,315.0,4,27.69,No,Cards,,,,,,,,78.75,6.9225,8.79047619047619,1,315.0,27.69,6,1149.3,127.2675,23,11.07347950926651,252121.081,26551.7163,24352.73,5968.384,1673.657,141.69060000000002,753002.1291,81338.5875,470587.991,90458.2486,122301.086,25336.6455,499,985,0,0,0.0022016896342743368,99.77983103657256
9738,CA-2020-129294,,,Standard Class,KD-16615,Ken Dana,Corporate,United States,Los Angeles,California,West,OFF-ST-10002615,Office Supplies,Storage,"Dual Level, Single-Width Filing Carts",340.12,2,80.6312,No,Cards,,,,,,,,170.06,40.3156,23.70669175585088,4,1136.158,267.13890000000004,5,3436.284,793.9072,22,23.103654994755964,522441.052,67859.9582,335190.256,49372.175,120017.4405,19174.9301,509743.1262,57805.7991,643707.687,74797.2461,150341.318,13607.0875,1773,985,0,0,0.005704320346669027,99.42956796533309
3389,CA-2020-148404,2020-07-10,2020-11-10,Standard Class,Dp-13240,Dean percer,Home Office,United States,Charlotte,North Carolina,South,OFF-BI-10002854,Office Supplies,Binders,"Performers Binder/Pad Holder, Black",138.454,6,-33.636,No,COD,2020.0,3.0,7.0,July,10.0,Friday,123.0,23.075666666666667,-5.606000000000001,-24.2939893394196,7,5788.731,-913.3912,4,445.846,-50.45400000000001,20,-11.316463532251047,252121.081,26551.7163,39705.125,-4827.692300000001,11168.802,322.6946,303059.0679,36117.7193,643707.687,74797.2461,174978.38999999998,17885.3759,1773,1717,0,0,0.001080825237496192,99.89191747625038
1236,CA-2019-144344,,,Same Day,PG-18820,Patrick Gardner,Consumer,United States,Boynton Beach,Florida,South,OFF-BI-10003719,Office Supplies,Binders,Large Capacity Hanging Post Binders,37.425,5,-29.94,No,COD,,,,,,,,7.484999999999999,-5.988,-80.0,9,3053.227,647.6868,2,203.175,27.445,10,13.50805955457118,252121.081,26551.7163,49914.999,-227.7464999999999,908.033,45.2183,753002.1291,81338.5875,643707.687,74797.2461,174978.38999999998,17885.3759,163,1717,0,0,0.001765142250568917,99.82348577494311
7207,CA-2020-137414,2020-02-10,2020-06-10,Standard Class,CM-12115,Chad McGuire,Consumer,United States,San Francisco,California,West,TEC-MA-10002930,Technology,Machines,Ricoh - Ink Collector Unit for GX3000 Series Printers,380.16,11,32.3015,Yes,Online,2020.0,1.0,2.0,February,10.0,Monday,121.0,34.56,2.9365,8.496817129629628,3,1846.97,400.9535,2,479.745,14.262999999999998,12,2.973037759643144,522441.052,67859.9582,335190.256,49372.175,80891.422,10475.5284,753002.1291,81338.5875,470587.991,90458.2486,91987.561,38.10240000000037,1773,1562,1,1,0.9977941627928205,99.77941627928205
897,CA-2019-140634,2019-03-10,2019-06-10,Second Class,HL-15040,Hunter Lopez,Consumer,United States,Houston,Texas,Central,OFF-EN-10001099,Office Supplies,Envelopes,Staple envelope,15.648,2,5.0856,No,Cards,2019.0,1.0,3.0,March,10.0,Sunday,92.0,7.824,2.5428,32.5,4,6091.108,5174.3968,3,68.46000000000001,26.2104,8,38.28571428571428,341007.5242,27450.0071,116261.9302,-14078.1598,45159.5078,-7197.716,753002.1291,81338.5875,643707.687,74797.2461,16542.464,3508.5073,568,985,0,0,0.0008199216110650041,99.9180078388935
3867,CA-2020-146360,,,Second Class,SC-20305,Sean Christensen,Consumer,United States,Lawrence,Indiana,Central,TEC-AC-10003590,Technology,Accessories,"TRENDnet 56K USB 2.0 Phone, Internet and Fax Modem",178.34,6,55.9224,No,COD,,,,,,,,29.723333333333333,9.3204,31.35718290905013,5,1334.553,135.7585,3,621.664,157.4112,18,25.32094507644001,341007.5242,27450.0071,32039.23,15524.6596,4480.892,1279.5877,753002.1291,81338.5875,470587.991,90458.2486,122301.086,25336.6455,568,1717,0,0,0.0017998054937323612,99.82001945062676
3292,CA-2019-167290,,2019-04-11,Standard Class,JF-15295,Jason Fortune-,Consumer,United States,Sterling Heights,Michigan,Central,OFF-AR-10004078,Office Supplies,Art,Newell 312,11.68,2,3.504,No,Online,,,,,,,,5.84,1.752,30.0,4,1020.848,50.3258,7,552.656,22.192,28,4.015517790451927,341007.5242,27450.0071,48504.684,17480.280600000002,11.68,3.504,753002.1291,81338.5875,643707.687,74797.2461,50762.976,3635.9257,1773,1562,0,0,0.0018101875232462744,99.81898124767538
241,CA-2019-157749,2019-04-06,2019-09-06,Second Class,KL-16645,Ken Lonsdale,Consumer,United States,Chicago,Illinois,Central,TEC-PH-10000011,Technology,Phones,PureGear Roll-On Screen Protector,31.984,2,11.1944,No,Online,2019.0,2.0,4.0,April,6.0,Saturday,153.0,15.992,5.5972,35.0,7,5099.087,158.72299999999998,3,246.894,55.972,15,22.67045776730095,341007.5242,27450.0071,64224.33,-9554.6539,39993.161,-6497.3566,753002.1291,81338.5875,470587.991,90458.2486,196563.546,22308.9179,568,1562,0,0,0.0001971853464687493,99.98028146535313
6694,CA-2020-144225,,2020-02-10,Second Class,CC-12475,Cindy Chapman,Consumer,United States,Baltimore,Maryland,East,OFF-PA-10000062,Office Supplies,Paper,Green Bar Computer Printout Paper,177.88,3,80.7912,No,Cards,,,,,,,,59.29333333333333,26.9304,45.4189341128851,8,2094.038,151.467,4,756.496,300.0816,14,39.66730822106131,450234.666,53400.4243,16090.103,3860.6173,5587.782,1118.9513,753002.1291,81338.5875,643707.687,74797.2461,99453.612,21112.3779,568,985,0,0,0.0015354449363391403,99.84645550636608
1321,CA-2020-167703,2020-03-02,2020-08-02,Standard Class,MC-17575,Matt Collins,Consumer,United States,Cincinnati,Ohio,East,OFF-BI-10002071,Office Supplies,Binders,Fellowes Black Plastic Comb Bindings,936.229,3,-4.1832,No,COD,2020.0,1.0,3.0,March,2.0,Monday,153.0,312.07633333333337,-1.3944,-0.4468137603086424,4,3997.677,154.3205,6,1164.748,-3.137400000000001,21,-0.2693629866717951,450234.666,53400.4243,68194.86,-9339.4223,4889.552000000001,175.8662,753002.1291,81338.5875,643707.687,74797.2461,174978.38999999998,17885.3759,1773,1717,0,0,0.002136635931273003,99.7863364068727
9767,CA-2020-101959,,2020-06-03,Standard Class,DB-13660,Duane Benoit,Consumer,United States,Middletown,Connecticut,East,OFF-PA-10002137,Office Supplies,Paper,"Southworth 100% Résumé Paper, 24lb.",943.78,1,3.501,No,Online,,,,,,,,943.78,3.501,0.370955095467164,5,3417.756,163.953,3,1166.46,24.507,7,2.100972172213363,450234.666,53400.4243,15034.697,2339.0135,3253.25,134.54930000000002,753002.1291,81338.5875,643707.687,74797.2461,99453.612,21112.3779,1773,1562,0,0,0.003043698829438495,99.69563011705615
6987,CA-2019-116526,2019-01-09,2019-05-09,Standard Class,JA-15970,Joseph Airdo,Consumer,United States,Detroit,Michigan,Central,OFF-AR-10004999,Office Supplies,Art,Newell 315,11.96,2,2.99,No,COD,2019.0,1.0,1.0,January,9.0,Wednesday,120.0,5.98,1.495,25.0,6,6262.709000000001,-916.3555,3,95.68,23.92,16,25.0,341007.5242,27450.0071,48504.684,17480.280600000002,26631.206,10803.1896,753002.1291,81338.5875,643707.687,74797.2461,50762.976,3635.9257,1773,1717,0,0,0.0002705390438222783,99.97294609561777
8859,CA-2020-135909,,,Standard Class,JW-15220,Jane Waco,Corporate,United States,Sacramento,California,West,OFF-BI-10003527,Office Supplies,Binders,Fellowes PB500 Electric Punch Plastic Comb Binding Machine with Manual Bind,5107.96,5,1906.485,No,COD,,,,,,,,1021.592,381.297,37.32380441506981,5,7933.554,2084.51,5,9756.524,-508.3960000000002,16,-5.210831234566738,522441.052,67859.9582,335190.256,49372.175,5860.974,1993.7971,509743.1262,57805.7991,643707.687,74797.2461,174978.38999999998,17885.3759,1773,1717,0,0,0.013078175849182392,98.69218241508176
2993,CA-2019-134376,2019-02-10,2019-06-10,Standard Class,TT-21265,Tim Taslimi,Corporate,United States,New York City,New York,East,OFF-AP-10004532,Office Supplies,Appliances,Kensington 6 Outlet Guardian Standard Surge Protector,61.44,3,16.5888,No,Cards,2019.0,1.0,2.0,February,10.0,Sunday,120.0,20.48,5.529599999999999,27.0,2,116.4,32.5272,4,499.24,71.8848,13,14.398846246294369,450234.666,53400.4243,186748.097,41012.0212,154919.699,34760.2974,509743.1262,57805.7991,643707.687,74797.2461,80305.247,13166.6098,1773,985,0,0,0.0005357741189279836,99.9464225881072
